video,frame,time_seconds,class_id,class_name,confidence,x1,y1,x2,y2,center_x,center_y,width,height
identical_balls_trick_000_018.mp4,0,0.000000,32,sports ball,0.854174,693.476,408.190,739.521,454.815,716.498,431.503,46.045,46.625
identical_balls_trick_000_018.mp4,0,0.000000,32,sports ball,0.818694,544.619,419.287,591.770,464.253,568.195,441.770,47.151,44.966
identical_balls_trick_000_018.mp4,0,0.000000,32,sports ball,0.794295,532.153,293.301,576.163,338.883,554.158,316.092,44.010,45.582
identical_balls_trick_000_018.mp4,1,0.016683,32,sports ball,0.795714,531.302,313.652,575.360,358.979,553.331,336.316,44.057,45.327
identical_balls_trick_000_018.mp4,1,0.016683,32,sports ball,0.763992,692.109,380.083,737.382,426.691,714.745,403.387,45.273,46.608
identical_balls_trick_000_018.mp4,1,0.016683,32,sports ball,0.728709,574.912,418.418,622.210,463.146,598.561,440.782,47.298,44.728
identical_balls_trick_000_018.mp4,2,0.033367,32,sports ball,0.862108,530.846,335.894,574.887,381.770,552.866,358.832,44.041,45.876
identical_balls_trick_000_018.mp4,2,0.033367,32,sports ball,0.859863,690.266,354.368,736.370,400.527,713.318,377.447,46.105,46.159
identical_balls_trick_000_018.mp4,2,0.033367,32,sports ball,0.770030,605.084,418.784,652.997,463.657,629.041,441.220,47.913,44.873
identical_balls_trick_000_018.mp4,3,0.050050,32,sports ball,0.907805,530.628,360.213,574.804,406.282,552.716,383.247,44.176,46.069
identical_balls_trick_000_018.mp4,3,0.050050,32,sports ball,0.846039,689.424,329.213,735.681,375.379,712.552,352.296,46.257,46.166
identical_balls_trick_000_018.mp4,3,0.050050,32,sports ball,0.807366,635.203,420.921,681.985,465.812,658.594,443.366,46.782,44.891
identical_balls_trick_000_018.mp4,4,0.066733,32,sports ball,0.845199,530.418,385.874,574.601,432.479,552.509,409.177,44.183,46.605
identical_balls_trick_000_018.mp4,4,0.066733,32,sports ball,0.834973,666.002,424.934,711.592,470.334,688.797,447.634,45.590,45.400
identical_balls_trick_000_018.mp4,4,0.066733,32,sports ball,0.763674,688.730,307.524,734.629,352.082,711.679,329.803,45.899,44.558
identical_balls_trick_000_018.mp4,5,0.083417,32,sports ball,0.864460,530.295,414.171,574.324,459.589,552.309,436.880,44.029,45.418
identical_balls_trick_000_018.mp4,5,0.083417,32,sports ball,0.854303,695.766,431.593,740.847,475.338,718.306,453.465,45.081,43.746
identical_balls_trick_000_018.mp4,5,0.083417,32,sports ball,0.639293,688.237,286.230,733.938,330.645,711.088,308.438,45.702,44.415
identical_balls_trick_000_018.mp4,6,0.100100,32,sports ball,0.860652,529.421,441.800,574.217,488.117,551.819,464.959,44.797,46.317
identical_balls_trick_000_018.mp4,6,0.100100,32,sports ball,0.860582,726.520,439.322,770.247,481.775,748.383,460.549,43.727,42.453
identical_balls_trick_000_018.mp4,6,0.100100,32,sports ball,0.768792,688.459,265.860,733.560,310.277,711.009,288.069,45.101,44.416
identical_balls_trick_000_018.mp4,7,0.116783,32,sports ball,0.850476,529.951,473.205,573.980,518.923,551.966,496.064,44.029,45.718
identical_balls_trick_000_018.mp4,7,0.116783,32,sports ball,0.823090,688.487,247.273,733.567,292.378,711.027,269.826,45.080,45.105
identical_balls_trick_000_018.mp4,7,0.116783,32,sports ball,0.789473,743.246,448.298,786.417,490.791,764.832,469.544,43.172,42.493
identical_balls_trick_000_018.mp4,8,0.133467,32,sports ball,0.732186,688.123,230.254,733.565,276.071,710.844,253.162,45.443,45.817
identical_balls_trick_000_018.mp4,8,0.133467,32,sports ball,0.719713,529.311,505.939,572.347,551.611,550.829,528.775,43.036,45.672
identical_balls_trick_000_018.mp4,8,0.133467,32,sports ball,0.419657,759.538,455.574,803.200,502.582,781.369,479.078,43.662,47.007
identical_balls_trick_000_018.mp4,9,0.150150,32,sports ball,0.788151,688.213,216.525,733.421,261.568,710.817,239.047,45.208,45.043
identical_balls_trick_000_018.mp4,9,0.150150,32,sports ball,0.680325,528.587,528.874,570.931,575.623,549.759,552.249,42.345,46.749
identical_balls_trick_000_018.mp4,9,0.150150,32,sports ball,0.205125,777.002,463.597,821.132,507.695,799.067,485.646,44.131,44.098
identical_balls_trick_000_018.mp4,10,0.166833,32,sports ball,0.763062,528.558,550.474,570.064,593.367,549.311,571.920,41.506,42.893
identical_balls_trick_000_018.mp4,10,0.166833,32,sports ball,0.729276,795.152,471.108,839.979,515.106,817.566,493.107,44.828,43.997
identical_balls_trick_000_018.mp4,10,0.166833,32,sports ball,0.697005,687.647,203.710,733.556,248.198,710.602,225.954,45.909,44.488
identical_balls_trick_000_018.mp4,11,0.183517,32,sports ball,0.826085,529.220,571.421,569.701,612.596,549.461,592.009,40.481,41.175
identical_balls_trick_000_018.mp4,11,0.183517,32,sports ball,0.825128,687.238,193.171,733.004,237.903,710.121,215.537,45.767,44.732
identical_balls_trick_000_018.mp4,11,0.183517,32,sports ball,0.752746,815.162,480.262,855.634,524.741,835.398,502.501,40.472,44.479
identical_balls_trick_000_018.mp4,12,0.200200,32,sports ball,0.786783,831.886,491.909,869.640,532.405,850.763,512.157,37.753,40.496
identical_balls_trick_000_018.mp4,12,0.200200,32,sports ball,0.721086,687.041,183.964,732.854,229.236,709.947,206.600,45.813,45.272
identical_balls_trick_000_018.mp4,12,0.200200,32,sports ball,0.644457,531.077,589.791,572.150,631.977,551.613,610.884,41.073,42.186
identical_balls_trick_000_018.mp4,13,0.216883,32,sports ball,0.656948,687.111,176.192,732.728,221.654,709.919,198.923,45.618,45.462
identical_balls_trick_000_018.mp4,13,0.216883,32,sports ball,0.645428,842.510,501.133,881.306,543.166,861.908,522.149,38.796,42.033
identical_balls_trick_000_018.mp4,13,0.216883,32,sports ball,0.628259,533.778,602.797,573.919,645.591,553.848,624.194,40.140,42.793
identical_balls_trick_000_018.mp4,14,0.233567,32,sports ball,0.638552,534.835,611.189,575.161,655.040,554.998,633.114,40.326,43.851
identical_balls_trick_000_018.mp4,14,0.233567,32,sports ball,0.622960,842.138,509.417,888.230,550.961,865.184,530.189,46.091,41.544
identical_balls_trick_000_018.mp4,14,0.233567,32,sports ball,0.587350,686.756,170.866,732.622,216.311,709.689,193.588,45.866,45.445
identical_balls_trick_000_018.mp4,15,0.250250,32,sports ball,0.682225,847.187,512.679,891.739,557.295,869.463,534.987,44.552,44.615
identical_balls_trick_000_018.mp4,15,0.250250,32,sports ball,0.659454,686.141,166.661,731.608,213.194,708.874,189.928,45.467,46.532
identical_balls_trick_000_018.mp4,15,0.250250,32,sports ball,0.620537,534.756,613.281,577.241,657.645,555.999,635.463,42.485,44.364
identical_balls_trick_000_018.mp4,16,0.266933,32,sports ball,0.626560,685.377,165.379,731.424,211.560,708.401,188.470,46.048,46.181
identical_balls_trick_000_018.mp4,16,0.266933,32,sports ball,0.611377,848.264,512.904,891.966,556.953,870.115,534.929,43.702,44.049
identical_balls_trick_000_018.mp4,16,0.266933,32,sports ball,0.540898,536.602,611.076,579.438,655.192,558.020,633.134,42.836,44.116
identical_balls_trick_000_018.mp4,17,0.283617,32,sports ball,0.696854,846.583,508.574,890.144,553.096,868.363,530.835,43.561,44.522
identical_balls_trick_000_018.mp4,17,0.283617,32,sports ball,0.638098,685.167,165.365,730.712,211.501,707.940,188.433,45.544,46.136
identical_balls_trick_000_018.mp4,17,0.283617,32,sports ball,0.609495,539.217,603.578,581.267,647.336,560.242,625.457,42.050,43.758
identical_balls_trick_000_018.mp4,18,0.300300,32,sports ball,0.711836,841.040,501.014,885.298,546.381,863.169,523.697,44.258,45.367
identical_balls_trick_000_018.mp4,18,0.300300,32,sports ball,0.525913,684.599,167.670,730.274,213.677,707.436,190.673,45.675,46.007
identical_balls_trick_000_018.mp4,18,0.300300,32,sports ball,0.423157,543.135,591.635,584.977,634.336,564.056,612.986,41.842,42.701
identical_balls_trick_000_018.mp4,19,0.316983,32,sports ball,0.795952,833.841,492.651,877.621,537.244,855.731,514.948,43.780,44.593
identical_balls_trick_000_018.mp4,19,0.316983,32,sports ball,0.765264,684.032,172.111,729.343,217.386,706.687,194.748,45.311,45.276
identical_balls_trick_000_018.mp4,19,0.316983,32,sports ball,0.733569,545.204,576.197,587.644,618.399,566.424,597.298,42.440,42.202
identical_balls_trick_000_018.mp4,20,0.333667,32,sports ball,0.694238,683.717,177.876,728.710,223.312,706.214,200.594,44.993,45.436
identical_balls_trick_000_018.mp4,20,0.333667,32,sports ball,0.644355,545.119,555.669,588.416,597.096,566.767,576.382,43.298,41.427
identical_balls_trick_000_018.mp4,20,0.333667,32,sports ball,0.611787,821.411,482.488,864.865,526.953,843.138,504.720,43.453,44.465
identical_balls_trick_000_018.mp4,21,0.350350,32,sports ball,0.709138,544.145,529.978,588.470,570.988,566.308,550.483,44.326,41.010
identical_balls_trick_000_018.mp4,21,0.350350,32,sports ball,0.669937,803.192,471.292,847.257,515.755,825.225,493.523,44.065,44.462
identical_balls_trick_000_018.mp4,21,0.350350,32,sports ball,0.637780,682.677,185.588,727.817,231.411,705.247,208.500,45.140,45.822
identical_balls_trick_000_018.mp4,22,0.367033,32,sports ball,0.817256,682.383,195.192,727.341,240.422,704.862,217.807,44.958,45.230
identical_balls_trick_000_018.mp4,22,0.367033,32,sports ball,0.624051,780.143,459.304,824.891,503.574,802.517,481.439,44.748,44.270
identical_balls_trick_000_018.mp4,22,0.367033,32,sports ball,0.620526,543.100,500.679,587.434,544.464,565.267,522.572,44.334,43.785
identical_balls_trick_000_018.mp4,23,0.383717,32,sports ball,0.753117,541.292,469.262,586.056,512.957,563.674,491.109,44.764,43.694
identical_balls_trick_000_018.mp4,23,0.383717,32,sports ball,0.706080,753.739,447.088,797.339,492.127,775.539,469.608,43.599,45.039
identical_balls_trick_000_018.mp4,23,0.383717,32,sports ball,0.635797,681.172,206.925,725.909,251.861,703.540,229.393,44.736,44.936
identical_balls_trick_000_018.mp4,24,0.400400,32,sports ball,0.831638,680.213,219.225,725.148,265.581,702.680,242.403,44.935,46.357
identical_balls_trick_000_018.mp4,24,0.400400,32,sports ball,0.704716,724.682,435.462,767.789,480.381,746.236,457.921,43.107,44.919
identical_balls_trick_000_018.mp4,24,0.400400,32,sports ball,0.654185,538.567,439.976,584.277,485.241,561.422,462.608,45.710,45.265
identical_balls_trick_000_018.mp4,25,0.417083,32,sports ball,0.888415,537.887,411.967,583.611,457.784,560.749,434.875,45.725,45.817
identical_balls_trick_000_018.mp4,25,0.417083,32,sports ball,0.887041,693.752,425.634,738.616,470.178,716.184,447.906,44.863,44.544
identical_balls_trick_000_018.mp4,25,0.417083,32,sports ball,0.886329,680.064,234.793,724.408,280.495,702.236,257.644,44.344,45.702
identical_balls_trick_000_018.mp4,26,0.433767,32,sports ball,0.827506,679.402,251.935,723.552,297.636,701.477,274.786,44.150,45.701
identical_balls_trick_000_018.mp4,26,0.433767,32,sports ball,0.780209,663.238,418.330,707.425,462.666,685.331,440.498,44.187,44.337
identical_balls_trick_000_018.mp4,26,0.433767,32,sports ball,0.751792,536.579,386.109,581.514,431.770,559.047,408.939,44.935,45.661
identical_balls_trick_000_018.mp4,27,0.450450,32,sports ball,0.806431,535.418,361.005,579.968,407.070,557.693,384.038,44.550,46.065
identical_balls_trick_000_018.mp4,27,0.450450,32,sports ball,0.735667,631.846,411.929,678.684,456.159,655.265,434.044,46.838,44.230
identical_balls_trick_000_018.mp4,27,0.450450,32,sports ball,0.694195,678.510,271.307,722.313,315.061,700.411,293.184,43.802,43.754
identical_balls_trick_000_018.mp4,28,0.467133,32,sports ball,0.637415,533.113,338.885,578.805,384.914,555.959,361.900,45.692,46.030
identical_balls_trick_000_018.mp4,28,0.467133,32,sports ball,0.369607,600.328,407.329,648.090,453.030,624.209,430.179,47.762,45.701
identical_balls_trick_000_018.mp4,28,0.467133,32,sports ball,0.350560,677.159,291.478,721.529,336.405,699.344,313.942,44.369,44.927
identical_balls_trick_000_018.mp4,29,0.483817,32,sports ball,0.438328,675.886,313.616,720.178,358.511,698.032,336.063,44.292,44.895
identical_balls_trick_000_018.mp4,29,0.483817,32,sports ball,0.426824,531.930,319.444,576.993,363.357,554.462,341.400,45.063,43.913
identical_balls_trick_000_018.mp4,29,0.483817,32,sports ball,0.341514,569.455,404.585,617.280,449.776,593.367,427.180,47.825,45.191
identical_balls_trick_000_018.mp4,30,0.500500,32,sports ball,0.834239,538.990,404.419,586.686,448.852,562.838,426.635,47.696,44.433
identical_balls_trick_000_018.mp4,30,0.500500,32,sports ball,0.711303,675.286,336.402,719.661,382.431,697.474,359.416,44.375,46.028
identical_balls_trick_000_018.mp4,30,0.500500,32,sports ball,0.640136,531.558,299.598,575.698,343.879,553.628,321.739,44.139,44.281
identical_balls_trick_000_018.mp4,31,0.517183,32,sports ball,0.840161,509.586,404.798,555.876,449.488,532.731,427.143,46.290,44.690
identical_balls_trick_000_018.mp4,31,0.517183,32,sports ball,0.609939,674.170,362.032,718.624,408.045,696.397,385.038,44.454,46.012
identical_balls_trick_000_018.mp4,31,0.517183,32,sports ball,0.459211,529.520,281.554,574.170,326.227,551.845,303.891,44.650,44.673
identical_balls_trick_000_018.mp4,32,0.533867,32,sports ball,0.764633,528.545,265.539,572.711,309.465,550.628,287.502,44.166,43.926
identical_balls_trick_000_018.mp4,32,0.533867,32,sports ball,0.752871,480.782,406.753,526.630,451.015,503.706,428.884,45.847,44.262
identical_balls_trick_000_018.mp4,32,0.533867,32,sports ball,0.643538,673.581,389.743,718.015,435.924,695.798,412.834,44.433,46.181
identical_balls_trick_000_018.mp4,33,0.550550,32,sports ball,0.882615,461.760,407.118,508.874,452.249,485.317,429.683,47.113,45.131
identical_balls_trick_000_018.mp4,33,0.550550,32,sports ball,0.798929,526.089,251.224,570.840,295.509,548.465,273.366,44.751,44.285
identical_balls_trick_000_018.mp4,33,0.550550,32,sports ball,0.696442,673.144,419.613,717.323,464.376,695.234,441.994,44.179,44.763
identical_balls_trick_000_018.mp4,34,0.567233,32,sports ball,0.866990,524.359,239.093,568.580,283.125,546.469,261.109,44.222,44.032
identical_balls_trick_000_018.mp4,34,0.567233,32,sports ball,0.840481,442.185,408.353,488.495,453.115,465.340,430.734,46.311,44.762
identical_balls_trick_000_018.mp4,34,0.567233,32,sports ball,0.729916,672.394,450.694,715.962,495.731,694.178,473.213,43.568,45.037
identical_balls_trick_000_018.mp4,35,0.583917,32,sports ball,0.876794,423.175,410.354,469.883,456.468,446.529,433.411,46.707,46.114
identical_balls_trick_000_018.mp4,35,0.583917,32,sports ball,0.859904,522.835,228.100,567.385,272.261,545.110,250.180,44.550,44.161
identical_balls_trick_000_018.mp4,35,0.583917,32,sports ball,0.766308,671.964,475.980,716.894,520.589,694.429,498.285,44.930,44.609
identical_balls_trick_000_018.mp4,36,0.600600,32,sports ball,0.867821,406.423,416.068,451.930,461.402,429.176,438.735,45.508,45.334
identical_balls_trick_000_018.mp4,36,0.600600,32,sports ball,0.845065,675.004,498.870,718.328,541.890,696.666,520.380,43.325,43.020
identical_balls_trick_000_018.mp4,36,0.600600,32,sports ball,0.808899,521.726,218.668,565.034,263.512,543.380,241.090,43.307,44.844
identical_balls_trick_000_018.mp4,37,0.617283,32,sports ball,0.834763,677.271,519.442,720.767,562.535,699.019,540.988,43.496,43.093
identical_balls_trick_000_018.mp4,37,0.617283,32,sports ball,0.814133,519.382,211.505,562.574,256.508,540.978,234.007,43.191,45.003
identical_balls_trick_000_018.mp4,37,0.617283,32,sports ball,0.755001,390.331,422.447,435.466,470.555,412.898,446.501,45.134,48.108
identical_balls_trick_000_018.mp4,38,0.633967,32,sports ball,0.852092,517.456,206.081,562.157,251.480,539.807,228.780,44.701,45.400
identical_balls_trick_000_018.mp4,38,0.633967,32,sports ball,0.770807,378.418,432.173,424.748,478.363,401.583,455.268,46.330,46.190
identical_balls_trick_000_018.mp4,38,0.633967,32,sports ball,0.743968,681.399,538.818,724.441,582.464,702.920,560.641,43.042,43.646
identical_balls_trick_000_018.mp4,39,0.650650,32,sports ball,0.896762,516.097,202.454,560.616,247.546,538.357,225.000,44.518,45.092
identical_balls_trick_000_018.mp4,39,0.650650,32,sports ball,0.892067,685.791,556.310,729.447,600.430,707.619,578.370,43.656,44.120
identical_balls_trick_000_018.mp4,39,0.650650,32,sports ball,0.845393,368.315,440.797,415.685,486.193,392.000,463.495,47.369,45.396
identical_balls_trick_000_018.mp4,40,0.667333,32,sports ball,0.843491,691.688,569.560,735.322,613.928,713.505,591.744,43.634,44.368
identical_balls_trick_000_018.mp4,40,0.667333,32,sports ball,0.840664,514.831,200.473,558.836,246.022,536.834,223.248,44.006,45.549
identical_balls_trick_000_018.mp4,40,0.667333,32,sports ball,0.820973,363.398,447.889,408.488,492.939,385.943,470.414,45.090,45.050
identical_balls_trick_000_018.mp4,41,0.684017,32,sports ball,0.897171,697.999,578.171,741.063,623.351,719.531,600.761,43.064,45.179
identical_balls_trick_000_018.mp4,41,0.684017,32,sports ball,0.887688,361.740,452.416,404.511,497.712,383.125,475.064,42.771,45.297
identical_balls_trick_000_018.mp4,41,0.684017,32,sports ball,0.877792,513.287,200.451,557.079,245.917,535.183,223.184,43.792,45.466
identical_balls_trick_000_018.mp4,42,0.700700,32,sports ball,0.859056,702.887,581.149,746.246,625.895,724.566,603.522,43.359,44.746
identical_balls_trick_000_018.mp4,42,0.700700,32,sports ball,0.857137,512.369,202.760,556.178,247.877,534.274,225.319,43.810,45.117
identical_balls_trick_000_018.mp4,42,0.700700,32,sports ball,0.830479,363.703,453.619,405.741,499.399,384.722,476.509,42.037,45.780
identical_balls_trick_000_018.mp4,43,0.717383,32,sports ball,0.896970,706.924,579.878,750.594,623.909,728.759,601.893,43.670,44.031
identical_balls_trick_000_018.mp4,43,0.717383,32,sports ball,0.888250,509.959,206.704,554.649,251.602,532.304,229.153,44.690,44.899
identical_balls_trick_000_018.mp4,43,0.717383,32,sports ball,0.870697,370.113,452.879,416.214,498.348,393.163,475.614,46.100,45.469
identical_balls_trick_000_018.mp4,44,0.734067,32,sports ball,0.869261,508.438,211.736,553.074,256.895,530.756,234.315,44.636,45.159
identical_balls_trick_000_018.mp4,44,0.734067,32,sports ball,0.863637,379.202,447.654,426.122,493.580,402.662,470.617,46.920,45.926
identical_balls_trick_000_018.mp4,44,0.734067,32,sports ball,0.851527,709.510,570.168,753.582,615.135,731.546,592.652,44.072,44.967
identical_balls_trick_000_018.mp4,45,0.750750,32,sports ball,0.922603,506.802,218.884,552.038,264.166,529.420,241.525,45.236,45.282
identical_balls_trick_000_018.mp4,45,0.750750,32,sports ball,0.910755,711.202,557.180,755.963,601.034,733.582,579.107,44.761,43.854
identical_balls_trick_000_018.mp4,45,0.750750,32,sports ball,0.749850,393.284,440.425,440.331,485.621,416.807,463.023,47.047,45.196
identical_balls_trick_000_018.mp4,46,0.767433,32,sports ball,0.883269,505.888,228.205,550.843,273.190,528.365,250.697,44.955,44.985
identical_balls_trick_000_018.mp4,46,0.767433,32,sports ball,0.777905,413.174,432.035,458.653,477.160,435.913,454.597,45.479,45.125
identical_balls_trick_000_018.mp4,46,0.767433,32,sports ball,0.757497,712.064,538.072,757.085,582.884,734.575,560.478,45.021,44.812
identical_balls_trick_000_018.mp4,47,0.784117,32,sports ball,0.889903,504.159,239.722,548.072,284.111,526.115,261.917,43.913,44.389
identical_balls_trick_000_018.mp4,47,0.784117,32,sports ball,0.751421,712.041,516.438,757.444,561.375,734.742,538.906,45.404,44.937
identical_balls_trick_000_018.mp4,47,0.784117,32,sports ball,0.714081,434.307,422.641,480.897,468.126,457.602,445.383,46.590,45.485
identical_balls_trick_000_018.mp4,48,0.800800,32,sports ball,0.764852,712.150,489.599,757.581,535.725,734.866,512.662,45.431,46.126
identical_balls_trick_000_018.mp4,48,0.800800,32,sports ball,0.760749,503.475,252.280,547.161,296.727,525.318,274.504,43.686,44.447
identical_balls_trick_000_018.mp4,48,0.800800,32,sports ball,0.453875,462.441,415.791,510.316,459.599,486.379,437.695,47.875,43.809
identical_balls_trick_000_018.mp4,49,0.817483,32,sports ball,0.815668,710.973,463.630,757.074,508.385,734.023,486.008,46.101,44.756
identical_balls_trick_000_018.mp4,49,0.817483,32,sports ball,0.814947,493.346,407.919,540.826,452.567,517.086,430.243,47.480,44.648
identical_balls_trick_000_018.mp4,49,0.817483,32,sports ball,0.795299,501.659,266.781,545.299,312.037,523.479,289.409,43.640,45.257
identical_balls_trick_000_018.mp4,50,0.834167,32,sports ball,0.887779,523.475,403.104,572.167,448.347,547.821,425.726,48.693,45.244
identical_balls_trick_000_018.mp4,50,0.834167,32,sports ball,0.877769,500.680,283.065,544.104,327.775,522.392,305.420,43.424,44.711
identical_balls_trick_000_018.mp4,50,0.834167,32,sports ball,0.831608,709.141,435.316,754.392,481.082,731.767,458.199,45.251,45.766
identical_balls_trick_000_018.mp4,51,0.850850,32,sports ball,0.917218,706.340,408.384,752.277,454.231,729.308,431.307,45.937,45.847
identical_balls_trick_000_018.mp4,51,0.850850,32,sports ball,0.836087,554.147,399.942,603.615,445.148,578.881,422.545,49.469,45.206
identical_balls_trick_000_018.mp4,51,0.850850,32,sports ball,0.830847,498.898,302.089,543.229,346.771,521.064,324.430,44.331,44.681
identical_balls_trick_000_018.mp4,52,0.867533,32,sports ball,0.845149,497.866,322.044,542.129,367.467,519.998,344.755,44.263,45.423
identical_balls_trick_000_018.mp4,52,0.867533,32,sports ball,0.840394,704.948,384.280,750.104,429.677,727.526,406.978,45.156,45.398
identical_balls_trick_000_018.mp4,52,0.867533,32,sports ball,0.744568,587.528,398.855,634.127,443.777,610.827,421.316,46.599,44.922
identical_balls_trick_000_018.mp4,53,0.884217,32,sports ball,0.767874,496.930,342.208,541.101,388.921,519.015,365.564,44.171,46.714
identical_balls_trick_000_018.mp4,53,0.884217,32,sports ball,0.759033,701.959,360.928,747.664,407.319,724.812,384.123,45.705,46.390
identical_balls_trick_000_018.mp4,53,0.884217,32,sports ball,0.672351,618.946,399.682,665.758,444.283,642.352,421.982,46.812,44.601
identical_balls_trick_000_018.mp4,54,0.900900,32,sports ball,0.859311,495.480,366.520,539.720,411.472,517.600,388.996,44.240,44.952
identical_balls_trick_000_018.mp4,54,0.900900,32,sports ball,0.833689,651.031,401.023,697.273,446.879,674.152,423.951,46.242,45.857
identical_balls_trick_000_018.mp4,54,0.900900,32,sports ball,0.776256,699.876,341.236,745.219,387.324,722.547,364.280,45.343,46.088
identical_balls_trick_000_018.mp4,55,0.917583,32,sports ball,0.825883,682.897,405.143,728.168,450.309,705.532,427.726,45.271,45.166
identical_balls_trick_000_018.mp4,55,0.917583,32,sports ball,0.740017,493.852,390.866,538.704,436.891,516.278,413.878,44.852,46.024
identical_balls_trick_000_018.mp4,55,0.917583,32,sports ball,0.674145,698.280,322.739,743.617,367.761,720.948,345.250,45.337,45.022
identical_balls_trick_000_018.mp4,56,0.934267,32,sports ball,0.908754,714.163,410.918,760.446,455.881,737.304,433.400,46.283,44.963
identical_balls_trick_000_018.mp4,56,0.934267,32,sports ball,0.883560,493.067,418.476,537.339,464.004,515.203,441.240,44.272,45.529
identical_balls_trick_000_018.mp4,56,0.934267,32,sports ball,0.740457,696.545,306.018,740.845,350.329,718.695,328.174,44.300,44.311
identical_balls_trick_000_018.mp4,57,0.950950,32,sports ball,0.689119,491.980,447.644,536.106,491.202,514.043,469.423,44.126,43.558
identical_balls_trick_000_018.mp4,57,0.950950,32,sports ball,0.313059,695.404,291.048,739.537,334.714,717.471,312.881,44.133,43.666
identical_balls_trick_000_018.mp4,57,0.950950,32,sports ball,0.275960,738.793,417.749,785.247,462.096,762.020,439.922,46.454,44.347
identical_balls_trick_000_018.mp4,58,0.967633,32,sports ball,0.494346,491.672,476.563,535.529,522.037,513.600,499.300,43.857,45.474
identical_balls_trick_000_018.mp4,58,0.967633,32,sports ball,0.492077,693.420,276.750,738.004,321.043,715.712,298.896,44.584,44.292
identical_balls_trick_000_018.mp4,58,0.967633,32,sports ball,0.452096,757.868,428.695,802.707,472.044,780.288,450.369,44.840,43.348
identical_balls_trick_000_018.mp4,59,0.984317,32,sports ball,0.687834,691.458,265.509,735.840,310.159,713.649,287.834,44.382,44.650
identical_balls_trick_000_018.mp4,59,0.984317,32,sports ball,0.492338,775.221,439.709,821.239,483.837,798.230,461.773,46.018,44.129
identical_balls_trick_000_018.mp4,59,0.984317,32,sports ball,0.425112,492.290,504.581,536.400,550.084,514.345,527.333,44.110,45.503
identical_balls_trick_000_018.mp4,60,1.001000,32,sports ball,0.761879,689.798,255.701,734.559,299.907,712.178,277.804,44.761,44.205
identical_balls_trick_000_018.mp4,60,1.001000,32,sports ball,0.735584,493.705,526.939,534.097,571.538,513.901,549.238,40.392,44.599
identical_balls_trick_000_018.mp4,60,1.001000,32,sports ball,0.598957,790.810,449.250,836.113,494.015,813.461,471.632,45.303,44.766
identical_balls_trick_000_018.mp4,61,1.017683,32,sports ball,0.781470,688.146,247.328,733.250,291.872,710.698,269.600,45.104,44.544
identical_balls_trick_000_018.mp4,61,1.017683,32,sports ball,0.544737,806.738,460.272,852.161,505.424,829.449,482.848,45.423,45.152
identical_balls_trick_000_018.mp4,61,1.017683,32,sports ball,0.543323,494.169,547.585,535.342,592.614,514.755,570.100,41.173,45.029
identical_balls_trick_000_018.mp4,62,1.034367,32,sports ball,0.817615,686.335,241.007,731.688,285.492,709.012,263.249,45.353,44.485
identical_balls_trick_000_018.mp4,62,1.034367,32,sports ball,0.758244,823.532,472.638,867.983,518.474,845.758,495.556,44.451,45.836
identical_balls_trick_000_018.mp4,62,1.034367,32,sports ball,0.661244,496.193,566.514,537.801,613.019,516.997,589.766,41.609,46.504
identical_balls_trick_000_018.mp4,63,1.051050,32,sports ball,0.799183,684.168,236.405,730.374,281.164,707.271,258.784,46.206,44.759
identical_balls_trick_000_018.mp4,63,1.051050,32,sports ball,0.597170,838.812,486.493,881.987,531.003,860.399,508.748,43.175,44.509
identical_balls_trick_000_018.mp4,63,1.051050,32,sports ball,0.231576,501.224,584.113,543.190,629.161,522.207,606.637,41.966,45.049
identical_balls_trick_000_018.mp4,64,1.067733,32,sports ball,0.649049,683.827,233.797,728.754,278.536,706.290,256.167,44.928,44.739
identical_balls_trick_000_018.mp4,64,1.067733,32,sports ball,0.391271,849.373,498.137,891.034,542.213,870.203,520.175,41.661,44.075
identical_balls_trick_000_018.mp4,64,1.067733,32,sports ball,0.197805,506.843,598.199,548.570,644.083,527.707,621.141,41.728,45.885
identical_balls_trick_000_018.mp4,65,1.084417,32,sports ball,0.789912,681.629,232.712,727.395,277.596,704.512,255.154,45.766,44.885
identical_balls_trick_000_018.mp4,65,1.084417,32,sports ball,0.744670,512.811,608.123,555.725,652.690,534.268,630.406,42.914,44.568
identical_balls_trick_000_018.mp4,65,1.084417,32,sports ball,0.662951,855.244,505.568,896.375,551.092,875.810,528.330,41.131,45.524
identical_balls_trick_000_018.mp4,66,1.101100,32,sports ball,0.591513,681.451,233.939,725.918,278.539,703.685,256.239,44.467,44.600
identical_balls_trick_000_018.mp4,66,1.101100,32,sports ball,0.549286,857.214,508.751,896.161,552.643,876.687,530.697,38.947,43.892
identical_balls_trick_000_018.mp4,66,1.101100,32,sports ball,0.509599,519.537,611.164,562.120,657.215,540.828,634.190,42.583,46.051
identical_balls_trick_000_018.mp4,67,1.117783,32,sports ball,0.832989,680.330,236.887,724.123,281.364,702.226,259.125,43.793,44.477
identical_balls_trick_000_018.mp4,67,1.117783,32,sports ball,0.518342,524.644,607.783,568.150,652.061,546.397,629.922,43.506,44.278
identical_balls_trick_000_018.mp4,67,1.117783,32,sports ball,0.416645,852.091,506.480,894.211,549.350,873.151,527.915,42.120,42.870
identical_balls_trick_000_018.mp4,68,1.134467,32,sports ball,0.788824,679.588,241.022,723.361,285.939,701.474,263.481,43.773,44.918
identical_balls_trick_000_018.mp4,68,1.134467,32,sports ball,0.594999,529.499,597.425,572.754,642.523,551.126,619.974,43.256,45.098
identical_balls_trick_000_018.mp4,68,1.134467,32,sports ball,0.489330,845.703,499.555,888.977,543.776,867.340,521.666,43.274,44.222
identical_balls_trick_000_018.mp4,69,1.151150,32,sports ball,0.753396,677.932,247.600,722.738,292.099,700.335,269.849,44.806,44.499
identical_balls_trick_000_018.mp4,69,1.151150,32,sports ball,0.732641,534.430,583.687,578.624,627.458,556.527,605.572,44.194,43.771
identical_balls_trick_000_018.mp4,69,1.151150,32,sports ball,0.304251,835.653,489.622,881.401,534.530,858.527,512.076,45.748,44.908
identical_balls_trick_000_018.mp4,70,1.167833,32,sports ball,0.809826,540.047,564.783,582.505,608.591,561.276,586.687,42.458,43.807
identical_balls_trick_000_018.mp4,70,1.167833,32,sports ball,0.780115,676.660,255.613,721.472,300.080,699.066,277.847,44.811,44.466
identical_balls_trick_000_018.mp4,70,1.167833,32,sports ball,0.430544,823.059,479.793,869.043,524.286,846.051,502.039,45.984,44.492
identical_balls_trick_000_018.mp4,71,1.184517,32,sports ball,0.689917,675.443,265.309,719.435,309.870,697.439,287.589,43.991,44.561
identical_balls_trick_000_018.mp4,71,1.184517,32,sports ball,0.660657,541.809,543.712,584.958,586.349,563.384,565.030,43.149,42.638
identical_balls_trick_000_018.mp4,71,1.184517,32,sports ball,0.558045,804.815,468.709,851.936,514.263,828.376,491.486,47.120,45.554
identical_balls_trick_000_018.mp4,72,1.201200,32,sports ball,0.710656,542.547,515.905,586.441,559.362,564.494,537.633,43.893,43.457
identical_balls_trick_000_018.mp4,72,1.201200,32,sports ball,0.688126,780.956,458.190,828.119,502.818,804.538,480.504,47.163,44.627
identical_balls_trick_000_018.mp4,72,1.201200,32,sports ball,0.637648,674.640,276.961,718.700,321.754,696.670,299.357,44.061,44.793
identical_balls_trick_000_018.mp4,73,1.217883,32,sports ball,0.646282,541.075,484.423,586.436,530.061,563.755,507.242,45.361,45.638
identical_balls_trick_000_018.mp4,73,1.217883,32,sports ball,0.613480,753.737,448.091,799.541,491.599,776.639,469.845,45.803,43.508
identical_balls_trick_000_018.mp4,73,1.217883,32,sports ball,0.515311,673.336,291.341,718.071,335.160,695.703,313.250,44.735,43.819
identical_balls_trick_000_018.mp4,74,1.234567,32,sports ball,0.731010,540.629,453.711,585.398,500.614,563.013,477.163,44.769,46.902
identical_balls_trick_000_018.mp4,74,1.234567,32,sports ball,0.565784,724.744,441.723,768.572,484.233,746.658,462.978,43.827,42.510
identical_balls_trick_000_018.mp4,74,1.234567,32,sports ball,0.331969,672.319,305.716,716.897,350.592,694.608,328.154,44.578,44.877
identical_balls_trick_000_018.mp4,75,1.251250,32,sports ball,0.808503,539.961,425.639,584.901,472.082,562.431,448.861,44.940,46.443
identical_balls_trick_000_018.mp4,75,1.251250,32,sports ball,0.798168,671.767,322.909,715.534,367.367,693.650,345.138,43.768,44.458
identical_balls_trick_000_018.mp4,75,1.251250,32,sports ball,0.779797,693.259,436.082,738.028,479.665,715.643,457.874,44.769,43.583
identical_balls_trick_000_018.mp4,76,1.267933,32,sports ball,0.891445,661.508,432.590,706.886,477.003,684.197,454.796,45.378,44.413
identical_balls_trick_000_018.mp4,76,1.267933,32,sports ball,0.863042,539.650,399.430,584.757,443.889,562.203,421.659,45.108,44.459
identical_balls_trick_000_018.mp4,76,1.267933,32,sports ball,0.679791,669.957,340.937,714.547,386.042,692.252,363.490,44.590,45.105
identical_balls_trick_000_018.mp4,77,1.284617,32,sports ball,0.831106,538.642,372.927,584.352,419.804,561.497,396.365,45.710,46.877
identical_balls_trick_000_018.mp4,77,1.284617,32,sports ball,0.818058,669.153,361.262,713.162,406.586,691.158,383.924,44.009,45.324
identical_balls_trick_000_018.mp4,77,1.284617,32,sports ball,0.769448,629.275,430.682,675.886,474.991,652.580,452.836,46.612,44.309
identical_balls_trick_000_018.mp4,78,1.301300,32,sports ball,0.848091,537.748,349.338,583.918,395.841,560.833,372.589,46.170,46.503
identical_balls_trick_000_018.mp4,78,1.301300,32,sports ball,0.712363,668.296,383.638,712.533,427.627,690.414,405.632,44.237,43.989
identical_balls_trick_000_018.mp4,78,1.301300,32,sports ball,0.580195,597.804,430.645,644.499,475.146,621.152,452.896,46.694,44.501
identical_balls_trick_000_018.mp4,79,1.317983,32,sports ball,0.773047,537.120,327.780,583.282,374.586,560.201,351.183,46.162,46.806
identical_balls_trick_000_018.mp4,79,1.317983,32,sports ball,0.730461,667.553,406.930,711.819,452.149,689.686,429.540,44.266,45.219
identical_balls_trick_000_018.mp4,79,1.317983,32,sports ball,0.681775,566.630,431.814,613.507,476.496,590.069,454.155,46.877,44.682
identical_balls_trick_000_018.mp4,80,1.334667,32,sports ball,0.793339,536.247,308.735,581.811,354.464,559.029,331.600,45.563,45.729
identical_balls_trick_000_018.mp4,80,1.334667,32,sports ball,0.782831,666.758,432.521,711.056,476.580,688.907,454.551,44.298,44.058
identical_balls_trick_000_018.mp4,80,1.334667,32,sports ball,0.715126,534.472,435.134,582.042,480.087,558.257,457.610,47.570,44.953
identical_balls_trick_000_018.mp4,81,1.351350,32,sports ball,0.721529,536.092,289.723,580.861,335.595,558.477,312.659,44.770,45.871
identical_balls_trick_000_018.mp4,81,1.351350,32,sports ball,0.717124,504.273,439.351,551.643,481.269,527.958,460.310,47.370,41.918
identical_balls_trick_000_018.mp4,81,1.351350,32,sports ball,0.688342,665.687,458.896,709.701,504.193,687.694,481.544,44.014,45.297
identical_balls_trick_000_018.mp4,82,1.368033,32,sports ball,0.757576,534.521,272.725,579.208,318.201,556.864,295.463,44.687,45.476
identical_balls_trick_000_018.mp4,82,1.368033,32,sports ball,0.658116,487.646,439.727,534.075,480.647,510.860,460.187,46.429,40.921
identical_balls_trick_000_018.mp4,82,1.368033,32,sports ball,0.364309,665.834,486.458,709.060,531.289,687.447,508.874,43.226,44.831
identical_balls_trick_000_018.mp4,83,1.384717,32,sports ball,0.802100,533.115,258.380,578.221,303.504,555.668,280.942,45.106,45.124
identical_balls_trick_000_018.mp4,83,1.384717,32,sports ball,0.724260,473.787,440.077,518.292,485.445,496.040,462.761,44.504,45.367
identical_balls_trick_000_018.mp4,83,1.384717,32,sports ball,0.556522,668.828,505.652,711.924,548.880,690.376,527.266,43.096,43.227
identical_balls_trick_000_018.mp4,84,1.401400,32,sports ball,0.744899,532.392,244.974,576.858,288.977,554.625,266.976,44.465,44.003
identical_balls_trick_000_018.mp4,84,1.401400,32,sports ball,0.600388,460.932,440.438,501.808,486.673,481.370,463.556,40.876,46.235
identical_balls_trick_000_018.mp4,84,1.401400,32,sports ball,0.543179,672.246,522.251,712.600,567.745,692.423,544.998,40.354,45.494
identical_balls_trick_000_018.mp4,85,1.418083,32,sports ball,0.806031,529.997,232.673,575.639,278.268,552.818,255.471,45.642,45.595
identical_balls_trick_000_018.mp4,85,1.418083,32,sports ball,0.755375,444.914,443.368,485.146,488.786,465.030,466.077,40.232,45.417
identical_balls_trick_000_018.mp4,85,1.418083,32,sports ball,0.701572,672.885,540.241,713.211,583.937,693.048,562.089,40.326,43.696
identical_balls_trick_000_018.mp4,86,1.434767,32,sports ball,0.888681,430.975,448.108,468.504,491.940,449.739,470.024,37.529,43.832
identical_balls_trick_000_018.mp4,86,1.434767,32,sports ball,0.833306,528.821,223.311,574.482,268.031,551.651,245.671,45.661,44.720
identical_balls_trick_000_018.mp4,86,1.434767,32,sports ball,0.789782,672.994,558.511,713.541,600.657,693.267,579.584,40.548,42.146
identical_balls_trick_000_018.mp4,87,1.451450,32,sports ball,0.887987,414.297,453.205,452.875,496.847,433.586,475.026,38.578,43.641
identical_balls_trick_000_018.mp4,87,1.451450,32,sports ball,0.876885,527.475,214.454,573.069,260.012,550.272,237.233,45.594,45.558
identical_balls_trick_000_018.mp4,87,1.451450,32,sports ball,0.866267,674.305,573.272,714.837,615.996,694.571,594.634,40.532,42.724
identical_balls_trick_000_018.mp4,88,1.468133,32,sports ball,0.788016,525.858,208.007,571.292,253.207,548.575,230.607,45.434,45.200
identical_balls_trick_000_018.mp4,88,1.468133,32,sports ball,0.730201,399.262,459.820,438.598,502.554,418.930,481.187,39.336,42.734
identical_balls_trick_000_018.mp4,88,1.468133,32,sports ball,0.715204,677.574,585.503,716.935,627.716,697.255,606.609,39.362,42.214
identical_balls_trick_000_018.mp4,89,1.484817,32,sports ball,0.859977,523.908,203.275,569.226,248.530,546.567,225.902,45.318,45.255
identical_balls_trick_000_018.mp4,89,1.484817,32,sports ball,0.855114,681.535,593.387,721.594,636.579,701.564,614.983,40.059,43.193
identical_balls_trick_000_018.mp4,89,1.484817,32,sports ball,0.830648,387.412,465.596,430.354,507.929,408.883,486.763,42.942,42.333
identical_balls_trick_000_018.mp4,90,1.501500,32,sports ball,0.818612,522.708,199.896,567.857,246.047,545.282,222.972,45.149,46.151
identical_balls_trick_000_018.mp4,90,1.501500,32,sports ball,0.758936,685.731,597.553,725.016,641.386,705.373,619.469,39.285,43.832
identical_balls_trick_000_018.mp4,90,1.501500,32,sports ball,0.660022,379.624,470.009,425.904,511.948,402.764,490.979,46.280,41.939
identical_balls_trick_000_018.mp4,91,1.518183,32,sports ball,0.860930,688.900,597.415,728.956,640.952,708.928,619.183,40.056,43.537
identical_balls_trick_000_018.mp4,91,1.518183,32,sports ball,0.851135,521.218,198.614,566.835,244.669,544.026,221.642,45.617,46.055
identical_balls_trick_000_018.mp4,91,1.518183,32,sports ball,0.796288,376.220,473.441,421.464,514.625,398.842,494.033,45.244,41.184
identical_balls_trick_000_018.mp4,92,1.534867,32,sports ball,0.856711,519.815,199.431,565.763,245.626,542.789,222.529,45.947,46.196
identical_balls_trick_000_018.mp4,92,1.534867,32,sports ball,0.787197,375.975,474.492,421.174,516.170,398.575,495.331,45.199,41.678
identical_balls_trick_000_018.mp4,92,1.534867,32,sports ball,0.747968,691.368,592.503,731.943,635.721,711.656,614.112,40.575,43.218
identical_balls_trick_000_018.mp4,93,1.551550,32,sports ball,0.920112,692.777,582.867,734.219,627.222,713.498,605.045,41.443,44.355
identical_balls_trick_000_018.mp4,93,1.551550,32,sports ball,0.876146,378.889,473.378,424.552,515.405,401.721,494.391,45.663,42.027
identical_balls_trick_000_018.mp4,93,1.551550,32,sports ball,0.870278,518.091,202.117,564.282,247.968,541.186,225.042,46.190,45.852
identical_balls_trick_000_018.mp4,94,1.568233,32,sports ball,0.864253,516.714,206.042,563.631,252.643,540.173,229.343,46.916,46.601
identical_balls_trick_000_018.mp4,94,1.568233,32,sports ball,0.853678,694.997,569.639,736.830,613.318,715.914,591.479,41.834,43.679
identical_balls_trick_000_018.mp4,94,1.568233,32,sports ball,0.817646,385.519,469.881,431.296,512.930,408.407,491.405,45.777,43.050
identical_balls_trick_000_018.mp4,95,1.584917,32,sports ball,0.918244,696.224,551.425,738.938,593.442,717.581,572.433,42.715,42.017
identical_balls_trick_000_018.mp4,95,1.584917,32,sports ball,0.911109,396.885,464.747,442.712,507.795,419.799,486.271,45.827,43.048
identical_balls_trick_000_018.mp4,95,1.584917,32,sports ball,0.895726,515.699,212.548,561.200,258.918,538.449,235.733,45.501,46.370
identical_balls_trick_000_018.mp4,96,1.601600,32,sports ball,0.904119,697.892,528.031,740.567,567.607,719.230,547.819,42.675,39.576
identical_balls_trick_000_018.mp4,96,1.601600,32,sports ball,0.866113,514.628,220.488,559.899,267.145,537.264,243.817,45.270,46.657
identical_balls_trick_000_018.mp4,96,1.601600,32,sports ball,0.833598,412.814,458.414,459.531,501.020,436.172,479.717,46.717,42.606
identical_balls_trick_000_018.mp4,97,1.618283,32,sports ball,0.812277,513.475,230.329,558.572,276.722,536.024,253.526,45.096,46.393
identical_balls_trick_000_018.mp4,97,1.618283,32,sports ball,0.742454,432.258,448.768,479.883,491.395,456.070,470.081,47.625,42.626
identical_balls_trick_000_018.mp4,97,1.618283,32,sports ball,0.699524,698.664,499.901,743.913,544.696,721.288,522.299,45.249,44.795
identical_balls_trick_000_018.mp4,98,1.634967,32,sports ball,0.816330,513.180,242.603,557.350,288.278,535.265,265.440,44.170,45.675
identical_balls_trick_000_018.mp4,98,1.634967,32,sports ball,0.629587,699.715,469.835,745.740,514.163,722.728,491.999,46.026,44.328
identical_balls_trick_000_018.mp4,98,1.634967,32,sports ball,0.618670,456.841,437.597,503.985,483.088,480.413,460.342,47.144,45.490
identical_balls_trick_000_018.mp4,99,1.651650,32,sports ball,0.832720,512.454,256.835,555.457,302.073,533.955,279.454,43.003,45.238
identical_balls_trick_000_018.mp4,99,1.651650,32,sports ball,0.563472,701.831,440.327,747.119,482.441,724.475,461.384,45.287,42.114
identical_balls_trick_000_018.mp4,99,1.651650,32,sports ball,0.429234,485.122,427.957,531.566,472.400,508.344,450.179,46.444,44.443
identical_balls_trick_000_018.mp4,100,1.668333,32,sports ball,0.885813,703.101,411.223,748.907,457.393,726.004,434.308,45.806,46.170
identical_balls_trick_000_018.mp4,100,1.668333,32,sports ball,0.864757,510.873,272.023,554.969,317.190,532.921,294.606,44.097,45.167
identical_balls_trick_000_018.mp4,100,1.668333,32,sports ball,0.744951,513.126,419.813,558.931,463.200,536.029,441.507,45.805,43.388
identical_balls_trick_000_018.mp4,101,1.685017,32,sports ball,0.807068,541.617,411.983,587.297,456.177,564.457,434.080,45.680,44.194
identical_balls_trick_000_018.mp4,101,1.685017,32,sports ball,0.789987,705.096,384.575,750.294,430.863,727.695,407.719,45.198,46.288
identical_balls_trick_000_018.mp4,101,1.685017,32,sports ball,0.777677,510.354,289.492,553.966,334.585,532.160,312.039,43.612,45.093
identical_balls_trick_000_018.mp4,102,1.701700,32,sports ball,0.879824,705.961,359.408,751.542,405.756,728.752,382.582,45.581,46.348
identical_balls_trick_000_018.mp4,102,1.701700,32,sports ball,0.792196,568.068,405.532,615.070,451.351,591.569,428.441,47.002,45.818
identical_balls_trick_000_018.mp4,102,1.701700,32,sports ball,0.724141,509.174,308.983,554.246,355.724,531.710,332.354,45.071,46.741
identical_balls_trick_000_018.mp4,103,1.718383,32,sports ball,0.748720,706.422,336.093,753.031,381.877,729.726,358.985,46.609,45.783
identical_balls_trick_000_018.mp4,103,1.718383,32,sports ball,0.579713,508.007,329.671,553.709,376.503,530.858,353.087,45.703,46.831
identical_balls_trick_000_018.mp4,103,1.718383,32,sports ball,0.553381,595.877,401.406,642.869,446.909,619.373,424.158,46.992,45.502
identical_balls_trick_000_018.mp4,104,1.735067,32,sports ball,0.651186,507.226,352.254,552.946,399.531,530.086,375.893,45.720,47.278
identical_balls_trick_000_018.mp4,104,1.735067,32,sports ball,0.638370,708.012,314.999,755.007,359.604,731.510,337.302,46.996,44.605
identical_balls_trick_000_018.mp4,104,1.735067,32,sports ball,0.431272,624.049,399.390,670.906,443.844,647.477,421.617,46.857,44.455
identical_balls_trick_000_018.mp4,105,1.751750,32,sports ball,0.815424,710.518,293.859,756.111,339.648,733.315,316.753,45.593,45.789
identical_balls_trick_000_018.mp4,105,1.751750,32,sports ball,0.699212,505.689,376.613,552.284,424.045,528.987,400.329,46.595,47.432
identical_balls_trick_000_018.mp4,105,1.751750,32,sports ball,0.672777,652.586,399.615,698.461,443.640,675.523,421.627,45.876,44.024
identical_balls_trick_000_018.mp4,106,1.768433,32,sports ball,0.783921,505.801,403.955,551.821,450.923,528.811,427.439,46.021,46.968
identical_balls_trick_000_018.mp4,106,1.768433,32,sports ball,0.695515,711.852,276.423,757.669,320.987,734.760,298.705,45.818,44.564
identical_balls_trick_000_018.mp4,106,1.768433,32,sports ball,0.545798,681.971,400.413,727.712,445.472,704.841,422.943,45.742,45.059
identical_balls_trick_000_018.mp4,107,1.785117,32,sports ball,0.884947,713.475,259.238,759.519,304.155,736.497,281.697,46.044,44.916
identical_balls_trick_000_018.mp4,107,1.785117,32,sports ball,0.841368,709.874,404.683,755.442,448.487,732.658,426.585,45.568,43.804
identical_balls_trick_000_018.mp4,107,1.785117,32,sports ball,0.746350,505.922,432.472,551.312,479.947,528.617,456.209,45.389,47.475
identical_balls_trick_000_018.mp4,108,1.801800,32,sports ball,0.877621,715.321,244.275,760.869,289.027,738.095,266.651,45.548,44.753
identical_balls_trick_000_018.mp4,108,1.801800,32,sports ball,0.703690,505.321,462.441,551.333,506.977,528.327,484.709,46.012,44.536
identical_balls_trick_000_018.mp4,108,1.801800,32,sports ball,0.655980,738.707,409.557,782.030,452.806,760.368,431.181,43.323,43.249
identical_balls_trick_000_018.mp4,109,1.818483,32,sports ball,0.878996,715.593,230.760,762.108,276.211,738.850,253.485,46.515,45.451
identical_balls_trick_000_018.mp4,109,1.818483,32,sports ball,0.667599,757.827,416.243,803.141,460.835,780.484,438.539,45.314,44.592
identical_balls_trick_000_018.mp4,109,1.818483,32,sports ball,0.648555,504.336,485.129,549.576,530.041,526.956,507.585,45.240,44.912
identical_balls_trick_000_018.mp4,110,1.835167,32,sports ball,0.890699,717.306,219.536,763.761,264.545,740.533,242.041,46.455,45.009
identical_balls_trick_000_018.mp4,110,1.835167,32,sports ball,0.783850,503.733,503.908,548.638,550.248,526.186,527.078,44.905,46.340
identical_balls_trick_000_018.mp4,110,1.835167,32,sports ball,0.707700,773.046,422.107,813.934,467.646,793.490,444.876,40.888,45.539
identical_balls_trick_000_018.mp4,111,1.851850,32,sports ball,0.747274,718.719,209.148,765.328,256.071,742.024,232.610,46.609,46.923
identical_balls_trick_000_018.mp4,111,1.851850,32,sports ball,0.683539,502.959,521.131,547.527,569.015,525.243,545.073,44.568,47.884
identical_balls_trick_000_018.mp4,111,1.851850,32,sports ball,0.521125,787.076,425.865,823.052,472.352,805.064,449.108,35.976,46.487
identical_balls_trick_000_018.mp4,112,1.868533,32,sports ball,0.772749,720.553,202.113,766.561,247.953,743.557,225.033,46.009,45.841
identical_balls_trick_000_018.mp4,112,1.868533,32,sports ball,0.688075,506.310,537.168,545.843,578.782,526.076,557.975,39.534,41.614
identical_balls_trick_000_018.mp4,112,1.868533,32,sports ball,0.255458,803.496,431.703,841.104,475.738,822.300,453.721,37.608,44.035
identical_balls_trick_000_018.mp4,113,1.885217,32,sports ball,0.796542,721.824,195.703,767.815,242.033,744.820,218.868,45.991,46.330
identical_balls_trick_000_018.mp4,113,1.885217,32,sports ball,0.339173,502.732,551.388,545.995,589.374,524.364,570.381,43.264,37.986
identical_balls_trick_000_018.mp4,114,1.901900,32,sports ball,0.784396,723.599,192.510,769.718,237.947,746.659,215.229,46.120,45.438
identical_balls_trick_000_018.mp4,114,1.901900,32,sports ball,0.394623,832.460,444.737,875.810,487.536,854.135,466.137,43.350,42.799
identical_balls_trick_000_018.mp4,114,1.901900,32,sports ball,0.211330,511.144,567.751,553.719,602.207,532.431,584.979,42.575,34.455
identical_balls_trick_000_018.mp4,115,1.918583,32,sports ball,0.781984,725.010,189.778,771.139,235.886,748.075,212.832,46.128,46.108
identical_balls_trick_000_018.mp4,115,1.918583,32,sports ball,0.700603,518.686,579.380,563.162,616.952,540.924,598.166,44.475,37.572
identical_balls_trick_000_018.mp4,115,1.918583,32,sports ball,0.409679,841.143,452.056,886.315,493.263,863.729,472.660,45.172,41.207
identical_balls_trick_000_018.mp4,116,1.935267,32,sports ball,0.768078,725.906,188.930,772.810,235.936,749.358,212.433,46.904,47.006
identical_balls_trick_000_018.mp4,116,1.935267,32,sports ball,0.658203,526.484,586.779,569.708,627.641,548.096,607.210,43.224,40.862
identical_balls_trick_000_018.mp4,116,1.935267,32,sports ball,0.595925,848.519,457.837,893.948,499.269,871.233,478.553,45.429,41.432
identical_balls_trick_000_018.mp4,117,1.951950,32,sports ball,0.823514,727.576,191.244,774.727,237.078,751.151,214.161,47.151,45.834
identical_balls_trick_000_018.mp4,117,1.951950,32,sports ball,0.757225,850.876,461.530,895.510,504.357,873.193,482.944,44.634,42.827
identical_balls_trick_000_018.mp4,117,1.951950,32,sports ball,0.664206,532.714,590.736,577.592,632.199,555.153,611.467,44.878,41.463
identical_balls_trick_000_018.mp4,118,1.968633,32,sports ball,0.862586,728.977,194.694,775.993,240.940,752.485,217.817,47.016,46.246
identical_balls_trick_000_018.mp4,118,1.968633,32,sports ball,0.813532,849.181,460.544,894.597,504.158,871.889,482.351,45.416,43.614
identical_balls_trick_000_018.mp4,118,1.968633,32,sports ball,0.813042,539.719,589.161,584.653,631.045,562.186,610.103,44.934,41.885
identical_balls_trick_000_018.mp4,119,1.985317,32,sports ball,0.730868,546.005,582.017,590.933,624.481,568.469,603.249,44.929,42.464
identical_balls_trick_000_018.mp4,119,1.985317,32,sports ball,0.729673,730.481,199.942,777.387,246.607,753.934,223.275,46.906,46.665
identical_balls_trick_000_018.mp4,119,1.985317,32,sports ball,0.679189,844.316,456.218,890.544,500.721,867.430,478.470,46.228,44.504
identical_balls_trick_000_018.mp4,120,2.002000,32,sports ball,0.781773,732.070,207.478,779.477,253.808,755.773,230.643,47.407,46.331
identical_balls_trick_000_018.mp4,120,2.002000,32,sports ball,0.732538,551.495,571.056,595.753,610.540,573.624,590.798,44.258,39.484
identical_balls_trick_000_018.mp4,120,2.002000,32,sports ball,0.699918,836.647,450.199,882.285,493.960,859.466,472.080,45.638,43.762
identical_balls_trick_000_018.mp4,121,2.018683,32,sports ball,0.769678,733.122,216.658,781.024,263.095,757.073,239.876,47.902,46.437
identical_balls_trick_000_018.mp4,121,2.018683,32,sports ball,0.712934,825.508,441.062,869.740,485.369,847.624,463.216,44.233,44.307
identical_balls_trick_000_018.mp4,121,2.018683,32,sports ball,0.681334,555.502,553.304,600.361,595.084,577.931,574.194,44.859,41.780
identical_balls_trick_000_018.mp4,122,2.035367,32,sports ball,0.798158,557.316,532.587,603.134,572.477,580.225,552.532,45.818,39.889
identical_balls_trick_000_018.mp4,122,2.035367,32,sports ball,0.763838,735.688,227.742,782.030,273.901,758.859,250.822,46.343,46.159
identical_balls_trick_000_018.mp4,122,2.035367,32,sports ball,0.554277,808.850,431.933,850.646,475.900,829.748,453.917,41.795,43.967
identical_balls_trick_000_018.mp4,123,2.052050,32,sports ball,0.861742,736.772,240.908,783.167,287.405,759.970,264.157,46.395,46.498
identical_balls_trick_000_018.mp4,123,2.052050,32,sports ball,0.703510,557.986,505.138,604.022,547.300,581.004,526.219,46.036,42.162
identical_balls_trick_000_018.mp4,123,2.052050,32,sports ball,0.580580,787.206,423.095,827.343,466.965,807.275,445.030,40.137,43.870
identical_balls_trick_000_018.mp4,124,2.068733,32,sports ball,0.851762,738.553,256.389,784.361,301.889,761.457,279.139,45.808,45.500
identical_balls_trick_000_018.mp4,124,2.068733,32,sports ball,0.843347,556.342,473.793,603.829,514.422,580.086,494.107,47.486,40.629
identical_balls_trick_000_018.mp4,124,2.068733,32,sports ball,0.710266,763.007,416.203,800.701,459.626,781.854,437.915,37.694,43.423
identical_balls_trick_000_018.mp4,125,2.085417,32,sports ball,0.869738,740.286,272.866,786.551,319.484,763.419,296.175,46.264,46.617
identical_balls_trick_000_018.mp4,125,2.085417,32,sports ball,0.763876,554.920,441.465,601.710,480.583,578.315,461.024,46.790,39.118
identical_balls_trick_000_018.mp4,125,2.085417,32,sports ball,0.633090,736.334,410.398,777.296,455.560,756.815,432.979,40.962,45.163
identical_balls_trick_000_018.mp4,126,2.102100,32,sports ball,0.849553,709.164,406.402,755.014,451.661,732.089,429.032,45.850,45.258
identical_balls_trick_000_018.mp4,126,2.102100,32,sports ball,0.819188,741.596,292.069,787.739,337.575,764.667,314.822,46.143,45.506
identical_balls_trick_000_018.mp4,126,2.102100,32,sports ball,0.708045,553.065,411.170,599.485,451.322,576.275,431.246,46.420,40.152
identical_balls_trick_000_018.mp4,127,2.118783,32,sports ball,0.798640,743.333,312.939,789.456,358.678,766.395,335.808,46.122,45.739
identical_balls_trick_000_018.mp4,127,2.118783,32,sports ball,0.720262,683.532,404.672,729.002,450.401,706.267,427.536,45.470,45.729
identical_balls_trick_000_018.mp4,127,2.118783,32,sports ball,0.575384,552.233,382.518,597.535,427.536,574.884,405.027,45.302,45.018
identical_balls_trick_000_018.mp4,128,2.135467,32,sports ball,0.844568,745.112,335.195,791.193,381.231,768.152,358.213,46.080,46.036
identical_balls_trick_000_018.mp4,128,2.135467,32,sports ball,0.775515,549.772,354.580,596.105,402.116,572.938,378.348,46.333,47.536
identical_balls_trick_000_018.mp4,128,2.135467,32,sports ball,0.751091,656.747,404.343,704.344,450.363,680.545,427.353,47.597,46.020
identical_balls_trick_000_018.mp4,129,2.152150,32,sports ball,0.851202,746.393,359.433,792.454,405.426,769.424,382.429,46.061,45.993
identical_balls_trick_000_018.mp4,129,2.152150,32,sports ball,0.769403,546.988,328.116,594.252,376.123,570.620,352.119,47.264,48.007
identical_balls_trick_000_018.mp4,129,2.152150,32,sports ball,0.653511,629.574,405.352,678.035,452.625,653.805,428.988,48.462,47.273
identical_balls_trick_000_018.mp4,130,2.168833,32,sports ball,0.844858,748.215,385.070,793.633,432.158,770.924,408.614,45.417,47.088
identical_balls_trick_000_018.mp4,130,2.168833,32,sports ball,0.744641,546.257,305.447,592.272,352.585,569.264,329.016,46.015,47.138
identical_balls_trick_000_018.mp4,130,2.168833,32,sports ball,0.492268,603.609,408.813,651.468,454.861,627.538,431.837,47.859,46.048
identical_balls_trick_000_018.mp4,131,2.185517,32,sports ball,0.868316,749.179,414.429,795.537,459.979,772.358,437.204,46.357,45.550
identical_balls_trick_000_018.mp4,131,2.185517,32,sports ball,0.823528,544.896,282.986,590.422,330.412,567.659,306.699,45.527,47.426
identical_balls_trick_000_018.mp4,131,2.185517,32,sports ball,0.671630,576.621,413.854,625.172,460.121,600.896,436.987,48.551,46.267
identical_balls_trick_000_018.mp4,132,2.202200,32,sports ball,0.908656,750.479,443.657,796.954,490.698,773.716,467.177,46.475,47.041
identical_balls_trick_000_018.mp4,132,2.202200,32,sports ball,0.830101,543.225,263.317,588.653,308.886,565.939,286.101,45.428,45.569
identical_balls_trick_000_018.mp4,132,2.202200,32,sports ball,0.827070,549.612,420.407,599.396,465.908,574.504,443.157,49.785,45.500
identical_balls_trick_000_018.mp4,133,2.218883,32,sports ball,0.863562,540.578,245.400,587.326,289.897,563.952,267.649,46.748,44.497
identical_balls_trick_000_018.mp4,133,2.218883,32,sports ball,0.753408,750.680,473.643,796.485,520.633,773.582,497.138,45.805,46.990
identical_balls_trick_000_018.mp4,133,2.218883,32,sports ball,0.606173,530.123,423.760,579.359,470.744,554.741,447.252,49.236,46.984
identical_balls_trick_000_018.mp4,134,2.235567,32,sports ball,0.802872,538.944,227.744,584.480,272.882,561.712,250.313,45.537,45.138
identical_balls_trick_000_018.mp4,134,2.235567,32,sports ball,0.721085,747.332,496.581,792.989,543.614,770.160,520.098,45.657,47.034
identical_balls_trick_000_018.mp4,134,2.235567,32,sports ball,0.539580,521.868,426.666,568.497,474.037,545.183,450.352,46.629,47.371
identical_balls_trick_000_018.mp4,135,2.252250,32,sports ball,0.855346,515.040,432.119,561.351,482.003,538.195,457.061,46.311,49.884
identical_balls_trick_000_018.mp4,135,2.252250,32,sports ball,0.838319,536.296,212.132,582.769,257.755,559.533,234.944,46.473,45.623
identical_balls_trick_000_018.mp4,135,2.252250,32,sports ball,0.789816,748.694,515.959,793.459,563.262,771.076,539.611,44.765,47.302
identical_balls_trick_000_018.mp4,136,2.268933,32,sports ball,0.826146,752.553,533.514,797.075,581.878,774.814,557.696,44.522,48.364
identical_balls_trick_000_018.mp4,136,2.268933,32,sports ball,0.812050,534.339,197.893,579.674,244.137,557.006,221.015,45.335,46.243
identical_balls_trick_000_018.mp4,136,2.268933,32,sports ball,0.720990,506.205,441.427,555.506,488.572,530.855,464.999,49.302,47.145
identical_balls_trick_000_018.mp4,137,2.285617,32,sports ball,0.870983,502.508,456.382,550.765,505.184,526.636,480.783,48.257,48.802
identical_balls_trick_000_018.mp4,137,2.285617,32,sports ball,0.784743,755.835,549.147,799.998,597.891,777.917,573.519,44.163,48.744
identical_balls_trick_000_018.mp4,137,2.285617,32,sports ball,0.727888,532.049,186.585,577.640,232.841,554.844,209.713,45.591,46.256
identical_balls_trick_000_018.mp4,138,2.302300,32,sports ball,0.841978,501.197,477.094,547.729,527.684,524.463,502.389,46.532,50.590
identical_balls_trick_000_018.mp4,138,2.302300,32,sports ball,0.820151,529.741,176.291,574.999,223.239,552.370,199.765,45.257,46.948
identical_balls_trick_000_018.mp4,138,2.302300,32,sports ball,0.653974,760.496,563.388,802.654,612.895,781.575,588.142,42.158,49.507
identical_balls_trick_000_018.mp4,139,2.318983,32,sports ball,0.823762,527.713,167.509,573.048,214.975,550.381,191.242,45.335,47.466
identical_balls_trick_000_018.mp4,139,2.318983,32,sports ball,0.798019,502.286,499.204,548.319,551.134,525.302,525.169,46.032,51.930
identical_balls_trick_000_018.mp4,139,2.318983,32,sports ball,0.727175,762.146,575.877,805.657,622.138,783.902,599.008,43.511,46.261
identical_balls_trick_000_018.mp4,140,2.335667,32,sports ball,0.794143,502.920,520.626,549.058,571.844,525.989,546.235,46.138,51.218
identical_balls_trick_000_018.mp4,140,2.335667,32,sports ball,0.738521,525.266,161.587,571.319,208.045,548.293,184.816,46.053,46.458
identical_balls_trick_000_018.mp4,140,2.335667,32,sports ball,0.471208,763.911,583.867,808.664,629.876,786.288,606.872,44.753,46.008
identical_balls_trick_000_018.mp4,141,2.352350,32,sports ball,0.772940,522.738,156.937,569.070,203.847,545.904,180.392,46.332,46.910
identical_balls_trick_000_018.mp4,141,2.352350,32,sports ball,0.470236,506.525,540.593,552.595,589.517,529.560,565.055,46.070,48.924
identical_balls_trick_000_018.mp4,141,2.352350,32,sports ball,0.450694,765.652,590.286,811.506,635.279,788.579,612.783,45.854,44.993
identical_balls_trick_000_018.mp4,142,2.369033,32,sports ball,0.817851,520.655,154.180,566.985,201.595,543.820,177.888,46.331,47.415
identical_balls_trick_000_018.mp4,142,2.369033,32,sports ball,0.760820,766.933,592.430,813.543,637.525,790.238,614.977,46.610,45.095
identical_balls_trick_000_018.mp4,142,2.369033,32,sports ball,0.603381,511.862,557.117,559.077,600.791,535.470,578.954,47.215,43.674
identical_balls_trick_000_018.mp4,143,2.385717,32,sports ball,0.866111,518.211,153.009,564.382,200.834,541.296,176.921,46.171,47.826
identical_balls_trick_000_018.mp4,143,2.385717,32,sports ball,0.474988,520.573,567.743,567.321,612.616,543.947,590.179,46.748,44.873
identical_balls_trick_000_018.mp4,143,2.385717,32,sports ball,0.380652,767.891,591.627,815.515,636.303,791.703,613.965,47.624,44.676
identical_balls_trick_000_018.mp4,144,2.402400,32,sports ball,0.851667,515.821,154.137,562.374,201.870,539.097,178.003,46.553,47.733
identical_balls_trick_000_018.mp4,144,2.402400,32,sports ball,0.695163,528.882,573.169,574.988,617.958,551.935,595.564,46.106,44.789
identical_balls_trick_000_018.mp4,144,2.402400,32,sports ball,0.603216,768.537,587.600,816.148,632.644,792.342,610.122,47.611,45.044
identical_balls_trick_000_018.mp4,145,2.419083,32,sports ball,0.825867,513.404,157.075,560.567,204.440,536.985,180.758,47.163,47.365
identical_balls_trick_000_018.mp4,145,2.419083,32,sports ball,0.775650,768.143,580.822,815.542,625.886,791.842,603.354,47.399,45.064
identical_balls_trick_000_018.mp4,145,2.419083,32,sports ball,0.695555,536.022,572.393,583.543,618.888,559.782,595.640,47.522,46.495
identical_balls_trick_000_018.mp4,146,2.435767,32,sports ball,0.689056,511.719,162.366,558.201,209.361,534.960,185.864,46.483,46.995
identical_balls_trick_000_018.mp4,146,2.435767,32,sports ball,0.527208,766.947,571.963,814.742,617.098,790.845,594.530,47.796,45.135
identical_balls_trick_000_018.mp4,146,2.435767,32,sports ball,0.490066,544.506,567.189,589.994,609.688,567.250,588.439,45.488,42.499
identical_balls_trick_000_018.mp4,147,2.452450,32,sports ball,0.801584,509.293,168.439,556.227,215.715,532.760,192.077,46.935,47.276
identical_balls_trick_000_018.mp4,147,2.452450,32,sports ball,0.770608,764.321,559.952,812.053,604.266,788.187,582.109,47.732,44.315
identical_balls_trick_000_018.mp4,147,2.452450,32,sports ball,0.644079,550.151,554.963,595.937,596.559,573.044,575.761,45.786,41.595
identical_balls_trick_000_018.mp4,148,2.469133,32,sports ball,0.767668,507.471,177.666,553.992,224.469,530.732,201.068,46.521,46.803
identical_balls_trick_000_018.mp4,148,2.469133,32,sports ball,0.503040,760.712,545.152,808.572,589.510,784.642,567.331,47.860,44.359
identical_balls_trick_000_018.mp4,148,2.469133,32,sports ball,0.478833,554.724,537.712,600.892,578.838,577.808,558.275,46.169,41.126
identical_balls_trick_000_018.mp4,149,2.485817,32,sports ball,0.858478,505.287,188.188,551.936,235.614,528.612,211.901,46.649,47.427
identical_balls_trick_000_018.mp4,149,2.485817,32,sports ball,0.574602,754.319,527.939,803.458,574.275,778.889,551.107,49.138,46.336
identical_balls_trick_000_018.mp4,149,2.485817,32,sports ball,0.454842,556.330,513.086,604.552,555.429,580.441,534.257,48.221,42.343
identical_balls_trick_000_018.mp4,150,2.502500,32,sports ball,0.804600,503.160,200.410,550.004,247.619,526.582,224.015,46.844,47.209
identical_balls_trick_000_018.mp4,150,2.502500,32,sports ball,0.730317,747.628,508.707,796.176,553.832,771.902,531.270,48.548,45.125
identical_balls_trick_000_018.mp4,150,2.502500,32,sports ball,0.602959,559.226,483.481,606.436,523.824,582.831,503.653,47.209,40.343
identical_balls_trick_000_018.mp4,151,2.519183,32,sports ball,0.897959,500.728,215.708,547.943,263.125,524.335,239.417,47.215,47.417
identical_balls_trick_000_018.mp4,151,2.519183,32,sports ball,0.742198,742.012,486.934,786.039,533.801,764.025,510.368,44.027,46.868
identical_balls_trick_000_018.mp4,151,2.519183,32,sports ball,0.728462,560.046,449.021,607.208,495.707,583.627,472.364,47.162,46.686
identical_balls_trick_000_018.mp4,152,2.535867,32,sports ball,0.863332,499.765,232.351,545.802,279.331,522.784,255.841,46.037,46.979
identical_balls_trick_000_018.mp4,152,2.535867,32,sports ball,0.702030,559.614,414.079,607.440,462.276,583.527,438.178,47.826,48.197
identical_balls_trick_000_018.mp4,152,2.535867,32,sports ball,0.692422,728.240,466.338,773.443,512.445,750.841,489.392,45.203,46.107
identical_balls_trick_000_018.mp4,153,2.552550,32,sports ball,0.859546,497.486,250.232,543.738,298.194,520.612,274.213,46.252,47.962
identical_balls_trick_000_018.mp4,153,2.552550,32,sports ball,0.781564,559.747,379.798,607.849,427.620,583.798,403.709,48.102,47.822
identical_balls_trick_000_018.mp4,153,2.552550,32,sports ball,0.728296,712.594,447.505,759.926,492.556,736.260,470.030,47.332,45.050
identical_balls_trick_000_018.mp4,154,2.569233,32,sports ball,0.901954,560.011,348.041,608.217,398.890,584.114,373.466,48.206,50.849
identical_balls_trick_000_018.mp4,154,2.569233,32,sports ball,0.895774,495.825,270.876,541.982,317.834,518.903,294.355,46.157,46.958
identical_balls_trick_000_018.mp4,154,2.569233,32,sports ball,0.851239,699.594,428.022,745.981,472.857,722.788,450.439,46.387,44.835
identical_balls_trick_000_018.mp4,155,2.585917,32,sports ball,0.887040,560.220,318.880,608.131,368.324,584.176,343.602,47.911,49.443
identical_balls_trick_000_018.mp4,155,2.585917,32,sports ball,0.861429,493.143,292.545,540.263,339.211,516.703,315.878,47.120,46.666
identical_balls_trick_000_018.mp4,155,2.585917,32,sports ball,0.695505,685.275,411.874,733.582,459.047,709.428,435.461,48.307,47.173
identical_balls_trick_000_018.mp4,156,2.602600,32,sports ball,0.835446,492.085,317.334,538.182,363.975,515.133,340.655,46.097,46.642
identical_balls_trick_000_018.mp4,156,2.602600,32,sports ball,0.720742,672.749,397.441,719.999,444.370,696.374,420.906,47.250,46.928
identical_balls_trick_000_018.mp4,156,2.602600,32,sports ball,0.436782,560.938,290.145,608.258,339.242,584.598,314.693,47.320,49.097
identical_balls_trick_000_018.mp4,157,2.619283,32,sports ball,0.783565,489.774,342.144,536.355,389.895,513.065,366.019,46.581,47.751
identical_balls_trick_000_018.mp4,157,2.619283,32,sports ball,0.674210,657.835,384.846,706.724,431.651,682.279,408.249,48.888,46.805
identical_balls_trick_000_018.mp4,157,2.619283,32,sports ball,0.618277,561.777,264.180,608.512,312.640,585.144,288.410,46.735,48.460
identical_balls_trick_000_018.mp4,158,2.635967,32,sports ball,0.835091,488.923,370.675,534.377,417.535,511.650,394.105,45.455,46.860
identical_balls_trick_000_018.mp4,158,2.635967,32,sports ball,0.799594,561.824,240.005,608.549,288.471,585.186,264.238,46.725,48.466
identical_balls_trick_000_018.mp4,158,2.635967,32,sports ball,0.431474,644.199,373.820,692.757,421.475,668.478,397.648,48.558,47.655
identical_balls_trick_000_018.mp4,159,2.652650,32,sports ball,0.843398,486.974,400.665,532.259,447.762,509.617,424.214,45.286,47.097
identical_balls_trick_000_018.mp4,159,2.652650,32,sports ball,0.767171,630.962,366.096,678.955,412.641,654.959,389.368,47.993,46.546
identical_balls_trick_000_018.mp4,159,2.652650,32,sports ball,0.681556,561.144,215.627,608.818,263.610,584.981,239.619,47.674,47.982
identical_balls_trick_000_018.mp4,160,2.669333,32,sports ball,0.801562,561.385,194.973,609.441,241.961,585.413,218.467,48.056,46.988
identical_balls_trick_000_018.mp4,160,2.669333,32,sports ball,0.767029,616.645,357.945,664.219,405.895,640.432,381.920,47.574,47.950
identical_balls_trick_000_018.mp4,160,2.669333,32,sports ball,0.717774,485.343,432.397,531.973,479.595,508.658,455.996,46.630,47.198
identical_balls_trick_000_018.mp4,161,2.686017,32,sports ball,0.846576,561.597,175.813,609.230,223.577,585.413,199.695,47.633,47.764
identical_balls_trick_000_018.mp4,161,2.686017,32,sports ball,0.809227,484.515,464.504,530.754,512.815,507.635,488.659,46.238,48.311
identical_balls_trick_000_018.mp4,161,2.686017,32,sports ball,0.743413,604.653,353.977,650.426,399.995,627.539,376.986,45.773,46.018
identical_balls_trick_000_018.mp4,162,2.702700,32,sports ball,0.715950,483.146,491.478,530.082,537.110,506.614,514.294,46.936,45.632
identical_balls_trick_000_018.mp4,162,2.702700,32,sports ball,0.704683,562.075,157.868,609.466,206.326,585.770,182.097,47.391,48.458
identical_balls_trick_000_018.mp4,162,2.702700,32,sports ball,0.580437,588.686,351.312,636.595,397.591,612.640,374.452,47.909,46.279
identical_balls_trick_000_018.mp4,163,2.719383,32,sports ball,0.823779,576.151,350.251,625.168,398.995,600.660,374.623,49.017,48.744
identical_balls_trick_000_018.mp4,163,2.719383,32,sports ball,0.730812,561.967,142.030,608.996,190.633,585.481,166.332,47.029,48.602
identical_balls_trick_000_018.mp4,163,2.719383,32,sports ball,0.291696,480.883,501.926,527.907,545.184,504.395,523.555,47.024,43.258
identical_balls_trick_000_018.mp4,164,2.736067,32,sports ball,0.858172,570.358,351.594,619.787,398.936,595.072,375.265,49.429,47.342
identical_balls_trick_000_018.mp4,164,2.736067,32,sports ball,0.814242,561.811,128.480,609.655,176.303,585.733,152.391,47.844,47.823
identical_balls_trick_000_018.mp4,164,2.736067,32,sports ball,0.618308,479.893,514.925,525.487,559.686,502.690,537.306,45.594,44.761
identical_balls_trick_000_018.mp4,165,2.752750,32,sports ball,0.786909,565.094,351.370,615.606,398.532,590.350,374.951,50.512,47.161
identical_balls_trick_000_018.mp4,165,2.752750,32,sports ball,0.620572,562.628,115.337,609.848,164.169,586.238,139.753,47.220,48.832
identical_balls_trick_000_018.mp4,165,2.752750,32,sports ball,0.285110,477.015,527.672,521.547,572.856,499.281,550.264,44.531,45.184
identical_balls_trick_000_018.mp4,166,2.769433,32,sports ball,0.786403,562.481,105.482,609.957,154.547,586.219,130.015,47.477,49.064
identical_balls_trick_000_018.mp4,166,2.769433,32,sports ball,0.779963,562.072,351.173,611.851,398.957,586.962,375.065,49.779,47.784
identical_balls_trick_000_018.mp4,166,2.769433,32,sports ball,0.533493,472.257,538.709,515.978,583.646,494.118,561.178,43.721,44.937
identical_balls_trick_000_018.mp4,167,2.786117,32,sports ball,0.827322,558.289,350.638,610.075,400.409,584.182,375.524,51.786,49.771
identical_balls_trick_000_018.mp4,167,2.786117,32,sports ball,0.763012,562.894,97.312,610.260,146.677,586.577,121.994,47.366,49.366
identical_balls_trick_000_018.mp4,167,2.786117,32,sports ball,0.368228,467.336,546.894,510.892,592.266,489.114,569.580,43.556,45.372
identical_balls_trick_000_018.mp4,168,2.802800,32,sports ball,0.880180,557.158,349.877,608.349,400.322,582.754,375.100,51.191,50.445
identical_balls_trick_000_018.mp4,168,2.802800,32,sports ball,0.737303,562.842,90.862,610.402,140.185,586.622,115.524,47.560,49.324
identical_balls_trick_000_018.mp4,168,2.802800,32,sports ball,0.641409,461.325,552.104,506.208,598.758,483.767,575.431,44.883,46.654
identical_balls_trick_000_018.mp4,169,2.819483,32,sports ball,0.847457,562.843,87.019,610.588,136.475,586.716,111.747,47.745,49.456
identical_balls_trick_000_018.mp4,169,2.819483,32,sports ball,0.784528,558.001,348.842,608.688,400.087,583.345,374.465,50.687,51.245
identical_balls_trick_000_018.mp4,169,2.819483,32,sports ball,0.678381,456.024,554.450,500.134,600.585,478.079,577.518,44.110,46.135
identical_balls_trick_000_018.mp4,170,2.836167,32,sports ball,0.852865,563.170,84.606,610.852,134.273,587.011,109.439,47.682,49.668
identical_balls_trick_000_018.mp4,170,2.836167,32,sports ball,0.787814,451.539,553.439,496.960,599.342,474.249,576.391,45.421,45.903
identical_balls_trick_000_018.mp4,170,2.836167,32,sports ball,0.786961,560.567,346.235,611.362,397.298,585.965,371.767,50.795,51.064
identical_balls_trick_000_018.mp4,171,2.852850,32,sports ball,0.868914,563.627,84.023,611.029,134.228,587.328,109.126,47.402,50.205
identical_balls_trick_000_018.mp4,171,2.852850,32,sports ball,0.855484,563.503,344.744,614.610,392.853,589.056,368.798,51.107,48.109
identical_balls_trick_000_018.mp4,171,2.852850,32,sports ball,0.750401,447.188,548.066,493.174,593.321,470.181,570.694,45.986,45.255
identical_balls_trick_000_018.mp4,172,2.869533,32,sports ball,0.849327,564.048,85.899,611.133,135.770,587.591,110.834,47.085,49.870
identical_balls_trick_000_018.mp4,172,2.869533,32,sports ball,0.708689,568.768,343.047,618.205,389.560,593.487,366.303,49.438,46.513
identical_balls_trick_000_018.mp4,172,2.869533,32,sports ball,0.442971,442.371,538.245,489.204,582.843,465.787,560.544,46.833,44.598
identical_balls_trick_000_018.mp4,173,2.886217,32,sports ball,0.847378,564.184,89.513,610.950,139.508,587.567,114.511,46.766,49.995
identical_balls_trick_000_018.mp4,173,2.886217,32,sports ball,0.666320,574.186,341.245,623.100,389.710,598.643,365.478,48.914,48.465
identical_balls_trick_000_018.mp4,173,2.886217,32,sports ball,0.307019,437.494,523.237,484.203,567.762,460.849,545.500,46.709,44.525
identical_balls_trick_000_018.mp4,174,2.902900,32,sports ball,0.834645,432.260,502.624,479.506,546.224,455.883,524.424,47.246,43.600
identical_balls_trick_000_018.mp4,174,2.902900,32,sports ball,0.824944,564.483,95.513,611.532,144.962,588.007,120.238,47.049,49.449
identical_balls_trick_000_018.mp4,174,2.902900,32,sports ball,0.567794,580.055,342.058,627.230,390.684,603.643,366.371,47.174,48.626
identical_balls_trick_000_018.mp4,175,2.919583,32,sports ball,0.854207,565.131,102.886,612.383,153.007,588.757,127.947,47.252,50.120
identical_balls_trick_000_018.mp4,175,2.919583,32,sports ball,0.668343,427.516,475.949,473.916,517.899,450.716,496.924,46.400,41.950
identical_balls_trick_000_018.mp4,175,2.919583,32,sports ball,0.439362,582.530,344.661,631.429,392.219,606.979,368.440,48.899,47.557
identical_balls_trick_000_018.mp4,176,2.936267,32,sports ball,0.745477,425.755,443.788,472.179,484.616,448.967,464.202,46.424,40.828
identical_balls_trick_000_018.mp4,176,2.936267,32,sports ball,0.712674,565.370,112.831,612.945,162.049,589.158,137.440,47.575,49.218
identical_balls_trick_000_018.mp4,176,2.936267,32,sports ball,0.376727,586.694,348.732,634.788,397.880,610.741,373.306,48.094,49.148
identical_balls_trick_000_018.mp4,177,2.952950,32,sports ball,0.689207,425.087,408.217,471.574,447.866,448.331,428.041,46.486,39.648
identical_balls_trick_000_018.mp4,177,2.952950,32,sports ball,0.599865,565.368,124.684,613.838,174.204,589.603,149.444,48.470,49.520
identical_balls_trick_000_018.mp4,177,2.952950,32,sports ball,0.316396,590.133,355.857,638.340,404.523,614.236,380.190,48.207,48.666
identical_balls_trick_000_018.mp4,178,2.969633,32,sports ball,0.757998,425.090,372.929,471.622,417.685,448.356,395.307,46.532,44.756
identical_balls_trick_000_018.mp4,178,2.969633,32,sports ball,0.411645,566.121,138.659,613.965,187.964,590.043,163.311,47.844,49.304
identical_balls_trick_000_018.mp4,179,2.986317,32,sports ball,0.820704,425.552,340.486,471.701,385.074,448.626,362.780,46.149,44.588
identical_balls_trick_000_018.mp4,179,2.986317,32,sports ball,0.793448,566.537,154.856,613.709,203.960,590.123,179.408,47.171,49.104
identical_balls_trick_000_018.mp4,180,3.003000,32,sports ball,0.892824,565.865,172.647,615.983,221.357,590.924,197.002,50.118,48.710
identical_balls_trick_000_018.mp4,180,3.003000,32,sports ball,0.883583,425.500,309.378,471.775,355.123,448.638,332.250,46.275,45.745
identical_balls_trick_000_018.mp4,180,3.003000,32,sports ball,0.631655,601.048,385.491,648.482,433.694,624.765,409.593,47.434,48.203
identical_balls_trick_000_018.mp4,181,3.019683,32,sports ball,0.827154,566.743,193.330,615.723,241.467,591.233,217.399,48.980,48.137
identical_balls_trick_000_018.mp4,181,3.019683,32,sports ball,0.764269,425.621,280.461,472.019,326.299,448.820,303.380,46.398,45.838
identical_balls_trick_000_018.mp4,181,3.019683,32,sports ball,0.550219,604.618,399.253,651.699,446.424,628.158,422.838,47.080,47.171
identical_balls_trick_000_018.mp4,182,3.036367,32,sports ball,0.788058,426.702,252.851,472.167,298.944,449.434,275.898,45.465,46.092
identical_balls_trick_000_018.mp4,182,3.036367,32,sports ball,0.770312,567.887,214.763,615.511,263.320,591.699,239.041,47.624,48.557
identical_balls_trick_000_018.mp4,182,3.036367,32,sports ball,0.582761,608.577,414.015,655.173,460.591,631.875,437.303,46.596,46.576
identical_balls_trick_000_018.mp4,183,3.053050,32,sports ball,0.802391,567.323,239.438,615.566,287.195,591.445,263.316,48.243,47.757
identical_balls_trick_000_018.mp4,183,3.053050,32,sports ball,0.790361,428.745,226.881,472.614,272.337,450.680,249.609,43.869,45.457
identical_balls_trick_000_018.mp4,183,3.053050,32,sports ball,0.444143,612.247,431.199,657.835,477.231,635.041,454.215,45.588,46.032
identical_balls_trick_000_018.mp4,184,3.069733,32,sports ball,0.808245,428.132,202.570,474.229,248.743,451.181,225.656,46.097,46.173
identical_balls_trick_000_018.mp4,184,3.069733,32,sports ball,0.560961,568.262,264.696,616.271,312.103,592.266,288.399,48.008,47.407
identical_balls_trick_000_018.mp4,184,3.069733,32,sports ball,0.393560,615.321,450.668,660.751,496.025,638.036,473.346,45.430,45.358
identical_balls_trick_000_018.mp4,185,3.086417,32,sports ball,0.845117,429.679,179.879,475.908,226.931,452.794,203.405,46.229,47.052
identical_balls_trick_000_018.mp4,185,3.086417,32,sports ball,0.823311,568.382,292.415,616.440,340.973,592.411,316.694,48.058,48.557
identical_balls_trick_000_018.mp4,185,3.086417,32,sports ball,0.641854,618.205,468.718,664.182,516.285,641.193,492.501,45.977,47.566
identical_balls_trick_000_018.mp4,186,3.103100,32,sports ball,0.856673,568.646,321.818,616.946,371.941,592.796,346.880,48.300,50.122
identical_balls_trick_000_018.mp4,186,3.103100,32,sports ball,0.855807,429.296,159.524,476.632,206.047,452.964,182.785,47.336,46.523
identical_balls_trick_000_018.mp4,186,3.103100,32,sports ball,0.752554,621.306,489.217,668.170,536.282,644.738,512.750,46.864,47.065
identical_balls_trick_000_018.mp4,187,3.119783,32,sports ball,0.841404,431.079,140.279,477.549,187.498,454.314,163.888,46.470,47.220
identical_balls_trick_000_018.mp4,187,3.119783,32,sports ball,0.791188,568.701,353.279,617.512,403.918,593.106,378.599,48.811,50.639
identical_balls_trick_000_018.mp4,187,3.119783,32,sports ball,0.542912,625.169,512.304,671.725,559.847,648.447,536.076,46.556,47.544
identical_balls_trick_000_018.mp4,188,3.136467,32,sports ball,0.794508,431.409,122.407,478.308,170.828,454.859,146.618,46.899,48.421
identical_balls_trick_000_018.mp4,188,3.136467,32,sports ball,0.785771,571.488,384.274,619.883,435.708,595.685,409.991,48.395,51.434
identical_balls_trick_000_018.mp4,188,3.136467,32,sports ball,0.751851,628.835,537.490,675.150,584.710,651.992,561.100,46.315,47.220
identical_balls_trick_000_018.mp4,189,3.153150,32,sports ball,0.854417,432.330,107.378,479.137,154.862,455.734,131.120,46.807,47.484
identical_balls_trick_000_018.mp4,189,3.153150,32,sports ball,0.630413,577.497,411.241,626.973,460.481,602.235,435.861,49.476,49.240
identical_balls_trick_000_018.mp4,189,3.153150,32,sports ball,0.506370,633.663,554.392,679.843,600.613,656.753,577.503,46.180,46.221
identical_balls_trick_000_018.mp4,190,3.169833,32,sports ball,0.869148,586.928,437.802,635.468,487.812,611.198,462.807,48.539,50.011
identical_balls_trick_000_018.mp4,190,3.169833,32,sports ball,0.840526,433.462,93.537,481.063,140.943,457.263,117.240,47.601,47.406
identical_balls_trick_000_018.mp4,190,3.169833,32,sports ball,0.674736,636.141,565.063,682.281,609.027,659.211,587.045,46.140,43.965
identical_balls_trick_000_018.mp4,190,3.169833,32,sports ball,0.150466,38.791,660.411,77.017,699.282,57.904,679.847,38.226,38.871
identical_balls_trick_000_018.mp4,191,3.186517,32,sports ball,0.782793,435.024,81.276,482.318,130.323,458.671,105.799,47.294,49.047
identical_balls_trick_000_018.mp4,191,3.186517,32,sports ball,0.743623,634.057,576.051,679.931,619.400,656.994,597.725,45.874,43.349
identical_balls_trick_000_018.mp4,191,3.186517,32,sports ball,0.730808,598.540,464.920,646.466,514.474,622.503,489.697,47.927,49.554
identical_balls_trick_000_018.mp4,192,3.203200,32,sports ball,0.851866,436.278,71.258,483.548,120.518,459.913,95.888,47.270,49.260
identical_balls_trick_000_018.mp4,192,3.203200,32,sports ball,0.789591,612.216,489.164,659.506,539.377,635.861,514.271,47.290,50.213
identical_balls_trick_000_018.mp4,192,3.203200,32,sports ball,0.749309,628.470,583.909,674.464,629.602,651.467,606.755,45.994,45.693
identical_balls_trick_000_018.mp4,193,3.219883,32,sports ball,0.894666,437.104,63.787,484.827,112.708,460.966,88.248,47.723,48.921
identical_balls_trick_000_018.mp4,193,3.219883,32,sports ball,0.883354,625.803,507.765,671.686,557.579,648.744,532.672,45.884,49.815
identical_balls_trick_000_018.mp4,193,3.219883,32,sports ball,0.801951,621.505,594.883,667.490,641.175,644.498,618.029,45.985,46.292
identical_balls_trick_000_018.mp4,194,3.236567,32,sports ball,0.861498,438.339,57.204,486.956,107.223,462.647,82.213,48.617,50.019
identical_balls_trick_000_018.mp4,194,3.236567,32,sports ball,0.775873,619.369,603.299,665.230,649.423,642.300,626.361,45.861,46.124
identical_balls_trick_000_018.mp4,194,3.236567,32,sports ball,0.769262,637.574,521.987,682.882,570.851,660.228,546.419,45.307,48.864
identical_balls_trick_000_018.mp4,195,3.253250,32,sports ball,0.833018,440.427,53.415,488.232,103.089,464.330,78.252,47.805,49.674
identical_balls_trick_000_018.mp4,195,3.253250,32,sports ball,0.723344,649.840,534.024,695.006,582.864,672.423,558.444,45.166,48.840
identical_balls_trick_000_018.mp4,195,3.253250,32,sports ball,0.485301,619.320,611.539,664.943,656.469,642.132,634.004,45.622,44.929
identical_balls_trick_000_018.mp4,196,3.269933,32,sports ball,0.826955,662.100,543.916,707.333,592.627,684.716,568.272,45.234,48.711
identical_balls_trick_000_018.mp4,196,3.269933,32,sports ball,0.815790,441.567,51.291,489.567,101.112,465.567,76.201,48.000,49.821
identical_balls_trick_000_018.mp4,196,3.269933,32,sports ball,0.625196,619.189,621.758,662.171,664.875,640.680,643.316,42.982,43.116
identical_balls_trick_000_018.mp4,197,3.286617,32,sports ball,0.844850,443.046,51.067,491.695,101.119,467.371,76.093,48.649,50.052
identical_balls_trick_000_018.mp4,197,3.286617,32,sports ball,0.820416,673.695,551.421,718.337,600.742,696.016,576.081,44.642,49.320
identical_balls_trick_000_018.mp4,197,3.286617,32,sports ball,0.519724,617.560,624.659,662.312,668.638,639.936,646.648,44.751,43.979
identical_balls_trick_000_018.mp4,198,3.303300,32,sports ball,0.820153,444.167,52.942,492.928,102.985,468.547,77.963,48.761,50.043
identical_balls_trick_000_018.mp4,198,3.303300,32,sports ball,0.787484,683.868,557.556,728.504,604.801,706.186,581.178,44.636,47.244
identical_balls_trick_000_018.mp4,198,3.303300,32,sports ball,0.690985,617.672,624.516,661.429,669.440,639.551,646.978,43.757,44.925
identical_balls_trick_000_018.mp4,199,3.319983,32,sports ball,0.868591,691.284,561.370,737.902,607.060,714.593,584.215,46.618,45.690
identical_balls_trick_000_018.mp4,199,3.319983,32,sports ball,0.815893,446.424,56.490,494.307,106.571,470.366,81.531,47.883,50.081
identical_balls_trick_000_018.mp4,199,3.319983,32,sports ball,0.725852,615.091,622.071,659.202,667.037,637.146,644.554,44.111,44.966
identical_balls_trick_000_018.mp4,200,3.336667,32,sports ball,0.885443,699.413,563.210,745.296,607.329,722.354,585.269,45.884,44.119
identical_balls_trick_000_018.mp4,200,3.336667,32,sports ball,0.847563,448.321,62.052,495.493,111.741,471.907,86.897,47.173,49.689
identical_balls_trick_000_018.mp4,200,3.336667,32,sports ball,0.835667,611.682,616.677,655.303,662.021,633.492,639.349,43.622,45.344
identical_balls_trick_000_018.mp4,201,3.353350,32,sports ball,0.834939,449.245,70.174,496.893,119.655,473.069,94.914,47.648,49.481
identical_balls_trick_000_018.mp4,201,3.353350,32,sports ball,0.831669,704.690,562.432,751.536,606.860,728.113,584.646,46.846,44.428
identical_balls_trick_000_018.mp4,201,3.353350,32,sports ball,0.385841,608.920,611.242,651.211,654.165,630.066,632.703,42.291,42.923
identical_balls_trick_000_018.mp4,202,3.370033,32,sports ball,0.881874,708.489,560.170,755.923,603.983,732.206,582.077,47.435,43.813
identical_balls_trick_000_018.mp4,202,3.370033,32,sports ball,0.777710,450.869,80.008,498.571,129.679,474.720,104.844,47.702,49.671
identical_balls_trick_000_018.mp4,202,3.370033,32,sports ball,0.726910,604.588,601.580,647.346,644.632,625.967,623.106,42.758,43.051
identical_balls_trick_000_018.mp4,203,3.386717,32,sports ball,0.802186,452.377,92.309,499.747,140.942,476.062,116.626,47.370,48.633
identical_balls_trick_000_018.mp4,203,3.386717,32,sports ball,0.772699,711.228,555.153,758.842,599.779,735.035,577.466,47.614,44.626
identical_balls_trick_000_018.mp4,203,3.386717,32,sports ball,0.657582,600.906,588.676,643.910,631.466,622.408,610.071,43.004,42.789
identical_balls_trick_000_018.mp4,204,3.403400,32,sports ball,0.813522,454.798,106.301,501.288,155.532,478.043,130.917,46.490,49.231
identical_balls_trick_000_018.mp4,204,3.403400,32,sports ball,0.803385,711.626,549.343,759.847,594.432,735.737,571.887,48.221,45.089
identical_balls_trick_000_018.mp4,204,3.403400,32,sports ball,0.758985,597.835,570.495,640.944,611.697,619.390,591.096,43.109,41.202
identical_balls_trick_000_018.mp4,205,3.420083,32,sports ball,0.814751,455.575,122.134,503.839,171.327,479.707,146.730,48.264,49.194
identical_balls_trick_000_018.mp4,205,3.420083,32,sports ball,0.675794,594.714,548.226,638.425,589.107,616.569,568.666,43.711,40.881
identical_balls_trick_000_018.mp4,205,3.420083,32,sports ball,0.507484,710.980,540.440,759.250,587.296,735.115,563.868,48.270,46.856
identical_balls_trick_000_018.mp4,206,3.436767,32,sports ball,0.857654,708.601,529.789,756.930,574.652,732.766,552.220,48.328,44.863
identical_balls_trick_000_018.mp4,206,3.436767,32,sports ball,0.840675,457.758,140.595,505.039,188.692,481.398,164.643,47.281,48.097
identical_balls_trick_000_018.mp4,206,3.436767,32,sports ball,0.759255,589.827,520.147,635.171,558.831,612.499,539.489,45.343,38.684
identical_balls_trick_000_018.mp4,207,3.453450,32,sports ball,0.763618,586.336,485.766,633.537,528.424,609.937,507.095,47.201,42.658
identical_balls_trick_000_018.mp4,207,3.453450,32,sports ball,0.751730,458.637,160.800,506.263,208.852,482.450,184.826,47.626,48.052
identical_balls_trick_000_018.mp4,207,3.453450,32,sports ball,0.581378,703.723,515.082,752.990,560.968,728.356,538.025,49.267,45.886
identical_balls_trick_000_018.mp4,208,3.470133,32,sports ball,0.788722,460.451,182.644,508.404,230.528,484.427,206.586,47.954,47.883
identical_balls_trick_000_018.mp4,208,3.470133,32,sports ball,0.754092,584.315,447.988,632.026,492.626,608.170,470.307,47.711,44.638
identical_balls_trick_000_018.mp4,208,3.470133,32,sports ball,0.749668,699.872,497.139,746.655,545.573,723.263,521.356,46.783,48.435
identical_balls_trick_000_018.mp4,209,3.486817,32,sports ball,0.736332,462.208,207.076,509.357,254.755,485.783,230.915,47.149,47.679
identical_balls_trick_000_018.mp4,209,3.486817,32,sports ball,0.526664,583.110,408.293,629.550,455.424,606.330,431.859,46.441,47.131
identical_balls_trick_000_018.mp4,209,3.486817,32,sports ball,0.202370,689.692,479.768,737.469,528.312,713.581,504.040,47.777,48.544
identical_balls_trick_000_018.mp4,210,3.503500,32,sports ball,0.793369,464.962,232.104,510.653,280.625,487.808,256.364,45.691,48.521
identical_balls_trick_000_018.mp4,210,3.503500,32,sports ball,0.784973,678.548,460.609,726.744,504.716,702.646,482.663,48.196,44.106
identical_balls_trick_000_018.mp4,210,3.503500,32,sports ball,0.654281,580.623,370.080,628.409,418.104,604.516,394.092,47.786,48.025
identical_balls_trick_000_018.mp4,211,3.520183,32,sports ball,0.858286,465.434,260.296,512.350,308.598,488.892,284.447,46.916,48.302
identical_balls_trick_000_018.mp4,211,3.520183,32,sports ball,0.788326,579.280,335.499,627.304,384.003,603.292,359.751,48.023,48.505
identical_balls_trick_000_018.mp4,211,3.520183,32,sports ball,0.737820,667.582,442.856,715.039,487.807,691.311,465.331,47.457,44.951
identical_balls_trick_000_018.mp4,212,3.536867,32,sports ball,0.886779,467.068,290.480,513.890,338.501,490.479,314.491,46.821,48.021
identical_balls_trick_000_018.mp4,212,3.536867,32,sports ball,0.839646,656.508,428.696,704.001,475.750,680.255,452.223,47.493,47.054
identical_balls_trick_000_018.mp4,212,3.536867,32,sports ball,0.839306,577.574,300.920,625.322,348.352,601.448,324.636,47.748,47.432
identical_balls_trick_000_018.mp4,213,3.553550,32,sports ball,0.866576,468.504,322.895,516.099,369.435,492.301,346.165,47.595,46.541
identical_balls_trick_000_018.mp4,213,3.553550,32,sports ball,0.551523,576.101,269.195,623.222,314.723,599.661,291.959,47.121,45.528
identical_balls_trick_000_018.mp4,213,3.553550,32,sports ball,0.372132,645.690,416.548,693.928,463.126,669.809,439.837,48.238,46.578
identical_balls_trick_000_018.mp4,214,3.570233,32,sports ball,0.803211,470.495,355.767,517.412,403.816,493.954,379.791,46.917,48.049
identical_balls_trick_000_018.mp4,214,3.570233,32,sports ball,0.656781,635.651,405.145,682.343,452.282,658.997,428.714,46.691,47.137
identical_balls_trick_000_018.mp4,214,3.570233,32,sports ball,0.549117,574.829,237.970,622.452,284.074,598.640,261.022,47.623,46.104
identical_balls_trick_000_018.mp4,215,3.586917,32,sports ball,0.818026,472.034,391.099,518.414,438.758,495.224,414.929,46.380,47.658
identical_balls_trick_000_018.mp4,215,3.586917,32,sports ball,0.723683,573.522,207.829,621.142,254.599,597.332,231.214,47.620,46.771
identical_balls_trick_000_018.mp4,215,3.586917,32,sports ball,0.592246,625.764,396.557,671.333,442.578,648.549,419.567,45.569,46.021
identical_balls_trick_000_018.mp4,216,3.603600,32,sports ball,0.786925,571.616,180.724,619.476,227.609,595.546,204.166,47.860,46.884
identical_balls_trick_000_018.mp4,216,3.603600,32,sports ball,0.708750,613.473,391.683,660.096,436.349,636.784,414.016,46.623,44.666
identical_balls_trick_000_018.mp4,216,3.603600,32,sports ball,0.621577,474.167,428.949,520.405,476.305,497.286,452.627,46.237,47.356
identical_balls_trick_000_018.mp4,217,3.620283,32,sports ball,0.740130,571.042,156.172,617.557,202.221,594.299,179.196,46.515,46.050
identical_balls_trick_000_018.mp4,217,3.620283,32,sports ball,0.407933,476.098,467.662,523.312,517.360,499.705,492.511,47.214,49.698
identical_balls_trick_000_018.mp4,217,3.620283,32,sports ball,0.217789,608.692,383.888,655.242,429.390,631.967,406.639,46.550,45.502
identical_balls_trick_000_018.mp4,218,3.636967,32,sports ball,0.527818,569.783,132.390,615.916,177.545,592.850,154.967,46.133,45.155
identical_balls_trick_000_018.mp4,218,3.636967,32,sports ball,0.491052,480.143,501.474,525.065,549.471,502.604,525.472,44.923,47.998
identical_balls_trick_000_018.mp4,219,3.653650,32,sports ball,0.797337,568.821,110.663,614.750,156.505,591.785,133.584,45.929,45.842
identical_balls_trick_000_018.mp4,219,3.653650,32,sports ball,0.431820,474.058,515.287,520.738,561.102,497.398,538.195,46.680,45.815
identical_balls_trick_000_018.mp4,220,3.670333,32,sports ball,0.677593,567.513,89.732,612.709,137.550,590.111,113.641,45.195,47.818
identical_balls_trick_000_018.mp4,221,3.687017,32,sports ball,0.755348,565.422,71.814,611.214,119.239,588.318,95.526,45.792,47.424
identical_balls_trick_000_018.mp4,221,3.687017,32,sports ball,0.464062,468.357,534.817,513.522,580.310,490.939,557.563,45.165,45.493
identical_balls_trick_000_018.mp4,221,3.687017,32,sports ball,0.273714,596.549,386.818,643.898,415.766,620.223,401.292,47.348,28.948
identical_balls_trick_000_018.mp4,222,3.703700,32,sports ball,0.719982,564.024,55.640,610.139,103.506,587.081,79.573,46.114,47.866
identical_balls_trick_000_018.mp4,222,3.703700,32,sports ball,0.309979,591.607,387.337,640.143,434.615,615.875,410.976,48.536,47.278
identical_balls_trick_000_018.mp4,222,3.703700,32,sports ball,0.233500,462.474,542.743,507.542,588.302,485.008,565.523,45.067,45.559
identical_balls_trick_000_018.mp4,222,3.703700,32,sports ball,0.179465,592.573,387.060,639.522,415.972,616.047,401.516,46.949,28.911
identical_balls_trick_000_018.mp4,223,3.720383,32,sports ball,0.836994,562.448,41.316,608.513,89.907,585.480,65.612,46.065,48.590
identical_balls_trick_000_018.mp4,223,3.720383,32,sports ball,0.711656,587.983,385.731,636.119,430.143,612.051,407.937,48.136,44.413
identical_balls_trick_000_018.mp4,223,3.720383,32,sports ball,0.580588,455.540,548.682,502.987,594.484,479.264,571.583,47.447,45.801
identical_balls_trick_000_018.mp4,224,3.737067,32,sports ball,0.763154,561.218,29.049,606.973,76.738,584.095,52.893,45.755,47.689
identical_balls_trick_000_018.mp4,224,3.737067,32,sports ball,0.739836,586.539,383.919,633.116,427.603,609.828,405.761,46.577,43.683
identical_balls_trick_000_018.mp4,224,3.737067,32,sports ball,0.588997,449.287,553.997,494.748,599.004,472.017,576.500,45.461,45.008
identical_balls_trick_000_018.mp4,225,3.753750,32,sports ball,0.883870,584.053,381.396,630.514,423.531,607.283,402.464,46.461,42.135
identical_balls_trick_000_018.mp4,225,3.753750,32,sports ball,0.822099,559.525,17.772,605.564,66.992,582.545,42.382,46.038,49.219
identical_balls_trick_000_018.mp4,225,3.753750,32,sports ball,0.350541,443.642,557.029,489.209,602.065,466.425,579.547,45.568,45.036
identical_balls_trick_000_018.mp4,226,3.770433,32,sports ball,0.720707,557.886,9.240,604.450,58.591,581.168,33.915,46.564,49.350
identical_balls_trick_000_018.mp4,226,3.770433,32,sports ball,0.651241,582.334,379.437,628.889,417.277,605.612,398.357,46.555,37.840
identical_balls_trick_000_018.mp4,226,3.770433,32,sports ball,0.361978,439.496,558.106,485.290,602.794,462.393,580.450,45.794,44.688
identical_balls_trick_000_018.mp4,227,3.787117,32,sports ball,0.638504,556.338,3.391,602.930,52.238,579.634,27.814,46.592,48.847
identical_balls_trick_000_018.mp4,227,3.787117,32,sports ball,0.550345,578.798,372.972,627.587,408.726,603.192,390.849,48.789,35.755
identical_balls_trick_000_018.mp4,227,3.787117,32,sports ball,0.396262,436.496,555.204,482.439,600.776,459.467,577.990,45.943,45.572
identical_balls_trick_000_018.mp4,228,3.803800,32,sports ball,0.747043,578.513,364.988,626.709,400.676,602.611,382.832,48.195,35.688
identical_balls_trick_000_018.mp4,228,3.803800,32,sports ball,0.630981,555.322,0.538,601.071,47.002,578.196,23.770,45.748,46.465
identical_balls_trick_000_018.mp4,228,3.803800,32,sports ball,0.407353,433.249,550.029,479.439,595.659,456.344,572.844,46.190,45.630
identical_balls_trick_000_018.mp4,229,3.820483,32,sports ball,0.711061,579.951,357.455,626.407,396.865,603.179,377.160,46.456,39.410
identical_balls_trick_000_018.mp4,229,3.820483,32,sports ball,0.614266,554.310,0.125,599.464,44.132,576.887,22.129,45.154,44.007
identical_balls_trick_000_018.mp4,229,3.820483,32,sports ball,0.324344,429.864,541.629,476.087,587.020,452.975,564.324,46.223,45.391
identical_balls_trick_000_018.mp4,230,3.837167,32,sports ball,0.486105,552.067,0.054,597.535,43.383,574.801,21.719,45.468,43.329
identical_balls_trick_000_018.mp4,230,3.837167,32,sports ball,0.288766,426.446,529.099,472.584,574.073,449.515,551.586,46.138,44.974
identical_balls_trick_000_018.mp4,231,3.853850,32,sports ball,0.743075,549.959,0.025,595.479,44.721,572.719,22.373,45.520,44.696
identical_balls_trick_000_018.mp4,231,3.853850,32,sports ball,0.655100,421.633,511.577,467.565,555.833,444.599,533.705,45.932,44.256
identical_balls_trick_000_018.mp4,231,3.853850,32,sports ball,0.297634,578.774,341.974,626.102,389.956,602.438,365.965,47.328,47.982
identical_balls_trick_000_018.mp4,232,3.870533,32,sports ball,0.752903,548.902,0.299,594.511,47.995,571.706,24.147,45.609,47.696
identical_balls_trick_000_018.mp4,232,3.870533,32,sports ball,0.397175,577.797,341.107,625.675,389.156,601.736,365.131,47.878,48.049
identical_balls_trick_000_018.mp4,232,3.870533,32,sports ball,0.296392,417.600,488.238,463.135,531.558,440.367,509.898,45.535,43.320
identical_balls_trick_000_018.mp4,233,3.887217,32,sports ball,0.804172,547.312,4.187,593.095,53.427,570.203,28.807,45.783,49.240
identical_balls_trick_000_018.mp4,233,3.887217,32,sports ball,0.721540,415.155,460.027,460.273,501.912,437.714,480.970,45.118,41.885
identical_balls_trick_000_018.mp4,233,3.887217,32,sports ball,0.458518,577.676,342.163,624.935,390.116,601.305,366.140,47.259,47.952
identical_balls_trick_000_018.mp4,234,3.903900,32,sports ball,0.815928,545.815,11.301,591.544,60.119,568.680,35.710,45.730,48.818
identical_balls_trick_000_018.mp4,234,3.903900,32,sports ball,0.705151,413.520,425.224,460.104,465.623,436.812,445.424,46.584,40.399
identical_balls_trick_000_018.mp4,234,3.903900,32,sports ball,0.496182,577.016,345.723,624.680,392.702,600.848,369.213,47.664,46.979
identical_balls_trick_000_018.mp4,235,3.920583,32,sports ball,0.828564,544.639,20.040,589.769,69.607,567.204,44.823,45.131,49.567
identical_balls_trick_000_018.mp4,235,3.920583,32,sports ball,0.698542,416.922,388.459,461.223,427.648,439.072,408.054,44.300,39.189
identical_balls_trick_000_018.mp4,235,3.920583,32,sports ball,0.351809,576.596,351.528,623.852,398.267,600.224,374.897,47.255,46.739
identical_balls_trick_000_018.mp4,236,3.937267,32,sports ball,0.754857,419.483,353.224,465.490,394.247,442.486,373.736,46.007,41.023
identical_balls_trick_000_018.mp4,236,3.937267,32,sports ball,0.662247,543.682,31.699,588.516,79.679,566.099,55.689,44.835,47.981
identical_balls_trick_000_018.mp4,236,3.937267,32,sports ball,0.300698,576.144,357.366,623.220,405.406,599.682,381.386,47.076,48.040
identical_balls_trick_000_018.mp4,237,3.953950,32,sports ball,0.875971,541.414,44.673,587.013,92.888,564.214,68.781,45.598,48.214
identical_balls_trick_000_018.mp4,237,3.953950,32,sports ball,0.847707,423.414,319.293,468.226,362.282,445.820,340.787,44.812,42.989
identical_balls_trick_000_018.mp4,237,3.953950,32,sports ball,0.238435,575.662,367.565,622.749,414.299,599.206,390.932,47.087,46.734
identical_balls_trick_000_018.mp4,238,3.970633,32,sports ball,0.835740,540.006,58.880,586.131,107.528,563.068,83.204,46.125,48.648
identical_balls_trick_000_018.mp4,238,3.970633,32,sports ball,0.726563,426.059,286.615,470.849,331.319,448.454,308.967,44.790,44.704
identical_balls_trick_000_018.mp4,238,3.970633,32,sports ball,0.390456,574.089,377.801,622.080,425.013,598.084,401.407,47.991,47.212
identical_balls_trick_000_018.mp4,239,3.987317,32,sports ball,0.867009,538.424,76.184,584.317,123.746,561.371,99.965,45.893,47.562
identical_balls_trick_000_018.mp4,239,3.987317,32,sports ball,0.835733,429.363,256.121,473.534,299.879,451.448,278.000,44.172,43.758
identical_balls_trick_000_018.mp4,239,3.987317,32,sports ball,0.568252,575.205,390.252,620.863,436.770,598.034,413.511,45.658,46.518
identical_balls_trick_000_018.mp4,240,4.004000,32,sports ball,0.818975,537.640,95.252,582.934,142.022,560.287,118.637,45.294,46.770
identical_balls_trick_000_018.mp4,240,4.004000,32,sports ball,0.747341,431.079,227.589,476.208,271.699,453.643,249.644,45.129,44.109
identical_balls_trick_000_018.mp4,240,4.004000,32,sports ball,0.261260,574.279,405.427,619.278,451.641,596.779,428.534,44.998,46.214
identical_balls_trick_000_018.mp4,241,4.020683,32,sports ball,0.805921,536.157,115.142,581.070,162.703,558.613,138.922,44.912,47.561
identical_balls_trick_000_018.mp4,241,4.020683,32,sports ball,0.747158,433.323,200.608,478.646,245.719,455.984,223.163,45.324,45.111
identical_balls_trick_000_018.mp4,241,4.020683,32,sports ball,0.187440,572.826,422.959,617.276,467.934,595.051,445.447,44.451,44.975
identical_balls_trick_000_018.mp4,242,4.037367,32,sports ball,0.871794,436.002,175.571,481.561,219.704,458.782,197.638,45.559,44.133
identical_balls_trick_000_018.mp4,242,4.037367,32,sports ball,0.796353,535.077,137.571,580.295,185.319,557.686,161.445,45.218,47.748
identical_balls_trick_000_018.mp4,242,4.037367,32,sports ball,0.595811,571.400,439.921,617.533,486.032,594.466,462.976,46.133,46.112
identical_balls_trick_000_018.mp4,243,4.054050,32,sports ball,0.860112,438.904,152.083,484.063,197.380,461.484,174.732,45.159,45.297
identical_balls_trick_000_018.mp4,243,4.054050,32,sports ball,0.796426,533.522,162.406,578.744,209.169,556.133,185.788,45.222,46.763
identical_balls_trick_000_018.mp4,243,4.054050,32,sports ball,0.389393,569.798,459.317,616.210,506.275,593.004,482.796,46.412,46.959
identical_balls_trick_000_018.mp4,244,4.070733,32,sports ball,0.847820,442.096,131.207,487.565,176.138,464.830,153.673,45.469,44.932
identical_balls_trick_000_018.mp4,244,4.070733,32,sports ball,0.734840,532.720,187.136,577.957,234.495,555.339,210.815,45.237,47.359
identical_balls_trick_000_018.mp4,244,4.070733,32,sports ball,0.553513,568.866,480.847,615.774,527.852,592.320,504.349,46.909,47.005
identical_balls_trick_000_018.mp4,245,4.087417,32,sports ball,0.867596,445.313,111.286,491.528,157.781,468.421,134.534,46.214,46.495
identical_balls_trick_000_018.mp4,245,4.087417,32,sports ball,0.730533,531.809,215.788,576.654,263.407,554.231,239.598,44.845,47.619
identical_balls_trick_000_018.mp4,245,4.087417,32,sports ball,0.464586,567.951,504.340,614.422,551.588,591.186,527.964,46.470,47.247
identical_balls_trick_000_018.mp4,246,4.104100,32,sports ball,0.865576,448.580,93.602,493.962,140.020,471.271,116.811,45.382,46.418
identical_balls_trick_000_018.mp4,246,4.104100,32,sports ball,0.788523,530.822,245.102,575.204,293.926,553.013,269.514,44.382,48.824
identical_balls_trick_000_018.mp4,246,4.104100,32,sports ball,0.675456,567.367,528.060,612.621,574.688,589.994,551.374,45.254,46.629
identical_balls_trick_000_018.mp4,247,4.120783,32,sports ball,0.766694,450.945,77.956,497.038,124.333,473.991,101.144,46.093,46.377
identical_balls_trick_000_018.mp4,247,4.120783,32,sports ball,0.691656,529.910,276.595,573.688,326.322,551.799,301.458,43.778,49.727
identical_balls_trick_000_018.mp4,247,4.120783,32,sports ball,0.615824,567.777,536.062,613.356,580.733,590.567,558.397,45.579,44.671
identical_balls_trick_000_018.mp4,248,4.137467,32,sports ball,0.868592,454.752,64.586,500.352,110.926,477.552,87.756,45.599,46.340
identical_balls_trick_000_018.mp4,248,4.137467,32,sports ball,0.792460,527.405,309.052,573.820,358.287,550.612,333.669,46.415,49.235
identical_balls_trick_000_018.mp4,248,4.137467,32,sports ball,0.627192,568.849,543.990,614.107,589.239,591.478,566.614,45.259,45.249
identical_balls_trick_000_018.mp4,249,4.154150,32,sports ball,0.840853,459.076,52.241,503.796,98.927,481.436,75.584,44.720,46.686
identical_balls_trick_000_018.mp4,249,4.154150,32,sports ball,0.824192,526.902,343.415,573.170,392.553,550.036,367.984,46.268,49.138
identical_balls_trick_000_018.mp4,249,4.154150,32,sports ball,0.714619,571.486,552.134,613.944,597.238,592.715,574.686,42.458,45.104
identical_balls_trick_000_018.mp4,250,4.170833,32,sports ball,0.836688,462.459,41.605,507.496,88.854,484.977,65.229,45.037,47.249
identical_balls_trick_000_018.mp4,250,4.170833,32,sports ball,0.666850,530.667,375.301,577.167,422.724,553.917,399.013,46.501,47.424
identical_balls_trick_000_018.mp4,250,4.170833,32,sports ball,0.431401,572.317,561.630,611.913,608.257,592.115,584.944,39.596,46.628
identical_balls_trick_000_018.mp4,251,4.187517,32,sports ball,0.852658,539.510,403.281,585.452,450.714,562.481,426.998,45.942,47.433
identical_balls_trick_000_018.mp4,251,4.187517,32,sports ball,0.793663,465.647,33.610,510.290,80.813,487.968,57.211,44.643,47.204
identical_balls_trick_000_018.mp4,251,4.187517,32,sports ball,0.525798,572.368,573.097,612.079,614.471,592.224,593.784,39.711,41.375
identical_balls_trick_000_018.mp4,252,4.204200,32,sports ball,0.770937,469.470,26.979,514.634,74.717,492.052,50.848,45.164,47.738
identical_balls_trick_000_018.mp4,252,4.204200,32,sports ball,0.730507,572.615,586.619,611.589,625.759,592.102,606.189,38.974,39.140
identical_balls_trick_000_018.mp4,252,4.204200,32,sports ball,0.688635,551.288,426.776,595.862,473.377,573.575,450.076,44.574,46.601
identical_balls_trick_000_018.mp4,253,4.220883,32,sports ball,0.792157,472.949,22.751,518.418,70.535,495.684,46.643,45.468,47.784
identical_balls_trick_000_018.mp4,253,4.220883,32,sports ball,0.711517,571.376,599.103,611.477,635.892,591.427,617.498,40.102,36.789
identical_balls_trick_000_018.mp4,253,4.220883,32,sports ball,0.688525,564.211,448.189,609.511,496.916,586.861,472.553,45.300,48.727
identical_balls_trick_000_018.mp4,254,4.237567,32,sports ball,0.830254,476.651,20.485,521.344,67.978,498.998,44.232,44.692,47.494
identical_balls_trick_000_018.mp4,254,4.237567,32,sports ball,0.734942,581.028,469.221,624.922,515.298,602.975,492.260,43.894,46.076
identical_balls_trick_000_018.mp4,254,4.237567,32,sports ball,0.635719,571.065,610.813,612.207,649.558,591.636,630.185,41.142,38.746
identical_balls_trick_000_018.mp4,255,4.254250,32,sports ball,0.829618,480.781,19.169,525.467,66.884,503.124,43.027,44.686,47.715
identical_balls_trick_000_018.mp4,255,4.254250,32,sports ball,0.731781,599.951,488.044,642.502,535.006,621.227,511.525,42.551,46.962
identical_balls_trick_000_018.mp4,255,4.254250,32,sports ball,0.549678,570.605,619.691,612.067,660.550,591.336,640.121,41.462,40.859
identical_balls_trick_000_018.mp4,256,4.270933,32,sports ball,0.839943,484.053,20.424,529.050,67.907,506.552,44.165,44.996,47.484
identical_balls_trick_000_018.mp4,256,4.270933,32,sports ball,0.767084,619.196,505.616,661.766,549.989,640.481,527.803,42.570,44.373
identical_balls_trick_000_018.mp4,256,4.270933,32,sports ball,0.723571,570.451,624.058,612.409,666.413,591.430,645.236,41.958,42.355
identical_balls_trick_000_018.mp4,257,4.287617,32,sports ball,0.798207,485.930,21.502,530.554,69.243,508.242,45.373,44.625,47.741
identical_balls_trick_000_018.mp4,257,4.287617,32,sports ball,0.737130,570.315,624.361,612.684,667.178,591.499,645.769,42.370,42.817
identical_balls_trick_000_018.mp4,257,4.287617,32,sports ball,0.694847,628.188,513.321,672.004,559.170,650.096,536.245,43.815,45.849
identical_balls_trick_000_018.mp4,258,4.304300,32,sports ball,0.799313,485.914,21.491,530.820,69.222,508.367,45.356,44.906,47.730
identical_balls_trick_000_018.mp4,258,4.304300,32,sports ball,0.698755,570.304,624.374,612.707,667.094,591.506,645.734,42.403,42.720
identical_balls_trick_000_018.mp4,258,4.304300,32,sports ball,0.677044,628.170,513.321,671.941,559.322,650.056,536.322,43.771,46.001
identical_balls_trick_000_018.mp4,259,4.320983,32,sports ball,0.853225,488.116,23.364,532.471,71.223,510.293,47.293,44.356,47.859
identical_balls_trick_000_018.mp4,259,4.320983,32,sports ball,0.728790,571.031,623.981,613.152,666.930,592.091,645.455,42.121,42.949
identical_balls_trick_000_018.mp4,259,4.320983,32,sports ball,0.713523,637.823,519.497,681.910,564.922,659.867,542.209,44.086,45.425
identical_balls_trick_000_018.mp4,260,4.337667,32,sports ball,0.855349,488.100,23.340,532.402,71.215,510.251,47.277,44.301,47.874
identical_balls_trick_000_018.mp4,260,4.337667,32,sports ball,0.804541,637.812,519.509,681.912,564.934,659.862,542.221,44.101,45.425
identical_balls_trick_000_018.mp4,260,4.337667,32,sports ball,0.721711,571.028,623.994,613.171,666.938,592.099,645.466,42.144,42.943
identical_balls_trick_000_018.mp4,261,4.354350,32,sports ball,0.844213,490.168,25.417,535.520,73.204,512.844,49.311,45.353,47.788
identical_balls_trick_000_018.mp4,261,4.354350,32,sports ball,0.615379,648.033,525.338,691.782,571.433,669.907,548.385,43.749,46.095
identical_balls_trick_000_018.mp4,261,4.354350,32,sports ball,0.511429,571.597,622.610,614.059,665.177,592.828,643.894,42.461,42.567
identical_balls_trick_000_018.mp4,262,4.371033,32,sports ball,0.846765,490.163,25.393,535.493,73.188,512.828,49.291,45.330,47.795
identical_balls_trick_000_018.mp4,262,4.371033,32,sports ball,0.632074,648.041,525.327,691.785,571.412,669.913,548.370,43.745,46.085
identical_balls_trick_000_018.mp4,262,4.371033,32,sports ball,0.501624,571.555,622.635,614.007,665.167,592.781,643.901,42.452,42.532
identical_balls_trick_000_018.mp4,263,4.387717,32,sports ball,0.903440,657.555,528.937,701.667,573.772,679.611,551.355,44.112,44.835
identical_balls_trick_000_018.mp4,263,4.387717,32,sports ball,0.886302,491.995,28.015,537.169,75.313,514.582,51.664,45.173,47.298
identical_balls_trick_000_018.mp4,263,4.387717,32,sports ball,0.659088,571.841,619.381,615.376,662.069,593.608,640.725,43.535,42.688
identical_balls_trick_000_018.mp4,264,4.404400,32,sports ball,0.902867,657.571,528.935,701.667,573.765,679.619,551.350,44.096,44.830
identical_balls_trick_000_018.mp4,264,4.404400,32,sports ball,0.888123,492.003,28.023,537.188,75.309,514.596,51.666,45.186,47.287
identical_balls_trick_000_018.mp4,264,4.404400,32,sports ball,0.656199,571.833,619.383,615.377,662.074,593.605,640.729,43.544,42.691
identical_balls_trick_000_018.mp4,265,4.421083,32,sports ball,0.853195,667.470,532.039,711.635,577.536,689.552,554.787,44.165,45.497
identical_balls_trick_000_018.mp4,265,4.421083,32,sports ball,0.851387,494.162,31.579,539.120,77.985,516.641,54.782,44.958,46.405
identical_balls_trick_000_018.mp4,265,4.421083,32,sports ball,0.669815,572.346,615.048,616.686,658.002,594.516,636.525,44.340,42.954
identical_balls_trick_000_018.mp4,266,4.437767,32,sports ball,0.852936,667.472,532.019,711.647,577.716,689.560,554.868,44.174,45.697
identical_balls_trick_000_018.mp4,266,4.437767,32,sports ball,0.844685,494.134,31.570,539.146,77.965,516.640,54.768,45.011,46.395
identical_balls_trick_000_018.mp4,266,4.437767,32,sports ball,0.668474,572.354,615.049,616.686,657.999,594.520,636.524,44.332,42.950
identical_balls_trick_000_018.mp4,267,4.454450,32,sports ball,0.906169,676.279,533.230,720.094,578.548,698.187,555.889,43.815,45.318
identical_balls_trick_000_018.mp4,267,4.454450,32,sports ball,0.862673,496.510,34.930,540.920,82.143,518.715,58.537,44.410,47.213
identical_balls_trick_000_018.mp4,267,4.454450,32,sports ball,0.767825,574.568,610.395,618.527,652.251,596.547,631.323,43.959,41.856
identical_balls_trick_000_018.mp4,268,4.471133,32,sports ball,0.905258,676.265,533.222,720.096,578.555,698.181,555.889,43.832,45.333
identical_balls_trick_000_018.mp4,268,4.471133,32,sports ball,0.864280,496.505,34.920,540.917,82.165,518.711,58.542,44.411,47.245
identical_balls_trick_000_018.mp4,268,4.471133,32,sports ball,0.764506,574.563,610.392,618.530,652.253,596.546,631.323,43.966,41.860
identical_balls_trick_000_018.mp4,269,4.487817,32,sports ball,0.899184,683.902,533.170,728.735,579.190,706.318,556.180,44.833,46.019
identical_balls_trick_000_018.mp4,269,4.487817,32,sports ball,0.836525,498.909,38.668,542.628,86.258,520.768,62.463,43.719,47.590
identical_balls_trick_000_018.mp4,269,4.487817,32,sports ball,0.816796,576.158,603.675,619.893,646.458,598.025,625.067,43.735,42.784
identical_balls_trick_000_018.mp4,270,4.504500,32,sports ball,0.901704,683.935,533.195,728.695,579.182,706.315,556.188,44.759,45.986
identical_balls_trick_000_018.mp4,270,4.504500,32,sports ball,0.844369,498.889,38.689,542.598,86.267,520.744,62.478,43.709,47.578
identical_balls_trick_000_018.mp4,270,4.504500,32,sports ball,0.825409,576.163,603.676,619.888,646.435,598.025,625.056,43.725,42.759
identical_balls_trick_000_018.mp4,271,4.521183,32,sports ball,0.897976,500.779,43.419,544.721,90.318,522.750,66.868,43.943,46.899
identical_balls_trick_000_018.mp4,271,4.521183,32,sports ball,0.897763,691.797,531.994,736.178,577.303,713.988,554.649,44.381,45.309
identical_balls_trick_000_018.mp4,271,4.521183,32,sports ball,0.822863,577.636,596.366,622.182,639.216,599.909,617.791,44.546,42.849
identical_balls_trick_000_018.mp4,272,4.537867,32,sports ball,0.897895,500.765,43.425,544.979,90.318,522.872,66.871,44.215,46.893
identical_balls_trick_000_018.mp4,272,4.537867,32,sports ball,0.896389,691.809,531.993,736.195,577.312,714.002,554.652,44.385,45.319
identical_balls_trick_000_018.mp4,272,4.537867,32,sports ball,0.821840,577.630,596.367,622.188,639.218,599.909,617.792,44.558,42.851
identical_balls_trick_000_018.mp4,273,4.554550,32,sports ball,0.861470,502.640,48.496,546.778,95.607,524.709,72.051,44.138,47.111
identical_balls_trick_000_018.mp4,273,4.554550,32,sports ball,0.834868,699.696,529.664,742.573,574.919,721.134,552.292,42.877,45.255
identical_balls_trick_000_018.mp4,273,4.554550,32,sports ball,0.735455,579.029,587.112,624.177,629.614,601.603,608.363,45.148,42.502
identical_balls_trick_000_018.mp4,274,4.571233,32,sports ball,0.865679,502.614,48.490,546.785,95.603,524.700,72.046,44.172,47.112
identical_balls_trick_000_018.mp4,274,4.571233,32,sports ball,0.843142,699.744,529.652,742.573,575.042,721.159,552.347,42.829,45.390
identical_balls_trick_000_018.mp4,274,4.571233,32,sports ball,0.755635,578.854,587.155,624.095,629.679,601.475,608.417,45.241,42.524
identical_balls_trick_000_018.mp4,275,4.587917,32,sports ball,0.871252,504.687,53.663,548.101,100.052,526.394,76.857,43.413,46.389
identical_balls_trick_000_018.mp4,275,4.587917,32,sports ball,0.807660,705.147,525.420,748.094,569.727,726.620,547.574,42.946,44.307
identical_balls_trick_000_018.mp4,275,4.587917,32,sports ball,0.743272,581.042,576.695,626.483,619.126,603.762,597.911,45.441,42.431
identical_balls_trick_000_018.mp4,276,4.604600,32,sports ball,0.863985,504.695,53.662,548.234,100.105,526.464,76.883,43.538,46.443
identical_balls_trick_000_018.mp4,276,4.604600,32,sports ball,0.802000,705.157,525.416,748.150,569.778,726.654,547.597,42.993,44.362
identical_balls_trick_000_018.mp4,276,4.604600,32,sports ball,0.738021,581.043,576.688,626.502,619.124,603.773,597.906,45.458,42.436
identical_balls_trick_000_018.mp4,277,4.621283,32,sports ball,0.858578,506.573,59.720,550.790,106.625,528.681,83.173,44.217,46.906
identical_balls_trick_000_018.mp4,277,4.621283,32,sports ball,0.764449,710.882,519.315,752.810,564.636,731.846,541.975,41.927,45.321
identical_balls_trick_000_018.mp4,277,4.621283,32,sports ball,0.756286,582.151,564.663,627.920,606.879,605.036,585.771,45.769,42.216
identical_balls_trick_000_018.mp4,278,4.637967,32,sports ball,0.871065,506.588,59.719,550.923,106.739,528.755,83.229,44.335,47.020
identical_balls_trick_000_018.mp4,278,4.637967,32,sports ball,0.769417,710.924,519.282,752.905,564.615,731.915,541.949,41.981,45.332
identical_balls_trick_000_018.mp4,278,4.637967,32,sports ball,0.768486,582.175,564.754,627.911,606.891,605.043,585.823,45.736,42.138
identical_balls_trick_000_018.mp4,279,4.654650,32,sports ball,0.908864,508.338,66.667,552.169,112.584,530.253,89.625,43.830,45.917
identical_balls_trick_000_018.mp4,279,4.654650,32,sports ball,0.879550,714.457,512.816,756.818,556.332,735.637,534.574,42.361,43.517
identical_balls_trick_000_018.mp4,279,4.654650,32,sports ball,0.829542,583.950,550.735,629.833,592.744,606.891,571.740,45.883,42.009
identical_balls_trick_000_018.mp4,280,4.671333,32,sports ball,0.905926,508.360,66.699,552.171,112.771,530.266,89.735,43.811,46.072
identical_balls_trick_000_018.mp4,280,4.671333,32,sports ball,0.872991,714.473,512.805,756.738,556.354,735.605,534.579,42.266,43.549
identical_balls_trick_000_018.mp4,280,4.671333,32,sports ball,0.828097,583.927,550.728,629.853,592.702,606.890,571.715,45.926,41.973
identical_balls_trick_000_018.mp4,281,4.688017,32,sports ball,0.845972,510.175,73.073,554.400,119.475,532.288,96.274,44.226,46.402
identical_balls_trick_000_018.mp4,281,4.688017,32,sports ball,0.578501,584.965,536.490,630.667,577.119,607.816,556.804,45.702,40.630
identical_balls_trick_000_018.mp4,281,4.688017,32,sports ball,0.523748,717.123,504.765,760.083,547.482,738.603,526.124,42.960,42.716
identical_balls_trick_000_018.mp4,282,4.704700,32,sports ball,0.850608,510.252,73.100,554.297,119.471,532.275,96.286,44.044,46.371
identical_balls_trick_000_018.mp4,282,4.704700,32,sports ball,0.600512,585.010,536.494,630.643,577.088,607.826,556.791,45.632,40.594
identical_balls_trick_000_018.mp4,282,4.704700,32,sports ball,0.532875,716.886,504.783,760.080,547.482,738.483,526.132,43.193,42.699
identical_balls_trick_000_018.mp4,283,4.721383,32,sports ball,0.848607,718.642,495.592,761.393,538.369,740.018,516.980,42.751,42.777
identical_balls_trick_000_018.mp4,283,4.721383,32,sports ball,0.838214,512.379,80.166,556.311,127.023,534.345,103.595,43.932,46.857
identical_balls_trick_000_018.mp4,283,4.721383,32,sports ball,0.687614,585.928,519.667,632.373,560.407,609.150,540.037,46.446,40.741
identical_balls_trick_000_018.mp4,284,4.738067,32,sports ball,0.845781,718.637,495.614,761.380,538.373,740.009,516.994,42.743,42.759
identical_balls_trick_000_018.mp4,284,4.738067,32,sports ball,0.837952,512.361,80.165,556.557,127.031,534.459,103.598,44.197,46.867
identical_balls_trick_000_018.mp4,284,4.738067,32,sports ball,0.682301,585.934,519.668,632.376,560.481,609.155,540.075,46.442,40.813
identical_balls_trick_000_018.mp4,285,4.754750,32,sports ball,0.868592,513.643,88.304,558.316,134.551,535.979,111.428,44.673,46.248
identical_balls_trick_000_018.mp4,285,4.754750,32,sports ball,0.681415,717.414,485.807,762.099,528.318,739.756,507.062,44.685,42.511
identical_balls_trick_000_018.mp4,285,4.754750,32,sports ball,0.546165,586.906,500.810,632.902,540.669,609.904,520.739,45.996,39.859
identical_balls_trick_000_018.mp4,286,4.771433,32,sports ball,0.869045,513.641,88.194,558.282,134.527,535.961,111.360,44.641,46.333
identical_balls_trick_000_018.mp4,286,4.771433,32,sports ball,0.693994,717.427,485.827,762.093,528.440,739.760,507.134,44.666,42.613
identical_balls_trick_000_018.mp4,286,4.771433,32,sports ball,0.537622,586.945,500.836,632.975,540.647,609.960,520.742,46.031,39.811
identical_balls_trick_000_018.mp4,287,4.788117,32,sports ball,0.871752,515.903,96.372,559.706,142.281,537.805,119.326,43.804,45.910
identical_balls_trick_000_018.mp4,287,4.788117,32,sports ball,0.747637,716.133,474.766,761.771,518.008,738.952,496.387,45.638,43.241
identical_balls_trick_000_018.mp4,287,4.788117,32,sports ball,0.647907,587.510,480.841,633.200,520.098,610.355,500.470,45.690,39.257
identical_balls_trick_000_018.mp4,288,4.804800,32,sports ball,0.871309,515.893,96.387,559.692,142.286,537.792,119.337,43.799,45.898
identical_balls_trick_000_018.mp4,288,4.804800,32,sports ball,0.744378,716.137,474.766,761.778,518.016,738.957,496.391,45.641,43.251
identical_balls_trick_000_018.mp4,288,4.804800,32,sports ball,0.651147,587.514,480.843,633.188,520.101,610.351,500.472,45.674,39.258
identical_balls_trick_000_018.mp4,289,4.821483,32,sports ball,0.867691,517.836,104.583,562.098,150.766,539.967,127.674,44.262,46.184
identical_balls_trick_000_018.mp4,289,4.821483,32,sports ball,0.735638,714.791,463.479,760.967,507.127,737.879,485.303,46.176,43.648
identical_balls_trick_000_018.mp4,289,4.821483,32,sports ball,0.646887,587.813,460.760,635.077,499.123,611.445,479.941,47.264,38.363
identical_balls_trick_000_018.mp4,290,4.838167,32,sports ball,0.866743,517.880,104.552,561.897,150.738,539.889,127.645,44.016,46.185
identical_balls_trick_000_018.mp4,290,4.838167,32,sports ball,0.706414,714.771,463.401,760.986,507.100,737.879,485.250,46.215,43.699
identical_balls_trick_000_018.mp4,290,4.838167,32,sports ball,0.610988,587.809,460.822,635.075,499.165,611.442,479.994,47.266,38.344
identical_balls_trick_000_018.mp4,291,4.854850,32,sports ball,0.822390,519.976,114.184,563.580,159.625,541.778,136.904,43.605,45.441
identical_balls_trick_000_018.mp4,291,4.854850,32,sports ball,0.804088,588.131,440.964,635.861,481.728,611.996,461.346,47.730,40.765
identical_balls_trick_000_018.mp4,291,4.854850,32,sports ball,0.721988,712.708,450.234,759.155,497.503,735.932,473.868,46.446,47.269
identical_balls_trick_000_018.mp4,292,4.871533,32,sports ball,0.833139,519.981,114.169,563.692,159.625,541.836,136.897,43.711,45.456
identical_balls_trick_000_018.mp4,292,4.871533,32,sports ball,0.812511,588.138,440.961,635.860,481.737,611.999,461.349,47.722,40.776
identical_balls_trick_000_018.mp4,292,4.871533,32,sports ball,0.730310,712.716,450.241,759.156,497.361,735.936,473.801,46.440,47.120
identical_balls_trick_000_018.mp4,293,4.888217,32,sports ball,0.873303,522.008,122.957,566.117,169.069,544.062,146.013,44.109,46.112
identical_balls_trick_000_018.mp4,293,4.888217,32,sports ball,0.824474,707.994,437.437,755.508,482.686,731.751,460.061,47.514,45.250
identical_balls_trick_000_018.mp4,293,4.888217,32,sports ball,0.806933,588.823,420.983,636.735,465.953,612.779,443.468,47.912,44.971
identical_balls_trick_000_018.mp4,294,4.904900,32,sports ball,0.870514,521.992,122.960,566.303,169.072,544.148,146.016,44.311,46.112
identical_balls_trick_000_018.mp4,294,4.904900,32,sports ball,0.825535,708.055,437.428,755.494,482.715,731.774,460.071,47.439,45.287
identical_balls_trick_000_018.mp4,294,4.904900,32,sports ball,0.805022,588.831,420.970,636.750,465.958,612.790,443.464,47.919,44.988
identical_balls_trick_000_018.mp4,295,4.921583,32,sports ball,0.897283,523.963,133.103,568.005,178.746,545.984,155.924,44.042,45.643
identical_balls_trick_000_018.mp4,295,4.921583,32,sports ball,0.782500,705.117,424.551,752.108,470.824,728.613,447.688,46.991,46.273
identical_balls_trick_000_018.mp4,295,4.921583,32,sports ball,0.535388,589.969,401.198,637.341,448.996,613.655,425.097,47.372,47.798
identical_balls_trick_000_018.mp4,296,4.938267,32,sports ball,0.897838,523.960,133.072,568.040,178.742,546.000,155.907,44.081,45.670
identical_balls_trick_000_018.mp4,296,4.938267,32,sports ball,0.771207,705.122,424.554,752.161,470.825,728.642,447.689,47.040,46.270
identical_balls_trick_000_018.mp4,296,4.938267,32,sports ball,0.321898,589.966,401.206,637.328,449.017,613.647,425.111,47.362,47.811
identical_balls_trick_000_018.mp4,297,4.954950,32,sports ball,0.893432,700.567,412.482,746.092,457.615,723.330,435.048,45.525,45.133
identical_balls_trick_000_018.mp4,297,4.954950,32,sports ball,0.885520,525.765,143.667,570.079,189.207,547.922,166.437,44.314,45.540
identical_balls_trick_000_018.mp4,297,4.954950,32,sports ball,0.782463,590.708,383.058,638.262,429.149,614.485,406.103,47.555,46.090
identical_balls_trick_000_018.mp4,298,4.971633,32,sports ball,0.893645,700.649,412.495,746.177,457.600,723.413,435.048,45.528,45.105
identical_balls_trick_000_018.mp4,298,4.971633,32,sports ball,0.882272,525.790,143.589,570.208,189.035,547.999,166.312,44.418,45.446
identical_balls_trick_000_018.mp4,298,4.971633,32,sports ball,0.778921,590.722,383.261,638.232,428.876,614.477,406.068,47.510,45.615
identical_balls_trick_000_018.mp4,299,4.988317,32,sports ball,0.907853,696.301,400.116,741.976,446.784,719.138,423.450,45.675,46.668
identical_balls_trick_000_018.mp4,299,4.988317,32,sports ball,0.892685,528.212,154.491,572.303,199.897,550.258,177.194,44.091,45.406
identical_balls_trick_000_018.mp4,299,4.988317,32,sports ball,0.849382,591.611,364.856,639.042,410.909,615.327,387.882,47.431,46.053
identical_balls_trick_000_018.mp4,300,5.005000,32,sports ball,0.915288,696.219,400.119,741.944,446.920,719.081,423.520,45.725,46.801
identical_balls_trick_000_018.mp4,300,5.005000,32,sports ball,0.900484,528.097,154.471,572.368,199.916,550.233,177.193,44.271,45.445
identical_balls_trick_000_018.mp4,300,5.005000,32,sports ball,0.870241,591.556,364.956,639.003,410.861,615.279,387.909,47.446,45.904
identical_balls_trick_000_018.mp4,301,5.021683,32,sports ball,0.918270,691.399,388.571,737.955,436.629,714.677,412.600,46.556,48.058
identical_balls_trick_000_018.mp4,301,5.021683,32,sports ball,0.893996,529.986,165.237,574.007,210.265,551.996,187.751,44.020,45.028
identical_balls_trick_000_018.mp4,301,5.021683,32,sports ball,0.792231,591.878,345.762,640.092,396.106,615.985,370.934,48.214,50.344
identical_balls_trick_000_018.mp4,302,5.038367,32,sports ball,0.919379,691.487,388.566,737.960,436.470,714.723,412.518,46.474,47.905
identical_balls_trick_000_018.mp4,302,5.038367,32,sports ball,0.898611,529.966,165.213,573.972,210.464,551.969,187.838,44.007,45.251
identical_balls_trick_000_018.mp4,302,5.038367,32,sports ball,0.890413,591.905,345.593,639.987,396.350,615.946,370.972,48.082,50.757
identical_balls_trick_000_018.mp4,303,5.055050,32,sports ball,0.884726,532.018,177.779,575.407,222.460,553.712,200.119,43.389,44.681
identical_balls_trick_000_018.mp4,303,5.055050,32,sports ball,0.855862,686.967,378.301,734.006,424.905,710.487,401.603,47.039,46.604
identical_balls_trick_000_018.mp4,303,5.055050,32,sports ball,0.787513,593.157,329.562,640.336,378.802,616.746,354.182,47.179,49.240
identical_balls_trick_000_018.mp4,304,5.071733,32,sports ball,0.882291,531.995,177.690,575.416,222.463,553.705,200.076,43.421,44.773
identical_balls_trick_000_018.mp4,304,5.071733,32,sports ball,0.849946,686.966,378.292,734.017,424.905,710.491,401.598,47.052,46.612
identical_balls_trick_000_018.mp4,304,5.071733,32,sports ball,0.780387,593.153,329.549,640.328,378.807,616.741,354.178,47.175,49.258
identical_balls_trick_000_018.mp4,305,5.088417,32,sports ball,0.783385,533.995,189.775,576.605,234.199,555.300,211.987,42.611,44.424
identical_balls_trick_000_018.mp4,305,5.088417,32,sports ball,0.736544,683.428,368.524,728.982,415.516,706.205,392.020,45.554,46.992
identical_balls_trick_000_018.mp4,305,5.088417,32,sports ball,0.616547,593.911,312.579,640.603,361.300,617.257,336.939,46.691,48.721
identical_balls_trick_000_018.mp4,306,5.105100,32,sports ball,0.787913,534.024,189.804,576.601,234.218,555.312,212.011,42.577,44.413
identical_balls_trick_000_018.mp4,306,5.105100,32,sports ball,0.736453,683.547,368.560,728.995,415.487,706.271,392.024,45.448,46.927
identical_balls_trick_000_018.mp4,306,5.105100,32,sports ball,0.624829,593.910,312.580,640.614,361.354,617.262,336.967,46.704,48.774
identical_balls_trick_000_018.mp4,307,5.121783,32,sports ball,0.843812,535.844,202.435,578.547,246.578,557.195,224.507,42.703,44.142
identical_balls_trick_000_018.mp4,307,5.121783,32,sports ball,0.729596,678.886,358.364,724.195,404.967,701.541,381.665,45.310,46.603
identical_balls_trick_000_018.mp4,307,5.121783,32,sports ball,0.183827,594.590,296.317,641.664,343.380,618.127,319.848,47.074,47.063
identical_balls_trick_000_018.mp4,308,5.138467,32,sports ball,0.836018,535.838,202.417,578.565,246.602,557.201,224.509,42.727,44.186
identical_balls_trick_000_018.mp4,308,5.138467,32,sports ball,0.715917,678.891,358.357,724.210,404.970,701.551,381.663,45.319,46.613
identical_balls_trick_000_018.mp4,308,5.138467,32,sports ball,0.172988,594.589,296.318,641.663,343.388,618.126,319.853,47.073,47.069
identical_balls_trick_000_018.mp4,309,5.155150,32,sports ball,0.789816,538.054,215.529,580.130,260.268,559.092,237.899,42.076,44.740
identical_balls_trick_000_018.mp4,309,5.155150,32,sports ball,0.683260,674.305,349.849,720.496,395.649,697.401,372.749,46.191,45.800
identical_balls_trick_000_018.mp4,309,5.155150,32,sports ball,0.289432,594.963,280.583,641.945,327.162,618.454,303.873,46.982,46.579
identical_balls_trick_000_018.mp4,310,5.171833,32,sports ball,0.775167,537.986,215.538,580.823,259.680,559.405,237.609,42.837,44.142
identical_balls_trick_000_018.mp4,310,5.171833,32,sports ball,0.673645,674.306,349.848,720.490,395.653,697.398,372.751,46.184,45.805
identical_balls_trick_000_018.mp4,310,5.171833,32,sports ball,0.245726,594.969,280.573,641.953,327.254,618.461,303.914,46.985,46.681
identical_balls_trick_000_018.mp4,311,5.188517,32,sports ball,0.707032,539.894,228.367,583.149,273.359,561.521,250.863,43.254,44.991
identical_balls_trick_000_018.mp4,311,5.188517,32,sports ball,0.396112,669.388,340.626,716.715,388.001,693.052,364.314,47.327,47.375
identical_balls_trick_000_018.mp4,311,5.188517,32,sports ball,0.369864,595.901,264.475,643.014,310.778,619.458,287.626,47.113,46.303
identical_balls_trick_000_018.mp4,312,5.205200,32,sports ball,0.712643,539.641,228.378,583.151,273.352,561.396,250.865,43.509,44.974
identical_balls_trick_000_018.mp4,312,5.205200,32,sports ball,0.426369,669.393,340.628,716.689,388.004,693.041,364.316,47.296,47.376
identical_balls_trick_000_018.mp4,312,5.205200,32,sports ball,0.387147,595.904,264.474,643.012,310.779,619.458,287.626,47.109,46.306
identical_balls_trick_000_018.mp4,313,5.221883,32,sports ball,0.684912,541.775,242.731,584.579,286.741,563.177,264.736,42.804,44.010
identical_balls_trick_000_018.mp4,313,5.221883,32,sports ball,0.489191,665.091,332.597,712.341,379.338,688.716,355.967,47.250,46.740
identical_balls_trick_000_018.mp4,313,5.221883,32,sports ball,0.442296,597.331,248.476,643.692,294.221,620.511,271.349,46.360,45.745
identical_balls_trick_000_018.mp4,314,5.238567,32,sports ball,0.667777,541.740,242.782,584.592,286.816,563.166,264.799,42.852,44.034
identical_balls_trick_000_018.mp4,314,5.238567,32,sports ball,0.487082,665.153,332.675,712.333,379.262,688.743,355.969,47.180,46.586
identical_balls_trick_000_018.mp4,314,5.238567,32,sports ball,0.451107,597.150,248.606,643.889,294.226,620.520,271.416,46.739,45.620
identical_balls_trick_000_018.mp4,315,5.255250,32,sports ball,0.598478,660.661,324.763,707.506,371.703,684.084,348.233,46.845,46.941
identical_balls_trick_000_018.mp4,315,5.255250,32,sports ball,0.430081,598.407,231.937,644.315,280.146,621.361,256.042,45.908,48.210
identical_balls_trick_000_018.mp4,315,5.255250,32,sports ball,0.331196,544.313,256.691,586.706,300.445,565.509,278.568,42.393,43.754
identical_balls_trick_000_018.mp4,316,5.271933,32,sports ball,0.617248,660.664,324.767,707.556,371.703,684.110,348.235,46.891,46.937
identical_balls_trick_000_018.mp4,316,5.271933,32,sports ball,0.449928,598.411,231.928,644.313,280.138,621.362,256.033,45.902,48.210
identical_balls_trick_000_018.mp4,316,5.271933,32,sports ball,0.348365,544.437,256.678,586.708,300.435,565.573,278.557,42.271,43.756
identical_balls_trick_000_018.mp4,317,5.288617,32,sports ball,0.267562,656.457,318.895,703.155,364.713,679.806,341.804,46.698,45.818
identical_balls_trick_000_018.mp4,317,5.288617,32,sports ball,0.225601,598.682,218.515,645.679,264.348,622.181,241.432,46.997,45.833
identical_balls_trick_000_018.mp4,317,5.288617,32,sports ball,0.219060,545.318,271.262,588.858,313.441,567.088,292.352,43.539,42.180
identical_balls_trick_000_018.mp4,318,5.305300,32,sports ball,0.282708,656.476,318.894,703.137,364.707,679.807,341.801,46.661,45.812
identical_balls_trick_000_018.mp4,318,5.305300,32,sports ball,0.275470,598.673,218.532,645.670,264.341,622.171,241.437,46.997,45.808
identical_balls_trick_000_018.mp4,318,5.305300,32,sports ball,0.241824,545.326,271.121,588.844,313.432,567.085,292.277,43.518,42.311
identical_balls_trick_000_018.mp4,319,5.321983,32,sports ball,0.560114,599.321,204.935,647.198,250.559,623.260,227.747,47.877,45.625
identical_balls_trick_000_018.mp4,319,5.321983,32,sports ball,0.483650,547.450,286.563,590.266,331.402,568.858,308.982,42.817,44.839
identical_balls_trick_000_018.mp4,319,5.321983,32,sports ball,0.306591,652.160,311.772,698.664,357.708,675.412,334.740,46.505,45.936
identical_balls_trick_000_018.mp4,320,5.338667,32,sports ball,0.561974,599.321,204.948,647.191,250.568,623.256,227.758,47.870,45.620
identical_balls_trick_000_018.mp4,320,5.338667,32,sports ball,0.483651,547.445,286.569,590.263,331.395,568.854,308.982,42.818,44.826
identical_balls_trick_000_018.mp4,320,5.338667,32,sports ball,0.306841,652.162,311.773,698.665,357.688,675.413,334.730,46.503,45.915
identical_balls_trick_000_018.mp4,321,5.355350,32,sports ball,0.684405,599.845,189.675,647.532,237.202,623.689,213.438,47.687,47.526
identical_balls_trick_000_018.mp4,321,5.355350,32,sports ball,0.287589,647.413,305.924,693.781,351.873,670.597,328.899,46.368,45.948
identical_balls_trick_000_018.mp4,321,5.355350,32,sports ball,0.245760,548.889,302.730,592.174,346.314,570.531,324.522,43.284,43.585
identical_balls_trick_000_018.mp4,322,5.372033,32,sports ball,0.725757,599.903,189.618,647.486,236.955,623.695,213.286,47.583,47.337
identical_balls_trick_000_018.mp4,322,5.372033,32,sports ball,0.324797,647.592,305.875,693.811,351.821,670.701,328.848,46.219,45.946
identical_balls_trick_000_018.mp4,322,5.372033,32,sports ball,0.270837,548.866,302.873,592.166,346.318,570.516,324.596,43.300,43.444
identical_balls_trick_000_018.mp4,323,5.388717,32,sports ball,0.676897,550.769,316.506,594.067,361.314,572.418,338.910,43.297,44.809
identical_balls_trick_000_018.mp4,323,5.388717,32,sports ball,0.530398,600.477,176.408,648.550,223.400,624.513,199.904,48.073,46.992
identical_balls_trick_000_018.mp4,323,5.388717,32,sports ball,0.436177,642.201,299.779,689.207,345.463,665.704,322.621,47.007,45.684
identical_balls_trick_000_018.mp4,324,5.405400,32,sports ball,0.675033,550.765,316.509,594.072,361.319,572.418,338.914,43.307,44.810
identical_balls_trick_000_018.mp4,324,5.405400,32,sports ball,0.526514,600.476,176.399,648.560,223.405,624.518,199.902,48.084,47.006
identical_balls_trick_000_018.mp4,324,5.405400,32,sports ball,0.438206,642.205,299.781,689.205,345.464,665.705,322.623,47.000,45.684
identical_balls_trick_000_018.mp4,325,5.422083,32,sports ball,0.724075,638.948,294.774,684.063,339.235,661.506,317.005,45.115,44.461
identical_balls_trick_000_018.mp4,325,5.422083,32,sports ball,0.715994,601.446,164.179,648.416,209.459,624.931,186.819,46.970,45.280
identical_balls_trick_000_018.mp4,325,5.422083,32,sports ball,0.505713,552.234,331.282,595.210,378.102,573.722,354.692,42.976,46.820
identical_balls_trick_000_018.mp4,326,5.438767,32,sports ball,0.699360,638.987,294.550,684.033,339.290,661.510,316.920,45.047,44.740
identical_balls_trick_000_018.mp4,326,5.438767,32,sports ball,0.686458,601.407,164.131,648.499,209.531,624.953,186.831,47.092,45.399
identical_balls_trick_000_018.mp4,326,5.438767,32,sports ball,0.449213,552.217,331.266,595.284,378.062,573.751,354.664,43.067,46.796
identical_balls_trick_000_018.mp4,327,5.455450,32,sports ball,0.433825,602.680,151.476,648.970,197.542,625.825,174.509,46.290,46.065
identical_balls_trick_000_018.mp4,327,5.455450,32,sports ball,0.293103,554.353,347.517,596.521,394.798,575.437,371.157,42.169,47.281
identical_balls_trick_000_018.mp4,328,5.472133,32,sports ball,0.413652,602.683,151.457,648.952,197.534,625.817,174.495,46.269,46.077
identical_balls_trick_000_018.mp4,328,5.472133,32,sports ball,0.291022,554.370,347.513,596.525,394.809,575.447,371.161,42.156,47.296
identical_balls_trick_000_018.mp4,329,5.488817,32,sports ball,0.531196,555.580,366.237,598.882,411.951,577.231,389.094,43.302,45.714
identical_balls_trick_000_018.mp4,329,5.488817,32,sports ball,0.307365,603.190,139.337,649.776,185.572,626.483,162.454,46.586,46.235
identical_balls_trick_000_018.mp4,329,5.488817,32,sports ball,0.239963,628.851,286.383,675.507,331.265,652.179,308.824,46.656,44.882
identical_balls_trick_000_018.mp4,330,5.505500,32,sports ball,0.459262,555.518,366.115,598.847,411.912,577.182,389.013,43.329,45.797
identical_balls_trick_000_018.mp4,330,5.505500,32,sports ball,0.295261,603.143,139.280,649.855,185.587,626.499,162.434,46.711,46.307
identical_balls_trick_000_018.mp4,330,5.505500,32,sports ball,0.179684,628.767,286.112,675.468,331.255,652.117,308.684,46.702,45.142
identical_balls_trick_000_018.mp4,331,5.522183,32,sports ball,0.662789,603.739,127.644,650.230,173.920,626.984,150.782,46.491,46.276
identical_balls_trick_000_018.mp4,331,5.522183,32,sports ball,0.408719,626.294,282.311,673.539,328.334,649.917,305.322,47.244,46.023
identical_balls_trick_000_018.mp4,331,5.522183,32,sports ball,0.380517,557.218,382.740,600.596,426.857,578.907,404.799,43.378,44.117
identical_balls_trick_000_018.mp4,332,5.538867,32,sports ball,0.651364,603.726,127.640,650.200,173.916,626.963,150.778,46.474,46.275
identical_balls_trick_000_018.mp4,332,5.538867,32,sports ball,0.413022,626.293,282.312,673.540,328.335,649.916,305.323,47.246,46.023
identical_balls_trick_000_018.mp4,332,5.538867,32,sports ball,0.389422,557.219,382.734,600.590,426.840,578.905,404.787,43.371,44.106
identical_balls_trick_000_018.mp4,333,5.555550,32,sports ball,0.652315,604.119,115.876,651.122,163.325,627.621,139.601,47.004,47.448
identical_balls_trick_000_018.mp4,333,5.555550,32,sports ball,0.538559,560.113,400.678,602.861,444.556,581.487,422.617,42.748,43.878
identical_balls_trick_000_018.mp4,333,5.555550,32,sports ball,0.456011,623.991,279.497,672.079,325.036,648.035,302.266,48.088,45.539
identical_balls_trick_000_018.mp4,334,5.572233,32,sports ball,0.668540,604.088,115.850,651.159,163.309,627.624,139.580,47.071,47.459
identical_balls_trick_000_018.mp4,334,5.572233,32,sports ball,0.525419,559.737,400.629,602.958,444.403,581.347,422.516,43.221,43.774
identical_balls_trick_000_018.mp4,334,5.572233,32,sports ball,0.429426,624.054,279.454,672.199,325.068,648.127,302.261,48.145,45.614
identical_balls_trick_000_018.mp4,335,5.588917,32,sports ball,0.781409,604.919,105.250,651.622,152.062,628.271,128.656,46.703,46.812
identical_balls_trick_000_018.mp4,335,5.588917,32,sports ball,0.545556,562.210,419.800,604.647,464.456,583.428,442.128,42.436,44.657
identical_balls_trick_000_018.mp4,335,5.588917,32,sports ball,0.504457,623.671,276.409,670.380,321.162,647.025,298.786,46.709,44.753
identical_balls_trick_000_018.mp4,336,5.605600,32,sports ball,0.784510,604.918,105.252,651.602,152.055,628.260,128.654,46.684,46.803
identical_balls_trick_000_018.mp4,336,5.605600,32,sports ball,0.559100,562.211,419.803,604.650,464.467,583.431,442.135,42.439,44.663
identical_balls_trick_000_018.mp4,336,5.605600,32,sports ball,0.518183,623.675,276.411,670.365,321.162,647.020,298.786,46.690,44.751
identical_balls_trick_000_018.mp4,337,5.622283,32,sports ball,0.745221,605.598,94.763,652.495,142.551,629.046,118.657,46.898,47.788
identical_balls_trick_000_018.mp4,337,5.622283,32,sports ball,0.463782,564.522,437.938,606.714,481.190,585.618,459.564,42.192,43.252
identical_balls_trick_000_018.mp4,337,5.622283,32,sports ball,0.451726,623.126,273.835,669.882,319.183,646.504,296.509,46.756,45.348
identical_balls_trick_000_018.mp4,338,5.638967,32,sports ball,0.741476,605.544,94.699,652.528,142.403,629.036,118.551,46.984,47.703
identical_balls_trick_000_018.mp4,338,5.638967,32,sports ball,0.466773,623.143,273.830,669.882,319.115,646.512,296.472,46.738,45.285
identical_balls_trick_000_018.mp4,338,5.638967,32,sports ball,0.458349,564.528,437.219,606.720,481.493,585.624,459.356,42.191,44.275
identical_balls_trick_000_018.mp4,339,5.655650,32,sports ball,0.698593,606.430,84.836,652.707,132.939,629.568,108.888,46.277,48.103
identical_balls_trick_000_018.mp4,339,5.655650,32,sports ball,0.447142,565.977,456.160,608.552,498.454,587.265,477.307,42.575,42.295
identical_balls_trick_000_018.mp4,339,5.655650,32,sports ball,0.218662,623.251,272.106,669.764,316.556,646.508,294.331,46.513,44.451
identical_balls_trick_000_018.mp4,340,5.672333,32,sports ball,0.698774,606.429,84.830,652.719,132.937,629.574,108.884,46.290,48.107
identical_balls_trick_000_018.mp4,340,5.672333,32,sports ball,0.456779,565.984,456.160,608.552,498.456,587.268,477.308,42.569,42.296
identical_balls_trick_000_018.mp4,340,5.672333,32,sports ball,0.232694,623.267,272.107,669.762,316.546,646.514,294.327,46.495,44.439
identical_balls_trick_000_018.mp4,341,5.689017,32,sports ball,0.699699,606.935,75.430,653.623,123.336,630.279,99.383,46.688,47.906
identical_balls_trick_000_018.mp4,341,5.689017,32,sports ball,0.615100,566.689,471.181,610.794,514.745,588.741,492.963,44.105,43.564
identical_balls_trick_000_018.mp4,341,5.689017,32,sports ball,0.258156,623.616,270.877,669.960,315.574,646.788,293.225,46.344,44.698
identical_balls_trick_000_018.mp4,342,5.705700,32,sports ball,0.713760,606.942,75.392,653.585,123.343,630.264,99.368,46.643,47.950
identical_balls_trick_000_018.mp4,342,5.705700,32,sports ball,0.642029,566.526,471.180,610.727,514.783,588.627,492.982,44.201,43.603
identical_balls_trick_000_018.mp4,342,5.705700,32,sports ball,0.256908,623.572,270.891,669.985,315.585,646.779,293.238,46.412,44.693
identical_balls_trick_000_018.mp4,343,5.722383,32,sports ball,0.773240,607.947,66.857,653.813,114.647,630.880,90.752,45.867,47.790
identical_balls_trick_000_018.mp4,343,5.722383,32,sports ball,0.634020,570.323,480.357,612.099,524.448,591.211,502.403,41.776,44.091
identical_balls_trick_000_018.mp4,344,5.739067,32,sports ball,0.764603,607.926,66.837,653.822,114.654,630.874,90.746,45.896,47.817
identical_balls_trick_000_018.mp4,344,5.739067,32,sports ball,0.636383,570.333,480.361,612.102,524.453,591.217,502.407,41.769,44.092
identical_balls_trick_000_018.mp4,345,5.755750,32,sports ball,0.778090,608.327,57.779,654.220,106.441,631.273,82.110,45.893,48.662
identical_balls_trick_000_018.mp4,345,5.755750,32,sports ball,0.577417,570.129,487.735,613.703,531.189,591.916,509.462,43.575,43.454
identical_balls_trick_000_018.mp4,345,5.755750,32,sports ball,0.159762,621.370,267.481,669.632,311.729,645.501,289.605,48.262,44.247
identical_balls_trick_000_018.mp4,346,5.772433,32,sports ball,0.773207,608.486,57.828,654.189,106.222,631.338,82.025,45.703,48.395
identical_balls_trick_000_018.mp4,346,5.772433,32,sports ball,0.614667,570.183,487.751,613.661,531.118,591.922,509.435,43.478,43.367
identical_balls_trick_000_018.mp4,346,5.772433,32,sports ball,0.205423,621.267,267.518,669.629,311.711,645.448,289.614,48.362,44.194
identical_balls_trick_000_018.mp4,347,5.789117,32,sports ball,0.779899,608.752,49.072,654.993,97.828,631.873,73.450,46.241,48.757
identical_balls_trick_000_018.mp4,347,5.789117,32,sports ball,0.518174,570.745,493.995,614.781,537.428,592.763,515.712,44.036,43.433
identical_balls_trick_000_018.mp4,347,5.789117,32,sports ball,0.282721,620.368,265.566,669.492,310.747,644.930,288.157,49.124,45.181
identical_balls_trick_000_018.mp4,348,5.805800,32,sports ball,0.781178,608.714,49.074,655.029,97.835,631.871,73.454,46.315,48.762
identical_balls_trick_000_018.mp4,348,5.805800,32,sports ball,0.517428,570.755,493.997,614.774,537.427,592.765,515.712,44.019,43.430
identical_balls_trick_000_018.mp4,348,5.805800,32,sports ball,0.281055,620.368,265.560,669.495,310.747,644.931,288.153,49.127,45.187
identical_balls_trick_000_018.mp4,349,5.822483,32,sports ball,0.872390,609.006,41.448,655.322,90.899,632.164,66.174,46.316,49.451
identical_balls_trick_000_018.mp4,349,5.822483,32,sports ball,0.738084,571.952,499.613,615.801,543.447,593.876,521.530,43.849,43.834
identical_balls_trick_000_018.mp4,349,5.822483,32,sports ball,0.593548,619.276,264.814,667.427,309.775,643.351,287.294,48.151,44.961
identical_balls_trick_000_018.mp4,350,5.839167,32,sports ball,0.868567,608.980,41.463,655.218,90.837,632.099,66.150,46.237,49.374
identical_balls_trick_000_018.mp4,350,5.839167,32,sports ball,0.734679,571.870,499.612,615.822,543.466,593.846,521.539,43.951,43.854
identical_balls_trick_000_018.mp4,350,5.839167,32,sports ball,0.594384,619.261,264.811,667.428,309.773,643.345,287.292,48.167,44.962
identical_balls_trick_000_018.mp4,351,5.855850,32,sports ball,0.737465,609.553,34.989,656.056,84.078,632.804,59.534,46.503,49.089
identical_balls_trick_000_018.mp4,351,5.855850,32,sports ball,0.387899,618.754,263.914,665.673,308.848,642.213,286.381,46.919,44.933
identical_balls_trick_000_018.mp4,351,5.855850,32,sports ball,0.208344,573.555,503.361,617.874,547.735,595.714,525.548,44.319,44.374
identical_balls_trick_000_018.mp4,352,5.872533,32,sports ball,0.751075,609.550,34.982,656.072,84.072,632.811,59.527,46.523,49.090
identical_balls_trick_000_018.mp4,352,5.872533,32,sports ball,0.419753,618.765,263.923,665.731,308.851,642.248,286.387,46.966,44.928
identical_balls_trick_000_018.mp4,352,5.872533,32,sports ball,0.194770,573.565,503.362,617.860,547.697,595.713,525.530,44.295,44.335
identical_balls_trick_000_018.mp4,353,5.889217,32,sports ball,0.743512,610.094,27.451,656.876,76.649,633.485,52.050,46.782,49.199
identical_balls_trick_000_018.mp4,353,5.889217,32,sports ball,0.410006,617.029,263.145,664.370,307.922,640.699,285.533,47.341,44.776
identical_balls_trick_000_018.mp4,353,5.889217,32,sports ball,0.292902,576.180,509.188,620.138,550.449,598.159,529.818,43.958,41.261
identical_balls_trick_000_018.mp4,354,5.905900,32,sports ball,0.769278,610.112,27.590,657.062,76.644,633.587,52.117,46.950,49.055
identical_balls_trick_000_018.mp4,354,5.905900,32,sports ball,0.502807,617.040,262.788,664.275,307.945,640.658,285.366,47.235,45.157
identical_balls_trick_000_018.mp4,354,5.905900,32,sports ball,0.332004,576.178,509.199,620.113,550.348,598.145,529.773,43.935,41.150
identical_balls_trick_000_018.mp4,355,5.922583,32,sports ball,0.800821,610.662,21.470,657.845,71.044,634.253,46.257,47.183,49.574
identical_balls_trick_000_018.mp4,355,5.922583,32,sports ball,0.624556,578.391,513.111,621.857,555.157,600.124,534.134,43.466,42.046
identical_balls_trick_000_018.mp4,355,5.922583,32,sports ball,0.609380,616.250,261.189,663.709,306.141,639.980,283.665,47.458,44.952
identical_balls_trick_000_018.mp4,356,5.939267,32,sports ball,0.801877,610.656,21.474,657.842,71.023,634.249,46.248,47.186,49.549
identical_balls_trick_000_018.mp4,356,5.939267,32,sports ball,0.622004,578.400,513.123,621.843,555.044,600.122,534.083,43.443,41.922
identical_balls_trick_000_018.mp4,356,5.939267,32,sports ball,0.611417,616.249,261.191,663.715,306.139,639.982,283.665,47.466,44.948
identical_balls_trick_000_018.mp4,357,5.955950,32,sports ball,0.661401,611.747,15.769,658.338,65.107,635.042,40.438,46.590,49.338
identical_balls_trick_000_018.mp4,357,5.955950,32,sports ball,0.537704,615.479,260.129,662.091,304.885,638.785,282.507,46.612,44.756
identical_balls_trick_000_018.mp4,357,5.955950,32,sports ball,0.311417,580.091,518.242,623.764,561.233,601.927,539.738,43.673,42.991
identical_balls_trick_000_018.mp4,358,5.972633,32,sports ball,0.700259,612.040,16.190,658.495,65.109,635.268,40.650,46.454,48.919
identical_balls_trick_000_018.mp4,358,5.972633,32,sports ball,0.581950,615.329,260.156,661.959,304.864,638.644,282.510,46.630,44.708
identical_balls_trick_000_018.mp4,358,5.972633,32,sports ball,0.337774,579.918,518.201,623.649,561.518,601.784,539.859,43.731,43.317
identical_balls_trick_000_018.mp4,359,5.989317,32,sports ball,0.690882,612.104,10.422,658.584,59.935,635.344,35.179,46.481,49.513
identical_balls_trick_000_018.mp4,359,5.989317,32,sports ball,0.507040,615.093,258.938,661.357,303.481,638.225,281.209,46.264,44.543
identical_balls_trick_000_018.mp4,359,5.989317,32,sports ball,0.306820,580.913,523.548,624.166,566.989,602.540,545.268,43.253,43.441
identical_balls_trick_000_018.mp4,360,6.006000,32,sports ball,0.695051,612.135,10.403,658.583,59.925,635.359,35.164,46.448,49.522
identical_balls_trick_000_018.mp4,360,6.006000,32,sports ball,0.512979,615.096,258.936,661.357,303.485,638.226,281.210,46.260,44.549
identical_balls_trick_000_018.mp4,360,6.006000,32,sports ball,0.289281,580.978,523.555,624.160,567.027,602.569,545.291,43.182,43.472
identical_balls_trick_000_018.mp4,361,6.022683,32,sports ball,0.695229,612.687,5.387,659.211,55.205,635.949,30.296,46.524,49.818
identical_balls_trick_000_018.mp4,361,6.022683,32,sports ball,0.611598,614.023,257.008,660.902,302.366,637.462,279.687,46.879,45.358
identical_balls_trick_000_018.mp4,361,6.022683,32,sports ball,0.292576,581.412,528.622,625.113,572.500,603.262,550.561,43.701,43.878
identical_balls_trick_000_018.mp4,362,6.039367,32,sports ball,0.701717,612.622,5.399,659.216,55.193,635.919,30.296,46.594,49.794
identical_balls_trick_000_018.mp4,362,6.039367,32,sports ball,0.660464,613.967,256.969,660.963,302.355,637.465,279.662,46.996,45.387
identical_balls_trick_000_018.mp4,362,6.039367,32,sports ball,0.319851,581.371,528.934,625.067,572.440,603.219,550.687,43.696,43.506
identical_balls_trick_000_018.mp4,363,6.056050,32,sports ball,0.718221,614.145,256.109,660.614,300.575,637.380,278.342,46.469,44.466
identical_balls_trick_000_018.mp4,363,6.056050,32,sports ball,0.688932,613.249,2.029,659.272,51.194,636.260,26.612,46.024,49.166
identical_balls_trick_000_018.mp4,363,6.056050,32,sports ball,0.548672,581.044,534.660,624.656,578.132,602.850,556.396,43.611,43.472
identical_balls_trick_000_018.mp4,364,6.072733,32,sports ball,0.711521,614.145,256.108,660.615,300.573,637.380,278.340,46.470,44.465
identical_balls_trick_000_018.mp4,364,6.072733,32,sports ball,0.684219,613.257,2.032,659.273,51.217,636.265,26.625,46.016,49.185
identical_balls_trick_000_018.mp4,364,6.072733,32,sports ball,0.543307,581.056,534.631,624.651,578.135,602.853,556.383,43.595,43.504
identical_balls_trick_000_018.mp4,365,6.089417,32,sports ball,0.784564,614.190,254.777,660.271,299.509,637.230,277.143,46.080,44.733
identical_balls_trick_000_018.mp4,365,6.089417,32,sports ball,0.780654,613.746,0.270,660.100,47.506,636.923,23.888,46.354,47.236
identical_balls_trick_000_018.mp4,365,6.089417,32,sports ball,0.564879,580.466,540.284,624.671,583.786,602.569,562.035,44.205,43.502
identical_balls_trick_000_018.mp4,366,6.106100,32,sports ball,0.798699,614.063,254.846,660.265,299.663,637.164,277.254,46.202,44.817
identical_balls_trick_000_018.mp4,366,6.106100,32,sports ball,0.783079,613.783,0.262,660.103,47.241,636.943,23.751,46.320,46.979
identical_balls_trick_000_018.mp4,366,6.106100,32,sports ball,0.551609,580.445,540.213,624.745,583.755,602.595,561.984,44.300,43.542
identical_balls_trick_000_018.mp4,367,6.122783,32,sports ball,0.791683,613.963,253.029,660.189,297.919,637.076,275.474,46.227,44.890
identical_balls_trick_000_018.mp4,367,6.122783,32,sports ball,0.715994,614.163,0.124,660.739,43.801,637.451,21.963,46.576,43.676
identical_balls_trick_000_018.mp4,367,6.122783,32,sports ball,0.411058,579.966,546.723,624.095,589.299,602.031,568.011,44.129,42.576
identical_balls_trick_000_018.mp4,368,6.139467,32,sports ball,0.793419,613.948,253.032,660.191,297.916,637.069,275.474,46.244,44.885
identical_balls_trick_000_018.mp4,368,6.139467,32,sports ball,0.711874,614.159,0.124,660.737,43.801,637.448,21.962,46.579,43.677
identical_balls_trick_000_018.mp4,368,6.139467,32,sports ball,0.411028,579.980,546.717,624.102,589.301,602.041,568.009,44.122,42.584
identical_balls_trick_000_018.mp4,369,6.156150,32,sports ball,0.815890,614.046,251.493,660.655,296.604,637.351,274.049,46.608,45.111
identical_balls_trick_000_018.mp4,369,6.156150,32,sports ball,0.789876,614.763,0.244,661.531,41.294,638.147,20.769,46.768,41.050
identical_balls_trick_000_018.mp4,369,6.156150,32,sports ball,0.505536,579.587,551.645,623.762,594.298,601.675,572.972,44.175,42.653
identical_balls_trick_000_018.mp4,370,6.172833,32,sports ball,0.811538,614.076,251.466,660.671,296.601,637.373,274.033,46.594,45.136
identical_balls_trick_000_018.mp4,370,6.172833,32,sports ball,0.788746,614.864,0.248,661.533,41.298,638.198,20.773,46.669,41.051
identical_balls_trick_000_018.mp4,370,6.172833,32,sports ball,0.501806,579.578,551.633,623.743,594.292,601.661,572.963,44.165,42.659
identical_balls_trick_000_018.mp4,371,6.189517,32,sports ball,0.803877,615.198,250.560,661.319,294.951,638.258,272.755,46.121,44.391
identical_balls_trick_000_018.mp4,371,6.189517,32,sports ball,0.760971,615.534,0.310,662.717,39.042,639.125,19.676,47.183,38.732
identical_balls_trick_000_018.mp4,371,6.189517,32,sports ball,0.419341,579.321,556.582,623.207,600.032,601.264,578.307,43.886,43.450
identical_balls_trick_000_018.mp4,372,6.206200,32,sports ball,0.796843,615.198,250.555,661.319,294.956,638.259,272.756,46.120,44.402
identical_balls_trick_000_018.mp4,372,6.206200,32,sports ball,0.777772,615.559,0.317,662.669,39.078,639.114,19.698,47.111,38.761
identical_balls_trick_000_018.mp4,372,6.206200,32,sports ball,0.405838,579.319,556.573,623.228,600.028,601.274,578.300,43.908,43.454
identical_balls_trick_000_018.mp4,373,6.222883,32,sports ball,0.743273,616.142,0.215,663.069,36.977,639.605,18.596,46.927,36.762
identical_balls_trick_000_018.mp4,373,6.222883,32,sports ball,0.742484,616.050,249.470,662.242,293.497,639.146,271.484,46.192,44.027
identical_balls_trick_000_018.mp4,373,6.222883,32,sports ball,0.683718,578.440,560.784,622.315,603.959,600.378,582.372,43.875,43.175
identical_balls_trick_000_018.mp4,374,6.239567,32,sports ball,0.744855,616.159,0.217,663.068,36.970,639.614,18.593,46.909,36.752
identical_balls_trick_000_018.mp4,374,6.239567,32,sports ball,0.741907,616.055,249.494,662.259,293.507,639.157,271.501,46.205,44.013
identical_balls_trick_000_018.mp4,374,6.239567,32,sports ball,0.678621,578.505,560.770,622.317,603.964,600.411,582.367,43.812,43.193
identical_balls_trick_000_018.mp4,375,6.256250,32,sports ball,0.767318,578.213,565.141,621.952,608.926,600.083,587.034,43.739,43.785
identical_balls_trick_000_018.mp4,375,6.256250,32,sports ball,0.755695,616.896,0.216,664.119,35.724,640.508,17.970,47.224,35.508
identical_balls_trick_000_018.mp4,375,6.256250,32,sports ball,0.730012,618.206,247.817,664.184,292.495,641.195,270.156,45.979,44.678
identical_balls_trick_000_018.mp4,376,6.272933,32,sports ball,0.748701,616.937,0.220,664.112,35.693,640.525,17.956,47.176,35.473
identical_balls_trick_000_018.mp4,376,6.272933,32,sports ball,0.740971,578.199,565.160,621.961,608.932,600.080,587.046,43.762,43.773
identical_balls_trick_000_018.mp4,376,6.272933,32,sports ball,0.719870,618.186,247.817,664.188,292.498,641.187,270.158,46.002,44.681
identical_balls_trick_000_018.mp4,377,6.289617,32,sports ball,0.777295,617.642,0.216,664.316,34.700,640.979,17.458,46.674,34.484
identical_balls_trick_000_018.mp4,377,6.289617,32,sports ball,0.762742,620.140,246.225,666.208,291.506,643.174,268.865,46.068,45.280
identical_balls_trick_000_018.mp4,377,6.289617,32,sports ball,0.672871,577.216,568.428,620.567,611.940,598.892,590.184,43.351,43.512
identical_balls_trick_000_018.mp4,378,6.306300,32,sports ball,0.780896,617.635,0.214,664.312,34.693,640.974,17.454,46.677,34.479
identical_balls_trick_000_018.mp4,378,6.306300,32,sports ball,0.760110,620.185,246.199,666.202,291.516,643.194,268.857,46.017,45.316
identical_balls_trick_000_018.mp4,378,6.306300,32,sports ball,0.671508,577.230,568.436,620.578,611.973,598.904,590.205,43.348,43.536
identical_balls_trick_000_018.mp4,379,6.322983,32,sports ball,0.746270,618.075,0.210,664.645,34.324,641.360,17.267,46.571,34.114
identical_balls_trick_000_018.mp4,379,6.322983,32,sports ball,0.742840,575.700,571.233,619.049,614.560,597.375,592.897,43.349,43.327
identical_balls_trick_000_018.mp4,379,6.322983,32,sports ball,0.696861,621.879,244.790,668.154,289.417,645.016,267.104,46.275,44.627
identical_balls_trick_000_018.mp4,380,6.339667,32,sports ball,0.737424,575.696,571.241,619.058,614.562,597.377,592.902,43.362,43.321
identical_balls_trick_000_018.mp4,380,6.339667,32,sports ball,0.735293,618.106,0.214,664.625,34.167,641.366,17.191,46.519,33.952
identical_balls_trick_000_018.mp4,380,6.339667,32,sports ball,0.716137,621.890,244.911,668.159,289.579,645.025,267.245,46.268,44.668
identical_balls_trick_000_018.mp4,381,6.356350,32,sports ball,0.742706,618.463,0.207,665.455,34.218,641.959,17.212,46.992,34.010
identical_balls_trick_000_018.mp4,381,6.356350,32,sports ball,0.643517,624.360,243.441,670.855,288.280,647.608,265.861,46.495,44.839
identical_balls_trick_000_018.mp4,381,6.356350,32,sports ball,0.565079,574.205,572.805,617.272,616.469,595.738,594.637,43.067,43.664
identical_balls_trick_000_018.mp4,382,6.373033,32,sports ball,0.755279,618.459,0.207,665.449,34.209,641.954,17.208,46.990,34.002
identical_balls_trick_000_018.mp4,382,6.373033,32,sports ball,0.673781,624.369,243.442,670.869,288.275,647.619,265.858,46.499,44.833
identical_balls_trick_000_018.mp4,382,6.373033,32,sports ball,0.591514,574.216,572.910,617.267,616.467,595.742,594.688,43.050,43.557
identical_balls_trick_000_018.mp4,383,6.389717,32,sports ball,0.822183,626.024,241.776,672.645,287.044,649.334,264.410,46.622,45.267
identical_balls_trick_000_018.mp4,383,6.389717,32,sports ball,0.741857,619.107,0.212,665.602,34.846,642.354,17.529,46.495,34.634
identical_balls_trick_000_018.mp4,383,6.389717,32,sports ball,0.506159,572.608,573.931,615.774,617.609,594.191,595.770,43.166,43.678
identical_balls_trick_000_018.mp4,384,6.406400,32,sports ball,0.828446,626.059,241.731,672.650,287.037,649.355,264.384,46.591,45.306
identical_balls_trick_000_018.mp4,384,6.406400,32,sports ball,0.736130,619.114,0.217,665.616,34.842,642.365,17.530,46.502,34.624
identical_balls_trick_000_018.mp4,384,6.406400,32,sports ball,0.504737,572.613,573.932,615.774,617.624,594.194,595.778,43.161,43.692
identical_balls_trick_000_018.mp4,385,6.423083,32,sports ball,0.751316,627.415,240.509,674.036,285.944,650.726,263.227,46.621,45.435
identical_balls_trick_000_018.mp4,385,6.423083,32,sports ball,0.691067,619.835,0.184,666.281,36.268,643.058,18.226,46.447,36.084
identical_balls_trick_000_018.mp4,385,6.423083,32,sports ball,0.425467,570.614,574.095,614.465,617.909,592.540,596.002,43.851,43.814
identical_balls_trick_000_018.mp4,386,6.439767,32,sports ball,0.759656,627.400,240.446,674.618,285.954,651.009,263.200,47.219,45.508
identical_balls_trick_000_018.mp4,386,6.439767,32,sports ball,0.693415,619.876,0.183,666.273,36.255,643.074,18.219,46.397,36.072
identical_balls_trick_000_018.mp4,386,6.439767,32,sports ball,0.453234,570.691,573.913,614.051,618.068,592.371,595.991,43.360,44.156
identical_balls_trick_000_018.mp4,387,6.456450,32,sports ball,0.669078,628.210,239.638,674.929,284.802,651.570,262.220,46.719,45.163
identical_balls_trick_000_018.mp4,387,6.456450,32,sports ball,0.342015,568.427,572.934,612.257,616.776,590.342,594.855,43.830,43.842
identical_balls_trick_000_018.mp4,388,6.473133,32,sports ball,0.660963,628.238,239.611,674.934,284.808,651.586,262.209,46.697,45.197
identical_balls_trick_000_018.mp4,388,6.473133,32,sports ball,0.580402,620.136,0.171,666.651,38.006,643.394,19.088,46.515,37.835
identical_balls_trick_000_018.mp4,388,6.473133,32,sports ball,0.322670,568.416,572.931,612.258,616.792,590.337,594.861,43.841,43.861
identical_balls_trick_000_018.mp4,389,6.489817,32,sports ball,0.736713,629.891,239.419,676.044,284.568,652.968,261.993,46.153,45.148
identical_balls_trick_000_018.mp4,389,6.489817,32,sports ball,0.675679,620.096,0.090,667.492,40.304,643.794,20.197,47.397,40.214
identical_balls_trick_000_018.mp4,389,6.489817,32,sports ball,0.437695,565.577,570.996,609.815,614.694,587.696,592.845,44.238,43.697
identical_balls_trick_000_018.mp4,390,6.506500,32,sports ball,0.766486,629.889,239.289,676.047,284.533,652.968,261.911,46.158,45.244
identical_balls_trick_000_018.mp4,390,6.506500,32,sports ball,0.678325,620.097,0.091,667.492,40.305,643.795,20.198,47.395,40.214
identical_balls_trick_000_018.mp4,390,6.506500,32,sports ball,0.455669,565.583,571.005,609.866,614.742,587.724,592.874,44.284,43.737
identical_balls_trick_000_018.mp4,391,6.523183,32,sports ball,0.742142,631.537,238.974,677.495,284.033,654.516,261.504,45.958,45.060
identical_balls_trick_000_018.mp4,391,6.523183,32,sports ball,0.597099,620.443,0.000,667.737,42.935,644.090,21.467,47.295,42.935
identical_balls_trick_000_018.mp4,391,6.523183,32,sports ball,0.272367,562.614,567.635,606.317,611.877,584.466,589.756,43.703,44.242
identical_balls_trick_000_018.mp4,392,6.539867,32,sports ball,0.745676,631.540,239.072,677.484,284.018,654.512,261.545,45.944,44.945
identical_balls_trick_000_018.mp4,392,6.539867,32,sports ball,0.598629,620.453,0.000,667.738,42.952,644.095,21.476,47.285,42.952
identical_balls_trick_000_018.mp4,392,6.539867,32,sports ball,0.276197,562.612,567.633,606.316,611.868,584.464,589.751,43.703,44.235
identical_balls_trick_000_018.mp4,393,6.556550,32,sports ball,0.731087,633.082,239.186,679.215,283.103,656.148,261.145,46.134,43.917
identical_balls_trick_000_018.mp4,393,6.556550,32,sports ball,0.704858,621.120,0.041,668.197,45.251,644.658,22.646,47.077,45.210
identical_balls_trick_000_018.mp4,393,6.556550,32,sports ball,0.553420,559.278,563.967,603.415,607.517,581.347,585.742,44.137,43.550
identical_balls_trick_000_018.mp4,394,6.573233,32,sports ball,0.753246,633.085,239.205,679.238,283.137,656.162,261.171,46.154,43.932
identical_balls_trick_000_018.mp4,394,6.573233,32,sports ball,0.728119,621.546,0.024,668.200,45.286,644.873,22.655,46.653,45.263
identical_balls_trick_000_018.mp4,394,6.573233,32,sports ball,0.541942,559.298,564.086,603.540,607.520,581.419,585.803,44.242,43.434
identical_balls_trick_000_018.mp4,395,6.589917,32,sports ball,0.755452,635.562,239.191,681.445,283.179,658.504,261.185,45.883,43.987
identical_balls_trick_000_018.mp4,395,6.589917,32,sports ball,0.714934,621.833,0.379,668.643,49.169,645.238,24.774,46.810,48.790
identical_balls_trick_000_018.mp4,395,6.589917,32,sports ball,0.434078,555.613,558.440,600.202,601.521,577.908,579.980,44.589,43.081
identical_balls_trick_000_018.mp4,396,6.606600,32,sports ball,0.738553,635.519,239.353,681.454,283.202,658.487,261.277,45.935,43.849
identical_balls_trick_000_018.mp4,396,6.606600,32,sports ball,0.711623,621.830,0.378,668.644,49.164,645.237,24.771,46.814,48.786
identical_balls_trick_000_018.mp4,396,6.606600,32,sports ball,0.448383,555.607,558.440,600.196,601.525,577.901,579.983,44.590,43.085
identical_balls_trick_000_018.mp4,397,6.623283,32,sports ball,0.719441,622.962,2.820,668.973,53.568,645.968,28.194,46.010,50.748
identical_balls_trick_000_018.mp4,397,6.623283,32,sports ball,0.707211,638.924,239.746,683.115,283.865,661.019,261.805,44.191,44.119
identical_balls_trick_000_018.mp4,397,6.623283,32,sports ball,0.461225,552.149,551.563,595.986,594.994,574.068,573.279,43.837,43.431
identical_balls_trick_000_018.mp4,398,6.639967,32,sports ball,0.673747,638.898,239.922,683.150,283.877,661.024,261.900,44.252,43.955
identical_balls_trick_000_018.mp4,398,6.639967,32,sports ball,0.582159,622.566,2.846,668.990,53.531,645.778,28.188,46.423,50.685
identical_balls_trick_000_018.mp4,398,6.639967,32,sports ball,0.491422,552.162,551.495,595.714,594.889,573.938,573.192,43.552,43.394
identical_balls_trick_000_018.mp4,399,6.656650,32,sports ball,0.731190,623.611,6.975,669.472,57.526,646.542,32.250,45.860,50.551
identical_balls_trick_000_018.mp4,399,6.656650,32,sports ball,0.491887,640.859,240.882,685.988,285.325,663.424,263.103,45.129,44.442
identical_balls_trick_000_018.mp4,399,6.656650,32,sports ball,0.381198,547.378,544.073,592.572,587.346,569.975,565.709,45.194,43.273
identical_balls_trick_000_018.mp4,400,6.673333,32,sports ball,0.727217,623.743,6.978,669.449,57.501,646.596,32.239,45.706,50.523
identical_balls_trick_000_018.mp4,400,6.673333,32,sports ball,0.501072,640.834,240.825,685.994,285.332,663.414,263.078,45.160,44.507
identical_balls_trick_000_018.mp4,400,6.673333,32,sports ball,0.388883,547.379,544.069,592.574,587.326,569.976,565.698,45.195,43.257
identical_balls_trick_000_018.mp4,401,6.690017,32,sports ball,0.826912,623.363,12.805,670.003,62.828,646.683,37.817,46.640,50.023
identical_balls_trick_000_018.mp4,401,6.690017,32,sports ball,0.693915,642.242,243.258,687.749,287.532,664.995,265.395,45.507,44.274
identical_balls_trick_000_018.mp4,401,6.690017,32,sports ball,0.435307,543.622,534.845,587.776,578.387,565.699,556.616,44.154,43.542
identical_balls_trick_000_018.mp4,402,6.706700,32,sports ball,0.817971,623.722,12.756,670.007,63.198,646.864,37.977,46.286,50.442
identical_balls_trick_000_018.mp4,402,6.706700,32,sports ball,0.689276,642.224,243.239,687.767,287.502,664.996,265.371,45.543,44.264
identical_balls_trick_000_018.mp4,402,6.706700,32,sports ball,0.421931,543.630,534.875,587.777,577.916,565.703,556.396,44.148,43.040
identical_balls_trick_000_018.mp4,403,6.723383,32,sports ball,0.770524,624.286,17.559,670.673,68.656,647.479,43.107,46.387,51.097
identical_balls_trick_000_018.mp4,403,6.723383,32,sports ball,0.519848,644.369,245.279,689.504,289.884,666.937,267.581,45.135,44.606
identical_balls_trick_000_018.mp4,403,6.723383,32,sports ball,0.168046,538.567,524.413,583.716,567.751,561.141,546.082,45.150,43.338
identical_balls_trick_000_018.mp4,404,6.740067,32,sports ball,0.768701,624.375,17.550,670.669,68.650,647.522,43.100,46.294,51.100
identical_balls_trick_000_018.mp4,404,6.740067,32,sports ball,0.523135,644.393,245.267,689.499,289.882,666.946,267.574,45.106,44.615
identical_balls_trick_000_018.mp4,404,6.740067,32,sports ball,0.164109,538.568,524.411,583.716,567.755,561.142,546.083,45.147,43.344
identical_balls_trick_000_018.mp4,405,6.756750,32,sports ball,0.844818,624.548,24.029,671.211,74.349,647.880,49.189,46.663,50.320
identical_balls_trick_000_018.mp4,405,6.756750,32,sports ball,0.730921,533.904,512.302,579.273,555.026,556.589,533.664,45.368,42.724
identical_balls_trick_000_018.mp4,405,6.756750,32,sports ball,0.527528,646.827,247.557,691.585,292.325,669.206,269.941,44.758,44.769
identical_balls_trick_000_018.mp4,406,6.773433,32,sports ball,0.848212,624.776,24.079,671.243,74.284,648.010,49.181,46.468,50.205
identical_balls_trick_000_018.mp4,406,6.773433,32,sports ball,0.745834,533.920,512.307,579.273,555.004,556.597,533.656,45.353,42.697
identical_balls_trick_000_018.mp4,406,6.773433,32,sports ball,0.582248,647.139,247.584,691.579,292.289,669.359,269.936,44.440,44.705
identical_balls_trick_000_018.mp4,407,6.790117,32,sports ball,0.817138,625.243,31.039,671.831,80.734,648.537,55.887,46.588,49.695
identical_balls_trick_000_018.mp4,407,6.790117,32,sports ball,0.738014,648.334,250.976,693.296,295.150,670.815,273.063,44.963,44.174
identical_balls_trick_000_018.mp4,407,6.790117,32,sports ball,0.731928,530.562,499.971,576.095,541.387,553.329,520.679,45.533,41.416
identical_balls_trick_000_018.mp4,408,6.806800,32,sports ball,0.813501,625.202,31.033,671.828,80.755,648.515,55.894,46.626,49.722
identical_balls_trick_000_018.mp4,408,6.806800,32,sports ball,0.725868,648.341,250.914,693.297,295.157,670.819,273.035,44.956,44.242
identical_balls_trick_000_018.mp4,408,6.806800,32,sports ball,0.723107,530.558,499.963,576.098,541.388,553.328,520.675,45.540,41.425
identical_balls_trick_000_018.mp4,409,6.823483,32,sports ball,0.833746,625.526,37.237,672.070,87.539,648.798,62.388,46.544,50.301
identical_balls_trick_000_018.mp4,409,6.823483,32,sports ball,0.728238,650.668,254.906,694.613,299.179,672.641,277.042,43.945,44.273
identical_balls_trick_000_018.mp4,409,6.823483,32,sports ball,0.591825,526.305,484.710,572.183,526.451,549.244,505.580,45.878,41.741
identical_balls_trick_000_018.mp4,410,6.840167,32,sports ball,0.833061,625.526,37.223,672.365,87.538,648.945,62.381,46.840,50.316
identical_balls_trick_000_018.mp4,410,6.840167,32,sports ball,0.734903,650.524,254.934,694.620,299.187,672.572,277.061,44.096,44.252
identical_balls_trick_000_018.mp4,410,6.840167,32,sports ball,0.593801,526.299,484.734,572.251,526.434,549.275,505.584,45.951,41.700
identical_balls_trick_000_018.mp4,411,6.856850,32,sports ball,0.889133,626.115,45.285,673.232,95.543,649.674,70.414,47.117,50.258
identical_balls_trick_000_018.mp4,411,6.856850,32,sports ball,0.828320,523.193,468.826,569.222,509.974,546.208,489.400,46.029,41.148
identical_balls_trick_000_018.mp4,411,6.856850,32,sports ball,0.789016,651.842,259.155,696.250,303.249,674.046,281.202,44.408,44.094
identical_balls_trick_000_018.mp4,412,6.873533,32,sports ball,0.904779,626.109,45.193,673.147,95.479,649.628,70.336,47.039,50.286
identical_balls_trick_000_018.mp4,412,6.873533,32,sports ball,0.832506,523.177,468.837,569.223,509.978,546.200,489.407,46.046,41.142
identical_balls_trick_000_018.mp4,412,6.873533,32,sports ball,0.802578,651.793,259.177,696.269,303.248,674.031,281.213,44.477,44.071
identical_balls_trick_000_018.mp4,413,6.890217,32,sports ball,0.833717,626.872,53.502,673.695,103.375,650.284,78.439,46.823,49.874
identical_balls_trick_000_018.mp4,413,6.890217,32,sports ball,0.625961,520.925,451.928,567.935,493.733,544.430,472.831,47.010,41.805
identical_balls_trick_000_018.mp4,413,6.890217,32,sports ball,0.602632,653.597,263.164,697.930,307.877,675.763,285.520,44.334,44.714
identical_balls_trick_000_018.mp4,414,6.906900,32,sports ball,0.832504,627.242,53.487,673.416,103.427,650.329,78.457,46.174,49.940
identical_balls_trick_000_018.mp4,414,6.906900,32,sports ball,0.621462,521.025,451.971,567.983,493.597,544.504,472.784,46.958,41.626
identical_balls_trick_000_018.mp4,414,6.906900,32,sports ball,0.576144,654.172,263.128,697.920,307.900,676.046,285.514,43.748,44.773
identical_balls_trick_000_018.mp4,415,6.923583,32,sports ball,0.816703,627.916,62.062,674.127,111.754,651.021,86.908,46.211,49.692
identical_balls_trick_000_018.mp4,415,6.923583,32,sports ball,0.515478,520.432,433.599,565.576,476.056,543.004,454.828,45.144,42.458
identical_balls_trick_000_018.mp4,415,6.923583,32,sports ball,0.328887,655.537,268.048,699.825,312.442,677.681,290.245,44.289,44.393
identical_balls_trick_000_018.mp4,416,6.940267,32,sports ball,0.828782,627.925,61.804,674.178,111.606,651.052,86.705,46.253,49.802
identical_balls_trick_000_018.mp4,416,6.940267,32,sports ball,0.522422,520.432,433.607,565.574,476.064,543.003,454.836,45.142,42.457
identical_balls_trick_000_018.mp4,416,6.940267,32,sports ball,0.329173,655.670,268.012,699.826,312.430,677.748,290.221,44.156,44.418
identical_balls_trick_000_018.mp4,417,6.956950,32,sports ball,0.776737,628.411,70.691,674.400,120.163,651.405,95.427,45.989,49.472
identical_balls_trick_000_018.mp4,417,6.956950,32,sports ball,0.600975,657.634,273.432,701.974,318.787,679.804,296.109,44.341,45.354
identical_balls_trick_000_018.mp4,417,6.956950,32,sports ball,0.295868,519.417,416.488,565.153,461.400,542.285,438.944,45.736,44.913
identical_balls_trick_000_018.mp4,418,6.973633,32,sports ball,0.764130,628.408,70.722,674.407,120.161,651.408,95.442,45.999,49.439
identical_balls_trick_000_018.mp4,418,6.973633,32,sports ball,0.588022,657.639,273.419,701.967,318.829,679.803,296.124,44.328,45.410
identical_balls_trick_000_018.mp4,418,6.973633,32,sports ball,0.269710,519.448,416.560,565.131,461.429,542.290,438.994,45.683,44.868
identical_balls_trick_000_018.mp4,419,6.990317,32,sports ball,0.759716,629.153,80.228,675.392,129.556,652.273,104.892,46.239,49.328
identical_balls_trick_000_018.mp4,419,6.990317,32,sports ball,0.706169,518.536,398.826,563.764,443.348,541.150,421.087,45.228,44.522
identical_balls_trick_000_018.mp4,419,6.990317,32,sports ball,0.285390,659.399,279.336,703.759,324.720,681.579,302.028,44.360,45.384
identical_balls_trick_000_018.mp4,420,7.007000,32,sports ball,0.753462,629.158,80.245,675.237,129.706,652.197,104.976,46.079,49.462
identical_balls_trick_000_018.mp4,420,7.007000,32,sports ball,0.698187,518.538,398.824,563.761,443.356,541.150,421.090,45.223,44.532
identical_balls_trick_000_018.mp4,420,7.007000,32,sports ball,0.260569,659.392,279.326,703.712,324.721,681.552,302.024,44.320,45.394
identical_balls_trick_000_018.mp4,421,7.023683,32,sports ball,0.822015,630.344,90.781,675.767,139.530,653.056,115.156,45.423,48.749
identical_balls_trick_000_018.mp4,421,7.023683,32,sports ball,0.730228,517.310,381.973,563.370,426.937,540.340,404.455,46.059,44.965
identical_balls_trick_000_018.mp4,421,7.023683,32,sports ball,0.407969,660.888,286.307,705.469,330.671,683.179,308.489,44.581,44.364
identical_balls_trick_000_018.mp4,422,7.040367,32,sports ball,0.817601,630.145,90.791,675.578,139.518,652.861,115.155,45.432,48.727
identical_balls_trick_000_018.mp4,422,7.040367,32,sports ball,0.692564,517.110,381.684,563.377,426.976,540.243,404.330,46.267,45.292
identical_balls_trick_000_018.mp4,422,7.040367,32,sports ball,0.370918,660.872,286.273,705.491,330.877,683.181,308.575,44.619,44.603
identical_balls_trick_000_018.mp4,423,7.057050,32,sports ball,0.803474,630.565,100.911,676.269,150.516,653.417,125.713,45.703,49.605
identical_balls_trick_000_018.mp4,423,7.057050,32,sports ball,0.524992,516.089,364.453,561.756,409.772,538.922,387.113,45.666,45.319
identical_balls_trick_000_018.mp4,423,7.057050,32,sports ball,0.322626,662.213,292.159,707.169,337.600,684.691,314.880,44.956,45.441
identical_balls_trick_000_018.mp4,424,7.073733,32,sports ball,0.795431,630.567,100.912,676.285,150.520,653.426,125.716,45.718,49.608
identical_balls_trick_000_018.mp4,424,7.073733,32,sports ball,0.545266,516.092,364.342,561.773,409.817,538.933,387.080,45.681,45.475
identical_balls_trick_000_018.mp4,424,7.073733,32,sports ball,0.329299,662.211,292.163,707.172,337.593,684.692,314.878,44.961,45.430
identical_balls_trick_000_018.mp4,425,7.090417,32,sports ball,0.830844,630.684,112.871,677.206,161.310,653.945,137.090,46.522,48.438
identical_balls_trick_000_018.mp4,425,7.090417,32,sports ball,0.631227,514.049,347.725,560.542,393.360,537.296,370.543,46.493,45.635
identical_balls_trick_000_018.mp4,425,7.090417,32,sports ball,0.463386,664.167,299.500,708.656,344.758,686.411,322.129,44.489,45.258
identical_balls_trick_000_018.mp4,426,7.107100,32,sports ball,0.843463,630.750,112.853,677.193,161.349,653.971,137.101,46.442,48.496
identical_balls_trick_000_018.mp4,426,7.107100,32,sports ball,0.677048,514.034,347.700,560.553,393.580,537.293,370.640,46.519,45.880
identical_balls_trick_000_018.mp4,426,7.107100,32,sports ball,0.534659,664.156,299.506,708.659,344.772,686.407,322.139,44.502,45.266
identical_balls_trick_000_018.mp4,427,7.123783,32,sports ball,0.728733,631.793,123.872,678.317,172.611,655.055,148.241,46.524,48.739
identical_balls_trick_000_018.mp4,427,7.123783,32,sports ball,0.485358,666.148,308.255,710.277,352.724,688.213,330.489,44.129,44.470
identical_balls_trick_000_018.mp4,427,7.123783,32,sports ball,0.482866,512.959,332.664,559.015,377.172,535.987,354.918,46.056,44.509
identical_balls_trick_000_018.mp4,428,7.140467,32,sports ball,0.722029,631.795,123.897,678.306,172.607,655.051,148.252,46.511,48.710
identical_balls_trick_000_018.mp4,428,7.140467,32,sports ball,0.479330,666.148,308.249,710.276,352.726,688.212,330.488,44.128,44.477
identical_balls_trick_000_018.mp4,428,7.140467,32,sports ball,0.464472,512.922,332.677,559.012,377.192,535.967,354.934,46.090,44.515
identical_balls_trick_000_018.mp4,429,7.157150,32,sports ball,0.415314,512.149,316.834,557.712,362.686,534.930,339.760,45.563,45.851
identical_balls_trick_000_018.mp4,429,7.157150,32,sports ball,0.340960,632.614,135.566,679.385,184.052,655.999,159.809,46.771,48.486
identical_balls_trick_000_018.mp4,429,7.157150,32,sports ball,0.321914,667.452,315.037,712.391,360.659,689.921,337.848,44.939,45.622
identical_balls_trick_000_018.mp4,430,7.173833,32,sports ball,0.440334,512.185,316.766,557.687,362.678,534.936,339.722,45.502,45.911
identical_balls_trick_000_018.mp4,430,7.173833,32,sports ball,0.341928,632.609,135.553,679.401,184.064,656.005,159.809,46.792,48.511
identical_balls_trick_000_018.mp4,430,7.173833,32,sports ball,0.301678,667.447,315.037,712.391,360.731,689.919,337.884,44.944,45.694
identical_balls_trick_000_018.mp4,431,7.190517,32,sports ball,0.666854,632.422,148.370,679.760,196.271,656.091,172.320,47.338,47.901
identical_balls_trick_000_018.mp4,431,7.190517,32,sports ball,0.616171,668.697,323.922,713.672,369.236,691.184,346.579,44.975,45.314
identical_balls_trick_000_018.mp4,431,7.190517,32,sports ball,0.449367,510.412,301.665,556.564,347.268,533.488,324.467,46.152,45.603
identical_balls_trick_000_018.mp4,432,7.207200,32,sports ball,0.665917,632.410,148.268,679.753,196.436,656.082,172.352,47.343,48.168
identical_balls_trick_000_018.mp4,432,7.207200,32,sports ball,0.615676,668.699,323.914,713.671,369.208,691.185,346.561,44.971,45.294
identical_balls_trick_000_018.mp4,432,7.207200,32,sports ball,0.449939,510.403,301.653,556.567,347.261,533.485,324.457,46.164,45.608
identical_balls_trick_000_018.mp4,433,7.223883,32,sports ball,0.836951,633.286,162.095,679.950,209.004,656.618,185.549,46.664,46.910
identical_balls_trick_000_018.mp4,433,7.223883,32,sports ball,0.746643,509.181,286.211,555.225,331.899,532.203,309.055,46.044,45.687
identical_balls_trick_000_018.mp4,433,7.223883,32,sports ball,0.547720,670.535,332.618,715.488,377.933,693.011,355.275,44.953,45.315
identical_balls_trick_000_018.mp4,434,7.240567,32,sports ball,0.839364,633.217,162.033,679.879,209.046,656.548,185.539,46.663,47.012
identical_balls_trick_000_018.mp4,434,7.240567,32,sports ball,0.750394,509.177,286.065,555.204,331.883,532.190,308.974,46.027,45.817
identical_balls_trick_000_018.mp4,434,7.240567,32,sports ball,0.558098,670.547,332.683,715.464,377.927,693.005,355.305,44.917,45.244
identical_balls_trick_000_018.mp4,435,7.257250,32,sports ball,0.881540,508.417,271.811,553.790,317.066,531.103,294.439,45.372,45.254
identical_balls_trick_000_018.mp4,435,7.257250,32,sports ball,0.783081,634.899,175.023,681.205,223.531,658.052,199.277,46.306,48.508
identical_balls_trick_000_018.mp4,435,7.257250,32,sports ball,0.602026,672.603,341.578,716.969,387.994,694.786,364.786,44.366,46.417
identical_balls_trick_000_018.mp4,436,7.273933,32,sports ball,0.882850,508.411,271.662,553.787,317.073,531.099,294.367,45.376,45.410
identical_balls_trick_000_018.mp4,436,7.273933,32,sports ball,0.788203,634.898,175.051,681.217,223.541,658.057,199.296,46.319,48.490
identical_balls_trick_000_018.mp4,436,7.273933,32,sports ball,0.608832,672.612,341.569,716.964,387.986,694.788,364.778,44.352,46.417
identical_balls_trick_000_018.mp4,437,7.290617,32,sports ball,0.856241,635.310,189.686,681.686,236.541,658.498,213.114,46.376,46.855
identical_balls_trick_000_018.mp4,437,7.290617,32,sports ball,0.853652,507.161,258.268,552.581,302.976,529.871,280.622,45.421,44.708
identical_balls_trick_000_018.mp4,437,7.290617,32,sports ball,0.686875,673.966,351.736,718.662,397.858,696.314,374.797,44.696,46.122
identical_balls_trick_000_018.mp4,438,7.307300,32,sports ball,0.853960,507.104,258.278,552.765,303.583,529.935,280.931,45.660,45.304
identical_balls_trick_000_018.mp4,438,7.307300,32,sports ball,0.850125,635.285,189.662,681.797,236.563,658.541,213.112,46.512,46.902
identical_balls_trick_000_018.mp4,438,7.307300,32,sports ball,0.670605,673.974,351.756,718.679,397.870,696.327,374.813,44.705,46.114
identical_balls_trick_000_018.mp4,439,7.323983,32,sports ball,0.837561,506.437,244.463,552.347,289.568,529.392,267.016,45.910,45.105
identical_balls_trick_000_018.mp4,439,7.323983,32,sports ball,0.814358,675.751,361.631,720.234,407.521,697.993,384.576,44.483,45.890
identical_balls_trick_000_018.mp4,439,7.323983,32,sports ball,0.813070,635.862,203.287,682.677,250.844,659.269,227.065,46.815,47.557
identical_balls_trick_000_018.mp4,440,7.340667,32,sports ball,0.836327,506.428,244.459,552.359,289.572,529.394,267.015,45.931,45.113
identical_balls_trick_000_018.mp4,440,7.340667,32,sports ball,0.813585,635.851,203.270,682.675,250.844,659.263,227.057,46.824,47.574
identical_balls_trick_000_018.mp4,440,7.340667,32,sports ball,0.806485,675.756,361.648,720.240,407.524,697.998,384.586,44.484,45.876
identical_balls_trick_000_018.mp4,441,7.357350,32,sports ball,0.879403,505.632,230.957,550.925,276.818,528.278,253.887,45.294,45.861
identical_balls_trick_000_018.mp4,441,7.357350,32,sports ball,0.797667,677.112,372.278,721.906,418.619,699.509,395.449,44.794,46.341
identical_balls_trick_000_018.mp4,441,7.357350,32,sports ball,0.490217,637.469,217.144,683.662,266.086,660.566,241.615,46.193,48.942
identical_balls_trick_000_018.mp4,441,7.357350,32,sports ball,0.348714,637.589,217.004,683.574,266.053,660.582,241.529,45.986,49.048
identical_balls_trick_000_018.mp4,442,7.374033,32,sports ball,0.877012,505.635,230.953,550.931,276.824,528.283,253.889,45.296,45.871
identical_balls_trick_000_018.mp4,442,7.374033,32,sports ball,0.857179,637.615,217.145,683.577,266.038,660.596,241.591,45.962,48.893
identical_balls_trick_000_018.mp4,442,7.374033,32,sports ball,0.797660,677.110,372.282,721.904,418.656,699.507,395.469,44.794,46.375
identical_balls_trick_000_018.mp4,443,7.390717,32,sports ball,0.883894,504.792,217.715,551.056,263.798,527.924,240.756,46.264,46.084
identical_balls_trick_000_018.mp4,443,7.390717,32,sports ball,0.873184,637.743,234.191,684.588,281.983,661.166,258.087,46.844,47.791
identical_balls_trick_000_018.mp4,443,7.390717,32,sports ball,0.772837,679.728,383.793,723.504,428.406,701.616,406.100,43.776,44.613
identical_balls_trick_000_018.mp4,444,7.407400,32,sports ball,0.884782,504.846,217.693,551.042,263.800,527.944,240.747,46.196,46.107
identical_balls_trick_000_018.mp4,444,7.407400,32,sports ball,0.875982,637.758,234.203,684.593,281.965,661.175,258.084,46.835,47.762
identical_balls_trick_000_018.mp4,444,7.407400,32,sports ball,0.768644,679.734,383.787,723.506,428.330,701.620,406.059,43.773,44.543
identical_balls_trick_000_018.mp4,445,7.424083,32,sports ball,0.870913,504.212,205.318,550.801,250.988,527.506,228.153,46.590,45.671
identical_balls_trick_000_018.mp4,445,7.424083,32,sports ball,0.641240,638.616,250.760,684.402,296.472,661.509,273.616,45.786,45.712
identical_balls_trick_000_018.mp4,445,7.424083,32,sports ball,0.540338,680.681,394.719,724.113,439.689,702.397,417.204,43.431,44.970
identical_balls_trick_000_018.mp4,446,7.440767,32,sports ball,0.870842,503.530,205.316,550.837,250.968,527.183,228.142,47.307,45.652
identical_balls_trick_000_018.mp4,446,7.440767,32,sports ball,0.650222,638.615,250.966,684.439,296.506,661.527,273.736,45.823,45.539
identical_balls_trick_000_018.mp4,446,7.440767,32,sports ball,0.568274,680.685,394.736,724.131,439.691,702.408,417.214,43.445,44.955
identical_balls_trick_000_018.mp4,447,7.457450,32,sports ball,0.859108,503.116,193.048,549.698,239.114,526.407,216.081,46.582,46.066
identical_balls_trick_000_018.mp4,447,7.457450,32,sports ball,0.526013,682.699,406.441,725.849,452.577,704.274,429.509,43.151,46.136
identical_balls_trick_000_018.mp4,447,7.457450,32,sports ball,0.521714,638.519,266.422,685.400,313.227,661.959,289.825,46.881,46.806
identical_balls_trick_000_018.mp4,448,7.474133,32,sports ball,0.858007,503.124,193.047,549.664,239.105,526.394,216.076,46.540,46.058
identical_balls_trick_000_018.mp4,448,7.474133,32,sports ball,0.517078,682.695,406.442,725.858,452.565,704.276,429.504,43.163,46.123
identical_balls_trick_000_018.mp4,448,7.474133,32,sports ball,0.513717,638.921,266.406,685.344,313.295,662.133,289.851,46.423,46.889
identical_balls_trick_000_018.mp4,449,7.490817,32,sports ball,0.885339,502.435,181.002,548.579,227.476,525.507,204.239,46.144,46.474
identical_balls_trick_000_018.mp4,449,7.490817,32,sports ball,0.593948,639.783,282.031,686.234,331.233,663.008,306.632,46.451,49.202
identical_balls_trick_000_018.mp4,449,7.490817,32,sports ball,0.542993,684.007,419.447,727.627,463.654,705.817,441.550,43.620,44.207
identical_balls_trick_000_018.mp4,450,7.507500,32,sports ball,0.891509,502.445,181.003,548.615,227.267,525.530,204.135,46.170,46.264
identical_balls_trick_000_018.mp4,450,7.507500,32,sports ball,0.568735,639.875,282.031,686.220,331.210,663.048,306.621,46.345,49.178
identical_balls_trick_000_018.mp4,450,7.507500,32,sports ball,0.544641,684.023,419.459,727.641,463.680,705.832,441.569,43.618,44.221
identical_balls_trick_000_018.mp4,451,7.524183,32,sports ball,0.893103,501.608,169.332,547.973,215.967,524.791,192.649,46.365,46.636
identical_balls_trick_000_018.mp4,451,7.524183,32,sports ball,0.796328,640.055,300.304,686.839,348.358,663.447,324.331,46.784,48.053
identical_balls_trick_000_018.mp4,451,7.524183,32,sports ball,0.685137,686.114,432.259,728.968,475.931,707.541,454.095,42.853,43.672
identical_balls_trick_000_018.mp4,452,7.540867,32,sports ball,0.892593,501.588,169.299,547.980,215.961,524.784,192.630,46.392,46.662
identical_balls_trick_000_018.mp4,452,7.540867,32,sports ball,0.794125,640.055,300.303,686.862,348.360,663.458,324.332,46.806,48.057
identical_balls_trick_000_018.mp4,452,7.540867,32,sports ball,0.681703,686.119,432.264,728.954,475.927,707.536,454.096,42.835,43.663
identical_balls_trick_000_018.mp4,453,7.557550,32,sports ball,0.853964,501.120,158.432,547.640,204.914,524.380,181.673,46.521,46.482
identical_balls_trick_000_018.mp4,453,7.557550,32,sports ball,0.782632,640.571,317.966,687.462,367.468,664.017,342.717,46.891,49.502
identical_balls_trick_000_018.mp4,453,7.557550,32,sports ball,0.601470,688.409,445.700,730.329,488.506,709.369,467.103,41.920,42.806
identical_balls_trick_000_018.mp4,454,7.574233,32,sports ball,0.852346,501.082,158.432,547.682,204.933,524.382,181.683,46.600,46.501
identical_balls_trick_000_018.mp4,454,7.574233,32,sports ball,0.786581,640.530,318.036,687.451,367.442,663.991,342.739,46.922,49.406
identical_balls_trick_000_018.mp4,454,7.574233,32,sports ball,0.625090,688.402,445.702,730.328,488.509,709.365,467.106,41.926,42.807
identical_balls_trick_000_018.mp4,455,7.590917,32,sports ball,0.890064,500.497,147.722,547.435,194.889,523.966,171.305,46.938,47.167
identical_balls_trick_000_018.mp4,455,7.590917,32,sports ball,0.848962,689.081,458.947,732.307,503.724,710.694,481.335,43.226,44.776
identical_balls_trick_000_018.mp4,455,7.590917,32,sports ball,0.801581,640.505,335.113,688.502,385.888,664.503,360.500,47.998,50.775
identical_balls_trick_000_018.mp4,456,7.607600,32,sports ball,0.891721,500.485,147.689,547.354,194.918,523.919,171.303,46.869,47.229
identical_balls_trick_000_018.mp4,456,7.607600,32,sports ball,0.852770,689.088,458.969,732.321,503.716,710.704,481.342,43.232,44.747
identical_balls_trick_000_018.mp4,456,7.607600,32,sports ball,0.804598,640.514,335.212,688.513,385.881,664.514,360.547,47.999,50.669
identical_balls_trick_000_018.mp4,457,7.624283,32,sports ball,0.865416,499.979,137.452,546.880,184.222,523.430,160.837,46.900,46.771
identical_balls_trick_000_018.mp4,457,7.624283,32,sports ball,0.821009,641.111,354.173,689.274,403.151,665.193,378.662,48.163,48.977
identical_balls_trick_000_018.mp4,457,7.624283,32,sports ball,0.809353,689.320,473.098,733.920,517.868,711.620,495.483,44.601,44.770
identical_balls_trick_000_018.mp4,458,7.640967,32,sports ball,0.868457,499.967,137.499,546.578,184.275,523.272,160.887,46.611,46.776
identical_balls_trick_000_018.mp4,458,7.640967,32,sports ball,0.827868,641.114,354.227,689.269,403.267,665.191,378.747,48.156,49.040
identical_balls_trick_000_018.mp4,458,7.640967,32,sports ball,0.797247,689.278,473.057,733.957,517.839,711.617,495.448,44.679,44.783
identical_balls_trick_000_018.mp4,459,7.657650,32,sports ball,0.885625,643.355,369.444,691.417,418.603,667.386,394.023,48.062,49.159
identical_balls_trick_000_018.mp4,459,7.657650,32,sports ball,0.879005,499.488,128.345,546.448,174.758,522.968,151.551,46.959,46.413
identical_balls_trick_000_018.mp4,459,7.657650,32,sports ball,0.845524,691.769,486.949,735.482,531.775,713.626,509.362,43.714,44.826
identical_balls_trick_000_018.mp4,460,7.674333,32,sports ball,0.881912,643.358,369.426,691.403,418.602,667.380,394.014,48.046,49.176
identical_balls_trick_000_018.mp4,460,7.674333,32,sports ball,0.878893,499.498,128.350,546.443,174.753,522.970,151.551,46.945,46.403
identical_balls_trick_000_018.mp4,460,7.674333,32,sports ball,0.841507,691.765,486.945,735.485,531.778,713.625,509.361,43.720,44.833
identical_balls_trick_000_018.mp4,461,7.691017,32,sports ball,0.842599,498.538,117.978,545.730,165.935,522.134,141.956,47.192,47.957
identical_balls_trick_000_018.mp4,461,7.691017,32,sports ball,0.781160,694.039,501.110,736.998,546.988,715.519,524.049,42.960,45.878
identical_balls_trick_000_018.mp4,461,7.691017,32,sports ball,0.752092,645.578,383.977,692.415,433.004,668.996,408.491,46.837,49.027
identical_balls_trick_000_018.mp4,462,7.707700,32,sports ball,0.848087,498.807,117.935,545.769,165.700,522.288,141.818,46.962,47.765
identical_balls_trick_000_018.mp4,462,7.707700,32,sports ball,0.802326,693.980,501.100,737.024,546.960,715.502,524.030,43.044,45.860
identical_balls_trick_000_018.mp4,462,7.707700,32,sports ball,0.777825,645.571,383.938,692.411,432.839,668.991,408.389,46.840,48.901
identical_balls_trick_000_018.mp4,463,7.724383,32,sports ball,0.904954,498.378,109.689,545.409,156.828,521.893,133.258,47.031,47.139
identical_balls_trick_000_018.mp4,463,7.724383,32,sports ball,0.778010,647.968,398.633,695.345,447.079,671.657,422.856,47.377,48.446
identical_balls_trick_000_018.mp4,463,7.724383,32,sports ball,0.718779,695.661,515.424,738.491,561.482,717.076,538.453,42.830,46.059
identical_balls_trick_000_018.mp4,463,7.724383,32,sports ball,0.161060,38.632,660.291,77.104,699.591,57.868,679.941,38.472,39.300
identical_balls_trick_000_018.mp4,464,7.741067,32,sports ball,0.907485,498.346,109.694,545.408,156.840,521.877,133.267,47.062,47.146
identical_balls_trick_000_018.mp4,464,7.741067,32,sports ball,0.802521,648.001,398.669,695.340,447.061,671.671,422.865,47.338,48.392
identical_balls_trick_000_018.mp4,464,7.741067,32,sports ball,0.722050,695.658,515.428,738.473,561.491,717.065,538.459,42.815,46.063
identical_balls_trick_000_018.mp4,464,7.741067,32,sports ball,0.157859,38.639,660.295,77.099,699.595,57.869,679.945,38.460,39.300
identical_balls_trick_000_018.mp4,465,7.757750,32,sports ball,0.894743,497.623,100.179,545.157,149.073,521.390,124.626,47.534,48.894
identical_balls_trick_000_018.mp4,465,7.757750,32,sports ball,0.876364,652.030,411.050,698.390,459.988,675.210,435.519,46.360,48.938
identical_balls_trick_000_018.mp4,465,7.757750,32,sports ball,0.817074,695.647,530.016,738.525,575.027,717.086,552.521,42.878,45.011
identical_balls_trick_000_018.mp4,465,7.757750,32,sports ball,0.203367,38.631,660.312,77.084,699.587,57.857,679.949,38.453,39.275
identical_balls_trick_000_018.mp4,465,7.757750,32,sports ball,0.153849,77.630,654.733,112.069,690.534,94.850,672.633,34.438,35.801
identical_balls_trick_000_018.mp4,466,7.774433,32,sports ball,0.891906,497.607,100.162,544.818,149.016,521.213,124.589,47.211,48.854
identical_balls_trick_000_018.mp4,466,7.774433,32,sports ball,0.872037,652.032,410.973,698.400,459.973,675.216,435.473,46.368,49.000
identical_balls_trick_000_018.mp4,466,7.774433,32,sports ball,0.831176,695.474,529.944,738.522,574.774,716.998,552.359,43.048,44.830
identical_balls_trick_000_018.mp4,466,7.774433,32,sports ball,0.212946,38.632,660.316,77.082,699.567,57.857,679.941,38.450,39.251
identical_balls_trick_000_018.mp4,466,7.774433,32,sports ball,0.162652,77.628,654.736,112.071,690.542,94.850,672.639,34.443,35.806
identical_balls_trick_000_018.mp4,467,7.791117,32,sports ball,0.903475,497.343,92.462,544.287,140.582,520.815,116.522,46.944,48.120
identical_balls_trick_000_018.mp4,467,7.791117,32,sports ball,0.902974,657.144,422.500,702.909,472.078,680.027,447.289,45.765,49.578
identical_balls_trick_000_018.mp4,467,7.791117,32,sports ball,0.862183,692.030,540.789,735.923,583.720,713.976,562.255,43.893,42.931
identical_balls_trick_000_018.mp4,467,7.791117,32,sports ball,0.226234,38.636,660.339,77.087,699.588,57.862,679.963,38.451,39.249
identical_balls_trick_000_018.mp4,467,7.791117,32,sports ball,0.176273,77.604,654.732,112.066,690.628,94.835,672.680,34.462,35.896
identical_balls_trick_000_018.mp4,468,7.807800,32,sports ball,0.904363,656.981,422.533,702.908,472.088,679.944,447.310,45.927,49.555
identical_balls_trick_000_018.mp4,468,7.807800,32,sports ball,0.903220,497.333,92.466,544.181,140.583,520.757,116.525,46.848,48.117
identical_balls_trick_000_018.mp4,468,7.807800,32,sports ball,0.861455,692.038,540.832,735.922,583.730,713.980,562.281,43.884,42.898
identical_balls_trick_000_018.mp4,468,7.807800,32,sports ball,0.253598,38.605,660.331,77.076,699.567,57.840,679.949,38.471,39.236
identical_balls_trick_000_018.mp4,468,7.807800,32,sports ball,0.189108,77.622,654.735,112.064,690.441,94.843,672.588,34.442,35.706
identical_balls_trick_000_018.mp4,469,7.824483,32,sports ball,0.908274,496.751,84.100,543.198,132.960,519.974,108.530,46.447,48.860
identical_balls_trick_000_018.mp4,469,7.824483,32,sports ball,0.883833,661.060,436.083,708.559,484.743,684.809,460.413,47.500,48.661
identical_balls_trick_000_018.mp4,469,7.824483,32,sports ball,0.702948,689.931,547.282,732.410,589.982,711.171,568.632,42.480,42.700
identical_balls_trick_000_018.mp4,469,7.824483,32,sports ball,0.266421,38.619,660.346,77.065,699.585,57.842,679.966,38.446,39.240
identical_balls_trick_000_018.mp4,469,7.824483,32,sports ball,0.194153,77.615,654.736,112.055,690.449,94.835,672.593,34.440,35.713
identical_balls_trick_000_018.mp4,470,7.841167,32,sports ball,0.905577,496.743,84.279,543.257,132.957,520.000,108.618,46.513,48.678
identical_balls_trick_000_018.mp4,470,7.841167,32,sports ball,0.882007,661.040,436.070,708.556,484.693,684.798,460.381,47.516,48.623
identical_balls_trick_000_018.mp4,470,7.841167,32,sports ball,0.698715,689.929,547.304,732.415,590.021,711.172,568.663,42.486,42.717
identical_balls_trick_000_018.mp4,470,7.841167,32,sports ball,0.280460,38.570,660.346,77.070,699.584,57.820,679.965,38.500,39.238
identical_balls_trick_000_018.mp4,470,7.841167,32,sports ball,0.198868,77.606,654.727,112.055,690.467,94.831,672.597,34.449,35.740
identical_balls_trick_000_018.mp4,471,7.857850,32,sports ball,0.907693,665.372,447.637,713.788,496.355,689.580,471.996,48.416,48.718
identical_balls_trick_000_018.mp4,471,7.857850,32,sports ball,0.902528,496.488,77.729,542.706,125.774,519.597,101.751,46.218,48.045
identical_balls_trick_000_018.mp4,471,7.857850,32,sports ball,0.756660,689.163,552.105,730.652,594.582,709.908,573.344,41.489,42.477
identical_balls_trick_000_018.mp4,471,7.857850,32,sports ball,0.262910,38.559,660.346,77.077,699.603,57.818,679.974,38.518,39.258
identical_balls_trick_000_018.mp4,471,7.857850,32,sports ball,0.183906,77.598,654.715,112.055,690.502,94.826,672.609,34.458,35.787
identical_balls_trick_000_018.mp4,472,7.874533,32,sports ball,0.907014,665.340,447.635,713.792,496.356,689.566,471.995,48.452,48.721
identical_balls_trick_000_018.mp4,472,7.874533,32,sports ball,0.901845,496.488,77.728,542.710,125.776,519.599,101.752,46.221,48.048
identical_balls_trick_000_018.mp4,472,7.874533,32,sports ball,0.751910,689.162,552.098,730.659,594.599,709.910,573.348,41.497,42.501
identical_balls_trick_000_018.mp4,472,7.874533,32,sports ball,0.281840,38.579,660.312,77.079,699.593,57.829,679.953,38.500,39.281
identical_balls_trick_000_018.mp4,472,7.874533,32,sports ball,0.191554,77.601,654.719,112.063,690.507,94.832,672.613,34.461,35.788
identical_balls_trick_000_018.mp4,473,7.891217,32,sports ball,0.901223,496.239,70.029,542.291,118.651,519.265,94.340,46.052,48.622
identical_balls_trick_000_018.mp4,473,7.891217,32,sports ball,0.894562,670.098,456.784,717.898,506.598,693.998,481.691,47.800,49.813
identical_balls_trick_000_018.mp4,473,7.891217,32,sports ball,0.792404,688.105,557.606,729.189,600.082,708.647,578.844,41.084,42.476
identical_balls_trick_000_018.mp4,473,7.891217,32,sports ball,0.332463,38.587,660.296,77.071,699.590,57.829,679.943,38.484,39.294
identical_balls_trick_000_018.mp4,473,7.891217,32,sports ball,0.224291,77.579,654.720,112.062,690.505,94.821,672.612,34.482,35.784
identical_balls_trick_000_018.mp4,474,7.907900,32,sports ball,0.898851,496.276,70.032,542.316,118.655,519.296,94.344,46.041,48.622
identical_balls_trick_000_018.mp4,474,7.907900,32,sports ball,0.890822,670.051,456.710,717.909,506.545,693.980,481.628,47.859,49.835
identical_balls_trick_000_018.mp4,474,7.907900,32,sports ball,0.790397,688.223,557.547,729.167,600.000,708.695,578.774,40.944,42.453
identical_balls_trick_000_018.mp4,474,7.907900,32,sports ball,0.326095,38.628,660.296,77.069,699.569,57.849,679.932,38.441,39.273
identical_balls_trick_000_018.mp4,474,7.907900,32,sports ball,0.217643,77.579,654.732,112.069,690.500,94.824,672.616,34.490,35.768
identical_balls_trick_000_018.mp4,475,7.924583,32,sports ball,0.887305,495.951,64.383,541.770,112.556,518.860,88.470,45.819,48.174
identical_balls_trick_000_018.mp4,475,7.924583,32,sports ball,0.812301,674.170,466.065,720.559,516.322,697.364,491.194,46.388,50.257
identical_balls_trick_000_018.mp4,475,7.924583,32,sports ball,0.745467,687.354,563.278,727.475,606.785,707.414,585.031,40.120,43.507
identical_balls_trick_000_018.mp4,475,7.924583,32,sports ball,0.248781,38.710,660.304,77.066,699.604,57.888,679.954,38.356,39.300
identical_balls_trick_000_018.mp4,475,7.924583,32,sports ball,0.175643,77.578,654.778,112.072,690.511,94.825,672.644,34.493,35.732
identical_balls_trick_000_018.mp4,476,7.941267,32,sports ball,0.886624,495.951,64.388,541.771,112.553,518.861,88.470,45.820,48.165
identical_balls_trick_000_018.mp4,476,7.941267,32,sports ball,0.814674,674.177,466.085,720.557,516.317,697.367,491.201,46.380,50.232
identical_balls_trick_000_018.mp4,476,7.941267,32,sports ball,0.749319,687.366,563.308,727.440,606.771,707.403,585.040,40.073,43.462
identical_balls_trick_000_018.mp4,476,7.941267,32,sports ball,0.259763,38.559,660.281,77.080,699.544,57.820,679.913,38.521,39.262
identical_balls_trick_000_018.mp4,476,7.941267,32,sports ball,0.177220,77.600,654.771,112.075,690.532,94.837,672.652,34.475,35.761
identical_balls_trick_000_018.mp4,477,7.957950,32,sports ball,0.904240,494.697,57.678,541.467,107.105,518.082,82.391,46.771,49.427
identical_balls_trick_000_018.mp4,477,7.957950,32,sports ball,0.795550,683.774,569.732,725.052,614.778,704.413,592.255,41.278,45.046
identical_balls_trick_000_018.mp4,477,7.957950,32,sports ball,0.788154,677.617,475.980,724.245,524.850,700.931,500.415,46.628,48.869
identical_balls_trick_000_018.mp4,477,7.957950,32,sports ball,0.299666,38.446,660.368,77.090,699.613,57.768,679.990,38.644,39.245
identical_balls_trick_000_018.mp4,477,7.957950,32,sports ball,0.197755,77.555,654.771,112.072,690.529,94.813,672.650,34.517,35.759
identical_balls_trick_000_018.mp4,478,7.974633,32,sports ball,0.903873,494.563,57.751,541.455,107.087,518.009,82.419,46.892,49.336
identical_balls_trick_000_018.mp4,478,7.974633,32,sports ball,0.790480,677.776,476.041,724.236,524.848,701.006,500.445,46.460,48.807
identical_balls_trick_000_018.mp4,478,7.974633,32,sports ball,0.781443,683.586,569.569,725.161,614.901,704.373,592.235,41.575,45.332
identical_balls_trick_000_018.mp4,478,7.974633,32,sports ball,0.294993,38.616,660.265,77.094,699.604,57.855,679.935,38.478,39.339
identical_balls_trick_000_018.mp4,478,7.974633,32,sports ball,0.189241,77.558,654.734,112.092,690.547,94.825,672.641,34.534,35.814
identical_balls_trick_000_018.mp4,479,7.991317,32,sports ball,0.844092,493.736,52.520,540.973,101.680,517.354,77.100,47.236,49.161
identical_balls_trick_000_018.mp4,479,7.991317,32,sports ball,0.813805,680.379,484.215,726.090,532.019,703.234,508.117,45.712,47.804
identical_balls_trick_000_018.mp4,479,7.991317,32,sports ball,0.494263,680.705,575.924,721.859,620.014,701.282,597.969,41.154,44.090
identical_balls_trick_000_018.mp4,479,7.991317,32,sports ball,0.211314,38.759,660.286,77.077,699.640,57.918,679.963,38.318,39.354
identical_balls_trick_000_018.mp4,480,8.008000,32,sports ball,0.847446,493.961,52.505,540.975,101.695,517.468,77.100,47.015,49.191
identical_balls_trick_000_018.mp4,480,8.008000,32,sports ball,0.818091,680.381,484.216,726.100,532.009,703.240,508.113,45.719,47.792
identical_balls_trick_000_018.mp4,480,8.008000,32,sports ball,0.503478,680.689,575.919,721.852,620.016,701.270,597.968,41.164,44.097
identical_balls_trick_000_018.mp4,480,8.008000,32,sports ball,0.205122,38.774,660.305,77.089,699.622,57.931,679.963,38.315,39.317
identical_balls_trick_000_018.mp4,481,8.024683,32,sports ball,0.898345,493.429,47.236,540.399,96.643,516.914,71.940,46.970,49.407
identical_balls_trick_000_018.mp4,481,8.024683,32,sports ball,0.834927,683.019,491.471,728.239,538.926,705.629,515.198,45.219,47.455
identical_balls_trick_000_018.mp4,481,8.024683,32,sports ball,0.706180,679.387,582.015,718.627,625.974,699.007,603.995,39.239,43.959
identical_balls_trick_000_018.mp4,481,8.024683,32,sports ball,0.195537,38.774,660.309,77.078,699.629,57.926,679.969,38.304,39.321
identical_balls_trick_000_018.mp4,482,8.041367,32,sports ball,0.899873,493.223,47.235,540.414,96.638,516.818,71.936,47.191,49.402
identical_balls_trick_000_018.mp4,482,8.041367,32,sports ball,0.844668,683.047,491.485,728.247,538.911,705.647,515.198,45.199,47.426
identical_balls_trick_000_018.mp4,482,8.041367,32,sports ball,0.735113,679.252,582.010,718.648,626.010,698.950,604.010,39.396,44.000
identical_balls_trick_000_018.mp4,482,8.041367,32,sports ball,0.219066,38.765,660.320,77.062,699.640,57.914,679.980,38.297,39.320
identical_balls_trick_000_018.mp4,483,8.058050,32,sports ball,0.895256,492.543,42.784,540.318,92.015,516.431,67.400,47.775,49.231
identical_balls_trick_000_018.mp4,483,8.058050,32,sports ball,0.873914,684.358,499.002,730.002,546.336,707.180,522.669,45.644,47.334
identical_balls_trick_000_018.mp4,483,8.058050,32,sports ball,0.797872,676.362,589.447,717.090,632.289,696.726,610.868,40.728,42.842
identical_balls_trick_000_018.mp4,483,8.058050,32,sports ball,0.259885,38.743,660.323,77.088,699.636,57.916,679.980,38.344,39.313
identical_balls_trick_000_018.mp4,483,8.058050,32,sports ball,0.173935,77.624,654.713,112.028,690.548,94.826,672.630,34.403,35.834
identical_balls_trick_000_018.mp4,484,8.074733,32,sports ball,0.898727,492.557,42.782,540.326,92.032,516.441,67.407,47.769,49.250
identical_balls_trick_000_018.mp4,484,8.074733,32,sports ball,0.878912,684.369,498.969,729.989,546.314,707.179,522.641,45.620,47.345
identical_balls_trick_000_018.mp4,484,8.074733,32,sports ball,0.804216,676.369,589.466,717.090,632.264,696.729,610.865,40.721,42.798
identical_balls_trick_000_018.mp4,484,8.074733,32,sports ball,0.255553,38.749,660.310,77.076,699.567,57.913,679.938,38.327,39.256
identical_balls_trick_000_018.mp4,484,8.074733,32,sports ball,0.171618,77.627,654.727,112.036,690.396,94.832,672.561,34.409,35.669
identical_balls_trick_000_018.mp4,485,8.091417,32,sports ball,0.885814,492.537,38.245,539.902,88.162,516.219,63.204,47.365,49.917
identical_balls_trick_000_018.mp4,485,8.091417,32,sports ball,0.843697,685.477,505.634,731.878,552.595,708.678,529.114,46.402,46.961
identical_balls_trick_000_018.mp4,485,8.091417,32,sports ball,0.827168,673.320,596.059,713.716,638.821,693.518,617.440,40.396,42.763
identical_balls_trick_000_018.mp4,485,8.091417,32,sports ball,0.269247,38.675,660.318,77.058,699.598,57.867,679.958,38.383,39.280
identical_balls_trick_000_018.mp4,485,8.091417,32,sports ball,0.177248,77.588,654.742,112.052,690.441,94.820,672.591,34.464,35.700
identical_balls_trick_000_018.mp4,486,8.108100,32,sports ball,0.882701,492.083,38.288,539.911,88.161,515.997,63.225,47.828,49.873
identical_balls_trick_000_018.mp4,486,8.108100,32,sports ball,0.829979,685.475,505.620,731.861,552.660,708.668,529.140,46.385,47.040
identical_balls_trick_000_018.mp4,486,8.108100,32,sports ball,0.825428,673.090,596.090,713.648,638.797,693.369,617.443,40.558,42.707
identical_balls_trick_000_018.mp4,486,8.108100,32,sports ball,0.239121,38.672,660.333,77.033,699.601,57.853,679.967,38.361,39.268
identical_balls_trick_000_018.mp4,486,8.108100,32,sports ball,0.167709,77.562,654.746,112.051,690.419,94.806,672.583,34.489,35.673
identical_balls_trick_000_018.mp4,487,8.124783,32,sports ball,0.839696,687.385,511.661,732.594,559.235,709.990,535.448,45.209,47.574
identical_balls_trick_000_018.mp4,487,8.124783,32,sports ball,0.832303,491.509,35.148,539.442,85.073,515.476,60.110,47.933,49.925
identical_balls_trick_000_018.mp4,487,8.124783,32,sports ball,0.775562,670.921,602.676,711.307,645.626,691.114,624.151,40.386,42.950
identical_balls_trick_000_018.mp4,487,8.124783,32,sports ball,0.161177,38.621,660.322,77.052,699.632,57.836,679.977,38.431,39.310
identical_balls_trick_000_018.mp4,488,8.141467,32,sports ball,0.844231,687.388,511.656,732.595,559.234,709.992,535.445,45.207,47.579
identical_balls_trick_000_018.mp4,488,8.141467,32,sports ball,0.837950,491.520,35.135,539.439,85.128,515.479,60.132,47.919,49.993
identical_balls_trick_000_018.mp4,488,8.141467,32,sports ball,0.782054,670.861,602.678,711.260,645.630,691.060,624.154,40.398,42.952
identical_balls_trick_000_018.mp4,488,8.141467,32,sports ball,0.159316,38.452,660.383,77.085,699.635,57.769,680.009,38.633,39.251
identical_balls_trick_000_018.mp4,489,8.158150,32,sports ball,0.877667,688.329,516.479,733.778,563.782,711.053,540.131,45.450,47.302
identical_balls_trick_000_018.mp4,489,8.158150,32,sports ball,0.866175,490.804,32.323,539.096,81.770,514.950,57.047,48.293,49.448
identical_balls_trick_000_018.mp4,489,8.158150,32,sports ball,0.725445,665.958,608.920,708.024,652.151,686.991,630.536,42.066,43.231
identical_balls_trick_000_018.mp4,489,8.158150,32,sports ball,0.191328,38.338,660.341,77.110,699.626,57.724,679.984,38.772,39.285
identical_balls_trick_000_018.mp4,490,8.174833,32,sports ball,0.874184,688.270,516.483,733.774,563.814,711.022,540.148,45.504,47.330
identical_balls_trick_000_018.mp4,490,8.174833,32,sports ball,0.867484,490.834,32.215,539.128,81.762,514.981,56.989,48.294,49.548
identical_balls_trick_000_018.mp4,490,8.174833,32,sports ball,0.732878,665.901,608.914,708.039,652.205,686.970,630.559,42.138,43.291
identical_balls_trick_000_018.mp4,490,8.174833,32,sports ball,0.194872,38.345,660.340,77.095,699.627,57.720,679.984,38.750,39.287
identical_balls_trick_000_018.mp4,491,8.191517,32,sports ball,0.869845,490.641,28.869,538.278,79.095,514.460,53.982,47.636,50.226
identical_balls_trick_000_018.mp4,491,8.191517,32,sports ball,0.797357,689.209,520.234,734.534,567.886,711.872,544.060,45.325,47.652
identical_balls_trick_000_018.mp4,491,8.191517,32,sports ball,0.776812,664.026,615.209,703.714,657.213,683.870,636.211,39.688,42.004
identical_balls_trick_000_018.mp4,491,8.191517,32,sports ball,0.180355,38.282,660.370,77.098,699.678,57.690,680.024,38.817,39.308
identical_balls_trick_000_018.mp4,492,8.208200,32,sports ball,0.869312,490.647,28.855,538.277,79.086,514.462,53.970,47.629,50.232
identical_balls_trick_000_018.mp4,492,8.208200,32,sports ball,0.795738,689.203,520.240,734.525,567.900,711.864,544.070,45.322,47.660
identical_balls_trick_000_018.mp4,492,8.208200,32,sports ball,0.769130,664.015,615.211,703.723,657.232,683.869,636.221,39.708,42.022
identical_balls_trick_000_018.mp4,492,8.208200,32,sports ball,0.178013,38.285,660.373,77.092,699.654,57.688,680.013,38.807,39.282
identical_balls_trick_000_018.mp4,493,8.224883,32,sports ball,0.885339,490.269,27.022,537.650,76.984,513.959,52.003,47.380,49.962
identical_balls_trick_000_018.mp4,493,8.224883,32,sports ball,0.739294,689.110,523.234,735.621,571.172,712.366,547.203,46.510,47.938
identical_balls_trick_000_018.mp4,493,8.224883,32,sports ball,0.694769,659.785,621.383,699.261,662.707,679.523,642.045,39.476,41.324
identical_balls_trick_000_018.mp4,493,8.224883,32,sports ball,0.195497,38.284,660.356,77.095,699.664,57.690,680.010,38.811,39.308
identical_balls_trick_000_018.mp4,493,8.224883,32,sports ball,0.163155,77.662,654.716,111.984,690.508,94.823,672.612,34.321,35.791
identical_balls_trick_000_018.mp4,494,8.241567,32,sports ball,0.884714,490.248,27.006,537.656,76.972,513.952,51.989,47.408,49.966
identical_balls_trick_000_018.mp4,494,8.241567,32,sports ball,0.734874,689.066,523.245,735.615,571.214,712.341,547.230,46.549,47.969
identical_balls_trick_000_018.mp4,494,8.241567,32,sports ball,0.683261,659.852,621.339,699.294,662.520,679.573,641.929,39.442,41.182
identical_balls_trick_000_018.mp4,494,8.241567,32,sports ball,0.189958,38.284,660.362,77.092,699.669,57.688,680.016,38.808,39.307
identical_balls_trick_000_018.mp4,494,8.241567,32,sports ball,0.159609,77.668,654.715,111.943,690.494,94.805,672.605,34.275,35.779
identical_balls_trick_000_018.mp4,495,8.258250,32,sports ball,0.843237,489.658,25.393,536.955,75.463,513.306,50.428,47.297,50.070
identical_balls_trick_000_018.mp4,495,8.258250,32,sports ball,0.751950,655.439,625.922,694.027,665.078,674.733,645.500,38.588,39.156
identical_balls_trick_000_018.mp4,495,8.258250,32,sports ball,0.442958,689.789,526.467,736.639,573.100,713.214,549.783,46.849,46.634
identical_balls_trick_000_018.mp4,495,8.258250,32,sports ball,0.197337,689.778,526.548,736.571,572.920,713.175,549.734,46.793,46.372
identical_balls_trick_000_018.mp4,495,8.258250,32,sports ball,0.167658,38.297,660.363,77.096,699.751,57.696,680.057,38.799,39.389
identical_balls_trick_000_018.mp4,495,8.258250,32,sports ball,0.150328,77.680,654.726,111.868,690.540,94.774,672.633,34.188,35.814
identical_balls_trick_000_018.mp4,496,8.274933,32,sports ball,0.846153,489.662,25.423,536.919,75.446,513.290,50.435,47.258,50.023
identical_balls_trick_000_018.mp4,496,8.274933,32,sports ball,0.805569,689.796,526.466,736.613,573.094,713.205,549.780,46.816,46.628
identical_balls_trick_000_018.mp4,496,8.274933,32,sports ball,0.764184,655.543,625.924,694.017,665.098,674.780,645.511,38.474,39.174
identical_balls_trick_000_018.mp4,496,8.274933,32,sports ball,0.169994,38.299,660.360,77.024,699.730,57.661,680.045,38.724,39.370
identical_balls_trick_000_018.mp4,497,8.291617,32,sports ball,0.865119,488.771,24.336,536.570,74.866,512.671,49.601,47.799,50.530
identical_balls_trick_000_018.mp4,497,8.291617,32,sports ball,0.788166,650.859,629.297,689.300,670.541,670.079,649.919,38.441,41.245
identical_balls_trick_000_018.mp4,497,8.291617,32,sports ball,0.765773,691.801,527.891,737.604,575.128,714.703,551.510,45.803,47.237
identical_balls_trick_000_018.mp4,497,8.291617,32,sports ball,0.153295,38.297,660.361,76.872,699.722,57.585,680.041,38.575,39.361
identical_balls_trick_000_018.mp4,498,8.308300,32,sports ball,0.866769,488.527,24.335,536.459,74.835,512.493,49.585,47.932,50.500
identical_balls_trick_000_018.mp4,498,8.308300,32,sports ball,0.781569,650.858,629.454,689.298,670.544,670.078,649.999,38.440,41.090
identical_balls_trick_000_018.mp4,498,8.308300,32,sports ball,0.773119,691.800,527.893,737.603,575.366,714.701,551.629,45.803,47.473
identical_balls_trick_000_018.mp4,498,8.308300,32,sports ball,0.154865,38.291,660.360,76.809,699.724,57.550,680.042,38.518,39.364
identical_balls_trick_000_018.mp4,499,8.324983,32,sports ball,0.826738,487.763,23.740,536.186,74.401,511.975,49.070,48.422,50.661
identical_balls_trick_000_018.mp4,499,8.324983,32,sports ball,0.626884,693.093,528.371,738.929,575.837,716.011,552.104,45.836,47.466
identical_balls_trick_000_018.mp4,499,8.324983,32,sports ball,0.563468,646.776,633.153,684.586,673.178,665.681,653.165,37.810,40.026
identical_balls_trick_000_018.mp4,500,8.341667,32,sports ball,0.866155,487.939,23.561,536.186,74.571,512.062,49.066,48.247,51.011
identical_balls_trick_000_018.mp4,500,8.341667,32,sports ball,0.590207,693.304,528.427,738.869,576.396,716.087,552.411,45.564,47.969
identical_balls_trick_000_018.mp4,500,8.341667,32,sports ball,0.582255,646.637,633.158,684.500,673.330,665.568,653.244,37.863,40.172
identical_balls_trick_000_018.mp4,501,8.358350,32,sports ball,0.885823,487.383,23.625,535.700,74.549,511.542,49.087,48.316,50.924
identical_balls_trick_000_018.mp4,501,8.358350,32,sports ball,0.758792,695.026,528.589,740.421,576.301,717.723,552.445,45.395,47.712
identical_balls_trick_000_018.mp4,501,8.358350,32,sports ball,0.544196,641.667,634.384,679.469,675.643,660.568,655.013,37.802,41.259
identical_balls_trick_000_018.mp4,502,8.375033,32,sports ball,0.886176,487.167,23.612,535.831,74.536,511.499,49.074,48.663,50.924
identical_balls_trick_000_018.mp4,502,8.375033,32,sports ball,0.763151,695.017,528.582,740.430,576.314,717.724,552.448,45.413,47.732
identical_balls_trick_000_018.mp4,502,8.375033,32,sports ball,0.527015,641.666,634.388,679.472,675.644,660.569,655.016,37.806,41.256
identical_balls_trick_000_018.mp4,503,8.391717,32,sports ball,0.883500,486.747,24.075,535.241,75.250,510.994,49.663,48.494,51.175
identical_balls_trick_000_018.mp4,503,8.391717,32,sports ball,0.801617,696.888,528.485,742.355,574.921,719.621,551.703,45.467,46.435
identical_balls_trick_000_018.mp4,503,8.391717,32,sports ball,0.657054,637.009,635.120,674.733,675.155,655.871,655.138,37.725,40.034
identical_balls_trick_000_018.mp4,504,8.408400,32,sports ball,0.885986,486.635,24.300,535.236,75.228,510.935,49.764,48.602,50.928
identical_balls_trick_000_018.mp4,504,8.408400,32,sports ball,0.811294,696.899,528.489,742.358,574.927,719.629,551.708,45.459,46.438
identical_balls_trick_000_018.mp4,504,8.408400,32,sports ball,0.682786,637.019,635.120,674.719,675.169,655.869,655.144,37.700,40.049
identical_balls_trick_000_018.mp4,505,8.425083,32,sports ball,0.894432,486.225,24.900,534.359,75.853,510.292,50.376,48.134,50.953
identical_balls_trick_000_018.mp4,505,8.425083,32,sports ball,0.869262,698.559,527.743,743.914,573.663,721.237,550.703,45.356,45.920
identical_balls_trick_000_018.mp4,505,8.425083,32,sports ball,0.670435,632.567,634.262,670.134,674.777,651.350,654.520,37.568,40.514
identical_balls_trick_000_018.mp4,506,8.441767,32,sports ball,0.876157,486.098,24.907,534.399,75.583,510.249,50.245,48.301,50.676
identical_balls_trick_000_018.mp4,506,8.441767,32,sports ball,0.874276,698.683,527.716,743.957,573.771,721.320,550.744,45.274,46.055
identical_balls_trick_000_018.mp4,506,8.441767,32,sports ball,0.662376,632.804,634.260,670.137,674.778,651.471,654.519,37.332,40.518
identical_balls_trick_000_018.mp4,507,8.458450,32,sports ball,0.860301,485.502,26.207,533.232,76.675,509.367,51.441,47.730,50.468
identical_balls_trick_000_018.mp4,507,8.458450,32,sports ball,0.823766,699.320,526.294,745.340,571.927,722.330,549.110,46.019,45.633
identical_balls_trick_000_018.mp4,507,8.458450,32,sports ball,0.662992,628.459,631.239,667.169,672.478,647.814,651.858,38.711,41.239
identical_balls_trick_000_018.mp4,508,8.475133,32,sports ball,0.863802,485.422,26.208,533.254,76.686,509.338,51.447,47.831,50.479
identical_balls_trick_000_018.mp4,508,8.475133,32,sports ball,0.820517,699.314,526.281,745.345,571.916,722.330,549.098,46.031,45.635
identical_balls_trick_000_018.mp4,508,8.475133,32,sports ball,0.662513,628.441,631.264,667.161,672.476,647.801,651.870,38.720,41.213
identical_balls_trick_000_018.mp4,509,8.491817,32,sports ball,0.890710,701.177,523.151,746.728,568.660,723.953,545.905,45.551,45.510
identical_balls_trick_000_018.mp4,509,8.491817,32,sports ball,0.869731,624.289,628.011,663.421,668.476,643.855,648.243,39.132,40.465
identical_balls_trick_000_018.mp4,509,8.491817,32,sports ball,0.867308,484.621,28.453,532.727,78.901,508.674,53.677,48.106,50.447
identical_balls_trick_000_018.mp4,510,8.508500,32,sports ball,0.890181,701.177,523.132,746.733,568.661,723.955,545.897,45.555,45.529
identical_balls_trick_000_018.mp4,510,8.508500,32,sports ball,0.867857,624.297,628.015,663.428,668.486,643.862,648.250,39.131,40.471
identical_balls_trick_000_018.mp4,510,8.508500,32,sports ball,0.865270,484.611,28.473,532.716,78.911,508.664,53.692,48.106,50.437
identical_balls_trick_000_018.mp4,511,8.525183,32,sports ball,0.871012,484.075,30.880,531.832,81.388,507.954,56.134,47.757,50.507
identical_balls_trick_000_018.mp4,511,8.525183,32,sports ball,0.868879,702.692,520.836,747.748,566.375,725.220,543.606,45.057,45.539
identical_balls_trick_000_018.mp4,511,8.525183,32,sports ball,0.794744,620.856,623.178,660.365,663.493,640.610,643.336,39.508,40.315
identical_balls_trick_000_018.mp4,512,8.541867,32,sports ball,0.871969,702.697,520.830,747.775,566.379,725.236,543.604,45.078,45.549
identical_balls_trick_000_018.mp4,512,8.541867,32,sports ball,0.866999,484.063,30.902,531.837,81.542,507.950,56.222,47.773,50.640
identical_balls_trick_000_018.mp4,512,8.541867,32,sports ball,0.797012,620.809,623.176,660.361,663.497,640.585,643.336,39.552,40.321
identical_balls_trick_000_018.mp4,513,8.558550,32,sports ball,0.916220,703.539,517.458,748.398,563.875,725.968,540.666,44.859,46.417
identical_balls_trick_000_018.mp4,513,8.558550,32,sports ball,0.856620,483.669,33.932,530.724,84.859,507.196,59.396,47.056,50.928
identical_balls_trick_000_018.mp4,513,8.558550,32,sports ball,0.698900,618.143,616.354,657.789,656.277,637.966,636.315,39.646,39.923
identical_balls_trick_000_018.mp4,514,8.575233,32,sports ball,0.918214,703.551,517.448,748.414,563.861,725.983,540.654,44.863,46.413
identical_balls_trick_000_018.mp4,514,8.575233,32,sports ball,0.847085,483.637,33.907,530.749,84.885,507.193,59.396,47.112,50.978
identical_balls_trick_000_018.mp4,514,8.575233,32,sports ball,0.669442,618.136,616.367,657.800,656.309,637.968,636.338,39.664,39.942
identical_balls_trick_000_018.mp4,515,8.591917,32,sports ball,0.866336,482.828,36.633,530.712,88.350,506.770,62.492,47.884,51.717
identical_balls_trick_000_018.mp4,515,8.591917,32,sports ball,0.864813,704.128,514.252,749.305,560.065,726.717,537.158,45.177,45.812
identical_balls_trick_000_018.mp4,515,8.591917,32,sports ball,0.511268,615.463,608.814,655.782,649.063,635.623,628.939,40.320,40.249
identical_balls_trick_000_018.mp4,516,8.608600,32,sports ball,0.873488,704.170,514.252,749.307,560.051,726.738,537.152,45.137,45.799
identical_balls_trick_000_018.mp4,516,8.608600,32,sports ball,0.857477,482.900,36.669,530.888,88.352,506.894,62.511,47.988,51.683
identical_balls_trick_000_018.mp4,516,8.608600,32,sports ball,0.495503,615.470,608.825,655.790,649.069,635.630,628.947,40.321,40.244
identical_balls_trick_000_018.mp4,517,8.625283,32,sports ball,0.899759,482.126,40.892,529.941,92.272,506.033,66.582,47.815,51.380
identical_balls_trick_000_018.mp4,517,8.625283,32,sports ball,0.853763,704.339,509.693,749.614,556.205,726.976,532.949,45.275,46.512
identical_balls_trick_000_018.mp4,517,8.625283,32,sports ball,0.810895,612.243,600.683,652.972,640.659,632.608,620.671,40.729,39.976
identical_balls_trick_000_018.mp4,518,8.641967,32,sports ball,0.896929,482.135,40.874,529.857,92.210,505.996,66.542,47.722,51.337
identical_balls_trick_000_018.mp4,518,8.641967,32,sports ball,0.854490,704.326,509.652,749.620,556.196,726.973,532.924,45.294,46.544
identical_balls_trick_000_018.mp4,518,8.641967,32,sports ball,0.822573,612.277,600.690,652.967,640.661,632.622,620.676,40.690,39.971
identical_balls_trick_000_018.mp4,519,8.658650,32,sports ball,0.891995,481.234,45.933,529.229,96.841,505.231,71.387,47.996,50.908
identical_balls_trick_000_018.mp4,519,8.658650,32,sports ball,0.888503,704.215,505.551,749.378,551.356,726.797,528.453,45.163,45.806
identical_balls_trick_000_018.mp4,519,8.658650,32,sports ball,0.798380,609.270,591.897,650.762,630.014,630.016,610.956,41.492,38.117
identical_balls_trick_000_018.mp4,520,8.675333,32,sports ball,0.899117,481.368,45.967,529.272,96.707,505.320,71.337,47.904,50.741
identical_balls_trick_000_018.mp4,520,8.675333,32,sports ball,0.889888,704.226,505.569,749.349,551.343,726.788,528.456,45.123,45.774
identical_balls_trick_000_018.mp4,520,8.675333,32,sports ball,0.804287,609.280,591.894,650.759,630.020,630.019,610.957,41.479,38.126
identical_balls_trick_000_018.mp4,521,8.692017,32,sports ball,0.904208,703.762,500.102,749.006,547.472,726.384,523.787,45.244,47.369
identical_balls_trick_000_018.mp4,521,8.692017,32,sports ball,0.896213,480.659,50.879,528.183,102.300,504.421,76.589,47.523,51.421
identical_balls_trick_000_018.mp4,521,8.692017,32,sports ball,0.777748,606.353,580.570,649.187,618.651,627.770,599.611,42.834,38.081
identical_balls_trick_000_018.mp4,522,8.708700,32,sports ball,0.904274,703.790,500.104,749.007,547.503,726.399,523.803,45.217,47.399
identical_balls_trick_000_018.mp4,522,8.708700,32,sports ball,0.894587,480.660,50.882,528.195,102.305,504.427,76.594,47.535,51.423
identical_balls_trick_000_018.mp4,522,8.708700,32,sports ball,0.767535,606.145,580.551,649.199,618.537,627.672,599.544,43.054,37.986
identical_balls_trick_000_018.mp4,523,8.725383,32,sports ball,0.890356,702.387,494.269,747.740,540.715,725.063,517.492,45.353,46.446
identical_balls_trick_000_018.mp4,523,8.725383,32,sports ball,0.870647,480.417,56.329,527.810,107.498,504.114,81.913,47.393,51.169
identical_balls_trick_000_018.mp4,523,8.725383,32,sports ball,0.674097,604.496,567.915,647.958,604.837,626.227,586.376,43.463,36.921
identical_balls_trick_000_018.mp4,524,8.742067,32,sports ball,0.887514,702.381,494.260,747.743,540.719,725.062,517.489,45.361,46.459
identical_balls_trick_000_018.mp4,524,8.742067,32,sports ball,0.868756,480.474,56.342,527.799,107.460,504.137,81.901,47.326,51.118
identical_balls_trick_000_018.mp4,524,8.742067,32,sports ball,0.665431,604.448,567.868,647.953,604.962,626.201,586.415,43.506,37.094
identical_balls_trick_000_018.mp4,525,8.758750,32,sports ball,0.892144,479.185,63.193,527.245,113.657,503.215,88.425,48.061,50.464
identical_balls_trick_000_018.mp4,525,8.758750,32,sports ball,0.806994,602.095,552.815,646.192,589.623,624.143,571.219,44.097,36.808
identical_balls_trick_000_018.mp4,525,8.758750,32,sports ball,0.770054,700.666,487.391,746.895,534.977,723.780,511.184,46.229,47.586
identical_balls_trick_000_018.mp4,526,8.775433,32,sports ball,0.894405,479.179,63.198,527.271,113.784,503.225,88.491,48.092,50.586
identical_balls_trick_000_018.mp4,526,8.775433,32,sports ball,0.803384,602.090,552.913,646.200,589.623,624.145,571.268,44.110,36.710
identical_balls_trick_000_018.mp4,526,8.775433,32,sports ball,0.754431,700.721,487.388,746.881,534.989,723.801,511.188,46.160,47.602
identical_balls_trick_000_018.mp4,527,8.792117,32,sports ball,0.840661,478.671,68.980,526.583,120.163,502.627,94.571,47.912,51.183
identical_balls_trick_000_018.mp4,527,8.792117,32,sports ball,0.783811,600.194,538.039,645.089,573.433,622.642,555.736,44.896,35.394
identical_balls_trick_000_018.mp4,527,8.792117,32,sports ball,0.701793,699.345,480.117,745.018,527.770,722.182,503.944,45.672,47.653
identical_balls_trick_000_018.mp4,528,8.808800,32,sports ball,0.841037,478.583,68.991,526.602,120.177,502.592,94.584,48.020,51.185
identical_balls_trick_000_018.mp4,528,8.808800,32,sports ball,0.767254,600.191,538.024,645.111,573.451,622.651,555.737,44.920,35.428
identical_balls_trick_000_018.mp4,528,8.808800,32,sports ball,0.641725,699.289,480.045,744.960,527.886,722.125,503.966,45.671,47.841
identical_balls_trick_000_018.mp4,529,8.825483,32,sports ball,0.880663,477.816,77.131,526.312,127.497,502.064,102.314,48.496,50.366
identical_balls_trick_000_018.mp4,529,8.825483,32,sports ball,0.842559,696.808,472.052,743.050,519.954,719.929,496.003,46.242,47.902
identical_balls_trick_000_018.mp4,529,8.825483,32,sports ball,0.766670,597.932,520.571,643.838,555.345,620.885,537.958,45.906,34.774
identical_balls_trick_000_018.mp4,530,8.842167,32,sports ball,0.885286,477.735,77.050,526.127,127.582,501.931,102.316,48.392,50.533
identical_balls_trick_000_018.mp4,530,8.842167,32,sports ball,0.850490,696.880,472.015,743.026,520.154,719.953,496.084,46.146,48.138
identical_balls_trick_000_018.mp4,530,8.842167,32,sports ball,0.775394,597.951,520.583,643.771,555.303,620.861,537.943,45.820,34.720
identical_balls_trick_000_018.mp4,531,8.858850,32,sports ball,0.909783,476.803,84.738,525.384,135.316,501.093,110.027,48.581,50.578
identical_balls_trick_000_018.mp4,531,8.858850,32,sports ball,0.850807,694.689,463.417,740.894,509.807,717.792,486.612,46.206,46.390
identical_balls_trick_000_018.mp4,531,8.858850,32,sports ball,0.778606,595.905,501.682,642.449,536.766,619.177,519.224,46.544,35.085
identical_balls_trick_000_018.mp4,531,8.858850,32,sports ball,0.246356,595.339,501.414,643.413,548.810,619.376,525.112,48.074,47.396
identical_balls_trick_000_018.mp4,532,8.875533,32,sports ball,0.907874,476.741,84.723,525.386,135.218,501.063,109.971,48.645,50.495
identical_balls_trick_000_018.mp4,532,8.875533,32,sports ball,0.826241,694.666,463.562,740.895,510.128,717.781,486.845,46.229,46.566
identical_balls_trick_000_018.mp4,532,8.875533,32,sports ball,0.782711,595.903,501.766,642.458,536.750,619.181,519.258,46.555,34.984
identical_balls_trick_000_018.mp4,532,8.875533,32,sports ball,0.225065,595.368,501.527,643.438,548.637,619.403,525.082,48.070,47.110
identical_balls_trick_000_018.mp4,533,8.892217,32,sports ball,0.910167,693.001,452.969,738.851,500.744,715.926,476.857,45.849,47.775
identical_balls_trick_000_018.mp4,533,8.892217,32,sports ball,0.889103,476.230,92.978,525.007,143.008,500.619,117.993,48.778,50.030
identical_balls_trick_000_018.mp4,533,8.892217,32,sports ball,0.861945,594.963,483.804,641.415,518.058,618.189,500.931,46.452,34.254
identical_balls_trick_000_018.mp4,534,8.908900,32,sports ball,0.908406,692.997,452.980,738.881,500.781,715.939,476.881,45.883,47.801
identical_balls_trick_000_018.mp4,534,8.908900,32,sports ball,0.885522,476.271,92.912,524.984,143.092,500.627,118.002,48.713,50.180
identical_balls_trick_000_018.mp4,534,8.908900,32,sports ball,0.866332,594.937,483.797,641.406,518.432,618.171,501.115,46.468,34.635
identical_balls_trick_000_018.mp4,535,8.925583,32,sports ball,0.866560,475.433,100.981,524.192,151.841,499.812,126.411,48.759,50.859
identical_balls_trick_000_018.mp4,535,8.925583,32,sports ball,0.822807,691.387,443.612,736.271,492.396,713.829,468.004,44.884,48.784
identical_balls_trick_000_018.mp4,535,8.925583,32,sports ball,0.720210,594.786,463.816,639.873,500.129,617.329,481.972,45.087,36.313
identical_balls_trick_000_018.mp4,536,8.942267,32,sports ball,0.864180,475.432,100.990,524.202,151.913,499.817,126.452,48.770,50.923
identical_balls_trick_000_018.mp4,536,8.942267,32,sports ball,0.829667,691.377,443.621,736.255,492.394,713.816,468.008,44.878,48.773
identical_balls_trick_000_018.mp4,536,8.942267,32,sports ball,0.714756,594.777,463.842,639.897,500.157,617.337,482.000,45.120,36.315
identical_balls_trick_000_018.mp4,537,8.958950,32,sports ball,0.890033,475.397,110.970,523.728,161.017,499.562,135.994,48.331,50.046
identical_balls_trick_000_018.mp4,537,8.958950,32,sports ball,0.699059,593.333,444.224,639.166,480.948,616.249,462.586,45.833,36.724
identical_balls_trick_000_018.mp4,537,8.958950,32,sports ball,0.639092,686.590,433.169,731.187,482.322,708.889,457.745,44.597,49.153
identical_balls_trick_000_018.mp4,538,8.975633,32,sports ball,0.891387,475.407,110.966,523.717,161.150,499.562,136.058,48.310,50.184
identical_balls_trick_000_018.mp4,538,8.975633,32,sports ball,0.702761,593.331,444.227,639.155,480.895,616.243,462.561,45.824,36.669
identical_balls_trick_000_018.mp4,538,8.975633,32,sports ball,0.647214,686.606,433.190,731.041,482.410,708.823,457.800,44.436,49.220
identical_balls_trick_000_018.mp4,539,8.992317,32,sports ball,0.874669,474.497,120.930,523.325,171.015,498.911,145.972,48.828,50.085
identical_balls_trick_000_018.mp4,539,8.992317,32,sports ball,0.749335,681.031,423.231,729.048,471.414,705.039,447.323,48.017,48.184
identical_balls_trick_000_018.mp4,539,8.992317,32,sports ball,0.661823,592.470,424.636,639.000,464.727,615.735,444.682,46.530,40.091
identical_balls_trick_000_018.mp4,540,9.009000,32,sports ball,0.877625,474.515,120.887,523.327,171.269,498.921,146.078,48.812,50.381
identical_balls_trick_000_018.mp4,540,9.009000,32,sports ball,0.745675,681.090,423.233,729.063,471.410,705.077,447.322,47.973,48.177
identical_balls_trick_000_018.mp4,540,9.009000,32,sports ball,0.663644,592.472,424.636,638.985,464.712,615.728,444.674,46.513,40.076
identical_balls_trick_000_018.mp4,541,9.025683,32,sports ball,0.907917,473.748,131.646,522.557,181.867,498.153,156.756,48.809,50.221
identical_balls_trick_000_018.mp4,541,9.025683,32,sports ball,0.874366,677.432,414.108,725.252,461.069,701.342,437.588,47.821,46.960
identical_balls_trick_000_018.mp4,541,9.025683,32,sports ball,0.846081,591.960,406.426,638.931,449.022,615.445,427.724,46.971,42.596
identical_balls_trick_000_018.mp4,542,9.042367,32,sports ball,0.909802,473.738,131.641,522.681,181.847,498.210,156.744,48.943,50.206
identical_balls_trick_000_018.mp4,542,9.042367,32,sports ball,0.873892,677.447,414.116,725.216,461.086,701.331,437.601,47.769,46.970
identical_balls_trick_000_018.mp4,542,9.042367,32,sports ball,0.851038,591.968,406.438,638.932,448.762,615.450,427.600,46.964,42.324
identical_balls_trick_000_018.mp4,543,9.059050,32,sports ball,0.883836,473.366,142.610,521.553,192.300,497.460,167.455,48.187,49.690
identical_balls_trick_000_018.mp4,543,9.059050,32,sports ball,0.745120,591.332,387.663,638.713,433.587,615.022,410.625,47.381,45.924
identical_balls_trick_000_018.mp4,543,9.059050,32,sports ball,0.706071,673.398,404.733,722.013,453.281,697.706,429.007,48.615,48.548
identical_balls_trick_000_018.mp4,544,9.075733,32,sports ball,0.885064,473.340,142.597,521.738,192.246,497.539,167.421,48.398,49.649
identical_balls_trick_000_018.mp4,544,9.075733,32,sports ball,0.750531,591.332,387.689,638.711,433.723,615.022,410.706,47.380,46.034
identical_balls_trick_000_018.mp4,544,9.075733,32,sports ball,0.714711,673.397,404.731,722.001,453.274,697.699,429.002,48.604,48.543
identical_balls_trick_000_018.mp4,545,9.092417,32,sports ball,0.869112,472.651,154.123,521.117,203.784,496.884,178.953,48.466,49.661
identical_balls_trick_000_018.mp4,545,9.092417,32,sports ball,0.791014,590.450,369.649,638.326,415.585,614.388,392.617,47.876,45.936
identical_balls_trick_000_018.mp4,545,9.092417,32,sports ball,0.694734,669.076,395.948,718.096,443.992,693.586,419.970,49.020,48.044
identical_balls_trick_000_018.mp4,546,9.109100,32,sports ball,0.872499,472.655,154.119,521.309,203.653,496.982,178.886,48.654,49.534
identical_balls_trick_000_018.mp4,546,9.109100,32,sports ball,0.796000,590.452,369.649,638.326,415.641,614.389,392.645,47.874,45.992
identical_balls_trick_000_018.mp4,546,9.109100,32,sports ball,0.713096,669.044,396.171,718.119,443.826,693.582,419.998,49.075,47.655
identical_balls_trick_000_018.mp4,547,9.125783,32,sports ball,0.836403,472.328,165.295,520.632,215.490,496.480,190.393,48.304,50.195
identical_balls_trick_000_018.mp4,547,9.125783,32,sports ball,0.836354,589.910,353.498,637.614,398.940,613.762,376.219,47.704,45.443
identical_balls_trick_000_018.mp4,547,9.125783,32,sports ball,0.831139,665.602,388.249,713.889,433.812,689.746,411.031,48.287,45.563
identical_balls_trick_000_018.mp4,548,9.142467,32,sports ball,0.840762,472.356,165.305,520.425,215.503,496.391,190.404,48.069,50.198
identical_balls_trick_000_018.mp4,548,9.142467,32,sports ball,0.836493,589.918,353.495,637.627,398.995,613.773,376.245,47.709,45.499
identical_balls_trick_000_018.mp4,548,9.142467,32,sports ball,0.831050,665.598,388.243,713.888,433.797,689.743,411.020,48.290,45.554
identical_balls_trick_000_018.mp4,549,9.159150,32,sports ball,0.841562,471.115,178.546,519.724,228.040,495.420,203.293,48.609,49.494
identical_balls_trick_000_018.mp4,549,9.159150,32,sports ball,0.819161,589.128,336.029,636.990,384.562,613.059,360.296,47.863,48.533
identical_balls_trick_000_018.mp4,549,9.159150,32,sports ball,0.756113,661.562,380.508,710.262,427.091,685.912,403.800,48.700,46.583
identical_balls_trick_000_018.mp4,550,9.175833,32,sports ball,0.850141,471.134,178.540,519.698,227.935,495.416,203.238,48.564,49.395
identical_balls_trick_000_018.mp4,550,9.175833,32,sports ball,0.823156,589.112,336.020,637.018,384.519,613.065,360.270,47.906,48.500
identical_balls_trick_000_018.mp4,550,9.175833,32,sports ball,0.752643,661.651,380.516,710.264,427.113,685.957,403.814,48.614,46.598
identical_balls_trick_000_018.mp4,551,9.192517,32,sports ball,0.878859,588.143,319.901,636.141,369.068,612.142,344.485,47.998,49.167
identical_balls_trick_000_018.mp4,551,9.192517,32,sports ball,0.877902,471.003,191.842,519.383,240.776,495.193,216.309,48.380,48.934
identical_balls_trick_000_018.mp4,551,9.192517,32,sports ball,0.777383,658.076,373.158,706.252,420.980,682.164,397.069,48.176,47.822
identical_balls_trick_000_018.mp4,552,9.209200,32,sports ball,0.882782,471.006,191.825,519.507,240.841,495.257,216.333,48.501,49.016
identical_balls_trick_000_018.mp4,552,9.209200,32,sports ball,0.876630,588.149,319.894,636.146,369.079,612.147,344.486,47.998,49.185
identical_balls_trick_000_018.mp4,552,9.209200,32,sports ball,0.766614,658.072,373.151,706.253,420.979,682.162,397.065,48.181,47.828
identical_balls_trick_000_018.mp4,553,9.225883,32,sports ball,0.875587,653.587,367.320,702.356,414.764,677.972,391.042,48.768,47.444
identical_balls_trick_000_018.mp4,553,9.225883,32,sports ball,0.872627,470.442,205.439,518.948,254.799,494.695,230.119,48.507,49.360
identical_balls_trick_000_018.mp4,553,9.225883,32,sports ball,0.871807,587.302,303.252,635.498,352.488,611.400,327.870,48.197,49.236
identical_balls_trick_000_018.mp4,554,9.242567,32,sports ball,0.871271,470.468,205.446,518.917,254.690,494.692,230.068,48.449,49.244
identical_balls_trick_000_018.mp4,554,9.242567,32,sports ball,0.869983,653.591,367.310,702.373,414.713,677.982,391.012,48.782,47.402
identical_balls_trick_000_018.mp4,554,9.242567,32,sports ball,0.862609,587.311,303.290,635.344,352.572,611.327,327.931,48.033,49.282
identical_balls_trick_000_018.mp4,555,9.259250,32,sports ball,0.800968,469.745,219.247,518.234,267.993,493.990,243.620,48.488,48.747
identical_balls_trick_000_018.mp4,555,9.259250,32,sports ball,0.753579,650.381,360.130,698.043,407.972,674.212,384.051,47.662,47.842
identical_balls_trick_000_018.mp4,555,9.259250,32,sports ball,0.666199,586.522,287.882,634.064,336.312,610.293,312.097,47.541,48.430
identical_balls_trick_000_018.mp4,556,9.275933,32,sports ball,0.804146,469.762,219.248,518.232,268.008,493.997,243.628,48.470,48.760
identical_balls_trick_000_018.mp4,556,9.275933,32,sports ball,0.754511,650.380,360.125,698.057,407.975,674.218,384.050,47.676,47.850
identical_balls_trick_000_018.mp4,556,9.275933,32,sports ball,0.658499,586.531,287.957,634.075,336.313,610.303,312.135,47.544,48.356
identical_balls_trick_000_018.mp4,557,9.292617,32,sports ball,0.789112,469.244,233.789,517.936,282.896,493.590,258.342,48.692,49.106
identical_balls_trick_000_018.mp4,557,9.292617,32,sports ball,0.516626,585.441,271.920,633.088,320.128,609.264,296.024,47.647,48.208
identical_balls_trick_000_018.mp4,557,9.292617,32,sports ball,0.434917,646.469,355.043,694.598,402.315,670.534,378.679,48.129,47.272
identical_balls_trick_000_018.mp4,558,9.309300,32,sports ball,0.796494,469.230,233.781,517.980,283.078,493.605,258.429,48.750,49.297
identical_balls_trick_000_018.mp4,558,9.309300,32,sports ball,0.455405,585.444,271.889,633.107,320.114,609.276,296.002,47.663,48.225
identical_balls_trick_000_018.mp4,558,9.309300,32,sports ball,0.420800,646.469,355.046,694.576,402.180,670.522,378.613,48.107,47.134
identical_balls_trick_000_018.mp4,559,9.325983,32,sports ball,0.849875,468.932,249.107,517.115,298.147,493.023,273.627,48.183,49.040
identical_balls_trick_000_018.mp4,559,9.325983,32,sports ball,0.710807,642.322,349.063,690.676,396.769,666.499,372.916,48.355,47.706
identical_balls_trick_000_018.mp4,559,9.325983,32,sports ball,0.610098,584.888,256.847,632.842,304.698,608.865,280.772,47.954,47.850
identical_balls_trick_000_018.mp4,560,9.342667,32,sports ball,0.843785,468.893,249.093,517.118,298.165,493.006,273.629,48.226,49.072
identical_balls_trick_000_018.mp4,560,9.342667,32,sports ball,0.700982,642.312,349.063,690.676,396.770,666.494,372.917,48.364,47.706
identical_balls_trick_000_018.mp4,560,9.342667,32,sports ball,0.595031,584.864,256.814,632.866,304.695,608.865,280.754,48.002,47.881
identical_balls_trick_000_018.mp4,561,9.359350,32,sports ball,0.867109,468.639,264.821,516.675,313.332,492.657,289.076,48.036,48.511
identical_balls_trick_000_018.mp4,561,9.359350,32,sports ball,0.756526,584.021,241.385,631.948,289.197,607.984,265.291,47.927,47.812
identical_balls_trick_000_018.mp4,561,9.359350,32,sports ball,0.700102,638.451,344.237,686.678,391.975,662.564,368.106,48.227,47.738
identical_balls_trick_000_018.mp4,562,9.376033,32,sports ball,0.871292,468.638,264.811,516.672,313.327,492.655,289.069,48.034,48.516
identical_balls_trick_000_018.mp4,562,9.376033,32,sports ball,0.760047,583.998,241.389,631.940,289.168,607.969,265.279,47.942,47.779
identical_balls_trick_000_018.mp4,562,9.376033,32,sports ball,0.705906,638.435,344.223,686.749,392.020,662.592,368.121,48.314,47.798
identical_balls_trick_000_018.mp4,563,9.392717,32,sports ball,0.872173,467.861,280.766,516.302,329.859,492.081,305.313,48.441,49.093
identical_balls_trick_000_018.mp4,563,9.392717,32,sports ball,0.819622,583.477,227.647,631.521,275.521,607.499,251.584,48.045,47.875
identical_balls_trick_000_018.mp4,563,9.392717,32,sports ball,0.594743,635.099,340.204,682.589,388.379,658.844,364.292,47.490,48.174
identical_balls_trick_000_018.mp4,564,9.409400,32,sports ball,0.869876,467.828,280.762,516.326,329.548,492.077,305.155,48.498,48.786
identical_balls_trick_000_018.mp4,564,9.409400,32,sports ball,0.817198,583.503,227.734,631.512,275.503,607.507,251.619,48.010,47.769
identical_balls_trick_000_018.mp4,564,9.409400,32,sports ball,0.592793,635.098,340.199,682.589,388.355,658.844,364.277,47.491,48.155
identical_balls_trick_000_018.mp4,565,9.426083,32,sports ball,0.872456,467.381,297.176,516.023,346.505,491.702,321.841,48.642,49.329
identical_balls_trick_000_018.mp4,565,9.426083,32,sports ball,0.859049,582.537,213.749,630.548,261.374,606.543,237.562,48.011,47.625
identical_balls_trick_000_018.mp4,565,9.426083,32,sports ball,0.647556,631.351,336.221,679.111,384.201,655.231,360.211,47.760,47.980
identical_balls_trick_000_018.mp4,566,9.442767,32,sports ball,0.872665,467.073,297.200,516.146,346.491,491.609,321.846,49.072,49.291
identical_balls_trick_000_018.mp4,566,9.442767,32,sports ball,0.860028,582.537,213.696,630.467,261.390,606.502,237.543,47.930,47.694
identical_balls_trick_000_018.mp4,566,9.442767,32,sports ball,0.635460,631.343,336.162,679.107,384.222,655.225,360.192,47.763,48.060
identical_balls_trick_000_018.mp4,567,9.459450,32,sports ball,0.776316,582.385,199.163,629.127,247.936,605.756,223.550,46.742,48.774
identical_balls_trick_000_018.mp4,567,9.459450,32,sports ball,0.773985,466.659,314.760,514.977,363.443,490.818,339.102,48.318,48.683
identical_balls_trick_000_018.mp4,567,9.459450,32,sports ball,0.481076,627.310,333.099,675.192,379.926,651.251,356.513,47.881,46.827
identical_balls_trick_000_018.mp4,568,9.476133,32,sports ball,0.835138,466.609,314.641,514.964,363.569,490.786,339.105,48.355,48.928
identical_balls_trick_000_018.mp4,568,9.476133,32,sports ball,0.782035,582.367,199.152,629.135,247.940,605.751,223.546,46.767,48.788
identical_balls_trick_000_018.mp4,568,9.476133,32,sports ball,0.516967,627.320,333.126,675.187,379.888,651.254,356.507,47.867,46.762
identical_balls_trick_000_018.mp4,569,9.492817,32,sports ball,0.810660,580.661,185.347,629.326,233.784,604.994,209.566,48.664,48.436
identical_balls_trick_000_018.mp4,569,9.492817,32,sports ball,0.735008,465.985,333.278,514.958,380.889,490.472,357.083,48.973,47.611
identical_balls_trick_000_018.mp4,569,9.492817,32,sports ball,0.573156,624.021,330.185,671.077,377.553,647.549,353.869,47.057,47.368
identical_balls_trick_000_018.mp4,570,9.509500,32,sports ball,0.829540,580.647,185.328,629.321,233.831,604.984,209.580,48.674,48.503
identical_balls_trick_000_018.mp4,570,9.509500,32,sports ball,0.745749,466.014,333.318,514.988,380.977,490.501,357.147,48.974,47.659
identical_balls_trick_000_018.mp4,570,9.509500,32,sports ball,0.585351,623.991,330.157,671.083,377.544,647.537,353.850,47.092,47.388
identical_balls_trick_000_018.mp4,571,9.526183,32,sports ball,0.830500,465.440,350.821,514.523,400.180,489.982,375.500,49.083,49.359
identical_balls_trick_000_018.mp4,571,9.526183,32,sports ball,0.683214,579.816,174.199,628.246,221.800,604.031,198.000,48.431,47.601
identical_balls_trick_000_018.mp4,571,9.526183,32,sports ball,0.614283,620.185,327.640,667.753,375.380,643.969,351.510,47.567,47.740
identical_balls_trick_000_018.mp4,572,9.542867,32,sports ball,0.833336,465.453,350.842,514.525,400.178,489.989,375.510,49.073,49.336
identical_balls_trick_000_018.mp4,572,9.542867,32,sports ball,0.694346,579.818,174.313,628.241,221.804,604.029,198.059,48.423,47.490
identical_balls_trick_000_018.mp4,572,9.542867,32,sports ball,0.621397,620.179,327.745,667.725,375.382,643.952,351.563,47.546,47.637
identical_balls_trick_000_018.mp4,573,9.559550,32,sports ball,0.627263,465.026,368.897,514.453,418.384,489.739,393.640,49.427,49.487
identical_balls_trick_000_018.mp4,573,9.559550,32,sports ball,0.599364,578.800,161.987,627.499,209.798,603.149,185.893,48.699,47.811
identical_balls_trick_000_018.mp4,573,9.559550,32,sports ball,0.204962,616.604,325.775,663.753,372.376,640.179,349.075,47.148,46.601
identical_balls_trick_000_018.mp4,574,9.576233,32,sports ball,0.623602,465.018,368.914,514.393,418.342,489.705,393.628,49.376,49.428
identical_balls_trick_000_018.mp4,574,9.576233,32,sports ball,0.606401,578.756,162.005,627.495,209.750,603.126,185.878,48.738,47.745
identical_balls_trick_000_018.mp4,574,9.576233,32,sports ball,0.224665,616.608,325.783,663.748,372.257,640.178,349.020,47.140,46.473
identical_balls_trick_000_018.mp4,575,9.592917,32,sports ball,0.691685,577.730,149.287,626.507,198.072,602.119,173.680,48.777,48.785
identical_balls_trick_000_018.mp4,575,9.592917,32,sports ball,0.537386,465.298,388.421,513.722,438.317,489.510,413.369,48.424,49.897
identical_balls_trick_000_018.mp4,575,9.592917,32,sports ball,0.181484,614.971,324.361,659.671,370.024,637.321,347.192,44.700,45.663
identical_balls_trick_000_018.mp4,576,9.609600,32,sports ball,0.667241,577.747,149.180,626.492,198.061,602.119,173.621,48.745,48.881
identical_balls_trick_000_018.mp4,576,9.609600,32,sports ball,0.582719,465.281,388.488,513.671,438.469,489.476,413.478,48.390,49.981
identical_balls_trick_000_018.mp4,576,9.609600,32,sports ball,0.172627,614.971,324.357,659.675,370.017,637.323,347.187,44.703,45.659
identical_balls_trick_000_018.mp4,577,9.626283,32,sports ball,0.659804,464.699,407.745,513.650,458.147,489.175,432.946,48.950,50.403
identical_balls_trick_000_018.mp4,577,9.626283,32,sports ball,0.411127,576.742,137.680,625.300,186.598,601.021,162.139,48.558,48.917
identical_balls_trick_000_018.mp4,577,9.626283,32,sports ball,0.191786,608.982,323.294,655.665,368.822,632.323,346.058,46.684,45.529
identical_balls_trick_000_018.mp4,578,9.642967,32,sports ball,0.645844,464.706,407.707,513.658,458.150,489.182,432.929,48.952,50.442
identical_balls_trick_000_018.mp4,578,9.642967,32,sports ball,0.399843,576.712,137.550,625.449,186.552,601.081,162.051,48.737,49.002
identical_balls_trick_000_018.mp4,578,9.642967,32,sports ball,0.188800,609.231,323.133,655.660,368.793,632.446,345.963,46.430,45.659
identical_balls_trick_000_018.mp4,579,9.659650,32,sports ball,0.763358,576.441,126.499,624.384,175.332,600.413,150.916,47.943,48.833
identical_balls_trick_000_018.mp4,579,9.659650,32,sports ball,0.744196,464.696,429.180,513.012,478.077,488.854,453.628,48.316,48.897
identical_balls_trick_000_018.mp4,579,9.659650,32,sports ball,0.491944,609.239,323.119,652.472,368.313,630.856,345.716,43.233,45.195
identical_balls_trick_000_018.mp4,580,9.676333,32,sports ball,0.755703,576.440,126.369,624.402,175.326,600.421,150.848,47.962,48.957
identical_balls_trick_000_018.mp4,580,9.676333,32,sports ball,0.736836,464.712,429.178,513.012,478.017,488.862,453.597,48.300,48.838
identical_balls_trick_000_018.mp4,580,9.676333,32,sports ball,0.483850,609.238,323.117,652.477,368.316,630.858,345.717,43.238,45.199
identical_balls_trick_000_018.mp4,581,9.693017,32,sports ball,0.805782,576.059,115.463,623.527,164.780,599.793,140.121,47.468,49.317
identical_balls_trick_000_018.mp4,581,9.693017,32,sports ball,0.705017,608.854,323.621,650.996,367.696,629.925,345.659,42.142,44.075
identical_balls_trick_000_018.mp4,581,9.693017,32,sports ball,0.699213,464.792,448.798,512.766,498.836,488.779,473.817,47.974,50.038
identical_balls_trick_000_018.mp4,582,9.709700,32,sports ball,0.799824,575.934,115.453,623.498,164.809,599.716,140.131,47.564,49.356
identical_balls_trick_000_018.mp4,582,9.709700,32,sports ball,0.710731,608.859,323.605,651.021,367.686,629.940,345.646,42.162,44.081
identical_balls_trick_000_018.mp4,582,9.709700,32,sports ball,0.698924,464.772,448.726,512.783,498.814,488.778,473.770,48.011,50.088
identical_balls_trick_000_018.mp4,583,9.726383,32,sports ball,0.815165,574.668,105.326,622.796,154.602,598.732,129.964,48.128,49.276
identical_balls_trick_000_018.mp4,583,9.726383,32,sports ball,0.790853,608.078,323.724,650.380,365.114,629.229,344.419,42.302,41.390
identical_balls_trick_000_018.mp4,583,9.726383,32,sports ball,0.533246,465.212,468.674,512.741,513.692,488.977,491.183,47.529,45.018
identical_balls_trick_000_018.mp4,584,9.743067,32,sports ball,0.822099,574.658,105.324,622.820,154.604,598.739,129.964,48.162,49.280
identical_balls_trick_000_018.mp4,584,9.743067,32,sports ball,0.788473,608.131,323.718,650.376,365.129,629.254,344.424,42.245,41.410
identical_balls_trick_000_018.mp4,584,9.743067,32,sports ball,0.542125,465.226,468.683,512.730,513.632,488.978,491.158,47.504,44.950
identical_balls_trick_000_018.mp4,585,9.759750,32,sports ball,0.700626,573.205,95.302,621.961,144.915,597.583,120.108,48.756,49.614
identical_balls_trick_000_018.mp4,585,9.759750,32,sports ball,0.220717,606.895,323.266,650.068,364.054,628.482,343.660,43.173,40.788
identical_balls_trick_000_018.mp4,585,9.759750,32,sports ball,0.169886,464.840,482.210,514.106,527.294,489.473,504.752,49.266,45.084
identical_balls_trick_000_018.mp4,586,9.776433,32,sports ball,0.709857,573.417,95.065,621.952,144.907,597.684,119.986,48.535,49.842
identical_balls_trick_000_018.mp4,586,9.776433,32,sports ball,0.230384,606.896,323.258,650.061,364.063,628.479,343.660,43.165,40.805
identical_balls_trick_000_018.mp4,586,9.776433,32,sports ball,0.181038,464.906,482.259,514.136,527.323,489.521,504.791,49.230,45.065
identical_balls_trick_000_018.mp4,587,9.793117,32,sports ball,0.777369,572.222,85.957,621.188,135.756,596.705,110.856,48.966,49.799
identical_balls_trick_000_018.mp4,587,9.793117,32,sports ball,0.428115,465.865,485.998,514.533,532.709,490.199,509.354,48.667,46.711
identical_balls_trick_000_018.mp4,588,9.809800,32,sports ball,0.780053,572.191,85.930,621.197,135.763,596.694,110.846,49.006,49.833
identical_balls_trick_000_018.mp4,588,9.809800,32,sports ball,0.429899,465.877,486.021,514.531,532.709,490.204,509.365,48.655,46.688
identical_balls_trick_000_018.mp4,589,9.826483,32,sports ball,0.832337,571.154,76.812,620.167,127.235,595.661,102.023,49.013,50.423
identical_balls_trick_000_018.mp4,589,9.826483,32,sports ball,0.546864,463.716,490.704,510.865,537.694,487.291,514.199,47.149,46.990
identical_balls_trick_000_018.mp4,589,9.826483,32,sports ball,0.185992,605.168,324.075,648.585,364.137,626.876,344.106,43.417,40.061
identical_balls_trick_000_018.mp4,590,9.843167,32,sports ball,0.841794,571.155,76.792,620.168,127.215,595.662,102.004,49.013,50.424
identical_balls_trick_000_018.mp4,590,9.843167,32,sports ball,0.559085,463.689,490.694,511.165,537.689,487.427,514.192,47.476,46.994
identical_balls_trick_000_018.mp4,590,9.843167,32,sports ball,0.221965,605.115,324.137,648.600,364.130,626.857,344.134,43.485,39.993
identical_balls_trick_000_018.mp4,591,9.859850,32,sports ball,0.824311,570.453,68.153,619.288,119.087,594.871,93.620,48.836,50.935
identical_balls_trick_000_018.mp4,591,9.859850,32,sports ball,0.764585,463.482,494.878,506.905,542.240,485.194,518.559,43.423,47.362
identical_balls_trick_000_018.mp4,591,9.859850,32,sports ball,0.332992,604.273,323.515,648.084,363.469,626.179,343.492,43.811,39.953
identical_balls_trick_000_018.mp4,592,9.876533,32,sports ball,0.821719,570.449,68.148,619.288,119.089,594.868,93.619,48.838,50.940
identical_balls_trick_000_018.mp4,592,9.876533,32,sports ball,0.763090,463.436,494.880,506.906,542.320,485.171,518.600,43.470,47.440
identical_balls_trick_000_018.mp4,592,9.876533,32,sports ball,0.320031,604.269,323.493,648.107,363.466,626.188,343.480,43.839,39.973
identical_balls_trick_000_018.mp4,593,9.893217,32,sports ball,0.831839,569.654,59.950,618.331,110.886,593.992,85.418,48.676,50.935
identical_balls_trick_000_018.mp4,593,9.893217,32,sports ball,0.658205,459.738,498.917,503.871,546.771,481.805,522.844,44.132,47.854
identical_balls_trick_000_018.mp4,593,9.893217,32,sports ball,0.612442,603.552,321.636,647.131,362.900,625.342,342.268,43.579,41.264
identical_balls_trick_000_018.mp4,594,9.909900,32,sports ball,0.835941,569.638,59.903,618.329,110.885,593.983,85.394,48.691,50.982
identical_balls_trick_000_018.mp4,594,9.909900,32,sports ball,0.675436,459.746,498.915,503.862,546.760,481.804,522.838,44.116,47.845
identical_balls_trick_000_018.mp4,594,9.909900,32,sports ball,0.631800,603.568,321.650,647.117,362.895,625.342,342.273,43.549,41.245
identical_balls_trick_000_018.mp4,595,9.926583,32,sports ball,0.771061,568.451,52.235,617.174,103.337,592.812,77.786,48.723,51.102
identical_balls_trick_000_018.mp4,595,9.926583,32,sports ball,0.584808,603.286,319.316,647.154,361.815,625.220,340.565,43.868,42.499
identical_balls_trick_000_018.mp4,595,9.926583,32,sports ball,0.555661,455.730,502.419,500.733,551.198,478.231,526.808,45.003,48.779
identical_balls_trick_000_018.mp4,596,9.943267,32,sports ball,0.765059,568.454,52.231,617.161,103.343,592.807,77.787,48.707,51.112
identical_balls_trick_000_018.mp4,596,9.943267,32,sports ball,0.580951,603.281,319.295,647.162,361.815,625.222,340.555,43.880,42.520
identical_balls_trick_000_018.mp4,596,9.943267,32,sports ball,0.551188,455.725,502.409,500.733,551.174,478.229,526.791,45.008,48.765
identical_balls_trick_000_018.mp4,597,9.959950,32,sports ball,0.851375,567.362,44.939,616.565,96.396,591.964,70.667,49.203,51.457
identical_balls_trick_000_018.mp4,597,9.959950,32,sports ball,0.689386,451.851,506.534,497.424,554.846,474.637,530.690,45.572,48.312
identical_balls_trick_000_018.mp4,597,9.959950,32,sports ball,0.671636,602.918,316.045,646.612,360.843,624.765,338.444,43.694,44.798
identical_balls_trick_000_018.mp4,598,9.976633,32,sports ball,0.854503,567.360,44.939,616.577,96.390,591.969,70.665,49.217,51.452
identical_balls_trick_000_018.mp4,598,9.976633,32,sports ball,0.712467,451.853,506.596,497.476,554.848,474.664,530.722,45.622,48.252
identical_balls_trick_000_018.mp4,598,9.976633,32,sports ball,0.678477,602.892,315.965,646.596,360.855,624.744,338.410,43.704,44.890
identical_balls_trick_000_018.mp4,599,9.993317,32,sports ball,0.763687,566.658,37.418,615.964,90.183,591.311,63.800,49.306,52.765
identical_balls_trick_000_018.mp4,599,9.993317,32,sports ball,0.691287,448.598,510.275,494.721,558.027,471.659,534.151,46.123,47.752
identical_balls_trick_000_018.mp4,599,9.993317,32,sports ball,0.393909,601.750,313.669,646.186,359.770,623.968,336.719,44.436,46.101
identical_balls_trick_000_018.mp4,600,10.010000,32,sports ball,0.789133,566.737,37.479,615.960,89.516,591.349,63.497,49.224,52.037
identical_balls_trick_000_018.mp4,600,10.010000,32,sports ball,0.670427,448.429,510.134,494.366,558.093,471.398,534.113,45.937,47.960
identical_balls_trick_000_018.mp4,600,10.010000,32,sports ball,0.370438,601.353,313.417,646.509,359.711,623.931,336.564,45.156,46.294
identical_balls_trick_000_018.mp4,601,10.026683,32,sports ball,0.760159,565.427,32.613,615.259,83.646,590.343,58.129,49.832,51.034
identical_balls_trick_000_018.mp4,601,10.026683,32,sports ball,0.632143,444.747,513.124,490.911,561.970,467.829,537.547,46.164,48.846
identical_balls_trick_000_018.mp4,601,10.026683,32,sports ball,0.404439,598.133,311.974,646.014,358.201,622.074,335.087,47.881,46.227
identical_balls_trick_000_018.mp4,602,10.043367,32,sports ball,0.761871,565.455,32.575,615.278,83.501,590.366,58.038,49.823,50.926
identical_balls_trick_000_018.mp4,602,10.043367,32,sports ball,0.619544,444.743,513.127,490.913,561.963,467.828,537.545,46.170,48.836
identical_balls_trick_000_018.mp4,602,10.043367,32,sports ball,0.405953,598.150,311.959,646.057,358.293,622.103,335.126,47.907,46.334
identical_balls_trick_000_018.mp4,603,10.060050,32,sports ball,0.764513,564.682,25.862,614.051,77.694,589.367,51.778,49.369,51.832
identical_balls_trick_000_018.mp4,603,10.060050,32,sports ball,0.564927,440.517,516.077,487.331,564.187,463.924,540.132,46.814,48.110
identical_balls_trick_000_018.mp4,603,10.060050,32,sports ball,0.459014,597.025,311.610,645.212,357.527,621.119,334.569,48.186,45.917
identical_balls_trick_000_018.mp4,604,10.076733,32,sports ball,0.765271,564.695,25.875,614.035,77.673,589.365,51.774,49.341,51.797
identical_balls_trick_000_018.mp4,604,10.076733,32,sports ball,0.565329,440.524,516.072,487.337,564.192,463.931,540.132,46.813,48.119
identical_balls_trick_000_018.mp4,604,10.076733,32,sports ball,0.446720,597.064,311.647,645.216,357.530,621.140,334.589,48.153,45.883
identical_balls_trick_000_018.mp4,605,10.093417,32,sports ball,0.845089,563.678,21.069,613.149,73.001,588.413,47.035,49.471,51.931
identical_balls_trick_000_018.mp4,605,10.093417,32,sports ball,0.457566,596.519,309.573,645.656,356.678,621.088,333.125,49.137,47.105
identical_balls_trick_000_018.mp4,605,10.093417,32,sports ball,0.416178,436.946,518.158,483.553,567.624,460.250,542.891,46.607,49.465
identical_balls_trick_000_018.mp4,606,10.110100,32,sports ball,0.844631,563.666,21.066,613.149,72.999,588.407,47.032,49.483,51.934
identical_balls_trick_000_018.mp4,606,10.110100,32,sports ball,0.457073,596.555,309.583,645.664,356.678,621.109,333.131,49.109,47.095
identical_balls_trick_000_018.mp4,606,10.110100,32,sports ball,0.416525,436.950,518.147,483.552,567.623,460.251,542.885,46.602,49.476
identical_balls_trick_000_018.mp4,607,10.126783,32,sports ball,0.752948,562.812,16.048,612.012,68.648,587.412,42.348,49.200,52.600
identical_balls_trick_000_018.mp4,607,10.126783,32,sports ball,0.535973,433.522,520.170,480.354,568.900,456.938,544.535,46.832,48.731
identical_balls_trick_000_018.mp4,607,10.126783,32,sports ball,0.428445,593.542,307.299,644.591,355.147,619.067,331.223,51.050,47.848
identical_balls_trick_000_018.mp4,607,10.126783,32,sports ball,0.187709,604.831,326.568,643.961,354.595,624.396,340.582,39.130,28.027
identical_balls_trick_000_018.mp4,608,10.143467,32,sports ball,0.744232,562.793,16.065,612.006,68.646,587.399,42.356,49.213,52.580
identical_balls_trick_000_018.mp4,608,10.143467,32,sports ball,0.535185,433.530,520.159,480.354,568.899,456.942,544.529,46.824,48.740
identical_balls_trick_000_018.mp4,608,10.143467,32,sports ball,0.421948,594.633,307.317,644.569,355.172,619.601,331.245,49.936,47.855
identical_balls_trick_000_018.mp4,608,10.143467,32,sports ball,0.177099,604.959,326.584,643.961,354.612,624.460,340.598,39.003,28.028
identical_balls_trick_000_018.mp4,609,10.160150,32,sports ball,0.817652,561.871,12.515,611.263,63.830,586.567,38.173,49.392,51.315
identical_balls_trick_000_018.mp4,609,10.160150,32,sports ball,0.530385,429.927,522.289,476.629,570.373,453.278,546.331,46.702,48.085
identical_balls_trick_000_018.mp4,609,10.160150,32,sports ball,0.422272,596.378,305.225,645.019,352.976,620.698,329.101,48.640,47.751
identical_balls_trick_000_018.mp4,610,10.176833,32,sports ball,0.831786,561.882,12.385,611.285,63.889,586.583,38.137,49.403,51.504
identical_balls_trick_000_018.mp4,610,10.176833,32,sports ball,0.515127,429.944,522.278,476.628,570.375,453.286,546.327,46.684,48.097
identical_balls_trick_000_018.mp4,610,10.176833,32,sports ball,0.410411,596.229,305.170,645.017,352.976,620.623,329.073,48.789,47.805
identical_balls_trick_000_018.mp4,611,10.193517,32,sports ball,0.756615,560.774,7.606,610.495,60.423,585.635,34.014,49.721,52.817
identical_balls_trick_000_018.mp4,611,10.193517,32,sports ball,0.484567,599.380,307.469,645.957,350.761,622.669,329.115,46.577,43.292
identical_balls_trick_000_018.mp4,611,10.193517,32,sports ball,0.226133,427.166,522.225,472.807,570.262,449.986,546.244,45.641,48.036
identical_balls_trick_000_018.mp4,612,10.210200,32,sports ball,0.761825,560.828,7.604,610.498,60.446,585.663,34.025,49.670,52.841
identical_balls_trick_000_018.mp4,612,10.210200,32,sports ball,0.476771,599.601,308.242,646.196,351.694,622.898,329.968,46.594,43.452
identical_balls_trick_000_018.mp4,612,10.210200,32,sports ball,0.229686,427.172,522.244,472.804,570.264,449.988,546.254,45.632,48.020
identical_balls_trick_000_018.mp4,613,10.226883,32,sports ball,0.776291,560.344,4.351,609.513,57.411,584.928,30.881,49.168,53.060
identical_balls_trick_000_018.mp4,613,10.226883,32,sports ball,0.564329,599.749,306.764,647.769,355.771,623.759,331.267,48.020,49.007
identical_balls_trick_000_018.mp4,613,10.226883,32,sports ball,0.353003,424.234,522.591,470.156,570.641,447.195,546.616,45.922,48.050
identical_balls_trick_000_018.mp4,614,10.243567,32,sports ball,0.776740,560.328,4.349,609.511,57.412,584.919,30.881,49.183,53.063
identical_balls_trick_000_018.mp4,614,10.243567,32,sports ball,0.559006,599.768,306.681,647.764,355.757,623.766,331.219,47.996,49.076
identical_balls_trick_000_018.mp4,614,10.243567,32,sports ball,0.349378,424.232,522.589,470.156,570.640,447.194,546.614,45.925,48.051
identical_balls_trick_000_018.mp4,615,10.260250,32,sports ball,0.715060,601.881,304.879,648.355,352.865,625.118,328.872,46.473,47.986
identical_balls_trick_000_018.mp4,615,10.260250,32,sports ball,0.464316,558.672,1.770,608.947,54.980,583.810,28.375,50.275,53.209
identical_balls_trick_000_018.mp4,615,10.260250,32,sports ball,0.159951,421.192,522.300,467.144,570.185,444.168,546.242,45.952,47.885
identical_balls_trick_000_018.mp4,616,10.276933,32,sports ball,0.765387,558.668,1.770,608.942,54.969,583.805,28.369,50.273,53.200
identical_balls_trick_000_018.mp4,616,10.276933,32,sports ball,0.726812,601.852,304.127,648.368,353.103,625.110,328.615,46.517,48.975
identical_balls_trick_000_018.mp4,616,10.276933,32,sports ball,0.169353,421.193,522.296,467.144,570.189,444.169,546.242,45.951,47.893
identical_balls_trick_000_018.mp4,617,10.293617,32,sports ball,0.821103,557.515,0.632,607.864,52.805,582.690,26.719,50.349,52.172
identical_balls_trick_000_018.mp4,617,10.293617,32,sports ball,0.762280,602.330,299.844,648.554,350.368,625.442,325.106,46.224,50.524
identical_balls_trick_000_018.mp4,617,10.293617,32,sports ball,0.417591,418.703,521.078,464.768,568.732,441.736,544.905,46.065,47.654
identical_balls_trick_000_018.mp4,618,10.310300,32,sports ball,0.824244,557.521,0.634,607.867,52.807,582.694,26.720,50.346,52.173
identical_balls_trick_000_018.mp4,618,10.310300,32,sports ball,0.763891,602.333,299.784,648.552,350.371,625.442,325.078,46.218,50.588
identical_balls_trick_000_018.mp4,618,10.310300,32,sports ball,0.421022,418.716,521.071,464.754,568.734,441.735,544.903,46.037,47.663
identical_balls_trick_000_018.mp4,619,10.326983,32,sports ball,0.739580,556.502,0.184,606.268,51.045,581.385,25.615,49.766,50.862
identical_balls_trick_000_018.mp4,619,10.326983,32,sports ball,0.720946,602.731,297.392,648.250,347.304,625.491,322.348,45.518,49.912
identical_balls_trick_000_018.mp4,619,10.326983,32,sports ball,0.334780,416.592,518.779,461.647,567.340,439.119,543.060,45.056,48.561
identical_balls_trick_000_018.mp4,620,10.343667,32,sports ball,0.742957,556.496,0.182,606.274,51.033,581.385,25.607,49.778,50.851
identical_balls_trick_000_018.mp4,620,10.343667,32,sports ball,0.732454,602.726,297.408,648.263,347.283,625.494,322.345,45.536,49.875
identical_balls_trick_000_018.mp4,620,10.343667,32,sports ball,0.339900,416.591,518.783,461.649,567.338,439.120,543.060,45.058,48.555
identical_balls_trick_000_018.mp4,621,10.360350,32,sports ball,0.781877,555.322,0.035,605.611,49.917,580.466,24.976,50.289,49.882
identical_balls_trick_000_018.mp4,621,10.360350,32,sports ball,0.743863,599.820,288.482,646.992,344.044,623.406,316.263,47.172,55.562
identical_balls_trick_000_018.mp4,621,10.360350,32,sports ball,0.471911,413.936,516.180,459.838,564.595,436.887,540.388,45.902,48.415
identical_balls_trick_000_018.mp4,622,10.377033,32,sports ball,0.788614,555.314,0.018,605.620,49.560,580.467,24.789,50.306,49.542
identical_balls_trick_000_018.mp4,622,10.377033,32,sports ball,0.743175,599.797,288.469,647.000,344.041,623.398,316.255,47.203,55.571
identical_balls_trick_000_018.mp4,622,10.377033,32,sports ball,0.475422,413.933,516.182,459.848,564.644,436.891,540.413,45.915,48.462
identical_balls_trick_000_018.mp4,623,10.393717,32,sports ball,0.723616,554.875,0.023,604.732,49.211,579.803,24.617,49.857,49.188
identical_balls_trick_000_018.mp4,623,10.393717,32,sports ball,0.645966,598.752,285.988,645.690,341.094,622.221,313.541,46.937,55.106
identical_balls_trick_000_018.mp4,623,10.393717,32,sports ball,0.610531,412.010,512.314,457.902,559.887,434.956,536.100,45.892,47.573
identical_balls_trick_000_018.mp4,624,10.410400,32,sports ball,0.736498,554.826,0.000,604.962,49.166,579.894,24.583,50.137,49.166
identical_balls_trick_000_018.mp4,624,10.410400,32,sports ball,0.663838,598.758,286.362,645.682,341.120,622.220,313.741,46.924,54.758
identical_balls_trick_000_018.mp4,624,10.410400,32,sports ball,0.630157,412.007,512.316,457.900,559.895,434.954,536.106,45.893,47.579
identical_balls_trick_000_018.mp4,625,10.427083,32,sports ball,0.692673,553.553,0.002,604.364,49.142,578.959,24.572,50.811,49.140
identical_balls_trick_000_018.mp4,625,10.427083,32,sports ball,0.673789,597.888,296.237,644.172,337.428,621.030,316.833,46.284,41.191
identical_balls_trick_000_018.mp4,625,10.427083,32,sports ball,0.630600,410.226,507.278,456.161,555.128,433.194,531.203,45.936,47.849
identical_balls_trick_000_018.mp4,626,10.443767,32,sports ball,0.705698,553.397,0.000,604.377,49.117,578.887,24.559,50.981,49.117
identical_balls_trick_000_018.mp4,626,10.443767,32,sports ball,0.668830,597.890,296.233,644.170,337.429,621.030,316.831,46.280,41.196
identical_balls_trick_000_018.mp4,626,10.443767,32,sports ball,0.636493,410.223,507.274,456.161,555.131,433.192,531.203,45.938,47.857
identical_balls_trick_000_018.mp4,627,10.460450,32,sports ball,0.821567,595.659,294.930,643.202,335.332,619.430,315.131,47.544,40.402
identical_balls_trick_000_018.mp4,627,10.460450,32,sports ball,0.773993,408.085,501.271,454.146,548.414,431.116,524.843,46.062,47.143
identical_balls_trick_000_018.mp4,627,10.460450,32,sports ball,0.684373,552.750,0.000,603.527,49.266,578.138,24.633,50.777,49.266
identical_balls_trick_000_018.mp4,628,10.477133,32,sports ball,0.833919,595.865,294.948,643.206,335.178,619.536,315.063,47.341,40.230
identical_balls_trick_000_018.mp4,628,10.477133,32,sports ball,0.785892,408.088,501.275,454.142,548.411,431.115,524.843,46.053,47.136
identical_balls_trick_000_018.mp4,628,10.477133,32,sports ball,0.696279,552.751,0.000,603.530,49.262,578.141,24.631,50.778,49.262
identical_balls_trick_000_018.mp4,629,10.493817,32,sports ball,0.810853,405.556,494.113,452.084,541.363,428.820,517.738,46.528,47.250
identical_balls_trick_000_018.mp4,629,10.493817,32,sports ball,0.665767,551.648,0.064,602.767,50.632,577.208,25.348,51.119,50.568
identical_balls_trick_000_018.mp4,629,10.493817,32,sports ball,0.331637,598.509,290.741,642.628,335.342,620.568,313.042,44.119,44.601
identical_balls_trick_000_018.mp4,630,10.510500,32,sports ball,0.811664,405.552,494.113,452.081,541.371,428.817,517.742,46.530,47.258
identical_balls_trick_000_018.mp4,630,10.510500,32,sports ball,0.666404,551.637,0.030,602.743,50.676,577.190,25.353,51.107,50.646
identical_balls_trick_000_018.mp4,630,10.510500,32,sports ball,0.331814,598.501,290.738,642.633,335.350,620.567,313.044,44.132,44.612
identical_balls_trick_000_018.mp4,631,10.527183,32,sports ball,0.690697,403.518,485.332,450.642,532.579,427.080,508.955,47.124,47.247
identical_balls_trick_000_018.mp4,631,10.527183,32,sports ball,0.639391,550.617,0.069,601.711,52.141,576.164,26.105,51.094,52.072
identical_balls_trick_000_018.mp4,631,10.527183,32,sports ball,0.237987,594.695,288.442,641.473,335.308,618.084,311.875,46.778,46.866
identical_balls_trick_000_018.mp4,632,10.543867,32,sports ball,0.684778,403.517,485.350,450.651,532.587,427.084,508.968,47.133,47.237
identical_balls_trick_000_018.mp4,632,10.543867,32,sports ball,0.638226,550.599,0.083,601.716,52.148,576.158,26.116,51.117,52.066
identical_balls_trick_000_018.mp4,632,10.543867,32,sports ball,0.220532,594.713,288.378,641.494,335.218,618.103,311.798,46.782,46.840
identical_balls_trick_000_018.mp4,633,10.560550,32,sports ball,0.766591,401.720,474.951,449.353,522.412,425.536,498.681,47.633,47.461
identical_balls_trick_000_018.mp4,633,10.560550,32,sports ball,0.749727,549.918,0.459,600.392,54.151,575.155,27.305,50.475,53.693
identical_balls_trick_000_018.mp4,633,10.560550,32,sports ball,0.328204,593.744,288.387,640.571,335.145,617.158,311.766,46.827,46.758
identical_balls_trick_000_018.mp4,634,10.577233,32,sports ball,0.772311,401.713,474.982,449.353,522.406,425.533,498.694,47.640,47.424
identical_balls_trick_000_018.mp4,634,10.577233,32,sports ball,0.752896,549.924,0.460,600.393,54.150,575.158,27.305,50.469,53.690
identical_balls_trick_000_018.mp4,634,10.577233,32,sports ball,0.346653,593.737,288.401,640.565,335.150,617.151,311.775,46.828,46.749
identical_balls_trick_000_018.mp4,635,10.593917,32,sports ball,0.813316,398.963,464.414,447.771,511.613,423.367,488.013,48.808,47.198
identical_balls_trick_000_018.mp4,635,10.593917,32,sports ball,0.788597,549.061,1.980,599.537,56.195,574.299,29.088,50.476,54.215
identical_balls_trick_000_018.mp4,635,10.593917,32,sports ball,0.310684,592.745,288.493,639.913,335.430,616.329,311.962,47.168,46.937
identical_balls_trick_000_018.mp4,636,10.610600,32,sports ball,0.806722,398.979,464.416,447.772,511.613,423.375,488.015,48.793,47.197
identical_balls_trick_000_018.mp4,636,10.610600,32,sports ball,0.790905,548.817,1.969,599.573,56.195,574.195,29.082,50.756,54.227
identical_balls_trick_000_018.mp4,636,10.610600,32,sports ball,0.311396,592.766,288.556,639.912,335.419,616.339,311.988,47.146,46.863
identical_balls_trick_000_018.mp4,637,10.627283,32,sports ball,0.764929,548.003,4.990,598.894,59.520,573.449,32.255,50.891,54.530
identical_balls_trick_000_018.mp4,637,10.627283,32,sports ball,0.723980,397.073,452.383,446.079,497.989,421.576,475.186,49.006,45.606
identical_balls_trick_000_018.mp4,637,10.627283,32,sports ball,0.365666,591.743,289.274,639.024,336.010,615.383,312.642,47.281,46.736
identical_balls_trick_000_018.mp4,638,10.643967,32,sports ball,0.766349,547.992,4.994,598.859,59.515,573.426,32.254,50.868,54.521
identical_balls_trick_000_018.mp4,638,10.643967,32,sports ball,0.709354,397.059,452.396,446.056,497.968,421.558,475.182,48.997,45.572
identical_balls_trick_000_018.mp4,638,10.643967,32,sports ball,0.347110,591.750,289.283,639.027,336.032,615.388,312.657,47.277,46.749
identical_balls_trick_000_018.mp4,639,10.660650,32,sports ball,0.761832,546.682,8.243,597.545,63.290,572.114,35.767,50.863,55.047
identical_balls_trick_000_018.mp4,639,10.660650,32,sports ball,0.390780,395.471,438.885,444.016,483.508,419.743,461.196,48.546,44.623
identical_balls_trick_000_018.mp4,639,10.660650,32,sports ball,0.259499,591.701,290.820,638.490,336.968,615.096,313.894,46.790,46.148
identical_balls_trick_000_018.mp4,640,10.677333,32,sports ball,0.748640,546.693,8.243,597.420,63.303,572.056,35.773,50.726,55.059
identical_balls_trick_000_018.mp4,640,10.677333,32,sports ball,0.400167,395.477,438.886,443.891,483.496,419.684,461.191,48.415,44.610
identical_balls_trick_000_018.mp4,640,10.677333,32,sports ball,0.259884,591.697,290.823,638.492,336.970,615.094,313.896,46.795,46.147
identical_balls_trick_000_018.mp4,641,10.694017,32,sports ball,0.830305,545.548,12.526,597.192,66.992,571.370,39.759,51.644,54.466
identical_balls_trick_000_018.mp4,641,10.694017,32,sports ball,0.747101,393.799,423.505,443.757,468.234,418.778,445.870,49.958,44.729
identical_balls_trick_000_018.mp4,641,10.694017,32,sports ball,0.540876,590.931,292.646,638.095,338.915,614.513,315.780,47.164,46.270
identical_balls_trick_000_018.mp4,642,10.710700,32,sports ball,0.798081,545.567,12.595,597.153,66.953,571.360,39.774,51.586,54.358
identical_balls_trick_000_018.mp4,642,10.710700,32,sports ball,0.743754,393.861,423.528,443.763,468.253,418.812,445.890,49.901,44.725
identical_balls_trick_000_018.mp4,642,10.710700,32,sports ball,0.540062,590.908,292.644,638.098,338.872,614.503,315.758,47.189,46.228
identical_balls_trick_000_018.mp4,643,10.727383,32,sports ball,0.862620,544.818,16.727,596.358,72.038,570.588,44.383,51.539,55.311
identical_balls_trick_000_018.mp4,643,10.727383,32,sports ball,0.793351,393.848,408.157,442.919,451.738,418.383,429.948,49.072,43.582
identical_balls_trick_000_018.mp4,643,10.727383,32,sports ball,0.638504,590.478,294.490,637.718,341.806,614.098,318.148,47.240,47.316
identical_balls_trick_000_018.mp4,644,10.744067,32,sports ball,0.859793,544.824,16.746,595.901,72.043,570.362,44.394,51.078,55.297
identical_balls_trick_000_018.mp4,644,10.744067,32,sports ball,0.796280,393.841,408.186,442.923,451.747,418.382,429.967,49.082,43.561
identical_balls_trick_000_018.mp4,644,10.744067,32,sports ball,0.643503,590.508,294.503,637.713,341.805,614.110,318.154,47.205,47.303
identical_balls_trick_000_018.mp4,645,10.760750,32,sports ball,0.857933,544.413,22.421,594.788,77.075,569.601,49.748,50.375,54.654
identical_balls_trick_000_018.mp4,645,10.760750,32,sports ball,0.811489,392.923,392.204,442.858,435.099,417.891,413.651,49.935,42.895
identical_balls_trick_000_018.mp4,645,10.760750,32,sports ball,0.643886,589.738,297.244,637.362,344.385,613.550,320.814,47.624,47.141
identical_balls_trick_000_018.mp4,646,10.777433,32,sports ball,0.857928,544.404,22.427,594.812,77.106,569.608,49.767,50.408,54.679
identical_balls_trick_000_018.mp4,646,10.777433,32,sports ball,0.809874,392.915,392.215,442.864,435.101,417.890,413.658,49.949,42.886
identical_balls_trick_000_018.mp4,646,10.777433,32,sports ball,0.644394,589.754,297.265,637.360,344.384,613.557,320.824,47.606,47.119
identical_balls_trick_000_018.mp4,647,10.794117,32,sports ball,0.795593,543.305,28.458,594.480,83.228,568.893,55.843,51.175,54.769
identical_balls_trick_000_018.mp4,647,10.794117,32,sports ball,0.723426,393.385,376.096,443.165,418.539,418.275,397.318,49.780,42.444
identical_balls_trick_000_018.mp4,647,10.794117,32,sports ball,0.486966,589.293,300.711,636.951,347.462,613.122,324.086,47.659,46.752
identical_balls_trick_000_018.mp4,648,10.810800,32,sports ball,0.785026,543.333,28.459,594.238,83.213,568.785,55.836,50.905,54.754
identical_balls_trick_000_018.mp4,648,10.810800,32,sports ball,0.705376,393.349,376.091,443.169,418.538,418.259,397.314,49.819,42.447
identical_balls_trick_000_018.mp4,648,10.810800,32,sports ball,0.455290,589.293,300.711,636.932,347.454,613.112,324.082,47.639,46.743
identical_balls_trick_000_018.mp4,649,10.827483,32,sports ball,0.823993,542.063,34.890,593.412,89.698,567.738,62.294,51.349,54.808
identical_balls_trick_000_018.mp4,649,10.827483,32,sports ball,0.808106,393.770,358.868,442.894,403.018,418.332,380.943,49.124,44.151
identical_balls_trick_000_018.mp4,649,10.827483,32,sports ball,0.610467,589.458,304.283,636.279,351.032,612.868,327.657,46.822,46.750
identical_balls_trick_000_018.mp4,650,10.844167,32,sports ball,0.819454,542.306,34.911,593.476,89.722,567.891,62.316,51.171,54.812
identical_balls_trick_000_018.mp4,650,10.844167,32,sports ball,0.800722,393.769,359.022,442.897,403.021,418.333,381.021,49.128,43.999
identical_balls_trick_000_018.mp4,650,10.844167,32,sports ball,0.602558,589.506,304.301,636.273,351.049,612.890,327.675,46.768,46.748
identical_balls_trick_000_018.mp4,651,10.860850,32,sports ball,0.843427,540.671,41.468,592.501,96.198,566.586,68.833,51.830,54.730
identical_balls_trick_000_018.mp4,651,10.860850,32,sports ball,0.730120,393.649,344.708,442.892,387.161,418.270,365.934,49.243,42.453
identical_balls_trick_000_018.mp4,651,10.860850,32,sports ball,0.453190,588.869,308.563,635.903,355.146,612.386,331.855,47.034,46.583
identical_balls_trick_000_018.mp4,652,10.877533,32,sports ball,0.844342,540.853,41.462,592.333,96.195,566.593,68.828,51.480,54.733
identical_balls_trick_000_018.mp4,652,10.877533,32,sports ball,0.726047,393.646,344.727,442.892,387.170,418.269,365.948,49.246,42.443
identical_balls_trick_000_018.mp4,652,10.877533,32,sports ball,0.464432,589.009,308.546,635.909,355.136,612.459,331.841,46.900,46.590
identical_balls_trick_000_018.mp4,653,10.894217,32,sports ball,0.691237,540.492,48.746,591.823,104.156,566.157,76.451,51.330,55.410
identical_balls_trick_000_018.mp4,653,10.894217,32,sports ball,0.604820,394.272,330.452,443.725,373.195,418.999,351.824,49.453,42.743
identical_balls_trick_000_018.mp4,653,10.894217,32,sports ball,0.242505,589.017,313.062,635.622,359.634,612.320,336.348,46.605,46.572
identical_balls_trick_000_018.mp4,654,10.910900,32,sports ball,0.694955,540.143,48.772,591.831,104.125,565.987,76.449,51.688,55.353
identical_balls_trick_000_018.mp4,654,10.910900,32,sports ball,0.616523,394.270,330.445,443.724,373.130,418.997,351.787,49.454,42.685
identical_balls_trick_000_018.mp4,654,10.910900,32,sports ball,0.248857,589.004,313.047,635.651,359.631,612.328,336.339,46.647,46.584
identical_balls_trick_000_018.mp4,655,10.927583,32,sports ball,0.784757,539.333,56.858,591.138,111.831,565.236,84.344,51.805,54.973
identical_balls_trick_000_018.mp4,655,10.927583,32,sports ball,0.591871,394.461,315.634,442.980,360.625,418.721,338.130,48.519,44.991
identical_balls_trick_000_018.mp4,655,10.927583,32,sports ball,0.321584,588.297,317.439,634.930,364.599,611.614,341.019,46.633,47.160
identical_balls_trick_000_018.mp4,656,10.944267,32,sports ball,0.795084,539.378,56.845,591.072,111.692,565.225,84.268,51.693,54.847
identical_balls_trick_000_018.mp4,656,10.944267,32,sports ball,0.610468,394.471,315.643,442.997,360.630,418.734,338.136,48.526,44.988
identical_balls_trick_000_018.mp4,656,10.944267,32,sports ball,0.337052,588.282,317.391,634.921,364.605,611.602,340.998,46.639,47.214
identical_balls_trick_000_018.mp4,657,10.960950,32,sports ball,0.867170,538.085,65.980,590.351,120.298,564.218,93.139,52.266,54.318
identical_balls_trick_000_018.mp4,657,10.960950,32,sports ball,0.692382,394.105,301.538,443.454,347.389,418.779,324.463,49.349,45.851
identical_balls_trick_000_018.mp4,657,10.960950,32,sports ball,0.364028,587.755,322.846,634.805,370.250,611.280,346.548,47.049,47.405
identical_balls_trick_000_018.mp4,658,10.977633,32,sports ball,0.864929,538.073,66.008,590.425,120.333,564.249,93.171,52.352,54.325
identical_balls_trick_000_018.mp4,658,10.977633,32,sports ball,0.681782,394.125,301.530,443.452,347.392,418.788,324.461,49.327,45.862
identical_balls_trick_000_018.mp4,658,10.977633,32,sports ball,0.334305,587.760,322.847,634.806,370.260,611.283,346.553,47.046,47.412
identical_balls_trick_000_018.mp4,659,10.994317,32,sports ball,0.892270,537.335,75.766,589.550,129.906,563.442,102.836,52.215,54.140
identical_balls_trick_000_018.mp4,659,10.994317,32,sports ball,0.816837,394.289,288.117,443.272,331.819,418.781,309.968,48.983,43.702
identical_balls_trick_000_018.mp4,659,10.994317,32,sports ball,0.432587,587.342,328.016,634.253,375.706,610.798,351.861,46.911,47.690
identical_balls_trick_000_018.mp4,660,11.011000,32,sports ball,0.893794,537.327,75.820,589.639,129.917,563.483,102.868,52.313,54.097
identical_balls_trick_000_018.mp4,660,11.011000,32,sports ball,0.822701,394.283,288.114,443.305,331.831,418.794,309.972,49.023,43.717
identical_balls_trick_000_018.mp4,660,11.011000,32,sports ball,0.441196,587.330,328.021,634.271,375.707,610.800,351.864,46.941,47.687
identical_balls_trick_000_018.mp4,661,11.027683,32,sports ball,0.909978,536.032,85.262,588.864,139.771,562.448,112.516,52.831,54.509
identical_balls_trick_000_018.mp4,661,11.027683,32,sports ball,0.870204,394.457,273.861,443.298,319.757,418.878,296.809,48.841,45.895
identical_balls_trick_000_018.mp4,661,11.027683,32,sports ball,0.444806,587.356,334.639,634.123,382.233,610.740,358.436,46.767,47.593
identical_balls_trick_000_018.mp4,662,11.044367,32,sports ball,0.908519,536.037,85.217,588.865,139.771,562.451,112.494,52.827,54.554
identical_balls_trick_000_018.mp4,662,11.044367,32,sports ball,0.871363,394.457,273.873,443.297,319.758,418.877,296.816,48.841,45.885
identical_balls_trick_000_018.mp4,662,11.044367,32,sports ball,0.446526,587.353,334.640,634.125,382.234,610.739,358.437,46.772,47.594
identical_balls_trick_000_018.mp4,663,11.061050,32,sports ball,0.904999,535.348,96.030,587.955,150.784,561.652,123.407,52.607,54.754
identical_balls_trick_000_018.mp4,663,11.061050,32,sports ball,0.859452,394.190,261.115,443.692,306.714,418.941,283.915,49.502,45.599
identical_balls_trick_000_018.mp4,663,11.061050,32,sports ball,0.311786,586.859,341.090,633.435,389.271,610.147,365.180,46.576,48.181
identical_balls_trick_000_018.mp4,664,11.077733,32,sports ball,0.903775,535.329,96.068,587.977,150.798,561.653,123.433,52.648,54.729
identical_balls_trick_000_018.mp4,664,11.077733,32,sports ball,0.859087,394.182,261.113,443.692,306.727,418.937,283.920,49.510,45.614
identical_balls_trick_000_018.mp4,664,11.077733,32,sports ball,0.310805,586.859,341.085,633.435,389.268,610.147,365.176,46.576,48.183
identical_balls_trick_000_018.mp4,665,11.094417,32,sports ball,0.916959,534.714,106.584,587.472,161.565,561.093,134.074,52.758,54.981
identical_balls_trick_000_018.mp4,665,11.094417,32,sports ball,0.819637,394.101,248.611,443.970,294.626,419.035,271.618,49.868,46.015
identical_balls_trick_000_018.mp4,665,11.094417,32,sports ball,0.318490,586.318,348.215,632.984,396.330,609.651,372.273,46.666,48.115
identical_balls_trick_000_018.mp4,666,11.111100,32,sports ball,0.916990,534.696,106.601,587.451,161.569,561.073,134.085,52.754,54.968
identical_balls_trick_000_018.mp4,666,11.111100,32,sports ball,0.820520,394.090,248.602,443.951,294.623,419.020,271.612,49.860,46.021
identical_balls_trick_000_018.mp4,666,11.111100,32,sports ball,0.320234,586.321,348.217,632.982,396.325,609.652,372.271,46.661,48.108
identical_balls_trick_000_018.mp4,667,11.127783,32,sports ball,0.874356,533.835,118.282,586.511,173.052,560.173,145.667,52.676,54.771
identical_balls_trick_000_018.mp4,667,11.127783,32,sports ball,0.837577,394.040,236.503,443.903,282.920,418.971,259.712,49.863,46.416
identical_balls_trick_000_018.mp4,667,11.127783,32,sports ball,0.394783,586.199,356.179,632.603,403.647,609.401,379.913,46.404,47.468
identical_balls_trick_000_018.mp4,668,11.144467,32,sports ball,0.876758,533.836,118.294,586.464,173.062,560.150,145.678,52.628,54.769
identical_balls_trick_000_018.mp4,668,11.144467,32,sports ball,0.847899,394.059,236.539,443.880,282.870,418.969,259.704,49.821,46.330
identical_balls_trick_000_018.mp4,668,11.144467,32,sports ball,0.415138,586.205,356.208,632.601,403.642,609.403,379.925,46.396,47.434
identical_balls_trick_000_018.mp4,669,11.161150,32,sports ball,0.838203,394.084,224.068,443.973,271.456,419.029,247.762,49.889,47.388
identical_balls_trick_000_018.mp4,669,11.161150,32,sports ball,0.798223,532.562,130.567,585.691,184.669,559.126,157.618,53.128,54.102
identical_balls_trick_000_018.mp4,669,11.161150,32,sports ball,0.351624,585.648,364.386,632.202,411.523,608.925,387.955,46.554,47.137
identical_balls_trick_000_018.mp4,670,11.177833,32,sports ball,0.836480,394.082,224.050,443.964,271.437,419.023,247.744,49.881,47.387
identical_balls_trick_000_018.mp4,670,11.177833,32,sports ball,0.777170,532.527,130.622,585.653,184.654,559.090,157.638,53.126,54.032
identical_balls_trick_000_018.mp4,670,11.177833,32,sports ball,0.339831,585.659,364.381,632.200,411.512,608.930,387.946,46.541,47.131
identical_balls_trick_000_018.mp4,671,11.194517,32,sports ball,0.836181,394.192,212.772,444.134,260.680,419.163,236.726,49.942,47.908
identical_balls_trick_000_018.mp4,671,11.194517,32,sports ball,0.698871,531.778,143.234,584.977,198.224,558.377,170.729,53.199,54.990
identical_balls_trick_000_018.mp4,671,11.194517,32,sports ball,0.233129,585.334,373.019,632.192,419.749,608.763,396.384,46.858,46.730
identical_balls_trick_000_018.mp4,672,11.211200,32,sports ball,0.840657,394.188,212.769,444.129,260.669,419.159,236.719,49.941,47.900
identical_balls_trick_000_018.mp4,672,11.211200,32,sports ball,0.712207,531.772,143.218,584.972,198.272,558.372,170.745,53.200,55.054
identical_balls_trick_000_018.mp4,672,11.211200,32,sports ball,0.246902,585.348,373.030,632.180,419.737,608.764,396.384,46.832,46.707
identical_balls_trick_000_018.mp4,673,11.227883,32,sports ball,0.877325,394.506,201.991,444.269,250.387,419.388,226.189,49.763,48.396
identical_balls_trick_000_018.mp4,673,11.227883,32,sports ball,0.796929,530.729,156.947,584.365,211.908,557.547,184.428,53.636,54.961
identical_balls_trick_000_018.mp4,673,11.227883,32,sports ball,0.335589,585.245,381.987,631.747,428.276,608.496,405.132,46.502,46.290
identical_balls_trick_000_018.mp4,674,11.244567,32,sports ball,0.870844,394.499,201.980,444.192,250.384,419.345,226.182,49.693,48.404
identical_balls_trick_000_018.mp4,674,11.244567,32,sports ball,0.775331,530.751,156.943,584.327,211.934,557.539,184.439,53.576,54.991
identical_balls_trick_000_018.mp4,674,11.244567,32,sports ball,0.336284,585.253,381.978,631.752,428.268,608.502,405.123,46.499,46.289
identical_balls_trick_000_018.mp4,675,11.261250,32,sports ball,0.885675,394.774,192.050,444.320,240.478,419.547,216.264,49.546,48.429
identical_balls_trick_000_018.mp4,675,11.261250,32,sports ball,0.738718,529.611,170.528,583.471,224.833,556.541,197.680,53.860,54.305
identical_balls_trick_000_018.mp4,675,11.261250,32,sports ball,0.366002,586.323,391.801,631.343,438.607,608.833,415.204,45.020,46.806
identical_balls_trick_000_018.mp4,676,11.277933,32,sports ball,0.888162,394.785,192.053,444.332,240.420,419.558,216.237,49.546,48.368
identical_balls_trick_000_018.mp4,676,11.277933,32,sports ball,0.750587,529.614,170.534,583.457,224.837,556.536,197.685,53.843,54.303
identical_balls_trick_000_018.mp4,676,11.277933,32,sports ball,0.378798,586.325,391.800,631.330,438.608,608.827,415.204,45.005,46.808
identical_balls_trick_000_018.mp4,677,11.294617,32,sports ball,0.868160,395.029,182.329,444.308,230.422,419.668,206.376,49.279,48.093
identical_balls_trick_000_018.mp4,677,11.294617,32,sports ball,0.757796,528.742,184.677,582.999,239.873,555.871,212.275,54.257,55.195
identical_balls_trick_000_018.mp4,677,11.294617,32,sports ball,0.443569,585.275,401.377,630.838,448.200,608.056,424.789,45.563,46.823
identical_balls_trick_000_018.mp4,678,11.311300,32,sports ball,0.873161,395.039,182.340,444.269,230.375,419.654,206.357,49.230,48.035
identical_balls_trick_000_018.mp4,678,11.311300,32,sports ball,0.771651,528.789,184.665,582.979,239.873,555.884,212.269,54.190,55.208
identical_balls_trick_000_018.mp4,678,11.311300,32,sports ball,0.453812,585.277,401.375,630.831,448.199,608.054,424.787,45.555,46.824
identical_balls_trick_000_018.mp4,679,11.327983,32,sports ball,0.871054,395.081,172.825,444.750,221.194,419.916,197.009,49.668,48.369
identical_balls_trick_000_018.mp4,679,11.327983,32,sports ball,0.748950,528.447,200.033,581.631,255.829,555.039,227.931,53.184,55.796
identical_balls_trick_000_018.mp4,679,11.327983,32,sports ball,0.517811,584.890,412.681,630.072,458.597,607.481,435.639,45.182,45.917
identical_balls_trick_000_018.mp4,680,11.344667,32,sports ball,0.870431,395.152,172.831,444.757,221.192,419.954,197.011,49.605,48.362
identical_balls_trick_000_018.mp4,680,11.344667,32,sports ball,0.753904,528.443,199.993,581.633,255.829,555.038,227.911,53.190,55.837
identical_balls_trick_000_018.mp4,680,11.344667,32,sports ball,0.518119,584.876,412.574,630.072,458.604,607.474,435.589,45.196,46.030
identical_balls_trick_000_018.mp4,681,11.361350,32,sports ball,0.857111,395.195,163.820,445.022,213.945,420.108,188.882,49.827,50.125
identical_balls_trick_000_018.mp4,681,11.361350,32,sports ball,0.520213,527.732,215.473,580.279,271.845,554.006,243.659,52.547,56.372
identical_balls_trick_000_018.mp4,681,11.361350,32,sports ball,0.487750,584.396,423.704,629.762,469.439,607.079,446.572,45.366,45.734
identical_balls_trick_000_018.mp4,682,11.378033,32,sports ball,0.851545,395.481,163.807,444.996,213.891,420.238,188.849,49.515,50.084
identical_balls_trick_000_018.mp4,682,11.378033,32,sports ball,0.503602,584.402,423.708,629.758,469.436,607.080,446.572,45.356,45.727
identical_balls_trick_000_018.mp4,682,11.378033,32,sports ball,0.491060,527.785,215.482,580.301,271.863,554.043,243.672,52.517,56.381
identical_balls_trick_000_018.mp4,683,11.394717,32,sports ball,0.806029,395.033,156.131,445.198,205.992,420.115,181.061,50.164,49.862
identical_balls_trick_000_018.mp4,683,11.394717,32,sports ball,0.591439,583.856,435.115,629.152,480.754,606.504,457.934,45.296,45.640
identical_balls_trick_000_018.mp4,683,11.394717,32,sports ball,0.584808,527.051,232.407,579.889,288.496,553.470,260.451,52.838,56.089
identical_balls_trick_000_018.mp4,684,11.411400,32,sports ball,0.806950,395.025,156.118,445.209,206.066,420.117,181.092,50.185,49.948
identical_balls_trick_000_018.mp4,684,11.411400,32,sports ball,0.594853,583.860,435.186,629.181,480.756,606.520,457.971,45.321,45.571
identical_balls_trick_000_018.mp4,684,11.411400,32,sports ball,0.587385,527.035,232.408,579.883,288.493,553.459,260.451,52.848,56.085
identical_balls_trick_000_018.mp4,685,11.428083,32,sports ball,0.846900,394.730,148.715,445.316,198.373,420.023,173.544,50.586,49.658
identical_balls_trick_000_018.mp4,685,11.428083,32,sports ball,0.564633,583.180,446.645,628.673,492.266,605.926,469.455,45.494,45.622
identical_balls_trick_000_018.mp4,685,11.428083,32,sports ball,0.337216,525.877,248.413,578.785,305.486,552.331,276.949,52.908,57.073
identical_balls_trick_000_018.mp4,686,11.444767,32,sports ball,0.846459,394.729,148.711,445.317,198.370,420.023,173.540,50.588,49.659
identical_balls_trick_000_018.mp4,686,11.444767,32,sports ball,0.563742,583.179,446.642,628.672,492.287,605.926,469.465,45.493,45.645
identical_balls_trick_000_018.mp4,686,11.444767,32,sports ball,0.338843,525.872,248.421,578.787,305.489,552.329,276.955,52.915,57.068
identical_balls_trick_000_018.mp4,687,11.461450,32,sports ball,0.805514,394.928,141.903,445.360,192.010,420.144,166.957,50.432,50.108
identical_balls_trick_000_018.mp4,687,11.461450,32,sports ball,0.712419,524.865,266.743,578.636,324.279,551.750,295.511,53.772,57.536
identical_balls_trick_000_018.mp4,687,11.461450,32,sports ball,0.545729,582.536,457.494,628.593,504.332,605.564,480.913,46.057,46.837
identical_balls_trick_000_018.mp4,688,11.478133,32,sports ball,0.807290,394.925,141.898,445.367,192.034,420.146,166.966,50.441,50.137
identical_balls_trick_000_018.mp4,688,11.478133,32,sports ball,0.708905,524.790,266.755,578.636,324.255,551.713,295.505,53.846,57.500
identical_balls_trick_000_018.mp4,688,11.478133,32,sports ball,0.554734,582.537,457.496,628.598,504.336,605.567,480.916,46.061,46.839
identical_balls_trick_000_018.mp4,689,11.494817,32,sports ball,0.796775,394.888,134.463,445.609,185.464,420.248,159.963,50.721,51.000
identical_balls_trick_000_018.mp4,689,11.494817,32,sports ball,0.723459,581.593,469.173,627.879,517.277,604.736,493.225,46.286,48.104
identical_balls_trick_000_018.mp4,689,11.494817,32,sports ball,0.695327,523.887,284.090,577.719,343.010,550.803,313.550,53.833,58.920
identical_balls_trick_000_018.mp4,690,11.511500,32,sports ball,0.801373,394.894,134.465,445.600,185.462,420.247,159.964,50.706,50.997
identical_balls_trick_000_018.mp4,690,11.511500,32,sports ball,0.725282,581.603,469.156,627.862,517.274,604.732,493.215,46.260,48.119
identical_balls_trick_000_018.mp4,690,11.511500,32,sports ball,0.699479,523.891,284.047,577.740,342.995,550.815,313.521,53.849,58.949
identical_balls_trick_000_018.mp4,691,11.528183,32,sports ball,0.892685,394.720,129.099,445.779,178.619,420.250,153.859,51.059,49.520
identical_balls_trick_000_018.mp4,691,11.528183,32,sports ball,0.841231,581.537,482.743,627.807,529.951,604.672,506.347,46.270,47.208
identical_balls_trick_000_018.mp4,691,11.528183,32,sports ball,0.797233,522.711,302.774,577.057,359.183,549.884,330.979,54.345,56.410
identical_balls_trick_000_018.mp4,692,11.544867,32,sports ball,0.891364,394.709,129.109,445.785,178.645,420.247,153.877,51.077,49.536
identical_balls_trick_000_018.mp4,692,11.544867,32,sports ball,0.838868,581.548,482.722,627.808,529.949,604.678,506.335,46.260,47.227
identical_balls_trick_000_018.mp4,692,11.544867,32,sports ball,0.795660,522.712,302.769,577.057,359.181,549.884,330.975,54.345,56.412
identical_balls_trick_000_018.mp4,693,11.561550,32,sports ball,0.887419,521.872,321.275,576.419,378.986,549.146,350.131,54.548,57.711
identical_balls_trick_000_018.mp4,693,11.561550,32,sports ball,0.879290,581.103,495.590,627.040,542.876,604.071,519.233,45.937,47.286
identical_balls_trick_000_018.mp4,693,11.561550,32,sports ball,0.873162,395.458,122.945,446.107,172.994,420.782,147.969,50.649,50.049
identical_balls_trick_000_018.mp4,694,11.578233,32,sports ball,0.882567,521.861,321.253,576.431,378.996,549.146,350.125,54.570,57.743
identical_balls_trick_000_018.mp4,694,11.578233,32,sports ball,0.876809,581.102,495.569,627.039,542.869,604.071,519.219,45.937,47.300
identical_balls_trick_000_018.mp4,694,11.578233,32,sports ball,0.872213,395.471,122.960,446.068,172.994,420.769,147.977,50.597,50.034
identical_balls_trick_000_018.mp4,695,11.594917,32,sports ball,0.888571,395.471,117.826,446.150,167.958,420.811,142.892,50.679,50.132
identical_balls_trick_000_018.mp4,695,11.594917,32,sports ball,0.881540,520.950,341.440,575.357,399.866,548.153,370.653,54.407,58.426
identical_balls_trick_000_018.mp4,695,11.594917,32,sports ball,0.747862,580.506,508.393,626.616,557.298,603.561,532.845,46.111,48.905
identical_balls_trick_000_018.mp4,696,11.611600,32,sports ball,0.886972,395.666,117.800,446.179,167.946,420.923,142.873,50.513,50.147
identical_balls_trick_000_018.mp4,696,11.611600,32,sports ball,0.881038,520.939,341.432,575.358,399.873,548.149,370.653,54.419,58.441
identical_balls_trick_000_018.mp4,696,11.611600,32,sports ball,0.746426,580.501,508.387,626.621,557.295,603.561,532.841,46.120,48.908
identical_balls_trick_000_018.mp4,697,11.628283,32,sports ball,0.856191,395.779,112.998,446.312,164.126,421.046,138.562,50.533,51.128
identical_balls_trick_000_018.mp4,697,11.628283,32,sports ball,0.787759,523.153,356.271,576.835,412.382,549.994,384.326,53.683,56.111
identical_balls_trick_000_018.mp4,697,11.628283,32,sports ball,0.515857,579.820,523.021,626.269,571.150,603.044,547.085,46.449,48.129
identical_balls_trick_000_018.mp4,698,11.644967,32,sports ball,0.858335,395.778,112.978,446.285,164.166,421.032,138.572,50.508,51.188
identical_balls_trick_000_018.mp4,698,11.644967,32,sports ball,0.792103,523.152,356.281,576.824,412.410,549.988,384.346,53.672,56.129
identical_balls_trick_000_018.mp4,698,11.644967,32,sports ball,0.520098,579.826,523.029,626.266,571.132,603.046,547.081,46.441,48.102
identical_balls_trick_000_018.mp4,699,11.661650,32,sports ball,0.893621,395.810,109.568,446.584,159.736,421.197,134.652,50.773,50.168
identical_balls_trick_000_018.mp4,699,11.661650,32,sports ball,0.767302,525.044,367.921,578.090,424.269,551.567,396.095,53.045,56.348
identical_balls_trick_000_018.mp4,699,11.661650,32,sports ball,0.526778,579.285,537.889,625.427,584.329,602.356,561.109,46.142,46.440
identical_balls_trick_000_018.mp4,700,11.678333,32,sports ball,0.893550,395.793,109.547,446.610,159.755,421.201,134.651,50.816,50.208
identical_balls_trick_000_018.mp4,700,11.678333,32,sports ball,0.772629,525.050,367.926,578.082,424.272,551.566,396.099,53.032,56.346
identical_balls_trick_000_018.mp4,700,11.678333,32,sports ball,0.530496,579.289,537.896,625.425,584.327,602.357,561.111,46.136,46.431
identical_balls_trick_000_018.mp4,701,11.695017,32,sports ball,0.891412,396.945,105.013,446.873,155.625,421.909,130.319,49.929,50.611
identical_balls_trick_000_018.mp4,701,11.695017,32,sports ball,0.752400,526.913,380.171,579.400,437.096,553.156,408.633,52.487,56.924
identical_balls_trick_000_018.mp4,701,11.695017,32,sports ball,0.543529,579.083,551.532,625.132,596.043,602.108,573.788,46.049,44.510
identical_balls_trick_000_018.mp4,702,11.711700,32,sports ball,0.889857,396.847,105.033,446.708,155.625,421.777,130.329,49.861,50.592
identical_balls_trick_000_018.mp4,702,11.711700,32,sports ball,0.734968,526.919,380.164,579.405,437.103,553.162,408.633,52.486,56.939
identical_balls_trick_000_018.mp4,702,11.711700,32,sports ball,0.528911,579.079,551.530,625.142,596.042,602.111,573.786,46.063,44.512
identical_balls_trick_000_018.mp4,703,11.728383,32,sports ball,0.856695,396.740,101.749,447.207,152.923,421.974,127.336,50.466,51.175
identical_balls_trick_000_018.mp4,703,11.728383,32,sports ball,0.800498,528.793,392.223,580.377,449.090,554.585,420.656,51.584,56.867
identical_balls_trick_000_018.mp4,703,11.728383,32,sports ball,0.497967,577.216,554.420,623.498,599.858,600.357,577.139,46.282,45.438
identical_balls_trick_000_018.mp4,704,11.745067,32,sports ball,0.843501,396.786,101.512,447.231,152.942,422.008,127.227,50.444,51.430
identical_balls_trick_000_018.mp4,704,11.745067,32,sports ball,0.787569,528.790,392.227,580.383,449.093,554.586,420.660,51.593,56.866
identical_balls_trick_000_018.mp4,704,11.745067,32,sports ball,0.483538,577.213,554.416,623.485,599.865,600.349,577.140,46.272,45.449
identical_balls_trick_000_018.mp4,705,11.761750,32,sports ball,0.842628,396.908,99.347,447.275,150.388,422.091,124.867,50.367,51.041
identical_balls_trick_000_018.mp4,705,11.761750,32,sports ball,0.778971,529.260,405.050,581.801,461.634,555.530,433.342,52.541,56.584
identical_balls_trick_000_018.mp4,705,11.761750,32,sports ball,0.422528,576.185,557.105,620.770,601.860,598.477,579.483,44.586,44.755
identical_balls_trick_000_018.mp4,706,11.778433,32,sports ball,0.841318,397.231,99.343,447.352,150.395,422.291,124.869,50.121,51.051
identical_balls_trick_000_018.mp4,706,11.778433,32,sports ball,0.779002,529.239,405.027,581.805,461.689,555.522,433.358,52.565,56.662
identical_balls_trick_000_018.mp4,706,11.778433,32,sports ball,0.430729,576.182,557.108,620.771,601.861,598.476,579.485,44.589,44.753
identical_balls_trick_000_018.mp4,707,11.795117,32,sports ball,0.742708,397.373,97.387,447.639,148.428,422.506,122.907,50.266,51.042
identical_balls_trick_000_018.mp4,707,11.795117,32,sports ball,0.581102,531.410,417.331,584.108,474.753,557.759,446.042,52.698,57.422
identical_balls_trick_000_018.mp4,707,11.795117,32,sports ball,0.330916,574.943,559.442,617.189,604.032,596.066,581.737,42.246,44.590
identical_balls_trick_000_018.mp4,708,11.811800,32,sports ball,0.768927,397.384,97.378,447.703,148.442,422.543,122.910,50.318,51.063
identical_balls_trick_000_018.mp4,708,11.811800,32,sports ball,0.611543,531.405,417.347,584.104,474.684,557.755,446.015,52.699,57.337
identical_balls_trick_000_018.mp4,708,11.811800,32,sports ball,0.341119,574.948,559.446,617.176,604.076,596.062,581.761,42.229,44.629
identical_balls_trick_000_018.mp4,709,11.828483,32,sports ball,0.798828,397.732,96.055,448.030,146.596,422.881,121.325,50.298,50.540
identical_balls_trick_000_018.mp4,709,11.828483,32,sports ball,0.787748,535.350,430.693,587.454,487.267,561.402,458.980,52.105,56.574
identical_balls_trick_000_018.mp4,709,11.828483,32,sports ball,0.508811,572.706,562.319,612.894,606.681,592.800,584.500,40.188,44.362
identical_balls_trick_000_018.mp4,710,11.845167,32,sports ball,0.797020,397.920,95.997,448.132,146.611,423.026,121.304,50.213,50.615
identical_balls_trick_000_018.mp4,710,11.845167,32,sports ball,0.783255,535.101,430.690,587.453,487.025,561.277,458.857,52.351,56.335
identical_balls_trick_000_018.mp4,710,11.845167,32,sports ball,0.504888,572.701,562.331,612.881,606.674,592.791,584.503,40.180,44.343
identical_balls_trick_000_018.mp4,711,11.861850,32,sports ball,0.837375,538.928,443.042,590.621,499.191,564.775,471.116,51.693,56.149
identical_balls_trick_000_018.mp4,711,11.861850,32,sports ball,0.795325,398.075,94.779,448.540,145.123,423.308,119.951,50.465,50.345
identical_balls_trick_000_018.mp4,711,11.861850,32,sports ball,0.640306,571.303,566.137,609.872,611.076,590.588,588.607,38.570,44.939
identical_balls_trick_000_018.mp4,712,11.878533,32,sports ball,0.835774,538.925,443.056,590.620,499.234,564.773,471.145,51.695,56.177
identical_balls_trick_000_018.mp4,712,11.878533,32,sports ball,0.808431,398.290,94.800,448.723,145.035,423.506,119.917,50.432,50.235
identical_balls_trick_000_018.mp4,712,11.878533,32,sports ball,0.647256,571.304,566.138,609.874,611.080,590.589,588.609,38.570,44.942
identical_balls_trick_000_018.mp4,713,11.895217,32,sports ball,0.863972,543.721,454.563,594.748,511.331,569.234,482.947,51.027,56.768
identical_balls_trick_000_018.mp4,713,11.895217,32,sports ball,0.837139,398.405,94.748,448.937,145.058,423.671,119.903,50.532,50.310
identical_balls_trick_000_018.mp4,713,11.895217,32,sports ball,0.621832,569.080,570.675,606.358,615.794,587.719,593.235,37.278,45.119
identical_balls_trick_000_018.mp4,714,11.911900,32,sports ball,0.865144,543.719,454.551,594.751,511.328,569.235,482.940,51.031,56.777
identical_balls_trick_000_018.mp4,714,11.911900,32,sports ball,0.833351,398.460,94.718,449.034,145.053,423.747,119.886,50.575,50.336
identical_balls_trick_000_018.mp4,714,11.911900,32,sports ball,0.611835,569.066,570.675,606.355,615.795,587.711,593.235,37.289,45.120
identical_balls_trick_000_018.mp4,715,11.928583,32,sports ball,0.866252,547.186,465.204,599.185,521.822,573.185,493.513,51.999,56.618
identical_balls_trick_000_018.mp4,715,11.928583,32,sports ball,0.790178,398.470,94.628,449.184,145.072,423.827,119.850,50.714,50.443
identical_balls_trick_000_018.mp4,715,11.928583,32,sports ball,0.426716,567.142,576.046,603.417,620.866,585.279,598.456,36.275,44.820
identical_balls_trick_000_018.mp4,716,11.945267,32,sports ball,0.867172,547.187,465.200,599.184,521.839,573.185,493.519,51.997,56.639
identical_balls_trick_000_018.mp4,716,11.945267,32,sports ball,0.784440,398.806,94.696,449.363,145.085,424.085,119.891,50.557,50.389
identical_balls_trick_000_018.mp4,716,11.945267,32,sports ball,0.422488,567.141,576.035,603.407,620.854,585.274,598.444,36.267,44.819
identical_balls_trick_000_018.mp4,717,11.961950,32,sports ball,0.802491,551.512,477.041,602.655,533.774,577.083,505.408,51.143,56.733
identical_balls_trick_000_018.mp4,717,11.961950,32,sports ball,0.756965,399.150,95.016,449.864,145.509,424.507,120.262,50.714,50.493
identical_balls_trick_000_018.mp4,718,11.978633,32,sports ball,0.800454,551.515,477.037,602.694,533.743,577.104,505.390,51.179,56.706
identical_balls_trick_000_018.mp4,718,11.978633,32,sports ball,0.735111,399.268,95.028,449.887,145.504,424.577,120.266,50.620,50.476
identical_balls_trick_000_018.mp4,719,11.995317,32,sports ball,0.845097,555.878,487.282,605.479,544.736,580.679,516.009,49.601,57.455
identical_balls_trick_000_018.mp4,719,11.995317,32,sports ball,0.654135,399.586,96.087,450.351,146.937,424.969,121.512,50.765,50.850
identical_balls_trick_000_018.mp4,719,11.995317,32,sports ball,0.262624,563.099,588.195,598.356,633.655,580.728,610.925,35.257,45.460
identical_balls_trick_000_018.mp4,720,12.012000,32,sports ball,0.846294,555.878,487.278,605.478,544.734,580.678,516.006,49.601,57.456
identical_balls_trick_000_018.mp4,720,12.012000,32,sports ball,0.659262,399.592,96.096,450.327,146.940,424.959,121.518,50.736,50.844
identical_balls_trick_000_018.mp4,720,12.012000,32,sports ball,0.259635,563.077,588.200,598.354,633.470,580.716,610.835,35.277,45.270
identical_balls_trick_000_018.mp4,721,12.028683,32,sports ball,0.830374,559.234,497.976,609.746,552.389,584.490,525.182,50.512,54.413
identical_balls_trick_000_018.mp4,721,12.028683,32,sports ball,0.589002,399.722,97.620,450.369,148.968,425.046,123.294,50.647,51.348
identical_balls_trick_000_018.mp4,722,12.045367,32,sports ball,0.827206,559.235,497.995,609.756,552.432,584.496,525.214,50.521,54.437
identical_balls_trick_000_018.mp4,722,12.045367,32,sports ball,0.572760,399.751,97.607,450.585,148.989,425.168,123.298,50.835,51.382
identical_balls_trick_000_018.mp4,723,12.062050,32,sports ball,0.839281,563.189,507.508,612.595,564.672,587.892,536.090,49.406,57.164
identical_balls_trick_000_018.mp4,723,12.062050,32,sports ball,0.727291,400.314,99.351,450.791,150.882,425.553,125.117,50.478,51.532
identical_balls_trick_000_018.mp4,723,12.062050,32,sports ball,0.228731,556.532,602.585,594.345,645.050,575.439,623.818,37.813,42.465
identical_balls_trick_000_018.mp4,724,12.078733,32,sports ball,0.840290,563.189,507.513,612.596,564.684,587.892,536.098,49.406,57.171
identical_balls_trick_000_018.mp4,724,12.078733,32,sports ball,0.761881,400.436,99.284,450.821,150.908,425.628,125.096,50.385,51.625
identical_balls_trick_000_018.mp4,724,12.078733,32,sports ball,0.234419,556.532,602.596,594.362,645.130,575.447,623.863,37.830,42.533
identical_balls_trick_000_018.mp4,725,12.095417,32,sports ball,0.900050,567.190,517.185,615.824,572.840,591.507,545.012,48.634,55.655
identical_balls_trick_000_018.mp4,725,12.095417,32,sports ball,0.814564,400.796,101.387,451.036,153.468,425.916,127.427,50.240,52.081
identical_balls_trick_000_018.mp4,725,12.095417,32,sports ball,0.304510,553.909,610.699,592.744,652.465,573.326,631.582,38.835,41.766
identical_balls_trick_000_018.mp4,726,12.112100,32,sports ball,0.902059,567.199,517.199,615.803,572.794,591.501,544.997,48.604,55.596
identical_balls_trick_000_018.mp4,726,12.112100,32,sports ball,0.818510,400.890,101.498,450.994,153.457,425.942,127.477,50.104,51.959
identical_balls_trick_000_018.mp4,726,12.112100,32,sports ball,0.327299,553.903,610.722,592.732,652.440,573.317,631.581,38.829,41.718
identical_balls_trick_000_018.mp4,727,12.128783,32,sports ball,0.804549,400.998,105.220,451.894,156.338,426.446,130.779,50.896,51.118
identical_balls_trick_000_018.mp4,727,12.128783,32,sports ball,0.775299,571.289,526.819,619.977,577.802,595.633,552.311,48.688,50.984
identical_balls_trick_000_018.mp4,727,12.128783,32,sports ball,0.332417,551.093,618.060,590.279,658.419,570.686,638.239,39.187,40.359
identical_balls_trick_000_018.mp4,728,12.145467,32,sports ball,0.810205,401.070,105.288,451.658,156.329,426.364,130.808,50.588,51.041
identical_balls_trick_000_018.mp4,728,12.145467,32,sports ball,0.784733,571.292,526.826,619.988,577.875,595.640,552.351,48.696,51.049
identical_balls_trick_000_018.mp4,728,12.145467,32,sports ball,0.335862,551.083,618.059,590.282,658.395,570.683,638.227,39.199,40.336
identical_balls_trick_000_018.mp4,729,12.162150,32,sports ball,0.861909,575.857,534.651,622.781,589.545,599.319,562.098,46.924,54.894
identical_balls_trick_000_018.mp4,729,12.162150,32,sports ball,0.831626,401.274,109.017,451.700,160.172,426.487,134.595,50.425,51.156
identical_balls_trick_000_018.mp4,729,12.162150,32,sports ball,0.597372,546.494,624.820,587.507,663.813,567.000,644.317,41.013,38.992
identical_balls_trick_000_018.mp4,730,12.178833,32,sports ball,0.860226,575.945,534.614,622.818,589.588,599.381,562.101,46.873,54.974
identical_balls_trick_000_018.mp4,730,12.178833,32,sports ball,0.827283,401.276,109.160,451.702,160.162,426.489,134.661,50.426,51.002
identical_balls_trick_000_018.mp4,730,12.178833,32,sports ball,0.591513,546.489,624.817,587.507,663.787,566.998,644.302,41.018,38.970
identical_balls_trick_000_018.mp4,731,12.195517,32,sports ball,0.887675,579.110,541.135,627.613,595.801,603.361,568.468,48.503,54.666
identical_balls_trick_000_018.mp4,731,12.195517,32,sports ball,0.745698,401.767,112.867,452.465,164.899,427.116,138.883,50.698,52.031
identical_balls_trick_000_018.mp4,731,12.195517,32,sports ball,0.275581,541.921,630.938,584.028,672.146,562.975,651.542,42.106,41.208
identical_balls_trick_000_018.mp4,732,12.212200,32,sports ball,0.887821,579.107,541.118,627.593,595.771,603.350,568.444,48.486,54.653
identical_balls_trick_000_018.mp4,732,12.212200,32,sports ball,0.753379,401.756,112.853,452.474,164.889,427.115,138.871,50.718,52.035
identical_balls_trick_000_018.mp4,732,12.212200,32,sports ball,0.283479,541.943,630.939,584.030,672.142,562.986,651.541,42.087,41.204
identical_balls_trick_000_018.mp4,733,12.228883,32,sports ball,0.750821,582.931,547.996,630.803,602.603,606.867,575.300,47.872,54.607
identical_balls_trick_000_018.mp4,733,12.228883,32,sports ball,0.724119,402.385,118.022,452.745,168.949,427.565,143.485,50.361,50.927
identical_balls_trick_000_018.mp4,733,12.228883,32,sports ball,0.287778,537.556,635.765,580.532,676.820,559.044,656.293,42.976,41.055
identical_balls_trick_000_018.mp4,734,12.245567,32,sports ball,0.750538,582.937,547.989,630.796,602.592,606.866,575.290,47.859,54.603
identical_balls_trick_000_018.mp4,734,12.245567,32,sports ball,0.726029,402.383,118.027,452.791,168.883,427.587,143.455,50.408,50.856
identical_balls_trick_000_018.mp4,734,12.245567,32,sports ball,0.288319,537.549,635.763,580.533,676.817,559.041,656.290,42.984,41.055
identical_balls_trick_000_018.mp4,735,12.262250,32,sports ball,0.797176,585.711,552.921,633.113,606.627,609.412,579.774,47.402,53.706
identical_balls_trick_000_018.mp4,735,12.262250,32,sports ball,0.694230,403.173,122.819,453.908,174.290,428.541,148.555,50.735,51.471
identical_balls_trick_000_018.mp4,735,12.262250,32,sports ball,0.231308,533.501,639.657,576.599,680.874,555.050,660.266,43.098,41.216
identical_balls_trick_000_018.mp4,736,12.278933,32,sports ball,0.798264,585.743,552.912,633.103,606.595,609.423,579.753,47.359,53.683
identical_balls_trick_000_018.mp4,736,12.278933,32,sports ball,0.713801,403.171,122.846,453.818,174.643,428.494,148.744,50.647,51.797
identical_balls_trick_000_018.mp4,736,12.278933,32,sports ball,0.254667,533.470,639.526,576.585,680.833,555.027,660.180,43.115,41.308
identical_balls_trick_000_018.mp4,737,12.295617,32,sports ball,0.845929,588.592,558.965,635.969,611.769,612.281,585.367,47.377,52.804
identical_balls_trick_000_018.mp4,737,12.295617,32,sports ball,0.781746,403.290,128.859,454.522,179.969,428.906,154.414,51.231,51.110
identical_balls_trick_000_018.mp4,737,12.295617,32,sports ball,0.277709,530.446,642.340,573.079,683.880,551.762,663.110,42.634,41.540
identical_balls_trick_000_018.mp4,738,12.312300,32,sports ball,0.847102,588.591,558.968,635.968,611.766,612.280,585.367,47.377,52.798
identical_balls_trick_000_018.mp4,738,12.312300,32,sports ball,0.789305,403.305,128.894,454.242,179.956,428.774,154.425,50.937,51.063
identical_balls_trick_000_018.mp4,738,12.312300,32,sports ball,0.291653,530.442,642.349,573.061,683.862,551.752,663.105,42.619,41.512
identical_balls_trick_000_018.mp4,739,12.328983,32,sports ball,0.845478,591.522,561.262,638.455,614.796,614.989,588.029,46.932,53.535
identical_balls_trick_000_018.mp4,739,12.328983,32,sports ball,0.821553,403.632,134.836,455.565,186.860,429.599,160.848,51.934,52.024
identical_balls_trick_000_018.mp4,739,12.328983,32,sports ball,0.478917,526.225,643.076,570.068,685.732,548.146,664.404,43.843,42.655
identical_balls_trick_000_018.mp4,740,12.345667,32,sports ball,0.840542,591.526,561.273,638.459,614.831,614.993,588.052,46.933,53.558
identical_balls_trick_000_018.mp4,740,12.345667,32,sports ball,0.816872,403.637,134.858,455.565,186.796,429.601,160.827,51.928,51.938
identical_balls_trick_000_018.mp4,740,12.345667,32,sports ball,0.475066,526.223,643.078,570.068,685.711,548.145,664.395,43.845,42.633
identical_balls_trick_000_018.mp4,741,12.362350,32,sports ball,0.877625,404.158,142.253,455.453,193.323,429.805,167.788,51.294,51.070
identical_balls_trick_000_018.mp4,741,12.362350,32,sports ball,0.802015,593.536,563.885,641.377,616.049,617.457,589.967,47.841,52.164
identical_balls_trick_000_018.mp4,741,12.362350,32,sports ball,0.364912,523.554,642.113,566.839,684.973,545.197,663.543,43.285,42.861
identical_balls_trick_000_018.mp4,742,12.379033,32,sports ball,0.879679,404.160,142.283,455.467,193.323,429.814,167.803,51.306,51.040
identical_balls_trick_000_018.mp4,742,12.379033,32,sports ball,0.801542,593.535,563.894,641.375,615.852,617.455,589.873,47.840,51.958
identical_balls_trick_000_018.mp4,742,12.379033,32,sports ball,0.371213,523.553,642.122,566.890,684.983,545.222,663.552,43.336,42.861
identical_balls_trick_000_018.mp4,743,12.395717,32,sports ball,0.892111,404.627,150.116,456.231,200.207,430.429,175.162,51.604,50.091
identical_balls_trick_000_018.mp4,743,12.395717,32,sports ball,0.784871,595.312,564.156,643.492,617.643,619.402,590.900,48.180,53.487
identical_balls_trick_000_018.mp4,743,12.395717,32,sports ball,0.350609,519.716,639.870,564.849,682.798,542.282,661.334,45.133,42.927
identical_balls_trick_000_018.mp4,744,12.412400,32,sports ball,0.890971,404.594,150.083,456.203,200.240,430.398,175.161,51.608,50.156
identical_balls_trick_000_018.mp4,744,12.412400,32,sports ball,0.787382,595.293,564.151,643.494,617.660,619.393,590.905,48.200,53.509
identical_balls_trick_000_018.mp4,744,12.412400,32,sports ball,0.361877,519.679,639.852,564.859,682.805,542.269,661.328,45.180,42.953
identical_balls_trick_000_018.mp4,745,12.429083,32,sports ball,0.891670,404.969,158.194,456.483,208.578,430.726,183.386,51.514,50.384
identical_balls_trick_000_018.mp4,745,12.429083,32,sports ball,0.857073,597.202,563.065,645.063,615.860,621.133,589.462,47.861,52.795
identical_balls_trick_000_018.mp4,745,12.429083,32,sports ball,0.347174,515.742,635.452,562.948,679.939,539.345,657.696,47.206,44.487
identical_balls_trick_000_018.mp4,746,12.445767,32,sports ball,0.892905,404.965,158.209,456.491,208.528,430.728,183.368,51.525,50.319
identical_balls_trick_000_018.mp4,746,12.445767,32,sports ball,0.858967,597.210,563.069,645.059,615.848,621.135,589.459,47.849,52.778
identical_balls_trick_000_018.mp4,746,12.445767,32,sports ball,0.352861,515.737,635.460,562.936,679.917,539.336,657.689,47.200,44.457
identical_balls_trick_000_018.mp4,747,12.462450,32,sports ball,0.867824,405.454,166.375,457.167,216.858,431.310,191.617,51.713,50.483
identical_balls_trick_000_018.mp4,747,12.462450,32,sports ball,0.861036,599.997,561.021,646.938,613.065,623.468,587.043,46.940,52.044
identical_balls_trick_000_018.mp4,747,12.462450,32,sports ball,0.503260,514.129,629.925,560.132,673.259,537.130,651.592,46.002,43.333
identical_balls_trick_000_018.mp4,748,12.479133,32,sports ball,0.865355,405.452,166.344,457.155,216.854,431.303,191.599,51.703,50.510
identical_balls_trick_000_018.mp4,748,12.479133,32,sports ball,0.858881,600.003,561.022,646.937,613.051,623.470,587.037,46.933,52.029
identical_balls_trick_000_018.mp4,748,12.479133,32,sports ball,0.499517,514.127,629.937,560.105,673.200,537.116,651.569,45.978,43.263
identical_balls_trick_000_018.mp4,749,12.495817,32,sports ball,0.871816,405.808,175.282,458.099,225.702,431.954,200.492,52.291,50.420
identical_balls_trick_000_018.mp4,749,12.495817,32,sports ball,0.866743,601.695,557.755,648.510,609.583,625.102,583.669,46.815,51.828
identical_balls_trick_000_018.mp4,749,12.495817,32,sports ball,0.411005,512.336,623.412,557.742,665.057,535.039,644.234,45.405,41.645
identical_balls_trick_000_018.mp4,750,12.512500,32,sports ball,0.887514,405.862,175.136,457.916,225.524,431.889,200.330,52.054,50.388
identical_balls_trick_000_018.mp4,750,12.512500,32,sports ball,0.859402,601.686,557.478,648.491,609.581,625.088,583.530,46.805,52.102
identical_balls_trick_000_018.mp4,750,12.512500,32,sports ball,0.379858,512.443,623.510,557.443,665.038,534.943,644.274,45.000,41.527
identical_balls_trick_000_018.mp4,751,12.529183,32,sports ball,0.896533,406.556,184.815,458.622,235.786,432.589,210.301,52.066,50.970
identical_balls_trick_000_018.mp4,751,12.529183,32,sports ball,0.809192,602.306,551.607,649.997,602.975,626.152,577.291,47.691,51.368
identical_balls_trick_000_018.mp4,751,12.529183,32,sports ball,0.336003,509.807,613.803,555.556,654.487,532.682,634.145,45.749,40.684
identical_balls_trick_000_018.mp4,752,12.545867,32,sports ball,0.903349,406.549,184.874,458.598,235.756,432.574,210.315,52.049,50.882
identical_balls_trick_000_018.mp4,752,12.545867,32,sports ball,0.824880,602.310,551.629,649.994,602.943,626.152,577.286,47.684,51.314
identical_balls_trick_000_018.mp4,752,12.545867,32,sports ball,0.358401,509.805,613.746,555.557,654.639,532.681,634.193,45.752,40.892
identical_balls_trick_000_018.mp4,753,12.562550,32,sports ball,0.900514,407.197,195.159,459.515,245.883,433.356,220.521,52.318,50.725
identical_balls_trick_000_018.mp4,753,12.562550,32,sports ball,0.829005,603.071,545.940,650.715,597.524,626.893,571.732,47.644,51.583
identical_balls_trick_000_018.mp4,753,12.562550,32,sports ball,0.436536,508.771,603.771,553.883,644.948,531.327,624.360,45.112,41.178
identical_balls_trick_000_018.mp4,754,12.579233,32,sports ball,0.901870,407.194,195.082,459.472,245.871,433.333,220.477,52.278,50.789
identical_balls_trick_000_018.mp4,754,12.579233,32,sports ball,0.829668,603.076,545.955,650.706,597.448,626.891,571.701,47.630,51.493
identical_balls_trick_000_018.mp4,754,12.579233,32,sports ball,0.432183,508.784,603.772,553.887,644.979,531.336,624.375,45.103,41.207
identical_balls_trick_000_018.mp4,755,12.595917,32,sports ball,0.899639,408.702,206.127,459.846,256.595,434.274,231.361,51.145,50.468
identical_balls_trick_000_018.mp4,755,12.595917,32,sports ball,0.848423,603.981,537.818,651.294,589.989,627.637,563.904,47.313,52.172
identical_balls_trick_000_018.mp4,755,12.595917,32,sports ball,0.396306,506.275,591.609,553.000,630.343,529.637,610.976,46.725,38.734
identical_balls_trick_000_018.mp4,756,12.612600,32,sports ball,0.902860,408.684,206.144,459.805,256.602,434.245,231.373,51.121,50.458
identical_balls_trick_000_018.mp4,756,12.612600,32,sports ball,0.845739,603.986,537.826,651.297,589.988,627.641,563.907,47.311,52.162
identical_balls_trick_000_018.mp4,756,12.612600,32,sports ball,0.406056,506.286,591.642,552.995,630.273,529.641,610.958,46.708,38.631
identical_balls_trick_000_018.mp4,757,12.629283,32,sports ball,0.849838,409.179,216.804,460.295,267.382,434.737,242.093,51.116,50.577
identical_balls_trick_000_018.mp4,757,12.629283,32,sports ball,0.559579,603.892,528.262,651.479,577.427,627.685,552.845,47.587,49.165
identical_balls_trick_000_018.mp4,757,12.629283,32,sports ball,0.436557,505.344,577.579,551.073,615.510,528.208,596.544,45.730,37.932
identical_balls_trick_000_018.mp4,758,12.645967,32,sports ball,0.838995,409.155,216.806,460.276,267.424,434.716,242.115,51.121,50.618
identical_balls_trick_000_018.mp4,758,12.645967,32,sports ball,0.545803,603.842,528.255,651.484,577.757,627.663,553.006,47.642,49.502
identical_balls_trick_000_018.mp4,758,12.645967,32,sports ball,0.429349,505.346,577.562,551.091,615.421,528.219,596.491,45.745,37.859
identical_balls_trick_000_018.mp4,759,12.662650,32,sports ball,0.870176,410.348,228.338,460.814,279.157,435.581,253.747,50.466,50.819
identical_balls_trick_000_018.mp4,759,12.662650,32,sports ball,0.796043,503.517,561.361,549.304,596.201,526.410,578.781,45.787,34.840
identical_balls_trick_000_018.mp4,759,12.662650,32,sports ball,0.707494,603.092,518.275,652.053,570.362,627.573,544.319,48.961,52.087
identical_balls_trick_000_018.mp4,760,12.679333,32,sports ball,0.864772,410.341,228.326,460.810,278.946,435.575,253.636,50.469,50.620
identical_balls_trick_000_018.mp4,760,12.679333,32,sports ball,0.782901,503.477,561.298,549.291,596.166,526.384,578.732,45.814,34.868
identical_balls_trick_000_018.mp4,760,12.679333,32,sports ball,0.700421,603.084,518.236,652.116,570.535,627.600,544.385,49.032,52.299
identical_balls_trick_000_018.mp4,761,12.696017,32,sports ball,0.839404,410.772,240.244,461.418,290.765,436.095,265.504,50.646,50.522
identical_balls_trick_000_018.mp4,761,12.696017,32,sports ball,0.787482,501.628,543.636,548.506,590.837,525.067,567.236,46.878,47.201
identical_balls_trick_000_018.mp4,761,12.696017,32,sports ball,0.538560,601.110,506.234,652.325,560.000,626.717,533.117,51.216,53.765
identical_balls_trick_000_018.mp4,762,12.712700,32,sports ball,0.840432,410.755,240.240,461.439,290.603,436.097,265.421,50.684,50.363
identical_balls_trick_000_018.mp4,762,12.712700,32,sports ball,0.781159,501.848,543.669,548.503,590.887,525.175,567.278,46.655,47.218
identical_balls_trick_000_018.mp4,762,12.712700,32,sports ball,0.631484,601.115,506.213,652.341,560.077,626.728,533.145,51.226,53.864
identical_balls_trick_000_018.mp4,763,12.729383,32,sports ball,0.896979,411.307,253.781,461.949,303.558,436.628,278.669,50.643,49.776
identical_balls_trick_000_018.mp4,763,12.729383,32,sports ball,0.891977,598.251,495.398,649.573,547.550,623.912,521.474,51.321,52.152
identical_balls_trick_000_018.mp4,763,12.729383,32,sports ball,0.821948,500.949,523.347,547.786,571.535,524.368,547.441,46.837,48.188
identical_balls_trick_000_018.mp4,763,12.729383,32,sports ball,0.197903,501.612,522.960,546.754,559.158,524.183,541.059,45.142,36.198
identical_balls_trick_000_018.mp4,764,12.746067,32,sports ball,0.893243,411.318,253.783,461.960,303.588,436.639,278.685,50.642,49.806
identical_balls_trick_000_018.mp4,764,12.746067,32,sports ball,0.890122,598.239,495.380,649.578,547.764,623.908,521.572,51.339,52.383
identical_balls_trick_000_018.mp4,764,12.746067,32,sports ball,0.819416,500.972,523.337,547.644,571.601,524.308,547.469,46.672,48.264
identical_balls_trick_000_018.mp4,764,12.746067,32,sports ball,0.198323,501.619,522.963,546.666,559.273,524.142,541.118,45.048,36.309
identical_balls_trick_000_018.mp4,765,12.762750,32,sports ball,0.794499,412.152,267.007,462.528,316.386,437.340,291.697,50.375,49.379
identical_balls_trick_000_018.mp4,765,12.762750,32,sports ball,0.720141,501.104,502.405,549.000,548.078,525.052,525.242,47.896,45.673
identical_balls_trick_000_018.mp4,765,12.762750,32,sports ball,0.665024,595.423,484.001,647.167,535.466,621.295,509.734,51.744,51.465
identical_balls_trick_000_018.mp4,766,12.779433,32,sports ball,0.798601,412.175,266.997,462.535,316.393,437.355,291.695,50.360,49.396
identical_balls_trick_000_018.mp4,766,12.779433,32,sports ball,0.711411,500.972,502.634,549.014,548.029,524.993,525.331,48.043,45.395
identical_balls_trick_000_018.mp4,766,12.779433,32,sports ball,0.659702,595.413,484.139,647.174,535.521,621.294,509.830,51.760,51.383
identical_balls_trick_000_018.mp4,767,12.796117,32,sports ball,0.825841,412.908,280.851,463.113,330.727,438.011,305.789,50.204,49.876
identical_balls_trick_000_018.mp4,767,12.796117,32,sports ball,0.733667,502.997,481.951,549.671,526.678,526.334,504.315,46.674,44.726
identical_balls_trick_000_018.mp4,767,12.796117,32,sports ball,0.726513,593.221,472.772,644.504,522.375,618.863,497.573,51.283,49.603
identical_balls_trick_000_018.mp4,768,12.812800,32,sports ball,0.823272,412.910,280.868,463.107,330.729,438.009,305.799,50.197,49.860
identical_balls_trick_000_018.mp4,768,12.812800,32,sports ball,0.731622,503.066,481.910,549.679,527.116,526.373,504.513,46.612,45.206
identical_balls_trick_000_018.mp4,768,12.812800,32,sports ball,0.718388,593.230,472.768,644.506,522.384,618.868,497.576,51.276,49.617
identical_balls_trick_000_018.mp4,769,12.829483,32,sports ball,0.811123,413.802,294.701,463.546,344.456,438.674,319.579,49.744,49.755
identical_balls_trick_000_018.mp4,769,12.829483,32,sports ball,0.650722,503.193,463.096,551.012,506.917,527.102,485.007,47.818,43.822
identical_balls_trick_000_018.mp4,769,12.829483,32,sports ball,0.514800,589.609,463.222,641.199,513.324,615.404,488.273,51.590,50.102
identical_balls_trick_000_018.mp4,770,12.846167,32,sports ball,0.808349,413.793,294.690,463.576,344.455,438.685,319.573,49.783,49.765
identical_balls_trick_000_018.mp4,770,12.846167,32,sports ball,0.626495,503.160,463.204,551.027,507.189,527.093,485.196,47.867,43.985
identical_balls_trick_000_018.mp4,770,12.846167,32,sports ball,0.498798,589.532,463.215,641.206,513.340,615.369,488.277,51.674,50.125
identical_balls_trick_000_018.mp4,771,12.862850,32,sports ball,0.774048,414.800,309.437,464.593,359.525,439.696,334.481,49.792,50.088
identical_balls_trick_000_018.mp4,771,12.862850,32,sports ball,0.525561,504.320,441.630,551.709,490.377,528.015,466.003,47.389,48.747
identical_balls_trick_000_018.mp4,771,12.862850,32,sports ball,0.182370,587.145,452.760,639.019,504.046,613.082,478.403,51.874,51.286
identical_balls_trick_000_018.mp4,772,12.879533,32,sports ball,0.780604,414.807,309.486,464.651,359.519,439.729,334.502,49.844,50.033
identical_balls_trick_000_018.mp4,772,12.879533,32,sports ball,0.530925,504.332,441.654,551.717,490.029,528.025,465.841,47.385,48.375
identical_balls_trick_000_018.mp4,773,12.896217,32,sports ball,0.844050,416.282,339.499,466.211,390.730,441.246,365.115,49.929,51.232
identical_balls_trick_000_018.mp4,773,12.896217,32,sports ball,0.796481,505.783,404.244,553.784,453.661,529.784,428.953,48.001,49.417
identical_balls_trick_000_018.mp4,773,12.896217,32,sports ball,0.406866,581.393,435.858,632.215,485.784,606.804,460.821,50.822,49.926
identical_balls_trick_000_018.mp4,774,12.912900,32,sports ball,0.870344,417.190,372.801,467.865,422.819,442.528,397.810,50.675,50.017
identical_balls_trick_000_018.mp4,774,12.912900,32,sports ball,0.729450,507.718,368.007,555.857,417.866,531.788,392.936,48.138,49.859
identical_balls_trick_000_018.mp4,774,12.912900,32,sports ball,0.604537,575.832,419.856,626.627,469.685,601.230,444.770,50.795,49.829
identical_balls_trick_000_018.mp4,775,12.929583,32,sports ball,0.880889,418.696,407.509,468.447,458.614,443.572,433.062,49.751,51.105
identical_balls_trick_000_018.mp4,775,12.929583,32,sports ball,0.636635,570.133,405.507,620.732,455.786,595.432,430.647,50.598,50.279
identical_balls_trick_000_018.mp4,775,12.929583,32,sports ball,0.620012,508.590,332.268,557.559,383.131,533.074,357.699,48.970,50.862
identical_balls_trick_000_018.mp4,776,12.946267,32,sports ball,0.820667,420.210,444.471,470.100,495.239,445.155,469.855,49.891,50.768
identical_balls_trick_000_018.mp4,776,12.946267,32,sports ball,0.618978,565.221,393.518,615.645,443.429,590.433,418.474,50.424,49.911
identical_balls_trick_000_018.mp4,776,12.946267,32,sports ball,0.529838,510.339,300.780,559.132,348.714,534.735,324.747,48.793,47.934
identical_balls_trick_000_018.mp4,777,12.962950,32,sports ball,0.824357,421.888,483.115,471.549,534.116,446.718,508.615,49.662,51.001
identical_balls_trick_000_018.mp4,777,12.962950,32,sports ball,0.714163,512.762,269.620,560.128,316.854,536.445,293.237,47.366,47.234
identical_balls_trick_000_018.mp4,777,12.962950,32,sports ball,0.547427,559.968,384.502,610.042,433.331,585.005,408.917,50.074,48.830
identical_balls_trick_000_018.mp4,778,12.979633,32,sports ball,0.837661,513.749,238.557,561.853,285.209,537.801,261.883,48.103,46.652
identical_balls_trick_000_018.mp4,778,12.979633,32,sports ball,0.791449,424.429,524.158,472.986,574.584,448.708,549.371,48.557,50.426
identical_balls_trick_000_018.mp4,778,12.979633,32,sports ball,0.370795,554.655,376.142,604.848,424.940,579.751,400.541,50.192,48.798
identical_balls_trick_000_018.mp4,779,12.996317,32,sports ball,0.804491,426.250,565.789,475.110,617.013,450.680,591.401,48.860,51.224
identical_balls_trick_000_018.mp4,779,12.996317,32,sports ball,0.751517,515.184,208.262,563.635,256.989,539.410,232.626,48.451,48.727
identical_balls_trick_000_018.mp4,779,12.996317,32,sports ball,0.597682,549.920,369.629,599.546,419.224,574.733,394.427,49.626,49.595
identical_balls_trick_000_018.mp4,780,13.013000,32,sports ball,0.592628,515.548,180.589,564.784,229.444,540.166,205.017,49.236,48.854
identical_balls_trick_000_018.mp4,780,13.013000,32,sports ball,0.445769,546.587,365.557,594.562,413.271,570.574,389.414,47.975,47.714
identical_balls_trick_000_018.mp4,780,13.013000,32,sports ball,0.328577,416.755,599.290,464.618,646.702,440.687,622.996,47.863,47.412
identical_balls_trick_000_018.mp4,781,13.029683,32,sports ball,0.865839,517.333,154.037,566.709,203.451,542.021,178.744,49.377,49.415
identical_balls_trick_000_018.mp4,781,13.029683,32,sports ball,0.745479,544.757,363.004,589.499,412.511,567.128,387.758,44.743,49.508
identical_balls_trick_000_018.mp4,781,13.029683,32,sports ball,0.661632,407.248,610.116,455.735,655.085,431.492,632.601,48.487,44.969
identical_balls_trick_000_018.mp4,782,13.046367,32,sports ball,0.896444,518.678,130.340,567.641,178.575,543.160,154.457,48.963,48.235
identical_balls_trick_000_018.mp4,782,13.046367,32,sports ball,0.866184,548.890,361.232,591.353,403.268,570.122,382.250,42.464,42.036
identical_balls_trick_000_018.mp4,782,13.046367,32,sports ball,0.554163,401.472,615.280,449.399,663.066,425.435,639.173,47.927,47.786
identical_balls_trick_000_018.mp4,783,13.063050,32,sports ball,0.862771,520.407,106.664,569.004,156.231,544.706,131.447,48.598,49.567
identical_balls_trick_000_018.mp4,783,13.063050,32,sports ball,0.465583,394.003,620.295,442.755,668.993,418.379,644.644,48.752,48.697
identical_balls_trick_000_018.mp4,784,13.079733,32,sports ball,0.906750,521.129,85.409,570.498,135.571,545.814,110.490,49.369,50.162
identical_balls_trick_000_018.mp4,784,13.079733,32,sports ball,0.548565,388.991,624.319,438.066,674.292,413.529,649.305,49.075,49.972
identical_balls_trick_000_018.mp4,784,13.079733,32,sports ball,0.358703,555.473,351.124,600.705,388.220,578.089,369.672,45.232,37.097
identical_balls_trick_000_018.mp4,785,13.096417,32,sports ball,0.902904,522.419,66.243,571.508,116.709,546.963,91.476,49.089,50.466
identical_balls_trick_000_018.mp4,785,13.096417,32,sports ball,0.792488,385.710,626.913,433.927,676.171,409.818,651.542,48.217,49.258
identical_balls_trick_000_018.mp4,785,13.096417,32,sports ball,0.668773,558.505,346.194,605.458,384.439,581.982,365.316,46.953,38.245
identical_balls_trick_000_018.mp4,786,13.113100,32,sports ball,0.883916,523.415,47.583,572.485,98.757,547.950,73.170,49.070,51.174
identical_balls_trick_000_018.mp4,786,13.113100,32,sports ball,0.804929,383.991,626.944,428.359,675.602,406.175,651.273,44.368,48.658
identical_balls_trick_000_018.mp4,786,13.113100,32,sports ball,0.586837,561.115,343.779,605.867,380.909,583.491,362.344,44.753,37.130
identical_balls_trick_000_018.mp4,787,13.129783,32,sports ball,0.879605,524.374,32.201,573.892,83.360,549.133,57.781,49.518,51.159
identical_balls_trick_000_018.mp4,787,13.129783,32,sports ball,0.799887,382.066,624.181,426.069,673.325,404.067,648.753,44.003,49.144
identical_balls_trick_000_018.mp4,787,13.129783,32,sports ball,0.792364,563.672,343.279,608.097,378.851,585.884,361.065,44.424,35.572
identical_balls_trick_000_018.mp4,788,13.146467,32,sports ball,0.847349,525.643,17.440,575.662,70.191,550.652,43.815,50.020,52.751
identical_balls_trick_000_018.mp4,788,13.146467,32,sports ball,0.732532,380.142,620.509,424.563,669.061,402.353,644.785,44.420,48.552
identical_balls_trick_000_018.mp4,788,13.146467,32,sports ball,0.406693,564.417,342.913,610.843,378.317,587.630,360.615,46.426,35.404
identical_balls_trick_000_018.mp4,789,13.163150,32,sports ball,0.799725,527.832,4.645,577.364,57.818,552.598,31.232,49.531,53.173
identical_balls_trick_000_018.mp4,789,13.163150,32,sports ball,0.771552,564.842,333.032,613.367,387.706,589.104,360.369,48.524,54.674
identical_balls_trick_000_018.mp4,789,13.163150,32,sports ball,0.437684,377.857,615.093,421.696,663.424,399.776,639.258,43.839,48.331
identical_balls_trick_000_018.mp4,790,13.179833,32,sports ball,0.724503,564.888,341.815,614.808,387.176,589.848,364.495,49.920,45.361
identical_balls_trick_000_018.mp4,790,13.179833,32,sports ball,0.684659,528.396,0.230,579.058,47.318,553.727,23.774,50.662,47.088
identical_balls_trick_000_018.mp4,790,13.179833,32,sports ball,0.675517,373.849,609.132,418.491,656.056,396.170,632.594,44.642,46.924
identical_balls_trick_000_018.mp4,791,13.196517,32,sports ball,0.762397,529.998,0.207,579.809,39.625,554.903,19.916,49.811,39.419
identical_balls_trick_000_018.mp4,791,13.196517,32,sports ball,0.727419,565.983,336.910,614.646,385.786,590.315,361.348,48.662,48.876
identical_balls_trick_000_018.mp4,791,13.196517,32,sports ball,0.714314,371.090,600.672,414.677,648.557,392.884,624.615,43.587,47.885
identical_balls_trick_000_018.mp4,792,13.213200,32,sports ball,0.849829,531.472,0.088,581.852,33.706,556.662,16.897,50.380,33.618
identical_balls_trick_000_018.mp4,792,13.213200,32,sports ball,0.778929,366.989,592.149,411.077,638.146,389.033,615.147,44.088,45.997
identical_balls_trick_000_018.mp4,792,13.213200,32,sports ball,0.748827,565.093,334.223,614.232,382.595,589.662,358.409,49.139,48.372
identical_balls_trick_000_018.mp4,793,13.229883,32,sports ball,0.880277,363.169,580.951,405.971,626.933,384.570,603.942,42.802,45.982
identical_balls_trick_000_018.mp4,793,13.229883,32,sports ball,0.872975,532.794,0.208,583.862,30.326,558.328,15.267,51.068,30.119
identical_balls_trick_000_018.mp4,793,13.229883,32,sports ball,0.719691,567.582,329.574,613.520,377.212,590.551,353.393,45.938,47.638
identical_balls_trick_000_018.mp4,794,13.246567,32,sports ball,0.855306,533.768,0.313,585.747,27.834,559.758,14.074,51.979,27.521
identical_balls_trick_000_018.mp4,794,13.246567,32,sports ball,0.514580,358.992,567.669,402.092,613.675,380.542,590.672,43.100,46.006
identical_balls_trick_000_018.mp4,794,13.246567,32,sports ball,0.350761,569.868,328.916,612.677,371.185,591.272,350.051,42.810,42.269
identical_balls_trick_000_018.mp4,795,13.263250,32,sports ball,0.878672,536.228,0.221,587.320,28.066,561.774,14.144,51.092,27.846
identical_balls_trick_000_018.mp4,795,13.263250,32,sports ball,0.761243,353.723,551.260,398.504,596.820,376.113,574.040,44.781,45.559
identical_balls_trick_000_018.mp4,795,13.263250,32,sports ball,0.637420,565.441,318.941,612.422,366.385,588.931,342.663,46.981,47.444
identical_balls_trick_000_018.mp4,796,13.279933,32,sports ball,0.846418,537.490,0.010,590.105,31.319,563.797,15.664,52.615,31.309
identical_balls_trick_000_018.mp4,796,13.279933,32,sports ball,0.630417,350.519,530.971,395.859,577.638,373.189,554.305,45.341,46.666
identical_balls_trick_000_018.mp4,796,13.279933,32,sports ball,0.559064,565.174,315.119,612.117,363.620,588.646,339.370,46.943,48.502
identical_balls_trick_000_018.mp4,797,13.296617,32,sports ball,0.825503,539.231,0.000,591.103,35.532,565.167,17.766,51.873,35.532
identical_balls_trick_000_018.mp4,797,13.296617,32,sports ball,0.537060,346.433,505.829,395.281,552.661,370.857,529.245,48.848,46.832
identical_balls_trick_000_018.mp4,797,13.296617,32,sports ball,0.425873,563.110,314.068,611.601,363.342,587.355,338.705,48.491,49.274
identical_balls_trick_000_018.mp4,798,13.313300,32,sports ball,0.846305,540.850,0.000,592.758,42.908,566.804,21.454,51.908,42.908
identical_balls_trick_000_018.mp4,798,13.313300,32,sports ball,0.589051,344.747,477.035,393.808,521.769,369.277,499.402,49.061,44.734
identical_balls_trick_000_018.mp4,798,13.313300,32,sports ball,0.441933,562.719,316.332,611.124,365.484,586.922,340.908,48.405,49.152
identical_balls_trick_000_018.mp4,799,13.329983,32,sports ball,0.863432,543.088,0.311,594.408,52.987,568.748,26.649,51.320,52.676
identical_balls_trick_000_018.mp4,799,13.329983,32,sports ball,0.547219,344.365,441.895,392.728,484.847,368.546,463.371,48.362,42.952
identical_balls_trick_000_018.mp4,799,13.329983,32,sports ball,0.477242,562.101,319.734,610.653,368.582,586.377,344.158,48.552,48.848
identical_balls_trick_000_018.mp4,800,13.346667,32,sports ball,0.886957,544.675,8.264,596.408,64.539,570.542,36.401,51.733,56.276
identical_balls_trick_000_018.mp4,800,13.346667,32,sports ball,0.816149,345.257,404.538,394.489,442.149,369.873,423.344,49.232,37.611
identical_balls_trick_000_018.mp4,800,13.346667,32,sports ball,0.499282,561.389,325.241,609.897,374.874,585.643,350.057,48.508,49.633
identical_balls_trick_000_018.mp4,801,13.363350,32,sports ball,0.879212,546.047,22.797,598.577,78.532,572.312,50.665,52.530,55.735
identical_balls_trick_000_018.mp4,801,13.363350,32,sports ball,0.841749,346.133,368.657,395.982,409.094,371.058,388.876,49.849,40.438
identical_balls_trick_000_018.mp4,801,13.363350,32,sports ball,0.501458,560.429,333.660,608.399,382.071,584.414,357.865,47.971,48.411
identical_balls_trick_000_018.mp4,802,13.380033,32,sports ball,0.884099,548.864,38.955,601.291,95.057,575.078,67.006,52.427,56.102
identical_balls_trick_000_018.mp4,802,13.380033,32,sports ball,0.859361,347.858,336.266,397.669,379.908,372.763,358.087,49.811,43.642
identical_balls_trick_000_018.mp4,802,13.380033,32,sports ball,0.532696,559.373,343.085,607.461,391.044,583.417,367.064,48.088,47.959
identical_balls_trick_000_018.mp4,803,13.396717,32,sports ball,0.899004,550.649,57.649,603.380,113.762,577.014,85.705,52.731,56.113
identical_balls_trick_000_018.mp4,803,13.396717,32,sports ball,0.881694,349.938,303.222,399.289,349.274,374.614,326.248,49.351,46.052
identical_balls_trick_000_018.mp4,803,13.396717,32,sports ball,0.659052,558.292,354.146,606.899,402.608,582.596,378.377,48.608,48.462
identical_balls_trick_000_018.mp4,804,13.413400,32,sports ball,0.905918,351.712,271.833,401.114,318.433,376.413,295.133,49.402,46.600
identical_balls_trick_000_018.mp4,804,13.413400,32,sports ball,0.887620,553.420,79.102,605.565,134.926,579.493,107.014,52.145,55.824
identical_balls_trick_000_018.mp4,804,13.413400,32,sports ball,0.645600,557.257,367.503,605.793,415.632,581.525,391.567,48.536,48.130
identical_balls_trick_000_018.mp4,805,13.430083,32,sports ball,0.901392,555.186,101.433,608.090,157.941,581.638,129.687,52.904,56.508
identical_balls_trick_000_018.mp4,805,13.430083,32,sports ball,0.900165,353.942,241.550,403.463,289.224,378.703,265.387,49.522,47.674
identical_balls_trick_000_018.mp4,805,13.430083,32,sports ball,0.663977,556.909,382.496,604.144,428.666,580.526,405.581,47.235,46.170
identical_balls_trick_000_018.mp4,806,13.446767,32,sports ball,0.903423,355.387,213.419,405.437,262.564,380.412,237.992,50.050,49.145
identical_balls_trick_000_018.mp4,806,13.446767,32,sports ball,0.795854,557.732,129.452,611.255,183.592,584.493,156.522,53.524,54.140
identical_balls_trick_000_018.mp4,806,13.446767,32,sports ball,0.552885,556.038,399.706,603.196,446.500,579.617,423.103,47.159,46.795
identical_balls_trick_000_018.mp4,807,13.463450,32,sports ball,0.883287,360.005,190.532,408.974,237.294,384.489,213.913,48.969,46.761
identical_balls_trick_000_018.mp4,807,13.463450,32,sports ball,0.864414,559.985,158.682,615.643,213.440,587.814,186.061,55.658,54.758
identical_balls_trick_000_018.mp4,807,13.463450,32,sports ball,0.508388,554.436,419.041,600.862,465.385,577.649,442.213,46.425,46.344
identical_balls_trick_000_018.mp4,808,13.480133,32,sports ball,0.799726,360.978,163.993,412.681,214.135,386.829,189.064,51.703,50.142
identical_balls_trick_000_018.mp4,808,13.480133,32,sports ball,0.650238,562.543,189.878,616.393,243.255,589.468,216.566,53.850,53.377
identical_balls_trick_000_018.mp4,808,13.480133,32,sports ball,0.268807,553.057,438.367,600.479,485.893,576.768,462.130,47.422,47.525
identical_balls_trick_000_018.mp4,809,13.496817,32,sports ball,0.923734,365.094,143.604,415.119,192.147,390.107,167.875,50.024,48.543
identical_balls_trick_000_018.mp4,809,13.496817,32,sports ball,0.820407,565.396,223.778,619.594,277.125,592.495,250.452,54.198,53.346
identical_balls_trick_000_018.mp4,809,13.496817,32,sports ball,0.470352,552.127,461.450,599.406,507.711,575.767,484.581,47.280,46.260
identical_balls_trick_000_018.mp4,810,13.513500,32,sports ball,0.904389,368.630,122.447,418.660,173.136,393.645,147.792,50.030,50.689
identical_balls_trick_000_018.mp4,810,13.513500,32,sports ball,0.735677,550.673,483.890,597.723,532.607,574.198,508.248,47.050,48.717
identical_balls_trick_000_018.mp4,810,13.513500,32,sports ball,0.722634,567.610,259.311,622.453,313.531,595.032,286.421,54.843,54.220
identical_balls_trick_000_018.mp4,811,13.530183,32,sports ball,0.899483,372.272,103.521,422.760,155.699,397.516,129.610,50.488,52.179
identical_balls_trick_000_018.mp4,811,13.530183,32,sports ball,0.744686,570.581,297.295,625.055,354.336,597.818,325.816,54.474,57.042
identical_balls_trick_000_018.mp4,811,13.530183,32,sports ball,0.334911,551.424,510.242,596.574,558.821,573.999,534.532,45.150,48.579
identical_balls_trick_000_018.mp4,812,13.546867,32,sports ball,0.904120,376.287,87.899,426.976,137.301,401.631,112.600,50.688,49.402
identical_balls_trick_000_018.mp4,812,13.546867,32,sports ball,0.782942,571.958,336.608,628.070,396.112,600.014,366.360,56.112,59.504
identical_balls_trick_000_018.mp4,812,13.546867,32,sports ball,0.693824,549.229,535.597,596.027,582.283,572.628,558.940,46.798,46.686
identical_balls_trick_000_018.mp4,813,13.563550,32,sports ball,0.887040,380.002,72.233,431.248,123.687,405.625,97.960,51.246,51.454
identical_balls_trick_000_018.mp4,813,13.563550,32,sports ball,0.838207,582.053,379.413,631.177,435.452,606.615,407.432,49.124,56.039
identical_balls_trick_000_018.mp4,813,13.563550,32,sports ball,0.671076,552.179,544.140,598.827,591.213,575.503,567.676,46.648,47.073
identical_balls_trick_000_018.mp4,814,13.580233,32,sports ball,0.919365,384.497,59.489,435.327,111.290,409.912,85.390,50.830,51.801
identical_balls_trick_000_018.mp4,814,13.580233,32,sports ball,0.883447,590.092,406.289,640.730,462.144,615.411,434.216,50.638,55.855
identical_balls_trick_000_018.mp4,814,13.580233,32,sports ball,0.845382,556.812,553.608,604.437,600.423,580.625,577.015,47.626,46.815
identical_balls_trick_000_018.mp4,815,13.596917,32,sports ball,0.899763,388.046,48.589,439.535,101.275,413.791,74.932,51.489,52.686
identical_balls_trick_000_018.mp4,815,13.596917,32,sports ball,0.845602,601.319,432.039,652.722,486.921,627.021,459.480,51.402,54.882
identical_balls_trick_000_018.mp4,815,13.596917,32,sports ball,0.792580,563.741,563.129,609.918,608.513,586.830,585.821,46.177,45.384
identical_balls_trick_000_018.mp4,816,13.613600,32,sports ball,0.918087,392.585,40.524,443.564,92.767,418.075,66.646,50.979,52.244
identical_balls_trick_000_018.mp4,816,13.613600,32,sports ball,0.867422,565.057,572.670,611.443,618.837,588.250,595.753,46.386,46.166
identical_balls_trick_000_018.mp4,816,13.613600,32,sports ball,0.814799,612.048,454.474,662.538,509.843,637.293,482.158,50.490,55.368
identical_balls_trick_000_018.mp4,816,13.613600,32,sports ball,0.180617,39.153,660.079,77.795,697.584,58.474,678.831,38.642,37.505
identical_balls_trick_000_018.mp4,817,13.630283,32,sports ball,0.908533,396.332,34.520,447.064,86.891,421.698,60.706,50.732,52.371
identical_balls_trick_000_018.mp4,817,13.630283,32,sports ball,0.773655,619.324,477.198,669.822,537.529,644.573,507.364,50.498,60.331
identical_balls_trick_000_018.mp4,817,13.630283,32,sports ball,0.667873,560.570,585.076,606.364,632.821,583.467,608.949,45.794,47.745
identical_balls_trick_000_018.mp4,818,13.646967,32,sports ball,0.860126,400.940,30.993,451.835,82.717,426.388,56.855,50.894,51.724
identical_balls_trick_000_018.mp4,818,13.646967,32,sports ball,0.801035,627.876,497.105,677.389,557.048,652.633,527.076,49.513,59.943
identical_balls_trick_000_018.mp4,818,13.646967,32,sports ball,0.796536,557.050,597.511,602.134,647.515,579.592,622.513,45.084,50.004
identical_balls_trick_000_018.mp4,819,13.663650,32,sports ball,0.862343,404.634,27.778,455.922,80.655,430.278,54.216,51.288,52.877
identical_balls_trick_000_018.mp4,819,13.663650,32,sports ball,0.559893,557.856,607.117,604.070,653.712,580.963,630.415,46.213,46.595
identical_balls_trick_000_018.mp4,819,13.663650,32,sports ball,0.511164,633.740,516.549,682.352,581.502,658.046,549.025,48.612,64.953
identical_balls_trick_000_018.mp4,819,13.663650,32,sports ball,0.329370,633.858,516.820,681.554,565.304,657.706,541.062,47.696,48.484
identical_balls_trick_000_018.mp4,820,13.680333,32,sports ball,0.816192,408.575,28.015,460.079,80.578,434.327,54.296,51.504,52.563
identical_balls_trick_000_018.mp4,820,13.680333,32,sports ball,0.721676,559.288,611.762,605.914,660.117,582.601,635.940,46.627,48.356
identical_balls_trick_000_018.mp4,820,13.680333,32,sports ball,0.676621,637.308,533.310,686.787,592.417,662.047,562.863,49.479,59.107
identical_balls_trick_000_018.mp4,821,13.697017,32,sports ball,0.785291,412.836,30.362,463.737,83.063,438.286,56.713,50.901,52.701
identical_balls_trick_000_018.mp4,821,13.697017,32,sports ball,0.645887,641.209,546.692,691.615,594.733,666.412,570.713,50.406,48.040
identical_balls_trick_000_018.mp4,821,13.697017,32,sports ball,0.542310,560.768,616.822,607.070,665.608,583.919,641.215,46.302,48.786
identical_balls_trick_000_018.mp4,822,13.713700,32,sports ball,0.832938,416.858,34.839,467.805,87.358,442.331,61.099,50.947,52.520
identical_balls_trick_000_018.mp4,822,13.713700,32,sports ball,0.770006,644.074,555.306,694.991,605.764,669.532,580.535,50.917,50.459
identical_balls_trick_000_018.mp4,822,13.713700,32,sports ball,0.432059,559.515,622.801,605.911,669.775,582.713,646.288,46.396,46.974
identical_balls_trick_000_018.mp4,823,13.730383,32,sports ball,0.857163,420.599,40.770,471.947,93.726,446.273,67.248,51.347,52.956
identical_balls_trick_000_018.mp4,823,13.730383,32,sports ball,0.622907,646.550,560.231,697.723,606.243,672.137,583.237,51.173,46.012
identical_balls_trick_000_018.mp4,823,13.730383,32,sports ball,0.613711,556.508,624.084,604.440,669.904,580.474,646.994,47.932,45.820
identical_balls_trick_000_018.mp4,824,13.747067,32,sports ball,0.851223,424.706,49.253,476.229,102.396,450.467,75.825,51.523,53.143
identical_balls_trick_000_018.mp4,824,13.747067,32,sports ball,0.724284,649.017,560.096,700.480,606.892,674.748,583.494,51.462,46.797
identical_balls_trick_000_018.mp4,824,13.747067,32,sports ball,0.448985,555.546,620.487,603.794,666.650,579.670,643.568,48.248,46.164
identical_balls_trick_000_018.mp4,825,13.763750,32,sports ball,0.861375,428.421,60.175,479.857,112.831,454.139,86.503,51.436,52.656
identical_balls_trick_000_018.mp4,825,13.763750,32,sports ball,0.690371,651.278,554.712,702.338,601.788,676.808,578.250,51.060,47.076
identical_balls_trick_000_018.mp4,825,13.763750,32,sports ball,0.491577,556.913,611.394,603.490,656.523,580.202,633.958,46.577,45.128
identical_balls_trick_000_018.mp4,826,13.780433,32,sports ball,0.868636,652.436,544.476,704.621,595.837,678.528,570.156,52.185,51.361
identical_balls_trick_000_018.mp4,826,13.780433,32,sports ball,0.807213,433.023,73.703,483.756,125.904,458.390,99.803,50.733,52.201
identical_balls_trick_000_018.mp4,826,13.780433,32,sports ball,0.534209,556.793,595.497,604.244,641.004,580.518,618.250,47.452,45.507
identical_balls_trick_000_018.mp4,827,13.797117,32,sports ball,0.830398,437.215,89.109,487.719,140.271,462.467,114.690,50.504,51.161
identical_balls_trick_000_018.mp4,827,13.797117,32,sports ball,0.725811,652.667,529.392,705.823,579.450,679.245,554.421,53.155,50.057
identical_balls_trick_000_018.mp4,827,13.797117,32,sports ball,0.673407,556.370,574.218,603.322,619.500,579.846,596.859,46.952,45.283
identical_balls_trick_000_018.mp4,828,13.813800,32,sports ball,0.827705,441.386,106.401,491.898,157.895,466.642,132.148,50.512,51.494
identical_balls_trick_000_018.mp4,828,13.813800,32,sports ball,0.303329,554.876,547.479,602.095,586.060,578.485,566.770,47.218,38.580
identical_balls_trick_000_018.mp4,828,13.813800,32,sports ball,0.224473,655.854,512.221,705.956,554.396,680.905,533.308,50.102,42.175
identical_balls_trick_000_018.mp4,829,13.830483,32,sports ball,0.830914,445.512,126.086,495.293,176.938,470.402,151.512,49.780,50.852
identical_balls_trick_000_018.mp4,829,13.830483,32,sports ball,0.600298,552.539,510.741,601.049,559.200,576.794,534.970,48.510,48.459
identical_balls_trick_000_018.mp4,829,13.830483,32,sports ball,0.539491,655.779,490.195,705.332,532.294,680.555,511.244,49.553,42.099
identical_balls_trick_000_018.mp4,830,13.847167,32,sports ball,0.871900,449.323,147.402,499.101,198.635,474.212,173.019,49.779,51.232
identical_balls_trick_000_018.mp4,830,13.847167,32,sports ball,0.818369,552.274,469.590,601.696,519.782,576.985,494.686,49.422,50.192
identical_balls_trick_000_018.mp4,830,13.847167,32,sports ball,0.654974,648.814,467.344,701.055,513.924,674.935,490.634,52.241,46.579
identical_balls_trick_000_018.mp4,831,13.863850,32,sports ball,0.909677,453.438,171.295,503.579,221.663,478.508,196.479,50.141,50.368
identical_balls_trick_000_018.mp4,831,13.863850,32,sports ball,0.700225,553.363,428.445,603.694,479.343,578.529,453.894,50.332,50.899
identical_balls_trick_000_018.mp4,831,13.863850,32,sports ball,0.485152,645.305,446.294,697.380,497.412,671.342,471.853,52.076,51.118
identical_balls_trick_000_018.mp4,832,13.880533,32,sports ball,0.850075,457.728,196.599,507.722,247.535,482.725,222.067,49.995,50.936
identical_balls_trick_000_018.mp4,832,13.880533,32,sports ball,0.703859,555.455,388.168,605.673,438.166,580.564,413.167,50.219,49.998
identical_balls_trick_000_018.mp4,832,13.880533,32,sports ball,0.608723,641.036,427.928,692.695,479.702,666.865,453.815,51.658,51.774
identical_balls_trick_000_018.mp4,833,13.897217,32,sports ball,0.897612,461.796,225.208,511.517,275.058,486.656,250.133,49.720,49.850
identical_balls_trick_000_018.mp4,833,13.897217,32,sports ball,0.823302,556.510,349.251,607.357,403.177,581.934,376.214,50.847,53.926
identical_balls_trick_000_018.mp4,833,13.897217,32,sports ball,0.651156,636.700,410.776,688.696,463.236,662.698,437.006,51.995,52.461
identical_balls_trick_000_018.mp4,834,13.913900,32,sports ball,0.867359,466.175,254.791,515.638,304.372,490.907,279.581,49.462,49.581
identical_balls_trick_000_018.mp4,834,13.913900,32,sports ball,0.811006,557.322,312.725,608.927,368.083,583.124,340.404,51.604,55.358
identical_balls_trick_000_018.mp4,834,13.913900,32,sports ball,0.760435,634.031,397.509,685.468,448.132,659.750,422.820,51.437,50.623
identical_balls_trick_000_018.mp4,835,13.930583,32,sports ball,0.872958,559.320,279.760,609.313,331.515,584.316,305.637,49.994,51.755
identical_balls_trick_000_018.mp4,835,13.930583,32,sports ball,0.868948,471.029,287.003,520.155,336.782,495.592,311.892,49.126,49.779
identical_balls_trick_000_018.mp4,835,13.930583,32,sports ball,0.810163,629.736,384.950,681.905,436.095,655.821,410.522,52.170,51.144
identical_balls_trick_000_018.mp4,836,13.947267,32,sports ball,0.883559,474.446,320.236,524.763,370.771,499.604,345.504,50.317,50.536
identical_balls_trick_000_018.mp4,836,13.947267,32,sports ball,0.869466,560.988,247.691,610.589,297.250,585.788,272.470,49.600,49.559
identical_balls_trick_000_018.mp4,836,13.947267,32,sports ball,0.752888,626.665,375.224,678.403,425.650,652.534,400.437,51.738,50.425
identical_balls_trick_000_018.mp4,837,13.963950,32,sports ball,0.834014,478.584,355.545,527.005,407.109,502.795,381.327,48.421,51.564
identical_balls_trick_000_018.mp4,837,13.963950,32,sports ball,0.800006,561.278,214.598,611.264,264.523,586.271,239.561,49.986,49.925
identical_balls_trick_000_018.mp4,837,13.963950,32,sports ball,0.605029,623.424,367.423,675.056,417.875,649.240,392.649,51.632,50.452
identical_balls_trick_000_018.mp4,838,13.980633,32,sports ball,0.819432,562.332,184.556,612.039,234.768,587.186,209.662,49.707,50.211
identical_balls_trick_000_018.mp4,838,13.980633,32,sports ball,0.758783,483.182,393.117,531.922,444.157,507.552,418.637,48.740,51.040
identical_balls_trick_000_018.mp4,838,13.980633,32,sports ball,0.712099,619.981,360.548,671.229,411.076,645.605,385.812,51.248,50.528
identical_balls_trick_000_018.mp4,839,13.997317,32,sports ball,0.740207,563.471,157.472,613.101,208.578,588.286,183.025,49.629,51.106
identical_balls_trick_000_018.mp4,839,13.997317,32,sports ball,0.665492,617.385,356.482,667.740,407.759,642.562,382.120,50.355,51.277
identical_balls_trick_000_018.mp4,839,13.997317,32,sports ball,0.571254,487.452,433.004,536.653,484.973,512.052,458.989,49.201,51.968
identical_balls_trick_000_018.mp4,840,14.014000,32,sports ball,0.843952,563.779,130.920,613.224,181.015,588.502,155.967,49.446,50.095
identical_balls_trick_000_018.mp4,840,14.014000,32,sports ball,0.539172,491.281,473.903,540.450,526.368,515.865,500.135,49.169,52.464
identical_balls_trick_000_018.mp4,840,14.014000,32,sports ball,0.333256,614.158,353.632,665.208,403.647,639.683,378.639,51.050,50.015
identical_balls_trick_000_018.mp4,841,14.030683,32,sports ball,0.857702,563.326,105.559,613.718,155.887,588.522,130.723,50.392,50.327
identical_balls_trick_000_018.mp4,841,14.030683,32,sports ball,0.735762,615.976,352.607,665.031,397.895,640.503,375.251,49.055,45.287
identical_balls_trick_000_018.mp4,841,14.030683,32,sports ball,0.410488,491.950,489.674,541.965,536.962,516.957,513.318,50.014,47.287
identical_balls_trick_000_018.mp4,842,14.047367,32,sports ball,0.796957,563.396,82.472,613.988,133.644,588.692,108.058,50.592,51.172
identical_balls_trick_000_018.mp4,842,14.047367,32,sports ball,0.406766,615.986,352.053,664.984,392.335,640.485,372.194,48.998,40.282
identical_balls_trick_000_018.mp4,843,14.064050,32,sports ball,0.854994,617.803,351.954,667.065,390.207,642.434,371.081,49.262,38.254
identical_balls_trick_000_018.mp4,843,14.064050,32,sports ball,0.832160,563.444,60.833,614.516,113.130,588.980,86.981,51.071,52.298
identical_balls_trick_000_018.mp4,843,14.064050,32,sports ball,0.452281,484.576,506.046,531.066,558.435,507.821,532.241,46.489,52.389
identical_balls_trick_000_018.mp4,844,14.080733,32,sports ball,0.822007,563.884,42.025,614.482,94.537,589.183,68.281,50.598,52.511
identical_balls_trick_000_018.mp4,844,14.080733,32,sports ball,0.807220,620.786,351.553,669.454,389.997,645.120,370.775,48.669,38.444
identical_balls_trick_000_018.mp4,844,14.080733,32,sports ball,0.686177,480.000,514.258,526.179,564.218,503.090,539.238,46.179,49.961
identical_balls_trick_000_018.mp4,845,14.097417,32,sports ball,0.872548,621.060,350.640,671.376,389.272,646.218,369.956,50.316,38.632
identical_balls_trick_000_018.mp4,845,14.097417,32,sports ball,0.741414,563.882,24.537,614.758,76.968,589.320,50.753,50.877,52.431
identical_balls_trick_000_018.mp4,845,14.097417,32,sports ball,0.477962,474.285,522.246,520.497,569.262,497.391,545.754,46.212,47.016
identical_balls_trick_000_018.mp4,846,14.114100,32,sports ball,0.799069,622.619,349.298,673.838,388.047,648.229,368.673,51.219,38.749
identical_balls_trick_000_018.mp4,846,14.114100,32,sports ball,0.663719,564.062,9.293,615.002,62.098,589.532,35.696,50.940,52.805
identical_balls_trick_000_018.mp4,846,14.114100,32,sports ball,0.601033,467.823,528.489,514.685,576.243,491.254,552.366,46.863,47.754
identical_balls_trick_000_018.mp4,847,14.130783,32,sports ball,0.842999,623.956,347.334,675.993,385.928,649.974,366.631,52.036,38.594
identical_balls_trick_000_018.mp4,847,14.130783,32,sports ball,0.690076,563.854,0.124,614.873,48.702,589.364,24.413,51.019,48.578
identical_balls_trick_000_018.mp4,847,14.130783,32,sports ball,0.504011,463.252,534.849,509.081,582.299,486.166,558.574,45.829,47.450
identical_balls_trick_000_018.mp4,848,14.147467,32,sports ball,0.870752,626.032,342.729,678.294,383.596,652.163,363.162,52.262,40.868
identical_balls_trick_000_018.mp4,848,14.147467,32,sports ball,0.599110,563.879,0.093,615.090,37.501,589.484,18.797,51.211,37.408
identical_balls_trick_000_018.mp4,848,14.147467,32,sports ball,0.538405,458.457,538.979,505.083,586.424,481.770,562.701,46.626,47.445
identical_balls_trick_000_018.mp4,849,14.164150,32,sports ball,0.853980,564.301,0.390,615.141,27.910,589.721,14.150,50.840,27.520
identical_balls_trick_000_018.mp4,849,14.164150,32,sports ball,0.811318,629.346,342.227,681.172,380.738,655.259,361.483,51.826,38.511
identical_balls_trick_000_018.mp4,849,14.164150,32,sports ball,0.566444,454.260,540.573,500.284,589.578,477.272,565.075,46.025,49.005
identical_balls_trick_000_018.mp4,850,14.180833,32,sports ball,0.823301,565.913,0.447,614.887,21.401,590.400,10.924,48.975,20.954
identical_balls_trick_000_018.mp4,850,14.180833,32,sports ball,0.709353,631.544,337.600,683.262,376.312,657.403,356.956,51.718,38.712
identical_balls_trick_000_018.mp4,850,14.180833,32,sports ball,0.628106,450.062,540.365,496.139,589.046,473.101,564.706,46.078,48.681
identical_balls_trick_000_018.mp4,851,14.197517,32,sports ball,0.822755,633.484,330.921,684.161,372.523,658.822,351.722,50.677,41.602
identical_balls_trick_000_018.mp4,851,14.197517,32,sports ball,0.772438,446.064,537.172,491.767,585.703,468.915,561.437,45.703,48.531
identical_balls_trick_000_018.mp4,851,14.197517,32,sports ball,0.639857,568.245,0.283,612.238,16.616,590.241,8.450,43.992,16.334
identical_balls_trick_000_018.mp4,852,14.214200,32,sports ball,0.478326,634.878,321.781,684.697,368.527,659.788,345.154,49.819,46.746
identical_balls_trick_000_018.mp4,852,14.214200,32,sports ball,0.291353,570.133,0.000,612.199,13.406,591.166,6.703,42.066,13.406
identical_balls_trick_000_018.mp4,852,14.214200,32,sports ball,0.220912,442.075,532.091,487.923,579.572,464.999,555.831,45.848,47.481
identical_balls_trick_000_018.mp4,853,14.230883,32,sports ball,0.287195,570.128,0.000,612.431,13.244,591.280,6.622,42.303,13.244
identical_balls_trick_000_018.mp4,853,14.230883,32,sports ball,0.256205,634.950,315.499,684.889,365.751,659.919,340.625,49.939,50.252
identical_balls_trick_000_018.mp4,853,14.230883,32,sports ball,0.208061,438.405,523.906,484.620,571.507,461.513,547.706,46.215,47.601
identical_balls_trick_000_018.mp4,854,14.247567,32,sports ball,0.392594,635.437,314.638,685.635,364.251,660.536,339.445,50.198,49.612
identical_balls_trick_000_018.mp4,854,14.247567,32,sports ball,0.347676,570.093,0.000,612.710,14.071,591.401,7.036,42.617,14.071
identical_balls_trick_000_018.mp4,854,14.247567,32,sports ball,0.230031,434.762,512.004,482.238,558.989,458.500,535.496,47.476,46.985
identical_balls_trick_000_018.mp4,855,14.264250,32,sports ball,0.845842,431.217,496.342,479.220,544.591,455.219,520.467,48.003,48.250
identical_balls_trick_000_018.mp4,855,14.264250,32,sports ball,0.760277,636.121,315.677,686.392,365.933,661.257,340.805,50.271,50.256
identical_balls_trick_000_018.mp4,855,14.264250,32,sports ball,0.743685,567.955,0.142,616.046,17.540,592.001,8.841,48.091,17.398
identical_balls_trick_000_018.mp4,856,14.280933,32,sports ball,0.917901,566.711,0.224,616.879,23.119,591.795,11.671,50.168,22.894
identical_balls_trick_000_018.mp4,856,14.280933,32,sports ball,0.901036,637.094,319.688,687.503,368.615,662.298,344.151,50.409,48.927
identical_balls_trick_000_018.mp4,856,14.280933,32,sports ball,0.879470,428.793,476.753,476.756,522.557,452.774,499.655,47.963,45.804
identical_balls_trick_000_018.mp4,857,14.297617,32,sports ball,0.870946,565.634,0.234,617.453,31.098,591.544,15.666,51.819,30.864
identical_balls_trick_000_018.mp4,857,14.297617,32,sports ball,0.861715,426.059,450.460,474.795,496.158,450.427,473.309,48.736,45.698
identical_balls_trick_000_018.mp4,857,14.297617,32,sports ball,0.799218,638.243,324.613,688.091,374.396,663.167,349.504,49.848,49.783
identical_balls_trick_000_018.mp4,858,14.314300,32,sports ball,0.807113,566.245,0.109,618.100,41.502,592.172,20.806,51.854,41.393
identical_balls_trick_000_018.mp4,858,14.314300,32,sports ball,0.763335,424.622,420.048,473.252,462.639,448.937,441.343,48.630,42.591
identical_balls_trick_000_018.mp4,858,14.314300,32,sports ball,0.385595,639.777,331.853,688.980,381.616,664.378,356.734,49.203,49.764
identical_balls_trick_000_018.mp4,859,14.330983,32,sports ball,0.906647,566.006,0.515,618.043,54.167,592.025,27.341,52.036,53.652
identical_balls_trick_000_018.mp4,859,14.330983,32,sports ball,0.772657,424.173,386.598,474.058,426.110,449.116,406.354,49.885,39.511
identical_balls_trick_000_018.mp4,859,14.330983,32,sports ball,0.762090,640.624,341.074,689.817,390.721,665.220,365.897,49.194,49.646
identical_balls_trick_000_018.mp4,860,14.347667,32,sports ball,0.848171,566.886,12.706,619.002,69.265,592.944,40.985,52.117,56.559
identical_balls_trick_000_018.mp4,860,14.347667,32,sports ball,0.838396,425.299,355.850,474.259,397.768,449.779,376.809,48.959,41.919
identical_balls_trick_000_018.mp4,860,14.347667,32,sports ball,0.589484,641.405,352.446,690.787,400.414,666.096,376.430,49.381,47.969
identical_balls_trick_000_018.mp4,861,14.364350,32,sports ball,0.866110,567.041,30.310,619.958,85.922,593.499,58.116,52.918,55.612
identical_balls_trick_000_018.mp4,861,14.364350,32,sports ball,0.830223,426.156,327.163,475.871,372.932,451.013,350.047,49.715,45.769
identical_balls_trick_000_018.mp4,861,14.364350,32,sports ball,0.608091,642.478,365.403,691.289,413.663,666.883,389.533,48.812,48.260
identical_balls_trick_000_018.mp4,862,14.381033,32,sports ball,0.869548,568.067,49.460,620.771,105.050,594.419,77.255,52.704,55.590
identical_balls_trick_000_018.mp4,862,14.381033,32,sports ball,0.867316,426.552,301.235,476.268,348.423,451.410,324.829,49.716,47.189
identical_balls_trick_000_018.mp4,862,14.381033,32,sports ball,0.507044,643.567,380.203,692.550,428.510,668.058,404.357,48.984,48.307
identical_balls_trick_000_018.mp4,863,14.397717,32,sports ball,0.889410,568.188,71.723,622.120,127.186,595.154,99.455,53.932,55.463
identical_balls_trick_000_018.mp4,863,14.397717,32,sports ball,0.816142,426.292,275.502,475.362,324.711,450.827,300.107,49.070,49.209
identical_balls_trick_000_018.mp4,863,14.397717,32,sports ball,0.638575,643.392,399.159,691.502,445.315,667.447,422.237,48.109,46.155
identical_balls_trick_000_018.mp4,864,14.414400,32,sports ball,0.866291,569.592,96.032,622.822,150.923,596.207,123.478,53.231,54.892
identical_balls_trick_000_018.mp4,864,14.414400,32,sports ball,0.769987,426.053,253.201,475.237,301.803,450.645,277.502,49.185,48.602
identical_balls_trick_000_018.mp4,864,14.414400,32,sports ball,0.675303,644.222,416.727,691.988,463.721,668.105,440.224,47.766,46.995
identical_balls_trick_000_018.mp4,865,14.431083,32,sports ball,0.748350,426.770,231.987,475.439,281.589,451.105,256.788,48.669,49.601
identical_balls_trick_000_018.mp4,865,14.431083,32,sports ball,0.732584,569.995,121.907,623.263,176.206,596.629,149.056,53.268,54.299
identical_balls_trick_000_018.mp4,865,14.431083,32,sports ball,0.649895,644.769,436.282,692.236,484.418,668.502,460.350,47.467,48.136
identical_balls_trick_000_018.mp4,866,14.447767,32,sports ball,0.846252,571.646,152.123,624.585,205.637,598.115,178.880,52.939,53.514
identical_balls_trick_000_018.mp4,866,14.447767,32,sports ball,0.805982,426.508,213.828,475.228,263.209,450.868,238.518,48.720,49.381
identical_balls_trick_000_018.mp4,866,14.447767,32,sports ball,0.503664,645.003,457.754,692.393,506.271,668.698,482.012,47.390,48.517
identical_balls_trick_000_018.mp4,867,14.464450,32,sports ball,0.775464,572.594,182.490,625.222,236.499,598.908,209.494,52.628,54.009
identical_balls_trick_000_018.mp4,867,14.464450,32,sports ball,0.741254,426.352,196.518,474.820,246.372,450.586,221.445,48.468,49.854
identical_balls_trick_000_018.mp4,867,14.464450,32,sports ball,0.580403,644.970,480.479,693.128,529.894,669.049,505.186,48.159,49.416
identical_balls_trick_000_018.mp4,868,14.481133,32,sports ball,0.826629,426.032,181.796,475.329,231.329,450.680,206.563,49.297,49.533
identical_balls_trick_000_018.mp4,868,14.481133,32,sports ball,0.825159,573.019,214.203,627.511,269.584,600.265,241.894,54.492,55.381
identical_balls_trick_000_018.mp4,868,14.481133,32,sports ball,0.366835,645.593,505.816,692.720,555.336,669.156,530.576,47.127,49.521
identical_balls_trick_000_018.mp4,869,14.497817,32,sports ball,0.871632,426.557,168.602,475.806,218.884,451.181,193.743,49.249,50.282
identical_balls_trick_000_018.mp4,869,14.497817,32,sports ball,0.681721,645.839,532.427,693.027,582.224,669.433,557.326,47.188,49.797
identical_balls_trick_000_018.mp4,869,14.497817,32,sports ball,0.666899,573.855,253.458,627.880,305.713,600.867,279.586,54.025,52.255
identical_balls_trick_000_018.mp4,870,14.514500,32,sports ball,0.850677,426.958,157.319,476.501,207.772,451.729,182.546,49.543,50.453
identical_balls_trick_000_018.mp4,870,14.514500,32,sports ball,0.795150,575.562,291.197,629.712,345.298,602.637,318.248,54.149,54.102
identical_balls_trick_000_018.mp4,870,14.514500,32,sports ball,0.577064,646.267,561.870,693.389,611.137,669.828,586.503,47.122,49.267
identical_balls_trick_000_018.mp4,871,14.531183,32,sports ball,0.884822,427.790,148.167,476.997,199.100,452.394,173.633,49.206,50.934
identical_balls_trick_000_018.mp4,871,14.531183,32,sports ball,0.837946,576.066,330.610,630.817,387.384,603.441,358.997,54.751,56.773
identical_balls_trick_000_018.mp4,871,14.531183,32,sports ball,0.622093,645.945,590.744,691.847,633.197,668.896,611.970,45.902,42.453
identical_balls_trick_000_018.mp4,872,14.547867,32,sports ball,0.762894,427.718,141.346,477.718,192.049,452.718,166.697,50.000,50.703
identical_balls_trick_000_018.mp4,872,14.547867,32,sports ball,0.728607,576.919,370.573,632.162,428.041,604.541,399.307,55.244,57.468
identical_balls_trick_000_018.mp4,872,14.547867,32,sports ball,0.328827,639.795,601.292,688.522,649.298,664.159,625.295,48.727,48.006
identical_balls_trick_000_018.mp4,873,14.564550,32,sports ball,0.804458,428.404,135.453,478.860,187.045,453.632,161.249,50.455,51.591
identical_balls_trick_000_018.mp4,873,14.564550,32,sports ball,0.678701,581.349,413.605,633.321,470.076,607.335,441.841,51.971,56.471
identical_balls_trick_000_018.mp4,873,14.564550,32,sports ball,0.524144,639.056,612.191,680.960,659.318,660.008,635.754,41.904,47.127
identical_balls_trick_000_018.mp4,874,14.581233,32,sports ball,0.847376,428.177,132.284,479.257,183.474,453.717,157.879,51.080,51.191
identical_balls_trick_000_018.mp4,874,14.581233,32,sports ball,0.669600,588.595,441.962,641.907,498.361,615.251,470.162,53.312,56.399
identical_balls_trick_000_018.mp4,874,14.581233,32,sports ball,0.570611,637.585,622.875,677.040,670.087,657.313,646.481,39.455,47.212
identical_balls_trick_000_018.mp4,875,14.597917,32,sports ball,0.885128,429.364,131.094,480.249,182.846,454.806,156.970,50.885,51.753
identical_balls_trick_000_018.mp4,875,14.597917,32,sports ball,0.630573,597.831,468.572,649.246,526.810,623.538,497.691,51.415,58.238
identical_balls_trick_000_018.mp4,875,14.597917,32,sports ball,0.236008,636.057,632.657,677.190,679.800,656.623,656.228,41.133,47.143
identical_balls_trick_000_018.mp4,876,14.614600,32,sports ball,0.865212,429.919,131.957,481.443,183.498,455.681,157.728,51.524,51.541
identical_balls_trick_000_018.mp4,876,14.614600,32,sports ball,0.664744,606.773,494.823,657.399,550.998,632.086,522.910,50.626,56.175
identical_balls_trick_000_018.mp4,876,14.614600,32,sports ball,0.644741,635.583,643.783,677.660,689.950,656.621,666.867,42.077,46.168
identical_balls_trick_000_018.mp4,877,14.631283,32,sports ball,0.824454,431.509,134.794,482.342,186.478,456.925,160.636,50.834,51.684
identical_balls_trick_000_018.mp4,877,14.631283,32,sports ball,0.716474,615.104,517.955,665.353,575.181,640.229,546.568,50.249,57.225
identical_balls_trick_000_018.mp4,877,14.631283,32,sports ball,0.421286,630.880,655.495,674.847,699.993,652.864,677.744,43.967,44.499
identical_balls_trick_000_018.mp4,878,14.647967,32,sports ball,0.845143,623.521,540.543,674.311,595.388,648.916,567.965,50.790,54.845
identical_balls_trick_000_018.mp4,878,14.647967,32,sports ball,0.756563,432.734,139.843,483.311,191.566,458.022,165.705,50.577,51.722
identical_balls_trick_000_018.mp4,878,14.647967,32,sports ball,0.443887,624.939,662.883,668.430,706.430,646.684,684.656,43.490,43.547
identical_balls_trick_000_018.mp4,879,14.664650,32,sports ball,0.908558,631.553,557.166,681.598,610.931,656.576,584.048,50.045,53.764
identical_balls_trick_000_018.mp4,879,14.664650,32,sports ball,0.886494,433.889,146.988,484.405,198.568,459.147,172.778,50.516,51.580
identical_balls_trick_000_018.mp4,879,14.664650,32,sports ball,0.486282,615.854,666.110,660.448,710.323,638.151,688.217,44.594,44.213
identical_balls_trick_000_018.mp4,880,14.681333,32,sports ball,0.850547,640.106,566.645,689.907,620.868,665.007,593.756,49.801,54.223
identical_balls_trick_000_018.mp4,880,14.681333,32,sports ball,0.729273,435.382,156.228,486.127,207.497,460.754,181.863,50.745,51.269
identical_balls_trick_000_018.mp4,880,14.681333,32,sports ball,0.512689,607.690,662.315,652.085,706.024,629.888,684.169,44.395,43.710
identical_balls_trick_000_018.mp4,881,14.698017,32,sports ball,0.854219,436.665,166.781,487.961,218.980,462.313,192.881,51.295,52.199
identical_balls_trick_000_018.mp4,881,14.698017,32,sports ball,0.710638,648.238,569.017,696.669,622.168,672.453,595.593,48.431,53.151
identical_balls_trick_000_018.mp4,881,14.698017,32,sports ball,0.613491,599.565,653.171,645.835,695.887,622.700,674.529,46.271,42.717
identical_balls_trick_000_018.mp4,882,14.714700,32,sports ball,0.829383,438.101,180.426,488.764,231.609,463.433,206.017,50.662,51.183
identical_balls_trick_000_018.mp4,882,14.714700,32,sports ball,0.784390,651.656,563.078,701.579,616.770,676.618,589.924,49.923,53.692
identical_balls_trick_000_018.mp4,882,14.714700,32,sports ball,0.353136,595.062,638.307,640.744,680.086,617.903,659.197,45.682,41.779
identical_balls_trick_000_018.mp4,883,14.731383,32,sports ball,0.879894,653.723,549.570,704.099,602.400,678.911,575.985,50.376,52.831
identical_balls_trick_000_018.mp4,883,14.731383,32,sports ball,0.864598,439.458,196.289,491.015,247.335,465.236,221.812,51.558,51.046
identical_balls_trick_000_018.mp4,883,14.731383,32,sports ball,0.720099,589.788,618.375,636.415,657.579,613.101,637.977,46.628,39.205
identical_balls_trick_000_018.mp4,884,14.748067,32,sports ball,0.859548,441.545,213.980,491.945,264.985,466.745,239.483,50.400,51.005
identical_balls_trick_000_018.mp4,884,14.748067,32,sports ball,0.833035,655.411,529.813,704.789,582.352,680.100,556.082,49.379,52.539
identical_balls_trick_000_018.mp4,884,14.748067,32,sports ball,0.699113,584.586,591.877,630.872,630.784,607.729,611.330,46.286,38.907
identical_balls_trick_000_018.mp4,885,14.764750,32,sports ball,0.866520,442.955,233.692,493.636,284.191,468.296,258.941,50.681,50.499
identical_balls_trick_000_018.mp4,885,14.764750,32,sports ball,0.761174,652.655,504.866,704.518,558.227,678.586,531.546,51.864,53.361
identical_balls_trick_000_018.mp4,885,14.764750,32,sports ball,0.608360,577.582,559.840,624.686,594.844,601.134,577.342,47.104,35.004
identical_balls_trick_000_018.mp4,886,14.781433,32,sports ball,0.884030,444.528,255.868,494.999,306.080,469.763,280.974,50.471,50.212
identical_balls_trick_000_018.mp4,886,14.781433,32,sports ball,0.808477,649.346,480.145,701.245,530.930,675.295,505.538,51.899,50.784
identical_balls_trick_000_018.mp4,886,14.781433,32,sports ball,0.765577,572.379,519.975,620.162,556.401,596.271,538.188,47.783,36.426
identical_balls_trick_000_018.mp4,887,14.798117,32,sports ball,0.888800,447.076,279.646,495.767,329.766,471.422,304.706,48.692,50.120
identical_balls_trick_000_018.mp4,887,14.798117,32,sports ball,0.804278,568.896,480.801,617.651,526.201,593.273,503.501,48.755,45.400
identical_balls_trick_000_018.mp4,887,14.798117,32,sports ball,0.632656,643.320,455.837,695.647,506.883,669.483,481.360,52.327,51.046
identical_balls_trick_000_018.mp4,888,14.814800,32,sports ball,0.876691,448.289,304.944,498.185,355.275,473.237,330.110,49.896,50.331
identical_balls_trick_000_018.mp4,888,14.814800,32,sports ball,0.822834,567.408,441.318,615.625,490.659,591.517,465.988,48.217,49.341
identical_balls_trick_000_018.mp4,888,14.814800,32,sports ball,0.604117,638.502,434.939,690.621,485.941,664.561,460.440,52.119,51.002
identical_balls_trick_000_018.mp4,889,14.831483,32,sports ball,0.886599,449.253,333.872,499.306,383.759,474.280,358.815,50.053,49.887
identical_balls_trick_000_018.mp4,889,14.831483,32,sports ball,0.857398,564.044,404.917,611.842,453.313,587.943,429.115,47.797,48.397
identical_balls_trick_000_018.mp4,889,14.831483,32,sports ball,0.618680,634.242,415.943,685.295,466.731,659.768,441.337,51.053,50.789
identical_balls_trick_000_018.mp4,890,14.848167,32,sports ball,0.884306,450.545,363.151,500.199,413.330,475.372,388.241,49.654,50.179
identical_balls_trick_000_018.mp4,890,14.848167,32,sports ball,0.822776,561.583,369.736,609.508,420.918,585.546,395.327,47.925,51.182
identical_balls_trick_000_018.mp4,890,14.848167,32,sports ball,0.783400,629.641,398.275,680.504,448.533,655.072,423.404,50.862,50.258
identical_balls_trick_000_018.mp4,891,14.864850,32,sports ball,0.868685,557.774,336.642,606.276,387.640,582.025,362.141,48.502,50.997
identical_balls_trick_000_018.mp4,891,14.864850,32,sports ball,0.849027,452.395,395.251,501.806,445.673,477.100,420.462,49.411,50.421
identical_balls_trick_000_018.mp4,891,14.864850,32,sports ball,0.688350,625.232,382.841,675.705,432.670,650.468,407.756,50.473,49.829
identical_balls_trick_000_018.mp4,892,14.881533,32,sports ball,0.862890,454.436,429.834,503.893,479.791,479.165,454.812,49.457,49.958
identical_balls_trick_000_018.mp4,892,14.881533,32,sports ball,0.793880,552.893,304.929,602.413,355.896,577.653,330.413,49.520,50.967
identical_balls_trick_000_018.mp4,892,14.881533,32,sports ball,0.764917,620.903,368.927,671.632,420.007,646.268,394.467,50.729,51.080
identical_balls_trick_000_018.mp4,893,14.898217,32,sports ball,0.461119,548.778,274.485,598.621,326.743,573.699,300.614,49.843,52.258
identical_balls_trick_000_018.mp4,893,14.898217,32,sports ball,0.379340,456.121,463.934,505.567,515.442,480.844,489.688,49.447,51.508
identical_balls_trick_000_018.mp4,893,14.898217,32,sports ball,0.205967,616.995,357.172,667.341,407.999,642.168,382.585,50.345,50.826
identical_balls_trick_000_018.mp4,894,14.914900,32,sports ball,0.702121,545.117,247.798,593.942,297.028,569.530,272.413,48.826,49.230
identical_balls_trick_000_018.mp4,894,14.914900,32,sports ball,0.679436,457.772,503.191,507.200,553.677,482.486,528.434,49.428,50.486
identical_balls_trick_000_018.mp4,894,14.914900,32,sports ball,0.457897,613.189,347.959,663.154,398.013,638.171,372.986,49.965,50.054
identical_balls_trick_000_018.mp4,895,14.931583,32,sports ball,0.667557,539.983,221.341,589.386,269.817,564.685,245.579,49.403,48.477
identical_balls_trick_000_018.mp4,895,14.931583,32,sports ball,0.409737,459.797,541.403,508.897,593.476,484.347,567.440,49.100,52.073
identical_balls_trick_000_018.mp4,895,14.931583,32,sports ball,0.270551,609.659,340.605,658.975,389.691,634.317,365.148,49.315,49.087
identical_balls_trick_000_018.mp4,896,14.948267,32,sports ball,0.515029,536.072,195.064,584.942,244.885,560.507,219.975,48.870,49.821
identical_balls_trick_000_018.mp4,896,14.948267,32,sports ball,0.263301,457.961,581.355,507.012,631.734,482.487,606.545,49.051,50.379
identical_balls_trick_000_018.mp4,897,14.964950,32,sports ball,0.749983,530.845,171.190,580.633,221.190,555.739,196.190,49.787,50.000
identical_balls_trick_000_018.mp4,897,14.964950,32,sports ball,0.446046,445.445,592.745,493.955,642.804,469.700,617.775,48.511,50.059
identical_balls_trick_000_018.mp4,897,14.964950,32,sports ball,0.329402,621.324,334.803,665.458,372.042,643.391,353.422,44.134,37.238
identical_balls_trick_000_018.mp4,898,14.981633,32,sports ball,0.825567,525.723,148.894,575.262,199.162,550.493,174.028,49.539,50.268
identical_balls_trick_000_018.mp4,898,14.981633,32,sports ball,0.694039,622.949,334.053,669.660,370.749,646.305,352.401,46.712,36.696
identical_balls_trick_000_018.mp4,898,14.981633,32,sports ball,0.436544,438.300,599.993,484.262,649.208,461.281,624.600,45.962,49.215
identical_balls_trick_000_018.mp4,899,14.998317,32,sports ball,0.841304,520.647,128.639,570.368,178.821,545.507,153.730,49.721,50.182
identical_balls_trick_000_018.mp4,899,14.998317,32,sports ball,0.296064,425.293,606.203,473.377,655.332,449.335,630.767,48.084,49.129
identical_balls_trick_000_018.mp4,899,14.998317,32,sports ball,0.283350,622.531,332.175,670.313,368.823,646.422,350.499,47.782,36.648
identical_balls_trick_000_018.mp4,899,14.998317,32,sports ball,0.234017,624.158,343.111,670.031,368.666,647.094,355.889,45.873,25.555
identical_balls_trick_000_018.mp4,900,15.015000,32,sports ball,0.868121,515.108,109.497,564.882,160.454,539.995,134.976,49.774,50.957
identical_balls_trick_000_018.mp4,900,15.015000,32,sports ball,0.765988,415.690,611.032,463.892,661.041,439.791,636.037,48.202,50.009
identical_balls_trick_000_018.mp4,900,15.015000,32,sports ball,0.210156,620.786,336.445,668.237,377.606,644.512,357.025,47.450,41.161
identical_balls_trick_000_018.mp4,901,15.031683,32,sports ball,0.795938,510.605,92.717,559.188,144.029,534.896,118.373,48.583,51.312
identical_balls_trick_000_018.mp4,901,15.031683,32,sports ball,0.630623,408.000,613.662,455.650,663.945,431.825,638.804,47.650,50.284
identical_balls_trick_000_018.mp4,901,15.031683,32,sports ball,0.195647,614.910,326.431,662.694,360.020,638.802,343.226,47.784,33.589
identical_balls_trick_000_018.mp4,901,15.031683,32,sports ball,0.152912,615.060,327.393,665.537,373.610,640.299,350.501,50.477,46.217
identical_balls_trick_000_018.mp4,902,15.048367,32,sports ball,0.854736,505.299,77.498,555.131,128.856,530.215,103.177,49.832,51.358
identical_balls_trick_000_018.mp4,902,15.048367,32,sports ball,0.396396,402.273,613.500,448.598,664.142,425.436,638.821,46.326,50.642
identical_balls_trick_000_018.mp4,903,15.065050,32,sports ball,0.816890,500.104,64.899,549.268,116.608,524.686,90.754,49.164,51.710
identical_balls_trick_000_018.mp4,903,15.065050,32,sports ball,0.527177,395.917,612.197,442.309,662.438,419.113,637.318,46.392,50.240
identical_balls_trick_000_018.mp4,903,15.065050,32,sports ball,0.260092,599.845,314.384,648.727,356.740,624.286,335.562,48.882,42.355
identical_balls_trick_000_018.mp4,904,15.081733,32,sports ball,0.868884,494.978,53.351,544.516,105.374,519.747,79.362,49.537,52.022
identical_balls_trick_000_018.mp4,904,15.081733,32,sports ball,0.712773,593.232,311.963,642.583,363.595,617.908,337.779,49.351,51.632
identical_balls_trick_000_018.mp4,904,15.081733,32,sports ball,0.710437,390.902,610.245,436.038,658.915,413.470,634.580,45.136,48.670
identical_balls_trick_000_018.mp4,905,15.098417,32,sports ball,0.876667,489.726,44.138,540.076,96.410,514.901,70.274,50.350,52.273
identical_balls_trick_000_018.mp4,905,15.098417,32,sports ball,0.643311,384.342,606.934,428.603,654.417,406.472,630.676,44.261,47.483
identical_balls_trick_000_018.mp4,905,15.098417,32,sports ball,0.623539,588.309,308.773,639.423,358.808,613.866,333.791,51.114,50.034
identical_balls_trick_000_018.mp4,906,15.115100,32,sports ball,0.813288,484.477,36.117,535.604,89.649,510.040,62.883,51.128,53.532
identical_balls_trick_000_018.mp4,906,15.115100,32,sports ball,0.535227,587.200,303.971,638.383,353.248,612.792,328.610,51.183,49.278
identical_balls_trick_000_018.mp4,906,15.115100,32,sports ball,0.525530,376.116,600.373,420.737,648.733,398.427,624.553,44.621,48.360
identical_balls_trick_000_018.mp4,907,15.131783,32,sports ball,0.834537,480.310,31.584,530.026,84.961,505.168,58.272,49.716,53.376
identical_balls_trick_000_018.mp4,907,15.131783,32,sports ball,0.559055,586.271,297.712,638.370,347.835,612.320,322.774,52.098,50.123
identical_balls_trick_000_018.mp4,907,15.131783,32,sports ball,0.430630,367.793,593.551,412.318,641.685,390.055,617.618,44.524,48.134
identical_balls_trick_000_018.mp4,908,15.148467,32,sports ball,0.800133,474.629,28.607,525.906,82.005,500.267,55.306,51.276,53.398
identical_balls_trick_000_018.mp4,908,15.148467,32,sports ball,0.774593,584.411,294.751,636.604,341.845,610.507,318.298,52.192,47.094
identical_balls_trick_000_018.mp4,908,15.148467,32,sports ball,0.536388,359.679,584.568,402.658,632.512,381.168,608.540,42.979,47.944
identical_balls_trick_000_018.mp4,909,15.165150,32,sports ball,0.826896,469.579,27.432,521.125,81.638,495.352,54.535,51.546,54.206
identical_balls_trick_000_018.mp4,909,15.165150,32,sports ball,0.649251,581.558,290.123,634.023,337.563,607.790,313.843,52.465,47.440
identical_balls_trick_000_018.mp4,909,15.165150,32,sports ball,0.575542,349.952,572.613,393.993,619.002,371.973,595.808,44.042,46.389
identical_balls_trick_000_018.mp4,910,15.181833,32,sports ball,0.800903,465.439,28.805,516.776,82.950,491.107,55.878,51.338,54.145
identical_balls_trick_000_018.mp4,910,15.181833,32,sports ball,0.691791,341.662,557.923,386.331,603.297,363.997,580.610,44.669,45.374
identical_balls_trick_000_018.mp4,910,15.181833,32,sports ball,0.594306,582.152,289.196,631.648,337.900,606.900,313.548,49.496,48.703
identical_balls_trick_000_018.mp4,911,15.198517,32,sports ball,0.874614,460.318,33.327,511.969,87.342,486.144,60.335,51.651,54.015
identical_balls_trick_000_018.mp4,911,15.198517,32,sports ball,0.670995,333.538,537.951,380.885,584.829,357.211,561.390,47.347,46.878
identical_balls_trick_000_018.mp4,911,15.198517,32,sports ball,0.661438,579.331,288.838,628.771,337.976,604.051,313.407,49.440,49.138
identical_balls_trick_000_018.mp4,912,15.215200,32,sports ball,0.829662,456.495,38.247,508.258,92.877,482.376,65.562,51.763,54.630
identical_balls_trick_000_018.mp4,912,15.215200,32,sports ball,0.702583,327.525,515.458,375.594,560.837,351.559,538.148,48.069,45.379
identical_balls_trick_000_018.mp4,912,15.215200,32,sports ball,0.610843,576.281,291.373,625.584,339.770,600.932,315.571,49.304,48.397
identical_balls_trick_000_018.mp4,913,15.231883,32,sports ball,0.889506,451.896,46.753,504.363,101.037,478.130,73.895,52.468,54.284
identical_balls_trick_000_018.mp4,913,15.231883,32,sports ball,0.876263,324.702,487.532,372.581,532.015,348.642,509.773,47.879,44.482
identical_balls_trick_000_018.mp4,913,15.231883,32,sports ball,0.780202,572.575,294.937,621.973,343.801,597.274,319.369,49.398,48.864
identical_balls_trick_000_018.mp4,914,15.248567,32,sports ball,0.850124,448.622,56.973,499.447,111.310,474.034,84.142,50.824,54.338
identical_balls_trick_000_018.mp4,914,15.248567,32,sports ball,0.765443,569.617,300.332,617.668,347.829,593.643,324.080,48.051,47.497
identical_balls_trick_000_018.mp4,914,15.248567,32,sports ball,0.720700,323.221,456.807,370.767,498.812,346.994,477.809,47.546,42.004
identical_balls_trick_000_018.mp4,915,15.265250,32,sports ball,0.863874,443.765,69.252,495.451,124.758,469.608,97.005,51.686,55.506
identical_balls_trick_000_018.mp4,915,15.265250,32,sports ball,0.849964,324.151,421.814,372.315,463.022,348.233,442.418,48.164,41.207
identical_balls_trick_000_018.mp4,915,15.265250,32,sports ball,0.684901,566.016,306.718,614.403,354.958,590.209,330.838,48.386,48.241
identical_balls_trick_000_018.mp4,916,15.281933,32,sports ball,0.870596,440.073,85.986,491.943,139.324,466.008,112.655,51.871,53.338
identical_balls_trick_000_018.mp4,916,15.281933,32,sports ball,0.801691,327.608,387.912,374.531,427.031,351.070,407.472,46.923,39.119
identical_balls_trick_000_018.mp4,916,15.281933,32,sports ball,0.540325,562.201,314.275,610.620,363.210,586.410,338.743,48.418,48.935
identical_balls_trick_000_018.mp4,917,15.298617,32,sports ball,0.822137,435.956,102.609,488.507,156.485,462.232,129.547,52.551,53.876
identical_balls_trick_000_018.mp4,917,15.298617,32,sports ball,0.559144,328.224,355.395,376.231,395.060,352.228,375.227,48.006,39.665
identical_balls_trick_000_018.mp4,917,15.298617,32,sports ball,0.406709,557.902,324.672,606.425,371.872,582.163,348.272,48.523,47.200
identical_balls_trick_000_018.mp4,918,15.315300,32,sports ball,0.868084,432.112,123.037,483.839,176.370,457.976,149.703,51.726,53.332
identical_balls_trick_000_018.mp4,918,15.315300,32,sports ball,0.857318,330.089,323.529,379.553,368.313,354.821,345.921,49.464,44.784
identical_balls_trick_000_018.mp4,918,15.315300,32,sports ball,0.331422,554.746,335.822,602.533,383.846,578.639,359.834,47.786,48.024
identical_balls_trick_000_018.mp4,919,15.331983,32,sports ball,0.850105,429.172,144.862,479.970,198.590,454.571,171.726,50.798,53.728
identical_balls_trick_000_018.mp4,919,15.331983,32,sports ball,0.754626,333.942,294.495,381.206,338.642,357.574,316.568,47.264,44.146
identical_balls_trick_000_018.mp4,919,15.331983,32,sports ball,0.163560,551.128,349.491,599.224,397.478,575.176,373.485,48.096,47.987
identical_balls_trick_000_018.mp4,920,15.348667,32,sports ball,0.869709,425.743,169.972,477.095,223.230,451.419,196.601,51.352,53.259
identical_balls_trick_000_018.mp4,920,15.348667,32,sports ball,0.815847,335.056,266.892,383.417,312.636,359.237,289.764,48.361,45.744
identical_balls_trick_000_018.mp4,920,15.348667,32,sports ball,0.534011,548.079,364.710,595.386,411.107,571.732,387.909,47.307,46.396
identical_balls_trick_000_018.mp4,921,15.365350,32,sports ball,0.838880,337.534,241.097,386.198,287.600,361.866,264.348,48.665,46.504
identical_balls_trick_000_018.mp4,921,15.365350,32,sports ball,0.772917,420.969,195.837,472.767,249.600,446.868,222.719,51.798,53.763
identical_balls_trick_000_018.mp4,921,15.365350,32,sports ball,0.532426,545.237,381.838,591.596,427.804,568.416,404.821,46.359,45.965
identical_balls_trick_000_018.mp4,922,15.382033,32,sports ball,0.935215,416.711,225.260,468.924,278.374,442.817,251.817,52.213,53.114
identical_balls_trick_000_018.mp4,922,15.382033,32,sports ball,0.907488,340.950,217.073,388.942,263.373,364.946,240.223,47.993,46.301
identical_balls_trick_000_018.mp4,922,15.382033,32,sports ball,0.771269,543.380,400.180,588.595,446.552,565.988,423.366,45.214,46.372
identical_balls_trick_000_018.mp4,923,15.398717,32,sports ball,0.852239,343.841,194.261,392.375,241.984,368.108,218.123,48.534,47.723
identical_balls_trick_000_018.mp4,923,15.398717,32,sports ball,0.814870,412.903,257.352,464.450,309.561,438.677,283.456,51.547,52.209
identical_balls_trick_000_018.mp4,923,15.398717,32,sports ball,0.624726,540.505,421.341,585.498,467.656,563.001,444.499,44.993,46.316
identical_balls_trick_000_018.mp4,924,15.415400,32,sports ball,0.777775,409.845,290.763,462.228,343.370,436.036,317.066,52.383,52.607
identical_balls_trick_000_018.mp4,924,15.415400,32,sports ball,0.752033,347.195,175.104,395.383,221.945,371.289,198.525,48.188,46.842
identical_balls_trick_000_018.mp4,924,15.415400,32,sports ball,0.553369,538.194,443.191,583.521,488.947,560.858,466.069,45.327,45.756
identical_balls_trick_000_018.mp4,925,15.432083,32,sports ball,0.804699,350.930,155.478,397.763,203.510,374.346,179.494,46.833,48.032
identical_balls_trick_000_018.mp4,925,15.432083,32,sports ball,0.756707,406.579,324.755,458.119,377.194,432.349,350.975,51.540,52.439
identical_balls_trick_000_018.mp4,925,15.432083,32,sports ball,0.490145,535.958,464.588,580.850,512.458,558.404,488.523,44.892,47.870
identical_balls_trick_000_018.mp4,926,15.448767,32,sports ball,0.781887,352.775,138.887,401.861,187.649,377.318,163.268,49.086,48.762
identical_balls_trick_000_018.mp4,926,15.448767,32,sports ball,0.563102,401.103,355.402,452.014,407.527,426.558,381.464,50.911,52.125
identical_balls_trick_000_018.mp4,926,15.448767,32,sports ball,0.458739,532.824,490.203,578.748,537.569,555.786,513.886,45.924,47.367
identical_balls_trick_000_018.mp4,927,15.465450,32,sports ball,0.883224,356.286,124.393,405.644,172.534,380.965,148.464,49.358,48.141
identical_balls_trick_000_018.mp4,927,15.465450,32,sports ball,0.863660,405.742,375.759,452.473,426.776,429.107,401.267,46.731,51.017
identical_balls_trick_000_018.mp4,927,15.465450,32,sports ball,0.779269,533.088,516.659,575.735,561.460,554.412,539.059,42.647,44.802
identical_balls_trick_000_018.mp4,928,15.482133,32,sports ball,0.917523,360.678,111.480,409.288,160.288,384.983,135.884,48.610,48.809
identical_balls_trick_000_018.mp4,928,15.482133,32,sports ball,0.821554,414.736,390.469,461.122,441.472,437.929,415.970,46.387,51.003
identical_balls_trick_000_018.mp4,928,15.482133,32,sports ball,0.641137,535.570,527.149,579.436,571.014,557.503,549.082,43.866,43.864
identical_balls_trick_000_018.mp4,929,15.498817,32,sports ball,0.845344,364.086,100.015,412.469,148.302,388.277,124.158,48.382,48.287
identical_balls_trick_000_018.mp4,929,15.498817,32,sports ball,0.790706,539.608,532.711,577.968,576.888,558.788,554.800,38.359,44.177
identical_balls_trick_000_018.mp4,929,15.498817,32,sports ball,0.706239,426.236,404.637,474.359,455.925,450.298,430.281,48.123,51.287
identical_balls_trick_000_018.mp4,930,15.515500,32,sports ball,0.892237,368.908,91.319,417.161,140.051,393.034,115.685,48.254,48.732
identical_balls_trick_000_018.mp4,930,15.515500,32,sports ball,0.803758,443.369,416.766,491.370,469.670,467.370,443.218,48.002,52.904
identical_balls_trick_000_018.mp4,930,15.515500,32,sports ball,0.760978,535.831,537.031,578.292,579.172,557.062,558.101,42.460,42.141
identical_balls_trick_000_018.mp4,931,15.532183,32,sports ball,0.870021,464.123,431.285,510.545,484.381,487.334,457.833,46.422,53.096
identical_balls_trick_000_018.mp4,931,15.532183,32,sports ball,0.853204,372.636,84.106,421.845,132.929,397.241,108.517,49.208,48.822
identical_balls_trick_000_018.mp4,931,15.532183,32,sports ball,0.768447,530.111,540.041,574.014,580.770,552.063,560.405,43.902,40.729
identical_balls_trick_000_018.mp4,932,15.548867,32,sports ball,0.895089,377.029,79.828,425.282,128.368,401.156,104.098,48.253,48.541
identical_balls_trick_000_018.mp4,932,15.548867,32,sports ball,0.853741,489.037,443.471,533.684,497.131,511.361,470.301,44.647,53.660
identical_balls_trick_000_018.mp4,932,15.548867,32,sports ball,0.714780,524.166,543.484,568.031,585.177,546.098,564.331,43.866,41.694
identical_balls_trick_000_018.mp4,933,15.565550,32,sports ball,0.909184,380.906,77.043,429.923,125.505,405.415,101.274,49.016,48.462
identical_balls_trick_000_018.mp4,933,15.565550,32,sports ball,0.880011,514.797,456.268,557.540,508.263,536.168,482.266,42.743,51.994
identical_balls_trick_000_018.mp4,933,15.565550,32,sports ball,0.731152,519.598,547.224,563.908,590.112,541.753,568.668,44.310,42.887
identical_balls_trick_000_018.mp4,934,15.582233,32,sports ball,0.916468,385.530,76.103,434.251,125.151,409.891,100.627,48.721,49.048
identical_balls_trick_000_018.mp4,934,15.582233,32,sports ball,0.893665,540.316,469.248,583.477,520.389,561.897,494.819,43.161,51.141
identical_balls_trick_000_018.mp4,934,15.582233,32,sports ball,0.864588,516.541,552.908,560.586,595.461,538.563,574.184,44.045,42.553
identical_balls_trick_000_018.mp4,934,15.582233,32,sports ball,0.220487,38.765,660.316,76.847,697.612,57.806,678.964,38.082,37.296
identical_balls_trick_000_018.mp4,935,15.598917,32,sports ball,0.902336,390.110,77.261,438.499,125.899,414.304,101.580,48.389,48.638
identical_balls_trick_000_018.mp4,935,15.598917,32,sports ball,0.769577,518.491,560.048,561.146,603.027,539.818,581.538,42.655,42.978
identical_balls_trick_000_018.mp4,935,15.598917,32,sports ball,0.749270,562.775,481.458,606.777,536.840,584.776,509.149,44.002,55.381
identical_balls_trick_000_018.mp4,935,15.598917,32,sports ball,0.216039,38.757,660.318,76.855,697.629,57.806,678.973,38.098,37.311
identical_balls_trick_000_018.mp4,936,15.615600,32,sports ball,0.893481,394.920,79.699,443.374,129.421,419.147,104.560,48.453,49.722
identical_balls_trick_000_018.mp4,936,15.615600,32,sports ball,0.845759,584.937,494.133,630.016,547.164,607.477,520.649,45.079,53.031
identical_balls_trick_000_018.mp4,936,15.615600,32,sports ball,0.768959,520.578,567.705,564.266,611.209,542.422,589.457,43.688,43.504
identical_balls_trick_000_018.mp4,936,15.615600,32,sports ball,0.193973,38.756,660.307,76.862,697.590,57.809,678.948,38.106,37.282
identical_balls_trick_000_018.mp4,937,15.632283,32,sports ball,0.861340,399.602,85.084,447.588,134.674,423.595,109.879,47.986,49.590
identical_balls_trick_000_018.mp4,937,15.632283,32,sports ball,0.800286,525.490,576.387,569.444,621.252,547.467,598.820,43.954,44.866
identical_balls_trick_000_018.mp4,937,15.632283,32,sports ball,0.577171,606.043,507.750,652.587,569.164,629.315,538.457,46.544,61.413
identical_balls_trick_000_018.mp4,938,15.648967,32,sports ball,0.755038,404.370,92.312,452.354,141.637,428.362,116.975,47.983,49.325
identical_balls_trick_000_018.mp4,938,15.648967,32,sports ball,0.592126,626.654,521.914,674.479,575.625,650.566,548.769,47.825,53.711
identical_balls_trick_000_018.mp4,938,15.648967,32,sports ball,0.531500,530.904,580.504,574.856,624.175,552.880,602.339,43.953,43.671
identical_balls_trick_000_018.mp4,939,15.665650,32,sports ball,0.738976,409.204,101.242,457.415,151.231,433.309,126.236,48.211,49.989
identical_balls_trick_000_018.mp4,939,15.665650,32,sports ball,0.463874,536.091,581.267,578.689,624.307,557.390,602.787,42.597,43.040
identical_balls_trick_000_018.mp4,939,15.665650,32,sports ball,0.279213,647.056,536.628,695.651,595.724,671.353,566.176,48.594,59.096
identical_balls_trick_000_018.mp4,940,15.682333,32,sports ball,0.761235,540.629,582.883,582.761,623.663,561.695,603.273,42.132,40.780
identical_balls_trick_000_018.mp4,940,15.682333,32,sports ball,0.717632,413.288,112.734,461.900,161.882,437.594,137.308,48.612,49.148
identical_balls_trick_000_018.mp4,940,15.682333,32,sports ball,0.315744,666.956,552.028,713.151,601.632,690.054,576.830,46.195,49.604
identical_balls_trick_000_018.mp4,940,15.682333,32,sports ball,0.184984,667.183,551.984,712.945,592.194,690.064,572.089,45.762,40.209
identical_balls_trick_000_018.mp4,941,15.699017,32,sports ball,0.819882,419.116,126.421,466.223,174.991,442.670,150.706,47.107,48.570
identical_balls_trick_000_018.mp4,941,15.699017,32,sports ball,0.611367,543.325,581.635,586.225,623.282,564.775,602.459,42.900,41.646
identical_balls_trick_000_018.mp4,941,15.699017,32,sports ball,0.470098,680.343,566.814,728.153,605.129,704.248,585.971,47.810,38.314
identical_balls_trick_000_018.mp4,942,15.715700,32,sports ball,0.701106,544.280,581.161,585.633,623.483,564.956,602.322,41.353,42.321
identical_balls_trick_000_018.mp4,942,15.715700,32,sports ball,0.698076,425.321,142.281,471.396,190.207,448.359,166.244,46.075,47.926
identical_balls_trick_000_018.mp4,942,15.715700,32,sports ball,0.498608,690.986,580.742,737.591,621.051,714.288,600.896,46.605,40.309
identical_balls_trick_000_018.mp4,943,15.732383,32,sports ball,0.795956,429.685,158.937,475.535,207.375,452.610,183.156,45.851,48.437
identical_balls_trick_000_018.mp4,943,15.732383,32,sports ball,0.701763,544.353,580.600,587.241,620.106,565.797,600.353,42.888,39.506
identical_balls_trick_000_018.mp4,943,15.732383,32,sports ball,0.607373,697.543,596.697,744.756,639.203,721.149,617.950,47.213,42.507
identical_balls_trick_000_018.mp4,944,15.749067,32,sports ball,0.802895,545.589,575.055,589.246,613.362,567.418,594.209,43.657,38.307
identical_balls_trick_000_018.mp4,944,15.749067,32,sports ball,0.766416,433.053,178.706,480.060,227.045,456.556,202.875,47.007,48.338
identical_balls_trick_000_018.mp4,944,15.749067,32,sports ball,0.291746,701.682,610.822,747.718,654.238,724.700,632.530,46.036,43.417
identical_balls_trick_000_018.mp4,945,15.765750,32,sports ball,0.785195,437.312,199.691,485.146,247.596,461.229,223.643,47.834,47.905
identical_balls_trick_000_018.mp4,945,15.765750,32,sports ball,0.784531,702.656,622.221,748.065,665.853,725.360,644.037,45.409,43.632
identical_balls_trick_000_018.mp4,945,15.765750,32,sports ball,0.725805,548.377,566.585,592.107,607.319,570.242,586.952,43.730,40.734
identical_balls_trick_000_018.mp4,946,15.782433,32,sports ball,0.833531,442.662,223.701,489.015,270.398,465.839,247.050,46.352,46.697
identical_balls_trick_000_018.mp4,946,15.782433,32,sports ball,0.811818,703.949,628.818,746.202,673.725,725.076,651.272,42.253,44.906
identical_balls_trick_000_018.mp4,946,15.782433,32,sports ball,0.593900,550.875,554.983,594.575,598.490,572.725,576.737,43.700,43.507
identical_balls_trick_000_018.mp4,947,15.799117,32,sports ball,0.783944,447.770,248.498,494.186,295.191,470.978,271.845,46.416,46.693
identical_balls_trick_000_018.mp4,947,15.799117,32,sports ball,0.705258,703.704,629.200,746.771,674.548,725.237,651.874,43.067,45.348
identical_balls_trick_000_018.mp4,947,15.799117,32,sports ball,0.693003,552.748,541.800,599.338,576.266,576.043,559.033,46.589,34.466
identical_balls_trick_000_018.mp4,947,15.799117,32,sports ball,0.213637,552.158,541.761,599.619,586.207,575.888,563.984,47.461,44.445
identical_balls_trick_000_018.mp4,948,15.815800,32,sports ball,0.812686,703.408,622.355,746.953,666.818,725.181,644.586,43.544,44.463
identical_balls_trick_000_018.mp4,948,15.815800,32,sports ball,0.804308,451.305,275.027,498.711,322.561,475.008,298.794,47.407,47.533
identical_balls_trick_000_018.mp4,948,15.815800,32,sports ball,0.667696,560.091,528.408,606.072,569.852,583.082,549.130,45.981,41.444
identical_balls_trick_000_018.mp4,949,15.832483,32,sports ball,0.813446,456.020,303.846,503.319,351.898,479.670,327.872,47.299,48.052
identical_balls_trick_000_018.mp4,949,15.832483,32,sports ball,0.790753,704.253,607.117,747.261,649.869,725.757,628.493,43.008,42.752
identical_balls_trick_000_018.mp4,949,15.832483,32,sports ball,0.544337,571.557,515.496,615.149,561.723,593.353,538.610,43.592,46.227
identical_balls_trick_000_018.mp4,950,15.849167,32,sports ball,0.760314,704.156,585.309,748.292,626.148,726.224,605.729,44.136,40.839
identical_balls_trick_000_018.mp4,950,15.849167,32,sports ball,0.665573,460.382,334.678,507.979,380.992,484.180,357.835,47.597,46.313
identical_balls_trick_000_018.mp4,950,15.849167,32,sports ball,0.514383,584.650,505.399,627.298,551.230,605.974,528.315,42.648,45.831
identical_balls_trick_000_018.mp4,951,15.865850,32,sports ball,0.727345,465.128,366.777,512.066,414.008,488.597,390.393,46.938,47.232
identical_balls_trick_000_018.mp4,951,15.865850,32,sports ball,0.663719,703.114,557.909,747.853,597.865,725.483,577.887,44.738,39.956
identical_balls_trick_000_018.mp4,951,15.865850,32,sports ball,0.201708,594.207,498.041,639.631,543.543,616.919,520.792,45.424,45.502
identical_balls_trick_000_018.mp4,952,15.882533,32,sports ball,0.665968,469.526,400.288,516.275,448.880,492.900,424.584,46.749,48.592
identical_balls_trick_000_018.mp4,952,15.882533,32,sports ball,0.664053,700.858,527.759,747.247,572.415,724.052,550.087,46.389,44.656
identical_balls_trick_000_018.mp4,952,15.882533,32,sports ball,0.469535,607.899,491.800,652.501,536.981,630.200,514.390,44.602,45.181
identical_balls_trick_000_018.mp4,953,15.899217,32,sports ball,0.728554,700.977,497.771,747.478,544.217,724.228,520.994,46.501,46.446
identical_balls_trick_000_018.mp4,953,15.899217,32,sports ball,0.725129,473.755,435.955,520.426,484.976,497.091,460.465,46.670,49.020
identical_balls_trick_000_018.mp4,953,15.899217,32,sports ball,0.661320,620.387,487.641,664.355,531.808,642.371,509.724,43.968,44.167
identical_balls_trick_000_018.mp4,954,15.915900,32,sports ball,0.662037,478.676,472.396,525.509,522.273,502.092,497.334,46.833,49.877
identical_balls_trick_000_018.mp4,954,15.915900,32,sports ball,0.616017,632.812,484.074,676.730,527.905,654.771,505.989,43.918,43.831
identical_balls_trick_000_018.mp4,954,15.915900,32,sports ball,0.612095,700.962,468.927,747.404,515.965,724.183,492.446,46.443,47.039
identical_balls_trick_000_018.mp4,955,15.932583,32,sports ball,0.837712,700.874,443.951,746.504,490.298,723.689,467.124,45.631,46.347
identical_balls_trick_000_018.mp4,955,15.932583,32,sports ball,0.704951,482.922,513.352,530.138,561.319,506.530,537.336,47.216,47.967
identical_balls_trick_000_018.mp4,955,15.932583,32,sports ball,0.519772,645.260,482.712,689.016,527.121,667.138,504.916,43.755,44.409
identical_balls_trick_000_018.mp4,956,15.949267,32,sports ball,0.761122,700.447,419.727,746.706,465.395,723.576,442.561,46.259,45.668
identical_balls_trick_000_018.mp4,956,15.949267,32,sports ball,0.687223,657.460,482.457,701.680,527.051,679.570,504.754,44.219,44.595
identical_balls_trick_000_018.mp4,956,15.949267,32,sports ball,0.535889,489.169,553.375,533.960,603.006,511.565,578.190,44.791,49.632
identical_balls_trick_000_018.mp4,957,15.965950,32,sports ball,0.730887,669.214,483.971,713.614,528.253,691.414,506.112,44.400,44.283
identical_balls_trick_000_018.mp4,957,15.965950,32,sports ball,0.574230,699.838,398.808,746.738,443.275,723.288,421.041,46.900,44.467
identical_balls_trick_000_018.mp4,957,15.965950,32,sports ball,0.519296,491.580,596.168,538.024,642.304,514.802,619.236,46.444,46.135
identical_balls_trick_000_018.mp4,958,15.982633,32,sports ball,0.760051,682.603,487.841,725.247,531.921,703.925,509.881,42.643,44.079
identical_balls_trick_000_018.mp4,958,15.982633,32,sports ball,0.713230,699.438,377.812,745.678,423.780,722.558,400.796,46.240,45.967
identical_balls_trick_000_018.mp4,958,15.982633,32,sports ball,0.594370,495.704,629.407,535.034,675.130,515.369,652.269,39.330,45.723
identical_balls_trick_000_018.mp4,959,15.999317,32,sports ball,0.815202,689.334,489.605,731.479,534.692,710.406,512.148,42.145,45.086
identical_balls_trick_000_018.mp4,959,15.999317,32,sports ball,0.779701,698.547,359.073,744.797,404.873,721.672,381.973,46.250,45.799
identical_balls_trick_000_018.mp4,960,16.016000,32,sports ball,0.896179,690.543,489.121,734.014,532.655,712.279,510.888,43.471,43.533
identical_balls_trick_000_018.mp4,960,16.016000,32,sports ball,0.859783,697.867,341.681,744.226,387.906,721.046,364.794,46.359,46.225
identical_balls_trick_000_018.mp4,960,16.016000,32,sports ball,0.536950,505.458,666.614,548.135,703.482,526.796,685.048,42.677,36.868
identical_balls_trick_000_018.mp4,960,16.016000,32,sports ball,0.418870,504.884,666.809,548.513,711.572,526.698,689.191,43.629,44.763
identical_balls_trick_000_018.mp4,961,16.032683,32,sports ball,0.782050,693.323,487.875,736.157,529.369,714.740,508.622,42.834,41.494
identical_balls_trick_000_018.mp4,961,16.032683,32,sports ball,0.737500,696.975,326.152,743.700,373.084,720.337,349.618,46.726,46.932
identical_balls_trick_000_018.mp4,961,16.032683,32,sports ball,0.347559,505.546,682.331,557.675,720.000,531.610,701.165,52.129,37.669
identical_balls_trick_000_018.mp4,962,16.049367,32,sports ball,0.752217,696.128,313.700,742.698,359.474,719.413,336.587,46.570,45.775
identical_balls_trick_000_018.mp4,962,16.049367,32,sports ball,0.535702,697.130,487.096,737.432,528.786,717.281,507.941,40.302,41.689
identical_balls_trick_000_018.mp4,962,16.049367,32,sports ball,0.470597,515.155,692.480,559.961,719.955,537.558,706.218,44.807,27.475
identical_balls_trick_000_018.mp4,963,16.066050,32,sports ball,0.612589,694.859,303.246,742.113,348.301,718.486,325.774,47.254,45.055
identical_balls_trick_000_018.mp4,963,16.066050,32,sports ball,0.216953,520.594,698.316,564.016,720.000,542.305,709.158,43.422,21.684
identical_balls_trick_000_018.mp4,964,16.082733,32,sports ball,0.624607,693.847,292.652,740.766,339.002,717.306,315.827,46.919,46.351
identical_balls_trick_000_018.mp4,964,16.082733,32,sports ball,0.450993,525.418,700.783,568.980,720.000,547.199,710.391,43.563,19.217
identical_balls_trick_000_018.mp4,964,16.082733,32,sports ball,0.403459,709.876,484.299,743.805,527.614,726.841,505.956,33.929,43.315
identical_balls_trick_000_018.mp4,965,16.099417,32,sports ball,0.661752,693.172,285.298,739.830,331.700,716.501,308.499,46.658,46.402
identical_balls_trick_000_018.mp4,965,16.099417,32,sports ball,0.316248,528.303,699.940,572.020,719.951,550.162,709.945,43.717,20.012
identical_balls_trick_000_018.mp4,965,16.099417,32,sports ball,0.266913,717.259,480.104,752.379,524.902,734.819,502.503,35.120,44.798
identical_balls_trick_000_018.mp4,966,16.116100,32,sports ball,0.678154,692.342,279.483,739.408,326.189,715.875,302.836,47.066,46.706
identical_balls_trick_000_018.mp4,966,16.116100,32,sports ball,0.564662,531.738,696.364,576.340,720.000,554.039,708.182,44.602,23.636
identical_balls_trick_000_018.mp4,966,16.116100,32,sports ball,0.518274,720.240,476.416,756.811,521.450,738.526,498.933,36.571,45.034
identical_balls_trick_000_018.mp4,967,16.132783,32,sports ball,0.586618,691.597,275.689,738.355,322.230,714.976,298.960,46.758,46.542
identical_balls_trick_000_018.mp4,967,16.132783,32,sports ball,0.452956,534.140,688.990,579.447,719.668,556.794,704.329,45.307,30.678
identical_balls_trick_000_018.mp4,967,16.132783,32,sports ball,0.249065,722.174,472.682,761.600,517.357,741.887,495.020,39.426,44.675
identical_balls_trick_000_018.mp4,968,16.149467,32,sports ball,0.799074,536.861,676.808,581.082,719.083,558.971,697.945,44.221,42.275
identical_balls_trick_000_018.mp4,968,16.149467,32,sports ball,0.521435,690.406,273.741,737.741,320.206,714.074,296.973,47.334,46.465
identical_balls_trick_000_018.mp4,968,16.149467,32,sports ball,0.251068,722.624,469.892,761.308,514.648,741.966,492.270,38.685,44.756
identical_balls_trick_000_018.mp4,969,16.166150,32,sports ball,0.900563,539.227,658.111,582.574,701.449,560.900,679.780,43.347,43.338
identical_balls_trick_000_018.mp4,969,16.166150,32,sports ball,0.689706,689.594,273.603,736.306,320.464,712.950,297.034,46.712,46.860
identical_balls_trick_000_018.mp4,969,16.166150,32,sports ball,0.591221,723.302,468.681,760.829,512.934,742.066,490.807,37.526,44.252
identical_balls_trick_000_018.mp4,970,16.182833,32,sports ball,0.889125,541.098,635.404,584.961,676.938,563.030,656.171,43.863,41.533
identical_balls_trick_000_018.mp4,970,16.182833,32,sports ball,0.821154,688.637,275.583,735.218,322.489,711.927,299.036,46.581,46.906
identical_balls_trick_000_018.mp4,970,16.182833,32,sports ball,0.623316,718.400,467.109,756.123,511.808,737.261,489.459,37.724,44.699
identical_balls_trick_000_018.mp4,971,16.199517,32,sports ball,0.836723,687.797,280.491,733.888,326.580,710.842,303.535,46.091,46.089
identical_balls_trick_000_018.mp4,971,16.199517,32,sports ball,0.810911,541.136,607.920,585.496,647.535,563.316,627.727,44.360,39.614
identical_balls_trick_000_018.mp4,971,16.199517,32,sports ball,0.612641,708.203,464.512,747.382,510.692,727.793,487.602,39.179,46.180
identical_balls_trick_000_018.mp4,972,16.216200,32,sports ball,0.856824,539.847,570.833,585.104,610.430,562.475,590.631,45.257,39.598
identical_balls_trick_000_018.mp4,972,16.216200,32,sports ball,0.803943,693.181,463.310,732.631,506.283,712.906,484.797,39.450,42.973
identical_balls_trick_000_018.mp4,972,16.216200,32,sports ball,0.783778,686.605,285.956,732.818,331.969,709.711,308.962,46.213,46.013
identical_balls_trick_000_018.mp4,973,16.232883,32,sports ball,0.811357,537.149,533.821,583.534,574.421,560.342,554.121,46.385,40.600
identical_balls_trick_000_018.mp4,973,16.232883,32,sports ball,0.790179,686.265,293.105,731.852,339.867,709.058,316.486,45.587,46.762
identical_balls_trick_000_018.mp4,973,16.232883,32,sports ball,0.787053,674.357,463.756,710.885,502.584,692.621,483.170,36.528,38.828
identical_balls_trick_000_018.mp4,974,16.249567,32,sports ball,0.805238,652.457,465.367,695.951,509.932,674.204,487.650,43.494,44.565
identical_balls_trick_000_018.mp4,974,16.249567,32,sports ball,0.794674,684.718,303.324,730.520,349.608,707.619,326.466,45.802,46.284
identical_balls_trick_000_018.mp4,974,16.249567,32,sports ball,0.773509,534.575,499.339,580.457,540.445,557.516,519.892,45.883,41.106
identical_balls_trick_000_018.mp4,975,16.266250,32,sports ball,0.797359,630.916,467.555,672.558,511.919,651.737,489.737,41.642,44.364
identical_balls_trick_000_018.mp4,975,16.266250,32,sports ball,0.714449,684.599,314.741,729.484,360.210,707.041,337.476,44.885,45.469
identical_balls_trick_000_018.mp4,975,16.266250,32,sports ball,0.658932,532.703,464.237,579.245,512.921,555.974,488.579,46.542,48.684
identical_balls_trick_000_018.mp4,976,16.282933,32,sports ball,0.804373,609.594,471.770,652.832,516.044,631.213,493.907,43.238,44.274
identical_balls_trick_000_018.mp4,976,16.282933,32,sports ball,0.696575,531.296,432.136,578.234,479.856,554.765,455.996,46.938,47.720
identical_balls_trick_000_018.mp4,976,16.282933,32,sports ball,0.562901,682.160,327.710,728.419,374.371,705.290,351.041,46.260,46.661
identical_balls_trick_000_018.mp4,977,16.299617,32,sports ball,0.857967,530.136,400.733,576.587,448.556,553.361,424.645,46.452,47.823
identical_balls_trick_000_018.mp4,977,16.299617,32,sports ball,0.830016,588.329,476.663,632.594,521.031,610.461,498.847,44.265,44.368
identical_balls_trick_000_018.mp4,977,16.299617,32,sports ball,0.502568,681.075,342.602,727.685,389.960,704.380,366.281,46.610,47.359
identical_balls_trick_000_018.mp4,978,16.316300,32,sports ball,0.843508,680.529,359.674,726.452,406.274,703.491,382.974,45.923,46.600
identical_balls_trick_000_018.mp4,978,16.316300,32,sports ball,0.764266,529.131,370.871,574.935,419.729,552.033,395.300,45.804,48.858
identical_balls_trick_000_018.mp4,978,16.316300,32,sports ball,0.669926,565.436,483.793,610.545,528.329,587.990,506.061,45.109,44.536
identical_balls_trick_000_018.mp4,979,16.332983,32,sports ball,0.886270,544.547,492.788,589.171,537.164,566.859,514.976,44.623,44.376
identical_balls_trick_000_018.mp4,979,16.332983,32,sports ball,0.880526,527.759,343.329,573.751,390.555,550.755,366.942,45.992,47.226
identical_balls_trick_000_018.mp4,979,16.332983,32,sports ball,0.826554,679.449,377.731,724.845,424.713,702.147,401.222,45.396,46.983
identical_balls_trick_000_018.mp4,980,16.349667,32,sports ball,0.755562,678.274,399.191,723.816,445.439,701.045,422.315,45.541,46.249
identical_balls_trick_000_018.mp4,980,16.349667,32,sports ball,0.685331,526.434,499.815,571.044,541.860,548.739,520.838,44.609,42.046
identical_balls_trick_000_018.mp4,980,16.349667,32,sports ball,0.658432,526.310,319.421,572.587,364.935,549.448,342.178,46.278,45.514
identical_balls_trick_000_018.mp4,981,16.366350,32,sports ball,0.889368,513.999,502.684,559.224,546.512,536.612,524.598,45.225,43.828
identical_balls_trick_000_018.mp4,981,16.366350,32,sports ball,0.864996,524.486,293.437,571.146,339.576,547.816,316.506,46.661,46.139
identical_balls_trick_000_018.mp4,981,16.366350,32,sports ball,0.810574,677.688,421.045,722.159,467.931,699.923,444.488,44.472,46.886
identical_balls_trick_000_018.mp4,982,16.383033,32,sports ball,0.881868,509.688,504.630,550.732,548.091,530.210,526.361,41.044,43.461
identical_balls_trick_000_018.mp4,982,16.383033,32,sports ball,0.836671,676.169,444.708,720.868,492.535,698.518,468.621,44.698,47.826
identical_balls_trick_000_018.mp4,982,16.383033,32,sports ball,0.800241,523.787,271.570,569.295,316.974,546.541,294.272,45.509,45.404
identical_balls_trick_000_018.mp4,983,16.399717,32,sports ball,0.823605,521.798,249.657,568.233,295.971,545.015,272.814,46.435,46.313
identical_balls_trick_000_018.mp4,983,16.399717,32,sports ball,0.821630,675.105,471.590,719.682,518.704,697.394,495.147,44.577,47.114
identical_balls_trick_000_018.mp4,983,16.399717,32,sports ball,0.740193,514.333,502.053,543.223,546.472,528.778,524.263,28.890,44.419
identical_balls_trick_000_018.mp4,984,16.416400,32,sports ball,0.867198,672.904,496.623,719.392,545.086,696.148,520.854,46.488,48.463
identical_balls_trick_000_018.mp4,984,16.416400,32,sports ball,0.859426,520.971,229.799,567.000,276.769,543.986,253.284,46.030,46.970
identical_balls_trick_000_018.mp4,984,16.416400,32,sports ball,0.801673,503.300,500.319,537.242,543.906,520.271,522.112,33.942,43.588
identical_balls_trick_000_018.mp4,985,16.433083,32,sports ball,0.827431,492.934,497.539,531.785,540.817,512.359,519.178,38.851,43.278
identical_balls_trick_000_018.mp4,985,16.433083,32,sports ball,0.775503,671.876,512.587,716.482,561.013,694.179,536.800,44.606,48.426
identical_balls_trick_000_018.mp4,985,16.433083,32,sports ball,0.770961,518.685,212.226,565.505,259.240,542.095,235.733,46.820,47.014
identical_balls_trick_000_018.mp4,986,16.449767,32,sports ball,0.885025,484.321,497.412,526.451,540.576,505.386,518.994,42.129,43.164
identical_balls_trick_000_018.mp4,986,16.449767,32,sports ball,0.879793,517.106,196.411,564.105,243.252,540.605,219.831,46.999,46.841
identical_balls_trick_000_018.mp4,986,16.449767,32,sports ball,0.766490,671.951,527.997,716.227,573.070,694.089,550.534,44.276,45.073
identical_balls_trick_000_018.mp4,987,16.466450,32,sports ball,0.816919,477.987,498.878,520.924,542.531,499.456,520.704,42.937,43.654
identical_balls_trick_000_018.mp4,987,16.466450,32,sports ball,0.791825,670.842,546.409,714.841,590.673,692.842,568.541,43.998,44.264
identical_balls_trick_000_018.mp4,987,16.466450,32,sports ball,0.774520,515.464,182.341,562.278,229.595,538.871,205.968,46.815,47.254
identical_balls_trick_000_018.mp4,988,16.483133,32,sports ball,0.696996,514.063,170.254,560.946,217.412,537.504,193.833,46.882,47.158
identical_balls_trick_000_018.mp4,988,16.483133,32,sports ball,0.590908,473.504,502.704,515.716,546.168,494.610,524.436,42.212,43.464
identical_balls_trick_000_018.mp4,988,16.483133,32,sports ball,0.516903,670.648,563.151,714.471,607.362,692.560,585.256,43.823,44.212
identical_balls_trick_000_018.mp4,989,16.499817,32,sports ball,0.728913,512.643,159.460,559.758,207.015,536.201,183.237,47.115,47.555
identical_balls_trick_000_018.mp4,989,16.499817,32,sports ball,0.637848,672.649,578.558,714.521,621.746,693.585,600.152,41.872,43.188
identical_balls_trick_000_018.mp4,989,16.499817,32,sports ball,0.496959,470.135,506.576,512.904,549.909,491.520,528.243,42.768,43.333
identical_balls_trick_000_018.mp4,990,16.516500,32,sports ball,0.862716,511.547,151.204,558.183,199.201,534.865,175.202,46.636,47.997
identical_balls_trick_000_018.mp4,990,16.516500,32,sports ball,0.712524,469.017,512.510,511.436,555.987,490.226,534.249,42.418,43.477
identical_balls_trick_000_018.mp4,990,16.516500,32,sports ball,0.694421,673.589,592.471,715.006,636.542,694.298,614.507,41.418,44.071
identical_balls_trick_000_018.mp4,991,16.533183,32,sports ball,0.825723,509.629,144.337,556.741,192.375,533.185,168.356,47.112,48.038
identical_balls_trick_000_018.mp4,991,16.533183,32,sports ball,0.727947,468.411,519.383,510.532,562.655,489.472,541.019,42.121,43.272
identical_balls_trick_000_018.mp4,991,16.533183,32,sports ball,0.618484,673.609,605.542,716.298,649.655,694.954,627.598,42.689,44.113
identical_balls_trick_000_018.mp4,992,16.549867,32,sports ball,0.743246,508.033,140.147,555.233,187.641,531.633,163.894,47.200,47.494
identical_balls_trick_000_018.mp4,992,16.549867,32,sports ball,0.665796,468.393,528.610,510.827,571.986,489.610,550.298,42.435,43.376
identical_balls_trick_000_018.mp4,992,16.549867,32,sports ball,0.488381,673.472,616.289,716.115,660.507,694.793,638.398,42.643,44.217
identical_balls_trick_000_018.mp4,993,16.566550,32,sports ball,0.885308,470.510,541.364,513.693,582.472,492.101,561.918,43.182,41.108
identical_balls_trick_000_018.mp4,993,16.566550,32,sports ball,0.808267,506.538,136.394,554.347,184.996,530.443,160.695,47.809,48.602
identical_balls_trick_000_018.mp4,993,16.566550,32,sports ball,0.367737,673.334,624.347,716.046,669.066,694.690,646.706,42.712,44.720
identical_balls_trick_000_018.mp4,994,16.583233,32,sports ball,0.838508,505.233,135.957,552.846,184.073,529.039,160.015,47.613,48.116
identical_balls_trick_000_018.mp4,994,16.583233,32,sports ball,0.821821,480.265,546.977,523.651,584.529,501.958,565.753,43.386,37.551
identical_balls_trick_000_018.mp4,994,16.583233,32,sports ball,0.479471,673.957,630.045,716.233,675.419,695.095,652.732,42.276,45.374
identical_balls_trick_000_018.mp4,995,16.599917,32,sports ball,0.853551,503.963,137.237,551.738,185.887,527.850,161.562,47.775,48.650
identical_balls_trick_000_018.mp4,995,16.599917,32,sports ball,0.840149,488.499,550.803,532.220,583.860,510.359,567.332,43.722,33.058
identical_balls_trick_000_018.mp4,995,16.599917,32,sports ball,0.467175,675.470,632.687,717.109,677.527,696.289,655.107,41.639,44.840
identical_balls_trick_000_018.mp4,996,16.616600,32,sports ball,0.823754,494.601,553.924,537.564,583.900,516.083,568.912,42.963,29.977
identical_balls_trick_000_018.mp4,996,16.616600,32,sports ball,0.754748,502.323,140.716,550.457,188.740,526.390,164.728,48.134,48.024
identical_balls_trick_000_018.mp4,996,16.616600,32,sports ball,0.534218,677.176,630.839,719.870,675.557,698.523,653.198,42.693,44.719
identical_balls_trick_000_018.mp4,997,16.633283,32,sports ball,0.856846,501.036,555.555,541.011,584.285,521.023,569.920,39.975,28.731
identical_balls_trick_000_018.mp4,997,16.633283,32,sports ball,0.817074,500.902,145.283,548.416,194.106,524.659,169.695,47.515,48.823
identical_balls_trick_000_018.mp4,997,16.633283,32,sports ball,0.753470,679.905,624.773,722.658,669.737,701.282,647.255,42.754,44.964
identical_balls_trick_000_018.mp4,998,16.649967,32,sports ball,0.887357,499.877,152.666,547.834,201.235,523.855,176.951,47.957,48.568
identical_balls_trick_000_018.mp4,998,16.649967,32,sports ball,0.837434,500.902,554.335,541.944,583.774,521.423,569.055,41.043,29.439
identical_balls_trick_000_018.mp4,998,16.649967,32,sports ball,0.749388,682.145,613.208,726.978,658.588,704.561,635.898,44.833,45.380
identical_balls_trick_000_018.mp4,999,16.666650,32,sports ball,0.782659,499.224,552.327,542.146,582.005,520.685,567.166,42.922,29.678
identical_balls_trick_000_018.mp4,999,16.666650,32,sports ball,0.701714,498.079,161.952,546.244,210.678,522.161,186.315,48.165,48.725
identical_balls_trick_000_018.mp4,999,16.666650,32,sports ball,0.527083,684.167,599.992,729.247,643.624,706.707,621.808,45.080,43.632
identical_balls_trick_000_018.mp4,1000,16.683333,32,sports ball,0.801760,497.256,173.416,544.692,221.502,520.974,197.459,47.436,48.086
identical_balls_trick_000_018.mp4,1000,16.683333,32,sports ball,0.764222,499.787,547.263,543.139,576.192,521.463,561.727,43.353,28.930
identical_balls_trick_000_018.mp4,1000,16.683333,32,sports ball,0.651065,684.207,579.566,730.413,623.516,707.310,601.541,46.206,43.950
identical_balls_trick_000_018.mp4,1001,16.700017,32,sports ball,0.797551,502.971,539.234,546.827,568.734,524.899,553.984,43.856,29.501
identical_balls_trick_000_018.mp4,1001,16.700017,32,sports ball,0.793617,496.453,186.244,544.149,234.970,520.301,210.607,47.696,48.726
identical_balls_trick_000_018.mp4,1001,16.700017,32,sports ball,0.776473,684.400,555.219,729.513,597.624,706.956,576.421,45.113,42.405
identical_balls_trick_000_018.mp4,1002,16.716700,32,sports ball,0.905191,510.436,527.990,554.762,560.989,532.599,544.490,44.326,33.000
identical_balls_trick_000_018.mp4,1002,16.716700,32,sports ball,0.869780,683.529,527.225,729.250,567.351,706.389,547.288,45.721,40.126
identical_balls_trick_000_018.mp4,1002,16.716700,32,sports ball,0.863521,495.799,201.765,542.505,249.418,519.152,225.591,46.706,47.653
identical_balls_trick_000_018.mp4,1003,16.733383,32,sports ball,0.905461,522.502,516.270,567.260,552.114,544.881,534.192,44.758,35.844
identical_balls_trick_000_018.mp4,1003,16.733383,32,sports ball,0.876805,493.889,218.774,541.408,267.331,517.648,243.053,47.520,48.558
identical_balls_trick_000_018.mp4,1003,16.733383,32,sports ball,0.820450,681.643,495.558,728.446,535.609,705.044,515.584,46.802,40.052
identical_balls_trick_000_018.mp4,1004,16.750067,32,sports ball,0.897472,492.599,238.804,540.373,286.521,516.486,262.662,47.774,47.717
identical_balls_trick_000_018.mp4,1004,16.750067,32,sports ball,0.870845,680.395,464.651,726.576,508.577,703.486,486.614,46.181,43.926
identical_balls_trick_000_018.mp4,1004,16.750067,32,sports ball,0.844098,543.051,503.442,582.961,545.200,563.006,524.321,39.909,41.758
identical_balls_trick_000_018.mp4,1005,16.766750,32,sports ball,0.876686,491.602,259.817,539.791,307.185,515.697,283.501,48.189,47.368
identical_balls_trick_000_018.mp4,1005,16.766750,32,sports ball,0.853528,677.796,436.247,724.174,481.445,700.985,458.846,46.378,45.197
identical_balls_trick_000_018.mp4,1005,16.766750,32,sports ball,0.684824,562.075,491.142,601.358,535.663,581.716,513.402,39.283,44.521
identical_balls_trick_000_018.mp4,1006,16.783433,32,sports ball,0.874107,490.915,282.622,538.745,330.570,514.830,306.596,47.829,47.948
identical_balls_trick_000_018.mp4,1006,16.783433,32,sports ball,0.826044,675.476,408.517,722.002,454.987,698.739,431.752,46.526,46.470
identical_balls_trick_000_018.mp4,1006,16.783433,32,sports ball,0.519711,581.466,480.901,621.115,525.263,601.290,503.082,39.649,44.363
identical_balls_trick_000_018.mp4,1007,16.800117,32,sports ball,0.823935,490.232,307.803,537.009,356.509,513.620,332.156,46.777,48.706
identical_balls_trick_000_018.mp4,1007,16.800117,32,sports ball,0.717644,595.369,472.898,640.226,517.755,617.797,495.326,44.857,44.857
identical_balls_trick_000_018.mp4,1007,16.800117,32,sports ball,0.621049,673.513,384.053,719.828,429.310,696.671,406.681,46.315,45.258
identical_balls_trick_000_018.mp4,1008,16.816800,32,sports ball,0.727992,489.255,335.040,536.149,383.744,512.702,359.392,46.893,48.704
identical_balls_trick_000_018.mp4,1008,16.816800,32,sports ball,0.645025,671.253,360.421,717.586,406.039,694.420,383.230,46.332,45.619
identical_balls_trick_000_018.mp4,1008,16.816800,32,sports ball,0.581431,615.050,466.256,659.422,511.142,637.236,488.699,44.372,44.885
identical_balls_trick_000_018.mp4,1009,16.833483,32,sports ball,0.847411,487.026,362.322,535.932,412.925,511.479,387.623,48.905,50.603
identical_balls_trick_000_018.mp4,1009,16.833483,32,sports ball,0.798792,668.913,338.473,715.191,383.781,692.052,361.127,46.278,45.307
identical_balls_trick_000_018.mp4,1009,16.833483,32,sports ball,0.752874,633.907,461.461,678.408,505.429,656.157,483.445,44.500,43.968
identical_balls_trick_000_018.mp4,1010,16.850167,32,sports ball,0.860455,667.279,319.438,712.747,363.994,690.013,341.716,45.468,44.556
identical_balls_trick_000_018.mp4,1010,16.850167,32,sports ball,0.852787,652.799,457.132,696.402,499.807,674.601,478.469,43.603,42.674
identical_balls_trick_000_018.mp4,1010,16.850167,32,sports ball,0.744494,486.862,392.655,535.124,443.029,510.993,417.842,48.262,50.374
identical_balls_trick_000_018.mp4,1011,16.866850,32,sports ball,0.867749,663.104,454.530,703.642,495.648,683.373,475.089,40.538,41.118
identical_balls_trick_000_018.mp4,1011,16.866850,32,sports ball,0.575588,486.714,425.421,533.733,476.213,510.224,450.817,47.019,50.792
identical_balls_trick_000_018.mp4,1011,16.866850,32,sports ball,0.544097,664.541,300.842,711.461,345.758,688.001,323.300,46.920,44.916
identical_balls_trick_000_018.mp4,1012,16.883533,32,sports ball,0.844843,668.708,448.688,711.451,492.266,690.079,470.477,42.743,43.578
identical_balls_trick_000_018.mp4,1012,16.883533,32,sports ball,0.788690,485.967,463.023,532.602,511.872,509.284,487.447,46.635,48.849
identical_balls_trick_000_018.mp4,1012,16.883533,32,sports ball,0.722059,663.045,284.609,708.283,329.096,685.664,306.853,45.238,44.487
identical_balls_trick_000_018.mp4,1013,16.900217,32,sports ball,0.745083,485.121,499.272,532.387,548.631,508.754,523.951,47.266,49.360
identical_balls_trick_000_018.mp4,1013,16.900217,32,sports ball,0.708024,678.658,449.377,719.874,482.813,699.266,466.095,41.216,33.436
identical_balls_trick_000_018.mp4,1013,16.900217,32,sports ball,0.532960,661.918,269.512,706.311,312.796,684.115,291.154,44.393,43.283
identical_balls_trick_000_018.mp4,1013,16.900217,32,sports ball,0.251791,677.818,449.382,720.437,493.006,699.127,471.194,42.619,43.624
identical_balls_trick_000_018.mp4,1014,16.916900,32,sports ball,0.805016,483.866,536.934,531.890,585.527,507.878,561.231,48.024,48.593
identical_balls_trick_000_018.mp4,1014,16.916900,32,sports ball,0.710961,658.383,257.466,703.760,301.189,681.072,279.327,45.377,43.723
identical_balls_trick_000_018.mp4,1014,16.916900,32,sports ball,0.681660,689.550,451.370,732.211,493.762,710.881,472.566,42.661,42.392
identical_balls_trick_000_018.mp4,1015,16.933583,32,sports ball,0.672236,704.656,455.096,747.187,496.994,725.921,476.045,42.531,41.899
identical_balls_trick_000_018.mp4,1015,16.933583,32,sports ball,0.648058,656.117,245.833,702.175,290.454,679.146,268.143,46.057,44.621
identical_balls_trick_000_018.mp4,1015,16.933583,32,sports ball,0.309701,483.332,563.708,531.718,611.950,507.525,587.829,48.386,48.242
identical_balls_trick_000_018.mp4,1016,16.950267,32,sports ball,0.742130,654.371,236.706,699.952,281.194,677.162,258.950,45.580,44.488
identical_balls_trick_000_018.mp4,1016,16.950267,32,sports ball,0.729100,483.878,580.182,531.139,628.535,507.508,604.358,47.260,48.352
identical_balls_trick_000_018.mp4,1016,16.950267,32,sports ball,0.614690,720.560,459.738,764.350,504.518,742.455,482.128,43.790,44.780
identical_balls_trick_000_018.mp4,1017,16.966950,32,sports ball,0.537862,484.509,593.450,530.948,641.199,507.728,617.324,46.440,47.749
identical_balls_trick_000_018.mp4,1017,16.966950,32,sports ball,0.475548,651.998,228.916,697.760,273.971,674.879,251.444,45.762,45.056
identical_balls_trick_000_018.mp4,1017,16.966950,32,sports ball,0.209754,737.324,465.557,781.207,512.348,759.266,488.952,43.883,46.791
identical_balls_trick_000_018.mp4,1018,16.983633,32,sports ball,0.536218,485.590,603.581,530.337,651.831,507.964,627.706,44.747,48.250
identical_balls_trick_000_018.mp4,1018,16.983633,32,sports ball,0.511433,650.894,223.870,695.947,268.175,673.421,246.022,45.053,44.305
identical_balls_trick_000_018.mp4,1018,16.983633,32,sports ball,0.346593,756.312,472.813,798.198,518.540,777.255,495.676,41.886,45.727
identical_balls_trick_000_018.mp4,1019,17.000317,32,sports ball,0.583846,648.480,220.046,693.890,264.817,671.185,242.432,45.410,44.772
identical_balls_trick_000_018.mp4,1019,17.000317,32,sports ball,0.489044,768.460,479.215,811.872,512.332,790.166,495.773,43.412,33.117
identical_balls_trick_000_018.mp4,1019,17.000317,32,sports ball,0.320919,487.669,612.253,531.229,659.399,509.449,635.826,43.561,47.146
identical_balls_trick_000_018.mp4,1020,17.017000,32,sports ball,0.711139,780.561,485.271,824.027,528.592,802.294,506.932,43.466,43.322
identical_balls_trick_000_018.mp4,1020,17.017000,32,sports ball,0.568612,490.739,619.692,534.887,666.616,512.813,643.154,44.148,46.923
identical_balls_trick_000_018.mp4,1020,17.017000,32,sports ball,0.471196,647.340,217.811,691.779,263.322,669.560,240.566,44.439,45.511
identical_balls_trick_000_018.mp4,1021,17.033683,32,sports ball,0.750075,788.270,489.583,831.220,525.533,809.745,507.558,42.950,35.950
identical_balls_trick_000_018.mp4,1021,17.033683,32,sports ball,0.522222,495.434,624.109,538.332,668.563,516.883,646.336,42.898,44.454
identical_balls_trick_000_018.mp4,1021,17.033683,32,sports ball,0.430815,646.515,217.858,690.088,263.254,668.302,240.556,43.573,45.396
identical_balls_trick_000_018.mp4,1022,17.050367,32,sports ball,0.813895,499.191,625.654,542.501,670.354,520.846,648.004,43.311,44.700
identical_balls_trick_000_018.mp4,1022,17.050367,32,sports ball,0.686686,643.245,219.313,687.610,264.945,665.427,242.129,44.365,45.632
identical_balls_trick_000_018.mp4,1022,17.050367,32,sports ball,0.644692,791.977,492.510,834.930,531.541,813.454,512.025,42.953,39.031
identical_balls_trick_000_018.mp4,1023,17.067050,32,sports ball,0.729031,501.952,624.191,545.090,668.031,523.521,646.111,43.139,43.841
identical_balls_trick_000_018.mp4,1023,17.067050,32,sports ball,0.685578,791.039,492.214,833.179,532.578,812.109,512.396,42.140,40.364
identical_balls_trick_000_018.mp4,1023,17.067050,32,sports ball,0.569635,641.741,223.865,686.215,268.540,663.978,246.203,44.474,44.675
identical_balls_trick_000_018.mp4,1024,17.083733,32,sports ball,0.580161,784.626,488.052,827.376,529.540,806.001,508.796,42.750,41.488
identical_balls_trick_000_018.mp4,1024,17.083733,32,sports ball,0.423779,639.890,228.686,684.385,274.115,662.138,251.401,44.496,45.428
identical_balls_trick_000_018.mp4,1024,17.083733,32,sports ball,0.412731,503.610,615.921,547.247,661.029,525.429,638.475,43.637,45.108
identical_balls_trick_000_018.mp4,1025,17.100417,32,sports ball,0.757138,638.239,236.605,682.391,281.043,660.315,258.824,44.152,44.437
identical_balls_trick_000_018.mp4,1025,17.100417,32,sports ball,0.698152,503.677,604.246,548.084,647.823,525.880,626.034,44.407,43.578
identical_balls_trick_000_018.mp4,1025,17.100417,32,sports ball,0.392139,770.102,482.142,814.608,524.328,792.355,503.235,44.506,42.186
identical_balls_trick_000_018.mp4,1026,17.117100,32,sports ball,0.656312,504.083,589.213,548.296,631.403,526.190,610.308,44.213,42.190
identical_balls_trick_000_018.mp4,1026,17.117100,32,sports ball,0.651851,752.306,474.182,794.977,514.904,773.642,494.543,42.671,40.722
identical_balls_trick_000_018.mp4,1026,17.117100,32,sports ball,0.331921,636.112,245.995,680.427,290.356,658.269,268.176,44.315,44.360
identical_balls_trick_000_018.mp4,1027,17.133783,32,sports ball,0.755641,502.169,564.241,547.392,607.858,524.781,586.049,45.223,43.617
identical_balls_trick_000_018.mp4,1027,17.133783,32,sports ball,0.643891,728.110,464.035,770.580,505.753,749.345,484.894,42.469,41.718
identical_balls_trick_000_018.mp4,1027,17.133783,32,sports ball,0.456612,634.250,257.018,678.395,301.606,656.322,279.312,44.145,44.588
identical_balls_trick_000_018.mp4,1028,17.150467,32,sports ball,0.798037,698.484,455.624,740.441,498.916,719.462,477.270,41.958,43.291
identical_balls_trick_000_018.mp4,1028,17.150467,32,sports ball,0.638237,499.717,534.022,545.422,577.658,522.569,555.840,45.704,43.636
identical_balls_trick_000_018.mp4,1028,17.150467,32,sports ball,0.319819,632.535,270.539,676.026,314.791,654.281,292.665,43.491,44.252
identical_balls_trick_000_018.mp4,1029,17.167150,32,sports ball,0.897541,665.737,447.920,708.916,492.084,687.327,470.002,43.178,44.164
identical_balls_trick_000_018.mp4,1029,17.167150,32,sports ball,0.758285,498.023,503.146,543.414,546.122,520.718,524.634,45.391,42.976
identical_balls_trick_000_018.mp4,1029,17.167150,32,sports ball,0.454025,630.524,285.165,674.829,329.654,652.677,307.410,44.305,44.489
identical_balls_trick_000_018.mp4,1030,17.183833,32,sports ball,0.842441,634.319,441.782,677.079,485.530,655.699,463.656,42.760,43.748
identical_balls_trick_000_018.mp4,1030,17.183833,32,sports ball,0.766577,496.025,470.821,542.341,518.016,519.183,494.418,46.316,47.195
identical_balls_trick_000_018.mp4,1030,17.183833,32,sports ball,0.539509,628.737,302.333,673.456,346.738,651.097,324.535,44.719,44.405
identical_balls_trick_000_018.mp4,1031,17.200517,32,sports ball,0.627828,495.498,441.050,541.688,487.862,518.593,464.456,46.190,46.812
identical_balls_trick_000_018.mp4,1031,17.200517,32,sports ball,0.344421,626.404,320.191,671.509,364.734,648.957,342.462,45.105,44.542
identical_balls_trick_000_018.mp4,1031,17.200517,32,sports ball,0.218099,601.551,437.209,647.815,481.464,624.683,459.337,46.264,44.255
identical_balls_trick_000_018.mp4,1032,17.217200,32,sports ball,0.789582,494.003,412.419,540.834,460.171,517.419,436.295,46.831,47.752
identical_balls_trick_000_018.mp4,1032,17.217200,32,sports ball,0.553968,624.905,339.610,669.887,385.355,647.396,362.482,44.982,45.745
identical_balls_trick_000_018.mp4,1032,17.217200,32,sports ball,0.537965,569.335,434.711,615.554,479.218,592.445,456.964,46.220,44.507
identical_balls_trick_000_018.mp4,1033,17.233883,32,sports ball,0.775195,623.991,361.300,668.381,407.069,646.186,384.185,44.390,45.769
identical_balls_trick_000_018.mp4,1033,17.233883,32,sports ball,0.698339,491.996,385.873,539.440,433.153,515.718,409.513,47.444,47.279
identical_balls_trick_000_018.mp4,1033,17.233883,32,sports ball,0.527080,536.488,433.545,583.900,478.478,560.194,456.012,47.412,44.934
identical_balls_trick_000_018.mp4,1034,17.250567,32,sports ball,0.793372,491.094,360.148,538.001,408.209,514.547,384.179,46.907,48.061
identical_balls_trick_000_018.mp4,1034,17.250567,32,sports ball,0.665584,505.005,434.791,551.401,479.421,528.203,457.106,46.396,44.631
identical_balls_trick_000_018.mp4,1034,17.250567,32,sports ball,0.476482,621.564,384.952,666.996,430.819,644.280,407.886,45.432,45.867
identical_balls_trick_000_018.mp4,1035,17.267250,32,sports ball,0.581238,620.174,410.569,665.083,455.497,642.628,433.033,44.909,44.928
identical_balls_trick_000_018.mp4,1035,17.267250,32,sports ball,0.485136,490.089,337.376,536.723,384.978,513.406,361.177,46.634,47.601
identical_balls_trick_000_018.mp4,1035,17.267250,32,sports ball,0.387885,475.322,437.639,519.497,483.410,497.410,460.524,44.175,45.771
identical_balls_trick_000_018.mp4,1036,17.283933,32,sports ball,0.544919,459.235,440.662,504.137,485.590,481.686,463.126,44.902,44.928
identical_balls_trick_000_018.mp4,1036,17.283933,32,sports ball,0.431073,619.171,436.997,663.961,483.703,641.566,460.350,44.790,46.706
identical_balls_trick_000_018.mp4,1036,17.283933,32,sports ball,0.402241,489.408,317.109,535.558,363.822,512.483,340.466,46.150,46.713
identical_balls_trick_000_018.mp4,1037,17.300617,32,sports ball,0.723691,440.963,447.173,486.156,491.897,463.560,469.535,45.193,44.724
identical_balls_trick_000_018.mp4,1037,17.300617,32,sports ball,0.585314,487.121,297.023,534.180,343.295,510.651,320.159,47.059,46.272
identical_balls_trick_000_018.mp4,1037,17.300617,32,sports ball,0.576429,617.187,465.672,661.622,511.665,639.404,488.668,44.435,45.992
identical_balls_trick_000_018.mp4,1038,17.317300,32,sports ball,0.801206,424.000,452.751,468.870,499.547,446.435,476.149,44.870,46.796
identical_balls_trick_000_018.mp4,1038,17.317300,32,sports ball,0.741644,485.927,278.322,531.968,324.312,508.948,301.317,46.041,45.990
identical_balls_trick_000_018.mp4,1038,17.317300,32,sports ball,0.599197,616.982,492.846,660.768,535.052,638.875,513.949,43.786,42.206
identical_balls_trick_000_018.mp4,1039,17.333983,32,sports ball,0.871058,484.422,261.299,530.678,309.061,507.550,285.180,46.256,47.761
identical_balls_trick_000_018.mp4,1039,17.333983,32,sports ball,0.785187,405.424,461.737,451.395,505.947,428.410,483.842,45.971,44.209
identical_balls_trick_000_018.mp4,1039,17.333983,32,sports ball,0.680554,620.481,510.948,664.528,556.096,642.505,533.522,44.047,45.147
identical_balls_trick_000_018.mp4,1040,17.350667,32,sports ball,0.840726,386.906,468.971,431.909,512.487,409.407,490.729,45.003,43.516
identical_balls_trick_000_018.mp4,1040,17.350667,32,sports ball,0.815644,482.434,247.106,528.620,294.005,505.527,270.555,46.187,46.899
identical_balls_trick_000_018.mp4,1040,17.350667,32,sports ball,0.769557,627.233,531.878,668.391,576.874,647.812,554.376,41.158,44.996
identical_balls_trick_000_018.mp4,1041,17.367350,32,sports ball,0.885529,370.810,476.404,414.701,521.096,392.755,498.750,43.891,44.692
identical_balls_trick_000_018.mp4,1041,17.367350,32,sports ball,0.873231,480.569,233.606,526.942,280.076,503.755,256.841,46.373,46.470
identical_balls_trick_000_018.mp4,1041,17.367350,32,sports ball,0.756972,631.486,549.624,673.929,594.744,652.707,572.184,42.443,45.120
identical_balls_trick_000_018.mp4,1042,17.384033,32,sports ball,0.837481,357.752,483.053,401.892,527.268,379.822,505.160,44.140,44.215
identical_balls_trick_000_018.mp4,1042,17.384033,32,sports ball,0.813591,479.189,223.283,525.145,268.932,502.167,246.107,45.957,45.649
identical_balls_trick_000_018.mp4,1042,17.384033,32,sports ball,0.679283,637.926,565.998,679.164,610.349,658.545,588.173,41.238,44.352
identical_balls_trick_000_018.mp4,1043,17.400717,32,sports ball,0.837106,476.155,213.430,523.783,260.798,499.969,237.114,47.627,47.368
identical_balls_trick_000_018.mp4,1043,17.400717,32,sports ball,0.804611,646.218,577.059,687.282,621.237,666.750,599.148,41.064,44.178
identical_balls_trick_000_018.mp4,1043,17.400717,32,sports ball,0.593182,348.924,487.516,397.995,532.199,373.459,509.857,49.071,44.683
identical_balls_trick_000_018.mp4,1044,17.417400,32,sports ball,0.749211,474.762,205.834,521.869,253.073,498.315,229.454,47.107,47.239
identical_balls_trick_000_018.mp4,1044,17.417400,32,sports ball,0.661362,656.519,584.055,696.683,628.304,676.601,606.180,40.163,44.249
identical_balls_trick_000_018.mp4,1044,17.417400,32,sports ball,0.386052,346.196,490.803,393.273,536.057,369.735,513.430,47.077,45.254
identical_balls_trick_000_018.mp4,1045,17.434083,32,sports ball,0.785109,664.998,584.434,706.968,630.213,685.983,607.324,41.970,45.779
identical_balls_trick_000_018.mp4,1045,17.434083,32,sports ball,0.783814,472.129,199.675,519.993,247.413,496.061,223.544,47.864,47.738
identical_balls_trick_000_018.mp4,1045,17.434083,32,sports ball,0.347282,347.730,491.018,393.070,536.380,370.400,513.699,45.340,45.362
identical_balls_trick_000_018.mp4,1046,17.450767,32,sports ball,0.806551,470.353,196.048,518.260,243.822,494.307,219.935,47.907,47.774
identical_balls_trick_000_018.mp4,1046,17.450767,32,sports ball,0.779325,672.310,580.063,715.586,624.910,693.948,602.487,43.276,44.847
identical_balls_trick_000_018.mp4,1046,17.450767,32,sports ball,0.491468,352.770,489.197,396.694,533.662,374.732,511.429,43.924,44.465
identical_balls_trick_000_018.mp4,1047,17.467450,32,sports ball,0.816618,468.287,194.316,515.991,242.145,492.139,218.230,47.703,47.828
identical_balls_trick_000_018.mp4,1047,17.467450,32,sports ball,0.758995,678.082,569.469,721.741,614.513,699.911,591.991,43.659,45.044
identical_balls_trick_000_018.mp4,1047,17.467450,32,sports ball,0.538482,359.703,486.218,407.659,531.062,383.681,508.640,47.956,44.844
identical_balls_trick_000_018.mp4,1048,17.484133,32,sports ball,0.857689,466.342,194.342,514.601,242.434,490.472,218.388,48.259,48.092
identical_balls_trick_000_018.mp4,1048,17.484133,32,sports ball,0.773119,682.951,554.096,726.890,597.930,704.920,576.013,43.939,43.834
identical_balls_trick_000_018.mp4,1048,17.484133,32,sports ball,0.669152,371.732,480.478,419.039,526.064,395.385,503.271,47.307,45.586
identical_balls_trick_000_018.mp4,1049,17.500817,32,sports ball,0.847586,464.594,196.171,512.325,244.510,488.459,220.340,47.731,48.339
identical_balls_trick_000_018.mp4,1049,17.500817,32,sports ball,0.659154,685.411,533.593,730.408,577.857,707.910,555.725,44.997,44.264
identical_balls_trick_000_018.mp4,1049,17.500817,32,sports ball,0.383978,386.728,474.889,432.924,519.359,409.826,497.124,46.196,44.471
identical_balls_trick_000_018.mp4,1050,17.517500,32,sports ball,0.867871,462.084,199.863,510.219,247.902,486.152,223.883,48.135,48.039
identical_balls_trick_000_018.mp4,1050,17.517500,32,sports ball,0.838796,687.702,508.212,732.590,552.566,710.146,530.389,44.888,44.353
identical_balls_trick_000_018.mp4,1050,17.517500,32,sports ball,0.744358,408.491,467.100,453.822,511.961,431.156,489.531,45.332,44.861
identical_balls_trick_000_018.mp4,1051,17.534183,32,sports ball,0.898360,459.981,206.316,508.424,254.592,484.203,230.454,48.443,48.275
identical_balls_trick_000_018.mp4,1051,17.534183,32,sports ball,0.810939,434.175,457.780,481.488,502.352,457.832,480.066,47.312,44.572
identical_balls_trick_000_018.mp4,1051,17.534183,32,sports ball,0.782733,689.118,480.246,735.455,526.888,712.286,503.567,46.337,46.642
identical_balls_trick_000_018.mp4,1052,17.550867,32,sports ball,0.902663,458.712,213.890,506.539,262.707,482.626,238.298,47.827,48.817
identical_balls_trick_000_018.mp4,1052,17.550867,32,sports ball,0.874974,466.393,448.725,514.245,490.278,490.319,469.501,47.853,41.553
identical_balls_trick_000_018.mp4,1052,17.550867,32,sports ball,0.820374,689.849,450.180,736.075,496.479,712.962,473.329,46.226,46.299
identical_balls_trick_000_018.mp4,1053,17.567550,32,sports ball,0.873628,456.707,224.821,504.665,271.851,480.686,248.336,47.957,47.030
identical_balls_trick_000_018.mp4,1053,17.567550,32,sports ball,0.818925,689.684,421.639,735.875,467.432,712.780,444.536,46.190,45.793
identical_balls_trick_000_018.mp4,1053,17.567550,32,sports ball,0.818385,500.788,440.724,547.567,484.242,524.178,462.483,46.779,43.518
identical_balls_trick_000_018.mp4,1054,17.584233,32,sports ball,0.888849,454.686,236.494,502.928,284.385,478.807,260.439,48.242,47.891
identical_balls_trick_000_018.mp4,1054,17.584233,32,sports ball,0.853894,688.391,396.708,734.475,441.662,711.433,419.185,46.084,44.954
identical_balls_trick_000_018.mp4,1054,17.584233,32,sports ball,0.813993,534.390,436.489,582.673,481.858,558.531,459.173,48.283,45.369
identical_balls_trick_000_018.mp4,1055,17.600917,32,sports ball,0.890761,452.396,250.261,501.101,298.769,476.749,274.515,48.705,48.508
identical_balls_trick_000_018.mp4,1055,17.600917,32,sports ball,0.824368,569.051,433.399,616.818,478.711,592.935,456.055,47.768,45.312
identical_balls_trick_000_018.mp4,1055,17.600917,32,sports ball,0.781546,686.950,371.783,732.855,418.696,709.903,395.240,45.905,46.914
identical_balls_trick_000_018.mp4,1056,17.617600,32,sports ball,0.839468,451.132,266.377,499.131,314.717,475.132,290.547,47.999,48.340
identical_balls_trick_000_018.mp4,1056,17.617600,32,sports ball,0.627233,685.616,349.053,732.064,396.054,708.840,372.553,46.449,47.000
identical_balls_trick_000_018.mp4,1056,17.617600,32,sports ball,0.602956,604.053,432.382,650.622,477.193,627.338,454.787,46.569,44.811
identical_balls_trick_000_018.mp4,1057,17.634283,32,sports ball,0.883344,448.899,284.177,497.520,332.144,473.210,308.161,48.622,47.967
identical_balls_trick_000_018.mp4,1057,17.634283,32,sports ball,0.824855,637.812,432.680,684.341,477.418,661.077,455.049,46.529,44.738
identical_balls_trick_000_018.mp4,1057,17.634283,32,sports ball,0.645703,685.316,328.118,731.579,374.805,708.447,351.462,46.263,46.686
identical_balls_trick_000_018.mp4,1058,17.650967,32,sports ball,0.828354,672.855,435.339,717.160,479.153,695.008,457.246,44.304,43.814
identical_balls_trick_000_018.mp4,1058,17.650967,32,sports ball,0.818777,448.013,304.236,495.747,352.198,471.880,328.217,47.734,47.962
identical_balls_trick_000_018.mp4,1058,17.650967,32,sports ball,0.644283,684.978,309.776,731.010,355.483,707.994,332.629,46.032,45.707
identical_balls_trick_000_018.mp4,1059,17.667650,32,sports ball,0.839378,706.364,438.198,747.472,479.981,726.918,459.089,41.108,41.783
identical_balls_trick_000_018.mp4,1059,17.667650,32,sports ball,0.811099,446.527,326.761,494.108,375.042,470.317,350.902,47.581,48.281
identical_balls_trick_000_018.mp4,1059,17.667650,32,sports ball,0.502510,684.987,292.037,731.058,336.442,708.022,314.240,46.071,44.405
identical_balls_trick_000_018.mp4,1060,17.684333,32,sports ball,0.757619,730.831,437.033,774.577,476.514,752.704,456.774,43.746,39.482
identical_balls_trick_000_018.mp4,1060,17.684333,32,sports ball,0.702615,444.199,350.810,492.934,398.603,468.567,374.706,48.735,47.792
identical_balls_trick_000_018.mp4,1060,17.684333,32,sports ball,0.609115,685.142,275.998,730.662,320.928,707.902,298.463,45.520,44.930
identical_balls_trick_000_018.mp4,1061,17.701017,32,sports ball,0.866898,442.446,376.638,491.759,425.060,467.102,400.849,49.313,48.422
identical_balls_trick_000_018.mp4,1061,17.701017,32,sports ball,0.840409,684.950,261.797,730.082,306.986,707.516,284.391,45.131,45.189
identical_balls_trick_000_018.mp4,1061,17.701017,32,sports ball,0.383098,752.459,437.538,790.381,482.277,771.420,459.907,37.922,44.739
identical_balls_trick_000_018.mp4,1062,17.717700,32,sports ball,0.826457,442.096,404.849,490.051,454.010,466.073,429.430,47.955,49.161
identical_balls_trick_000_018.mp4,1062,17.717700,32,sports ball,0.744806,684.926,250.231,729.669,294.813,707.298,272.522,44.743,44.582
identical_balls_trick_000_018.mp4,1062,17.717700,32,sports ball,0.291439,774.271,444.488,808.877,489.283,791.574,466.886,34.606,44.795
identical_balls_trick_000_018.mp4,1062,17.717700,32,sports ball,0.169889,774.717,444.482,808.255,460.795,791.486,452.639,33.538,16.313
identical_balls_trick_000_018.mp4,1063,17.734383,32,sports ball,0.836086,794.556,451.865,833.126,499.947,813.841,475.906,38.570,48.082
identical_balls_trick_000_018.mp4,1063,17.734383,32,sports ball,0.806374,684.228,239.880,729.904,284.639,707.066,262.260,45.676,44.760
identical_balls_trick_000_018.mp4,1063,17.734383,32,sports ball,0.698048,440.374,434.901,488.084,482.612,464.229,458.756,47.710,47.710
identical_balls_trick_000_018.mp4,1064,17.751067,32,sports ball,0.752812,684.375,231.502,729.546,276.045,706.960,253.773,45.171,44.543
identical_balls_trick_000_018.mp4,1064,17.751067,32,sports ball,0.706134,439.809,465.417,487.862,512.555,463.836,488.986,48.053,47.138
identical_balls_trick_000_018.mp4,1064,17.751067,32,sports ball,0.666657,814.644,460.061,853.503,503.754,834.074,481.907,38.858,43.693
identical_balls_trick_000_018.mp4,1064,17.751067,32,sports ball,0.165495,815.877,459.952,852.784,476.346,834.331,468.149,36.907,16.393
identical_balls_trick_000_018.mp4,1065,17.767750,32,sports ball,0.632203,684.307,224.720,729.616,268.988,706.961,246.854,45.310,44.268
identical_balls_trick_000_018.mp4,1065,17.767750,32,sports ball,0.529052,443.074,490.751,491.986,537.842,467.530,514.296,48.912,47.092
identical_balls_trick_000_018.mp4,1065,17.767750,32,sports ball,0.432520,831.377,468.653,870.232,509.315,850.805,488.984,38.855,40.662
identical_balls_trick_000_018.mp4,1066,17.784433,32,sports ball,0.757230,684.206,219.794,729.475,264.160,706.840,241.977,45.269,44.366
identical_balls_trick_000_018.mp4,1066,17.784433,32,sports ball,0.731153,839.504,477.147,883.797,516.746,861.651,496.946,44.293,39.598
identical_balls_trick_000_018.mp4,1066,17.784433,32,sports ball,0.644572,448.659,514.082,496.541,562.509,472.600,538.296,47.882,48.428
identical_balls_trick_000_018.mp4,1067,17.801117,32,sports ball,0.839679,454.765,538.724,501.563,585.345,478.164,562.035,46.798,46.621
identical_balls_trick_000_018.mp4,1067,17.801117,32,sports ball,0.747909,684.257,216.550,729.606,261.814,706.932,239.182,45.348,45.264
identical_balls_trick_000_018.mp4,1067,17.801117,32,sports ball,0.630117,848.386,484.758,894.207,524.411,871.297,504.585,45.821,39.653
identical_balls_trick_000_018.mp4,1068,17.817800,32,sports ball,0.772934,684.316,215.564,729.703,260.425,707.009,237.995,45.386,44.861
identical_balls_trick_000_018.mp4,1068,17.817800,32,sports ball,0.714989,854.725,489.872,899.912,529.913,877.319,509.893,45.186,40.041
identical_balls_trick_000_018.mp4,1068,17.817800,32,sports ball,0.692664,461.351,561.187,508.932,608.474,485.141,584.831,47.580,47.287
identical_balls_trick_000_018.mp4,1069,17.834483,32,sports ball,0.915830,471.433,581.791,518.639,629.645,495.036,605.718,47.206,47.854
identical_balls_trick_000_018.mp4,1069,17.834483,32,sports ball,0.813586,684.496,216.192,729.629,261.283,707.062,238.738,45.133,45.091
identical_balls_trick_000_018.mp4,1069,17.834483,32,sports ball,0.733590,857.126,491.735,901.797,533.768,879.462,512.751,44.671,42.033
identical_balls_trick_000_018.mp4,1070,17.851167,32,sports ball,0.874582,482.431,598.334,528.928,646.436,505.680,622.385,46.497,48.102
identical_balls_trick_000_018.mp4,1070,17.851167,32,sports ball,0.834488,684.726,218.656,729.818,263.732,707.272,241.194,45.092,45.075
identical_balls_trick_000_018.mp4,1070,17.851167,32,sports ball,0.663518,855.914,491.283,900.197,533.160,878.056,512.221,44.283,41.877
identical_balls_trick_000_018.mp4,1071,17.867850,32,sports ball,0.880243,493.024,608.226,539.010,655.201,516.017,631.713,45.986,46.975
identical_balls_trick_000_018.mp4,1071,17.867850,32,sports ball,0.840132,684.841,223.432,729.773,268.058,707.307,245.745,44.933,44.626
identical_balls_trick_000_018.mp4,1071,17.867850,32,sports ball,0.654263,850.806,486.968,894.896,529.032,872.851,508.000,44.090,42.064
identical_balls_trick_000_018.mp4,1072,17.884533,32,sports ball,0.852302,842.522,481.446,887.456,524.810,864.989,503.128,44.935,43.364
identical_balls_trick_000_018.mp4,1072,17.884533,32,sports ball,0.827664,684.969,228.908,730.193,274.480,707.581,251.694,45.223,45.571
identical_balls_trick_000_018.mp4,1072,17.884533,32,sports ball,0.814747,500.801,609.369,546.690,655.273,523.745,632.321,45.890,45.904
identical_balls_trick_000_018.mp4,1073,17.901217,32,sports ball,0.835561,686.105,237.532,730.848,282.323,708.477,259.927,44.743,44.792
identical_balls_trick_000_018.mp4,1073,17.901217,32,sports ball,0.779899,506.222,602.047,552.153,648.759,529.187,625.403,45.931,46.713
identical_balls_trick_000_018.mp4,1073,17.901217,32,sports ball,0.254879,829.137,474.043,873.962,505.772,851.549,489.908,44.825,31.728
identical_balls_trick_000_018.mp4,1073,17.901217,32,sports ball,0.198241,829.213,473.951,874.863,517.563,852.038,495.757,45.649,43.612
identical_balls_trick_000_018.mp4,1074,17.917900,32,sports ball,0.816803,686.631,247.812,730.703,292.175,708.667,269.993,44.072,44.363
identical_balls_trick_000_018.mp4,1074,17.917900,32,sports ball,0.805249,812.725,464.215,857.149,507.798,834.937,486.007,44.424,43.583
identical_balls_trick_000_018.mp4,1074,17.917900,32,sports ball,0.773229,509.571,590.907,555.718,635.977,532.644,613.442,46.147,45.070
identical_balls_trick_000_018.mp4,1075,17.934583,32,sports ball,0.866692,511.712,571.991,558.014,617.601,534.863,594.796,46.302,45.609
identical_balls_trick_000_018.mp4,1075,17.934583,32,sports ball,0.786074,687.055,259.630,731.022,303.638,709.038,281.634,43.967,44.009
identical_balls_trick_000_018.mp4,1075,17.934583,32,sports ball,0.728346,792.740,453.076,834.696,488.746,813.718,470.911,41.956,35.670
identical_balls_trick_000_018.mp4,1076,17.951267,32,sports ball,0.777137,512.480,548.738,558.365,595.049,535.423,571.893,45.884,46.310
identical_balls_trick_000_018.mp4,1076,17.951267,32,sports ball,0.740490,686.486,272.482,731.248,317.133,708.867,294.807,44.761,44.650
identical_balls_trick_000_018.mp4,1076,17.951267,32,sports ball,0.718973,765.796,441.505,808.601,485.668,787.199,463.586,42.805,44.163
identical_balls_trick_000_018.mp4,1077,17.967950,32,sports ball,0.775438,737.849,430.836,778.988,473.594,758.418,452.215,41.139,42.759
identical_balls_trick_000_018.mp4,1077,17.967950,32,sports ball,0.626382,511.941,519.985,558.285,567.683,535.113,543.834,46.344,47.697
identical_balls_trick_000_018.mp4,1077,17.967950,32,sports ball,0.330613,687.895,288.754,731.490,332.553,709.692,310.653,43.594,43.800
identical_balls_trick_000_018.mp4,1078,17.984633,32,sports ball,0.856380,705.700,420.136,750.631,464.113,728.165,442.125,44.932,43.977
identical_balls_trick_000_018.mp4,1078,17.984633,32,sports ball,0.759245,512.134,487.619,558.939,534.993,535.536,511.306,46.805,47.374
identical_balls_trick_000_018.mp4,1078,17.984633,32,sports ball,0.648851,687.074,304.698,731.645,349.599,709.360,327.148,44.571,44.901
