frame,time_seconds,track_id,confidence,center_x,center_y,observed
3,0.050050,2,0.423802,642.018,442.363,1
3,0.050050,1,0.316478,552.707,370.275,1
4,0.066733,2,0.174869,669.881,445.370,1
4,0.066733,1,0.173085,552.559,393.414,1
5,0.083417,2,0.174869,684.483,446.675,0
5,0.083417,1,0.234933,552.302,421.833,1
6,0.100100,2,0.174869,699.084,447.980,0
6,0.100100,1,0.234933,552.149,439.334,0
7,0.116783,2,0.174869,713.686,449.285,0
7,0.116783,1,0.367508,551.937,477.037,1
8,0.133467,2,0.174869,728.287,450.591,0
8,0.133467,1,0.392281,551.344,514.798,1
9,0.150150,1,0.487755,550.461,546.746,1
10,0.166833,1,0.310782,549.634,574.236,1
11,0.183517,1,0.542597,549.269,597.694,1
11,0.183517,3,0.377585,710.171,219.466,1
11,0.183517,4,0.367093,824.157,496.583,1
12,0.200200,1,0.605218,550.040,618.476,1
12,0.200200,3,0.516596,709.994,206.087,1
12,0.200200,4,0.682039,843.162,507.018,1
13,0.216883,1,0.358755,551.700,635.322,1
13,0.216883,3,0.565671,709.890,195.682,1
13,0.216883,4,0.712757,859.469,518.102,1
14,0.233567,1,0.350017,553.470,647.180,1
14,0.233567,3,0.564068,709.630,188.040,1
14,0.233567,4,0.495818,869.422,528.307,1
15,0.250250,1,0.404544,554.929,653.113,1
15,0.250250,3,0.597595,709.250,182.815,1
15,0.250250,4,0.746927,876.376,535.973,1
16,0.266933,1,0.167349,556.532,653.342,1
16,0.266933,3,0.367813,708.781,180.173,1
16,0.266933,4,0.545438,879.843,539.375,1
17,0.283617,1,0.243756,559.101,647.455,1
17,0.283617,3,0.416879,708.297,179.674,1
17,0.283617,4,0.557488,880.007,538.685,1
18,0.300300,1,0.243756,560.583,654.795,0
18,0.300300,3,0.422731,707.904,181.233,1
18,0.300300,4,0.274658,876.473,533.934,1
19,0.316983,1,0.243756,562.064,662.136,0
19,0.316983,3,0.383042,707.195,184.927,1
19,0.316983,4,0.645809,869.475,526.603,1
20,0.333667,1,0.243756,563.546,669.476,0
20,0.333667,3,0.332878,706.544,190.702,1
20,0.333667,4,0.527379,858.464,516.656,1
21,0.350350,1,0.243756,565.027,676.817,0
21,0.350350,3,0.646414,705.663,198.686,1
21,0.350350,4,0.815502,842.465,503.928,1
21,0.350350,5,0.786701,566.227,564.569,1
22,0.367033,1,0.243756,566.508,684.157,0
22,0.367033,3,0.398722,705.031,208.329,1
22,0.367033,4,0.652632,821.374,490.843,1
22,0.367033,5,0.353248,565.912,538.482,1
23,0.383717,3,0.398722,704.418,212.523,0
23,0.383717,4,0.652632,811.551,483.412,0
23,0.383717,5,0.353248,565.797,525.443,0
24,0.400400,3,0.398722,703.805,216.716,0
24,0.400400,4,0.652632,801.728,475.982,0
24,0.400400,5,0.233889,563.605,486.407,1
25,0.417083,3,0.398722,703.193,220.910,0
25,0.417083,4,0.652632,791.906,468.551,0
25,0.417083,5,0.215930,561.692,449.422,1
26,0.433767,3,0.238493,702.201,247.044,1
26,0.433767,4,0.652632,782.083,461.120,0
26,0.433767,5,0.401178,559.819,416.005,1
27,0.450450,3,0.238493,701.488,257.061,0
27,0.450450,4,0.652632,772.260,453.689,0
27,0.450450,5,0.466888,558.191,386.133,1
28,0.467133,3,0.238493,700.774,267.079,0
28,0.467133,5,0.171008,556.363,359.449,1
28,0.467133,6,0.242007,641.473,432.461,1
29,0.483817,3,0.238493,700.061,277.096,0
29,0.483817,5,0.171008,554.824,331.170,0
29,0.483817,6,0.462185,612.675,429.058,1
30,0.500500,5,0.171008,553.285,302.891,0
30,0.500500,6,0.462185,597.622,427.090,0
31,0.517183,5,0.171008,551.747,274.612,0
31,0.517183,6,0.410164,556.613,426.114,1
32,0.533867,5,0.323144,550.335,265.058,1
32,0.533867,6,0.602299,517.876,426.588,1
33,0.550550,5,0.323144,548.830,241.728,0
33,0.550550,6,0.285586,487.349,427.228,1
34,0.567233,5,0.324232,547.162,237.513,1
34,0.567233,6,0.605055,461.606,428.452,1
35,0.583917,5,0.507854,545.407,233.018,1
35,0.583917,6,0.425844,439.657,430.931,1
36,0.600600,5,0.561544,543.564,228.444,1
36,0.600600,6,0.765362,420.523,434.897,1
37,0.617283,5,0.705689,541.523,224.235,1
37,0.617283,6,0.501405,403.546,441.180,1
38,0.633967,5,0.647198,539.871,220.565,1
38,0.633967,6,0.438271,389.841,448.772,1
38,0.633967,7,0.245490,700.755,549.388,1
39,0.650650,5,0.729371,538.265,217.794,1
39,0.650650,6,0.536532,379.638,457.462,1
39,0.650650,7,0.172616,704.906,566.757,1
40,0.667333,5,0.641279,536.819,216.405,1
40,0.667333,6,0.617943,372.777,465.850,1
40,0.667333,7,0.172616,706.877,576.125,0
41,0.684017,5,0.783769,535.219,216.386,1
41,0.684017,6,0.761419,369.258,473.169,1
41,0.684017,7,0.484728,714.441,593.458,1
42,0.700700,5,0.718021,533.816,218.053,1
42,0.700700,6,0.684927,369.574,477.999,1
42,0.700700,7,0.154155,721.576,604.348,1
43,0.717383,5,0.734895,532.241,221.416,1
43,0.717383,6,0.653944,374.379,479.851,1
43,0.717383,7,0.451637,727.589,608.800,1
44,0.734067,5,0.679190,530.809,226.547,1
44,0.734067,6,0.711574,384.268,478.217,1
44,0.734067,7,0.281426,732.325,606.061,1
45,0.750750,5,0.592937,529.359,233.452,1
45,0.750750,6,0.223803,398.294,473.167,1
45,0.750750,7,0.246790,735.762,596.876,1
46,0.767433,5,0.397046,528.015,242.453,1
46,0.767433,6,0.645670,416.735,465.448,1
46,0.767433,7,0.163166,737.832,581.625,1
47,0.784117,5,0.344348,526.416,253.279,1
47,0.784117,6,0.320098,439.036,455.864,1
47,0.784117,7,0.163166,741.790,579.159,0
48,0.800800,5,0.332317,525.107,265.943,1
48,0.800800,6,0.538071,466.216,445.814,1
48,0.800800,7,0.163166,745.747,576.693,0
49,0.817483,5,0.171885,523.593,280.507,1
49,0.817483,6,0.538071,481.589,440.564,0
49,0.817483,7,0.163166,749.704,574.228,0
50,0.834167,5,0.152753,522.327,296.952,1
50,0.834167,6,0.538071,496.961,435.313,0
50,0.834167,7,0.163166,753.661,571.762,0
51,0.850850,5,0.152753,520.913,308.305,0
51,0.850850,6,0.538071,512.334,430.063,0
51,0.850850,7,0.163166,757.619,569.297,0
52,0.867533,5,0.163751,519.736,330.587,1
52,0.867533,6,0.538071,527.706,424.812,0
52,0.867533,8,0.570347,593.087,422.147,1
53,0.884217,5,0.163751,518.385,344.840,0
53,0.884217,6,0.538071,543.079,419.562,0
53,0.884217,8,0.681932,622.551,421.739,1
54,0.900900,5,0.322542,517.190,372.249,1
54,0.900900,8,0.588258,656.870,422.562,1
54,0.900900,9,0.370713,724.007,375.924,1
55,0.917583,5,0.322542,515.881,389.993,0
55,0.917583,8,0.588258,678.659,422.519,0
55,0.917583,9,0.370713,723.426,370.729,0
56,0.934267,5,0.322542,514.571,407.738,0
56,0.934267,8,0.588258,700.447,422.475,0
56,0.934267,9,0.370713,722.845,365.534,0
57,0.950950,5,0.322542,513.261,425.482,0
57,0.950950,8,0.588258,722.236,422.432,0
57,0.950950,9,0.370713,722.265,360.338,0
58,0.967633,5,0.322542,511.952,443.227,0
58,0.967633,8,0.588258,744.025,422.388,0
59,0.984317,5,0.322542,510.642,460.971,0
59,0.984317,8,0.588258,765.813,422.345,0
61,1.017683,10,0.570672,711.504,274.097,1
61,1.017683,11,0.522932,514.163,557.972,1
62,1.034367,10,0.288525,710.079,267.220,1
62,1.034367,11,0.510213,515.786,577.550,1
62,1.034367,12,0.258080,836.905,488.426,1
63,1.051050,10,0.460047,708.468,260.736,1
63,1.051050,11,0.482496,519.427,597.721,1
63,1.051050,12,0.828152,851.074,500.193,1
64,1.067733,10,0.341961,706.867,256.084,1
64,1.067733,11,0.294352,524.482,616.347,1
64,1.067733,12,0.593765,864.623,513.139,1
65,1.084417,10,0.669190,705.128,253.258,1
65,1.084417,11,0.683816,530.588,631.083,1
65,1.084417,12,0.697216,875.034,524.762,1
66,1.101100,10,0.558849,703.792,252.432,1
66,1.101100,11,0.685367,537.214,640.188,1
66,1.101100,12,0.586258,880.839,532.358,1
67,1.117783,10,0.552383,702.506,253.531,1
67,1.117783,11,0.739934,543.889,642.709,1
67,1.117783,12,0.694732,881.953,534.773,1
68,1.134467,10,0.552383,701.172,251.435,0
68,1.134467,11,0.418118,550.195,638.328,1
68,1.134467,12,0.241337,878.637,532.297,1
69,1.151150,10,0.379034,700.258,258.468,1
69,1.151150,11,0.241946,556.116,627.382,1
69,1.151150,12,0.373646,871.547,525.662,1
70,1.167833,10,0.677144,699.103,267.268,1
70,1.167833,11,0.696160,561.537,610.414,1
70,1.167833,12,0.676945,860.658,515.735,1
71,1.184517,10,0.419660,697.803,277.628,1
71,1.184517,11,0.730344,565.281,588.563,1
71,1.184517,12,0.701896,845.023,503.843,1
72,1.201200,10,0.354251,696.676,289.680,1
72,1.201200,11,0.704105,567.445,561.203,1
72,1.201200,12,0.534932,823.788,490.918,1
73,1.217883,10,0.354251,695.473,296.269,0
73,1.217883,11,0.392857,568.285,530.209,1
73,1.217883,12,0.534932,813.987,484.399,0
74,1.234567,10,0.354251,694.270,302.858,0
74,1.234567,11,0.392857,571.649,512.318,0
74,1.234567,12,0.534932,804.186,477.880,0
75,1.251250,10,0.354251,693.067,309.447,0
75,1.251250,11,0.392857,575.012,494.427,0
75,1.251250,12,0.534932,794.386,471.361,0
76,1.267933,10,0.190490,692.153,337.073,1
76,1.267933,11,0.392857,578.376,476.535,0
76,1.267933,12,0.534932,784.585,464.842,0
77,1.284617,10,0.187272,691.222,364.706,1
77,1.284617,11,0.392857,581.740,458.644,0
77,1.284617,12,0.534932,774.784,458.323,0
78,1.301300,10,0.393691,690.339,391.979,1
78,1.301300,11,0.526583,601.173,446.064,1
78,1.301300,13,0.395392,561.169,386.071,1
79,1.317983,10,0.393691,689.316,411.172,0
79,1.317983,11,0.177729,600.369,440.522,1
79,1.317983,13,0.395392,560.997,380.056,0
80,1.334667,10,0.393691,688.292,430.365,0
80,1.334667,11,0.177729,605.760,426.944,0
80,1.334667,13,0.395392,560.824,374.041,0
81,1.351350,10,0.393691,687.269,449.558,0
81,1.351350,11,0.177729,611.151,413.366,0
81,1.351350,13,0.395392,560.652,368.026,0
82,1.368033,10,0.393691,686.245,468.751,0
82,1.368033,11,0.177729,616.541,399.788,0
83,1.384717,10,0.162578,687.837,504.748,1
84,1.401400,10,0.543078,689.667,535.225,1
85,1.418083,10,0.653707,691.372,561.129,1
85,1.418083,14,0.602160,475.112,464.271,1
86,1.434767,10,0.704889,692.503,583.276,1
86,1.434767,14,0.546558,460.023,467.346,1
86,1.434767,15,0.626839,552.459,251.150,1
87,1.451450,10,0.694510,693.733,601.973,1
87,1.451450,14,0.757537,442.290,471.911,1
87,1.451450,15,0.628751,551.211,242.423,1
88,1.468133,10,0.185077,695.745,617.079,1
88,1.468133,14,0.571976,424.787,477.646,1
88,1.468133,15,0.381717,549.466,233.797,1
89,1.484817,10,0.464609,698.740,627.776,1
89,1.484817,14,0.318146,410.124,483.604,1
89,1.484817,15,0.491486,547.494,226.635,1
90,1.501500,10,0.379223,702.444,634.067,1
90,1.501500,14,0.207809,399.384,489.201,1
90,1.501500,15,0.433351,545.628,221.502,1
91,1.518183,10,0.567688,706.371,635.666,1
91,1.518183,14,0.753553,392.293,493.766,1
91,1.518183,15,0.599460,544.076,218.408,1
92,1.534867,10,0.572400,710.216,632.357,1
92,1.534867,14,0.738469,389.048,496.892,1
92,1.534867,15,0.740917,542.630,217.455,1
93,1.551550,10,0.590610,713.341,624.546,1
93,1.551550,14,0.396874,389.743,498.107,1
93,1.551550,15,0.656230,541.124,218.490,1
94,1.568233,10,0.686904,716.108,611.686,1
94,1.568233,14,0.629152,394.528,496.882,1
94,1.568233,15,0.610893,539.773,221.741,1
95,1.584917,10,0.573917,718.239,593.600,1
95,1.584917,14,0.512094,404.053,493.387,1
95,1.584917,15,0.669537,538.400,227.181,1
96,1.601600,10,0.681663,720.026,570.220,1
96,1.601600,14,0.682607,418.223,487.798,1
96,1.601600,15,0.665648,537.322,234.748,1
97,1.618283,10,0.441515,721.923,542.703,1
97,1.618283,14,0.571065,437.144,479.346,1
97,1.618283,15,0.435560,536.263,244.479,1
98,1.634967,10,0.666538,723.556,511.032,1
98,1.634967,14,0.416180,460.613,469.389,1
98,1.634967,15,0.478928,535.024,256.122,1
99,1.651650,10,0.666538,725.699,491.763,0
99,1.651650,14,0.416180,472.524,464.566,0
99,1.651650,15,0.309293,533.817,269.813,1
100,1.668333,10,0.666538,727.842,472.494,0
100,1.668333,14,0.416180,484.434,459.742,0
100,1.668333,15,0.256286,532.696,285.435,1
101,1.685017,10,0.666538,729.984,453.224,0
101,1.685017,14,0.416180,496.345,454.919,0
101,1.685017,15,0.256286,531.484,295.651,0
102,1.701700,10,0.666538,732.127,433.955,0
102,1.701700,14,0.416180,508.256,450.096,0
102,1.701700,15,0.256286,530.273,305.867,0
103,1.718383,10,0.666538,734.270,414.686,0
103,1.718383,14,0.416180,520.167,445.272,0
103,1.718383,15,0.256286,529.062,316.083,0
104,1.735067,15,0.319037,528.950,348.414,1
104,1.735067,16,0.677499,631.770,423.227,1
105,1.751750,15,0.283096,528.503,380.717,1
105,1.751750,16,0.591057,657.989,421.847,1
106,1.768433,15,0.237090,528.200,412.870,1
106,1.768433,16,0.263600,688.874,421.857,1
106,1.768433,17,0.344111,733.950,308.803,1
107,1.785117,15,0.237090,527.537,436.381,0
107,1.785117,16,0.263600,708.344,421.207,0
107,1.785117,17,0.344111,734.344,304.064,0
108,1.801800,15,0.237090,526.873,459.893,0
108,1.801800,16,0.237189,744.659,426.039,1
108,1.801800,17,0.241559,736.540,282.176,1
109,1.818483,15,0.237090,526.209,483.405,0
109,1.818483,16,0.527057,774.876,432.341,1
109,1.818483,17,0.504879,738.369,262.019,1
110,1.835167,15,0.237090,525.546,506.916,0
110,1.835167,16,0.182979,796.773,439.275,1
110,1.835167,17,0.324054,740.238,244.972,1
111,1.851850,15,0.495235,525.088,536.881,1
111,1.851850,16,0.151721,814.248,445.497,1
111,1.851850,17,0.410960,741.869,231.271,1
112,1.868533,15,0.243094,525.133,558.877,1
112,1.868533,16,0.151721,837.291,449.904,0
112,1.868533,17,0.413952,743.487,220.575,1
113,1.885217,15,0.416150,524.772,577.312,1
113,1.885217,16,0.529654,851.174,456.512,1
113,1.885217,17,0.424971,744.986,212.495,1
114,1.901900,15,0.258443,527.890,593.634,1
114,1.901900,16,0.556569,863.906,463.505,1
114,1.901900,17,0.421475,746.662,206.960,1
115,1.918583,15,0.596575,534.227,607.285,1
115,1.918583,16,0.459632,874.214,470.501,1
115,1.918583,17,0.479621,748.254,203.774,1
116,1.935267,15,0.681492,541.642,618.107,1
116,1.935267,16,0.703141,881.931,477.229,1
116,1.935267,17,0.510154,749.661,202.896,1
117,1.951950,15,0.686895,549.856,624.635,1
117,1.951950,16,0.721134,885.809,483.011,1
117,1.951950,17,0.573551,751.149,204.299,1
118,1.968633,15,0.646838,558.131,626.233,1
118,1.968633,16,0.812165,886.015,485.974,1
118,1.968633,17,0.659449,752.574,207.763,1
119,1.985317,15,0.398618,566.014,622.221,1
119,1.985317,16,0.556014,882.462,485.563,1
119,1.985317,17,0.548962,754.058,213.276,1
120,2.002000,15,0.430245,572.891,612.125,1
120,2.002000,16,0.710573,875.204,481.312,1
120,2.002000,17,0.474735,755.683,220.734,1
121,2.018683,15,0.369831,578.637,596.229,1
121,2.018683,16,0.626502,863.947,474.176,1
121,2.018683,17,0.388471,757.185,230.180,1
122,2.035367,15,0.465696,582.814,575.349,1
122,2.035367,16,0.311409,847.969,464.736,1
122,2.035367,17,0.230365,758.762,241.566,1
123,2.052050,15,0.319400,585.241,549.487,1
123,2.052050,16,0.270488,827.014,453.925,1
123,2.052050,17,0.289579,760.248,254.776,1
124,2.068733,15,0.282275,585.683,518.128,1
124,2.068733,16,0.262667,801.763,444.088,1
124,2.068733,17,0.537722,761.641,269.768,1
125,2.085417,15,0.266356,584.444,483.177,1
125,2.085417,16,0.344983,773.893,435.544,1
125,2.085417,17,0.542735,763.237,286.796,1
126,2.102100,15,0.266356,586.807,461.168,0
126,2.102100,16,0.344983,756.431,428.610,0
126,2.102100,17,0.542735,764.753,298.447,0
127,2.118783,15,0.279146,582.913,424.003,1
127,2.118783,16,0.513195,724.422,424.123,1
127,2.118783,17,0.205178,766.318,321.413,1
128,2.135467,15,0.345877,578.960,389.365,1
128,2.135467,16,0.600795,692.966,422.047,1
128,2.135467,17,0.440124,767.851,345.777,1
129,2.152150,15,0.424019,575.085,357.257,1
129,2.152150,16,0.695043,662.296,422.231,1
129,2.152150,17,0.537359,769.224,371.542,1
130,2.168833,15,0.499857,571.555,328.478,1
130,2.168833,16,0.782396,632.467,424.498,1
130,2.168833,17,0.606084,770.547,398.742,1
131,2.185517,15,0.499857,569.576,299.300,0
131,2.185517,16,0.248097,603.594,428.824,1
131,2.185517,17,0.606084,771.991,420.283,0
132,2.202200,15,0.499857,567.596,270.122,0
132,2.202200,16,0.262459,575.260,435.005,1
132,2.202200,17,0.606084,773.436,441.823,0
133,2.218883,15,0.207751,564.931,252.745,1
133,2.218883,16,0.308672,550.800,441.037,1
133,2.218883,17,0.606084,774.881,463.364,0
134,2.235567,15,0.501416,562.425,237.101,1
134,2.235567,16,0.418960,533.416,446.627,1
134,2.235567,17,0.769837,773.640,500.435,1
135,2.252250,15,0.455060,559.892,223.199,1
135,2.252250,16,0.188705,522.363,452.571,1
135,2.252250,17,0.498007,772.944,532.100,1
136,2.268933,15,0.510997,557.453,210.609,1
136,2.268933,16,0.273919,516.124,460.387,1
136,2.268933,17,0.410073,773.855,558.663,1
137,2.285617,15,0.436119,555.014,199.846,1
137,2.285617,16,0.414497,511.632,472.363,1
137,2.285617,17,0.356465,776.299,580.159,1
138,2.302300,15,0.559720,552.590,190.550,1
138,2.302300,16,0.329274,510.588,489.572,1
138,2.302300,17,0.421178,779.161,597.901,1
139,2.318983,15,0.772909,550.347,182.622,1
139,2.318983,16,0.660365,511.778,510.199,1
139,2.318983,17,0.457568,782.154,611.151,1
140,2.335667,15,0.466836,548.062,176.324,1
140,2.335667,16,0.407742,514.267,532.509,1
140,2.335667,17,0.721026,784.958,621.107,1
141,2.352350,15,0.485890,545.980,171.843,1
141,2.352350,16,0.388497,518.842,552.655,1
141,2.352350,17,0.502307,787.716,627.179,1
142,2.369033,15,0.317609,543.871,169.235,1
142,2.369033,16,0.162417,524.891,572.316,1
142,2.369033,17,0.501670,790.119,629.743,1
143,2.385717,15,0.410964,541.635,168.402,1
143,2.385717,16,0.220436,533.272,589.434,1
143,2.385717,17,0.425724,792.010,629.107,1
144,2.402400,15,0.473988,539.354,169.406,1
144,2.402400,16,0.629619,542.870,601.552,1
144,2.402400,17,0.467829,793.359,625.233,1
145,2.419083,15,0.689637,537.145,172.206,1
145,2.419083,16,0.581164,552.716,607.797,1
145,2.419083,17,0.525163,793.846,618.415,1
146,2.435767,15,0.560104,534.979,176.889,1
146,2.435767,16,0.534707,562.093,606.963,1
146,2.435767,17,0.422018,793.403,608.494,1
147,2.452450,15,0.736217,532.863,183.386,1
147,2.452450,16,0.497786,570.660,598.870,1
147,2.452450,17,0.618043,791.825,595.898,1
148,2.469133,15,0.211950,530.760,191.876,1
148,2.469133,16,0.439343,577.790,583.476,1
148,2.469133,17,0.701335,788.832,580.264,1
149,2.485817,15,0.754886,528.649,202.441,1
149,2.485817,16,0.674719,583.119,561.038,1
149,2.485817,17,0.508391,784.352,561.153,1
150,2.502500,15,0.503687,526.633,214.949,1
150,2.502500,16,0.674719,589.790,554.719,0
150,2.502500,17,0.317106,777.947,542.215,1
151,2.519183,15,0.575192,524.543,229.624,1
151,2.519183,16,0.674719,596.461,548.399,0
151,2.519183,17,0.361943,770.310,520.612,1
152,2.535867,15,0.334458,522.722,246.310,1
152,2.535867,16,0.674719,603.132,542.080,0
152,2.535867,17,0.361943,766.180,505.569,0
153,2.552550,15,0.334458,520.690,257.471,0
153,2.552550,16,0.674719,609.804,535.761,0
153,2.552550,17,0.361943,762.051,490.526,0
154,2.569233,15,0.334458,518.657,268.632,0
154,2.569233,16,0.674719,616.475,529.442,0
154,2.569233,17,0.163878,742.334,464.345,1
155,2.585917,15,0.334458,516.625,279.794,0
155,2.585917,17,0.163878,734.068,446.346,0
156,2.602600,15,0.334458,514.592,290.955,0
156,2.602600,17,0.163878,725.801,428.347,0
157,2.619283,15,0.334458,512.560,302.116,0
157,2.619283,17,0.163878,717.535,410.348,0
158,2.635967,17,0.150747,691.201,394.881,1
159,2.652650,17,0.337487,668.008,382.777,1
160,2.669333,17,0.232717,647.171,373.741,1
161,2.686017,17,0.255053,628.889,367.252,1
162,2.702700,17,0.226759,612.042,363.689,1
163,2.719383,17,0.383228,597.505,363.242,1
164,2.736067,17,0.200456,587.320,364.499,1
164,2.736067,18,0.303264,585.988,159.958,1
165,2.752750,17,0.465880,580.563,366.398,1
165,2.752750,18,0.382468,586.308,147.531,1
166,2.769433,17,0.217552,576.311,368.457,1
166,2.769433,18,0.337543,586.588,135.073,1
167,2.786117,17,0.284479,574.182,370.441,1
167,2.786117,18,0.509764,586.830,124.025,1
168,2.802800,17,0.365587,573.805,372.088,1
168,2.802800,18,0.293135,587.020,114.976,1
169,2.819483,17,0.240678,575.013,373.100,1
169,2.819483,18,0.597210,587.207,108.416,1
170,2.836167,17,0.240678,570.808,373.255,0
170,2.836167,18,0.682272,587.420,104.178,1
171,2.852850,17,0.173641,577.022,371.351,1
171,2.852850,18,0.709931,587.672,102.248,1
172,2.869533,17,0.173641,575.582,370.960,0
172,2.869533,18,0.578858,587.975,102.726,1
173,2.886217,17,0.594231,585.134,368.221,1
173,2.886217,18,0.596318,588.196,105.511,1
174,2.902900,17,0.594231,586.611,367.207,0
174,2.902900,18,0.535718,588.461,110.706,1
175,2.919583,17,0.594231,588.087,366.192,0
175,2.919583,18,0.273974,588.918,118.093,1
176,2.936267,17,0.594231,589.564,365.178,0
176,2.936267,18,0.168093,589.274,127.589,1
177,2.952950,17,0.221518,601.393,371.329,1
177,2.952950,18,0.315567,589.739,139.268,1
178,2.969633,17,0.215738,611.063,379.266,1
178,2.969633,18,0.489735,590.232,153.246,1
179,2.986317,17,0.215738,616.733,382.024,0
179,2.986317,18,0.340838,590.538,169.256,1
180,3.003000,17,0.219513,623.447,395.835,1
180,3.003000,18,0.595176,590.892,187.162,1
180,3.003000,19,0.569325,448.460,349.652,1
181,3.019683,17,0.219513,629.393,401.527,0
181,3.019683,18,0.595176,591.256,199.359,0
181,3.019683,19,0.223878,448.500,321.674,1
182,3.036367,17,0.219513,635.340,407.218,0
182,3.036367,18,0.270081,591.618,223.587,1
182,3.036367,19,0.575112,448.799,290.452,1
183,3.053050,17,0.219513,641.286,412.910,0
183,3.053050,18,0.270081,591.982,238.977,0
183,3.053050,19,0.512287,449.595,259.500,1
184,3.069733,17,0.219513,647.233,418.602,0
184,3.069733,18,0.577597,592.254,269.496,1
184,3.069733,19,0.696991,450.442,230.815,1
185,3.086417,18,0.470359,592.434,301.552,1
185,3.086417,19,0.613655,451.676,204.766,1
186,3.103100,18,0.743428,592.783,334.221,1
186,3.103100,19,0.731809,452.690,180.992,1
187,3.119783,18,0.350710,593.178,367.937,1
187,3.119783,19,0.479483,453.807,159.519,1
188,3.136467,18,0.350710,593.511,395.538,0
188,3.136467,19,0.378930,454.674,140.501,1
189,3.153150,18,0.464858,597.446,428.691,1
189,3.153150,19,0.656570,455.751,123.626,1
190,3.169833,18,0.722150,604.129,460.023,1
190,3.169833,19,0.809122,457.045,108.858,1
190,3.169833,20,0.504266,657.526,580.476,1
191,3.186517,18,0.253808,613.921,489.536,1
191,3.186517,19,0.748638,458.446,96.599,1
191,3.186517,20,0.238369,658.922,598.090,1
192,3.203200,18,0.341920,626.260,517.076,1
192,3.203200,19,0.667083,459.817,86.465,1
192,3.203200,20,0.238369,661.709,615.578,0
193,3.219883,18,0.351526,640.008,539.693,1
193,3.219883,19,0.768199,461.164,78.594,1
193,3.219883,20,0.238369,664.495,633.067,0
194,3.236567,18,0.546083,653.821,557.906,1
194,3.236567,19,0.719102,462.641,72.697,1
194,3.236567,20,0.300697,654.890,638.615,1
195,3.253250,18,0.567243,667.712,572.229,1
195,3.253250,19,0.745161,464.242,68.707,1
195,3.253250,20,0.198729,648.506,643.872,1
196,3.269933,18,0.544908,681.409,582.700,1
196,3.269933,19,0.741857,465.753,66.596,1
196,3.269933,20,0.351820,643.782,649.814,1
197,3.286617,18,0.436147,694.351,590.266,1
197,3.286617,19,0.710444,467.370,66.477,1
197,3.286617,20,0.286330,640.638,653.776,1
198,3.303300,18,0.336857,706.288,595.354,1
198,3.303300,19,0.690846,468.827,68.387,1
198,3.303300,20,0.198897,638.459,655.200,1
199,3.319983,18,0.403470,716.888,596.945,1
199,3.319983,19,0.653064,470.400,72.190,1
199,3.319983,20,0.174080,636.423,653.913,1
200,3.336667,18,0.453058,725.919,597.109,1
200,3.336667,19,0.736548,471.938,77.763,1
200,3.336667,20,0.409420,633.747,649.866,1
201,3.353350,18,0.478330,733.024,595.569,1
201,3.353350,19,0.726834,473.402,85.584,1
201,3.353350,20,0.409420,631.138,652.130,0
202,3.370033,18,0.500766,738.287,592.074,1
202,3.370033,19,0.719677,474.951,95.397,1
202,3.370033,20,0.230156,627.587,640.543,1
203,3.386717,18,0.512199,741.674,587.195,1
203,3.386717,19,0.775647,476.410,107.139,1
203,3.386717,20,0.437184,623.685,625.942,1
204,3.403400,18,0.285291,743.079,580.586,1
204,3.403400,19,0.574887,477.975,121.183,1
204,3.403400,20,0.421739,620.068,607.966,1
205,3.420083,18,0.408854,742.542,572.190,1
205,3.420083,19,0.501061,479.748,137.081,1
205,3.420083,20,0.459729,616.741,585.820,1
206,3.436767,18,0.460030,740.730,561.217,1
206,3.436767,19,0.633669,481.357,155.051,1
206,3.436767,20,0.827461,613.066,558.522,1
207,3.453450,18,0.470665,736.681,547.928,1
207,3.453450,19,0.681088,482.870,175.131,1
207,3.453450,20,0.746400,609.737,526.389,1
208,3.470133,18,0.445040,731.224,531.347,1
208,3.470133,19,0.557390,484.380,196.990,1
208,3.470133,20,0.587184,607.072,490.136,1
209,3.486817,18,0.445040,730.337,521.549,0
209,3.486817,19,0.465355,485.895,221.038,1
209,3.486817,20,0.300605,605.159,450.108,1
210,3.503500,18,0.198654,717.623,499.054,1
210,3.503500,19,0.372604,487.626,246.989,1
210,3.503500,20,0.404739,603.320,408.960,1
211,3.520183,18,0.198654,713.597,485.887,0
211,3.520183,19,0.372604,489.219,267.407,0
211,3.520183,20,0.404739,600.741,376.979,0
212,3.536867,18,0.198654,709.571,472.719,0
212,3.536867,19,0.372604,490.813,287.826,0
212,3.536867,20,0.404739,598.162,344.999,0
213,3.553550,18,0.198654,705.545,459.552,0
213,3.553550,19,0.372604,492.406,308.245,0
213,3.553550,20,0.404739,595.583,313.018,0
214,3.570233,18,0.506249,682.518,438.472,1
214,3.570233,19,0.372604,493.999,328.664,0
214,3.570233,20,0.207302,595.671,271.945,1
215,3.586917,18,0.380025,662.235,421.524,1
215,3.586917,19,0.372604,495.592,349.082,0
215,3.586917,20,0.207302,593.800,237.552,0
216,3.603600,18,0.684077,644.199,409.492,1
216,3.603600,20,0.437430,593.627,203.704,1
217,3.620283,18,0.684077,630.565,394.756,0
217,3.620283,20,0.225459,593.207,173.541,1
218,3.636967,18,0.684077,616.930,380.019,0
218,3.636967,20,0.180079,592.541,146.979,1
219,3.653650,18,0.684077,603.295,365.283,0
219,3.653650,20,0.321446,591.716,123.494,1
220,3.670333,18,0.684077,589.660,350.547,0
220,3.670333,20,0.317701,590.540,102.793,1
221,3.687017,18,0.684077,576.026,335.810,0
221,3.687017,20,0.559315,589.178,84.434,1
222,3.703700,20,0.529218,587.656,68.478,1
223,3.720383,20,0.663773,586.192,54.490,1
224,3.737067,20,0.645844,584.668,42.462,1
224,3.737067,21,0.156587,612.531,410.105,1
225,3.753750,20,0.581627,583.167,32.336,1
225,3.753750,21,0.556472,609.644,407.366,1
226,3.770433,20,0.665628,581.624,24.008,1
226,3.770433,21,0.613691,607.027,401.379,1
227,3.787117,20,0.694482,580.060,17.740,1
227,3.787117,21,0.575403,604.990,394.728,1
228,3.803800,20,0.672982,578.561,13.710,1
228,3.803800,21,0.691335,604.075,386.927,1
229,3.820483,20,0.576044,577.143,11.975,1
229,3.820483,21,0.417661,603.267,379.519,1
230,3.837167,20,0.269537,575.444,12.092,1
230,3.837167,21,0.417661,601.908,373.783,0
231,3.853850,20,0.442330,573.640,13.566,1
231,3.853850,21,0.286451,601.535,367.028,1
232,3.870533,20,0.463228,572.090,16.173,1
232,3.870533,21,0.619823,600.956,362.878,1
233,3.887217,20,0.241906,570.605,20.482,1
233,3.887217,21,0.355632,600.498,361.373,1
234,3.903900,20,0.270484,569.095,27.071,1
234,3.903900,21,0.230611,600.147,362.455,1
235,3.920583,20,0.500854,567.574,35.659,1
235,3.920583,21,0.387495,599.731,366.289,1
236,3.937267,20,0.428551,566.154,46.376,1
236,3.937267,21,0.386507,599.318,372.435,1
237,3.953950,20,0.471742,564.651,59.071,1
237,3.953950,21,0.281529,598.853,380.862,1
238,3.970633,20,0.360425,563.308,73.790,1
238,3.970633,21,0.281529,598.312,383.657,0
238,3.970633,22,0.208366,446.678,326.430,1
239,3.987317,20,0.404509,561.806,90.538,1
239,3.987317,21,0.281529,597.770,386.452,0
239,3.987317,22,0.479523,449.614,297.298,1
240,4.004000,20,0.457863,560.221,109.115,1
240,4.004000,21,0.281529,597.228,389.246,0
240,4.004000,22,0.381601,452.272,264.879,1
241,4.020683,20,0.371561,558.830,129.669,1
241,4.020683,21,0.281529,596.687,392.041,0
241,4.020683,22,0.503649,455.199,232.891,1
242,4.037367,20,0.391517,557.607,152.295,1
242,4.037367,21,0.281529,596.145,394.836,0
242,4.037367,22,0.667761,458.434,203.024,1
243,4.054050,20,0.360771,556.515,176.511,1
243,4.054050,22,0.673564,461.299,175.689,1
243,4.054050,23,0.328624,593.701,472.135,1
244,4.070733,20,0.213564,555.442,202.549,1
244,4.070733,22,0.759313,464.385,151.114,1
244,4.070733,23,0.660737,592.826,491.207,1
245,4.087417,20,0.213564,554.185,223.424,0
245,4.087417,22,0.446376,467.762,129.394,1
245,4.087417,23,0.660737,592.373,500.925,0
246,4.104100,20,0.213564,552.928,244.299,0
246,4.104100,22,0.273418,470.922,109.994,1
246,4.104100,23,0.660737,591.920,510.642,0
247,4.120783,20,0.213564,551.671,265.175,0
247,4.120783,22,0.307833,474.048,92.916,1
247,4.120783,23,0.660737,591.468,520.359,0
248,4.137467,20,0.213564,550.415,286.050,0
248,4.137467,22,0.187299,477.411,78.455,1
248,4.137467,23,0.660737,591.015,530.076,0
249,4.154150,20,0.213564,549.158,306.925,0
249,4.154150,22,0.485985,480.978,66.113,1
250,4.170833,22,0.643299,484.526,55.766,1
251,4.187517,22,0.411150,488.097,47.533,1
252,4.204200,22,0.438666,491.866,41.309,1
253,4.220883,22,0.642874,495.464,36.968,1
254,4.237567,22,0.599208,499.274,34.587,1
255,4.254250,22,0.608565,503.086,33.844,1
255,4.254250,24,0.798039,611.793,500.245,1
256,4.270933,22,0.569800,506.838,35.014,1
256,4.270933,25,0.379104,591.156,643.457,1
256,4.270933,24,0.730420,628.829,517.075,1
257,4.287617,22,0.607370,509.762,37.231,1
257,4.287617,25,0.407579,591.070,649.546,1
257,4.287617,24,0.740834,644.372,531.217,1
258,4.304300,22,0.608237,511.341,39.392,1
258,4.304300,25,0.383625,591.047,652.229,1
258,4.304300,24,0.722491,652.932,538.842,1
259,4.320983,22,0.647579,512.696,42.077,1
259,4.320983,25,0.339731,591.329,652.749,1
259,4.320983,24,0.681571,661.853,545.437,1
260,4.337667,22,0.663772,513.202,44.138,1
260,4.337667,25,0.363103,591.549,652.306,1
260,4.337667,24,0.690914,666.373,548.525,1
261,4.354350,22,0.662733,514.238,46.528,1
261,4.354350,25,0.346351,592.138,650.659,1
261,4.354350,24,0.790260,672.554,552.074,1
262,4.371033,22,0.672984,514.661,48.133,1
262,4.371033,25,0.404723,592.507,649.051,1
262,4.371033,24,0.793783,675.648,553.537,1
263,4.387717,22,0.786865,515.614,50.200,1
263,4.387717,25,0.662938,593.203,646.214,1
263,4.387717,24,0.810840,681.197,555.607,1
264,4.404400,22,0.788777,516.079,51.484,1
264,4.404400,25,0.665918,593.655,644.056,1
264,4.404400,24,0.810812,684.131,556.341,1
265,4.421083,22,0.618001,517.042,53.504,1
265,4.421083,25,0.641926,594.404,640.724,1
265,4.421083,24,0.701504,689.539,557.456,1
266,4.437767,22,0.615642,517.561,54.722,1
266,4.437767,25,0.642817,594.872,638.450,1
266,4.437767,24,0.689173,692.545,557.798,1
267,4.454450,22,0.503508,518.769,57.083,1
267,4.454450,25,0.564553,595.835,634.469,1
267,4.454450,24,0.610367,697.885,558.075,1
268,4.471133,22,0.516077,519.484,58.524,1
268,4.471133,25,0.564608,596.443,631.892,1
268,4.471133,24,0.608650,700.936,557.959,1
269,4.487817,22,0.581606,520.734,61.013,1
269,4.487817,25,0.561846,597.337,627.679,1
269,4.487817,24,0.603780,705.940,557.795,1
270,4.504500,22,0.594112,521.479,62.533,1
270,4.504500,25,0.574648,597.876,625.051,1
270,4.504500,24,0.620957,708.797,557.511,1
271,4.521183,22,0.684011,522.735,65.340,1
271,4.521183,25,0.509430,598.977,620.474,1
271,4.521183,24,0.559546,713.669,556.520,1
272,4.537867,22,0.682196,523.517,67.048,1
272,4.537867,25,0.508471,599.658,617.660,1
272,4.537867,24,0.565225,716.474,555.750,1
273,4.554550,22,0.300595,524.807,70.303,1
273,4.554550,25,0.199269,601.008,611.933,1
273,4.554550,24,0.209938,720.786,553.995,1
274,4.571233,22,0.300382,525.569,72.307,1
274,4.571233,25,0.219472,601.805,608.370,1
274,4.571233,24,0.197952,723.246,552.795,1
275,4.587917,22,0.548676,526.587,75.519,1
275,4.587917,25,0.335329,602.996,601.681,1
275,4.587917,24,0.638793,727.011,550.156,1
276,4.604600,22,0.523469,527.221,77.471,1
276,4.604600,25,0.324460,603.706,597.529,1
276,4.604600,24,0.629071,729.128,548.401,1
277,4.621283,22,0.496059,528.378,81.229,1
277,4.621283,25,0.579285,604.844,590.060,1
277,4.621283,24,0.466273,732.175,544.961,1
278,4.637967,22,0.509448,529.129,83.535,1
278,4.637967,25,0.595295,605.513,585.485,1
278,4.637967,24,0.473493,733.856,542.736,1
279,4.654650,22,0.643674,530.417,87.477,1
279,4.654650,25,0.658484,606.489,576.789,1
279,4.654650,24,0.544623,736.334,537.975,1
280,4.671333,22,0.662701,531.173,89.901,1
280,4.671333,25,0.662844,607.044,571.401,1
280,4.671333,24,0.545516,737.605,534.932,1
281,4.688017,22,0.712387,532.288,94.167,1
281,4.688017,25,0.316473,607.785,561.689,1
281,4.688017,24,0.239014,739.576,529.534,1
282,4.704700,22,0.724560,532.925,96.761,1
282,4.704700,25,0.314923,608.169,555.704,1
282,4.704700,24,0.241772,740.490,526.168,1
283,4.721383,22,0.674499,534.115,101.390,1
283,4.721383,25,0.628903,608.763,545.212,1
283,4.721383,24,0.573162,741.534,520.036,1
284,4.738067,22,0.672769,534.877,104.202,1
284,4.738067,25,0.629953,609.080,538.824,1
284,4.738067,24,0.566638,741.991,516.232,1
285,4.754750,22,0.690567,536.049,108.978,1
285,4.754750,25,0.295968,609.651,526.646,1
285,4.754750,24,0.275214,741.986,509.655,1
286,4.771433,22,0.689385,536.722,111.830,1
286,4.771433,25,0.295774,609.986,519.155,1
286,4.771433,24,0.267290,741.777,505.676,1
287,4.788117,22,0.714810,537.879,116.951,1
287,4.788117,25,0.811368,610.417,506.200,1
287,4.788117,24,0.637324,741.115,498.944,1
288,4.804800,22,0.715406,538.561,120.038,1
288,4.804800,25,0.809983,610.646,498.312,1
288,4.804800,24,0.635520,740.549,494.879,1
289,4.821483,22,0.576749,539.808,125.404,1
289,4.821483,25,0.776683,611.099,484.998,1
289,4.821483,24,0.291824,739.406,487.616,1
290,4.838167,22,0.600655,540.529,128.611,1
290,4.838167,25,0.780659,611.355,476.981,1
290,4.838167,24,0.314352,738.579,483.196,1
291,4.854850,22,0.480961,541.696,134.327,1
291,4.854850,25,0.448422,611.804,464.577,1
291,4.854850,24,0.314352,738.180,477.995,0
292,4.871533,22,0.474172,542.429,137.767,1
292,4.871533,25,0.437449,612.064,457.317,1
292,4.871533,24,0.314352,737.781,472.794,0
293,4.888217,22,0.275901,543.648,143.754,1
293,4.888217,25,0.437449,612.427,447.770,0
293,4.888217,24,0.314352,737.382,467.593,0
294,4.904900,22,0.306010,544.404,147.354,1
294,4.904900,25,0.437449,612.790,438.224,0
294,4.904900,24,0.314352,736.983,462.392,0
295,4.921583,22,0.386739,545.860,153.609,1
295,4.921583,25,0.255550,613.497,427.190,1
295,4.921583,24,0.314352,736.584,457.191,0
296,4.938267,22,0.413371,546.728,157.357,1
296,4.938267,25,0.243353,613.938,420.836,1
297,4.954950,22,0.427524,548.008,163.974,1
297,4.954950,25,0.588909,614.469,409.186,1
298,4.971633,22,0.418252,548.775,167.891,1
298,4.971633,25,0.570214,614.794,402.336,1
299,4.988317,22,0.351331,550.069,174.545,1
299,4.988317,25,0.396576,615.453,390.839,1
300,5.005000,22,0.364186,550.844,178.528,1
300,5.005000,25,0.373928,615.830,384.087,1
301,5.021683,22,0.290812,551.884,185.364,1
301,5.021683,25,0.151401,616.160,373.120,1
301,5.021683,26,0.184659,717.474,419.559,1
302,5.038367,22,0.300308,552.476,189.443,1
302,5.038367,25,0.163378,616.317,366.696,1
302,5.038367,26,0.199820,715.233,413.712,1
303,5.055050,22,0.190982,553.608,196.855,1
303,5.055050,25,0.163378,616.673,358.073,0
303,5.055050,26,0.201632,711.890,405.312,1
304,5.071733,22,0.197546,554.272,201.305,1
304,5.071733,25,0.163378,617.028,349.450,0
304,5.071733,26,0.205455,710.021,400.635,1
305,5.088417,22,0.381776,555.282,208.877,1
305,5.088417,25,0.375461,617.306,339.343,1
305,5.088417,26,0.679149,707.124,393.610,1
306,5.105100,22,0.364343,555.873,213.425,1
306,5.105100,25,0.345775,617.448,333.525,1
306,5.105100,26,0.676253,705.505,389.670,1
307,5.121783,22,0.297723,556.895,221.387,1
307,5.121783,25,0.198940,617.855,323.082,1
307,5.121783,26,0.330458,702.748,383.206,1
308,5.138467,22,0.308096,557.487,226.175,1
308,5.138467,25,0.255964,618.097,316.944,1
308,5.138467,26,0.327900,701.141,379.505,1
309,5.155150,22,0.268408,558.915,234.269,1
309,5.155150,25,0.255964,618.394,308.871,0
309,5.155150,26,0.160970,698.371,373.654,1
310,5.171833,22,0.295205,559.948,239.074,1
310,5.171833,25,0.255964,618.691,300.798,0
310,5.171833,26,0.177414,696.738,370.311,1
311,5.188517,22,0.294292,561.227,247.522,1
311,5.188517,25,0.252268,619.101,290.188,1
311,5.188517,26,0.265115,693.896,364.958,1
312,5.205200,22,0.302314,561.923,252.561,1
312,5.205200,25,0.265863,619.346,283.917,1
312,5.205200,26,0.316865,692.215,361.905,1
313,5.221883,22,0.302314,562.889,258.784,0
313,5.221883,25,0.265863,619.651,275.827,0
313,5.221883,26,0.316865,690.066,357.449,0
314,5.238567,22,0.302314,563.855,265.007,0
314,5.238567,25,0.166051,620.093,269.365,1
314,5.238567,26,0.316865,687.916,352.993,0
315,5.255250,22,0.302314,564.822,271.230,0
315,5.255250,25,0.166051,620.434,261.708,0
315,5.255250,26,0.316865,685.767,348.537,0
316,5.271933,22,0.302314,565.788,277.453,0
316,5.271933,25,0.166051,620.775,254.050,0
316,5.271933,26,0.316865,683.617,344.082,0
317,5.288617,22,0.302314,566.754,283.676,0
317,5.288617,25,0.166051,621.117,246.393,0
317,5.288617,26,0.248437,680.678,340.573,1
318,5.305300,25,0.166051,621.458,238.735,0
318,5.305300,26,0.259066,678.925,338.765,1
319,5.321983,25,0.166051,621.799,231.078,0
319,5.321983,26,0.174538,676.168,335.125,1
320,5.338667,26,0.178828,674.552,333.094,1
321,5.355350,26,0.199940,671.576,329.537,1
322,5.372033,26,0.208655,669.841,327.480,1
323,5.388717,26,0.208655,667.639,324.527,0
324,5.405400,26,0.208655,665.437,321.575,0
325,5.422083,26,0.208655,663.234,318.622,0
326,5.438767,26,0.208655,661.032,315.670,0
327,5.455450,26,0.208655,658.830,312.718,0
336,5.605600,27,0.326227,628.541,129.660,1
337,5.622283,27,0.447936,628.925,123.342,1
338,5.638967,27,0.443846,629.151,119.410,1
339,5.655650,27,0.393757,629.577,112.385,1
339,5.655650,28,0.203010,646.822,295.340,1
340,5.672333,27,0.385929,629.824,108.380,1
340,5.672333,28,0.209713,646.797,294.704,1
341,5.689017,27,0.518125,630.175,101.828,1
341,5.689017,28,0.248266,646.999,293.688,1
342,5.705700,27,0.515521,630.382,98.028,1
342,5.705700,28,0.224055,647.131,293.110,1
343,5.722383,27,0.514824,630.815,92.052,1
343,5.722383,28,0.176153,647.048,291.744,1
343,5.722383,29,0.269342,590.209,498.099,1
344,5.739067,27,0.526502,631.086,88.586,1
344,5.739067,28,0.177476,646.987,290.942,1
344,5.739067,29,0.267230,591.053,500.978,1
345,5.755750,27,0.605983,631.487,83.150,1
345,5.755750,28,0.248988,646.610,289.880,1
345,5.755750,29,0.282350,591.894,506.316,1
346,5.772433,27,0.614018,631.770,79.976,1
346,5.772433,28,0.324588,646.360,289.280,1
346,5.772433,29,0.326340,592.319,509.399,1
347,5.789117,27,0.600254,632.077,74.765,1
347,5.789117,28,0.315073,645.763,288.382,1
347,5.789117,29,0.305672,592.848,513.993,1
348,5.805800,27,0.606399,632.244,71.748,1
348,5.805800,28,0.313294,645.368,287.874,1
348,5.805800,29,0.307083,593.119,516.576,1
349,5.822483,27,0.703035,632.512,66.782,1
349,5.822483,28,0.515571,644.183,287.279,1
349,5.822483,29,0.178005,593.819,520.332,1
350,5.839167,27,0.718827,632.645,63.901,1
350,5.839167,28,0.519072,643.392,286.971,1
350,5.839167,29,0.176397,594.214,522.460,1
351,5.855850,27,0.557463,632.969,59.593,1
351,5.855850,28,0.286487,642.567,286.471,1
351,5.855850,29,0.176397,594.718,525.514,0
352,5.872533,27,0.553456,633.184,57.141,1
352,5.872533,28,0.291919,642.082,286.207,1
352,5.872533,29,0.176397,595.222,528.568,0
353,5.889217,27,0.440543,633.649,52.808,1
353,5.889217,28,0.239914,641.282,285.605,1
353,5.889217,29,0.176397,595.727,531.623,0
354,5.905900,27,0.448789,633.966,50.325,1
354,5.905900,28,0.273968,640.774,285.164,1
354,5.905900,29,0.176397,596.231,534.677,0
355,5.922583,27,0.600074,634.476,46.558,1
355,5.922583,28,0.205348,640.040,284.443,1
355,5.922583,29,0.176397,596.735,537.732,0
356,5.939267,27,0.610548,634.784,44.414,1
356,5.939267,28,0.208036,639.616,284.011,1
357,5.955950,27,0.641556,635.259,40.855,1
357,5.955950,28,0.557589,638.939,283.183,1
358,5.972633,27,0.632207,635.670,38.915,1
358,5.972633,28,0.535129,638.503,282.672,1
359,5.989317,27,0.491108,635.933,35.574,1
359,5.989317,28,0.518639,638.136,281.880,1
360,6.006000,27,0.485774,636.066,33.653,1
360,6.006000,28,0.512930,637.961,281.408,1
361,6.022683,27,0.684784,636.443,30.404,1
361,6.022683,28,0.734058,637.703,280.534,1
362,6.039367,27,0.680763,636.651,28.520,1
362,6.039367,28,0.685087,637.579,280.006,1
363,6.056050,27,0.552180,636.906,26.082,1
363,6.056050,28,0.686407,637.389,279.043,1
364,6.072733,27,0.554224,637.030,24.750,1
364,6.072733,28,0.685383,637.302,278.460,1
365,6.089417,27,0.675056,637.293,22.972,1
365,6.089417,28,0.737449,637.165,277.492,1
366,6.106100,27,0.657540,637.447,22.047,1
366,6.106100,28,0.748022,637.088,276.978,1
367,6.122783,27,0.597206,637.756,20.906,1
367,6.122783,28,0.752235,636.978,275.997,1
368,6.139467,27,0.594145,637.943,20.369,1
368,6.139467,28,0.749338,636.925,275.409,1
369,6.156150,27,0.575842,638.388,19.707,1
369,6.156150,28,0.715868,637.113,274.422,1
370,6.172833,27,0.580999,638.687,19.437,1
370,6.172833,28,0.742207,637.284,273.861,1
371,6.189517,27,0.219486,639.192,18.939,1
371,6.189517,28,0.668729,637.807,272.967,1
372,6.206200,27,0.254263,639.491,18.711,1
372,6.206200,28,0.666913,638.174,272.449,1
373,6.222883,27,0.520619,639.788,18.197,1
373,6.222883,28,0.729844,638.891,271.677,1
374,6.239567,27,0.537405,639.943,17.930,1
374,6.239567,28,0.730202,639.389,271.246,1
375,6.256250,27,0.533683,640.359,17.576,1
375,6.256250,28,0.704200,640.418,270.494,1
375,6.256250,30,0.386421,600.258,584.903,1
376,6.272933,27,0.525180,640.613,17.402,1
376,6.272933,28,0.697675,641.078,270.057,1
376,6.272933,30,0.375179,599.985,587.099,1
377,6.289617,27,0.511822,640.888,17.191,1
377,6.289617,28,0.665695,642.216,269.151,1
377,6.289617,30,0.150018,599.211,590.017,1
378,6.306300,27,0.514350,641.024,17.098,1
378,6.306300,28,0.661509,642.936,268.603,1
378,6.306300,30,0.150018,598.769,592.626,0
379,6.322983,27,0.447029,641.331,17.024,1
379,6.322983,28,0.456562,644.289,267.458,1
379,6.322983,30,0.150018,598.327,595.236,0
380,6.339667,27,0.427246,641.505,16.994,1
380,6.339667,28,0.448065,645.130,266.816,1
380,6.339667,30,0.150018,597.886,597.845,0
381,6.356350,27,0.549643,641.905,16.995,1
381,6.356350,28,0.724543,646.542,265.900,1
381,6.356350,30,0.150018,597.444,600.454,0
382,6.373033,27,0.562653,642.143,17.023,1
382,6.373033,28,0.729783,647.403,265.368,1
382,6.373033,30,0.150018,597.002,603.063,0
383,6.389717,27,0.593380,642.505,17.196,1
383,6.389717,28,0.783451,648.600,264.543,1
383,6.389717,30,0.238507,595.496,601.026,1
384,6.406400,27,0.597158,642.712,17.330,1
384,6.406400,28,0.788189,649.284,264.092,1
384,6.406400,30,0.250136,594.560,599.377,1
385,6.423083,27,0.536579,643.085,17.695,1
385,6.423083,28,0.733684,650.267,263.297,1
385,6.423083,30,0.231242,593.095,598.129,1
386,6.439767,27,0.543504,643.316,17.947,1
386,6.439767,28,0.751214,650.906,262.824,1
386,6.439767,30,0.250101,592.147,597.161,1
387,6.456450,27,0.459403,643.635,18.489,1
387,6.456450,28,0.666479,651.642,262.200,1
387,6.456450,30,0.186370,590.843,596.154,1
388,6.473133,27,0.448413,643.810,18.840,1
388,6.473133,28,0.668297,652.037,261.857,1
388,6.473133,30,0.180079,590.070,595.482,1
389,6.489817,27,0.554599,644.002,19.529,1
389,6.489817,28,0.585810,652.808,261.558,1
389,6.489817,30,0.180079,589.092,594.998,0
390,6.506500,27,0.560960,644.102,19.972,1
390,6.506500,28,0.598060,653.218,261.412,1
390,6.506500,30,0.180079,588.114,594.513,0
391,6.523183,27,0.460995,644.389,20.751,1
391,6.523183,28,0.558538,654.307,261.206,1
391,6.523183,30,0.180079,587.136,594.029,0
392,6.539867,27,0.468992,644.563,21.244,1
392,6.539867,28,0.570015,654.976,261.133,1
392,6.539867,30,0.180079,586.158,593.544,0
393,6.556550,27,0.470668,644.935,22.102,1
393,6.556550,28,0.607791,656.082,260.927,1
393,6.556550,30,0.302163,583.464,589.839,1
394,6.573233,27,0.474782,645.228,22.633,1
394,6.573233,28,0.612530,656.758,260.830,1
394,6.573233,30,0.340458,581.755,587.330,1
395,6.589917,27,0.340449,645.549,23.889,1
395,6.589917,28,0.577013,658.101,260.720,1
395,6.589917,30,0.340458,580.249,585.681,0
396,6.606600,27,0.325095,645.734,24.688,1
396,6.606600,28,0.543751,658.915,260.731,1
396,6.606600,30,0.340458,578.742,584.032,0
397,6.623283,27,0.538488,646.189,26.417,1
397,6.623283,28,0.197098,660.491,261.212,1
397,6.623283,30,0.159450,575.922,578.623,1
398,6.639967,27,0.532535,646.417,27.509,1
398,6.639967,28,0.196131,661.475,261.611,1
398,6.639967,30,0.150828,574.108,575.030,1
399,6.656650,27,0.506200,646.893,30.059,1
399,6.656650,28,0.196131,662.532,261.738,0
399,6.656650,30,0.150828,572.264,572.132,0
400,6.673333,27,0.488545,647.205,31.697,1
400,6.673333,28,0.196131,663.589,261.866,0
400,6.673333,30,0.150828,570.419,569.233,0
401,6.690017,27,0.515759,647.350,35.106,1
401,6.690017,28,0.169395,664.813,263.529,1
401,6.690017,30,0.150828,568.575,566.335,0
402,6.706700,27,0.523408,647.463,37.352,1
402,6.706700,28,0.200944,665.537,264.679,1
403,6.723383,27,0.708854,647.802,40.961,1
403,6.723383,28,0.374458,666.712,266.215,1
404,6.740067,27,0.704874,648.031,43.198,1
404,6.740067,28,0.366080,667.393,267.186,1
405,6.756750,27,0.483973,648.416,47.038,1
405,6.756750,28,0.366080,668.344,268.120,0
406,6.773433,27,0.506190,648.703,49.390,1
406,6.773433,28,0.366080,669.294,269.054,0
407,6.790117,27,0.458826,649.049,53.664,1
407,6.790117,28,0.366080,670.244,269.988,0
407,6.790117,31,0.464981,554.985,527.221,1
408,6.806800,27,0.464004,649.245,56.284,1
408,6.806800,28,0.366080,671.195,270.922,0
408,6.806800,31,0.465638,553.654,523.196,1
409,6.823483,27,0.395029,649.417,60.577,1
409,6.823483,28,0.366080,672.145,271.856,0
409,6.823483,31,0.465638,552.773,520.531,0
410,6.840167,27,0.386791,649.532,63.162,1
410,6.840167,31,0.465638,551.893,517.867,0
411,6.856850,27,0.333237,649.956,67.914,1
411,6.856850,31,0.238793,548.513,501.761,1
412,6.873533,27,0.307915,650.225,70.746,1
412,6.873533,31,0.214388,546.513,492.022,1
413,6.890217,27,0.238215,650.487,76.050,1
413,6.890217,31,0.214388,544.705,484.040,0
414,6.906900,27,0.194738,650.635,79.283,1
414,6.906900,31,0.214388,542.896,476.057,0
415,6.923583,27,0.233705,651.109,84.677,1
415,6.923583,31,0.214388,541.087,468.075,0
416,6.940267,27,0.204191,651.421,87.813,1
416,6.940267,31,0.214388,539.278,460.092,0
417,6.956950,27,0.285225,651.839,93.261,1
418,6.973633,27,0.310297,652.095,96.519,1
419,6.990317,27,0.498921,652.553,102.425,1
420,7.007000,27,0.524960,652.794,106.032,1
421,7.023683,27,0.484524,653.273,112.424,1
422,7.040367,27,0.486727,653.406,116.282,1
423,7.057050,27,0.516515,653.762,123.016,1
424,7.073733,27,0.567572,653.946,127.080,1
425,7.090417,27,0.261070,654.315,134.155,1
426,7.107100,27,0.300400,654.502,138.412,1
427,7.123783,27,0.285154,655.020,145.506,1
428,7.140467,27,0.285849,655.341,149.748,1
429,7.157150,27,0.278183,655.904,157.054,1
430,7.173833,27,0.272145,656.246,161.408,1
431,7.190517,27,0.239431,656.491,169.255,1
432,7.207200,27,0.230185,656.599,173.976,1
433,7.223883,27,0.230185,656.881,179.688,0
434,7.240567,27,0.230185,657.163,185.400,0
435,7.257250,27,0.230185,657.445,191.112,0
436,7.273933,27,0.230185,657.727,196.825,0
437,7.290617,27,0.230185,658.009,202.537,0
445,7.424083,32,0.248659,527.660,233.937,1
446,7.440767,32,0.256880,527.398,228.941,1
447,7.457450,32,0.294911,526.897,220.178,1
448,7.474133,32,0.310234,526.591,215.183,1
449,7.490817,32,0.279170,526.010,207.141,1
450,7.507500,32,0.264554,525.703,202.474,1
451,7.524183,32,0.459065,525.254,194.760,1
452,7.540867,32,0.465406,524.988,190.229,1
453,7.557550,32,0.529173,524.637,183.146,1
453,7.557550,33,0.499026,663.675,334.497,1
454,7.574233,32,0.487869,524.468,179.029,1
454,7.574233,33,0.477954,663.793,340.226,1
455,7.590917,32,0.191372,524.238,172.432,1
455,7.590917,33,0.477954,663.877,344.029,0
456,7.607600,32,0.197217,524.112,168.620,1
456,7.607600,33,0.477954,663.961,347.832,0
457,7.624283,32,0.387061,523.744,162.109,1
457,7.624283,33,0.372174,664.579,365.562,1
458,7.640967,32,0.356509,523.428,158.320,1
458,7.640967,33,0.395078,664.951,376.223,1
459,7.657650,32,0.417693,523.200,152.387,1
459,7.657650,33,0.306303,666.365,389.741,1
460,7.674333,32,0.409503,523.079,148.977,1
460,7.674333,33,0.297667,667.233,397.320,1
461,7.691017,32,0.210199,522.682,143.097,1
461,7.691017,33,0.297667,667.919,406.960,0
462,7.707700,32,0.222340,522.493,139.621,1
462,7.707700,33,0.297667,668.605,416.600,0
463,7.724383,32,0.222340,522.242,134.941,0
463,7.724383,33,0.297667,669.291,426.239,0
464,7.741067,32,0.222340,521.990,130.260,0
464,7.741067,33,0.297667,669.977,435.879,0
465,7.757750,32,0.260030,521.803,125.120,1
465,7.757750,33,0.186742,672.803,440.699,1
466,7.774433,32,0.235318,521.611,122.178,1
466,7.774433,33,0.174122,674.641,442.725,1
467,7.791117,32,0.344966,521.263,117.124,1
467,7.791117,33,0.174122,676.052,449.407,0
468,7.807800,32,0.336026,521.017,114.203,1
468,7.807800,33,0.174122,677.462,456.089,0
469,7.824483,32,0.560373,520.667,109.355,1
469,7.824483,33,0.316870,681.638,461.632,1
470,7.841167,32,0.561021,520.483,106.554,1
470,7.841167,33,0.292299,684.327,464.554,1
471,7.857850,32,0.376621,520.167,102.003,1
471,7.857850,33,0.223722,688.035,470.929,1
472,7.874533,32,0.361332,519.988,99.375,1
472,7.874533,33,0.196593,690.308,474.603,1
473,7.891217,32,0.418431,519.691,95.048,1
473,7.891217,33,0.196593,692.867,479.771,0
474,7.907900,32,0.425952,519.530,92.543,1
474,7.907900,33,0.196593,695.426,484.939,0
475,7.924583,32,0.321259,519.254,88.706,1
475,7.924583,33,0.219636,697.815,490.360,1
476,7.941267,32,0.335256,519.093,86.523,1
476,7.941267,33,0.240735,699.116,493.410,1
477,7.957950,32,0.665228,518.588,82.884,1
477,7.957950,33,0.397993,701.175,498.796,1
478,7.974633,32,0.639838,518.244,80.779,1
478,7.974633,33,0.386017,702.327,501.937,1
479,7.991317,32,0.647421,517.848,77.399,1
479,7.991317,33,0.442561,704.189,507.022,1
479,7.991317,34,0.694235,702.893,595.009,1
480,8.008000,32,0.667417,517.659,75.468,1
480,8.008000,33,0.453647,705.224,509.958,1
480,8.008000,34,0.693413,702.000,597.013,1
481,8.024683,32,0.673920,517.419,72.259,1
481,8.024683,33,0.439887,706.539,514.590,1
481,8.024683,34,0.536023,700.102,601.291,1
482,8.041367,32,0.664258,517.237,70.420,1
482,8.041367,33,0.436354,707.219,517.242,1
482,8.041367,34,0.576760,699.032,603.783,1
483,8.058050,32,0.698425,516.952,67.507,1
483,8.058050,33,0.438823,708.161,521.391,1
483,8.058050,34,0.597363,697.426,608.485,1
484,8.074733,32,0.705009,516.797,65.841,1
484,8.074733,33,0.468253,708.624,523.738,1
484,8.074733,34,0.617051,696.523,611.225,1
485,8.091417,32,0.818223,516.570,63.288,1
485,8.091417,33,0.764080,709.557,527.978,1
485,8.091417,34,0.573616,694.893,615.588,1
486,8.108100,32,0.818216,516.333,61.840,1
486,8.108100,33,0.758509,710.059,530.457,1
486,8.108100,34,0.577475,693.905,618.126,1
487,8.124783,32,0.670973,515.899,59.718,1
487,8.124783,33,0.412232,710.579,534.433,1
487,8.124783,34,0.601314,692.001,622.441,1
488,8.141467,32,0.673511,515.631,58.559,1
488,8.141467,33,0.411281,710.819,536.733,1
488,8.141467,34,0.588550,690.836,625.000,1
489,8.158150,32,0.723658,515.224,56.803,1
489,8.158150,33,0.685503,711.388,539.813,1
489,8.158150,34,0.525180,688.510,627.207,1
490,8.174833,32,0.725360,514.997,55.826,1
490,8.174833,33,0.684379,711.696,541.498,1
490,8.174833,34,0.221181,686.821,630.525,1
491,8.191517,32,0.704969,514.670,54.070,1
491,8.191517,33,0.322085,712.132,543.915,1
491,8.191517,34,0.430110,684.600,633.320,1
492,8.208200,32,0.691637,514.491,53.077,1
492,8.208200,33,0.264659,712.356,545.208,1
492,8.208200,34,0.407044,683.273,634.834,1
493,8.224883,32,0.768870,514.189,51.649,1
493,8.224883,33,0.739629,712.832,547.199,1
493,8.224883,34,0.686477,680.652,638.727,1
494,8.241567,32,0.776113,514.025,50.863,1
494,8.241567,33,0.751782,713.082,548.284,1
494,8.241567,34,0.688994,679.068,641.051,1
495,8.258250,32,0.670957,513.663,49.872,1
495,8.258250,33,0.544270,713.531,549.712,1
495,8.258250,34,0.653701,676.183,644.526,1
496,8.274933,32,0.674246,513.449,49.371,1
496,8.274933,33,0.545884,713.787,550.433,1
496,8.274933,34,0.660187,674.443,646.570,1
497,8.291617,32,0.668944,513.083,48.736,1
497,8.291617,33,0.590766,714.640,551.442,1
497,8.291617,34,0.740927,671.391,649.480,1
498,8.308300,32,0.684054,512.787,48.432,1
498,8.308300,33,0.600772,715.188,551.932,1
498,8.308300,34,0.746343,669.543,651.135,1
499,8.324983,32,0.629561,512.455,48.150,1
499,8.324983,33,0.537223,716.126,552.305,1
499,8.324983,34,0.556920,666.639,653.218,1
500,8.341667,32,0.506887,512.310,48.072,1
500,8.341667,33,0.217111,716.723,552.531,1
500,8.341667,34,0.340071,664.893,654.354,1
501,8.358350,32,0.583611,512.054,48.120,1
501,8.358350,33,0.547949,717.829,552.404,1
501,8.358350,34,0.572987,661.752,655.773,1
502,8.375033,32,0.609163,511.919,48.228,1
502,8.375033,33,0.610419,718.528,552.211,1
502,8.375033,34,0.601595,659.865,656.469,1
503,8.391717,32,0.437484,511.660,48.576,1
503,8.391717,33,0.289132,719.715,551.645,1
503,8.391717,34,0.307609,656.843,656.895,1
504,8.408400,32,0.417492,511.482,48.901,1
504,8.408400,33,0.296089,720.447,551.206,1
504,8.408400,34,0.302170,655.060,656.957,1
505,8.425083,32,0.527725,511.013,49.376,1
505,8.425083,33,0.462352,721.525,550.369,1
505,8.425083,34,0.469430,652.222,656.276,1
506,8.441767,32,0.539979,510.697,49.704,1
506,8.441767,33,0.499819,722.151,549.841,1
506,8.441767,34,0.518298,650.623,655.663,1
507,8.458450,32,0.522897,510.136,50.458,1
507,8.458450,33,0.498687,722.945,548.861,1
507,8.458450,34,0.604417,647.995,654.171,1
508,8.475133,32,0.546866,509.754,50.975,1
508,8.475133,33,0.508136,723.382,548.219,1
508,8.475133,34,0.609312,646.455,653.092,1
509,8.491817,32,0.606368,509.311,52.211,1
509,8.491817,33,0.647704,724.158,546.903,1
509,8.491817,34,0.625485,644.056,650.739,1
510,8.508500,32,0.617262,509.048,53.020,1
510,8.508500,33,0.653539,724.597,546.053,1
510,8.508500,34,0.644894,642.702,649.170,1
511,8.525183,32,0.510092,508.586,54.730,1
511,8.525183,33,0.457656,725.479,544.660,1
511,8.525183,34,0.370627,640.762,645.744,1
512,8.541867,32,0.512959,508.306,55.859,1
512,8.541867,33,0.457777,726.001,543.793,1
512,8.541867,34,0.365968,639.676,643.502,1
513,8.558550,32,0.586831,507.795,57.877,1
513,8.558550,33,0.459211,726.649,541.755,1
513,8.558550,34,0.575874,637.915,639.410,1
514,8.575233,32,0.550676,507.462,59.141,1
514,8.575233,33,0.442302,727.002,540.461,1
514,8.575233,34,0.567685,636.927,636.826,1
515,8.591917,32,0.742271,507.109,61.302,1
515,8.591917,33,0.293509,727.180,538.405,1
515,8.591917,34,0.628256,635.426,632.076,1
516,8.608600,32,0.723559,506.945,62.656,1
516,8.608600,33,0.319364,727.225,537.152,1
516,8.608600,34,0.633429,634.608,629.105,1
517,8.625283,32,0.775761,506.544,65.163,1
517,8.625283,33,0.363867,727.392,534.543,1
517,8.625283,34,0.518040,633.054,623.482,1
518,8.641967,32,0.784683,506.292,66.720,1
518,8.641967,33,0.403660,727.455,532.920,1
518,8.641967,34,0.560132,632.183,619.983,1
519,8.658650,32,0.675453,505.862,69.594,1
519,8.658650,33,0.495733,727.376,529.930,1
519,8.658650,34,0.730771,630.630,613.843,1
520,8.675333,32,0.703818,505.657,71.337,1
520,8.675333,33,0.541737,727.281,528.077,1
520,8.675333,34,0.752035,629.724,610.069,1
521,8.692017,32,0.607490,505.036,74.584,1
521,8.692017,33,0.219733,727.090,524.955,1
521,8.692017,34,0.497516,628.380,602.887,1
522,8.708700,32,0.598850,504.649,76.582,1
522,8.708700,33,0.210911,726.947,523.056,1
522,8.708700,34,0.439798,627.535,598.455,1
523,8.725383,32,0.454665,504.271,80.112,1
523,8.725383,33,0.210911,726.920,520.870,0
523,8.725383,34,0.380032,626.388,590.412,1
524,8.742067,32,0.449531,504.071,82.256,1
524,8.742067,33,0.210911,726.894,518.684,0
524,8.742067,34,0.392577,625.761,585.508,1
525,8.758750,32,0.499787,503.551,86.317,1
525,8.758750,33,0.289400,725.456,514.152,1
525,8.758750,34,0.256603,624.585,576.380,1
526,8.775433,32,0.484944,503.235,88.838,1
526,8.775433,33,0.290278,724.462,511.288,1
526,8.775433,34,0.264427,623.914,570.760,1
527,8.792117,32,0.199876,502.802,92.900,1
527,8.792117,33,0.290278,723.904,508.465,0
527,8.792117,34,0.214470,622.928,560.615,1
528,8.808800,32,0.202117,502.548,95.350,1
528,8.808800,33,0.290278,723.346,505.642,0
528,8.808800,34,0.194150,622.380,554.409,1
529,8.825483,32,0.261640,502.253,99.875,1
529,8.825483,33,0.290278,722.788,502.818,0
529,8.825483,34,0.194150,621.529,547.423,0
530,8.842167,32,0.299875,501.984,102.603,1
530,8.842167,33,0.290278,722.229,499.995,0
530,8.842167,34,0.194150,620.678,540.438,0
531,8.858850,32,0.706043,501.609,107.574,1
531,8.858850,33,0.210850,720.007,492.372,1
531,8.858850,34,0.540136,619.677,526.943,1
532,8.875533,32,0.708542,501.395,110.612,1
532,8.875533,33,0.209552,718.520,487.525,1
532,8.875533,34,0.540980,619.102,518.503,1
533,8.892217,32,0.395002,501.054,115.676,1
533,8.892217,33,0.209552,717.391,483.229,0
533,8.892217,34,0.357858,618.291,505.746,1
534,8.908900,32,0.364516,500.875,118.758,1
534,8.908900,33,0.209552,716.262,478.933,0
534,8.908900,34,0.304596,617.845,498.039,1
535,8.925583,32,0.338568,500.467,124.251,1
535,8.925583,33,0.209552,715.133,474.637,0
535,8.925583,34,0.246132,617.343,485.843,1
536,8.942267,32,0.352704,500.223,127.566,1
536,8.942267,34,0.229297,617.096,478.631,1
537,8.958950,32,0.287409,499.967,133.442,1
537,8.958950,34,0.229297,616.549,469.378,0
538,8.975633,32,0.279232,499.827,137.026,1
538,8.975633,34,0.229297,616.001,460.124,0
539,8.992317,32,0.441765,499.351,143.226,1
539,8.992317,34,0.301451,615.736,448.246,1
540,9.009000,32,0.464866,499.049,146.989,1
540,9.009000,34,0.297947,615.634,441.264,1
541,9.025683,32,0.477671,498.592,153.714,1
541,9.025683,34,0.399310,615.484,430.235,1
542,9.042367,32,0.497267,498.327,157.778,1
542,9.042367,34,0.456061,615.436,423.755,1
543,9.059050,32,0.446789,497.924,164.769,1
543,9.059050,34,0.324323,615.298,413.078,1
544,9.075733,32,0.430041,497.670,168.968,1
544,9.075733,34,0.325045,615.237,406.938,1
545,9.092417,32,0.403365,497.294,176.188,1
545,9.092417,34,0.608348,614.818,395.770,1
545,9.092417,35,0.225322,695.409,423.881,1
546,9.109100,32,0.484439,497.141,180.481,1
546,9.109100,34,0.596636,614.543,389.173,1
546,9.109100,35,0.211737,694.092,421.330,1
547,9.125783,32,0.563948,496.893,187.805,1
547,9.125783,34,0.376999,614.141,378.423,1
547,9.125783,35,0.302442,691.476,414.985,1
548,9.142467,32,0.576559,496.701,192.179,1
548,9.142467,34,0.370412,613.893,372.122,1
548,9.142467,35,0.304947,689.955,411.236,1
549,9.159150,32,0.536592,496.148,200.041,1
549,9.159150,34,0.207737,613.439,362.223,1
549,9.159150,35,0.284894,687.266,405.872,1
550,9.175833,32,0.560193,495.793,204.746,1
550,9.175833,34,0.232511,613.165,356.489,1
550,9.175833,35,0.300161,685.736,402.839,1
551,9.192517,32,0.344449,495.319,213.095,1
551,9.192517,34,0.180250,612.655,346.710,1
551,9.192517,35,0.300161,683.991,399.126,0
552,9.209200,32,0.384782,495.083,218.105,1
552,9.209200,34,0.192622,612.343,341.008,1
552,9.209200,35,0.300161,682.245,395.413,0
553,9.225883,32,0.379847,494.695,226.586,1
553,9.225883,34,0.192622,611.992,333.293,0
553,9.225883,35,0.300161,680.500,391.699,0
554,9.242567,32,0.345816,494.480,231.657,1
554,9.242567,34,0.192622,611.642,325.578,0
554,9.242567,35,0.300161,678.754,387.986,0
555,9.259250,32,0.398839,494.090,240.421,1
555,9.259250,34,0.153991,610.772,315.238,1
555,9.259250,35,0.184819,675.576,384.280,1
556,9.275933,32,0.375666,493.866,245.657,1
556,9.275933,34,0.153991,610.283,306.826,0
556,9.275933,35,0.175570,673.658,382.255,1
557,9.292617,32,0.334063,493.574,254.887,1
557,9.292617,34,0.153991,609.795,298.415,0
557,9.292617,35,0.175570,671.586,378.990,0
558,9.309300,32,0.372710,493.424,260.457,1
558,9.309300,34,0.153991,609.307,290.003,0
558,9.309300,35,0.175570,669.514,375.724,0
559,9.325983,32,0.452895,493.177,269.996,1
559,9.325983,34,0.153991,608.818,281.591,0
559,9.325983,35,0.175570,667.441,372.459,0
560,9.342667,32,0.476271,493.026,275.705,1
561,9.359350,32,0.189875,492.792,285.514,1
562,9.376033,32,0.218766,492.656,291.383,1
563,9.392717,32,0.405695,492.341,301.559,1
564,9.409400,32,0.420291,492.159,307.603,1
565,9.426083,32,0.563911,491.944,318.039,1
566,9.442767,32,0.548937,491.779,324.257,1
567,9.459450,32,0.548937,491.574,331.993,0
568,9.476133,32,0.548937,491.369,339.729,0
569,9.492817,32,0.548937,491.164,347.466,0
570,9.509500,32,0.548937,490.960,355.202,0
571,9.526183,32,0.548937,490.755,362.938,0
577,9.626283,36,0.527301,635.414,346.695,1
577,9.626283,37,0.413685,601.859,167.669,1
578,9.642967,36,0.496128,634.189,346.330,1
578,9.642967,37,0.421899,601.438,164.148,1
579,9.659650,36,0.537954,632.641,345.983,1
579,9.659650,37,0.389149,600.868,156.090,1
579,9.659650,38,0.440532,489.043,443.614,1
580,9.676333,36,0.532162,631.784,345.800,1
580,9.676333,37,0.418335,600.573,151.338,1
580,9.676333,38,0.449285,488.942,450.041,1
581,9.693017,36,0.736440,631.195,345.525,1
581,9.693017,37,0.534436,600.064,143.452,1
581,9.693017,38,0.583088,488.905,464.577,1
582,9.709700,36,0.732790,630.938,345.370,1
582,9.709700,37,0.556004,599.732,138.928,1
582,9.709700,38,0.572470,488.875,473.066,1
583,9.726383,36,0.428054,630.424,344.877,1
583,9.726383,37,0.405089,599.105,131.902,1
583,9.726383,38,0.322814,488.796,486.106,1
584,9.743067,36,0.432431,630.178,344.575,1
584,9.743067,37,0.397109,598.752,127.825,1
584,9.743067,38,0.363522,488.738,493.483,1
585,9.759750,36,0.196759,629.195,344.111,1
585,9.759750,37,0.464946,598.175,121.506,1
585,9.759750,38,0.363522,488.680,502.341,0
586,9.776433,36,0.181229,628.586,343.824,1
586,9.776433,37,0.507734,597.838,117.758,1
586,9.776433,38,0.363522,488.623,511.200,0
587,9.793117,36,0.157549,627.962,343.497,1
587,9.793117,37,0.616380,597.242,111.803,1
587,9.793117,38,0.634177,489.066,515.069,1
588,9.809800,36,0.154323,627.620,343.314,1
588,9.809800,37,0.618928,596.840,108.363,1
588,9.809800,38,0.621974,489.371,516.549,1
589,9.826483,36,0.232890,627.084,343.486,1
589,9.826483,37,0.427173,596.262,102.734,1
589,9.826483,38,0.152894,488.596,518.885,1
590,9.843167,36,0.237689,626.796,343.676,1
590,9.843167,37,0.461701,595.902,99.456,1
590,9.843167,38,0.170999,488.037,519.660,1
591,9.859850,36,0.271642,626.336,343.549,1
591,9.859850,37,0.493555,595.280,94.249,1
591,9.859850,38,0.332830,486.719,521.031,1
592,9.876533,36,0.266910,626.086,343.474,1
592,9.876533,37,0.487508,594.908,91.254,1
592,9.876533,38,0.349855,485.830,521.434,1
593,9.893217,36,0.431558,625.756,343.218,1
593,9.893217,37,0.745549,594.392,86.138,1
593,9.893217,38,0.298169,483.813,523.057,1
594,9.909900,36,0.431389,625.584,343.048,1
594,9.909900,37,0.751611,594.101,83.161,1
594,9.909900,38,0.318802,482.481,523.847,1
595,9.926583,36,0.312455,625.465,342.413,1
595,9.926583,37,0.645849,593.492,78.429,1
595,9.926583,38,0.318802,481.403,525.702,0
596,9.943267,36,0.306425,625.431,341.987,1
596,9.943267,37,0.652548,593.152,75.715,1
596,9.943267,38,0.318802,480.325,527.558,0
597,9.959950,36,0.537949,625.254,341.440,1
597,9.959950,37,0.648767,592.652,71.145,1
597,9.959950,38,0.183973,477.313,530.086,1
598,9.976633,36,0.537264,625.158,341.100,1
598,9.976633,37,0.640510,592.367,68.501,1
598,9.976633,38,0.201680,475.348,531.602,1
599,9.993317,36,0.537264,624.983,340.734,0
599,9.993317,37,0.717993,591.896,64.223,1
599,9.993317,38,0.260352,472.437,533.841,1
600,10.010000,36,0.537264,624.808,340.368,0
600,10.010000,37,0.704375,591.615,61.739,1
600,10.010000,38,0.268716,470.689,535.138,1
601,10.026683,36,0.174972,624.499,339.270,1
601,10.026683,37,0.502088,591.063,58.197,1
601,10.026683,38,0.438744,468.277,537.128,1
602,10.043367,36,0.161088,624.313,338.557,1
602,10.043367,37,0.512230,590.721,56.183,1
602,10.043367,38,0.422505,466.869,538.261,1
603,10.060050,36,0.239142,623.791,337.611,1
603,10.060050,37,0.479169,589.968,52.426,1
603,10.060050,38,0.296569,464.628,540.053,1
604,10.076733,36,0.241928,623.446,337.016,1
604,10.076733,37,0.442649,589.487,50.234,1
604,10.076733,38,0.305584,463.332,541.071,1
605,10.093417,36,0.322007,622.898,336.543,1
605,10.093417,37,0.553598,588.848,47.142,1
605,10.093417,38,0.385498,461.074,542.489,1
606,10.110100,36,0.331058,622.557,336.310,1
606,10.110100,37,0.550519,588.470,45.409,1
606,10.110100,38,0.384983,459.753,543.264,1
607,10.126783,36,0.331058,622.196,335.796,0
607,10.126783,37,0.532453,587.924,42.526,1
607,10.126783,38,0.436192,457.357,544.737,1
608,10.143467,36,0.164007,622.094,335.440,1
608,10.143467,37,0.534173,587.611,40.892,1
608,10.143467,38,0.440222,455.935,545.584,1
609,10.160150,36,0.164007,621.801,334.968,0
609,10.160150,37,0.424579,587.065,38.205,1
609,10.160150,38,0.376604,453.562,546.577,1
610,10.176833,36,0.164007,621.509,334.496,0
610,10.176833,37,0.443522,586.763,36.645,1
610,10.176833,38,0.371679,452.159,547.099,1
611,10.193517,36,0.164007,621.217,334.024,0
611,10.193517,37,0.528283,586.249,34.176,1
611,10.193517,38,0.435390,450.133,547.440,1
612,10.210200,36,0.220476,622.380,335.750,1
612,10.210200,37,0.543488,585.975,32.783,1
612,10.210200,38,0.446209,448.974,547.534,1
613,10.226883,36,0.179736,623.443,333.464,1
613,10.226883,37,0.517714,585.493,30.617,1
613,10.226883,38,0.489408,447.244,547.594,1
614,10.243567,36,0.191519,624.171,331.836,1
614,10.243567,37,0.514927,585.215,29.399,1
614,10.243567,38,0.490523,446.274,547.543,1
615,10.260250,36,0.534414,624.884,330.452,1
615,10.260250,37,0.421709,584.560,27.689,1
615,10.260250,38,0.384769,444.463,547.266,1
616,10.276933,36,0.509228,625.311,329.604,1
616,10.276933,37,0.412019,584.158,26.754,1
616,10.276933,38,0.373587,443.412,547.021,1
617,10.293617,36,0.269083,625.903,328.914,1
617,10.293617,37,0.405594,583.473,25.752,1
617,10.293617,38,0.308619,441.779,546.366,1
618,10.310300,36,0.265011,626.253,328.618,1
618,10.310300,37,0.412977,583.051,25.283,1
618,10.310300,38,0.311306,440.841,545.894,1
619,10.326983,36,0.301508,626.546,327.566,1
619,10.326983,37,0.410594,582.348,24.711,1
619,10.326983,38,0.361311,439.261,544.637,1
620,10.343667,36,0.294112,626.679,326.956,1
620,10.343667,37,0.415642,581.923,24.480,1
620,10.343667,38,0.364785,438.348,543.784,1
621,10.360350,36,0.380802,626.474,325.344,1
621,10.360350,37,0.539635,581.256,24.236,1
621,10.360350,38,0.364785,437.072,543.194,0
622,10.377033,36,0.387971,626.288,324.327,1
622,10.377033,37,0.532283,580.860,24.098,1
622,10.377033,38,0.364785,435.796,542.604,0
623,10.393717,36,0.420728,625.181,322.096,1
623,10.393717,37,0.499192,580.307,24.030,1
623,10.393717,38,0.364785,434.520,542.014,0
624,10.410400,36,0.415909,624.398,320.629,1
624,10.410400,37,0.496396,580.026,24.039,1
624,10.410400,38,0.364785,433.244,541.424,0
625,10.427083,36,0.324884,623.066,318.144,1
625,10.427083,37,0.463186,579.439,24.082,1
625,10.427083,38,0.364785,431.968,540.834,0
626,10.443767,36,0.335177,622.198,316.608,1
626,10.443767,37,0.465334,579.065,24.150,1
627,10.460450,36,0.306586,620.583,314.984,1
627,10.460450,37,0.424668,578.489,24.228,1
628,10.477133,36,0.321192,619.520,314.064,1
628,10.477133,37,0.423873,578.169,24.307,1
629,10.493817,36,0.253335,619.453,312.811,1
629,10.493817,37,0.470949,577.624,24.661,1
629,10.493817,39,0.222911,429.961,521.040,1
630,10.510500,36,0.247683,619.555,312.143,1
630,10.510500,37,0.460331,577.310,24.937,1
630,10.510500,39,0.224952,429.387,518.574,1
631,10.527183,36,0.247683,619.045,310.946,0
631,10.527183,37,0.460331,576.880,25.060,0
631,10.527183,39,0.224952,429.007,516.944,0
632,10.543867,36,0.247683,618.536,309.748,0
632,10.543867,37,0.156555,576.622,25.545,1
632,10.543867,39,0.224952,428.627,515.314,0
633,10.560550,36,0.237602,617.581,310.075,1
633,10.560550,37,0.274365,576.110,26.331,1
633,10.560550,39,0.163909,426.702,505.849,1
634,10.577233,36,0.226271,616.978,310.489,1
634,10.577233,37,0.270094,575.805,26.847,1
634,10.577233,39,0.150387,425.536,500.113,1
635,10.593917,36,0.315968,616.224,310.933,1
635,10.593917,37,0.265503,575.177,27.931,1
635,10.593917,39,0.281938,424.096,491.666,1
636,10.610600,36,0.300566,615.787,311.331,1
636,10.610600,37,0.242061,574.751,28.630,1
636,10.610600,39,0.272074,423.302,486.811,1
637,10.627283,36,0.319151,615.266,311.918,1
637,10.627283,37,0.421083,574.181,30.299,1
637,10.627283,39,0.487458,421.877,478.462,1
638,10.643967,36,0.306081,614.985,312.346,1
638,10.643967,37,0.403162,573.832,31.377,1
638,10.643967,39,0.440860,421.061,473.540,1
639,10.660650,36,0.230815,614.795,313.224,1
639,10.660650,37,0.323830,573.101,33.901,1
639,10.660650,39,0.279978,419.843,464.602,1
640,10.677333,36,0.226093,614.737,313.808,1
640,10.677333,37,0.305676,572.642,35.541,1
640,10.677333,39,0.283346,419.108,459.224,1
641,10.694017,36,0.385619,614.530,314.937,1
641,10.694017,37,0.478256,571.910,38.177,1
641,10.694017,39,0.257855,418.418,449.776,1
642,10.710700,36,0.369362,614.429,315.661,1
642,10.710700,37,0.470465,571.459,39.829,1
642,10.710700,39,0.244976,418.099,444.084,1
643,10.727383,36,0.357202,614.228,317.053,1
643,10.727383,37,0.548033,570.936,42.821,1
643,10.727383,39,0.244976,417.340,437.297,0
644,10.744067,36,0.344187,614.124,317.939,1
644,10.744067,37,0.536763,570.520,44.668,1
644,10.744067,39,0.244976,416.582,430.510,0
645,10.760750,36,0.477212,613.868,319.768,1
645,10.760750,37,0.623532,569.927,47.955,1
645,10.760750,39,0.350023,416.852,419.173,1
646,10.777433,36,0.494380,613.716,320.927,1
646,10.777433,37,0.633253,569.581,49.971,1
646,10.777433,39,0.370622,417.152,412.206,1
647,10.794117,36,0.272056,613.480,322.738,1
647,10.794117,37,0.527412,569.108,53.881,1
647,10.794117,39,0.185982,417.494,401.140,1
648,10.810800,36,0.254661,613.343,323.843,1
648,10.810800,37,0.502702,568.799,56.293,1
648,10.810800,39,0.179460,417.764,394.487,1
649,10.827483,36,0.254661,613.155,325.096,0
649,10.827483,37,0.566039,568.291,60.167,1
649,10.827483,39,0.209346,418.040,383.884,1
650,10.844167,36,0.254661,612.966,326.350,0
650,10.844167,37,0.546511,568.030,62.510,1
650,10.844167,39,0.163665,418.233,377.645,1
651,10.860850,36,0.254661,612.778,327.603,0
651,10.860850,37,0.560652,567.458,66.908,1
651,10.860850,39,0.349304,418.352,367.842,1
652,10.877533,36,0.254661,612.590,328.857,0
652,10.877533,37,0.543451,567.166,69.584,1
652,10.877533,39,0.336293,418.421,362.159,1
653,10.894217,36,0.254661,612.401,330.110,0
653,10.894217,37,0.443402,566.745,74.389,1
653,10.894217,39,0.187485,418.700,353.320,1
654,10.910900,37,0.463683,566.519,77.315,1
654,10.910900,39,0.185994,418.880,348.238,1
655,10.927583,37,0.691387,566.005,82.347,1
655,10.927583,39,0.646826,419.005,339.810,1
656,10.944267,37,0.677355,565.692,85.363,1
656,10.944267,39,0.638391,419.070,334.960,1
657,10.960950,37,0.641537,565.158,90.740,1
657,10.960950,39,0.527141,418.959,326.440,1
657,10.960950,40,0.324374,611.569,343.739,1
658,10.977633,37,0.630671,564.843,94.008,1
658,10.977633,39,0.527486,418.869,321.452,1
658,10.977633,40,0.344060,611.465,345.367,1
659,10.994317,37,0.677525,564.135,100.013,1
659,10.994317,39,0.601527,418.819,312.529,1
659,10.994317,40,0.257317,611.157,349.386,1
660,11.011000,37,0.674284,563.695,103.672,1
660,11.011000,39,0.610585,418.770,307.239,1
660,11.011000,40,0.250599,610.985,351.751,1
661,11.027683,37,0.724993,563.170,109.894,1
661,11.027683,39,0.649502,418.772,298.845,1
661,11.027683,40,0.176708,610.733,356.173,1
662,11.044367,37,0.735031,562.876,113.638,1
662,11.044367,39,0.658200,418.775,293.953,1
662,11.044367,40,0.185303,610.594,358.746,1
663,11.061050,37,0.723618,562.309,120.369,1
663,11.061050,39,0.690921,418.893,285.844,1
663,11.061050,40,0.192907,610.292,363.232,1
664,11.077733,37,0.727973,561.954,124.456,1
664,11.077733,39,0.702771,418.973,281.111,1
664,11.077733,40,0.195437,610.110,365.900,1
665,11.094417,37,0.717026,561.566,131.360,1
665,11.094417,39,0.632673,419.044,273.230,1
665,11.094417,40,0.195437,609.910,368.966,0
666,11.111100,37,0.714239,561.354,135.501,1
666,11.111100,39,0.643219,419.084,268.631,1
666,11.111100,40,0.195437,609.711,372.032,0
667,11.127783,37,0.690146,560.766,142.715,1
667,11.127783,39,0.513813,419.107,261.160,1
667,11.127783,40,0.195437,609.511,375.098,0
668,11.144467,37,0.688616,560.343,147.051,1
668,11.144467,39,0.525626,419.108,256.835,1
668,11.144467,40,0.195437,609.311,378.164,0
669,11.161150,37,0.619196,559.699,154.647,1
669,11.161150,39,0.599402,419.015,249.568,1
669,11.161150,40,0.195437,609.111,381.230,0
670,11.177833,37,0.626172,559.308,159.213,1
670,11.177833,39,0.608595,418.944,245.335,1
671,11.194517,37,0.327020,558.863,167.469,1
671,11.194517,39,0.536894,418.915,238.426,1
672,11.211200,37,0.339166,558.631,172.474,1
672,11.211200,39,0.555049,418.891,234.414,1
673,11.227883,37,0.407524,558.072,181.090,1
673,11.227883,39,0.476896,418.970,227.707,1
674,11.244567,37,0.390232,557.737,186.267,1
674,11.244567,39,0.465846,419.007,223.802,1
675,11.261250,37,0.390232,557.325,192.520,0
675,11.261250,39,0.183265,419.169,217.469,1
676,11.277933,37,0.390232,556.914,198.773,0
676,11.277933,39,0.190281,419.300,213.786,1
677,11.294617,37,0.356682,556.496,208.350,1
677,11.294617,39,0.570815,419.381,207.738,1
678,11.311300,37,0.349871,556.271,214.165,1
678,11.311300,39,0.569009,419.425,204.225,1
679,11.327983,37,0.349871,555.907,220.949,0
679,11.327983,39,0.524411,419.548,198.501,1
680,11.344667,37,0.349871,555.544,227.734,0
680,11.344667,39,0.513192,419.642,195.189,1
681,11.361350,37,0.502191,554.877,238.775,1
681,11.361350,39,0.358195,419.785,189.879,1
682,11.378033,37,0.473548,554.467,245.546,1
682,11.378033,39,0.350069,419.924,186.820,1
683,11.394717,37,0.202291,553.852,256.601,1
683,11.394717,39,0.341624,420.007,181.766,1
683,11.394717,41,0.253955,606.596,453.326,1
684,11.411400,37,0.208010,553.482,263.255,1
684,11.411400,39,0.344484,420.046,178.857,1
684,11.411400,41,0.261320,606.438,458.817,1
685,11.428083,37,0.452110,552.870,274.046,1
685,11.428083,39,0.556215,420.067,174.312,1
685,11.428083,41,0.352135,606.135,467.311,1
686,11.444767,37,0.451927,552.503,280.448,1
686,11.444767,39,0.549597,420.067,171.718,1
686,11.444767,41,0.346579,605.967,472.034,1
687,11.461450,37,0.230912,551.962,291.547,1
687,11.461450,39,0.386138,420.064,167.446,1
687,11.461450,41,0.346579,605.737,478.268,0
688,11.478133,37,0.215301,551.639,298.152,1
688,11.478133,39,0.373429,420.056,165.003,1
688,11.478133,41,0.346579,605.507,484.503,0
689,11.494817,37,0.261866,550.959,309.474,1
689,11.494817,39,0.421672,420.131,160.811,1
689,11.494817,41,0.157964,605.143,491.947,1
690,11.511500,37,0.270008,550.551,316.210,1
690,11.511500,39,0.433251,420.177,158.387,1
690,11.511500,41,0.168491,604.925,496.158,1
691,11.528183,37,0.344147,549.865,327.575,1
691,11.528183,39,0.617421,420.186,154.539,1
691,11.528183,41,0.339331,604.724,504.014,1
692,11.544867,37,0.329150,549.452,334.315,1
692,11.544867,39,0.598492,420.180,152.333,1
692,11.544867,41,0.327695,604.632,508.617,1
693,11.561550,37,0.291824,548.894,345.970,1
693,11.561550,39,0.605519,420.410,148.707,1
693,11.561550,41,0.408376,604.246,516.764,1
694,11.578233,37,0.253276,548.569,352.903,1
694,11.578233,39,0.585786,420.569,146.622,1
694,11.578233,41,0.373150,604.004,521.605,1
695,11.594917,37,0.253276,548.103,361.645,0
695,11.594917,39,0.513815,420.708,143.394,1
695,11.594917,41,0.371413,603.641,530.168,1
696,11.611600,37,0.253276,547.638,370.387,0
696,11.611600,39,0.504035,420.849,141.558,1
696,11.611600,41,0.375436,603.422,535.290,1
697,11.628283,37,0.253276,547.172,379.129,0
697,11.628283,39,0.513506,421.177,138.722,1
697,11.628283,41,0.227523,603.102,544.128,1
698,11.644967,37,0.253276,546.706,387.871,0
698,11.644967,39,0.502594,421.377,137.131,1
698,11.644967,41,0.204061,602.921,549.398,1
699,11.661650,37,0.253276,546.241,396.613,0
699,11.661650,39,0.511569,421.562,134.469,1
699,11.661650,41,0.204061,602.669,555.926,0
700,11.678333,39,0.530199,421.666,132.958,1
700,11.678333,41,0.204061,602.417,562.455,0
701,11.695017,39,0.647360,421.994,130.683,1
701,11.695017,41,0.204061,602.164,568.984,0
702,11.711700,39,0.668730,422.122,129.408,1
702,11.711700,41,0.204061,601.912,575.513,0
703,11.728383,39,0.692434,422.215,127.472,1
703,11.728383,41,0.204061,601.660,582.041,0
704,11.745067,39,0.664267,422.261,126.370,1
705,11.761750,39,0.679795,422.266,124.777,1
705,11.761750,42,0.503892,555.112,427.575,1
706,11.778433,39,0.703411,422.360,123.923,1
706,11.778433,42,0.509456,555.492,431.490,1
707,11.795117,39,0.717279,422.556,122.619,1
707,11.795117,42,0.402277,557.075,440.339,1
708,11.811800,39,0.687287,422.679,121.928,1
708,11.811800,42,0.397116,558.036,445.527,1
709,11.828483,39,0.731424,422.878,120.999,1
709,11.828483,42,0.549358,560.123,454.518,1
710,11.845167,39,0.722561,423.038,120.523,1
710,11.845167,42,0.549599,561.327,459.681,1
711,11.861850,39,0.589087,423.274,119.739,1
711,11.861850,42,0.151722,563.812,467.842,1
712,11.878533,39,0.571426,423.482,119.312,1
712,11.878533,42,0.151722,565.332,474.271,0
713,11.895217,39,0.705127,423.693,119.114,1
713,11.895217,42,0.580266,568.016,481.670,1
714,11.911900,39,0.735469,423.873,119.092,1
714,11.911900,42,0.571509,569.652,485.882,1
715,11.928583,39,0.739756,424.010,119.156,1
715,11.928583,42,0.733588,572.337,492.881,1
715,11.928583,43,0.271259,586.481,595.907,1
716,11.945267,39,0.715680,424.194,119.268,1
716,11.945267,42,0.728523,573.959,496.909,1
716,11.945267,43,0.263721,585.772,597.675,1
717,11.961950,39,0.655193,424.465,119.526,1
717,11.961950,42,0.315474,576.576,503.717,1
717,11.961950,43,0.236023,584.093,601.350,1
718,11.978633,39,0.643856,424.674,119.731,1
718,11.978633,42,0.295397,578.137,507.668,1
718,11.978633,43,0.223253,583.104,603.490,1
719,11.995317,39,0.563423,424.971,120.523,1
719,11.995317,42,0.342865,580.385,514.346,1
719,11.995317,43,0.223253,582.192,605.544,0
720,12.012000,39,0.561735,425.128,121.076,1
720,12.012000,42,0.346332,581.678,518.237,1
720,12.012000,43,0.223253,581.281,607.598,0
721,12.028683,39,0.616052,425.190,122.084,1
721,12.028683,42,0.480237,583.941,524.957,1
721,12.028683,43,0.223253,580.369,609.652,0
722,12.045367,39,0.485906,425.323,122.745,1
722,12.045367,42,0.500131,585.261,528.907,1
722,12.045367,43,0.223253,579.457,611.706,0
723,12.062050,39,0.634610,425.663,124.015,1
723,12.062050,42,0.220720,587.661,535.188,1
723,12.062050,43,0.223253,578.545,613.759,0
724,12.078733,39,0.661355,425.869,124.841,1
724,12.078733,42,0.235767,589.085,538.838,1
725,12.095417,39,0.708991,426.065,126.460,1
725,12.095417,42,0.610517,591.339,544.588,1
726,12.112100,39,0.672779,426.147,127.490,1
726,12.112100,42,0.596095,592.657,547.847,1
727,12.128783,39,0.476986,426.385,129.582,1
727,12.128783,42,0.330591,594.873,552.776,1
727,12.128783,44,0.151427,572.516,635.439,1
728,12.145467,39,0.455564,426.479,130.925,1
728,12.145467,42,0.331300,596.177,555.563,1
728,12.145467,44,0.153403,571.772,637.822,1
729,12.162150,39,0.459469,426.661,133.134,1
729,12.162150,42,0.551951,598.519,560.831,1
729,12.162150,44,0.230075,569.273,642.313,1
730,12.178833,39,0.468535,426.765,134.543,1
730,12.178833,42,0.561163,599.914,563.904,1
730,12.178833,44,0.225890,567.770,644.918,1
731,12.195517,39,0.601185,427.043,137.203,1
731,12.195517,42,0.570256,602.277,568.386,1
731,12.195517,44,0.229478,564.792,649.275,1
732,12.212200,39,0.606134,427.202,138.850,1
732,12.212200,42,0.580172,603.681,570.931,1
732,12.212200,44,0.237199,563.053,651.762,1
733,12.228883,39,0.457007,427.439,141.862,1
733,12.228883,42,0.239361,605.947,574.706,1
733,12.228883,44,0.279553,560.019,655.589,1
734,12.245567,39,0.461898,427.595,143.721,1
734,12.245567,42,0.239070,607.279,576.809,1
734,12.245567,44,0.277115,558.201,657.792,1
735,12.262250,39,0.717083,427.981,146.899,1
735,12.262250,42,0.517474,609.244,580.424,1
735,12.262250,44,0.575474,555.884,660.599,1
736,12.278933,39,0.702682,428.205,148.881,1
736,12.278933,42,0.528829,610.370,582.471,1
736,12.278933,44,0.594238,554.555,662.130,1
737,12.295617,39,0.594270,428.565,152.686,1
737,12.295617,42,0.537471,612.026,585.178,1
737,12.295617,44,0.365692,552.302,663.980,1
738,12.312300,39,0.642479,428.720,155.037,1
738,12.312300,42,0.562623,612.948,586.631,1
738,12.312300,44,0.420576,550.997,664.914,1
739,12.328983,39,0.806736,429.154,158.958,1
739,12.328983,42,0.775603,614.595,588.455,1
739,12.328983,44,0.437866,548.663,665.743,1
740,12.345667,39,0.799099,429.435,161.317,1
740,12.345667,42,0.772142,615.538,589.365,1
740,12.345667,44,0.428043,547.289,666.036,1
741,12.362350,39,0.745316,429.799,165.636,1
741,12.362350,42,0.619280,617.124,590.784,1
741,12.362350,44,0.258966,545.239,665.650,1
742,12.379033,39,0.747381,430.020,168.270,1
742,12.379033,42,0.614874,618.039,591.472,1
742,12.379033,44,0.261135,544.068,665.196,1
743,12.395717,39,0.739383,430.399,173.084,1
743,12.395717,42,0.663580,619.563,591.855,1
743,12.395717,44,0.486370,542.260,663.878,1
744,12.412400,39,0.742057,430.606,176.010,1
744,12.412400,42,0.662765,620.442,591.904,1
744,12.412400,44,0.483910,541.239,662.882,1
745,12.429083,39,0.696341,430.770,181.138,1
745,12.429083,42,0.748121,621.546,591.560,1
745,12.429083,44,0.484848,539.474,660.054,1
746,12.445767,39,0.674218,430.844,184.235,1
746,12.445767,42,0.739776,622.142,591.186,1
746,12.445767,44,0.474513,538.457,658.102,1
747,12.462450,39,0.678922,431.205,189.554,1
747,12.462450,42,0.656812,623.235,589.372,1
747,12.462450,44,0.419074,536.505,654.438,1
748,12.479133,39,0.678478,431.427,192.754,1
748,12.479133,42,0.654767,623.853,588.048,1
748,12.479133,44,0.435739,535.335,652.035,1
749,12.495817,39,0.638751,431.870,198.398,1
749,12.495817,42,0.629383,624.865,585.593,1
749,12.495817,44,0.230839,534.313,647.236,1
750,12.512500,39,0.398151,432.116,201.760,1
750,12.512500,42,0.299377,625.475,583.902,1
750,12.512500,44,0.153427,533.808,644.243,1
751,12.529183,39,0.530961,432.508,207.837,1
751,12.529183,42,0.579180,626.285,580.624,1
751,12.529183,44,0.434445,532.758,638.242,1
752,12.545867,39,0.531114,432.740,211.538,1
752,12.545867,42,0.588780,626.727,578.498,1
752,12.545867,44,0.435703,532.180,634.430,1
753,12.562550,39,0.627344,433.169,217.940,1
753,12.562550,42,0.564166,627.364,574.267,1
753,12.562550,44,0.435703,531.215,630.732,0
754,12.579233,39,0.643385,433.419,221.791,1
754,12.579233,42,0.576420,627.705,571.550,1
754,12.579233,44,0.435703,530.250,627.034,0
755,12.595917,39,0.585121,433.925,228.492,1
755,12.595917,42,0.558700,627.937,566.175,1
755,12.595917,44,0.283660,529.339,618.024,1
756,12.612600,39,0.583082,434.227,232.542,1
756,12.612600,42,0.557380,628.008,562.776,1
756,12.612600,44,0.270401,528.845,612.229,1
757,12.629283,39,0.379869,434.757,239.482,1
757,12.629283,42,0.437095,627.991,556.655,1
757,12.629283,44,0.496883,528.026,601.436,1
758,12.645967,39,0.343612,435.075,243.669,1
758,12.645967,42,0.409959,627.898,552.834,1
758,12.645967,44,0.481968,527.587,594.617,1
759,12.662650,39,0.556604,435.607,250.952,1
759,12.662650,42,0.330374,627.732,546.352,1
759,12.662650,44,0.500077,526.659,584.008,1
760,12.679333,39,0.575014,435.928,255.296,1
760,12.679333,42,0.328521,627.608,542.427,1
760,12.679333,44,0.510702,526.112,577.535,1
761,12.696017,39,0.732925,436.238,262.886,1
761,12.696017,42,0.474976,627.047,535.722,1
761,12.696017,44,0.501068,525.430,565.684,1
762,12.712700,39,0.736273,436.408,267.440,1
762,12.712700,42,0.448176,626.645,531.717,1
762,12.712700,44,0.503288,525.135,558.484,1
763,12.729383,39,0.724062,436.724,275.298,1
763,12.729383,42,0.548307,625.349,524.272,1
763,12.729383,44,0.442635,524.643,547.434,1
764,12.746067,39,0.730895,436.900,280.013,1
764,12.746067,42,0.557095,624.465,519.747,1
764,12.746067,44,0.243277,524.310,539.477,1
765,12.762750,39,0.739196,437.272,288.520,1
765,12.762750,42,0.646945,622.926,511.772,1
765,12.762750,44,0.588762,524.709,526.622,1
766,12.779433,39,0.736256,437.518,293.624,1
766,12.779433,42,0.659173,621.931,506.943,1
766,12.779433,44,0.562299,525.052,519.168,1
767,12.796117,39,0.314863,438.024,302.407,1
767,12.796117,42,0.271842,620.059,499.365,1
767,12.796117,44,0.258742,525.591,506.465,1
768,12.812800,39,0.342932,438.335,307.676,1
768,12.812800,42,0.300002,618.873,494.861,1
768,12.812800,44,0.284562,526.010,498.958,1
769,12.829483,39,0.497874,438.585,316.547,1
769,12.829483,42,0.252064,616.835,488.527,1
769,12.829483,44,0.236961,526.696,487.035,1
770,12.846167,39,0.502326,438.719,321.841,1
770,12.846167,42,0.271019,615.579,484.925,1
770,12.846167,44,0.220930,527.157,480.106,1
771,12.862850,39,0.423165,439.247,331.221,1
771,12.862850,42,0.271019,614.224,479.643,0
771,12.862850,44,0.358814,527.815,468.633,1
772,12.879533,39,0.456026,439.590,336.848,1
772,12.879533,42,0.155967,612.849,475.979,1
772,12.879533,44,0.365461,528.230,461.910,1
773,12.896217,39,0.696385,440.474,353.233,1
773,12.896217,42,0.691975,609.464,466.546,1
773,12.896217,44,0.587514,529.300,442.323,1
774,12.912900,39,0.463224,441.636,378.382,1
774,12.912900,42,0.764166,604.772,453.683,1
774,12.912900,44,0.446350,530.648,413.640,1
775,12.929583,39,0.174062,442.896,410.166,1
775,12.929583,42,0.421464,599.163,439.083,1
775,12.929583,44,0.197269,532.199,379.850,1
776,12.946267,39,0.697034,444.359,446.681,1
776,12.946267,42,0.742299,593.324,424.723,1
776,12.946267,44,0.467280,533.913,343.801,1
777,12.962950,39,0.385585,446.147,487.001,1
777,12.962950,42,0.456792,587.336,411.628,1
777,12.962950,44,0.237034,535.768,307.462,1
778,12.979633,39,0.485342,448.086,529.961,1
778,12.979633,42,0.451944,581.409,400.390,1
778,12.979633,44,0.369173,537.507,271.593,1
779,12.996317,39,0.553302,449.968,574.708,1
779,12.996317,42,0.520354,575.629,391.314,1
779,12.996317,44,0.302527,539.211,237.629,1
780,13.013000,39,0.553302,451.494,609.937,0
780,13.013000,42,0.287170,570.660,384.586,1
780,13.013000,44,0.326571,540.550,205.600,1
781,13.029683,39,0.553302,453.021,645.166,0
781,13.029683,42,0.287170,565.551,374.868,0
781,13.029683,44,0.464038,542.149,176.249,1
782,13.046367,39,0.553302,454.548,680.396,0
782,13.046367,42,0.716640,564.900,372.737,1
782,13.046367,44,0.405355,543.536,149.283,1
783,13.063050,39,0.553302,456.074,715.625,0
783,13.063050,42,0.653254,566.559,369.821,1
783,13.063050,44,0.477641,545.004,124.852,1
784,13.079733,39,0.553302,457.601,750.854,0
784,13.079733,42,0.423451,570.246,365.872,1
784,13.079733,44,0.493081,546.202,102.740,1
785,13.096417,42,0.337341,574.633,362.153,1
785,13.096417,44,0.689351,547.353,82.655,1
786,13.113100,42,0.465893,578.934,359.070,1
786,13.113100,44,0.772972,548.277,64.699,1
787,13.129783,42,0.702742,583.203,357.420,1
787,13.129783,44,0.681700,549.519,48.872,1
788,13.146467,42,0.695531,587.137,356.850,1
788,13.146467,44,0.664516,550.790,34.900,1
788,13.146467,45,0.223035,402.892,647.366,1
789,13.163150,42,0.295224,590.448,355.786,1
789,13.163150,44,0.668961,552.445,22.410,1
789,13.163150,45,0.536935,399.521,643.492,1
790,13.179833,42,0.689481,593.032,358.464,1
790,13.179833,44,0.483725,553.776,13.390,1
790,13.179833,45,0.178795,396.230,637.766,1
791,13.196517,42,0.261574,593.670,357.677,1
791,13.196517,44,0.657561,555.202,7.750,1
791,13.196517,45,0.178795,392.795,635.422,0
792,13.213200,42,0.534301,594.250,357.764,1
792,13.213200,44,0.672683,556.775,4.802,1
792,13.213200,45,0.178795,389.360,633.078,0
793,13.229883,42,0.673234,594.280,356.394,1
793,13.229883,44,0.830644,558.465,3.737,1
793,13.229883,45,0.178795,385.926,630.734,0
794,13.246567,42,0.821558,593.936,353.130,1
794,13.246567,44,0.814688,560.018,4.061,1
794,13.246567,45,0.196846,381.611,610.704,1
795,13.263250,42,0.548069,592.826,347.535,1
795,13.263250,44,0.751008,561.628,5.468,1
795,13.263250,45,0.196846,377.935,603.528,0
796,13.279933,42,0.324158,591.131,342.522,1
796,13.279933,44,0.765562,563.355,7.956,1
796,13.279933,45,0.334128,374.178,576.800,1
797,13.296617,42,0.324158,590.940,339.277,0
797,13.296617,44,0.508224,565.155,11.179,1
797,13.296617,45,0.334128,370.481,564.410,0
798,13.313300,42,0.324158,590.748,336.032,0
798,13.313300,44,0.310366,567.019,15.374,1
798,13.313300,45,0.334128,366.783,552.020,0
799,13.329983,42,0.324158,590.556,332.787,0
799,13.329983,44,0.218601,568.934,20.660,1
799,13.329983,45,0.334128,363.086,539.629,0
800,13.346667,42,0.324158,590.365,329.542,0
800,13.346667,44,0.537253,570.882,28.767,1
801,13.363350,42,0.324158,590.173,326.297,0
801,13.363350,44,0.500427,572.745,40.228,1
802,13.380033,42,0.168033,587.155,342.645,1
802,13.380033,44,0.547140,575.077,55.167,1
803,13.396717,42,0.459955,584.564,359.677,1
803,13.396717,44,0.740546,577.105,73.288,1
803,13.396717,46,0.729539,373.726,343.908,1
804,13.413400,42,0.376014,582.509,377.318,1
804,13.413400,44,0.633220,579.262,94.020,1
804,13.413400,46,0.683205,375.274,314.586,1
805,13.430083,42,0.314937,580.867,395.023,1
805,13.430083,44,0.518324,581.563,117.463,1
805,13.430083,46,0.677365,377.282,281.353,1
806,13.446767,42,0.314937,579.286,406.375,0
806,13.446767,44,0.231249,584.158,143.785,1
806,13.446767,46,0.657237,379.657,249.088,1
807,13.463450,42,0.335816,577.572,428.631,1
807,13.463450,44,0.407016,586.806,173.104,1
807,13.463450,46,0.226021,382.798,219.044,1
808,13.480133,42,0.176999,576.276,451.553,1
808,13.480133,44,0.232408,589.214,204.310,1
808,13.480133,46,0.364050,385.760,190.883,1
809,13.496817,42,0.170463,575.189,475.579,1
809,13.496817,44,0.483718,592.232,238.206,1
809,13.496817,46,0.426169,388.883,165.911,1
810,13.513500,42,0.170463,573.776,494.112,0
810,13.513500,44,0.276719,594.977,274.797,1
810,13.513500,46,0.218215,392.351,143.532,1
811,13.530183,42,0.170463,572.363,512.645,0
811,13.530183,44,0.276719,597.567,304.142,0
811,13.530183,46,0.306354,396.219,123.282,1
812,13.546867,42,0.170463,570.950,531.178,0
812,13.546867,44,0.276719,600.157,333.487,0
812,13.546867,46,0.159635,400.411,105.143,1
813,13.563550,42,0.170463,569.536,549.711,0
813,13.563550,44,0.385682,604.326,382.889,1
813,13.563550,46,0.660925,404.632,89.439,1
814,13.580233,42,0.170463,568.123,568.244,0
814,13.580233,44,0.514436,611.001,424.851,1
814,13.580233,46,0.774205,408.921,76.248,1
815,13.596917,44,0.302827,620.358,460.861,1
815,13.596917,46,0.762773,413.325,65.277,1
816,13.613600,44,0.773077,631.463,490.968,1
816,13.613600,46,0.777089,417.746,56.608,1
817,13.630283,44,0.589968,641.325,517.274,1
817,13.630283,46,0.718189,421.900,50.253,1
818,13.646967,44,0.518352,650.749,539.362,1
818,13.646967,46,0.653676,426.324,46.263,1
819,13.663650,44,0.489449,658.343,558.332,1
819,13.663650,46,0.805056,430.647,44.120,1
820,13.680333,44,0.482458,664.452,574.617,1
820,13.680333,46,0.755943,434.823,44.120,1
821,13.697017,44,0.385706,669.436,586.844,1
821,13.697017,46,0.690742,438.912,46.382,1
821,13.697017,47,0.345221,582.909,638.258,1
822,13.713700,44,0.385706,676.271,607.774,0
822,13.713700,46,0.705556,442.906,50.599,1
822,13.713700,47,0.393677,582.965,642.991,1
823,13.730383,44,0.281535,678.241,608.138,1
823,13.730383,46,0.797848,446.959,56.964,1
823,13.730383,47,0.493023,582.118,646.422,1
824,13.747067,44,0.254859,679.952,605.629,1
824,13.747067,46,0.759115,450.900,65.545,1
824,13.747067,47,0.399629,580.917,646.685,1
825,13.763750,44,0.391383,681.038,599.462,1
825,13.763750,46,0.735976,454.780,76.386,1
825,13.763750,47,0.475599,580.466,641.529,1
826,13.780433,44,0.208620,681.701,588.825,1
826,13.780433,46,0.553558,458.610,89.395,1
826,13.780433,47,0.397124,580.185,630.464,1
827,13.797117,44,0.501941,682.270,573.074,1
827,13.797117,46,0.554651,462.703,104.466,1
827,13.797117,47,0.559973,579.865,612.127,1
828,13.813800,44,0.363002,682.742,553.690,1
828,13.813800,46,0.617171,466.755,121.771,1
828,13.813800,47,0.234746,578.980,589.352,1
829,13.830483,44,0.331771,682.787,531.121,1
829,13.830483,46,0.643849,470.784,141.201,1
829,13.830483,47,0.268885,577.702,559.064,1
830,13.847167,44,0.279979,680.260,507.556,1
830,13.847167,46,0.659817,474.667,162.751,1
830,13.847167,47,0.416055,576.991,521.635,1
831,13.863850,44,0.279979,680.550,492.978,0
831,13.863850,46,0.353140,478.825,186.403,1
831,13.863850,47,0.416055,576.270,499.765,0
832,13.880533,44,0.279979,680.840,478.400,0
832,13.880533,46,0.314679,482.846,212.182,1
832,13.880533,47,0.416055,575.550,477.895,0
833,13.897217,44,0.174193,672.984,451.866,1
833,13.897217,46,0.381728,486.817,240.101,1
833,13.897217,47,0.416055,574.830,456.025,0
834,13.913900,44,0.394662,666.042,428.936,1
834,13.913900,46,0.664232,490.897,269.692,1
834,13.913900,47,0.416055,574.110,434.155,0
834,13.913900,48,0.477197,582.450,360.459,1
835,13.930583,44,0.219929,659.829,410.142,1
835,13.930583,46,0.227668,495.245,301.701,1
835,13.930583,47,0.416055,573.390,412.285,0
835,13.930583,48,0.477197,582.791,351.523,0
836,13.947267,44,0.219929,655.817,391.105,0
836,13.947267,46,0.227668,499.359,327.843,0
836,13.947267,48,0.477197,583.132,342.588,0
837,13.963950,44,0.219929,651.805,372.068,0
837,13.963950,46,0.227668,503.473,353.984,0
837,13.963950,48,0.477197,583.474,333.652,0
838,13.980633,44,0.597013,646.716,367.732,1
838,13.980633,46,0.227668,507.587,380.126,0
839,13.997317,44,0.431900,642.439,365.760,1
839,13.997317,46,0.227668,511.702,406.268,0
840,14.014000,44,0.166323,638.773,365.227,1
840,14.014000,46,0.227668,515.816,432.409,0
841,14.030683,44,0.676455,637.178,364.769,1
842,14.047367,44,0.273182,636.855,364.325,1
843,14.064050,44,0.393325,637.552,364.363,1
843,14.064050,49,0.599102,589.101,98.918,1
844,14.080733,44,0.470892,639.189,365.339,1
844,14.080733,49,0.410006,589.300,80.197,1
845,14.097417,44,0.594500,641.730,366.109,1
845,14.097417,49,0.364720,589.506,59.848,1
845,14.097417,50,0.250610,500.379,541.107,1
846,14.114100,44,0.636491,644.664,366.430,1
846,14.114100,49,0.404751,589.663,40.868,1
846,14.114100,50,0.269580,494.398,549.093,1
847,14.130783,44,0.772067,647.627,366.031,1
847,14.130783,49,0.360836,589.749,25.092,1
847,14.130783,50,0.352523,488.331,556.758,1
848,14.147467,44,0.794486,650.767,364.788,1
848,14.147467,49,0.433209,589.958,14.029,1
848,14.147467,50,0.266570,483.035,562.649,1
849,14.164150,44,0.862835,654.205,362.933,1
849,14.164150,49,0.752762,590.202,6.416,1
849,14.164150,50,0.163379,477.670,566.982,1
850,14.180833,44,0.782702,657.117,359.579,1
850,14.180833,49,0.832835,590.444,1.543,1
850,14.180833,50,0.242847,472.927,568.822,1
851,14.197517,44,0.771600,659.296,355.145,1
851,14.197517,49,0.714757,590.592,-1.197,1
851,14.197517,50,0.253186,468.632,568.024,1
852,14.214200,44,0.741435,660.943,349.574,1
852,14.214200,49,0.370356,590.722,-2.457,1
852,14.214200,50,0.309670,464.424,564.475,1
853,14.230883,44,0.741435,663.123,346.273,0
853,14.230883,49,0.458248,590.783,-2.173,1
853,14.230883,50,0.193925,460.532,557.716,1
854,14.247567,44,0.741435,665.303,342.971,0
854,14.247567,49,0.458248,590.923,-6.887,0
854,14.247567,50,0.193925,456.119,556.979,0
855,14.264250,44,0.741435,667.483,339.669,0
855,14.264250,49,0.803592,591.579,-2.578,1
855,14.264250,50,0.193925,451.706,556.242,0
856,14.280933,44,0.741435,669.663,336.368,0
856,14.280933,49,0.838348,592.058,2.487,1
856,14.280933,50,0.193925,447.293,555.504,0
857,14.297617,44,0.164671,668.014,340.309,1
857,14.297617,49,0.817799,592.340,8.099,1
857,14.297617,50,0.193925,442.880,554.767,0
858,14.314300,44,0.164671,669.177,338.930,0
858,14.314300,49,0.527537,592.635,14.337,1
858,14.314300,50,0.193925,438.466,554.030,0
859,14.330983,44,0.164671,670.341,337.550,0
859,14.330983,49,0.285460,592.842,21.469,1
860,14.347667,49,0.643679,593.176,32.028,1
861,14.364350,49,0.378123,593.694,46.692,1
862,14.381033,49,0.645824,594.325,64.602,1
863,14.397717,49,0.705764,594.978,85.781,1
864,14.414400,49,0.706904,595.884,109.919,1
864,14.414400,51,0.803190,450.292,290.176,1
865,14.431083,49,0.374195,596.702,136.362,1
865,14.431083,51,0.721037,450.320,269.816,1
866,14.447767,49,0.488631,597.632,165.715,1
866,14.447767,51,0.680603,450.396,248.108,1
866,14.447767,52,0.351342,668.960,468.642,1
867,14.464450,49,0.536680,598.371,197.138,1
867,14.464450,51,0.509528,450.447,227.378,1
867,14.464450,52,0.207707,669.230,493.167,1
868,14.481133,49,0.328810,599.539,230.432,1
868,14.481133,51,0.501801,450.494,208.799,1
868,14.481133,52,0.400910,669.316,520.153,1
869,14.497817,49,0.756695,600.550,266.759,1
869,14.497817,51,0.718847,450.841,192.607,1
869,14.497817,52,0.486420,669.679,548.640,1
870,14.514500,49,0.748751,601.822,305.855,1
870,14.514500,51,0.522340,451.315,178.940,1
870,14.514500,52,0.486420,669.919,570.612,0
871,14.531183,49,0.563892,603.102,347.015,1
871,14.531183,51,0.571232,451.940,167.779,1
871,14.531183,52,0.486420,670.159,592.584,0
872,14.547867,49,0.231618,604.324,389.424,1
872,14.547867,51,0.461415,452.370,159.042,1
872,14.547867,52,0.486420,670.400,614.555,0
873,14.564550,49,0.780179,606.540,433.303,1
873,14.564550,51,0.782727,453.148,152.698,1
873,14.564550,52,0.486420,670.640,636.527,0
874,14.581233,49,0.509313,611.193,471.299,1
874,14.581233,51,0.786143,453.717,148.706,1
874,14.581233,52,0.486420,670.880,658.499,0
875,14.597917,49,0.182659,618.070,504.447,1
875,14.597917,51,0.697747,454.496,147.057,1
876,14.614600,49,0.283014,626.326,533.347,1
876,14.614600,51,0.623654,455.305,147.652,1
877,14.631283,49,0.418408,635.291,559.018,1
877,14.631283,51,0.694073,456.404,150.469,1
878,14.647967,49,0.695654,644.312,581.090,1
878,14.647967,51,0.531344,457.703,155.465,1
879,14.664650,49,0.722141,653.619,598.737,1
879,14.664650,51,0.768959,459.037,162.578,1
880,14.681333,49,0.395549,662.920,611.062,1
880,14.681333,51,0.693387,460.564,171.780,1
881,14.698017,49,0.501114,671.566,616.699,1
881,14.698017,51,0.781066,462.158,182.935,1
882,14.714700,49,0.728734,678.237,614.751,1
882,14.714700,51,0.791014,463.597,196.155,1
882,14.714700,53,0.713888,621.274,668.239,1
883,14.731383,49,0.728734,685.957,627.590,0
883,14.731383,51,0.715613,465.181,211.676,1
883,14.731383,53,0.632777,615.017,650.275,1
884,14.748067,49,0.728734,693.678,640.428,0
884,14.748067,51,0.449707,466.744,229.365,1
884,14.748067,53,0.213565,608.993,625.759,1
885,14.764750,49,0.728734,701.399,653.267,0
885,14.764750,51,0.481774,468.330,249.100,1
885,14.764750,53,0.389148,602.520,594.673,1
886,14.781433,49,0.728734,709.119,666.105,0
886,14.781433,51,0.709427,469.850,270.967,1
886,14.781433,53,0.589547,596.847,557.707,1
887,14.798117,49,0.728734,716.840,678.944,0
887,14.798117,51,0.274531,471.473,294.777,1
887,14.798117,53,0.186105,592.341,518.485,1
888,14.814800,51,0.818370,472.964,320.653,1
888,14.814800,53,0.723402,589.096,479.294,1
889,14.831483,51,0.709394,474.214,348.442,1
889,14.831483,53,0.573207,586.063,439.800,1
890,14.848167,51,0.814835,475.743,378.355,1
890,14.848167,53,0.825931,583.312,401.455,1
890,14.848167,54,0.737883,658.087,434.539,1
891,14.864850,51,0.256398,477.189,410.370,1
891,14.864850,53,0.472816,580.433,364.705,1
891,14.864850,54,0.302986,652.603,415.025,1
892,14.881533,51,0.379475,479.081,444.409,1
892,14.881533,53,0.534106,577.178,329.986,1
892,14.881533,54,0.657629,647.478,397.314,1
893,14.898217,51,0.286447,480.807,480.372,1
893,14.898217,53,0.219930,573.779,297.712,1
893,14.898217,54,0.199971,642.763,382.258,1
894,14.914900,51,0.286447,482.422,510.741,0
894,14.914900,53,0.219930,570.292,263.424,0
894,14.914900,54,0.264850,638.318,369.916,1
895,14.931583,51,0.283732,484.048,552.774,1
895,14.931583,53,0.219930,566.805,229.135,0
895,14.931583,54,0.264850,633.954,355.455,0
896,14.948267,51,0.283732,485.667,586.238,0
896,14.948267,53,0.219930,563.318,194.846,0
896,14.948267,54,0.264850,629.590,340.995,0
897,14.964950,51,0.283732,487.285,619.702,0
897,14.964950,53,0.219930,559.831,160.557,0
897,14.964950,54,0.264850,625.226,326.534,0
898,14.981633,51,0.262436,476.780,640.479,1
898,14.981633,53,0.408702,553.904,147.406,1
898,14.981633,54,0.264850,620.863,312.074,0
899,14.998317,51,0.482219,463.667,653.090,1
899,14.998317,53,0.241106,548.024,134.246,1
899,14.998317,54,0.264850,616.499,297.613,0
900,15.015000,51,0.287099,450.647,659.683,1
900,15.015000,53,0.415493,541.933,120.859,1
901,15.031683,51,0.190923,438.432,661.772,1
901,15.031683,53,0.606635,536.136,107.619,1
902,15.048367,51,0.167218,427.871,660.330,1
902,15.048367,53,0.457788,530.638,94.759,1
903,15.065050,51,0.167218,418.976,671.391,0
903,15.065050,53,0.261830,525.263,83.062,1
904,15.081733,51,0.167218,410.082,682.452,0
904,15.081733,53,0.528202,519.991,72.493,1
905,15.098417,51,0.167218,401.188,693.512,0
905,15.098417,53,0.417739,514.854,63.305,1
906,15.115100,51,0.167218,392.293,704.573,0
906,15.115100,53,0.614500,509.965,55.665,1
907,15.131783,51,0.167218,383.399,715.634,0
907,15.131783,53,0.553624,505.044,50.252,1
908,15.148467,53,0.589561,500.342,46.751,1
909,15.165150,53,0.562856,495.626,45.463,1
910,15.181833,53,0.501841,491.019,46.433,1
910,15.181833,55,0.283556,608.407,313.696,1
911,15.198517,53,0.366199,486.357,49.863,1
911,15.198517,55,0.203981,605.843,313.423,1
912,15.215200,53,0.596252,482.065,55.536,1
912,15.215200,55,0.591668,602.652,314.383,1
913,15.231883,53,0.664735,477.971,63.537,1
913,15.231883,55,0.580730,598.797,316.892,1
914,15.248567,53,0.741977,473.761,73.848,1
914,15.248567,55,0.789758,594.930,320.746,1
914,15.248567,56,0.553012,348.462,495.245,1
915,15.265250,53,0.598494,469.535,86.488,1
915,15.265250,55,0.393487,591.040,326.271,1
915,15.265250,56,0.335000,348.170,464.158,1
916,15.281933,53,0.616330,465.615,101.662,1
916,15.281933,55,0.152654,586.840,333.410,1
916,15.281933,56,0.338147,349.324,427.013,1
917,15.298617,53,0.617835,461.900,118.993,1
917,15.298617,55,0.152654,583.394,337.325,0
917,15.298617,56,0.604929,351.027,388.699,1
918,15.315300,53,0.633170,458.018,138.799,1
918,15.315300,55,0.340999,579.361,349.717,1
918,15.315300,56,0.690189,353.143,353.047,1
919,15.331983,53,0.764330,454.544,160.954,1
919,15.331983,55,0.169986,575.430,363.947,1
919,15.331983,56,0.711851,355.541,320.005,1
920,15.348667,53,0.565157,451.001,185.489,1
920,15.348667,55,0.199027,571.760,379.210,1
920,15.348667,56,0.437348,358.026,289.510,1
921,15.365350,53,0.471123,447.074,212.112,1
921,15.365350,55,0.199027,568.076,389.342,0
921,15.365350,56,0.446724,360.599,261.241,1
922,15.382033,53,0.510303,443.097,241.109,1
922,15.382033,55,0.254959,565.093,410.112,1
922,15.382033,56,0.524165,363.520,235.203,1
923,15.398717,53,0.533932,439.036,272.598,1
923,15.398717,55,0.468255,562.176,432.681,1
923,15.398717,56,0.524947,366.761,211.435,1
924,15.415400,53,0.695519,435.445,306.152,1
924,15.415400,55,0.602509,559.632,456.308,1
924,15.415400,56,0.601294,369.768,190.310,1
925,15.432083,53,0.496566,431.925,341.332,1
925,15.432083,55,0.535945,557.349,480.531,1
925,15.432083,56,0.298940,373.143,171.209,1
926,15.448767,53,0.496566,428.173,370.687,0
926,15.448767,55,0.195917,555.090,506.294,1
926,15.448767,56,0.628078,376.528,154.313,1
927,15.465450,53,0.496566,424.422,400.041,0
927,15.465450,55,0.195917,552.356,527.383,0
927,15.465450,56,0.555236,380.115,139.301,1
928,15.482133,53,0.192519,428.890,423.205,1
928,15.482133,55,0.195917,549.622,548.473,0
928,15.482133,56,0.455917,384.041,126.549,1
929,15.498817,53,0.192519,427.320,450.917,0
929,15.498817,55,0.195917,546.887,569.562,0
929,15.498817,56,0.399492,387.846,115.240,1
930,15.515500,53,0.192519,425.750,478.628,0
930,15.515500,55,0.195917,544.153,590.652,0
930,15.515500,56,0.525478,392.039,106.242,1
931,15.532183,53,0.192519,424.180,506.340,0
931,15.532183,55,0.195917,541.418,611.741,0
931,15.532183,56,0.710051,396.400,99.170,1
932,15.548867,53,0.192519,422.610,534.052,0
932,15.548867,56,0.755093,400.721,94.418,1
932,15.548867,57,0.572664,498.785,462.280,1
933,15.565550,56,0.642789,405.088,91.364,1
933,15.565550,57,0.322061,521.004,474.238,1
934,15.582233,56,0.787035,409.461,90.547,1
934,15.582233,57,0.746356,547.378,487.818,1
935,15.598917,56,0.676549,414.006,91.572,1
935,15.598917,57,0.316416,574.773,501.791,1
936,15.615600,56,0.712077,418.583,94.815,1
936,15.615600,57,0.652930,600.665,516.044,1
937,15.632283,56,0.535042,423.286,100.120,1
937,15.632283,57,0.280130,625.366,531.145,1
938,15.648967,56,0.548881,428.018,107.281,1
938,15.648967,57,0.323164,649.099,543.823,1
939,15.665650,56,0.395359,433.029,116.597,1
939,15.665650,57,0.323164,671.883,556.341,0
940,15.682333,56,0.390554,437.794,127.799,1
940,15.682333,57,0.323164,694.668,568.860,0
941,15.699017,56,0.624604,442.525,141.220,1
941,15.699017,57,0.413407,711.559,583.610,1
942,15.715700,56,0.387721,447.848,156.447,1
942,15.715700,57,0.248685,724.350,598.755,1
943,15.732383,56,0.604522,452.698,173.771,1
943,15.732383,57,0.538030,733.616,615.005,1
943,15.732383,58,0.330913,565.034,601.109,1
944,15.749067,56,0.491608,457.113,193.054,1
944,15.749067,57,0.421001,738.834,630.874,1
944,15.749067,58,0.300195,566.233,597.308,1
945,15.765750,56,0.696407,461.576,214.144,1
945,15.765750,57,0.471487,740.591,644.841,1
945,15.765750,58,0.495887,568.699,590.258,1
946,15.782433,56,0.687231,466.171,237.366,1
946,15.782433,57,0.732974,739.555,655.737,1
946,15.782433,58,0.464702,571.228,579.581,1
947,15.799117,56,0.452728,470.866,262.338,1
947,15.799117,57,0.451336,737.336,661.480,1
947,15.799117,58,0.286919,574.272,566.068,1
948,15.815800,56,0.632555,475.387,289.453,1
948,15.815800,57,0.523617,734.683,660.217,1
948,15.815800,58,0.562297,579.635,553.553,1
949,15.832483,56,0.364216,479.921,318.409,1
949,15.832483,57,0.616065,732.284,650.742,1
949,15.832483,58,0.292237,588.053,541.059,1
950,15.849167,56,0.299429,484.456,348.839,1
950,15.849167,57,0.595828,730.321,632.864,1
950,15.849167,58,0.586440,598.897,529.211,1
951,15.865850,56,0.196306,488.803,381.492,1
951,15.865850,57,0.595828,730.853,630.646,0
951,15.865850,58,0.507698,610.827,519.594,1
952,15.882533,56,0.196306,493.323,408.805,0
952,15.882533,57,0.595828,731.385,628.428,0
952,15.882533,58,0.507698,618.462,509.312,0
953,15.899217,56,0.196306,497.843,436.117,0
953,15.899217,57,0.595828,731.917,626.210,0
953,15.899217,58,0.182129,633.215,503.925,1
954,15.915900,56,0.192889,502.178,478.465,1
954,15.915900,57,0.595828,732.449,623.992,0
954,15.915900,58,0.645513,648.169,499.998,1
955,15.932583,56,0.168309,506.611,521.700,1
955,15.932583,57,0.595828,732.981,621.774,0
955,15.932583,58,0.261072,662.763,497.847,1
955,15.932583,59,0.353804,723.587,481.524,1
956,15.949267,56,0.168309,511.072,556.170,0
956,15.949267,58,0.339069,676.875,497.570,1
956,15.949267,59,0.183384,723.388,458.124,1
957,15.965950,56,0.408728,515.113,603.551,1
957,15.965950,58,0.489509,690.477,498.928,1
957,15.965950,59,0.608513,723.023,432.797,1
958,15.982633,56,0.459398,517.505,646.370,1
958,15.982633,58,0.223005,703.700,502.265,1
958,15.982633,59,0.612733,722.593,408.104,1
959,15.999317,56,0.265904,521.595,679.307,1
959,15.999317,58,0.223005,716.608,500.923,0
959,15.999317,59,0.459622,721.918,385.424,1
960,16.016000,56,0.559548,526.276,704.708,1
960,16.016000,58,0.223005,729.516,499.581,0
960,16.016000,59,0.673593,721.322,364.953,1
961,16.032683,56,0.559548,530.382,739.027,0
961,16.032683,58,0.223005,742.425,498.239,0
961,16.032683,59,0.359520,720.655,346.941,1
962,16.049367,56,0.559548,534.489,773.345,0
962,16.049367,58,0.223005,755.333,496.896,0
962,16.049367,59,0.487794,719.858,331.575,1
963,16.066050,56,0.559548,538.595,807.663,0
963,16.066050,58,0.223005,768.242,495.554,0
963,16.066050,59,0.630950,719.031,318.801,1
964,16.082733,56,0.559548,542.701,841.982,0
964,16.082733,59,0.525486,718.016,308.100,1
964,16.082733,60,0.626936,543.617,709.482,1
965,16.099417,56,0.559548,546.808,876.300,0
965,16.099417,59,0.599741,717.081,299.666,1
965,16.099417,60,0.512246,547.805,710.026,1
966,16.116100,59,0.600543,716.271,293.411,1
966,16.116100,60,0.668711,551.893,709.358,1
967,16.132783,59,0.548700,715.398,289.430,1
967,16.132783,60,0.628398,555.606,706.938,1
968,16.149467,59,0.504171,714.374,287.352,1
968,16.149467,60,0.275310,558.588,702.251,1
969,16.166150,59,0.563453,713.231,287.416,1
969,16.166150,60,0.592449,561.168,691.232,1
970,16.182833,59,0.568832,712.156,289.519,1
970,16.182833,60,0.736928,563.374,672.994,1
970,16.182833,61,0.308459,739.625,489.262,1
971,16.199517,59,0.412032,710.971,293.581,1
971,16.199517,60,0.759205,564.615,648.162,1
971,16.199517,61,0.308459,738.853,488.828,0
972,16.216200,59,0.643871,709.911,299.537,1
972,16.216200,60,0.560677,564.886,615.783,1
972,16.216200,61,0.358790,724.884,486.531,1
973,16.232883,59,0.461249,708.995,307.459,1
973,16.232883,60,0.532140,563.671,578.716,1
973,16.232883,61,0.315643,705.721,484.812,1
974,16.249567,59,0.461249,707.987,309.909,0
974,16.249567,60,0.532140,564.672,555.869,0
974,16.249567,61,0.268410,684.525,485.608,1
975,16.266250,59,0.461249,706.979,312.358,0
975,16.266250,60,0.532140,565.673,533.021,0
975,16.266250,61,0.639557,661.379,487.402,1
976,16.282933,59,0.461249,705.971,314.808,0
976,16.282933,60,0.532140,566.673,510.174,0
976,16.282933,61,0.531199,638.533,490.553,1
977,16.299617,59,0.152445,704.692,338.968,1
977,16.299617,60,0.532140,567.674,487.327,0
977,16.299617,61,0.703356,615.528,494.969,1
978,16.316300,59,0.314694,703.578,363.043,1
978,16.316300,60,0.532140,568.675,464.480,0
978,16.316300,61,0.448742,592.373,501.149,1
978,16.316300,62,0.343063,552.749,411.791,1
979,16.332983,59,0.314694,702.489,375.464,0
979,16.332983,61,0.540160,569.711,509.200,1
979,16.332983,62,0.343063,552.433,404.317,0
980,16.349667,59,0.375608,701.245,403.192,1
980,16.349667,61,0.763738,549.164,516.573,1
980,16.349667,62,0.343063,552.117,396.842,0
981,16.366350,59,0.158559,700.127,430.631,1
981,16.366350,61,0.648454,532.074,522.645,1
981,16.366350,62,0.343063,551.801,389.368,0
982,16.383033,59,0.432189,698.763,458.361,1
982,16.383033,61,0.609979,520.909,527.249,1
983,16.399717,59,0.170012,697.626,486.722,1
983,16.399717,61,0.632475,515.361,528.815,1
984,16.416400,59,0.691261,696.350,514.755,1
984,16.416400,61,0.780384,509.921,528.180,1
985,16.433083,59,0.606445,694.775,537.872,1
985,16.433083,61,0.557461,504.314,525.971,1
986,16.449767,59,0.606445,693.473,562.099,0
986,16.449767,61,0.557461,494.011,527.535,0
987,16.466450,59,0.761568,692.587,577.304,1
987,16.466450,61,0.521777,490.586,525.479,1
988,16.483133,59,0.471209,691.960,592.251,1
988,16.483133,61,0.255990,487.646,525.227,1
988,16.483133,63,0.475432,538.278,193.614,1
989,16.499817,59,0.490238,692.071,606.708,1
989,16.499817,61,0.334218,485.706,526.714,1
989,16.499817,63,0.624621,536.470,179.213,1
990,16.516500,59,0.444324,692.603,620.367,1
990,16.516500,61,0.175543,484.758,530.352,1
990,16.516500,63,0.585391,534.662,168.119,1
991,16.533183,59,0.439800,693.252,633.215,1
991,16.533183,61,0.175543,480.346,531.811,0
991,16.533183,63,0.353065,533.092,159.902,1
992,16.549867,59,0.177081,693.652,644.464,1
992,16.549867,61,0.175543,475.935,533.269,0
992,16.549867,63,0.377124,531.688,154.265,1
993,16.566550,59,0.265428,694.017,653.686,1
993,16.566550,61,0.786170,480.781,546.497,1
993,16.566550,63,0.683265,530.352,150.783,1
994,16.583233,59,0.288229,694.320,660.562,1
994,16.583233,61,0.491732,489.174,557.489,1
994,16.583233,63,0.648076,529.014,149.660,1
995,16.599917,59,0.379635,695.193,664.417,1
995,16.599917,61,0.491064,499.250,565.341,1
995,16.599917,63,0.718949,527.770,150.870,1
996,16.616600,59,0.420556,696.928,664.779,1
996,16.616600,61,0.292091,508.527,570.752,1
996,16.616600,63,0.463559,526.374,154.194,1
997,16.633283,59,0.341563,699.347,660.826,1
997,16.633283,61,0.237313,516.153,574.182,1
997,16.633283,63,0.455384,525.023,159.517,1
998,16.649967,59,0.352712,702.220,652.018,1
998,16.649967,61,0.489174,521.614,575.252,1
998,16.649967,63,0.353253,523.905,166.875,1
999,16.666650,59,0.352712,703.841,652.747,0
999,16.666650,61,0.360183,524.354,574.214,1
999,16.666650,63,0.353253,522.583,168.389,0
1000,16.683333,59,0.352712,705.462,653.476,0
1000,16.683333,61,0.561028,525.866,570.344,1
1000,16.683333,63,0.275798,521.221,181.984,1
1001,16.700017,59,0.352712,707.084,654.206,0
1001,16.700017,61,0.614792,527.771,563.910,1
1001,16.700017,63,0.357497,520.063,197.323,1
1002,16.716700,59,0.352712,708.705,654.935,0
1002,16.716700,61,0.402925,531.675,554.872,1
1002,16.716700,63,0.231915,518.978,214.022,1
1003,16.733383,59,0.352712,710.326,655.664,0
1003,16.733383,61,0.689668,539.418,544.120,1
1003,16.733383,63,0.686130,517.827,232.510,1
1004,16.750067,61,0.700623,552.520,532.522,1
1004,16.750067,63,0.577920,516.665,252.553,1
1005,16.766750,61,0.856682,569.722,520.160,1
1005,16.766750,63,0.776018,515.649,274.225,1
1005,16.766750,64,0.816882,702.330,474.546,1
1006,16.783433,61,0.811516,589.357,507.873,1
1006,16.783433,63,0.747898,514.706,297.520,1
1006,16.783433,64,0.761412,700.292,448.964,1
1007,16.800117,61,0.726024,608.812,497.126,1
1007,16.800117,63,0.329744,513.639,323.002,1
1007,16.800117,64,0.604182,697.877,420.368,1
1008,16.816800,61,0.502301,629.193,488.006,1
1008,16.816800,63,0.329744,512.551,343.080,0
1008,16.816800,64,0.429431,695.321,392.481,1
1009,16.833483,61,0.502301,645.024,478.445,0
1009,16.833483,63,0.329744,511.464,363.158,0
1009,16.833483,64,0.237817,692.802,366.234,1
1010,16.850167,61,0.690101,666.835,473.110,1
1010,16.850167,63,0.329744,510.376,383.237,0
1010,16.850167,64,0.442761,690.399,342.587,1
1011,16.866850,61,0.560197,683.813,469.252,1
1011,16.866850,63,0.329744,509.289,403.315,0
1011,16.866850,64,0.442761,688.267,319.527,0
1012,16.883533,61,0.589660,696.240,466.006,1
1012,16.883533,63,0.329744,508.201,423.394,0
1012,16.883533,64,0.442761,686.135,296.467,0
1013,16.900217,61,0.531230,706.851,462.654,1
1013,16.900217,64,0.256566,684.119,281.541,1
1014,16.916900,61,0.564197,716.661,463.993,1
1014,16.916900,64,0.172692,681.649,268.921,1
1015,16.933583,61,0.192660,728.259,467.233,1
1015,16.933583,64,0.372456,679.302,258.285,1
1016,16.950267,61,0.289327,741.798,472.796,1
1016,16.950267,64,0.417066,677.130,249.195,1
1017,16.966950,61,0.289327,754.836,472.946,0
1017,16.966950,64,0.531815,674.890,242.205,1
1017,16.966950,65,0.485697,507.818,609.557,1
1018,16.983633,61,0.291389,771.965,478.439,1
1018,16.983633,64,0.299227,672.801,236.871,1
1018,16.983633,65,0.432391,507.832,620.500,1
1019,17.000317,61,0.252400,788.502,485.687,1
1019,17.000317,64,0.299227,670.612,226.212,0
1019,17.000317,65,0.286289,508.779,631.672,1
1020,17.017000,61,0.305025,803.126,494.148,1
1020,17.017000,64,0.299227,668.423,215.554,0
1020,17.017000,65,0.177579,510.906,640.817,1
1021,17.033683,61,0.550654,814.435,502.483,1
1021,17.033683,64,0.299227,666.234,204.895,0
1021,17.033683,65,0.177579,511.788,649.038,0
1022,17.050367,61,0.360989,821.859,509.459,1
1022,17.050367,64,0.165716,664.644,215.531,1
1022,17.050367,65,0.177579,512.669,657.258,0
1023,17.067050,61,0.578226,824.486,513.827,1
1023,17.067050,64,0.150966,663.170,226.331,1
1023,17.067050,65,0.180168,518.661,656.125,1
1024,17.083733,61,0.554390,821.423,514.592,1
1024,17.083733,64,0.171597,661.562,237.105,1
1024,17.083733,65,0.200094,522.994,650.792,1
1025,17.100417,61,0.271283,812.173,511.544,1
1025,17.100417,64,0.431633,660.067,248.025,1
1025,17.100417,65,0.221339,526.030,640.997,1
1026,17.117100,61,0.704591,796.246,505.343,1
1026,17.117100,64,0.437020,658.428,259.656,1
1026,17.117100,65,0.693476,527.731,626.418,1
1027,17.133783,61,0.392162,773.979,496.287,1
1027,17.133783,64,0.235203,656.673,271.992,1
1027,17.133783,65,0.563065,528.050,606.082,1
1028,17.150467,61,0.392162,766.114,493.920,0
1028,17.150467,64,0.274548,654.782,285.550,1
1028,17.150467,65,0.452777,526.819,578.879,1
1029,17.167150,61,0.392162,758.248,491.554,0
1029,17.167150,64,0.274548,653.019,295.027,0
1029,17.167150,65,0.260078,524.653,547.361,1
1030,17.183833,61,0.392162,750.383,489.187,0
1030,17.183833,64,0.274548,651.256,304.504,0
1030,17.183833,65,0.260078,524.921,529.073,0
1031,17.200517,61,0.392162,742.518,486.820,0
1031,17.200517,64,0.270004,649.267,326.731,1
1031,17.200517,65,0.160026,522.255,490.321,1
1032,17.217200,61,0.392162,734.653,484.453,0
1032,17.217200,64,0.186073,647.427,349.831,1
1032,17.217200,65,0.153216,519.777,453.176,1
1033,17.233883,64,0.276568,645.889,373.933,1
1033,17.233883,65,0.153216,518.745,425.896,0
1033,17.233883,66,0.348671,577.936,456.698,1
1034,17.250567,64,0.437752,644.202,398.827,1
1034,17.250567,65,0.415631,516.305,392.381,1
1034,17.250567,66,0.342719,548.061,456.755,1
1035,17.267250,64,0.191125,642.604,424.996,1
1035,17.267250,65,0.415631,514.899,363.446,0
1035,17.267250,66,0.342719,532.403,456.530,0
1036,17.283933,64,0.191125,640.906,446.422,0
1036,17.283933,65,0.415631,513.494,334.511,0
1036,17.283933,66,0.342719,516.744,456.305,0
1037,17.300617,64,0.191125,639.208,467.847,0
1037,17.300617,65,0.415631,512.088,305.576,0
1037,17.300617,66,0.342719,501.085,456.081,0
1038,17.317300,64,0.581656,638.083,500.173,1
1038,17.317300,65,0.618927,509.924,287.538,1
1038,17.317300,66,0.389479,465.113,466.659,1
1039,17.333983,64,0.454179,639.315,528.407,1
1039,17.333983,65,0.434863,508.024,272.022,1
1039,17.333983,66,0.389479,442.603,470.078,0
1040,17.350667,64,0.652208,642.733,553.816,1
1040,17.350667,65,0.562608,506.099,258.305,1
1040,17.350667,66,0.366488,414.754,482.381,1
1041,17.367350,64,0.559133,647.480,575.901,1
1041,17.367350,65,0.391046,504.201,246.177,1
1041,17.367350,66,0.366488,390.596,488.544,0
1042,17.384033,64,0.584130,653.300,594.584,1
1042,17.384033,65,0.422282,502.250,235.824,1
1042,17.384033,66,0.311648,373.284,499.779,1
1043,17.400717,64,0.160069,660.907,609.261,1
1043,17.400717,65,0.511530,500.378,227.277,1
1043,17.400717,66,0.311648,351.088,507.395,0
1044,17.417400,64,0.432462,669.886,619.522,1
1044,17.417400,65,0.544629,498.543,220.232,1
1044,17.417400,66,0.311648,328.892,515.011,0
1045,17.434083,64,0.433781,679.817,624.009,1
1045,17.434083,65,0.592387,496.518,214.877,1
1046,17.450767,64,0.205636,689.516,622.337,1
1046,17.450767,65,0.470200,494.479,211.346,1
1047,17.467450,64,0.205636,696.881,632.467,0
1047,17.467450,65,0.525922,492.430,209.467,1
1048,17.484133,64,0.205636,704.246,642.597,0
1048,17.484133,65,0.320271,490.479,209.475,1
1049,17.500817,64,0.205636,711.611,652.727,0
1049,17.500817,65,0.618100,488.526,211.466,1
1050,17.517500,64,0.205636,718.976,662.858,0
1050,17.517500,65,0.636532,486.469,215.287,1
1050,17.517500,67,0.179258,417.631,494.678,1
1051,17.534183,64,0.205636,726.342,672.988,0
1051,17.534183,65,0.617106,484.453,221.243,1
1051,17.534183,67,0.350442,443.858,484.888,1
1051,17.534183,68,0.402471,711.181,517.648,1
1052,17.550867,65,0.559807,482.596,229.047,1
1052,17.550867,67,0.350442,459.399,478.926,0
1052,17.550867,68,0.402471,711.680,511.287,0
1053,17.567550,65,0.452708,480.776,239.015,1
1053,17.567550,67,0.350442,474.939,472.964,0
1053,17.567550,68,0.402471,712.179,504.925,0
1054,17.584233,65,0.211526,478.964,250.960,1
1054,17.584233,67,0.350442,490.480,467.002,0
1054,17.584233,68,0.402471,712.679,498.564,0
1055,17.600917,65,0.584153,476.934,264.883,1
1055,17.600917,67,0.350442,506.020,461.040,0
1056,17.617600,65,0.688353,475.116,280.876,1
1056,17.617600,69,0.678973,608.215,455.686,1
1057,17.634283,65,0.607485,473.389,298.758,1
1057,17.634283,69,0.551130,639.944,455.024,1
1057,17.634283,70,0.171464,709.157,363.492,1
1058,17.650967,65,0.397858,471.843,318.833,1
1058,17.650967,69,0.480298,676.632,455.981,1
1058,17.650967,70,0.203995,708.435,344.639,1
1059,17.667650,65,0.317556,470.132,341.005,1
1059,17.667650,69,0.549153,713.749,456.708,1
1059,17.667650,70,0.203995,708.075,334.555,0
1060,17.684333,65,0.779829,468.493,365.068,1
1060,17.684333,69,0.756660,747.264,456.535,1
1060,17.684333,70,0.579015,707.929,310.816,1
1061,17.701017,65,0.668148,466.904,391.075,1
1061,17.701017,69,0.226099,772.537,458.013,1
1061,17.701017,70,0.620610,707.591,290.081,1
1062,17.717700,65,0.590337,465.759,419.462,1
1062,17.717700,69,0.328878,796.640,455.541,1
1062,17.717700,70,0.595533,707.399,273.039,1
1063,17.734383,65,0.304363,464.370,449.401,1
1063,17.734383,69,0.173133,819.265,456.591,1
1063,17.734383,70,0.448104,707.184,259.176,1
1064,17.751067,65,0.327137,463.283,480.594,1
1064,17.751067,69,0.161412,840.333,462.032,1
1064,17.751067,70,0.500210,707.053,248.137,1
1065,17.767750,65,0.448629,464.254,510.543,1
1065,17.767750,69,0.240465,858.675,470.273,1
1065,17.767750,70,0.566232,706.914,239.564,1
1065,17.767750,71,0.488709,840.808,485.058,1
1066,17.784433,65,0.264371,467.582,538.130,1
1066,17.784433,69,0.240465,881.655,473.532,0
1066,17.784433,70,0.493329,706.866,233.508,1
1066,17.784433,71,0.761747,853.980,491.989,1
1067,17.801117,65,0.555206,472.433,563.864,1
1067,17.801117,69,0.240465,904.635,476.792,0
1067,17.801117,70,0.572731,706.926,229.734,1
1067,17.801117,71,0.748266,866.469,500.173,1
1068,17.817800,65,0.555796,478.964,587.881,1
1068,17.817800,69,0.240465,927.615,480.052,0
1068,17.817800,70,0.620899,706.994,228.131,1
1068,17.817800,71,0.693282,876.573,507.669,1
1069,17.834483,65,0.466858,487.670,610.179,1
1069,17.834483,69,0.240465,950.595,483.312,0
1069,17.834483,70,0.585242,707.150,228.704,1
1069,17.834483,71,0.707280,883.035,512.955,1
1070,17.851167,65,0.477159,498.207,629.473,1
1070,17.851167,69,0.240465,973.575,486.572,0
1070,17.851167,70,0.509821,707.299,231.471,1
1070,17.851167,71,0.442674,885.333,515.374,1
1071,17.867850,65,0.648772,509.588,643.453,1
1071,17.867850,70,0.700311,707.448,236.122,1
1071,17.867850,71,0.177709,883.267,514.617,1
1072,17.884533,65,0.705189,520.124,649.994,1
1072,17.884533,70,0.678973,707.674,242.614,1
1072,17.884533,71,0.837317,877.320,511.049,1
1073,17.901217,65,0.705189,528.394,667.181,0
1073,17.901217,70,0.292662,708.130,250.671,1
1073,17.901217,71,0.527572,866.670,503.214,1
1074,17.917900,65,0.705189,536.665,684.368,0
1074,17.917900,70,0.327207,708.489,260.767,1
1074,17.917900,71,0.362467,851.815,494.951,1
1075,17.934583,65,0.705189,544.935,701.555,0
1075,17.934583,70,0.560835,708.745,272.613,1
1075,17.934583,71,0.581301,832.123,482.567,1
1076,17.951267,65,0.705189,553.206,718.743,0
1076,17.951267,70,0.353940,708.868,286.157,1
1076,17.951267,71,0.448273,807.208,471.145,1
1076,17.951267,72,0.431899,534.940,584.203,1
1077,17.967950,65,0.705189,561.477,735.930,0
1077,17.967950,70,0.353940,709.082,294.643,0
1077,17.967950,71,0.296428,778.088,458.880,1
1077,17.967950,72,0.317391,535.013,560.405,1
1078,17.984633,70,0.353940,709.296,303.128,0
1078,17.984633,71,0.296428,760.684,450.481,0
1078,17.984633,72,0.317391,535.207,548.617,0
