frame,time_seconds,track_id,confidence,center_x,center_y,observed
2,0.033367,2,0.807831,714.295,392.202,1
2,0.033367,1,0.840491,553.206,347.104,1
2,0.033367,3,0.704120,611.957,440.962,1
3,0.050050,2,0.763873,713.293,368.323,1
3,0.050050,1,0.889431,553.131,368.505,1
3,0.050050,3,0.798499,640.230,442.153,1
4,0.066733,2,0.823789,712.297,341.873,1
4,0.066733,1,0.828536,552.841,394.997,1
4,0.066733,3,0.739125,672.790,445.179,1
5,0.083417,2,0.663015,711.437,316.059,1
5,0.083417,1,0.288206,552.586,424.365,1
5,0.083417,3,0.444986,706.677,450.203,1
6,0.100100,2,0.218269,710.986,292.073,1
6,0.100100,1,0.527657,552.310,454.916,1
6,0.100100,3,0.540189,739.649,456.607,1
7,0.116783,2,0.530399,710.763,270.312,1
7,0.116783,1,0.552461,552.132,486.475,1
7,0.116783,3,0.406961,766.029,464.655,1
8,0.133467,2,0.619079,710.634,250.876,1
8,0.133467,1,0.260341,551.467,519.912,1
8,0.133467,3,0.230590,787.537,473.502,1
9,0.150150,2,0.638156,710.630,233.944,1
9,0.150150,1,0.272049,550.442,549.043,1
9,0.150150,3,0.298493,806.403,482.184,1
10,0.166833,2,0.541656,710.398,219.557,1
10,0.166833,1,0.378118,549.569,575.084,1
10,0.166833,3,0.298493,830.146,488.801,0
11,0.183517,2,0.434442,710.072,207.640,1
11,0.183517,1,0.490112,549.298,597.855,1
11,0.183517,3,0.298493,853.889,495.418,0
12,0.200200,2,0.494875,709.951,197.843,1
12,0.200200,1,0.283158,549.813,617.818,1
12,0.200200,3,0.298493,877.631,502.035,0
13,0.216883,2,0.651721,709.876,190.148,1
13,0.216883,1,0.243383,551.696,634.377,1
13,0.216883,3,0.347883,883.678,514.051,1
14,0.233567,2,0.640963,709.684,184.576,1
14,0.233567,1,0.355020,553.674,646.009,1
14,0.233567,3,0.843046,885.861,525.629,1
15,0.250250,2,0.620189,709.198,180.936,1
15,0.250250,1,0.579223,555.161,652.360,1
15,0.250250,3,0.746111,886.390,534.585,1
16,0.266933,2,0.528771,708.661,179.340,1
16,0.266933,1,0.423856,556.995,652.334,1
16,0.266933,3,0.559074,885.284,539.296,1
17,0.283617,2,0.514814,708.233,179.580,1
17,0.283617,1,0.449345,559.257,646.663,1
17,0.283617,3,0.807034,882.178,539.181,1
18,0.300300,2,0.461667,707.819,181.800,1
18,0.300300,1,0.209632,562.224,635.921,1
18,0.300300,3,0.254909,876.256,535.412,1
19,0.316983,2,0.580647,707.116,185.724,1
19,0.316983,1,0.308249,564.824,620.191,1
19,0.316983,3,0.441703,868.284,527.855,1
20,0.333667,2,0.656801,706.472,191.626,1
20,0.333667,1,0.398278,566.562,599.245,1
20,0.333667,3,0.581095,856.883,517.517,1
21,0.350350,2,0.389458,705.477,199.568,1
21,0.350350,1,0.525472,567.250,573.597,1
21,0.350350,3,0.861035,841.035,505.389,1
22,0.367033,2,0.336455,704.580,208.976,1
22,0.367033,1,0.321688,567.225,543.939,1
22,0.367033,3,0.455642,819.864,492.151,1
23,0.383717,2,0.289781,703.567,220.542,1
23,0.383717,1,0.321688,568.419,527.114,0
23,0.383717,3,0.342436,794.169,478.140,1
24,0.400400,2,0.663659,702.829,233.834,1
24,0.400400,1,0.222564,566.028,488.851,1
24,0.400400,3,0.233534,764.809,463.999,1
25,0.417083,2,0.405172,702.243,249.066,1
25,0.417083,1,0.471043,563.774,452.258,1
25,0.417083,3,0.356179,732.760,451.059,1
26,0.433767,2,0.405172,701.517,259.092,0
26,0.433767,1,0.757287,561.585,418.352,1
26,0.433767,3,0.776714,699.537,440.083,1
27,0.450450,2,0.690977,700.756,279.909,1
27,0.450450,1,0.900248,559.499,387.568,1
27,0.450450,3,0.918769,666.161,431.294,1
28,0.467133,2,0.784743,699.813,302.279,1
28,0.467133,1,0.814002,557.126,360.104,1
28,0.467133,3,0.835939,632.582,424.818,1
29,0.483817,2,0.740471,698.784,325.953,1
29,0.483817,1,0.829920,555.003,336.043,1
29,0.483817,3,0.812872,599.459,420.635,1
30,0.500500,2,0.712934,697.867,350.748,1
30,0.500500,1,0.453636,553.530,314.738,1
30,0.500500,3,0.732597,566.442,418.762,1
31,0.517183,2,0.360445,696.982,376.834,1
31,0.517183,1,0.737427,551.867,295.681,1
31,0.517183,3,0.492098,534.026,418.849,1
32,0.533867,2,0.360445,696.107,398.089,0
32,0.533867,1,0.687006,550.408,278.816,1
32,0.533867,3,0.491627,503.360,420.393,1
33,0.550550,2,0.157195,695.306,429.355,1
33,0.550550,1,0.584452,548.745,264.126,1
33,0.550550,3,0.341253,478.480,422.786,1
34,0.567233,2,0.157195,694.451,453.267,0
34,0.567233,1,0.590916,546.802,251.594,1
34,0.567233,3,0.152096,456.535,425.186,1
35,0.583917,2,0.157195,693.596,477.179,0
35,0.583917,1,0.390992,545.009,240.809,1
35,0.583917,3,0.283974,437.120,428.699,1
36,0.600600,2,0.157195,692.741,501.090,0
36,0.600600,1,0.467303,543.505,231.877,1
36,0.600600,3,0.297872,419.230,433.478,1
37,0.617283,2,0.159769,695.212,532.077,1
37,0.617283,1,0.713666,541.899,224.982,1
37,0.617283,3,0.656407,403.586,440.152,1
38,0.633967,2,0.159769,695.239,557.866,0
38,0.633967,1,0.639538,540.087,219.761,1
38,0.633967,3,0.647351,390.826,448.303,1
39,0.650650,2,0.456235,700.927,581.250,1
39,0.650650,1,0.715079,538.428,216.181,1
39,0.650650,3,0.789114,380.906,457.127,1
40,0.667333,2,0.167464,707.305,599.832,1
40,0.667333,1,0.792428,536.829,214.527,1
40,0.667333,3,0.674691,374.076,465.919,1
41,0.684017,2,0.393965,714.267,613.051,1
41,0.684017,1,0.743176,535.227,214.561,1
41,0.684017,3,0.801952,370.444,473.095,1
42,0.700700,2,0.254265,720.993,620.277,1
42,0.700700,1,0.719526,533.791,216.528,1
42,0.700700,3,0.728321,370.772,478.056,1
43,0.717383,2,0.412454,727.025,621.434,1
43,0.717383,1,0.747442,532.294,220.272,1
43,0.717383,3,0.715025,376.345,479.918,1
44,0.734067,2,0.371043,731.899,615.893,1
44,0.734067,1,0.710895,530.794,225.752,1
44,0.734067,3,0.778502,385.867,478.299,1
45,0.750750,2,0.419559,735.572,603.835,1
45,0.750750,1,0.604446,529.295,232.923,1
45,0.750750,3,0.716823,399.444,473.202,1
46,0.767433,2,0.473144,737.814,586.235,1
46,0.767433,1,0.581299,527.942,241.924,1
46,0.767433,3,0.704076,417.447,465.313,1
47,0.784117,2,0.473144,741.816,583.530,0
47,0.784117,1,0.435123,526.527,252.942,1
47,0.784117,3,0.373599,439.350,455.878,1
48,0.800800,2,0.473144,745.817,580.824,0
48,0.800800,1,0.607922,525.218,265.860,1
48,0.800800,3,0.505073,466.577,445.677,1
49,0.817483,2,0.473144,749.819,578.119,0
49,0.817483,1,0.331448,523.638,280.546,1
49,0.817483,3,0.546547,497.683,435.721,1
50,0.834167,2,0.473144,753.821,575.413,0
50,0.834167,1,0.779141,522.308,296.663,1
50,0.834167,3,0.244341,530.870,427.647,1
50,0.834167,4,0.426377,733.049,473.503,1
51,0.850850,2,0.473144,757.822,572.708,0
51,0.850850,1,0.736207,521.001,315.316,1
51,0.850850,3,0.769415,565.012,421.586,1
51,0.850850,4,0.679933,731.012,448.014,1
52,0.867533,1,0.856944,519.814,335.717,1
52,0.867533,3,0.821248,599.772,417.656,1
52,0.867533,4,0.712913,728.535,420.136,1
53,0.884217,1,0.540875,518.696,357.587,1
53,0.884217,3,0.610165,634.250,416.301,1
53,0.884217,4,0.525218,725.917,393.232,1
54,0.900900,1,0.745585,517.508,380.935,1
54,0.900900,3,0.631458,668.672,417.047,1
54,0.900900,4,0.544749,723.385,368.295,1
55,0.917583,1,0.678660,516.390,406.120,1
55,0.917583,3,0.628685,702.128,419.956,1
55,0.917583,4,0.762611,721.311,345.741,1
56,0.934267,1,0.744054,515.363,432.785,1
56,0.934267,3,0.338043,735.141,425.039,1
56,0.934267,4,0.767717,719.277,325.612,1
57,0.950950,1,0.320424,514.061,461.297,1
57,0.950950,3,0.338043,767.239,425.184,0
57,0.950950,4,0.222663,717.498,307.805,1
58,0.967633,1,0.358883,512.992,491.751,1
58,0.967633,3,0.338043,799.337,425.328,0
58,0.967633,4,0.363040,715.598,292.291,1
59,0.984317,1,0.358883,511.824,517.290,0
59,0.984317,3,0.338043,831.435,425.472,0
59,0.984317,4,0.635569,713.610,279.535,1
60,1.001000,1,0.358883,510.656,542.828,0
60,1.001000,3,0.338043,863.533,425.617,0
60,1.001000,4,0.609006,711.998,268.978,1
61,1.017683,1,0.358883,509.488,568.367,0
61,1.017683,3,0.338043,895.632,425.761,0
61,1.017683,4,0.619352,710.438,260.628,1
62,1.034367,1,0.358883,508.319,593.906,0
62,1.034367,4,0.667702,708.788,254.080,1
63,1.051050,1,0.297063,513.760,613.912,1
63,1.051050,4,0.605624,707.338,249.559,1
64,1.067733,1,0.708483,520.262,630.585,1
64,1.067733,4,0.526671,706.085,247.027,1
64,1.067733,5,0.672732,863.353,512.046,1
65,1.084417,1,0.427687,527.617,642.991,1
65,1.084417,4,0.451864,704.555,246.290,1
65,1.084417,5,0.372036,873.535,523.911,1
66,1.101100,1,0.359929,535.695,649.412,1
66,1.101100,4,0.457837,703.157,247.378,1
66,1.101100,5,0.286330,879.034,532.064,1
67,1.117783,1,0.558404,543.239,649.804,1
67,1.117783,4,0.684762,702.044,250.205,1
67,1.117783,5,0.409588,879.916,534.145,1
68,1.134467,1,0.508175,550.124,643.326,1
68,1.134467,4,0.584952,701.244,254.801,1
68,1.134467,5,0.787789,876.610,531.287,1
69,1.151150,1,0.423028,556.136,630.479,1
69,1.151150,4,0.598768,700.266,261.246,1
69,1.151150,5,0.677073,869.482,524.349,1
70,1.167833,1,0.304535,561.588,612.088,1
70,1.167833,4,0.706301,699.087,269.413,1
70,1.167833,5,0.588822,859.063,514.631,1
71,1.184517,1,0.670862,565.414,589.217,1
71,1.184517,4,0.520326,697.841,279.172,1
71,1.184517,5,0.575441,844.042,503.345,1
72,1.201200,1,0.707735,567.731,561.358,1
72,1.201200,4,0.676738,696.891,290.855,1
72,1.201200,5,0.678596,823.117,490.560,1
73,1.217883,1,0.349172,568.617,529.706,1
73,1.217883,4,0.639814,695.906,304.495,1
73,1.217883,5,0.191516,797.109,477.523,1
74,1.234567,1,0.634724,568.162,495.949,1
74,1.234567,4,0.442023,694.507,319.810,1
74,1.234567,5,0.426846,766.637,466.664,1
75,1.251250,1,0.475345,566.925,462.418,1
75,1.251250,4,0.632989,693.342,336.607,1
75,1.251250,5,0.485620,733.386,457.773,1
76,1.267933,1,0.685899,565.711,430.550,1
76,1.267933,4,0.502544,692.363,355.321,1
76,1.267933,5,0.539236,699.110,451.562,1
77,1.284617,1,0.867017,564.313,400.067,1
77,1.284617,4,0.678259,691.478,375.587,1
77,1.284617,5,0.842987,664.328,447.568,1
78,1.301300,1,0.770974,562.899,372.351,1
78,1.301300,4,0.531461,690.457,397.562,1
78,1.301300,5,0.761040,629.786,445.976,1
79,1.317983,1,0.852561,561.550,347.489,1
79,1.317983,4,0.831426,689.467,421.179,1
79,1.317983,5,0.547620,595.708,446.541,1
80,1.334667,1,0.791395,560.141,325.188,1
80,1.334667,4,0.389884,688.548,446.581,1
80,1.334667,5,0.547620,564.833,442.557,0
81,1.351350,1,0.561902,559.101,305.514,1
81,1.351350,4,0.312864,687.497,473.671,1
81,1.351350,5,0.158283,531.370,447.983,1
82,1.368033,1,0.326270,557.682,287.785,1
82,1.368033,4,0.312864,686.482,496.031,0
82,1.368033,5,0.158283,499.809,446.497,0
83,1.384717,1,0.602723,556.199,272.231,1
83,1.384717,4,0.312864,685.467,518.392,0
83,1.384717,5,0.158283,468.247,445.010,0
84,1.401400,1,0.605769,554.790,258.470,1
84,1.401400,4,0.312864,684.452,540.752,0
84,1.401400,5,0.176070,456.615,452.064,1
85,1.418083,1,0.511952,553.399,246.679,1
85,1.418083,4,0.199137,687.786,561.815,1
85,1.418083,5,0.296876,445.860,458.580,1
86,1.434767,1,0.265018,551.988,236.809,1
86,1.434767,4,0.457590,690.363,581.494,1
86,1.434767,5,0.642425,435.273,464.884,1
87,1.451450,1,0.638885,550.620,228.573,1
87,1.451450,4,0.678928,692.534,598.937,1
87,1.451450,5,0.900066,423.671,471.158,1
88,1.468133,1,0.285736,548.916,222.084,1
88,1.468133,4,0.396326,695.331,613.676,1
88,1.468133,5,0.591845,411.796,477.432,1
89,1.484817,1,0.559724,547.063,217.434,1
89,1.484817,4,0.290104,698.919,624.738,1
89,1.484817,5,0.759599,402.088,483.944,1
90,1.501500,1,0.422662,545.460,214.482,1
90,1.501500,4,0.445849,702.875,631.738,1
90,1.501500,5,0.824075,394.831,489.872,1
91,1.518183,1,0.698181,544.034,213.203,1
91,1.518183,4,0.559702,707.211,633.939,1
91,1.518183,5,0.832881,389.901,494.399,1
92,1.534867,1,0.642481,542.637,213.945,1
92,1.534867,4,0.419532,710.860,631.320,1
92,1.534867,5,0.749264,388.357,497.402,1
93,1.551550,1,0.661998,541.381,216.498,1
93,1.551550,4,0.725627,713.864,623.626,1
93,1.551550,5,0.703066,390.069,498.524,1
94,1.568233,1,0.515919,540.280,220.727,1
94,1.568233,4,0.582514,716.523,611.329,1
94,1.568233,5,0.765579,395.539,497.105,1
95,1.584917,1,0.618042,538.630,226.929,1
95,1.584917,4,0.701912,718.592,593.509,1
95,1.584917,5,0.865414,405.099,493.505,1
96,1.601600,1,0.672752,537.349,234.892,1
96,1.601600,4,0.562578,720.409,570.188,1
96,1.601600,5,0.807373,419.077,487.638,1
97,1.618283,1,0.472519,536.233,244.805,1
97,1.618283,4,0.448101,722.353,542.972,1
97,1.618283,5,0.738105,437.954,478.873,1
98,1.634967,1,0.269023,535.127,256.550,1
98,1.634967,4,0.280240,723.959,511.842,1
98,1.634967,5,0.738105,446.052,475.806,0
99,1.651650,1,0.329207,534.044,270.485,1
99,1.651650,4,0.280240,726.125,492.835,0
99,1.651650,5,0.738105,454.151,472.738,0
100,1.668333,1,0.163081,532.969,285.951,1
100,1.668333,4,0.280240,728.290,473.827,0
100,1.668333,5,0.738105,462.249,469.671,0
101,1.685017,1,0.598790,532.117,303.556,1
101,1.685017,4,0.236628,729.273,433.842,1
101,1.685017,5,0.738105,470.348,466.603,0
102,1.701700,1,0.703804,531.486,323.042,1
102,1.701700,4,0.650006,730.108,397.554,1
102,1.701700,5,0.738105,478.447,463.536,0
103,1.718383,1,0.762199,530.591,344.311,1
103,1.718383,4,0.834050,731.098,365.394,1
103,1.718383,6,0.776961,603.932,426.486,1
104,1.735067,1,0.677211,529.981,367.346,1
104,1.735067,4,0.817197,732.267,336.920,1
104,1.735067,6,0.517188,630.114,423.442,1
105,1.751750,1,0.683501,529.245,392.329,1
105,1.751750,4,0.671809,733.619,311.899,1
105,1.751750,6,0.554288,660.614,421.684,1
106,1.768433,1,0.762877,528.765,418.698,1
106,1.768433,4,0.596933,734.937,290.485,1
106,1.768433,6,0.547183,692.317,421.420,1
107,1.785117,1,0.281855,528.181,447.279,1
107,1.785117,4,0.519280,736.337,271.968,1
107,1.785117,6,0.363034,724.280,422.832,1
108,1.801800,1,0.265729,527.875,477.040,1
108,1.801800,4,0.519280,737.698,247.892,0
108,1.801800,6,0.228946,755.158,426.527,1
109,1.818483,1,0.371224,527.305,504.683,1
109,1.818483,4,0.542040,738.981,237.120,1
109,1.818483,6,0.228946,782.243,427.135,0
110,1.835167,1,0.508805,526.798,528.118,1
110,1.835167,4,0.313723,740.503,227.869,1
110,1.835167,6,0.200638,801.962,435.424,1
111,1.851850,1,0.474825,525.894,547.343,1
111,1.851850,4,0.238009,742.100,220.272,1
111,1.851850,6,0.150041,817.303,442.736,1
112,1.868533,1,0.258705,525.203,562.669,1
112,1.868533,4,0.587808,743.877,214.179,1
112,1.868533,6,0.561861,832.729,449.741,1
113,1.885217,1,0.416443,525.274,576.580,1
113,1.885217,4,0.618971,745.356,209.051,1
113,1.885217,6,0.623751,847.537,456.412,1
114,1.901900,1,0.435169,528.401,591.002,1
114,1.901900,4,0.639815,746.816,205.966,1
114,1.901900,6,0.623751,866.649,461.641,0
115,1.918583,1,0.701250,534.521,603.772,1
115,1.918583,4,0.348796,748.231,204.221,1
115,1.918583,6,0.367676,876.294,469.232,1
116,1.935267,1,0.309163,541.903,614.388,1
116,1.935267,4,0.252210,749.649,204.178,1
116,1.935267,6,0.793176,883.335,476.384,1
117,1.951950,1,0.566167,549.668,621.638,1
117,1.951950,4,0.537193,751.208,206.018,1
117,1.951950,6,0.650728,886.847,482.598,1
118,1.968633,1,0.492687,557.993,623.880,1
118,1.968633,4,0.632256,752.697,209.323,1
118,1.968633,6,0.651802,886.772,485.834,1
119,1.985317,1,0.660418,565.737,620.379,1
119,1.985317,4,0.209480,754.257,214.635,1
119,1.985317,6,0.888194,882.903,485.282,1
120,2.002000,1,0.536113,572.795,610.703,1
120,2.002000,4,0.542013,755.795,222.115,1
120,2.002000,6,0.711005,875.353,481.115,1
121,2.018683,1,0.606854,578.387,595.647,1
121,2.018683,4,0.418718,757.245,231.211,1
121,2.018683,6,0.703190,863.831,473.775,1
122,2.035367,1,0.289414,582.339,575.086,1
122,2.035367,4,0.472394,758.913,242.061,1
122,2.035367,6,0.454364,847.897,464.153,1
123,2.052050,1,0.170111,584.659,549.332,1
123,2.052050,4,0.355967,760.448,255.093,1
123,2.052050,6,0.367077,826.845,453.735,1
124,2.068733,1,0.374281,585.048,518.040,1
124,2.068733,4,0.381110,761.829,270.194,1
124,2.068733,6,0.646961,801.519,443.951,1
125,2.085417,1,0.273088,583.825,482.864,1
125,2.085417,4,0.232796,763.445,287.133,1
125,2.085417,6,0.347188,773.432,435.460,1
126,2.102100,1,0.257026,581.664,447.484,1
126,2.102100,4,0.391845,764.981,305.665,1
126,2.102100,6,0.424994,745.505,428.587,1
127,2.118783,1,0.825607,579.320,414.361,1
127,2.118783,4,0.596686,766.525,326.377,1
127,2.118783,6,0.851982,716.577,424.127,1
128,2.135467,1,0.637253,576.652,383.154,1
128,2.135467,4,0.341239,767.979,349.064,1
128,2.135467,6,0.832982,688.294,421.960,1
129,2.152150,1,0.881492,573.745,353.844,1
129,2.152150,4,0.779618,769.207,373.271,1
129,2.152150,6,0.888028,659.659,422.175,1
130,2.168833,1,0.857719,571.230,326.953,1
130,2.168833,4,0.747720,770.738,399.482,1
130,2.168833,6,0.829936,631.313,424.346,1
131,2.185517,1,0.831179,568.955,302.626,1
131,2.185517,4,0.671260,772.248,427.818,1
131,2.185517,6,0.801761,603.530,428.645,1
132,2.202200,1,0.154992,566.487,280.433,1
132,2.202200,4,0.584383,773.542,458.107,1
132,2.202200,6,0.282885,575.614,434.937,1
133,2.218883,1,0.671284,564.186,260.431,1
133,2.218883,4,0.784327,774.462,489.161,1
133,2.218883,6,0.445653,551.433,441.124,1
134,2.235567,1,0.312244,561.838,242.215,1
134,2.235567,4,0.157910,773.662,517.194,1
134,2.235567,6,0.445653,525.237,443.751,0
135,2.252250,1,0.412278,559.639,226.332,1
135,2.252250,4,0.477870,772.933,541.513,1
135,2.252250,6,0.172660,516.655,450.493,1
136,2.268933,1,0.796522,557.473,212.212,1
136,2.268933,4,0.354516,773.983,562.832,1
136,2.268933,6,0.484562,511.868,459.110,1
137,2.285617,1,0.364376,554.969,200.522,1
137,2.285617,4,0.191664,776.263,581.278,1
137,2.285617,6,0.300031,508.873,471.549,1
138,2.302300,1,0.769897,552.850,190.654,1
138,2.302300,4,0.191664,777.260,604.491,0
138,2.302300,6,0.300031,495.531,478.537,0
139,2.318983,1,0.744979,550.604,182.576,1
139,2.318983,4,0.169668,781.018,614.004,1
139,2.318983,6,0.300031,482.189,485.525,0
140,2.335667,1,0.678460,548.307,176.168,1
140,2.335667,4,0.646404,784.410,620.968,1
140,2.335667,6,0.300031,468.847,492.513,0
141,2.352350,1,0.533352,546.196,171.545,1
141,2.352350,4,0.454791,787.427,626.142,1
141,2.352350,6,0.300031,455.505,499.501,0
141,2.352350,7,0.627509,529.612,548.631,1
142,2.369033,1,0.648915,544.000,169.020,1
142,2.369033,4,0.460504,790.004,628.412,1
142,2.369033,6,0.300031,442.162,506.490,0
142,2.369033,7,0.561831,533.212,566.372,1
143,2.385717,1,0.650163,541.850,168.207,1
143,2.385717,4,0.671065,792.156,627.579,1
143,2.385717,7,0.498005,539.624,582.862,1
144,2.402400,1,0.576185,539.621,169.209,1
144,2.402400,4,0.606423,793.649,623.616,1
144,2.402400,7,0.734827,547.670,595.316,1
145,2.419083,1,0.197806,537.580,172.044,1
145,2.419083,4,0.772923,794.190,616.834,1
145,2.419083,7,0.662853,556.221,601.391,1
146,2.435767,1,0.362772,535.368,176.764,1
146,2.435767,4,0.466868,793.687,606.756,1
146,2.435767,7,0.450375,564.634,600.722,1
147,2.452450,1,0.159821,533.089,183.466,1
147,2.452450,4,0.264247,792.019,594.244,1
147,2.452450,7,0.559775,572.085,593.346,1
148,2.469133,1,0.337310,530.916,192.095,1
148,2.469133,4,0.234598,789.175,578.756,1
148,2.469133,7,0.626498,578.296,579.301,1
149,2.485817,1,0.446317,528.845,202.638,1
149,2.485817,4,0.511408,784.354,560.732,1
149,2.485817,7,0.619959,582.926,558.393,1
150,2.502500,1,0.674627,526.719,215.226,1
150,2.502500,4,0.252811,777.686,539.492,1
150,2.502500,7,0.406866,586.328,530.335,1
151,2.519183,1,0.430701,524.441,229.820,1
151,2.519183,4,0.252811,774.721,526.331,0
151,2.519183,7,0.406866,591.707,518.229,0
152,2.535867,1,0.260440,522.587,246.584,1
152,2.535867,4,0.153860,762.481,502.062,1
152,2.535867,7,0.406866,597.087,506.123,0
153,2.552550,1,0.274980,520.782,265.076,1
153,2.552550,4,0.517546,748.120,478.594,1
153,2.552550,7,0.406866,602.467,494.018,0
154,2.569233,1,0.274980,518.762,278.205,0
154,2.569233,4,0.517546,740.323,460.532,0
154,2.569233,7,0.406866,607.846,481.912,0
155,2.585917,1,0.213516,516.560,302.239,1
155,2.585917,4,0.396826,722.444,439.463,1
155,2.585917,7,0.406866,613.226,469.806,0
155,2.585917,8,0.822427,584.106,360.012,1
156,2.602600,1,0.634736,514.788,328.104,1
156,2.602600,4,0.463181,705.032,420.865,1
156,2.602600,8,0.657129,584.442,332.901,1
157,2.619283,1,0.437242,512.974,355.529,1
157,2.619283,4,0.226122,688.009,404.986,1
157,2.619283,8,0.623976,584.998,302.897,1
158,2.635967,1,0.631513,511.245,384.198,1
158,2.635967,4,0.174081,672.019,391.921,1
158,2.635967,8,0.628947,585.457,273.582,1
159,2.652650,1,0.466042,509.539,414.820,1
159,2.652650,4,0.501353,656.706,381.538,1
159,2.652650,8,0.628947,585.802,250.984,0
160,2.669333,1,0.463846,508.288,447.041,1
160,2.669333,4,0.632011,641.450,373.526,1
160,2.669333,8,0.504784,585.925,223.475,1
161,2.686017,1,0.463846,506.605,473.981,0
161,2.686017,4,0.252995,626.924,367.637,1
161,2.686017,8,0.504784,586.206,199.470,0
162,2.702700,1,0.463846,504.923,500.920,0
162,2.702700,4,0.391688,611.858,364.279,1
162,2.702700,8,0.504784,586.488,175.465,0
163,2.719383,1,0.463846,503.240,527.860,0
163,2.719383,4,0.318711,598.436,363.747,1
163,2.719383,8,0.241949,586.408,158.479,1
164,2.736067,1,0.463846,501.558,554.799,0
164,2.736067,4,0.247865,588.668,364.908,1
164,2.736067,8,0.431233,586.385,143.647,1
165,2.752750,1,0.463846,499.875,581.738,0
165,2.752750,4,0.393859,582.133,366.735,1
165,2.752750,8,0.803313,586.592,130.673,1
166,2.769433,4,0.461424,577.866,368.763,1
166,2.769433,8,0.672789,586.699,120.323,1
167,2.786117,4,0.204307,575.447,370.586,1
167,2.786117,8,0.307270,586.791,112.065,1
168,2.802800,4,0.287769,574.680,371.961,1
168,2.802800,8,0.741197,587.029,105.785,1
169,2.819483,4,0.287769,568.869,371.787,0
169,2.819483,8,0.670117,587.197,101.820,1
170,2.836167,4,0.287769,563.058,371.612,0
170,2.836167,8,0.657603,587.405,99.493,1
170,2.836167,9,0.368976,476.732,576.101,1
171,2.852850,4,0.161088,571.245,370.261,1
171,2.852850,8,0.733711,587.702,99.206,1
171,2.852850,9,0.215070,472.984,572.931,1
172,2.869533,4,0.190723,580.161,368.017,1
172,2.869533,8,0.692533,588.024,101.097,1
172,2.869533,9,0.158211,467.907,565.714,1
173,2.886217,4,0.615736,589.054,366.426,1
173,2.886217,8,0.887780,588.286,104.874,1
173,2.886217,9,0.567274,462.808,553.717,1
174,2.902900,4,0.827296,597.021,365.932,1
174,2.902900,8,0.857883,588.527,110.784,1
174,2.902900,9,0.620323,457.708,536.307,1
175,2.919583,4,0.833355,603.815,366.743,1
175,2.919583,8,0.777575,588.952,118.682,1
175,2.919583,9,0.753853,452.281,512.613,1
176,2.936267,4,0.835860,609.578,369.500,1
176,2.936267,8,0.881638,589.286,128.396,1
176,2.936267,9,0.833351,448.221,483.017,1
177,2.952950,4,0.756618,614.800,374.255,1
177,2.952950,8,0.169476,589.611,140.157,1
177,2.952950,9,0.860494,445.946,448.397,1
178,2.969633,4,0.598854,618.999,381.267,1
178,2.969633,8,0.335064,590.026,154.040,1
178,2.969633,9,0.798987,445.141,412.284,1
179,2.986317,4,0.647827,622.806,390.540,1
179,2.986317,8,0.602471,590.513,170.020,1
179,2.986317,9,0.795588,445.182,375.991,1
180,3.003000,4,0.666502,626.299,401.486,1
180,3.003000,8,0.239749,590.902,188.238,1
180,3.003000,9,0.501406,445.562,340.702,1
181,3.019683,4,0.376065,629.467,414.531,1
181,3.019683,8,0.234856,591.355,208.028,1
181,3.019683,9,0.268313,446.206,307.088,1
182,3.036367,4,0.207479,632.865,429.340,1
182,3.036367,8,0.524643,591.737,229.793,1
182,3.036367,9,0.682808,447.105,275.763,1
183,3.053050,4,0.207479,636.719,439.228,0
183,3.053050,8,0.195218,592.068,253.688,1
183,3.053050,9,0.682808,446.649,244.524,0
184,3.069733,4,0.207479,640.573,449.115,0
184,3.069733,8,0.700097,592.719,279.588,1
184,3.069733,9,0.385138,448.432,218.900,1
185,3.086417,4,0.430762,642.981,473.741,1
185,3.086417,8,0.484866,593.204,307.909,1
185,3.086417,9,0.400676,450.304,195.419,1
186,3.103100,4,0.721628,645.777,498.884,1
186,3.103100,8,0.248488,593.450,337.616,1
186,3.103100,9,0.659837,451.706,174.275,1
187,3.119783,4,0.282580,648.871,524.694,1
187,3.119783,8,0.284329,593.674,369.212,1
187,3.119783,9,0.424663,453.504,154.929,1
188,3.136467,4,0.541179,652.105,551.751,1
188,3.136467,8,0.356601,594.588,402.071,1
188,3.136467,9,0.514666,455.096,137.691,1
189,3.153150,4,0.289456,656.126,575.148,1
189,3.153150,8,0.423385,598.177,432.850,1
189,3.153150,9,0.414149,456.331,122.173,1
190,3.169833,4,0.289456,659.571,596.993,0
190,3.169833,8,0.463503,604.538,462.090,1
190,3.169833,9,0.581336,457.619,108.502,1
191,3.186517,4,0.611821,660.472,609.450,1
191,3.186517,8,0.463503,607.197,490.983,0
191,3.186517,9,0.370090,458.877,96.941,1
192,3.203200,4,0.237122,657.800,619.076,1
192,3.203200,8,0.429430,621.729,517.366,1
192,3.203200,9,0.347487,460.184,87.171,1
193,3.219883,4,0.523518,652.610,627.812,1
193,3.219883,8,0.544557,637.303,539.466,1
193,3.219883,9,0.570717,461.347,79.176,1
194,3.236567,4,0.413260,647.854,635.265,1
194,3.236567,8,0.373264,652.589,557.080,1
194,3.236567,9,0.570717,462.581,66.041,0
195,3.253250,4,0.505797,644.656,641.478,1
195,3.253250,8,0.337145,667.306,570.568,1
195,3.253250,9,0.570717,463.815,52.905,0
196,3.269933,4,0.272890,641.713,648.271,1
196,3.269933,8,0.402459,681.533,581.151,1
196,3.269933,9,0.570717,465.049,39.770,0
197,3.286617,4,0.304143,639.900,652.968,1
197,3.286617,8,0.700245,695.020,588.678,1
197,3.286617,9,0.570717,466.282,26.635,0
198,3.303300,4,0.428679,638.603,654.945,1
198,3.303300,8,0.276740,707.257,592.960,1
198,3.303300,9,0.570717,467.516,13.499,0
199,3.319983,4,0.437277,637.011,653.899,1
199,3.319983,8,0.377515,717.757,596.056,1
200,3.336667,4,0.441852,634.279,649.880,1
200,3.336667,8,0.222586,727.180,596.130,1
201,3.353350,4,0.205168,631.132,643.249,1
201,3.353350,8,0.566371,734.062,594.605,1
202,3.370033,4,0.235313,627.602,633.936,1
202,3.370033,8,0.430034,739.111,591.694,1
202,3.370033,10,0.537988,474.119,99.726,1
203,3.386717,4,0.377144,623.689,621.091,1
203,3.386717,8,0.483755,742.200,586.874,1
203,3.386717,10,0.613006,475.331,109.751,1
204,3.403400,4,0.238278,620.152,604.839,1
204,3.403400,8,0.559921,743.407,580.499,1
204,3.403400,10,0.598559,476.968,123.113,1
205,3.420083,4,0.636106,616.881,583.919,1
205,3.420083,8,0.585610,742.920,571.944,1
205,3.420083,10,0.626251,479.027,138.983,1
206,3.436767,4,0.760556,613.015,557.549,1
206,3.436767,8,0.616310,740.925,560.451,1
206,3.436767,10,0.372799,480.962,156.875,1
207,3.453450,4,0.635655,609.535,525.608,1
207,3.453450,8,0.174630,736.597,546.894,1
207,3.453450,10,0.455019,482.313,176.648,1
208,3.470133,4,0.635655,606.145,505.762,0
208,3.470133,8,0.174630,737.229,539.415,0
208,3.470133,10,0.184195,484.004,198.055,1
209,3.486817,4,0.635655,602.754,485.916,0
209,3.486817,8,0.174630,737.861,531.935,0
209,3.486817,10,0.158039,485.952,221.938,1
210,3.503500,4,0.635655,599.364,466.069,0
210,3.503500,8,0.174630,738.494,524.456,0
210,3.503500,10,0.287502,488.037,247.556,1
211,3.520183,4,0.635655,595.973,446.223,0
211,3.520183,8,0.174630,739.126,516.976,0
211,3.520183,10,0.348225,489.671,275.147,1
212,3.536867,4,0.635655,592.583,426.377,0
212,3.536867,8,0.174630,739.758,509.497,0
212,3.536867,10,0.459445,491.241,304.890,1
212,3.536867,11,0.721318,602.617,343.907,1
213,3.553550,10,0.162111,492.801,336.309,1
213,3.553550,11,0.574906,601.217,312.168,1
214,3.570233,10,0.162111,494.449,362.418,0
214,3.570233,11,0.574906,600.498,295.462,0
215,3.586917,10,0.183242,495.843,400.007,1
215,3.586917,11,0.574906,599.779,278.755,0
216,3.603600,10,0.183242,497.424,429.163,0
216,3.603600,11,0.574906,599.059,262.048,0
217,3.620283,10,0.183242,499.004,458.319,0
217,3.620283,11,0.574906,598.340,245.342,0
218,3.636967,10,0.183242,500.585,487.475,0
219,3.653650,10,0.183242,502.165,516.631,0
219,3.653650,12,0.493656,592.696,145.702,1
220,3.670333,10,0.183242,503.746,545.787,0
220,3.670333,12,0.422424,591.553,126.351,1
221,3.687017,12,0.597167,589.663,105.435,1
222,3.703700,12,0.343830,587.903,85.472,1
223,3.720383,12,0.692501,586.367,67.660,1
224,3.737067,12,0.562009,585.049,52.094,1
225,3.753750,12,0.376269,583.504,38.987,1
226,3.770433,12,0.195470,581.812,28.282,1
227,3.787117,12,0.553642,580.119,20.211,1
228,3.803800,12,0.641496,578.511,15.223,1
229,3.820483,12,0.484587,576.986,12.875,1
230,3.837167,12,0.653090,575.340,12.654,1
231,3.853850,12,0.559331,573.607,13.990,1
232,3.870533,12,0.758886,572.052,16.367,1
232,3.870533,14,0.758401,443.255,522.528,1
232,3.870533,13,0.831187,602.047,366.097,1
233,3.887217,12,0.724196,570.620,20.587,1
233,3.887217,14,0.826252,439.594,497.744,1
233,3.887217,13,0.887607,601.665,366.094,1
234,3.903900,12,0.652725,569.237,27.060,1
234,3.903900,14,0.775732,437.343,464.740,1
234,3.903900,13,0.745715,601.210,367.737,1
235,3.920583,12,0.810333,567.882,35.393,1
235,3.920583,14,0.689380,437.201,426.072,1
235,3.920583,13,0.326767,600.692,371.619,1
236,3.937267,12,0.266629,566.457,46.152,1
236,3.937267,14,0.708153,439.266,387.447,1
236,3.937267,13,0.168243,600.051,377.355,1
237,3.953950,12,0.407059,564.846,58.976,1
237,3.953950,14,0.202671,442.289,349.996,1
237,3.953950,13,0.168243,599.597,380.031,0
238,3.970633,12,0.767667,563.446,73.736,1
238,3.970633,14,0.675678,445.300,313.709,1
238,3.970633,13,0.168243,599.143,382.708,0
239,3.987317,12,0.783378,561.883,90.416,1
239,3.987317,14,0.631260,448.837,279.833,1
239,3.987317,13,0.168243,598.689,385.385,0
240,4.004000,12,0.254379,560.520,109.282,1
240,4.004000,14,0.517389,451.936,247.848,1
240,4.004000,13,0.227502,597.582,407.400,1
241,4.020683,12,0.379674,559.072,129.859,1
241,4.020683,14,0.388065,455.198,218.511,1
241,4.020683,13,0.207541,596.277,429.486,1
242,4.037367,12,0.660409,557.849,152.504,1
242,4.037367,14,0.710952,458.280,191.726,1
242,4.037367,13,0.839468,595.050,451.362,1
243,4.054050,12,0.398793,556.429,176.797,1
243,4.054050,14,0.531664,461.300,167.067,1
243,4.054050,13,0.374626,593.834,473.482,1
244,4.070733,12,0.510422,555.327,202.842,1
244,4.070733,14,0.627522,464.395,145.024,1
244,4.070733,13,0.766332,592.673,496.296,1
245,4.087417,12,0.254787,554.218,230.985,1
245,4.087417,14,0.223045,467.692,125.407,1
245,4.087417,13,0.766332,591.631,514.425,0
246,4.104100,12,0.633006,553.228,261.028,1
246,4.104100,14,0.637452,471.241,107.526,1
246,4.104100,13,0.766332,590.588,532.555,0
247,4.120783,12,0.692743,552.006,292.677,1
247,4.120783,14,0.384528,474.364,91.734,1
247,4.120783,13,0.277880,590.159,554.093,1
248,4.137467,12,0.681312,550.794,325.927,1
248,4.137467,14,0.667974,477.719,78.147,1
248,4.137467,13,0.277880,589.279,573.125,0
249,4.154150,12,0.587346,549.904,360.687,1
249,4.154150,14,0.565692,481.130,66.231,1
249,4.154150,13,0.444229,589.936,584.136,1
250,4.170833,12,0.684046,551.192,394.149,1
250,4.170833,14,0.770364,484.580,56.334,1
250,4.170833,13,0.413302,590.670,592.811,1
251,4.187517,12,0.540004,556.025,425.148,1
251,4.187517,14,0.153171,488.377,48.091,1
251,4.187517,13,0.413302,590.518,607.531,0
252,4.204200,12,0.351433,564.508,453.434,1
252,4.204200,14,0.666221,492.028,41.780,1
252,4.204200,13,0.413302,590.366,622.252,0
253,4.220883,12,0.351433,567.441,483.689,0
253,4.220883,14,0.622983,495.690,37.185,1
253,4.220883,13,0.413302,590.214,636.972,0
254,4.237567,12,0.182872,585.398,503.994,1
254,4.237567,14,0.350748,499.390,34.691,1
254,4.237567,13,0.413302,590.062,651.693,0
255,4.254250,12,0.587459,605.351,522.184,1
255,4.254250,14,0.560597,503.372,33.916,1
255,4.254250,13,0.333406,590.422,654.472,1
256,4.270933,12,0.457274,626.779,538.885,1
256,4.270933,14,0.483316,507.061,34.949,1
256,4.270933,13,0.193458,590.919,656.945,1
257,4.287617,12,0.533433,644.786,550.132,1
257,4.287617,14,0.345943,509.961,37.089,1
257,4.287617,13,0.193458,591.039,666.087,0
258,4.304300,12,0.514184,655.463,554.695,1
258,4.304300,14,0.328813,511.528,39.201,1
258,4.304300,13,0.193458,591.159,675.228,0
259,4.320983,12,0.512932,665.378,557.834,1
259,4.320983,14,0.609668,512.962,41.896,1
259,4.320983,13,0.193458,591.279,684.369,0
260,4.337667,12,0.515476,670.355,557.720,1
260,4.337667,14,0.607706,513.512,43.971,1
261,4.354350,12,0.239953,676.140,558.142,1
261,4.354350,14,0.504701,514.347,46.543,1
262,4.371033,12,0.241592,678.649,557.108,1
262,4.371033,14,0.496055,514.633,48.286,1
263,4.387717,12,0.349930,683.602,557.249,1
263,4.387717,14,0.485229,515.453,50.440,1
263,4.387717,15,0.281261,593.137,641.910,1
264,4.404400,12,0.361757,685.977,556.653,1
264,4.404400,14,0.480024,515.834,51.779,1
264,4.404400,15,0.287437,593.459,640.663,1
265,4.421083,12,0.460926,690.986,556.916,1
265,4.421083,14,0.294481,516.767,54.028,1
265,4.421083,15,0.391988,594.291,638.161,1
266,4.437767,12,0.449592,693.675,556.758,1
266,4.437767,14,0.310651,517.264,55.393,1
266,4.437767,15,0.380082,594.786,636.702,1
267,4.454450,12,0.524446,698.867,556.944,1
267,4.454450,14,0.233645,518.567,57.518,1
267,4.454450,15,0.276146,595.921,633.106,1
268,4.471133,12,0.520353,701.822,556.884,1
268,4.471133,14,0.247330,519.360,58.785,1
268,4.471133,15,0.277005,596.596,630.971,1
269,4.487817,12,0.746851,706.453,556.827,1
269,4.487817,14,0.517946,520.702,61.381,1
269,4.487817,15,0.366576,597.649,626.935,1
270,4.504500,12,0.740555,709.102,556.684,1
270,4.504500,14,0.524989,521.520,62.976,1
270,4.504500,15,0.365099,598.276,624.481,1
271,4.521183,12,0.706886,713.787,555.865,1
271,4.521183,14,0.607839,522.601,65.676,1
271,4.521183,15,0.180214,599.379,619.778,1
272,4.537867,12,0.694144,716.495,555.238,1
272,4.537867,14,0.581693,523.253,67.317,1
272,4.537867,15,0.192959,600.053,616.711,1
273,4.554550,12,0.548064,720.894,553.759,1
273,4.554550,14,0.369264,524.322,70.619,1
273,4.554550,15,0.192959,600.838,613.604,0
274,4.571233,12,0.544914,723.430,552.766,1
274,4.571233,14,0.365116,524.947,72.649,1
274,4.571233,15,0.192959,601.622,610.497,0
275,4.587917,12,0.446464,726.962,550.235,1
275,4.587917,14,0.438609,526.214,75.777,1
275,4.587917,15,0.398900,602.985,602.857,1
276,4.604600,12,0.432673,728.920,548.543,1
276,4.604600,14,0.383536,526.982,77.640,1
276,4.604600,15,0.401051,603.828,597.951,1
277,4.621283,12,0.432673,732.051,547.262,0
277,4.621283,14,0.419506,528.226,81.361,1
277,4.621283,15,0.271647,605.100,589.803,1
278,4.637967,12,0.309250,733.780,544.146,1
278,4.637967,14,0.422513,528.996,83.662,1
278,4.637967,15,0.159636,605.795,584.886,1
279,4.654650,12,0.571650,736.369,539.156,1
279,4.654650,14,0.231197,530.293,87.489,1
279,4.654650,15,0.298128,606.910,576.233,1
280,4.671333,12,0.591692,737.743,535.928,1
280,4.671333,14,0.462637,531.087,89.833,1
280,4.671333,15,0.238435,607.583,570.740,1
281,4.688017,12,0.649123,739.561,530.094,1
281,4.688017,14,0.439253,532.156,94.265,1
281,4.688017,15,0.371976,608.166,561.346,1
282,4.704700,12,0.640736,740.454,526.397,1
282,4.704700,14,0.437112,532.766,96.978,1
282,4.704700,15,0.381089,608.440,555.623,1
283,4.721383,12,0.803722,741.662,519.936,1
283,4.721383,14,0.623560,534.110,101.769,1
283,4.721383,15,0.622210,609.071,545.230,1
284,4.738067,12,0.804554,742.237,515.913,1
284,4.738067,14,0.610709,534.963,104.687,1
284,4.738067,15,0.616890,609.414,538.908,1
285,4.754750,12,0.766170,742.176,509.065,1
285,4.754750,14,0.646862,536.283,109.267,1
285,4.754750,15,0.734928,609.735,527.076,1
286,4.771433,12,0.756106,741.924,504.902,1
286,4.771433,14,0.657433,537.077,111.974,1
286,4.771433,15,0.736702,609.910,519.773,1
287,4.788117,12,0.262586,741.310,497.653,1
287,4.788117,14,0.531326,538.184,117.233,1
287,4.788117,15,0.435106,609.979,506.655,1
288,4.804800,12,0.262488,740.777,493.257,1
288,4.804800,14,0.537504,538.817,120.421,1
288,4.804800,15,0.449921,609.969,498.630,1
289,4.821483,12,0.228724,739.686,486.494,1
289,4.821483,14,0.665838,540.013,125.779,1
289,4.821483,15,0.440787,610.403,484.966,1
290,4.838167,12,0.211636,738.901,482.492,1
290,4.838167,14,0.647568,540.735,128.973,1
290,4.838167,15,0.427067,610.668,476.719,1
291,4.854850,12,0.163191,737.192,474.431,1
291,4.854850,14,0.657355,541.953,134.646,1
291,4.854850,15,0.400612,611.262,463.921,1
292,4.871533,12,0.163191,736.470,468.504,0
292,4.871533,14,0.682249,542.693,138.066,1
292,4.871533,15,0.375354,611.640,456.374,1
293,4.888217,12,0.413568,734.000,461.240,1
293,4.888217,14,0.729645,543.787,144.005,1
293,4.888217,15,0.484479,612.400,444.394,1
294,4.904900,12,0.415976,732.378,457.001,1
294,4.904900,14,0.733717,544.437,147.567,1
294,4.904900,15,0.508643,612.891,437.407,1
295,4.921583,12,0.202280,729.783,449.568,1
295,4.921583,14,0.720074,545.654,153.599,1
295,4.921583,15,0.263532,613.726,426.551,1
296,4.938267,12,0.187972,728.165,445.172,1
296,4.938267,14,0.699607,546.392,157.202,1
296,4.938267,15,0.249267,614.237,420.321,1
297,4.954950,12,0.666058,725.422,437.456,1
297,4.954950,14,0.686021,547.891,163.775,1
297,4.954950,15,0.351370,614.785,408.966,1
298,4.971633,12,0.653980,723.742,432.855,1
298,4.971633,14,0.678620,548.803,167.675,1
298,4.971633,15,0.309299,615.093,402.291,1
299,4.988317,12,0.555302,720.831,425.367,1
299,4.988317,14,0.721640,550.024,174.453,1
299,4.988317,15,0.553999,615.671,390.763,1
300,5.005000,12,0.527786,719.071,420.974,1
300,5.005000,14,0.743831,550.701,178.524,1
300,5.005000,15,0.542976,615.981,383.967,1
301,5.021683,12,0.666634,715.950,414.359,1
301,5.021683,14,0.620119,551.703,185.601,1
301,5.021683,15,0.680268,616.210,373.221,1
302,5.038367,12,0.617077,714.033,410.553,1
302,5.038367,14,0.630866,552.267,189.839,1
302,5.038367,15,0.692023,616.305,366.950,1
303,5.055050,12,0.748292,711.500,403.711,1
303,5.055050,14,0.802893,553.356,197.267,1
303,5.055050,15,0.327598,616.851,356.925,1
304,5.071733,12,0.749136,710.046,399.698,1
304,5.071733,14,0.802366,553.994,201.717,1
304,5.071733,15,0.677149,617.119,350.996,1
305,5.088417,12,0.549345,707.193,393.386,1
305,5.088417,14,0.650138,555.148,209.243,1
305,5.088417,15,0.825890,617.557,340.384,1
306,5.105100,12,0.541165,705.516,389.749,1
306,5.105100,14,0.665973,555.844,213.759,1
306,5.105100,15,0.824373,617.816,334.124,1
307,5.121783,12,0.805157,702.832,383.550,1
307,5.121783,14,0.611633,557.550,221.561,1
307,5.121783,15,0.670183,618.338,323.644,1
308,5.138467,12,0.812119,701.265,379.932,1
308,5.138467,14,0.616429,558.628,226.226,1
308,5.138467,15,0.669417,618.653,317.463,1
309,5.155150,12,0.726906,698.545,374.003,1
309,5.155150,14,0.643410,559.971,234.464,1
309,5.155150,15,0.871444,619.033,307.062,1
310,5.171833,12,0.742211,696.933,370.555,1
310,5.171833,14,0.646444,560.762,239.374,1
310,5.171833,15,0.867099,619.240,300.958,1
311,5.188517,12,0.742211,694.850,365.839,0
311,5.188517,14,0.478285,561.563,247.723,1
311,5.188517,15,0.457962,619.628,290.525,1
312,5.205200,12,0.742211,692.767,361.123,0
312,5.205200,14,0.483848,561.928,252.697,1
312,5.205200,15,0.467422,619.853,284.367,1
313,5.221883,12,0.742211,690.684,356.406,0
313,5.221883,14,0.191570,563.039,261.165,1
313,5.221883,15,0.206625,620.395,274.348,1
314,5.238567,12,0.742211,688.601,351.690,0
314,5.238567,14,0.184821,563.701,266.227,1
314,5.238567,15,0.196128,620.716,268.500,1
315,5.255250,12,0.254901,685.526,347.731,1
315,5.255250,14,0.184821,564.538,272.567,0
315,5.255250,15,0.196128,621.076,260.687,0
316,5.271933,12,0.255438,683.674,345.638,1
316,5.271933,14,0.184821,565.375,278.907,0
316,5.271933,15,0.196128,621.435,252.873,0
317,5.288617,12,0.671780,680.885,341.683,1
317,5.288617,14,0.316149,566.631,288.800,1
317,5.288617,15,0.196128,621.795,245.059,0
318,5.305300,12,0.672911,679.243,339.477,1
318,5.305300,14,0.324122,567.394,294.812,1
318,5.305300,15,0.196128,622.155,237.245,0
319,5.321983,12,0.896215,676.211,335.759,1
319,5.321983,14,0.531598,568.727,304.654,1
319,5.321983,15,0.196128,622.515,229.431,0
320,5.338667,12,0.892661,674.400,333.650,1
320,5.338667,14,0.540917,569.533,310.554,1
321,5.355350,12,0.824606,671.294,329.816,1
321,5.355350,14,0.347038,570.653,320.669,1
322,5.372033,12,0.825065,669.477,327.560,1
322,5.372033,14,0.345079,571.285,326.800,1
323,5.388717,12,0.858943,666.474,323.922,1
323,5.388717,14,0.239742,572.300,336.541,1
324,5.405400,12,0.857872,664.702,321.810,1
324,5.405400,14,0.331776,572.820,342.319,1
325,5.422083,12,0.618920,661.847,318.501,1
325,5.422083,14,0.360169,573.670,352.047,1
326,5.438767,12,0.783875,660.211,316.604,1
326,5.438767,14,0.504370,574.145,357.747,1
327,5.455450,12,0.783435,657.268,313.287,1
327,5.455450,14,0.372340,574.974,367.848,1
328,5.472133,12,0.784617,655.534,311.356,1
328,5.472133,14,0.351213,575.445,373.858,1
329,5.488817,12,0.716134,652.837,308.504,1
329,5.488817,14,0.351213,576.129,381.440,0
330,5.505500,12,0.377634,651.311,306.764,1
330,5.505500,14,0.351213,576.813,389.023,0
331,5.522183,12,0.641264,649.616,304.650,1
331,5.522183,14,0.351213,577.497,396.606,0
332,5.538867,12,0.646224,648.742,303.524,1
332,5.538867,14,0.351213,578.181,404.189,0
333,5.555550,12,0.400742,647.616,301.500,1
333,5.555550,14,0.351213,578.865,411.771,0
333,5.555550,16,0.318440,627.645,141.135,1
334,5.572233,12,0.469475,647.085,300.379,1
334,5.572233,16,0.210025,627.858,136.454,1
335,5.588917,12,0.242050,646.571,298.425,1
335,5.588917,16,0.364034,628.250,129.450,1
336,5.605600,12,0.225434,646.397,297.312,1
336,5.605600,16,0.517603,628.433,125.483,1
337,5.622283,12,0.225434,645.556,295.672,0
337,5.622283,16,0.472769,628.721,119.005,1
338,5.638967,12,0.225434,644.715,294.032,0
338,5.638967,16,0.510552,628.886,115.328,1
339,5.655650,12,0.225434,643.875,292.392,0
339,5.655650,16,0.564418,629.393,109.193,1
340,5.672333,12,0.225434,643.034,290.753,0
340,5.672333,16,0.579826,629.716,105.698,1
341,5.689017,12,0.225434,642.193,289.113,0
341,5.689017,16,0.424174,630.266,99.911,1
342,5.705700,16,0.439967,630.602,96.611,1
343,5.722383,16,0.478618,631.218,91.169,1
344,5.739067,16,0.471966,631.587,88.044,1
345,5.755750,16,0.471966,632.005,83.588,0
346,5.772433,16,0.471966,632.423,79.132,0
347,5.789117,16,0.563106,632.749,74.272,1
348,5.805800,16,0.509510,632.902,71.514,1
349,5.822483,16,0.560143,633.044,66.862,1
350,5.839167,16,0.551442,633.082,64.178,1
351,5.855850,16,0.551442,633.298,60.355,0
352,5.872533,16,0.551442,633.514,56.531,0
353,5.889217,16,0.286366,633.779,52.487,1
354,5.905900,16,0.306740,633.946,50.180,1
355,5.922583,16,0.390147,634.336,46.336,1
356,5.939267,16,0.409554,634.576,44.154,1
357,5.955950,16,0.170342,635.023,40.794,1
358,5.972633,16,0.157156,635.383,38.958,1
359,5.989317,16,0.157156,635.703,36.090,0
360,6.006000,16,0.157156,636.023,33.221,0
361,6.022683,16,0.349414,636.436,30.472,1
362,6.039367,16,0.356288,636.651,28.958,1
363,6.056050,16,0.460750,636.976,26.582,1
364,6.072733,16,0.464372,637.161,25.279,1
365,6.089417,16,0.498276,637.453,23.758,1
366,6.106100,16,0.460501,637.645,22.979,1
367,6.122783,16,0.383180,637.998,21.928,1
368,6.139467,16,0.382350,638.209,21.433,1
369,6.156150,16,0.513375,638.519,20.726,1
370,6.172833,16,0.506741,638.720,20.416,1
371,6.189517,16,0.443694,639.151,19.750,1
372,6.206200,16,0.410980,639.416,19.394,1
373,6.222883,16,0.410980,639.708,18.692,0
374,6.239567,16,0.410980,640.001,17.989,0
375,6.256250,16,0.168121,640.391,17.727,1
376,6.272933,16,0.167761,640.627,17.652,1
377,6.289617,16,0.174598,640.927,17.545,1
378,6.306300,16,0.177178,641.085,17.539,1
379,6.322983,16,0.172795,641.399,17.506,1
380,6.339667,16,0.177894,641.580,17.495,1
381,6.356350,16,0.177022,641.870,17.501,1
382,6.373033,16,0.195895,642.047,17.531,1
383,6.389717,16,0.176789,642.279,17.664,1
384,6.406400,16,0.187083,642.399,17.770,1
385,6.423083,16,0.187083,642.605,17.785,0
386,6.439767,16,0.152903,642.842,18.050,1
387,6.456450,16,0.152903,643.057,18.131,0
388,6.473133,16,0.152903,643.271,18.212,0
389,6.489817,16,0.183724,643.533,19.241,1
390,6.506500,16,0.185726,643.685,19.950,1
391,6.523183,16,0.214037,644.073,20.994,1
392,6.539867,16,0.219032,644.311,21.661,1
393,6.556550,16,0.298787,644.654,22.802,1
394,6.573233,16,0.340473,644.974,23.515,1
395,6.589917,16,0.424140,645.436,24.659,1
396,6.606600,16,0.428835,645.714,25.356,1
397,6.623283,16,0.684601,646.416,26.926,1
398,6.639967,16,0.729058,646.809,27.903,1
399,6.656650,16,0.739628,647.331,30.528,1
399,6.656650,17,0.556976,663.120,263.156,1
400,6.673333,16,0.738357,647.675,32.228,1
400,6.673333,17,0.538677,663.911,263.538,1
401,6.690017,16,0.714000,647.823,35.303,1
401,6.690017,17,0.380754,665.032,264.714,1
402,6.706700,16,0.722238,647.957,37.298,1
402,6.706700,17,0.400214,665.662,265.421,1
403,6.723383,16,0.697278,648.336,40.799,1
403,6.723383,17,0.385093,666.466,266.900,1
404,6.740067,16,0.706349,648.596,42.976,1
404,6.740067,17,0.401581,666.900,267.771,1
405,6.756750,16,0.746919,648.821,46.822,1
405,6.756750,17,0.448512,668.152,269.463,1
406,6.773433,16,0.736975,648.990,49.171,1
406,6.773433,17,0.416842,669.015,270.482,1
407,6.790117,16,0.820832,649.208,53.435,1
407,6.790117,17,0.716739,670.169,272.220,1
408,6.806800,16,0.820854,649.317,56.051,1
408,6.806800,17,0.723650,670.849,273.284,1
409,6.823483,16,0.826664,649.433,60.540,1
409,6.823483,17,0.685240,671.630,275.746,1
410,6.840167,16,0.829321,649.508,63.258,1
410,6.840167,17,0.692974,672.024,277.298,1
411,6.856850,16,0.832370,649.904,68.036,1
411,6.856850,17,0.849389,673.101,279.843,1
411,6.856850,18,0.331405,547.633,496.887,1
412,6.873533,16,0.835459,650.148,70.886,1
412,6.873533,17,0.849094,673.754,281.453,1
412,6.873533,18,0.308315,546.325,491.849,1
413,6.890217,16,0.482155,650.471,76.060,1
413,6.890217,17,0.734959,675.000,284.247,1
413,6.890217,18,0.171844,544.819,480.222,1
414,6.906900,16,0.427286,650.649,79.189,1
414,6.906900,17,0.728466,675.991,285.957,1
414,6.906900,18,0.187513,544.007,473.365,1
415,6.923583,16,0.688190,651.106,84.509,1
415,6.923583,17,0.799738,677.369,289.201,1
415,6.923583,18,0.187513,543.011,467.010,0
416,6.940267,16,0.734041,651.392,87.596,1
416,6.940267,17,0.800062,678.236,291.171,1
416,6.940267,18,0.187513,542.014,460.656,0
417,6.956950,16,0.623865,651.712,93.253,1
417,6.956950,17,0.825491,679.464,294.550,1
417,6.956950,18,0.432862,541.905,446.580,1
418,6.973633,16,0.612922,651.903,96.655,1
418,6.973633,17,0.824917,680.162,296.603,1
418,6.973633,18,0.435340,541.950,438.332,1
419,6.990317,16,0.750346,652.197,102.741,1
419,6.990317,17,0.862446,681.223,300.330,1
419,6.990317,18,0.665260,541.696,425.966,1
420,7.007000,16,0.735257,652.377,106.476,1
420,7.007000,17,0.860334,681.819,302.597,1
420,7.007000,18,0.669730,541.594,418.721,1
421,7.023683,16,0.873230,652.909,112.792,1
421,7.023683,17,0.799300,682.627,306.763,1
421,7.023683,18,0.738049,541.110,407.032,1
422,7.040367,16,0.842619,653.120,116.563,1
422,7.040367,17,0.800646,683.075,309.360,1
422,7.040367,18,0.758224,540.842,400.184,1
423,7.057050,16,0.509202,653.594,123.219,1
423,7.057050,17,0.829196,684.095,313.621,1
423,7.057050,18,0.839033,539.951,389.291,1
424,7.073733,16,0.159638,653.781,127.264,1
424,7.073733,17,0.833939,684.706,316.183,1
424,7.073733,18,0.843686,539.386,382.934,1
425,7.090417,16,0.773516,654.172,134.290,1
425,7.090417,17,0.865552,686.096,321.000,1
425,7.090417,18,0.762685,538.497,372.751,1
425,7.090417,19,0.215533,653.968,131.815,1
426,7.107100,16,0.604368,654.425,138.543,1
426,7.107100,17,0.862848,686.951,323.896,1
426,7.107100,18,0.774187,537.938,366.870,1
426,7.107100,19,0.357789,654.132,135.373,1
427,7.123783,16,0.278526,655.033,145.673,1
427,7.123783,17,0.828625,687.974,328.573,1
427,7.123783,18,0.631950,536.793,357.052,1
427,7.123783,19,0.357789,654.235,137.717,0
428,7.140467,16,0.260651,655.416,149.932,1
428,7.140467,17,0.827910,688.560,331.366,1
428,7.140467,18,0.637993,536.065,351.359,1
428,7.140467,19,0.357789,654.338,140.062,0
429,7.157150,16,0.327120,656.075,157.394,1
429,7.157150,17,0.880290,689.524,336.453,1
429,7.157150,18,0.688115,535.192,341.751,1
429,7.157150,19,0.357789,654.441,142.407,0
430,7.173833,16,0.402141,656.480,161.867,1
430,7.173833,17,0.882687,690.090,339.515,1
430,7.173833,18,0.687972,534.708,336.124,1
430,7.173833,19,0.357789,654.545,144.751,0
431,7.190517,16,0.394461,656.778,169.533,1
431,7.190517,17,0.889660,691.144,344.606,1
431,7.190517,18,0.654031,533.719,326.537,1
432,7.207200,16,0.343625,656.920,174.123,1
432,7.207200,17,0.888939,691.773,347.642,1
432,7.207200,18,0.633152,533.126,320.920,1
433,7.223883,16,0.464122,657.134,182.219,1
433,7.223883,17,0.704938,692.728,353.210,1
433,7.223883,18,0.176634,532.251,311.530,1
434,7.240567,16,0.400102,657.221,187.110,1
434,7.240567,17,0.679059,693.266,356.586,1
434,7.240567,18,0.367653,531.770,305.989,1
435,7.257250,16,0.179246,657.769,195.900,1
435,7.257250,17,0.338099,694.245,362.479,1
435,7.257250,18,0.472378,531.222,296.826,1
436,7.273933,16,0.183459,658.122,201.209,1
436,7.273933,17,0.364238,694.824,366.031,1
436,7.273933,18,0.468725,530.939,291.417,1
437,7.290617,16,0.619503,658.502,209.991,1
437,7.290617,17,0.686542,696.047,372.404,1
437,7.290617,18,0.754579,530.233,282.671,1
438,7.307300,16,0.586842,658.743,215.233,1
438,7.307300,17,0.665227,696.794,376.279,1
438,7.307300,18,0.727080,529.884,277.676,1
439,7.323983,16,0.552945,658.968,224.108,1
439,7.323983,17,0.443894,697.829,382.658,1
439,7.323983,18,0.359198,529.501,268.960,1
440,7.340667,16,0.557790,659.081,229.389,1
440,7.340667,17,0.428781,698.433,386.473,1
440,7.340667,18,0.362168,529.310,263.852,1
441,7.357350,16,0.458280,659.838,238.934,1
441,7.357350,17,0.428781,699.251,391.196,0
441,7.357350,18,0.284726,528.662,255.505,1
442,7.374033,16,0.472736,660.315,244.658,1
442,7.374033,17,0.428781,700.068,395.919,0
442,7.374033,18,0.273128,528.268,250.638,1
443,7.390717,16,0.433983,660.789,254.607,1
443,7.390717,17,0.428781,700.886,400.642,0
443,7.390717,18,0.669853,527.951,242.681,1
444,7.407400,16,0.464304,661.055,260.579,1
444,7.407400,17,0.428781,701.704,405.365,0
444,7.407400,18,0.673835,527.798,238.042,1
445,7.424083,16,0.707796,661.523,270.630,1
445,7.424083,17,0.322161,702.579,413.401,1
445,7.424083,18,0.493569,527.518,229.940,1
446,7.440767,16,0.701332,661.790,276.664,1
446,7.440767,17,0.321340,703.074,418.360,1
446,7.440767,18,0.435551,527.213,225.176,1
447,7.457450,16,0.690057,662.032,286.808,1
447,7.457450,17,0.383634,703.897,426.256,1
447,7.457450,18,0.340164,526.857,217.678,1
448,7.474133,16,0.678461,662.203,292.813,1
448,7.474133,17,0.365170,704.371,431.008,1
448,7.474133,18,0.436162,526.647,213.316,1
449,7.490817,16,0.801311,662.675,303.235,1
449,7.490817,17,0.319129,705.706,438.846,1
449,7.490817,18,0.384587,526.152,205.988,1
450,7.507500,16,0.809043,662.984,309.442,1
450,7.507500,17,0.317093,706.545,443.485,1
450,7.507500,18,0.166375,525.849,201.634,1
451,7.524183,16,0.768932,663.507,320.667,1
451,7.524183,17,0.317093,707.399,449.338,0
451,7.524183,18,0.688940,525.330,194.575,1
452,7.540867,16,0.768357,663.830,327.412,1
452,7.540867,17,0.317093,708.253,455.190,0
452,7.540867,18,0.679993,525.016,190.469,1
453,7.557550,16,0.824970,664.081,338.767,1
453,7.557550,17,0.250156,709.135,464.063,1
453,7.557550,18,0.536005,524.576,183.410,1
454,7.574233,16,0.819663,664.173,345.532,1
454,7.574233,17,0.247003,709.630,469.446,1
454,7.574233,18,0.176018,524.349,179.099,1
455,7.590917,16,0.154952,664.461,357.207,1
455,7.590917,17,0.224875,710.518,477.908,1
455,7.590917,18,0.748130,524.034,172.431,1
456,7.607600,16,0.168592,664.626,364.184,1
456,7.607600,17,0.226756,711.037,482.929,1
456,7.607600,18,0.735753,523.845,168.564,1
457,7.624283,16,0.337031,665.119,374.979,1
457,7.624283,17,0.269546,712.031,492.057,1
457,7.624283,18,0.361441,523.611,162.216,1
458,7.640967,16,0.382698,665.440,381.318,1
458,7.640967,17,0.223013,712.631,497.522,1
458,7.640967,18,0.177566,523.475,158.547,1
459,7.657650,16,0.581822,666.558,391.579,1
459,7.657650,17,0.512126,713.544,506.748,1
459,7.657650,18,0.530389,523.249,152.647,1
460,7.674333,16,0.588450,667.301,397.548,1
460,7.674333,17,0.518555,714.074,512.245,1
460,7.674333,18,0.524734,523.119,149.254,1
461,7.691017,16,0.164930,668.521,406.694,1
461,7.691017,17,0.321545,715.020,521.311,1
461,7.691017,18,0.271222,522.622,143.073,1
462,7.707700,16,0.200149,669.294,411.916,1
462,7.707700,17,0.337077,715.544,526.696,1
462,7.707700,18,0.247635,522.341,139.403,1
463,7.724383,16,0.200149,670.052,419.486,0
463,7.724383,17,0.227297,716.699,535.873,1
463,7.724383,18,0.281411,522.163,133.765,1
464,7.741067,16,0.200149,670.811,427.055,0
464,7.741067,17,0.234990,717.396,541.307,1
464,7.741067,18,0.281188,522.079,130.503,1
465,7.757750,16,0.200149,671.569,434.625,0
465,7.757750,17,0.175301,717.850,550.330,1
465,7.757750,18,0.302555,521.859,125.327,1
466,7.774433,16,0.200149,672.328,442.194,0
466,7.774433,17,0.179231,718.023,555.633,1
466,7.774433,18,0.345410,521.692,122.319,1
467,7.791117,16,0.152116,676.236,449.027,1
467,7.791117,17,0.228055,716.626,562.266,1
467,7.791117,18,0.408868,521.427,117.187,1
468,7.807800,16,0.169555,678.846,452.720,1
468,7.807800,17,0.238916,715.560,565.907,1
468,7.807800,18,0.433868,521.248,114.207,1
469,7.824483,16,0.312694,682.708,459.525,1
469,7.824483,17,0.348922,713.533,570.094,1
469,7.824483,18,0.557126,521.001,109.328,1
470,7.841167,16,0.311585,685.142,463.374,1
470,7.841167,17,0.373464,712.152,572.180,1
470,7.841167,18,0.583690,520.879,106.493,1
471,7.857850,16,0.458269,688.746,470.363,1
471,7.857850,17,0.440108,710.681,575.327,1
471,7.857850,18,0.457722,520.652,101.991,1
472,7.874533,16,0.453640,690.922,474.423,1
472,7.874533,17,0.436421,709.779,576.862,1
472,7.874533,18,0.465255,520.519,99.400,1
473,7.891217,16,0.453640,693.499,479.994,0
473,7.891217,17,0.341142,708.757,579.916,1
473,7.891217,18,0.653716,520.386,95.050,1
474,7.907900,16,0.167705,695.277,483.901,1
474,7.907900,17,0.336111,708.205,581.529,1
474,7.907900,18,0.689007,520.319,92.526,1
475,7.924583,16,0.167705,697.643,489.030,0
475,7.924583,17,0.336111,707.314,584.445,0
475,7.924583,18,0.561556,520.045,88.591,1
476,7.941267,16,0.154855,699.121,492.826,1
476,7.941267,17,0.336111,706.423,587.360,0
476,7.941267,18,0.569463,519.874,86.340,1
477,7.957950,16,0.154855,701.252,497.601,0
477,7.957950,17,0.336111,705.532,590.276,0
477,7.957950,18,0.286508,519.429,82.713,1
478,7.974633,16,0.154855,703.382,502.376,0
478,7.974633,17,0.336111,704.640,593.191,0
478,7.974633,18,0.247935,519.117,80.661,1
479,7.991317,16,0.154855,705.512,507.151,0
479,7.991317,17,0.336111,703.749,596.107,0
479,7.991317,18,0.468362,518.594,77.241,1
480,8.008000,16,0.154855,707.642,511.926,0
480,8.008000,18,0.373747,518.276,75.273,1
481,8.024683,16,0.154855,709.772,516.701,0
481,8.024683,18,0.629911,517.736,72.198,1
482,8.041367,18,0.649482,517.325,70.458,1
483,8.058050,18,0.590882,516.831,67.576,1
484,8.074733,18,0.593725,516.547,65.932,1
485,8.091417,18,0.577888,516.153,63.555,1
485,8.091417,20,0.479090,708.361,525.616,1
486,8.108100,18,0.569072,515.861,62.229,1
486,8.108100,20,0.434164,708.791,527.881,1
487,8.124783,18,0.153128,515.407,59.998,1
487,8.124783,20,0.173770,709.637,532.229,1
488,8.141467,18,0.178898,515.140,58.744,1
488,8.141467,20,0.174545,710.133,534.752,1
489,8.158150,18,0.427165,514.785,57.029,1
489,8.158150,20,0.198028,710.758,538.400,1
490,8.174833,18,0.470876,514.596,56.037,1
490,8.174833,20,0.191176,711.093,540.463,1
491,8.191517,18,0.382556,514.336,54.280,1
491,8.191517,20,0.179447,711.991,543.307,1
492,8.208200,18,0.375012,514.196,53.279,1
492,8.208200,20,0.170326,712.531,544.892,1
493,8.224883,18,0.365474,514.005,51.961,1
493,8.224883,20,0.156819,713.234,546.685,1
493,8.224883,21,0.279661,681.439,637.038,1
494,8.241567,18,0.392110,513.911,51.254,1
494,8.241567,20,0.171091,713.651,547.623,1
494,8.241567,21,0.282403,680.169,639.147,1
495,8.258250,18,0.345134,513.617,50.227,1
495,8.258250,20,0.179663,714.111,548.727,1
495,8.258250,21,0.282403,679.317,640.532,0
496,8.274933,18,0.315183,513.436,49.687,1
496,8.274933,20,0.172370,714.347,549.224,1
496,8.274933,21,0.282403,678.464,641.918,0
497,8.291617,18,0.274516,513.114,48.960,1
497,8.291617,20,0.178904,714.958,550.243,1
497,8.291617,21,0.282403,677.611,643.303,0
498,8.308300,18,0.283425,512.843,48.589,1
498,8.308300,20,0.156706,715.327,550.768,1
498,8.308300,21,0.282403,676.758,644.688,0
499,8.324983,18,0.269680,512.526,48.277,1
499,8.324983,20,0.153183,716.122,551.764,1
500,8.341667,18,0.231111,512.414,48.195,1
500,8.341667,20,0.153183,716.672,552.818,0
501,8.358350,18,0.342860,512.095,48.211,1
501,8.358350,20,0.317711,717.915,552.999,1
502,8.375033,18,0.354796,511.944,48.295,1
502,8.375033,20,0.292550,718.710,552.962,1
503,8.391717,18,0.328084,511.651,48.637,1
503,8.391717,20,0.292550,719.460,553.556,0
504,8.408400,18,0.295095,511.456,48.964,1
504,8.408400,20,0.292550,720.210,554.150,0
505,8.425083,18,0.190737,511.060,49.585,1
505,8.425083,20,0.333271,721.233,552.508,1
506,8.441767,18,0.237564,510.792,50.014,1
506,8.441767,20,0.313056,721.824,551.270,1
507,8.458450,18,0.353101,510.198,50.901,1
507,8.458450,20,0.280155,722.892,549.278,1
508,8.475133,18,0.367057,509.784,51.493,1
508,8.475133,20,0.280918,723.528,547.922,1
509,8.491817,18,0.279978,509.258,52.747,1
509,8.491817,20,0.421252,724.464,546.147,1
510,8.508500,18,0.297803,508.943,53.572,1
510,8.508500,20,0.421785,725.004,545.035,1
511,8.525183,18,0.252549,508.517,55.037,1
511,8.525183,20,0.231917,725.562,543.665,1
512,8.541867,18,0.252549,508.119,55.950,0
512,8.541867,20,0.227173,725.846,542.868,1
513,8.558550,18,0.275432,507.709,57.886,1
513,8.558550,20,0.324705,726.265,540.021,1
514,8.575233,18,0.309956,507.392,59.110,1
514,8.575233,20,0.323042,726.468,538.177,1
515,8.591917,18,0.174594,507.103,61.417,1
515,8.591917,20,0.206141,726.725,535.829,1
516,8.608600,18,0.174594,506.748,62.907,0
516,8.608600,20,0.224813,726.837,534.414,1
517,8.625283,18,0.573290,506.486,65.344,1
517,8.625283,20,0.388026,726.932,532.795,1
518,8.641967,18,0.583564,506.298,66.824,1
518,8.641967,20,0.393457,726.950,531.884,1
519,8.658650,18,0.319091,505.918,69.635,1
519,8.658650,20,0.425290,726.815,529.707,1
520,8.675333,18,0.316693,505.738,71.319,1
520,8.675333,20,0.421673,726.687,528.396,1
521,8.692017,18,0.371445,505.278,74.462,1
521,8.692017,20,0.433750,726.414,523.394,1
522,8.708700,18,0.343165,504.994,76.392,1
522,8.708700,20,0.422452,726.213,520.065,1
523,8.725383,18,0.343165,504.678,78.540,0
523,8.725383,20,0.422452,726.132,517.357,0
523,8.725383,22,0.196463,627.268,592.246,1
524,8.742067,18,0.343165,504.362,80.689,0
524,8.742067,20,0.422452,726.051,514.650,0
524,8.742067,22,0.198168,626.759,588.164,1
525,8.758750,18,0.189213,503.949,85.276,1
525,8.758750,20,0.422452,725.970,511.943,0
525,8.758750,22,0.197704,625.143,578.165,1
526,8.775433,18,0.161772,503.703,88.162,1
526,8.775433,20,0.422452,725.889,509.235,0
526,8.775433,22,0.200076,624.172,572.276,1
527,8.792117,18,0.162528,503.343,92.640,1
527,8.792117,20,0.422452,725.807,506.528,0
527,8.792117,22,0.200076,623.336,566.884,0
528,8.808800,18,0.170511,503.129,95.382,1
528,8.808800,22,0.200076,622.500,561.492,0
529,8.825483,18,0.195870,502.869,100.125,1
529,8.825483,22,0.200076,621.665,556.101,0
530,8.842167,18,0.171558,502.652,102.987,1
530,8.842167,22,0.200076,620.829,550.709,0
531,8.858850,18,0.457739,502.080,107.764,1
531,8.858850,22,0.249031,619.561,532.081,1
532,8.875533,18,0.455361,501.714,110.628,1
532,8.875533,22,0.246787,618.842,520.812,1
533,8.892217,18,0.567111,501.250,115.779,1
533,8.892217,22,0.228489,618.036,505.627,1
533,8.892217,23,0.274163,716.860,480.919,1
534,8.908900,18,0.590747,500.976,118.900,1
534,8.908900,22,0.231735,617.612,496.637,1
534,8.908900,23,0.292845,716.190,477.780,1
535,8.925583,18,0.152177,500.447,124.452,1
535,8.925583,22,0.231735,616.860,486.019,0
535,8.925583,23,0.292845,715.734,475.724,0
536,8.942267,18,0.152177,500.047,128.663,0
536,8.942267,22,0.231735,616.107,475.400,0
536,8.942267,23,0.292845,715.279,473.669,0
537,8.958950,18,0.210113,499.858,134.226,1
537,8.958950,22,0.231735,615.355,464.782,0
537,8.958950,23,0.292845,714.823,471.614,0
538,8.975633,18,0.175138,499.762,137.580,1
538,8.975633,22,0.231735,614.603,454.164,0
538,8.975633,23,0.292845,714.368,469.559,0
539,8.992317,18,0.574219,499.339,143.724,1
539,8.992317,22,0.231735,613.850,443.546,0
540,9.009000,18,0.602994,499.076,147.473,1
541,9.025683,18,0.764881,498.694,153.829,1
542,9.042367,18,0.759818,498.476,157.624,1
543,9.059050,18,0.163152,498.185,164.558,1
544,9.075733,18,0.340736,498.001,168.765,1
545,9.092417,18,0.769965,497.640,175.982,1
545,9.092417,25,0.668217,614.781,400.385,1
545,9.092417,24,0.254113,695.748,423.375,1
546,9.109100,18,0.764897,497.504,180.268,1
546,9.109100,25,0.659664,614.482,395.095,1
546,9.109100,24,0.255928,694.648,420.340,1
547,9.125783,18,0.822031,497.364,187.914,1
547,9.125783,25,0.805941,614.055,383.059,1
547,9.125783,24,0.352032,692.024,414.269,1
548,9.142467,18,0.834236,497.303,192.519,1
548,9.142467,25,0.815347,613.815,375.966,1
548,9.142467,24,0.365161,690.482,410.738,1
549,9.159150,18,0.921587,496.855,200.398,1
549,9.159150,25,0.894492,613.405,364.759,1
549,9.159150,24,0.351390,687.447,405.689,1
550,9.175833,18,0.913585,496.547,205.097,1
550,9.175833,25,0.897490,613.172,358.346,1
550,9.175833,24,0.174927,685.675,402.783,1
551,9.192517,18,0.686178,496.147,213.254,1
551,9.192517,25,0.812716,612.513,347.862,1
551,9.192517,24,0.332814,682.952,398.505,1
552,9.209200,18,0.656149,495.926,218.132,1
552,9.209200,25,0.808175,612.108,341.760,1
552,9.209200,24,0.323801,681.354,396.084,1
553,9.225883,18,0.681675,495.442,226.710,1
553,9.225883,25,0.801028,611.377,331.410,1
553,9.225883,24,0.468693,678.918,391.850,1
554,9.242567,18,0.716537,495.138,231.867,1
554,9.242567,25,0.802033,610.909,325.287,1
554,9.242567,24,0.452104,677.496,389.371,1
555,9.259250,18,0.859532,494.543,240.703,1
555,9.259250,25,0.875981,610.263,315.314,1
555,9.259250,24,0.623047,674.971,385.312,1
556,9.275933,18,0.849360,494.179,245.989,1
556,9.275933,25,0.873273,609.878,309.475,1
556,9.275933,24,0.607633,673.482,382.951,1
557,9.292617,18,0.407178,493.714,255.071,1
557,9.292617,25,0.722242,609.359,299.355,1
557,9.292617,24,0.286307,671.121,379.156,1
558,9.309300,18,0.283796,493.466,260.568,1
558,9.309300,25,0.710898,609.071,293.380,1
558,9.309300,24,0.244435,669.745,376.931,1
559,9.325983,18,0.283796,493.100,267.313,0
559,9.325983,25,0.812677,608.811,283.621,1
559,9.325983,24,0.274464,667.345,373.512,1
560,9.342667,18,0.283796,492.734,274.058,0
560,9.342667,25,0.808797,608.704,277.890,1
560,9.342667,24,0.280390,665.929,371.558,1
561,9.359350,18,0.614879,492.594,284.540,1
561,9.359350,25,0.764633,608.308,268.122,1
561,9.359350,24,0.419222,663.713,368.579,1
562,9.376033,18,0.611720,492.547,290.911,1
562,9.376033,25,0.764203,608.076,262.350,1
562,9.376033,24,0.427180,662.389,366.916,1
563,9.392717,18,0.389769,492.330,301.191,1
563,9.392717,25,0.515819,607.742,253.343,1
563,9.392717,24,0.270142,660.020,364.199,1
564,9.409400,18,0.432270,492.208,307.295,1
564,9.409400,25,0.528268,607.551,248.113,1
564,9.409400,24,0.279207,658.613,362.663,1
565,9.426083,18,0.511232,491.885,317.939,1
565,9.426083,25,0.572108,607.029,239.043,1
565,9.426083,24,0.421325,656.249,360.612,1
566,9.442767,18,0.233049,491.583,324.396,1
566,9.442767,25,0.586876,606.676,233.705,1
566,9.442767,24,0.455753,654.835,359.509,1
567,9.459450,18,0.393361,491.203,335.269,1
567,9.459450,25,0.676749,606.049,225.583,1
567,9.459450,24,0.622326,652.359,357.495,1
568,9.476133,18,0.432425,490.978,341.747,1
568,9.476133,25,0.675067,605.663,220.914,1
568,9.476133,24,0.638040,650.890,356.351,1
569,9.492817,18,0.478051,490.635,352.951,1
569,9.492817,25,0.397157,604.976,212.557,1
569,9.492817,24,0.746208,648.603,354.351,1
570,9.509500,18,0.345799,490.424,359.630,1
570,9.509500,25,0.349628,604.561,207.690,1
570,9.509500,24,0.718568,647.268,353.205,1
571,9.526183,18,0.221060,490.242,371.275,1
571,9.526183,25,0.304274,604.149,200.180,1
571,9.526183,24,0.707847,644.581,351.619,1
572,9.542867,18,0.223615,490.151,378.238,1
572,9.542867,25,0.297211,603.930,195.888,1
572,9.542867,24,0.697448,642.958,350.754,1
573,9.559550,18,0.223615,489.946,386.849,0
573,9.559550,25,0.167302,603.517,187.929,1
573,9.559550,24,0.205654,640.402,349.530,1
574,9.576233,18,0.223615,489.741,395.461,0
574,9.576233,25,0.155879,603.285,183.233,1
574,9.576233,24,0.180260,638.876,348.870,1
575,9.592917,18,0.223615,489.537,404.073,0
575,9.592917,25,0.445630,602.786,175.564,1
575,9.592917,24,0.685922,637.466,347.421,1
576,9.609600,18,0.223615,489.332,412.685,0
576,9.609600,25,0.439702,602.490,171.008,1
576,9.609600,24,0.692813,636.756,346.575,1
577,9.626283,18,0.279444,489.256,426.393,1
577,9.626283,25,0.392446,601.892,163.891,1
577,9.626283,24,0.840870,633.865,345.583,1
578,9.642967,18,0.258508,489.238,434.771,1
578,9.642967,25,0.422307,601.543,159.776,1
578,9.642967,24,0.825488,632.068,345.043,1
579,9.659650,18,0.258508,489.108,444.314,0
579,9.659650,25,0.736447,601.025,152.529,1
579,9.659650,24,0.717268,630.355,344.815,1
580,9.676333,18,0.258508,488.978,453.857,0
580,9.676333,25,0.696427,600.736,148.246,1
580,9.676333,24,0.722715,629.428,344.794,1
581,9.693017,18,0.368514,488.816,467.733,1
581,9.693017,25,0.611873,600.306,141.258,1
581,9.693017,24,0.355649,628.800,344.722,1
582,9.709700,18,0.339058,488.712,476.089,1
582,9.709700,25,0.605714,599.998,137.172,1
582,9.709700,24,0.362118,628.584,344.754,1
583,9.726383,18,0.339058,488.583,486.162,0
583,9.726383,25,0.525267,599.337,131.060,1
583,9.726383,24,0.221632,628.400,344.513,1
584,9.743067,18,0.339058,488.453,496.235,0
584,9.743067,25,0.534735,598.936,127.569,1
584,9.743067,24,0.223291,628.446,344.406,1
585,9.759750,18,0.339058,488.324,506.307,0
585,9.759750,25,0.425315,598.438,121.417,1
585,9.759750,24,0.223291,627.864,344.163,0
586,9.776433,25,0.481089,598.149,117.703,1
586,9.776433,24,0.223291,627.283,343.920,0
587,9.793117,25,0.518642,597.356,111.860,1
587,9.793117,24,0.223291,626.702,343.677,0
588,9.809800,25,0.488500,596.827,108.473,1
588,9.809800,24,0.223291,626.120,343.434,0
589,9.826483,25,0.409143,596.092,102.925,1
589,9.826483,24,0.259522,626.229,343.498,1
590,9.843167,25,0.354146,595.667,99.701,1
590,9.843167,24,0.291967,626.392,343.550,1
591,9.859850,25,0.485612,595.172,94.426,1
591,9.859850,24,0.314528,626.274,343.210,1
591,9.859850,26,0.555542,487.008,515.853,1
592,9.876533,25,0.470195,594.903,91.381,1
592,9.876533,24,0.296569,626.228,342.985,1
592,9.876533,26,0.542014,486.192,517.010,1
593,9.893217,25,0.662691,594.368,86.346,1
593,9.893217,24,0.489145,626.029,342.569,1
593,9.893217,26,0.547642,483.666,519.723,1
594,9.909900,25,0.661782,594.060,83.395,1
594,9.909900,24,0.520508,625.911,342.304,1
594,9.909900,26,0.562218,482.155,521.329,1
595,9.926583,25,0.410925,593.592,78.604,1
595,9.926583,24,0.151198,625.698,341.709,1
595,9.926583,26,0.410664,479.506,524.454,1
596,9.943267,25,0.395832,593.379,75.831,1
596,9.943267,24,0.154790,625.571,341.327,1
596,9.943267,26,0.415080,477.965,526.278,1
597,9.959950,25,0.623190,592.960,71.225,1
597,9.959950,24,0.271487,625.496,340.724,1
597,9.959950,26,0.338215,475.600,528.993,1
598,9.976633,25,0.599063,592.723,68.556,1
598,9.976633,24,0.240725,625.463,340.348,1
598,9.976633,26,0.305123,474.199,530.558,1
599,9.993317,25,0.523364,592.227,64.386,1
599,9.993317,24,0.240725,625.352,339.941,0
599,9.993317,26,0.305123,472.476,532.539,0
600,10.010000,25,0.586834,591.913,61.893,1
600,10.010000,24,0.240725,625.241,339.533,0
600,10.010000,26,0.305123,470.753,534.519,0
601,10.026683,25,0.330882,591.165,58.421,1
601,10.026683,24,0.240725,625.130,339.126,0
601,10.026683,26,0.305123,469.030,536.500,0
602,10.043367,25,0.325363,590.704,56.457,1
602,10.043367,24,0.240725,625.019,338.718,0
602,10.043367,26,0.305123,467.307,538.481,0
603,10.060050,25,0.405719,589.909,52.779,1
603,10.060050,24,0.160515,624.334,338.480,1
603,10.060050,26,0.305123,465.583,540.461,0
604,10.076733,25,0.391810,589.407,50.639,1
604,10.076733,24,0.174971,623.875,338.416,1
605,10.093417,25,0.457592,588.780,47.338,1
605,10.093417,24,0.174971,623.560,338.132,0
606,10.110100,25,0.450214,588.418,45.449,1
606,10.110100,24,0.174971,623.245,337.849,0
607,10.126783,25,0.558433,587.859,42.560,1
607,10.126783,24,0.243448,622.723,336.326,1
608,10.143467,25,0.562105,587.544,40.929,1
608,10.143467,24,0.234817,622.406,335.305,1
609,10.160150,25,0.399960,587.084,38.157,1
609,10.160150,24,0.234817,622.050,334.584,0
610,10.176833,25,0.430714,586.834,36.565,1
610,10.176833,24,0.234817,621.694,333.863,0
611,10.193517,25,0.560636,586.457,34.268,1
611,10.193517,24,0.234817,621.338,333.142,0
612,10.210200,25,0.559489,586.246,32.998,1
613,10.226883,25,0.753313,585.812,31.099,1
613,10.226883,27,0.234340,448.549,546.365,1
614,10.243567,25,0.749018,585.554,30.064,1
614,10.243567,27,0.235630,447.747,546.451,1
615,10.260250,25,0.668672,584.868,28.504,1
615,10.260250,27,0.175397,446.032,546.144,1
616,10.276933,25,0.679908,584.435,27.662,1
616,10.276933,27,0.188610,445.027,545.941,1
617,10.293617,25,0.737339,583.795,26.604,1
617,10.293617,27,0.190027,443.041,545.398,1
618,10.310300,25,0.737952,583.413,26.075,1
618,10.310300,27,0.183424,441.882,545.061,1
619,10.326983,25,0.798396,582.704,25.410,1
619,10.326983,27,0.258050,439.903,543.889,1
620,10.343667,25,0.799549,582.277,25.113,1
620,10.343667,27,0.254542,438.725,543.133,1
621,10.360350,25,0.791456,581.497,24.723,1
621,10.360350,27,0.429807,437.037,541.305,1
622,10.377033,25,0.789502,581.030,24.483,1
622,10.377033,27,0.441813,436.053,540.105,1
623,10.393717,25,0.770701,580.452,24.366,1
623,10.393717,27,0.488155,434.869,537.702,1
624,10.410400,25,0.778847,580.217,24.358,1
624,10.410400,27,0.503385,434.234,536.156,1
625,10.427083,25,0.746270,579.674,24.435,1
625,10.427083,27,0.477951,433.106,532.748,1
626,10.443767,25,0.741881,579.349,24.534,1
626,10.443767,27,0.476702,432.477,530.562,1
627,10.460450,25,0.676208,578.767,24.620,1
627,10.460450,27,0.189371,431.287,526.956,1
628,10.477133,25,0.668722,578.426,24.705,1
628,10.477133,27,0.188753,430.598,524.718,1
629,10.493817,25,0.638013,577.817,25.088,1
629,10.493817,27,0.188753,429.650,522.339,0
630,10.510500,25,0.644058,577.457,25.372,1
630,10.510500,27,0.188753,428.701,519.960,0
631,10.527183,25,0.790188,576.905,25.908,1
631,10.527183,27,0.802286,427.458,513.763,1
631,10.527183,28,0.861095,619.343,313.100,1
632,10.543867,25,0.797340,576.588,26.266,1
632,10.543867,27,0.798608,426.722,509.752,1
632,10.543867,28,0.860369,618.209,312.937,1
633,10.560550,25,0.777926,575.940,27.117,1
633,10.560550,27,0.748908,425.662,502.623,1
633,10.560550,28,0.616496,617.429,312.714,1
634,10.577233,25,0.775611,575.545,27.676,1
634,10.577233,27,0.741297,425.049,498.136,1
634,10.577233,28,0.346129,617.033,312.592,1
635,10.593917,25,0.766132,574.965,28.869,1
635,10.593917,27,0.729482,423.959,490.882,1
635,10.593917,28,0.816751,616.356,312.508,1
636,10.610600,25,0.735170,574.588,29.641,1
636,10.610600,27,0.713348,423.331,486.469,1
636,10.610600,28,0.809988,615.992,312.466,1
637,10.627283,25,0.781828,573.988,31.152,1
637,10.627283,27,0.337120,421.861,478.487,1
637,10.627283,28,0.857526,615.564,312.777,1
638,10.643967,25,0.788241,573.625,32.112,1
638,10.643967,27,0.503265,420.968,473.447,1
638,10.643967,28,0.859842,615.351,313.003,1
639,10.660650,25,0.362911,573.097,34.275,1
639,10.660650,27,0.781022,419.629,464.780,1
639,10.660650,28,0.843792,615.144,313.590,1
640,10.677333,25,0.217360,572.735,35.700,1
640,10.677333,27,0.778588,418.814,459.508,1
640,10.677333,28,0.842311,615.068,313.984,1
641,10.694017,25,0.802144,571.991,38.155,1
641,10.694017,27,0.767471,418.173,449.903,1
641,10.694017,28,0.804674,614.814,315.077,1
642,10.710700,25,0.819645,571.532,39.680,1
642,10.710700,27,0.769413,417.897,444.049,1
642,10.710700,28,0.802383,614.678,315.805,1
643,10.727383,25,0.819762,571.084,42.690,1
643,10.727383,27,0.845023,417.561,433.754,1
643,10.727383,28,0.821467,614.480,317.341,1
644,10.744067,25,0.806039,570.839,44.586,1
644,10.744067,27,0.844311,417.431,427.511,1
644,10.744067,28,0.816821,614.390,318.341,1
645,10.760750,25,0.914259,570.426,47.965,1
645,10.760750,27,0.816378,417.382,417.251,1
645,10.760750,28,0.816478,614.151,320.159,1
646,10.777433,25,0.913227,570.190,50.050,1
646,10.777433,27,0.819318,417.424,411.118,1
646,10.777433,28,0.817673,614.014,321.316,1
647,10.794117,25,0.894106,569.621,53.849,1
647,10.794117,27,0.790673,417.499,400.748,1
647,10.794117,28,0.790296,613.789,323.134,1
648,10.810800,25,0.881973,569.235,56.189,1
648,10.810800,27,0.790645,417.586,394.555,1
648,10.810800,28,0.788571,613.660,324.245,1
649,10.827483,25,0.845363,568.536,60.213,1
649,10.827483,27,0.835062,417.750,384.209,1
649,10.827483,28,0.768391,613.413,326.417,1
650,10.844167,25,0.845778,568.131,62.672,1
650,10.844167,27,0.841195,417.883,378.111,1
650,10.844167,28,0.778566,613.265,327.761,1
651,10.860850,25,0.885005,567.410,67.046,1
651,10.860850,27,0.875406,417.870,368.331,1
651,10.860850,28,0.823712,612.992,330.400,1
652,10.877533,25,0.883516,566.949,69.722,1
652,10.877533,27,0.874960,417.859,362.609,1
652,10.877533,28,0.818247,612.912,331.992,1
653,10.894217,25,0.802088,566.460,74.648,1
653,10.894217,27,0.727693,418.093,353.670,1
653,10.894217,28,0.645261,612.777,334.859,1
653,10.894217,29,0.163642,57.890,674.795,1
654,10.910900,25,0.789242,566.190,77.659,1
654,10.910900,27,0.734129,418.257,348.505,1
654,10.910900,28,0.652978,612.705,336.617,1
654,10.910900,29,0.162624,57.886,674.730,1
655,10.927583,25,0.864709,565.775,82.497,1
655,10.927583,27,0.812542,418.469,340.019,1
655,10.927583,28,0.760453,612.321,339.554,1
655,10.927583,29,0.152728,57.888,674.704,1
656,10.944267,25,0.861368,565.533,85.359,1
656,10.944267,27,0.814461,418.607,335.111,1
656,10.944267,28,0.766735,612.076,341.333,1
656,10.944267,29,0.155112,57.885,674.694,1
657,10.960950,25,0.902183,564.911,90.820,1
657,10.960950,27,0.410876,418.624,326.343,1
657,10.960950,28,0.899393,611.696,344.624,1
657,10.960950,29,0.159545,57.880,674.692,1
658,10.977633,25,0.898709,564.562,94.142,1
658,10.977633,27,0.578270,418.628,321.161,1
658,10.977633,28,0.903459,611.429,346.647,1
658,10.977633,29,0.154645,57.874,674.695,1
659,10.994317,25,0.892797,563.984,100.109,1
659,10.994317,27,0.808893,418.525,312.346,1
659,10.994317,28,0.772214,611.107,350.451,1
659,10.994317,29,0.154645,57.873,674.676,0
660,11.011000,25,0.892981,563.655,103.730,1
660,11.011000,27,0.812214,418.426,307.148,1
660,11.011000,28,0.774466,610.927,352.789,1
660,11.011000,29,0.154645,57.872,674.658,0
661,11.027683,25,0.914262,563.110,109.787,1
661,11.027683,27,0.819483,418.411,298.842,1
661,11.027683,28,0.862614,610.742,356.850,1
661,11.027683,29,0.154645,57.871,674.640,0
662,11.044367,25,0.913990,562.801,113.427,1
662,11.044367,27,0.822425,418.402,294.019,1
662,11.044367,28,0.864879,610.651,359.319,1
662,11.044367,29,0.154645,57.870,674.621,0
663,11.061050,25,0.846644,562.205,120.203,1
663,11.061050,27,0.833758,418.492,285.770,1
663,11.061050,28,0.721383,610.344,363.570,1
663,11.061050,29,0.154645,57.869,674.603,0
664,11.077733,25,0.853763,561.848,124.335,1
664,11.077733,27,0.835707,418.554,280.940,1
664,11.077733,28,0.725241,610.157,366.140,1
665,11.094417,25,0.888280,561.388,131.116,1
665,11.094417,27,0.520677,418.613,273.276,1
665,11.094417,28,0.503522,609.788,370.486,1
666,11.111100,25,0.885170,561.133,135.177,1
666,11.111100,27,0.498523,418.649,268.839,1
666,11.111100,28,0.421350,609.566,373.093,1
667,11.127783,25,0.862091,560.548,142.508,1
667,11.127783,27,0.831660,418.712,261.395,1
667,11.127783,28,0.759897,609.345,377.991,1
668,11.144467,25,0.849124,560.159,146.922,1
668,11.144467,27,0.831166,418.739,257.054,1
668,11.144467,28,0.763429,609.229,380.961,1
669,11.161150,25,0.481238,559.553,154.733,1
669,11.161150,27,0.725680,418.648,249.802,1
669,11.161150,28,0.349673,609.109,385.947,1
670,11.177833,25,0.484235,559.209,159.449,1
670,11.177833,27,0.726433,418.575,245.579,1
670,11.177833,28,0.347315,609.054,388.946,1
671,11.194517,25,0.243157,558.703,167.820,1
671,11.194517,27,0.433447,418.606,238.630,1
671,11.194517,28,0.347315,608.904,392.583,0
672,11.211200,25,0.281959,558.423,172.839,1
672,11.211200,27,0.350536,418.682,234.539,1
672,11.211200,28,0.347315,608.755,396.219,0
673,11.227883,25,0.496794,557.935,181.404,1
673,11.227883,27,0.658486,418.749,227.917,1
673,11.227883,28,0.178627,608.425,402.299,1
674,11.244567,25,0.525694,557.661,186.537,1
674,11.244567,27,0.596288,418.786,224.082,1
674,11.244567,28,0.197494,608.219,406.043,1
675,11.261250,25,0.200993,557.257,195.132,1
675,11.261250,27,0.158108,418.892,217.772,1
675,11.261250,28,0.150721,608.115,412.184,1
676,11.277933,25,0.246157,557.031,200.253,1
676,11.277933,27,0.699074,419.040,214.074,1
676,11.277933,28,0.165567,608.066,415.895,1
677,11.294617,25,0.246157,556.682,206.672,0
677,11.294617,27,0.408906,419.132,207.857,1
677,11.294617,28,0.286350,607.784,422.267,1
678,11.311300,25,0.246157,556.333,213.091,0
678,11.311300,27,0.415313,419.184,204.232,1
678,11.311300,28,0.295105,607.606,426.099,1
679,11.327983,25,0.246157,555.984,219.511,0
679,11.327983,27,0.160247,419.337,198.386,1
679,11.327983,28,0.327737,607.504,432.691,1
680,11.344667,25,0.246157,555.635,225.930,0
680,11.344667,27,0.162216,419.456,195.008,1
680,11.344667,28,0.339267,607.459,436.604,1
681,11.361350,25,0.246157,555.286,232.349,0
681,11.361350,27,0.162216,419.557,190.322,0
681,11.361350,28,0.397448,607.178,443.838,1
682,11.378033,27,0.162216,419.658,185.636,0
682,11.378033,28,0.412294,607.000,448.214,1
683,11.394717,27,0.331356,419.824,180.777,1
683,11.394717,28,0.561559,606.839,455.305,1
684,11.411400,27,0.326508,419.930,178.050,1
684,11.411400,28,0.569612,606.749,459.528,1
685,11.428083,27,0.660974,420.197,173.687,1
685,11.428083,28,0.497231,606.455,467.011,1
685,11.428083,30,0.527592,553.165,269.564,1
686,11.444767,27,0.664276,420.360,171.243,1
686,11.444767,28,0.493069,606.268,471.496,1
686,11.444767,30,0.517360,552.744,275.019,1
687,11.461450,27,0.547809,420.414,167.256,1
687,11.461450,28,0.493069,606.081,477.004,0
687,11.461450,30,0.671763,552.162,287.360,1
688,11.478133,27,0.584632,420.432,165.000,1
688,11.478133,28,0.493069,605.895,482.512,0
688,11.478133,30,0.659774,551.823,294.601,1
689,11.494817,27,0.845670,420.540,160.940,1
689,11.494817,28,0.493069,605.708,488.020,0
689,11.494817,30,0.658039,551.151,307.294,1
690,11.511500,27,0.854024,420.582,158.579,1
690,11.511500,28,0.493069,605.521,493.528,0
690,11.511500,30,0.653395,550.765,314.625,1
691,11.528183,27,0.805339,420.634,154.698,1
691,11.528183,28,0.279269,605.041,502.135,1
691,11.528183,30,0.574355,549.818,326.532,1
691,11.528183,31,0.186183,57.889,674.792,1
692,11.544867,27,0.800591,420.645,152.457,1
692,11.544867,28,0.271339,604.732,507.361,1
692,11.544867,30,0.647538,549.236,333.513,1
692,11.544867,31,0.191032,57.899,674.794,1
693,11.561550,27,0.813663,420.815,148.777,1
693,11.561550,28,0.453427,604.264,516.155,1
693,11.561550,30,0.752053,548.721,345.592,1
693,11.561550,31,0.182193,57.898,674.850,1
694,11.578233,27,0.805387,420.923,146.648,1
694,11.578233,28,0.431412,603.977,521.445,1
694,11.578233,30,0.734202,548.443,352.784,1
694,11.578233,31,0.183941,57.896,674.893,1
695,11.594917,27,0.807170,421.157,143.525,1
695,11.594917,28,0.450333,603.675,530.324,1
695,11.594917,30,0.818569,548.126,365.718,1
695,11.594917,31,0.176491,57.899,674.955,1
696,11.611600,27,0.814024,421.338,141.762,1
696,11.611600,28,0.460384,603.513,535.631,1
696,11.611600,30,0.820953,547.976,373.498,1
696,11.611600,31,0.179706,57.900,675.004,1
697,11.628283,27,0.790867,421.575,138.840,1
697,11.628283,28,0.275350,603.346,544.442,1
697,11.628283,30,0.748022,548.302,383.707,1
697,11.628283,31,0.184744,57.899,675.023,1
698,11.644967,27,0.790398,421.714,137.185,1
698,11.644967,28,0.275081,603.272,549.665,1
698,11.644967,30,0.753483,548.575,389.512,1
698,11.644967,31,0.181081,57.897,675.031,1
699,11.661650,27,0.580126,421.749,134.629,1
699,11.661650,28,0.520053,602.641,558.691,1
699,11.661650,30,0.542241,549.510,397.352,1
699,11.661650,31,0.169562,57.892,675.021,1
700,11.678333,27,0.592071,421.753,133.175,1
700,11.678333,28,0.513634,602.227,564.058,1
700,11.678333,30,0.549215,550.181,401.597,1
700,11.678333,31,0.168243,57.875,675.002,1
701,11.695017,27,0.676330,422.111,130.645,1
701,11.695017,28,0.654201,602.105,572.161,1
701,11.695017,30,0.572898,551.727,408.477,1
701,11.695017,31,0.158124,57.845,674.983,1
702,11.711700,27,0.694386,422.281,129.191,1
702,11.711700,28,0.652243,602.072,576.860,1
702,11.711700,30,0.573016,552.768,412.242,1
702,11.711700,31,0.155266,57.817,674.948,1
703,11.728383,27,0.242469,422.319,127.317,1
703,11.728383,28,0.652243,601.856,583.343,0
703,11.728383,30,0.188269,554.009,419.319,1
703,11.728383,31,0.155266,57.801,674.939,0
704,11.745067,27,0.263771,422.312,126.260,1
704,11.745067,28,0.652243,601.639,589.826,0
704,11.745067,30,0.207963,554.769,423.372,1
704,11.745067,31,0.155266,57.785,674.930,0
705,11.761750,27,0.263771,422.407,124.497,0
705,11.761750,28,0.173471,600.169,588.634,1
705,11.761750,30,0.171744,555.889,430.972,1
705,11.761750,31,0.155266,57.770,674.921,0
706,11.778433,27,0.221439,422.484,123.689,1
706,11.778433,28,0.177619,599.167,586.839,1
706,11.778433,30,0.177243,556.548,435.487,1
706,11.778433,31,0.155266,57.754,674.912,0
707,11.795117,27,0.282388,422.694,122.537,1
707,11.795117,28,0.372507,597.520,586.102,1
707,11.795117,30,0.316858,557.881,443.377,1
707,11.795117,31,0.155266,57.738,674.904,0
708,11.811800,27,0.298587,422.850,121.944,1
708,11.811800,28,0.388284,596.458,585.178,1
708,11.811800,30,0.330389,558.698,448.060,1
709,11.828483,27,0.384008,423.076,121.066,1
709,11.828483,28,0.398925,594.487,585.245,1
709,11.828483,30,0.396295,560.371,455.927,1
710,11.845167,27,0.313097,423.289,120.629,1
710,11.845167,28,0.390525,593.243,585.129,1
710,11.845167,30,0.375643,561.289,460.521,1
711,11.861850,27,0.271765,423.523,119.807,1
711,11.861850,28,0.360211,591.128,586.907,1
711,11.861850,30,0.760241,563.304,468.252,1
712,11.878533,27,0.271765,423.710,118.903,0
712,11.878533,28,0.362662,589.824,588.068,1
712,11.878533,30,0.765981,564.566,472.818,1
713,11.895217,27,0.271765,423.898,118.000,0
713,11.895217,28,0.218905,587.911,591.000,1
713,11.895217,30,0.657526,567.529,480.326,1
714,11.911900,27,0.271765,424.086,117.096,0
714,11.911900,28,0.223682,586.775,592.919,1
714,11.911900,30,0.655264,569.420,484.732,1
715,11.928583,27,0.283604,424.188,117.828,1
715,11.928583,28,0.310261,585.362,596.122,1
715,11.928583,30,0.550225,572.127,491.504,1
716,11.945267,27,0.266298,424.356,118.481,1
716,11.945267,28,0.307786,584.576,598.140,1
716,11.945267,30,0.540069,573.766,495.408,1
717,11.961950,27,0.160721,424.564,119.153,1
717,11.961950,28,0.307786,583.313,600.166,0
717,11.961950,30,0.211233,577.050,502.664,1
718,11.978633,27,0.160721,424.741,119.205,0
718,11.978633,28,0.307786,582.050,602.192,0
718,11.978633,30,0.214282,579.090,506.971,1
719,11.995317,27,0.264768,425.024,120.387,1
719,11.995317,28,0.307786,580.787,604.217,0
719,11.995317,30,0.192964,581.264,513.119,1
720,12.012000,27,0.270012,425.206,121.220,1
720,12.012000,28,0.307786,579.524,606.243,0
720,12.012000,30,0.270820,582.291,517.217,1
721,12.028683,27,0.363156,425.322,122.369,1
721,12.028683,28,0.307786,578.261,608.269,0
721,12.028683,30,0.168520,584.730,523.801,1
722,12.045367,27,0.389473,425.404,123.095,1
722,12.045367,30,0.189912,586.164,527.655,1
723,12.062050,27,0.206884,425.691,124.316,1
723,12.062050,30,0.189912,588.043,532.805,0
724,12.078733,27,0.234463,425.905,125.067,1
724,12.078733,30,0.189912,589.921,537.955,0
725,12.095417,27,0.405113,426.133,126.632,1
725,12.095417,30,0.478341,592.028,544.308,1
726,12.112100,27,0.412782,426.270,127.614,1
726,12.112100,30,0.483567,593.221,548.006,1
727,12.128783,27,0.432156,426.595,129.546,1
727,12.128783,30,0.483567,594.962,553.005,0
728,12.145467,27,0.441784,426.792,130.763,1
728,12.145467,30,0.483567,596.703,558.004,0
729,12.162150,27,0.646504,426.898,133.067,1
729,12.162150,30,0.193150,599.395,562.043,1
729,12.162150,32,0.176312,569.224,641.376,1
730,12.178833,27,0.627656,426.941,134.526,1
730,12.178833,30,0.172493,601.032,564.143,1
730,12.178833,32,0.173766,567.782,643.016,1
731,12.195517,27,0.677736,427.165,137.238,1
731,12.195517,30,0.344758,603.323,568.452,1
731,12.195517,32,0.211982,565.313,647.454,1
732,12.212200,27,0.664259,427.291,138.920,1
732,12.212200,30,0.333954,604.648,570.878,1
732,12.212200,32,0.210643,563.873,650.092,1
733,12.228883,27,0.423531,427.431,142.088,1
733,12.228883,30,0.800306,606.905,573.998,1
733,12.228883,32,0.534364,561.173,653.844,1
734,12.245567,27,0.336569,427.507,144.056,1
734,12.245567,30,0.800514,608.223,575.650,1
734,12.245567,32,0.542036,559.613,655.963,1
735,12.262250,27,0.629827,427.960,147.294,1
735,12.262250,30,0.577932,610.005,578.621,1
735,12.262250,32,0.161401,556.699,659.324,1
736,12.278933,27,0.540777,428.276,149.306,1
736,12.278933,30,0.573649,610.999,580.276,1
736,12.278933,32,0.161401,554.643,662.110,0
737,12.295617,27,0.625447,428.747,152.947,1
737,12.295617,30,0.622098,612.572,583.179,1
737,12.295617,32,0.161401,552.587,664.896,0
738,12.312300,27,0.596663,429.007,155.169,1
738,12.312300,30,0.627146,613.447,584.842,1
738,12.312300,32,0.161401,550.530,667.682,0
739,12.328983,27,0.463529,429.627,159.123,1
739,12.328983,30,0.502752,615.071,586.273,1
739,12.328983,32,0.229356,548.931,667.094,1
740,12.345667,27,0.455691,430.018,161.507,1
740,12.345667,30,0.508053,616.011,586.920,1
740,12.345667,32,0.220782,548.127,666.319,1
741,12.362350,27,0.269001,430.191,165.957,1
741,12.362350,30,0.492580,617.610,588.474,1
741,12.362350,32,0.316873,545.910,665.326,1
742,12.379033,27,0.271295,430.262,168.678,1
742,12.379033,30,0.500482,618.544,589.269,1
742,12.379033,32,0.337214,544.591,664.472,1
743,12.395717,27,0.402840,430.622,173.367,1
743,12.395717,30,0.562573,619.724,589.950,1
743,12.395717,32,0.348730,542.660,663.196,1
744,12.412400,27,0.369135,430.833,176.205,1
744,12.412400,30,0.560696,620.366,590.201,1
744,12.412400,32,0.349620,541.540,662.255,1
745,12.429083,27,0.533927,431.125,181.145,1
745,12.429083,30,0.431739,621.455,589.400,1
745,12.429083,32,0.451536,540.057,659.282,1
746,12.445767,27,0.555911,431.285,184.105,1
746,12.445767,30,0.433110,622.061,588.693,1
746,12.445767,32,0.451996,539.248,657.247,1
747,12.462450,27,0.580995,431.467,189.424,1
747,12.462450,30,0.437867,623.157,587.036,1
747,12.462450,32,0.313287,537.545,654.033,1
748,12.479133,27,0.572017,431.559,192.637,1
748,12.479133,30,0.434900,623.786,585.839,1
748,12.479133,32,0.317622,536.524,651.951,1
749,12.495817,27,0.502303,431.962,198.248,1
749,12.495817,30,0.618016,624.995,583.853,1
749,12.495817,32,0.298971,535.148,647.057,1
750,12.512500,27,0.362963,432.157,201.570,1
750,12.512500,30,0.534662,625.695,582.646,1
750,12.512500,32,0.221326,534.418,643.925,1
751,12.529183,27,0.416002,432.539,207.698,1
751,12.529183,30,0.312924,626.591,579.199,1
751,12.529183,32,0.281429,533.110,638.126,1
752,12.545867,27,0.444810,432.764,211.427,1
752,12.545867,30,0.416228,627.088,576.922,1
752,12.545867,32,0.286773,532.368,634.477,1
753,12.562550,27,0.199336,433.134,217.720,1
753,12.562550,30,0.601661,627.711,573.340,1
753,12.562550,32,0.286773,531.279,630.863,0
754,12.579233,27,0.238726,433.348,221.450,1
754,12.579233,30,0.614221,628.034,571.086,1
754,12.579233,32,0.286773,530.189,627.249,0
755,12.595917,27,0.428457,433.628,228.383,1
755,12.595917,30,0.650785,628.405,565.804,1
755,12.595917,32,0.182705,529.432,617.776,1
756,12.612600,27,0.443682,433.776,232.588,1
756,12.612600,30,0.652663,628.571,562.423,1
756,12.612600,32,0.188216,529.053,611.638,1
757,12.629283,27,0.549526,434.321,239.517,1
757,12.629283,30,0.308475,628.558,556.556,1
757,12.629283,32,0.266028,528.146,600.978,1
758,12.645967,27,0.542799,434.678,243.692,1
758,12.645967,30,0.239212,628.488,553.084,1
758,12.645967,32,0.278769,527.626,594.274,1
759,12.662650,27,0.316636,435.291,251.093,1
759,12.662650,30,0.545573,628.270,545.513,1
759,12.662650,32,0.268907,526.816,583.695,1
760,12.679333,27,0.387154,435.679,255.504,1
760,12.679333,30,0.526528,628.076,540.718,1
760,12.679333,32,0.245400,526.369,577.259,1
761,12.696017,27,0.502675,436.274,262.926,1
761,12.696017,30,0.209180,627.338,533.882,1
761,12.696017,32,0.165284,525.422,566.181,1
762,12.712700,27,0.452544,436.650,267.374,1
762,12.712700,30,0.572455,626.840,528.198,1
762,12.712700,32,0.169040,524.960,559.391,1
763,12.729383,27,0.643987,436.940,275.265,1
763,12.729383,30,0.189283,625.365,521.649,1
763,12.729383,32,0.197977,524.572,549.436,1
763,12.729383,33,0.539322,625.159,522.813,1
764,12.746067,27,0.621766,437.088,279.997,1
764,12.746067,30,0.538541,624.475,515.971,1
764,12.746067,32,0.211459,524.386,543.655,1
764,12.746067,33,0.171750,624.309,520.560,1
765,12.762750,27,0.730218,437.567,288.264,1
765,12.762750,30,0.376657,622.875,509.808,1
765,12.762750,32,0.564396,524.747,530.718,1
765,12.762750,33,0.586546,622.731,513.425,1
766,12.779433,27,0.525364,437.866,293.255,1
766,12.779433,30,0.621874,621.874,506.161,1
766,12.779433,32,0.537211,525.028,522.798,1
766,12.779433,33,0.298291,621.775,509.519,1
767,12.796117,27,0.394214,438.296,301.966,1
767,12.796117,30,0.621874,620.938,500.911,0
767,12.796117,32,0.316510,525.575,508.719,1
767,12.796117,33,0.298291,620.872,505.725,0
768,12.812800,27,0.361694,438.545,307.203,1
768,12.812800,30,0.621874,620.002,495.660,0
768,12.812800,32,0.303799,526.012,500.107,1
768,12.812800,33,0.298291,619.968,501.931,0
769,12.829483,27,0.435481,438.862,316.322,1
769,12.829483,30,0.621874,619.065,490.410,0
769,12.829483,32,0.303799,526.170,490.316,0
769,12.829483,33,0.298291,619.064,498.136,0
770,12.846167,27,0.438534,439.040,321.797,1
770,12.846167,30,0.621874,618.129,485.159,0
770,12.846167,32,0.303799,526.327,480.525,0
770,12.846167,33,0.298291,618.161,494.342,0
771,12.862850,27,0.438534,439.332,328.458,0
771,12.862850,30,0.621874,617.193,479.909,0
771,12.862850,32,0.319974,527.336,468.394,1
771,12.862850,33,0.298291,617.257,490.548,0
772,12.879533,27,0.438534,439.624,335.119,0
772,12.879533,32,0.299205,528.013,461.272,1
773,12.896217,27,0.777069,440.589,351.891,1
773,12.896217,32,0.796672,529.261,440.888,1
774,12.912900,27,0.840906,441.821,377.392,1
774,12.912900,32,0.339534,530.681,412.715,1
775,12.929583,27,0.791708,443.238,409.575,1
775,12.929583,32,0.822370,532.433,379.134,1
775,12.929583,34,0.694816,598.887,438.810,1
776,12.946267,27,0.696813,444.671,446.518,1
776,12.946267,32,0.803816,534.443,343.678,1
776,12.946267,34,0.743534,593.867,426.787,1
777,12.962950,27,0.216369,446.324,486.914,1
777,12.962950,32,0.769492,536.126,307.775,1
777,12.962950,34,0.695601,588.097,414.276,1
778,12.979633,27,0.721527,448.302,530.103,1
778,12.979633,32,0.665442,537.895,272.067,1
778,12.979633,34,0.661064,582.028,403.183,1
779,12.996317,27,0.712168,450.091,574.692,1
779,12.996317,32,0.688145,539.455,238.162,1
779,12.996317,34,0.770688,576.188,394.206,1
780,13.013000,27,0.550073,446.957,615.803,1
780,13.013000,32,0.187824,540.826,205.919,1
780,13.013000,34,0.751614,571.077,387.158,1
781,13.029683,27,0.550073,447.229,652.666,0
781,13.029683,32,0.675040,542.221,176.568,1
781,13.029683,34,0.184343,566.578,382.644,1
782,13.046367,27,0.550073,447.500,689.530,0
782,13.046367,32,0.766759,543.523,149.560,1
782,13.046367,34,0.184343,561.772,375.096,0
783,13.063050,27,0.550073,447.771,726.394,0
783,13.063050,32,0.640734,545.051,124.975,1
783,13.063050,34,0.184343,556.966,367.549,0
784,13.079733,27,0.550073,448.043,763.258,0
784,13.079733,32,0.775069,546.346,102.729,1
784,13.079733,34,0.184343,552.160,360.002,0
784,13.079733,35,0.242900,416.734,646.043,1
785,13.096417,27,0.550073,448.314,800.121,0
785,13.096417,32,0.466868,547.323,82.637,1
785,13.096417,34,0.184343,547.354,352.455,0
785,13.096417,35,0.157564,412.541,649.201,1
786,13.113100,32,0.717869,548.309,64.639,1
786,13.113100,34,0.184343,542.548,344.907,0
786,13.113100,35,0.248356,407.995,649.967,1
787,13.129783,32,0.608677,549.681,48.931,1
787,13.129783,35,0.213036,404.729,649.635,1
788,13.146467,32,0.691132,551.024,34.748,1
788,13.146467,35,0.229980,402.229,646.837,1
789,13.163150,32,0.528592,552.661,22.614,1
789,13.163150,35,0.543074,399.239,642.914,1
790,13.179833,32,0.729444,554.111,13.746,1
790,13.179833,35,0.649485,396.432,637.251,1
791,13.196517,32,0.456452,555.488,8.348,1
791,13.196517,35,0.532893,393.263,630.267,1
792,13.213200,32,0.520417,556.910,5.432,1
792,13.213200,35,0.623627,389.870,621.430,1
793,13.229883,32,0.737203,558.357,4.267,1
793,13.229883,35,0.630029,385.869,610.832,1
794,13.246567,32,0.719784,559.996,4.427,1
794,13.246567,35,0.459236,382.060,597.845,1
795,13.263250,32,0.802426,561.712,5.720,1
795,13.263250,35,0.678111,377.754,582.404,1
796,13.279933,32,0.413306,563.335,8.244,1
796,13.279933,35,0.775628,373.499,564.103,1
797,13.296617,32,0.729427,565.262,11.550,1
797,13.296617,35,0.682721,370.258,541.849,1
797,13.296617,36,0.700655,588.052,340.116,1
798,13.313300,32,0.699553,567.093,15.743,1
798,13.313300,35,0.824276,367.418,514.259,1
798,13.313300,36,0.860036,587.339,340.468,1
799,13.329983,32,0.780967,569.091,21.102,1
799,13.329983,35,0.759711,365.985,481.355,1
799,13.329983,36,0.884727,586.603,342.633,1
800,13.346667,32,0.708625,571.109,29.066,1
800,13.346667,35,0.791010,366.102,443.220,1
800,13.346667,36,0.794478,585.837,346.952,1
801,13.363350,32,0.183377,572.976,40.641,1
801,13.363350,35,0.719960,366.875,404.499,1
801,13.363350,36,0.695600,584.922,353.482,1
802,13.380033,32,0.865679,574.884,55.459,1
802,13.380033,35,0.843055,368.731,367.411,1
802,13.380033,36,0.743148,583.954,361.608,1
803,13.396717,32,0.815234,577.004,73.422,1
803,13.396717,35,0.840961,370.938,331.605,1
803,13.396717,36,0.629156,583.082,371.738,1
804,13.413400,32,0.864397,579.431,94.228,1
804,13.413400,35,0.741104,373.743,297.401,1
804,13.413400,36,0.671440,582.076,384.096,1
805,13.430083,32,0.810501,581.648,117.485,1
805,13.430083,35,0.835059,376.457,264.852,1
805,13.430083,36,0.668603,580.958,398.111,1
806,13.446767,32,0.810501,583.752,133.488,0
806,13.446767,35,0.469667,379.231,234.753,1
806,13.446767,36,0.668603,580.035,407.469,0
807,13.463450,32,0.178707,586.791,165.809,1
807,13.463450,35,0.443243,382.582,207.764,1
807,13.463450,36,0.427250,578.463,428.021,1
808,13.480133,32,0.178707,589.144,186.143,0
808,13.480133,35,0.443243,384.761,176.936,0
808,13.480133,36,0.420002,577.184,450.123,1
809,13.496817,32,0.526573,591.814,225.835,1
809,13.496817,35,0.443243,386.939,146.108,0
809,13.496817,36,0.420002,576.041,465.033,0
810,13.513500,32,0.846008,594.678,267.051,1
810,13.513500,35,0.798098,391.358,129.838,1
810,13.513500,36,0.219831,574.749,492.767,1
811,13.530183,32,0.847803,597.313,309.544,1
811,13.530183,35,0.821331,395.665,114.716,1
811,13.530183,36,0.620153,573.914,521.591,1
812,13.546867,32,0.649304,599.931,353.305,1
812,13.546867,35,0.839066,400.309,100.856,1
812,13.546867,36,0.730223,572.879,549.877,1
813,13.563550,32,0.194452,604.286,397.198,1
813,13.563550,35,0.579627,404.899,87.744,1
813,13.563550,36,0.356877,573.480,570.641,1
814,13.580233,32,0.344195,611.020,435.440,1
814,13.580233,35,0.767708,409.528,76.071,1
814,13.580233,36,0.711188,576.340,586.014,1
815,13.596917,32,0.541217,620.271,467.877,1
815,13.596917,35,0.765267,413.778,66.143,1
815,13.596917,36,0.383946,580.986,597.407,1
816,13.613600,32,0.238030,631.256,495.108,1
816,13.613600,35,0.753225,418.024,57.958,1
816,13.613600,36,0.425418,584.926,606.810,1
817,13.630283,32,0.238030,638.151,529.208,0
817,13.630283,35,0.356206,422.043,51.792,1
817,13.630283,36,0.182391,585.609,616.642,1
818,13.646967,32,0.238030,645.045,563.308,0
818,13.646967,35,0.469604,426.375,47.629,1
818,13.646967,36,0.372913,583.505,626.879,1
819,13.663650,32,0.238030,651.939,597.408,0
819,13.663650,35,0.714305,430.396,45.263,1
819,13.663650,36,0.573069,582.429,635.415,1
820,13.680333,32,0.238030,658.834,631.508,0
820,13.680333,35,0.743031,434.338,45.023,1
820,13.680333,36,0.662921,582.648,641.996,1
821,13.697017,32,0.238030,665.728,665.608,0
821,13.697017,35,0.750973,438.413,46.973,1
821,13.697017,36,0.437846,583.188,647.473,1
821,13.697017,37,0.317265,664.689,562.941,1
822,13.713700,35,0.713156,442.645,51.106,1
822,13.713700,36,0.371574,582.790,651.696,1
822,13.713700,37,0.603623,667.970,573.798,1
823,13.730383,35,0.464482,446.626,57.389,1
823,13.730383,36,0.593581,581.627,653.553,1
823,13.730383,37,0.579169,671.412,581.831,1
824,13.747067,35,0.550112,450.659,65.888,1
824,13.747067,36,0.494360,580.545,651.671,1
824,13.747067,37,0.552719,674.699,585.611,1
825,13.763750,35,0.509222,454.558,76.470,1
825,13.763750,36,0.504076,580.151,645.066,1
825,13.763750,37,0.402931,677.392,584.570,1
826,13.780433,35,0.727761,458.761,89.562,1
826,13.780433,36,0.776962,579.948,633.068,1
826,13.780433,37,0.494938,679.345,578.311,1
827,13.797117,35,0.395027,462.827,104.662,1
827,13.797117,36,0.393760,579.733,614.158,1
827,13.797117,37,0.471321,681.329,566.145,1
828,13.813800,35,0.375001,466.812,121.794,1
828,13.813800,36,0.666922,578.992,587.980,1
828,13.813800,37,0.699109,682.457,549.585,1
829,13.830483,35,0.599496,470.817,140.833,1
829,13.830483,36,0.401038,577.809,557.030,1
829,13.830483,37,0.280608,682.851,528.673,1
830,13.847167,35,0.656285,474.836,162.142,1
830,13.847167,36,0.375732,577.086,519.016,1
830,13.847167,37,0.215857,680.574,505.313,1
831,13.863850,35,0.769487,478.758,185.997,1
831,13.863850,36,0.375732,576.427,496.498,0
831,13.863850,37,0.215857,681.143,491.779,0
832,13.880533,35,0.546836,482.643,211.750,1
832,13.880533,36,0.375732,575.767,473.980,0
832,13.880533,37,0.198916,675.245,467.250,1
833,13.897217,35,0.629989,486.779,239.847,1
833,13.897217,36,0.375732,575.108,451.462,0
833,13.897217,37,0.154152,669.285,444.793,1
834,13.913900,35,0.852629,491.062,269.635,1
834,13.913900,36,0.375732,574.448,428.943,0
834,13.913900,37,0.305725,663.751,425.054,1
834,13.913900,38,0.804350,582.837,359.833,1
835,13.930583,35,0.627238,495.514,301.777,1
835,13.930583,36,0.375732,573.789,406.425,0
835,13.930583,37,0.233504,658.423,408.310,1
835,13.930583,38,0.853265,583.793,327.183,1
836,13.947267,35,0.204519,499.739,335.863,1
836,13.947267,37,0.233504,654.623,390.283,0
836,13.947267,38,0.252886,585.081,290.646,1
837,13.963950,35,0.326240,503.662,371.556,1
837,13.963950,37,0.233504,650.823,372.255,0
837,13.963950,38,0.233638,586.120,253.452,1
838,13.980633,35,0.694081,507.912,409.330,1
838,13.980633,37,0.400936,646.378,368.380,1
838,13.980633,38,0.378742,587.378,218.076,1
839,13.997317,35,0.686846,512.268,449.165,1
839,13.997317,37,0.569845,642.479,366.696,1
839,13.997317,38,0.369256,588.373,185.674,1
840,14.014000,35,0.686846,516.477,483.435,0
840,14.014000,37,0.569845,638.527,355.766,0
840,14.014000,38,0.156193,589.100,155.198,1
841,14.030683,35,0.686846,520.686,517.704,0
841,14.030683,37,0.569845,634.575,344.836,0
841,14.030683,38,0.227474,589.522,127.341,1
842,14.047367,35,0.686846,524.895,551.973,0
842,14.047367,37,0.569845,630.623,333.906,0
842,14.047367,38,0.609339,589.760,102.035,1
843,14.064050,35,0.686846,529.104,586.242,0
843,14.064050,37,0.569845,626.671,322.976,0
843,14.064050,38,0.639039,589.937,79.304,1
844,14.080733,35,0.686846,533.314,620.512,0
844,14.080733,37,0.569845,622.719,312.046,0
844,14.080733,38,0.692243,590.028,59.377,1
845,14.097417,38,0.398498,590.039,41.628,1
846,14.114100,38,0.345085,590.083,26.149,1
847,14.130783,38,0.614306,590.145,13.857,1
848,14.147467,38,0.471682,590.163,5.624,1
849,14.164150,38,0.792119,590.078,0.608,1
850,14.180833,38,0.601462,590.434,-2.217,1
851,14.197517,38,0.525882,590.484,-3.264,1
852,14.214200,38,0.239071,590.668,-3.207,1
852,14.214200,39,0.192562,467.581,557.584,1
853,14.230883,38,0.326193,590.819,-2.058,1
853,14.230883,39,0.382365,463.079,551.270,1
854,14.247567,38,0.599551,591.004,-0.084,1
854,14.247567,39,0.473576,459.216,541.772,1
855,14.264250,38,0.521267,591.516,2.568,1
855,14.264250,39,0.757243,455.753,528.064,1
856,14.280933,38,0.759345,592.053,6.166,1
856,14.280933,39,0.657772,452.807,510.307,1
856,14.280933,40,0.603526,662.045,342.832,1
857,14.297617,38,0.784036,592.306,10.607,1
857,14.297617,39,0.299079,449.981,487.034,1
857,14.297617,40,0.743274,662.839,346.815,1
858,14.314300,38,0.597100,592.626,16.112,1
858,14.314300,39,0.590140,447.815,458.427,1
858,14.314300,40,0.605553,663.786,352.979,1
859,14.330983,38,0.815755,592.815,22.701,1
859,14.330983,39,0.711021,446.820,424.971,1
859,14.330983,40,0.783890,664.949,361.190,1
860,14.347667,38,0.740964,593.104,32.554,1
860,14.347667,39,0.682538,446.821,391.268,1
860,14.347667,40,0.619670,666.048,371.034,1
861,14.364350,38,0.400568,593.600,46.833,1
861,14.364350,39,0.456723,447.505,358.893,1
861,14.364350,40,0.269847,667.119,382.971,1
862,14.381033,38,0.851987,594.461,64.715,1
862,14.381033,39,0.644215,448.422,328.667,1
862,14.381033,40,0.483881,668.728,396.988,1
863,14.397717,38,0.826174,595.314,85.827,1
863,14.397717,39,0.424098,449.201,300.241,1
863,14.397717,40,0.416601,668.687,413.535,1
864,14.414400,38,0.556920,596.152,109.779,1
864,14.414400,39,0.427518,449.764,274.574,1
864,14.414400,40,0.709276,669.213,431.810,1
865,14.431083,38,0.473511,596.992,136.191,1
865,14.431083,39,0.402751,450.158,251.385,1
865,14.431083,40,0.790665,669.581,451.768,1
866,14.447767,38,0.506351,597.695,165.562,1
866,14.447767,39,0.734391,450.447,230.980,1
866,14.447767,40,0.237907,669.702,473.430,1
867,14.464450,38,0.230670,598.454,196.850,1
867,14.464450,39,0.259548,450.624,212.810,1
867,14.464450,40,0.301257,669.933,496.747,1
868,14.481133,38,0.557392,599.619,230.598,1
868,14.481133,39,0.402327,450.665,197.213,1
868,14.481133,40,0.301257,670.360,515.227,0
869,14.497817,38,0.840924,600.803,266.562,1
869,14.497817,39,0.470242,450.982,183.898,1
869,14.497817,40,0.221729,670.465,544.137,1
870,14.514500,38,0.879651,602.214,305.508,1
870,14.514500,39,0.638479,451.375,172.705,1
870,14.514500,40,0.221729,670.807,565.386,0
871,14.531183,38,0.230647,603.391,347.206,1
871,14.531183,39,0.520858,452.031,163.498,1
871,14.531183,40,0.221729,671.149,586.635,0
872,14.547867,38,0.653536,604.450,389.371,1
872,14.547867,39,0.462028,452.525,156.513,1
872,14.547867,40,0.498917,668.325,615.411,1
873,14.564550,38,0.387916,605.959,432.668,1
873,14.564550,39,0.651075,453.388,151.446,1
873,14.564550,40,0.498917,667.826,638.658,0
874,14.581233,38,0.226192,610.796,470.574,1
874,14.581233,39,0.645005,454.027,148.328,1
874,14.581233,40,0.498917,667.327,661.904,0
875,14.597917,38,0.171235,617.800,503.647,1
875,14.597917,39,0.617957,454.935,147.193,1
875,14.597917,40,0.498917,666.829,685.151,0
876,14.614600,38,0.239345,626.287,532.691,1
876,14.614600,39,0.595731,455.870,148.058,1
876,14.614600,40,0.498917,666.330,708.398,0
877,14.631283,38,0.174315,635.483,558.279,1
877,14.631283,39,0.518789,456.888,151.049,1
878,14.647967,38,0.221723,644.798,580.560,1
878,14.647967,39,0.356902,457.993,155.980,1
879,14.664650,38,0.221723,651.644,610.220,0
879,14.664650,39,0.567539,459.161,162.890,1
880,14.681333,38,0.221723,658.491,639.879,0
880,14.681333,39,0.584852,460.520,171.922,1
880,14.681333,41,0.487323,633.929,685.372,1
881,14.698017,38,0.221723,665.338,669.538,0
881,14.698017,39,0.593198,462.114,183.038,1
881,14.698017,41,0.334563,627.116,679.090,1
882,14.714700,38,0.221723,672.184,699.198,0
882,14.714700,39,0.593198,463.318,188.485,0
882,14.714700,41,0.223455,620.602,667.499,1
883,14.731383,38,0.221723,679.031,728.857,0
883,14.731383,39,0.455619,465.033,206.206,1
883,14.731383,41,0.275811,614.433,649.510,1
884,14.748067,39,0.636453,466.685,225.687,1
884,14.748067,41,0.554956,608.644,625.746,1
885,14.764750,39,0.391386,468.143,246.888,1
885,14.764750,41,0.213587,602.430,595.651,1
885,14.764750,42,0.557521,679.282,545.134,1
886,14.781433,39,0.794850,469.672,269.895,1
886,14.781433,41,0.213587,596.858,577.632,0
886,14.781433,42,0.234589,677.489,519.164,1
887,14.798117,39,0.368121,471.308,294.501,1
887,14.798117,41,0.213587,591.286,559.614,0
887,14.798117,42,0.193303,673.398,492.273,1
888,14.814800,39,0.747998,472.997,320.855,1
888,14.814800,41,0.213587,585.714,541.595,0
888,14.814800,42,0.515298,668.544,466.671,1
889,14.831483,39,0.669235,474.568,349.041,1
889,14.831483,41,0.213587,580.141,523.576,0
889,14.831483,42,0.515298,666.071,445.572,0
890,14.848167,39,0.646470,475.938,379.056,1
890,14.848167,41,0.213587,574.569,505.557,0
890,14.848167,42,0.568008,659.595,424.172,1
890,14.848167,43,0.654613,587.221,414.134,1
891,14.864850,39,0.441225,477.385,410.895,1
891,14.864850,42,0.421108,653.670,405.341,1
891,14.864850,43,0.639382,584.085,382.766,1
892,14.881533,39,0.728427,479.170,444.809,1
892,14.881533,42,0.742870,648.083,389.046,1
892,14.881533,43,0.316391,580.053,347.600,1
893,14.898217,39,0.693433,480.828,480.787,1
893,14.898217,42,0.607209,642.786,375.381,1
893,14.898217,43,0.180515,575.912,312.674,1
894,14.914900,39,0.576791,482.461,518.766,1
894,14.914900,42,0.657766,638.087,364.325,1
894,14.914900,43,0.600361,571.562,279.771,1
895,14.931583,39,0.576791,484.064,551.238,0
895,14.931583,42,0.510379,634.019,355.947,1
895,14.931583,43,0.396528,566.413,248.879,1
896,14.948267,39,0.216192,484.249,593.719,1
896,14.948267,42,0.436141,633.042,350.212,1
896,14.948267,43,0.644175,561.829,219.777,1
897,14.964950,39,0.524470,478.630,623.753,1
897,14.964950,42,0.262239,635.716,345.397,1
897,14.964950,43,0.720514,556.903,193.168,1
898,14.981633,39,0.514691,470.602,642.860,1
898,14.981633,42,0.374419,639.069,343.113,1
898,14.981633,43,0.669919,551.917,168.801,1
899,14.998317,39,0.391959,459.792,654.204,1
899,14.998317,42,0.374419,638.531,335.177,0
899,14.998317,43,0.855075,546.836,146.945,1
900,15.015000,39,0.338291,448.390,659.701,1
900,15.015000,42,0.374419,637.993,327.240,0
900,15.015000,43,0.709824,541.436,127.061,1
901,15.031683,39,0.573603,437.385,661.211,1
901,15.031683,42,0.374419,637.456,319.303,0
901,15.031683,43,0.582800,536.227,109.393,1
902,15.048367,39,0.229906,427.843,659.547,1
902,15.048367,42,0.374419,636.918,311.367,0
902,15.048367,43,0.355901,530.888,94.117,1
903,15.065050,39,0.501452,419.707,655.114,1
903,15.065050,42,0.286402,630.811,317.636,1
903,15.065050,43,0.308237,525.493,81.071,1
904,15.081733,39,0.402108,412.488,649.411,1
904,15.081733,42,0.203597,624.059,321.881,1
904,15.081733,43,0.472238,520.400,70.016,1
905,15.098417,39,0.250783,405.429,642.968,1
905,15.098417,42,0.319088,617.740,325.406,1
905,15.098417,43,0.569717,515.157,60.834,1
906,15.115100,39,0.387306,398.044,635.221,1
906,15.115100,42,0.319088,613.658,324.921,0
906,15.115100,43,0.707774,510.124,53.628,1
907,15.131783,39,0.174520,390.254,626.233,1
907,15.131783,42,0.319088,609.577,324.437,0
907,15.131783,43,0.682325,505.516,48.658,1
908,15.148467,39,0.247060,382.146,616.312,1
908,15.148467,42,0.247553,607.497,321.781,1
908,15.148467,43,0.703942,500.626,45.575,1
909,15.165150,39,0.405712,373.482,604.093,1
909,15.165150,42,0.444139,604.455,317.993,1
909,15.165150,43,0.785720,495.757,44.765,1
910,15.181833,39,0.501790,364.999,589.681,1
910,15.181833,42,0.179633,603.525,315.347,1
910,15.181833,43,0.796721,491.162,46.055,1
911,15.198517,39,0.670182,356.866,571.768,1
911,15.198517,42,0.831137,602.072,313.538,1
911,15.198517,43,0.795200,486.427,49.890,1
912,15.215200,39,0.787065,349.791,550.112,1
912,15.215200,42,0.894100,600.008,313.260,1
912,15.215200,43,0.849033,481.929,55.600,1
913,15.231883,39,0.860710,344.963,524.234,1
913,15.231883,42,0.858055,597.522,315.286,1
913,15.231883,43,0.919953,477.864,63.676,1
914,15.248567,39,0.911159,341.997,493.960,1
914,15.248567,42,0.887139,594.661,318.847,1
914,15.248567,43,0.886212,473.799,73.940,1
915,15.265250,39,0.871273,341.375,459.418,1
915,15.265250,42,0.859308,591.201,324.381,1
915,15.265250,43,0.861033,469.453,86.635,1
916,15.281933,39,0.864869,342.975,422.512,1
916,15.281933,42,0.874214,587.629,331.916,1
916,15.281933,43,0.841006,465.530,101.748,1
917,15.298617,39,0.626180,345.549,385.483,1
917,15.298617,42,0.837504,583.754,341.172,1
917,15.298617,43,0.750624,461.784,118.995,1
918,15.315300,39,0.467869,348.677,350.432,1
918,15.315300,42,0.748201,579.613,352.445,1
918,15.315300,43,0.858161,458.113,138.773,1
919,15.331983,39,0.726872,351.988,318.347,1
919,15.331983,42,0.725626,575.731,365.615,1
919,15.331983,43,0.752417,454.199,160.883,1
920,15.348667,39,0.548405,355.786,288.268,1
920,15.348667,42,0.623113,572.192,380.180,1
920,15.348667,43,0.684064,450.960,185.444,1
921,15.365350,39,0.489920,359.231,260.343,1
921,15.365350,42,0.150696,568.686,396.566,1
921,15.365350,43,0.460585,447.191,211.979,1
922,15.382033,39,0.489920,361.264,229.998,0
922,15.382033,42,0.179811,565.618,415.178,1
922,15.382033,43,0.460585,443.408,232.265,0
923,15.398717,39,0.495957,365.521,207.632,1
923,15.398717,42,0.909388,562.431,435.843,1
923,15.398717,43,0.759579,439.306,266.329,1
924,15.415400,39,0.667046,369.325,187.697,1
924,15.415400,42,0.738986,559.848,457.813,1
924,15.415400,43,0.381816,435.701,302.009,1
925,15.432083,39,0.542799,373.457,169.715,1
925,15.432083,42,0.463962,557.543,481.226,1
925,15.432083,43,0.296943,432.091,338.823,1
926,15.448767,39,0.346488,377.084,153.438,1
926,15.448767,42,0.511962,554.960,506.384,1
926,15.448767,43,0.639183,427.519,374.179,1
927,15.465450,39,0.676965,380.549,138.931,1
927,15.465450,42,0.169646,552.998,532.520,1
927,15.465450,43,0.284266,426.175,403.493,1
928,15.482133,39,0.526291,384.244,126.582,1
928,15.482133,42,0.345055,553.554,552.246,1
928,15.482133,43,0.739197,430.126,426.057,1
929,15.498817,39,0.444228,387.948,115.537,1
929,15.498817,42,0.312707,554.893,565.244,1
929,15.498817,43,0.550364,438.991,443.250,1
930,15.515500,39,0.866734,392.289,106.567,1
930,15.515500,42,0.446865,555.273,572.060,1
930,15.515500,43,0.475326,452.837,457.136,1
931,15.532183,39,0.535445,396.431,99.359,1
931,15.532183,42,0.166090,553.739,575.378,1
931,15.532183,43,0.270128,471.245,469.296,1
932,15.548867,39,0.579334,400.869,94.520,1
932,15.548867,42,0.237710,549.927,577.555,1
932,15.548867,43,0.248383,493.702,480.014,1
933,15.565550,39,0.489608,405.490,91.541,1
933,15.565550,42,0.257281,545.528,578.825,1
933,15.565550,43,0.511317,519.454,490.313,1
934,15.582233,39,0.712891,410.064,90.825,1
934,15.582233,42,0.609010,541.200,580.893,1
934,15.582233,43,0.551557,547.016,500.683,1
935,15.598917,39,0.424866,414.520,91.951,1
935,15.598917,42,0.359190,539.005,584.388,1
935,15.598917,43,0.267606,574.344,510.317,1
936,15.615600,39,0.211062,418.899,95.221,1
936,15.615600,42,0.244716,538.827,589.735,1
936,15.615600,43,0.172491,600.795,520.580,1
937,15.632283,39,0.211062,423.237,92.877,0
937,15.632283,42,0.227449,541.807,596.721,1
937,15.632283,43,0.172491,623.314,532.794,0
938,15.648967,39,0.211062,427.576,90.534,0
938,15.648967,42,0.178860,546.339,602.300,1
938,15.648967,43,0.172491,645.833,545.009,0
939,15.665650,39,0.211062,431.915,88.191,0
939,15.665650,42,0.343926,551.505,605.345,1
939,15.665650,43,0.636544,669.763,557.021,1
940,15.682333,39,0.211062,436.254,85.847,0
940,15.682333,42,0.235224,556.839,606.832,1
940,15.682333,43,0.521617,691.347,569.798,1
941,15.699017,39,0.211062,440.592,83.504,0
941,15.699017,42,0.231560,561.899,606.780,1
941,15.699017,43,0.421796,709.741,584.011,1
942,15.715700,42,0.288512,565.141,606.188,1
942,15.715700,43,0.670033,723.765,598.600,1
943,15.732383,42,0.577713,567.249,604.433,1
943,15.732383,43,0.376615,733.634,614.656,1
944,15.749067,42,0.444037,569.002,600.489,1
944,15.749067,43,0.387715,739.112,630.285,1
944,15.749067,44,0.593554,453.247,188.604,1
945,15.765750,42,0.219193,571.064,593.202,1
945,15.765750,43,0.213909,740.952,644.466,1
945,15.765750,44,0.340775,459.000,212.468,1
946,15.782433,42,0.276790,573.316,583.151,1
946,15.782433,43,0.213909,751.642,658.846,0
946,15.782433,44,0.528624,464.717,237.783,1
947,15.799117,42,0.513432,575.871,570.081,1
947,15.799117,43,0.173884,746.150,663.746,1
947,15.799117,44,0.336162,470.295,263.982,1
948,15.815800,42,0.461380,580.534,556.144,1
948,15.815800,43,0.429401,740.667,661.776,1
948,15.815800,44,0.494368,475.297,291.338,1
949,15.832483,42,0.461380,583.591,547.607,0
949,15.832483,43,0.303348,735.838,651.764,1
949,15.832483,44,0.182129,480.154,320.410,1
950,15.849167,42,0.461380,586.649,539.070,0
950,15.849167,43,0.303348,736.940,655.126,0
950,15.849167,44,0.182129,485.045,344.722,0
951,15.865850,42,0.461380,589.706,530.534,0
951,15.865850,43,0.303348,738.041,658.488,0
951,15.865850,44,0.200441,489.483,378.743,1
952,15.882533,42,0.171517,609.319,518.649,1
952,15.882533,43,0.303348,739.142,661.849,0
952,15.882533,44,0.584407,493.785,414.413,1
953,15.899217,42,0.171517,616.770,509.223,0
953,15.899217,43,0.303348,740.243,665.211,0
953,15.899217,44,0.400552,498.056,451.056,1
954,15.915900,42,0.171517,624.221,499.798,0
954,15.915900,43,0.303348,741.344,668.572,0
954,15.915900,44,0.529612,502.478,489.087,1
955,15.932583,42,0.239242,647.587,496.720,1
955,15.932583,44,0.741390,507.134,528.624,1
956,15.949267,42,0.274875,668.338,495.907,1
956,15.949267,44,0.457817,511.518,570.139,1
956,15.949267,45,0.458969,723.572,456.815,1
957,15.965950,42,0.303696,686.660,497.373,1
957,15.965950,44,0.503839,515.727,612.578,1
957,15.965950,45,0.716575,723.342,435.465,1
958,15.982633,42,0.434333,702.661,500.769,1
958,15.982633,44,0.156104,518.067,651.537,1
958,15.982633,45,0.650951,722.856,411.619,1
959,15.999317,42,0.598570,714.885,504.435,1
959,15.999317,44,0.229634,521.809,681.234,1
959,15.999317,45,0.557172,722.328,388.799,1
960,16.016000,42,0.702557,721.685,506.843,1
960,16.016000,44,0.476960,526.045,703.235,1
960,16.016000,45,0.318331,721.756,367.838,1
961,16.032683,42,0.702557,734.193,507.118,0
961,16.032683,44,0.258975,531.092,720.072,1
961,16.032683,45,0.670298,720.906,349.277,1
962,16.049367,42,0.201566,733.798,507.714,1
962,16.049367,44,0.369041,536.841,729.583,1
962,16.049367,45,0.763968,719.956,333.342,1
963,16.066050,42,0.201566,742.882,508.074,0
963,16.066050,44,0.246233,542.395,733.385,1
963,16.066050,45,0.773574,719.029,320.055,1
964,16.082733,42,0.201566,751.966,508.435,0
964,16.082733,44,0.319574,547.272,733.080,1
964,16.082733,45,0.688559,717.983,308.932,1
965,16.099417,42,0.220261,749.487,505.730,1
965,16.099417,44,0.319574,552.152,746.283,0
965,16.099417,45,0.697834,716.983,300.266,1
966,16.116100,42,0.220261,755.502,505.277,0
966,16.116100,44,0.319574,557.032,759.487,0
966,16.116100,45,0.348492,716.203,293.724,1
967,16.132783,42,0.220261,761.518,504.824,0
967,16.132783,44,0.319574,561.912,772.690,0
967,16.132783,45,0.376085,715.340,289.538,1
968,16.149467,42,0.220261,767.533,504.370,0
968,16.149467,44,0.319574,566.792,785.894,0
968,16.149467,45,0.437971,714.370,287.584,1
969,16.166150,42,0.220261,773.549,503.917,0
969,16.166150,44,0.319574,571.672,799.097,0
969,16.166150,45,0.478711,713.432,287.692,1
970,16.182833,45,0.184317,712.493,289.647,1
970,16.182833,46,0.383601,561.330,668.728,1
971,16.199517,45,0.487750,711.292,293.557,1
971,16.199517,46,0.751002,562.035,644.527,1
972,16.216200,45,0.298927,710.076,299.502,1
972,16.216200,46,0.370766,562.041,610.691,1
973,16.232883,45,0.344114,709.070,307.483,1
973,16.232883,46,0.448125,561.204,572.405,1
974,16.249567,45,0.576395,707.816,317.236,1
974,16.249567,46,0.254074,559.469,533.188,1
975,16.266250,45,0.581292,706.826,328.817,1
975,16.266250,46,0.262342,557.493,496.692,1
976,16.282933,45,0.732567,705.509,342.187,1
976,16.282933,46,0.312599,555.867,461.384,1
977,16.299617,45,0.672051,704.406,357.524,1
977,16.299617,46,0.712710,554.166,427.342,1
977,16.299617,47,0.719371,621.654,496.161,1
978,16.316300,45,0.772868,703.442,374.582,1
978,16.316300,46,0.776699,552.626,394.723,1
978,16.316300,47,0.730948,601.803,501.833,1
979,16.332983,45,0.234698,702.527,393.286,1
979,16.332983,46,0.709148,551.118,364.501,1
979,16.332983,47,0.655798,578.723,510.059,1
980,16.349667,45,0.348885,701.607,413.768,1
980,16.349667,46,0.760050,549.712,336.763,1
980,16.349667,47,0.203062,557.122,517.651,1
981,16.366350,45,0.466390,700.578,436.029,1
981,16.366350,46,0.688118,548.130,310.935,1
981,16.366350,47,0.319571,539.080,523.584,1
982,16.383033,45,0.429770,699.307,460.095,1
982,16.383033,46,0.192917,546.678,287.178,1
982,16.383033,47,0.472342,527.830,527.738,1
983,16.399717,45,0.257749,698.097,486.173,1
983,16.399717,46,0.242671,544.998,265.466,1
983,16.399717,47,0.472342,512.314,532.969,0
984,16.416400,45,0.318424,696.696,512.729,1
984,16.416400,46,0.242671,543.495,239.117,0
984,16.416400,47,0.247779,507.794,530.637,1
985,16.433083,45,0.318424,695.505,535.169,0
985,16.433083,46,0.363680,542.169,223.101,1
985,16.433083,47,0.323715,502.670,527.360,1
986,16.449767,45,0.318424,694.314,557.608,0
986,16.449767,46,0.676890,540.853,208.390,1
986,16.449767,47,0.544443,498.019,524.454,1
987,16.466450,45,0.318424,693.122,580.047,0
987,16.466450,46,0.485499,539.372,195.236,1
987,16.466450,47,0.713860,493.946,522.795,1
988,16.483133,45,0.228664,692.193,594.170,1
988,16.483133,46,0.700302,537.836,184.119,1
988,16.483133,47,0.701186,489.947,523.429,1
989,16.499817,45,0.282911,692.076,607.778,1
989,16.499817,46,0.350449,536.458,174.421,1
989,16.499817,47,0.757006,486.938,525.641,1
990,16.516500,45,0.258772,692.458,621.288,1
990,16.516500,46,0.592219,535.025,166.207,1
990,16.516500,47,0.665365,485.271,529.993,1
991,16.533183,45,0.222299,692.960,633.471,1
991,16.533183,46,0.242795,533.352,159.936,1
991,16.533183,47,0.620826,484.598,535.891,1
992,16.549867,45,0.252725,693.594,644.336,1
992,16.549867,46,0.242795,531.852,148.550,0
992,16.549867,47,0.342793,484.800,544.014,1
993,16.566550,45,0.396564,693.799,653.543,1
993,16.566550,46,0.161867,530.568,147.782,1
993,16.566550,47,0.727700,486.662,553.864,1
994,16.583233,45,0.242719,694.193,660.545,1
994,16.583233,46,0.161867,529.125,139.214,0
994,16.583233,47,0.502375,492.486,562.138,1
995,16.599917,45,0.328796,695.027,664.720,1
995,16.599917,46,0.687634,528.082,144.505,1
995,16.599917,47,0.684529,500.819,567.892,1
996,16.616600,45,0.259468,696.761,665.121,1
996,16.616600,46,0.211322,526.605,150.688,1
996,16.616600,47,0.670342,509.103,571.790,1
997,16.633283,45,0.274488,699.051,660.834,1
997,16.633283,46,0.226919,525.144,158.117,1
997,16.633283,47,0.523605,516.898,574.430,1
998,16.649967,45,0.507442,701.573,652.116,1
998,16.649967,46,0.323732,523.820,166.776,1
998,16.649967,47,0.468977,522.039,574.947,1
999,16.666650,45,0.298841,704.539,638.933,1
999,16.666650,46,0.152914,522.397,176.884,1
999,16.666650,47,0.704891,524.333,573.450,1
1000,16.683333,45,0.514626,707.021,620.409,1
1000,16.683333,46,0.212313,520.993,188.499,1
1000,16.683333,47,0.838393,525.476,569.422,1
1001,16.700017,45,0.692737,708.246,596.664,1
1001,16.700017,46,0.283182,519.884,201.896,1
1001,16.700017,47,0.760340,527.120,563.184,1
1002,16.716700,45,0.519459,708.577,567.999,1
1002,16.716700,46,0.246276,518.964,217.088,1
1002,16.716700,47,0.571435,530.866,554.298,1
1003,16.733383,45,0.416854,707.822,535.977,1
1003,16.733383,46,0.569947,517.752,234.003,1
1003,16.733383,47,0.500664,538.559,543.525,1
1004,16.750067,45,0.328315,706.307,502.757,1
1004,16.750067,46,0.275257,516.602,253.092,1
1004,16.750067,47,0.551189,551.806,532.023,1
1005,16.766750,45,0.265062,704.229,469.969,1
1005,16.766750,46,0.469984,515.508,274.047,1
1005,16.766750,47,0.226180,569.132,519.793,1
1006,16.783433,45,0.350888,701.835,438.562,1
1006,16.783433,46,0.553145,514.428,297.212,1
1006,16.783433,47,0.172154,588.839,507.736,1
1007,16.800117,45,0.180832,699.166,409.238,1
1007,16.800117,46,0.589481,513.464,322.453,1
1007,16.800117,47,0.280602,608.596,496.883,1
1008,16.816800,45,0.754693,696.152,382.332,1
1008,16.816800,46,0.425918,512.616,349.921,1
1008,16.816800,47,0.644227,629.200,487.790,1
1009,16.833483,45,0.471392,693.360,357.645,1
1009,16.833483,46,0.658458,511.664,378.851,1
1009,16.833483,47,0.339484,650.143,480.645,1
1010,16.850167,45,0.717546,690.671,335.830,1
1010,16.850167,46,0.631493,510.760,409.899,1
1010,16.850167,47,0.163772,670.347,474.830,1
1011,16.866850,45,0.510081,688.379,316.166,1
1011,16.866850,46,0.492234,510.002,442.669,1
1011,16.866850,47,0.233072,686.134,470.430,1
1012,16.883533,45,0.605769,686.165,298.629,1
1012,16.883533,46,0.178626,509.092,477.994,1
1012,16.883533,47,0.233072,703.577,463.319,0
1013,16.900217,45,0.306072,683.795,283.068,1
1013,16.900217,46,0.468165,508.389,514.886,1
1013,16.900217,47,0.233072,721.019,456.207,0
1014,16.916900,45,0.241884,681.121,269.953,1
1014,16.916900,46,0.181796,507.708,553.018,1
1014,16.916900,47,0.233072,738.462,449.096,0
1015,16.933583,45,0.566051,679.073,258.898,1
1015,16.933583,46,0.494414,507.311,586.705,1
1015,16.933583,47,0.233072,755.905,441.984,0
1016,16.950267,45,0.678619,676.902,249.887,1
1016,16.950267,46,0.212493,506.901,613.143,1
1016,16.950267,47,0.233072,773.348,434.873,0
1017,16.966950,45,0.571072,674.713,242.646,1
1017,16.966950,46,0.179548,507.218,632.421,1
1018,16.983633,45,0.430329,672.752,237.364,1
1018,16.983633,46,0.179548,506.843,660.710,0
1019,17.000317,45,0.345668,670.860,233.802,1
1019,17.000317,46,0.179548,506.467,688.999,0
1020,17.017000,45,0.221555,669.355,232.108,1
1020,17.017000,46,0.179548,506.092,717.288,0
1021,17.033683,45,0.221555,667.417,225.208,0
1021,17.033683,46,0.179548,505.717,745.577,0
1022,17.050367,45,0.221555,665.479,218.308,0
1022,17.050367,46,0.179548,505.341,773.866,0
1023,17.067050,45,0.221555,663.541,211.409,0
1024,17.083733,45,0.221555,661.603,204.509,0
1025,17.100417,45,0.221555,659.665,197.609,0
1025,17.100417,48,0.227283,525.543,633.027,1
1026,17.117100,48,0.227283,526.609,629.331,0
1027,17.133783,48,0.356875,526.127,604.953,1
1028,17.150467,48,0.678316,524.460,574.545,1
1029,17.167150,48,0.246456,522.445,541.349,1
1029,17.167150,49,0.170514,654.009,298.753,1
1029,17.167150,50,0.236662,704.737,473.716,1
1030,17.183833,48,0.561522,520.654,507.750,1
1030,17.183833,49,0.643181,651.764,316.096,1
1030,17.183833,50,0.680259,675.437,467.623,1
1031,17.200517,48,0.467256,519.175,474.159,1
1031,17.200517,49,0.342570,649.834,334.872,1
1031,17.200517,50,0.377154,641.424,461.683,1
1032,17.217200,48,0.589006,517.608,442.256,1
1032,17.217200,49,0.613014,647.961,355.096,1
1032,17.217200,50,0.608289,605.909,456.977,1
1033,17.233883,48,0.454830,516.071,411.804,1
1033,17.233883,49,0.695553,646.321,376.874,1
1033,17.233883,50,0.524890,570.278,454.176,1
1034,17.250567,48,0.615365,514.697,383.652,1
1034,17.250567,49,0.326233,644.640,400.376,1
1034,17.250567,50,0.457403,535.489,453.481,1
1035,17.267250,48,0.324785,513.363,357.896,1
1035,17.267250,49,0.353610,642.883,425.488,1
1035,17.267250,50,0.507192,501.220,454.941,1
1036,17.283933,48,0.299149,512.147,334.657,1
1036,17.283933,49,0.353610,641.182,445.915,0
1036,17.283933,50,0.284532,475.111,457.718,1
1037,17.300617,48,0.406952,510.894,313.591,1
1037,17.300617,49,0.353610,639.481,466.341,0
1037,17.300617,50,0.469353,453.496,462.505,1
1038,17.317300,48,0.529187,509.483,294.243,1
1038,17.317300,49,0.282306,638.082,498.825,1
1038,17.317300,50,0.339907,435.037,469.163,1
1039,17.333983,48,0.586005,508.082,276.934,1
1039,17.333983,49,0.455811,639.274,527.152,1
1039,17.333983,50,0.290445,418.082,477.056,1
1040,17.350667,48,0.692223,506.486,261.832,1
1040,17.350667,49,0.435133,642.779,552.422,1
1040,17.350667,50,0.362698,401.828,484.828,1
1041,17.367350,48,0.735742,504.826,248.627,1
1041,17.367350,49,0.695864,647.430,575.055,1
1041,17.367350,50,0.486403,386.129,493.422,1
1042,17.384033,48,0.570594,502.782,237.417,1
1042,17.384033,49,0.441566,653.532,594.176,1
1042,17.384033,50,0.809528,372.919,501.828,1
1043,17.400717,48,0.678921,500.767,228.063,1
1043,17.400717,49,0.407896,661.103,608.898,1
1043,17.400717,50,0.607958,363.511,508.986,1
1044,17.417400,48,0.559908,498.806,220.658,1
1044,17.417400,49,0.306517,670.283,619.255,1
1044,17.417400,50,0.644478,358.573,514.213,1
1045,17.434083,48,0.427973,496.830,215.145,1
1045,17.434083,49,0.265449,680.323,624.111,1
1045,17.434083,50,0.617430,358.166,517.000,1
1046,17.450767,48,0.561490,494.765,211.140,1
1046,17.450767,49,0.325130,690.076,622.504,1
1046,17.450767,50,0.594903,361.996,517.394,1
1047,17.467450,48,0.567159,492.579,209.085,1
1047,17.467450,49,0.436741,699.013,614.526,1
1047,17.467450,50,0.615510,368.375,515.735,1
1048,17.484133,48,0.482790,490.591,209.064,1
1048,17.484133,49,0.307995,705.988,600.256,1
1048,17.484133,50,0.437308,379.270,511.498,1
1049,17.500817,48,0.222859,488.822,211.009,1
1049,17.500817,49,0.644382,711.292,580.485,1
1049,17.500817,50,0.640816,393.917,505.160,1
1050,17.517500,48,0.186639,486.974,215.114,1
1050,17.517500,49,0.524948,715.061,555.162,1
1050,17.517500,50,0.676858,413.161,497.236,1
1051,17.534183,48,0.355334,484.705,221.238,1
1051,17.534183,49,0.524948,721.201,544.686,0
1051,17.534183,50,0.676858,421.602,494.296,0
1052,17.550867,48,0.190371,482.541,229.000,1
1052,17.550867,49,0.524948,727.340,534.210,0
1052,17.550867,50,0.676858,430.044,491.357,0
1053,17.567550,48,0.519124,480.779,239.009,1
1053,17.567550,49,0.524948,733.480,523.734,0
1053,17.567550,50,0.676858,438.486,488.417,0
1054,17.584233,48,0.648875,478.834,251.045,1
1054,17.584233,49,0.524948,739.619,513.257,0
1054,17.584233,50,0.676858,446.927,485.478,0
1054,17.584233,51,0.709980,539.507,461.151,1
1055,17.600917,48,0.850678,476.849,265.138,1
1055,17.600917,49,0.524948,745.759,502.781,0
1055,17.600917,50,0.676858,455.369,482.538,0
1055,17.600917,51,0.706712,571.631,457.838,1
1055,17.600917,52,0.545045,711.122,408.643,1
1056,17.617600,48,0.860479,475.113,281.179,1
1056,17.617600,51,0.663512,608.769,455.418,1
1056,17.617600,52,0.732461,710.057,387.188,1
1057,17.634283,48,0.809793,473.393,299.080,1
1057,17.634283,51,0.844127,647.088,454.497,1
1057,17.634283,52,0.889718,709.203,363.119,1
1058,17.650967,48,0.257358,471.903,319.060,1
1058,17.650967,51,0.777873,684.764,455.004,1
1058,17.650967,52,0.813286,708.275,339.724,1
1059,17.667650,48,0.602793,470.191,341.176,1
1059,17.667650,51,0.777873,715.652,453.913,0
1059,17.667650,52,0.676619,707.576,318.003,1
1060,17.684333,48,0.378752,468.404,365.201,1
1060,17.684333,51,0.325357,749.550,453.795,1
1060,17.684333,52,0.497090,707.283,298.552,1
1061,17.701017,48,0.169275,466.897,391.010,1
1061,17.701017,51,0.325357,781.261,452.971,0
1061,17.701017,52,0.660010,707.166,281.762,1
1062,17.717700,48,0.601686,465.722,419.058,1
1062,17.717700,51,0.325357,812.971,452.146,0
1062,17.717700,52,0.532057,707.067,267.523,1
1063,17.734383,48,0.337880,464.425,448.924,1
1063,17.734383,51,0.325357,844.681,451.322,0
1063,17.734383,52,0.566790,706.911,255.655,1
1064,17.751067,48,0.545831,463.560,480.374,1
1064,17.751067,51,0.325357,876.392,450.497,0
1064,17.751067,52,0.588330,706.847,246.053,1
1065,17.767750,48,0.404479,465.212,510.298,1
1065,17.767750,51,0.325357,908.102,449.672,0
1065,17.767750,52,0.437094,706.714,238.676,1
1066,17.784433,48,0.443500,468.475,537.826,1
1066,17.784433,52,0.672475,706.784,233.235,1
1067,17.801117,48,0.223468,473.269,563.308,1
1067,17.801117,52,0.621275,706.815,229.898,1
1068,17.817800,48,0.444957,479.640,587.341,1
1068,17.817800,52,0.544046,706.867,228.678,1
1069,17.834483,48,0.579742,488.095,609.945,1
1069,17.834483,52,0.638504,707.039,229.368,1
1069,17.834483,53,0.434337,878.186,510.477,1
1070,17.851167,48,0.724243,498.569,629.503,1
1070,17.851167,52,0.687488,707.298,231.983,1
1070,17.851167,53,0.262339,878.989,511.435,1
1071,17.867850,48,0.496293,509.672,643.675,1
1071,17.867850,52,0.550617,707.444,236.699,1
1071,17.867850,53,0.395281,876.910,507.482,1
1072,17.884533,48,0.331079,520.090,650.296,1
1072,17.884533,52,0.498713,707.663,242.916,1
1072,17.884533,53,0.283931,870.552,504.197,1
1073,17.901217,48,0.426320,528.775,648.610,1
1073,17.901217,52,0.585932,708.124,250.953,1
1073,17.901217,53,0.440257,860.683,497.526,1
1074,17.917900,48,0.269897,535.223,639.609,1
1074,17.917900,52,0.472230,708.386,261.160,1
1074,17.917900,53,0.257138,846.399,490.333,1
1075,17.934583,48,0.269897,543.030,646.227,0
1075,17.934583,52,0.582506,708.646,272.901,1
1075,17.934583,53,0.280055,827.468,479.293,1
1076,17.951267,48,0.269897,550.836,652.845,0
1076,17.951267,52,0.461137,708.901,286.330,1
1076,17.951267,53,0.648807,803.505,468.955,1
1077,17.967950,48,0.269897,558.643,659.462,0
1077,17.967950,52,0.491401,709.367,301.838,1
1077,17.967950,53,0.302965,775.544,457.617,1
1077,17.967950,54,0.447079,535.924,559.067,1
1078,17.984633,48,0.269897,566.450,666.080,0
1078,17.984633,52,0.543291,709.678,318.879,1
1078,17.984633,53,0.302965,757.976,449.378,0
1078,17.984633,54,0.447079,535.871,552.614,0
