video,frame,time_seconds,class_id,class_name,confidence,x1,y1,x2,y2,center_x,center_y,width,height
youtube_juggling_for_data_analysis_eh1I3SlZn48_075_090.mp4,0,0.000000,32,sports ball,0.597139,621.244,220.097,640.569,243.344,630.907,231.720,19.325,23.247
youtube_juggling_for_data_analysis_eh1I3SlZn48_075_090.mp4,0,0.000000,32,sports ball,0.561573,574.900,313.386,592.379,334.701,583.639,324.044,17.478,21.316
youtube_juggling_for_data_analysis_eh1I3SlZn48_075_090.mp4,0,0.000000,32,sports ball,0.531418,527.252,349.549,546.785,370.686,537.018,360.118,19.533,21.137
youtube_juggling_for_data_analysis_eh1I3SlZn48_075_090.mp4,0,0.000000,32,sports ball,0.364681,574.766,207.145,594.379,228.512,584.573,217.828,19.613,21.367
youtube_juggling_for_data_analysis_eh1I3SlZn48_075_090.mp4,0,0.000000,32,sports ball,0.315164,624.440,464.909,643.940,486.566,634.190,475.737,19.500,21.658
youtube_juggling_for_data_analysis_eh1I3SlZn48_075_090.mp4,1,0.016683,32,sports ball,0.802087,526.338,363.348,543.963,383.163,535.150,373.255,17.625,19.815
youtube_juggling_for_data_analysis_eh1I3SlZn48_075_090.mp4,1,0.016683,32,sports ball,0.654633,576.423,302.488,594.979,320.797,585.701,311.642,18.556,18.310
youtube_juggling_for_data_analysis_eh1I3SlZn48_075_090.mp4,1,0.016683,32,sports ball,0.560650,623.783,224.532,645.673,248.217,634.728,236.375,21.890,23.685
youtube_juggling_for_data_analysis_eh1I3SlZn48_075_090.mp4,1,0.016683,32,sports ball,0.301458,571.026,204.933,593.786,226.370,582.406,215.652,22.760,21.437
youtube_juggling_for_data_analysis_eh1I3SlZn48_075_090.mp4,1,0.016683,32,sports ball,0.175678,622.166,458.093,642.658,485.090,632.412,471.592,20.492,26.997
youtube_juggling_for_data_analysis_eh1I3SlZn48_075_090.mp4,2,0.033367,32,sports ball,0.730378,524.365,376.985,543.549,394.929,533.957,385.957,19.184,17.943
youtube_juggling_for_data_analysis_eh1I3SlZn48_075_090.mp4,2,0.033367,32,sports ball,0.574184,575.886,291.009,597.164,312.907,586.525,301.958,21.278,21.899
youtube_juggling_for_data_analysis_eh1I3SlZn48_075_090.mp4,2,0.033367,32,sports ball,0.562167,624.772,229.974,646.074,252.036,635.423,241.005,21.302,22.063
youtube_juggling_for_data_analysis_eh1I3SlZn48_075_090.mp4,2,0.033367,32,sports ball,0.289901,619.207,455.459,639.745,482.132,629.476,468.796,20.538,26.673
youtube_juggling_for_data_analysis_eh1I3SlZn48_075_090.mp4,2,0.033367,32,sports ball,0.255616,570.212,202.018,591.609,225.192,580.910,213.605,21.397,23.174
youtube_juggling_for_data_analysis_eh1I3SlZn48_075_090.mp4,3,0.050050,32,sports ball,0.605475,524.073,390.304,543.431,409.742,533.752,400.023,19.357,19.438
youtube_juggling_for_data_analysis_eh1I3SlZn48_075_090.mp4,3,0.050050,32,sports ball,0.601412,626.414,235.359,648.304,256.836,637.359,246.097,21.890,21.478
youtube_juggling_for_data_analysis_eh1I3SlZn48_075_090.mp4,3,0.050050,32,sports ball,0.467869,577.029,281.328,598.604,303.127,587.817,292.227,21.575,21.799
youtube_juggling_for_data_analysis_eh1I3SlZn48_075_090.mp4,3,0.050050,32,sports ball,0.380656,521.820,389.383,543.705,409.813,532.763,399.598,21.885,20.431
youtube_juggling_for_data_analysis_eh1I3SlZn48_075_090.mp4,3,0.050050,32,sports ball,0.349533,569.234,199.963,590.149,222.427,579.691,211.195,20.915,22.464
youtube_juggling_for_data_analysis_eh1I3SlZn48_075_090.mp4,4,0.066733,32,sports ball,0.634137,628.657,241.593,649.784,261.744,639.220,251.668,21.127,20.150
youtube_juggling_for_data_analysis_eh1I3SlZn48_075_090.mp4,4,0.066733,32,sports ball,0.572160,520.630,398.297,542.726,418.279,531.678,408.288,22.096,19.982
youtube_juggling_for_data_analysis_eh1I3SlZn48_075_090.mp4,4,0.066733,32,sports ball,0.280384,578.650,273.046,599.096,293.553,588.873,283.300,20.447,20.506
youtube_juggling_for_data_analysis_eh1I3SlZn48_075_090.mp4,4,0.066733,32,sports ball,0.278031,568.336,200.149,589.582,222.143,578.959,211.146,21.246,21.994
youtube_juggling_for_data_analysis_eh1I3SlZn48_075_090.mp4,5,0.083417,32,sports ball,0.591909,519.594,407.830,540.877,428.201,530.236,418.016,21.284,20.371
youtube_juggling_for_data_analysis_eh1I3SlZn48_075_090.mp4,5,0.083417,32,sports ball,0.550239,579.190,264.244,602.029,285.547,590.609,274.896,22.839,21.303
youtube_juggling_for_data_analysis_eh1I3SlZn48_075_090.mp4,5,0.083417,32,sports ball,0.519304,629.709,246.502,651.230,269.288,640.469,257.895,21.521,22.786
youtube_juggling_for_data_analysis_eh1I3SlZn48_075_090.mp4,5,0.083417,32,sports ball,0.433584,612.168,433.831,631.764,451.475,621.966,442.653,19.596,17.644
youtube_juggling_for_data_analysis_eh1I3SlZn48_075_090.mp4,5,0.083417,32,sports ball,0.275771,565.788,200.746,587.823,221.777,576.805,211.262,22.035,21.031
youtube_juggling_for_data_analysis_eh1I3SlZn48_075_090.mp4,6,0.100100,32,sports ball,0.405381,519.751,416.278,540.755,435.989,530.253,426.133,21.004,19.711
youtube_juggling_for_data_analysis_eh1I3SlZn48_075_090.mp4,6,0.100100,32,sports ball,0.329935,610.939,418.336,631.097,438.500,621.018,428.418,20.158,20.164
youtube_juggling_for_data_analysis_eh1I3SlZn48_075_090.mp4,6,0.100100,32,sports ball,0.273007,580.010,256.188,602.910,277.019,591.460,266.603,22.900,20.831
youtube_juggling_for_data_analysis_eh1I3SlZn48_075_090.mp4,6,0.100100,32,sports ball,0.217805,564.785,200.686,585.711,221.457,575.248,211.071,20.926,20.771
youtube_juggling_for_data_analysis_eh1I3SlZn48_075_090.mp4,6,0.100100,32,sports ball,0.201860,632.407,254.520,653.637,276.578,643.022,265.549,21.231,22.058
youtube_juggling_for_data_analysis_eh1I3SlZn48_075_090.mp4,7,0.116783,32,sports ball,0.612052,581.713,248.057,603.494,269.399,592.604,258.728,21.781,21.342
youtube_juggling_for_data_analysis_eh1I3SlZn48_075_090.mp4,7,0.116783,32,sports ball,0.607830,562.458,200.893,584.953,222.536,573.706,211.715,22.495,21.643
youtube_juggling_for_data_analysis_eh1I3SlZn48_075_090.mp4,7,0.116783,32,sports ball,0.404475,519.678,425.443,543.053,447.743,531.365,436.593,23.376,22.300
youtube_juggling_for_data_analysis_eh1I3SlZn48_075_090.mp4,7,0.116783,32,sports ball,0.374732,633.461,263.872,654.576,283.504,644.018,273.688,21.115,19.632
youtube_juggling_for_data_analysis_eh1I3SlZn48_075_090.mp4,7,0.116783,32,sports ball,0.353324,519.797,425.437,542.573,441.732,531.185,433.584,22.776,16.295
youtube_juggling_for_data_analysis_eh1I3SlZn48_075_090.mp4,8,0.133467,32,sports ball,0.793405,608.498,389.534,626.094,408.406,617.296,398.970,17.597,18.872
youtube_juggling_for_data_analysis_eh1I3SlZn48_075_090.mp4,8,0.133467,32,sports ball,0.615375,523.399,433.539,543.535,451.587,533.467,442.563,20.136,18.048
youtube_juggling_for_data_analysis_eh1I3SlZn48_075_090.mp4,8,0.133467,32,sports ball,0.569596,584.014,241.455,605.734,260.653,594.874,251.054,21.720,19.198
youtube_juggling_for_data_analysis_eh1I3SlZn48_075_090.mp4,8,0.133467,32,sports ball,0.389286,561.296,201.845,583.608,222.872,572.452,212.358,22.312,21.027
youtube_juggling_for_data_analysis_eh1I3SlZn48_075_090.mp4,8,0.133467,32,sports ball,0.233752,636.189,271.948,655.590,288.852,645.889,280.400,19.401,16.904
youtube_juggling_for_data_analysis_eh1I3SlZn48_075_090.mp4,9,0.150150,32,sports ball,0.829533,608.675,375.796,624.121,394.371,616.398,385.083,15.446,18.575
youtube_juggling_for_data_analysis_eh1I3SlZn48_075_090.mp4,9,0.150150,32,sports ball,0.664710,585.081,234.162,606.531,254.664,595.806,244.413,21.449,20.501
youtube_juggling_for_data_analysis_eh1I3SlZn48_075_090.mp4,9,0.150150,32,sports ball,0.571080,524.018,440.913,546.794,463.997,535.406,452.455,22.776,23.083
youtube_juggling_for_data_analysis_eh1I3SlZn48_075_090.mp4,9,0.150150,32,sports ball,0.517233,640.075,279.607,657.781,298.426,648.928,289.016,17.705,18.819
youtube_juggling_for_data_analysis_eh1I3SlZn48_075_090.mp4,9,0.150150,32,sports ball,0.375293,560.791,204.150,580.163,225.007,570.477,214.578,19.372,20.857
youtube_juggling_for_data_analysis_eh1I3SlZn48_075_090.mp4,10,0.166833,32,sports ball,0.827448,640.388,289.509,659.583,310.704,649.986,300.107,19.195,21.195
youtube_juggling_for_data_analysis_eh1I3SlZn48_075_090.mp4,10,0.166833,32,sports ball,0.814659,586.606,227.732,607.471,248.600,597.038,238.166,20.865,20.868
youtube_juggling_for_data_analysis_eh1I3SlZn48_075_090.mp4,10,0.166833,32,sports ball,0.604154,526.993,449.062,548.969,467.512,537.981,458.287,21.976,18.449
youtube_juggling_for_data_analysis_eh1I3SlZn48_075_090.mp4,10,0.166833,32,sports ball,0.521587,558.816,208.051,578.793,225.270,568.805,216.661,19.977,17.219
youtube_juggling_for_data_analysis_eh1I3SlZn48_075_090.mp4,10,0.166833,32,sports ball,0.233526,608.729,360.930,623.579,383.521,616.154,372.226,14.850,22.591
youtube_juggling_for_data_analysis_eh1I3SlZn48_075_090.mp4,11,0.183517,32,sports ball,0.710700,641.819,299.236,661.764,319.284,651.791,309.260,19.945,20.047
youtube_juggling_for_data_analysis_eh1I3SlZn48_075_090.mp4,11,0.183517,32,sports ball,0.636459,558.624,210.604,577.798,228.555,568.211,219.580,19.174,17.951
youtube_juggling_for_data_analysis_eh1I3SlZn48_075_090.mp4,11,0.183517,32,sports ball,0.463905,604.981,347.641,623.403,368.705,614.192,358.173,18.423,21.063
youtube_juggling_for_data_analysis_eh1I3SlZn48_075_090.mp4,11,0.183517,32,sports ball,0.350903,588.191,223.004,608.490,242.863,598.341,232.933,20.299,19.860
youtube_juggling_for_data_analysis_eh1I3SlZn48_075_090.mp4,11,0.183517,32,sports ball,0.244374,530.084,455.961,552.845,474.213,541.465,465.087,22.761,18.252
youtube_juggling_for_data_analysis_eh1I3SlZn48_075_090.mp4,11,0.183517,32,sports ball,0.160034,529.779,455.630,553.139,478.294,541.459,466.962,23.359,22.664
youtube_juggling_for_data_analysis_eh1I3SlZn48_075_090.mp4,12,0.200200,32,sports ball,0.646110,556.112,211.830,576.998,232.350,566.555,222.090,20.886,20.519
youtube_juggling_for_data_analysis_eh1I3SlZn48_075_090.mp4,12,0.200200,32,sports ball,0.564348,642.513,308.489,664.317,330.624,653.415,319.557,21.804,22.135
youtube_juggling_for_data_analysis_eh1I3SlZn48_075_090.mp4,12,0.200200,32,sports ball,0.494979,643.056,309.365,663.857,330.328,653.456,319.847,20.801,20.962
youtube_juggling_for_data_analysis_eh1I3SlZn48_075_090.mp4,12,0.200200,32,sports ball,0.405830,533.806,461.615,556.467,480.469,545.136,471.042,22.661,18.853
youtube_juggling_for_data_analysis_eh1I3SlZn48_075_090.mp4,12,0.200200,32,sports ball,0.365144,589.660,216.248,609.649,237.580,599.655,226.914,19.989,21.331
youtube_juggling_for_data_analysis_eh1I3SlZn48_075_090.mp4,13,0.216883,32,sports ball,0.665081,644.566,320.756,665.155,341.243,654.860,331.000,20.589,20.486
youtube_juggling_for_data_analysis_eh1I3SlZn48_075_090.mp4,13,0.216883,32,sports ball,0.559091,553.571,215.621,575.117,237.058,564.344,226.340,21.546,21.438
youtube_juggling_for_data_analysis_eh1I3SlZn48_075_090.mp4,13,0.216883,32,sports ball,0.434521,589.721,209.553,611.564,233.061,600.642,221.307,21.844,23.508
youtube_juggling_for_data_analysis_eh1I3SlZn48_075_090.mp4,13,0.216883,32,sports ball,0.284346,539.004,465.676,559.998,487.637,549.501,476.657,20.994,21.960
youtube_juggling_for_data_analysis_eh1I3SlZn48_075_090.mp4,13,0.216883,32,sports ball,0.159182,590.931,213.197,610.213,232.819,600.572,223.008,19.282,19.622
youtube_juggling_for_data_analysis_eh1I3SlZn48_075_090.mp4,14,0.233567,32,sports ball,0.772935,647.562,331.233,666.101,352.254,656.831,341.744,18.539,21.022
youtube_juggling_for_data_analysis_eh1I3SlZn48_075_090.mp4,14,0.233567,32,sports ball,0.528406,552.248,218.334,573.712,240.587,562.980,229.460,21.464,22.253
youtube_juggling_for_data_analysis_eh1I3SlZn48_075_090.mp4,14,0.233567,32,sports ball,0.524002,600.399,310.407,619.357,329.749,609.878,320.078,18.958,19.342
youtube_juggling_for_data_analysis_eh1I3SlZn48_075_090.mp4,14,0.233567,32,sports ball,0.520816,591.961,208.308,611.759,228.103,601.860,218.205,19.798,19.795
youtube_juggling_for_data_analysis_eh1I3SlZn48_075_090.mp4,14,0.233567,32,sports ball,0.383948,544.110,472.089,564.514,491.439,554.312,481.764,20.404,19.350
youtube_juggling_for_data_analysis_eh1I3SlZn48_075_090.mp4,15,0.250250,32,sports ball,0.794308,648.088,343.523,669.236,366.421,658.662,354.972,21.148,22.898
youtube_juggling_for_data_analysis_eh1I3SlZn48_075_090.mp4,15,0.250250,32,sports ball,0.538847,598.850,298.913,619.418,319.940,609.134,309.427,20.568,21.027
youtube_juggling_for_data_analysis_eh1I3SlZn48_075_090.mp4,15,0.250250,32,sports ball,0.468171,592.463,204.080,613.734,225.348,603.099,214.714,21.271,21.268
youtube_juggling_for_data_analysis_eh1I3SlZn48_075_090.mp4,15,0.250250,32,sports ball,0.288338,550.167,224.598,571.712,245.928,560.939,235.263,21.544,21.331
youtube_juggling_for_data_analysis_eh1I3SlZn48_075_090.mp4,16,0.266933,32,sports ball,0.662418,650.674,355.983,670.365,380.604,660.520,368.293,19.691,24.621
youtube_juggling_for_data_analysis_eh1I3SlZn48_075_090.mp4,16,0.266933,32,sports ball,0.228060,598.383,288.471,618.142,310.097,608.263,299.284,19.759,21.626
youtube_juggling_for_data_analysis_eh1I3SlZn48_075_090.mp4,16,0.266933,32,sports ball,0.171268,550.697,467.111,571.557,490.149,561.127,478.630,20.860,23.038
youtube_juggling_for_data_analysis_eh1I3SlZn48_075_090.mp4,16,0.266933,32,sports ball,0.164811,593.745,201.314,615.851,223.016,604.798,212.165,22.106,21.701
youtube_juggling_for_data_analysis_eh1I3SlZn48_075_090.mp4,17,0.283617,32,sports ball,0.843318,652.620,370.079,671.642,391.129,662.131,380.604,19.022,21.051
youtube_juggling_for_data_analysis_eh1I3SlZn48_075_090.mp4,17,0.283617,32,sports ball,0.365646,554.808,461.741,574.254,484.649,564.531,473.195,19.447,22.908
youtube_juggling_for_data_analysis_eh1I3SlZn48_075_090.mp4,17,0.283617,32,sports ball,0.359807,595.051,278.079,617.396,300.276,606.223,289.177,22.345,22.197
youtube_juggling_for_data_analysis_eh1I3SlZn48_075_090.mp4,17,0.283617,32,sports ball,0.325208,594.942,198.697,616.565,219.383,605.754,209.040,21.623,20.686
youtube_juggling_for_data_analysis_eh1I3SlZn48_075_090.mp4,17,0.283617,32,sports ball,0.230463,548.251,236.407,568.196,256.880,558.224,246.644,19.945,20.473
youtube_juggling_for_data_analysis_eh1I3SlZn48_075_090.mp4,18,0.300300,32,sports ball,0.786020,653.193,382.699,672.230,400.429,662.711,391.564,19.037,17.730
youtube_juggling_for_data_analysis_eh1I3SlZn48_075_090.mp4,18,0.300300,32,sports ball,0.697481,597.244,197.199,618.374,217.542,607.809,207.370,21.131,20.343
youtube_juggling_for_data_analysis_eh1I3SlZn48_075_090.mp4,18,0.300300,32,sports ball,0.580267,546.054,241.079,567.031,265.194,556.543,253.137,20.977,24.115
youtube_juggling_for_data_analysis_eh1I3SlZn48_075_090.mp4,18,0.300300,32,sports ball,0.502050,593.691,268.688,616.385,290.635,605.038,279.661,22.693,21.948
youtube_juggling_for_data_analysis_eh1I3SlZn48_075_090.mp4,18,0.300300,32,sports ball,0.238498,554.687,450.502,576.120,475.467,565.403,462.985,21.433,24.965
youtube_juggling_for_data_analysis_eh1I3SlZn48_075_090.mp4,19,0.316983,32,sports ball,0.663670,545.582,249.971,565.632,270.620,555.607,260.295,20.050,20.649
youtube_juggling_for_data_analysis_eh1I3SlZn48_075_090.mp4,19,0.316983,32,sports ball,0.651679,652.843,390.706,672.545,411.192,662.694,400.949,19.702,20.485
youtube_juggling_for_data_analysis_eh1I3SlZn48_075_090.mp4,19,0.316983,32,sports ball,0.628254,597.561,194.781,621.129,216.644,609.345,205.713,23.568,21.863
youtube_juggling_for_data_analysis_eh1I3SlZn48_075_090.mp4,19,0.316983,32,sports ball,0.349461,557.230,442.467,578.219,464.846,567.724,453.656,20.988,22.379
youtube_juggling_for_data_analysis_eh1I3SlZn48_075_090.mp4,19,0.316983,32,sports ball,0.320659,592.782,259.847,615.588,282.203,604.185,271.025,22.806,22.356
youtube_juggling_for_data_analysis_eh1I3SlZn48_075_090.mp4,20,0.333667,32,sports ball,0.654449,653.219,400.082,671.680,418.701,662.450,409.392,18.461,18.619
youtube_juggling_for_data_analysis_eh1I3SlZn48_075_090.mp4,20,0.333667,32,sports ball,0.501522,544.646,257.793,562.713,278.293,553.679,268.043,18.067,20.499
youtube_juggling_for_data_analysis_eh1I3SlZn48_075_090.mp4,20,0.333667,32,sports ball,0.336145,598.726,193.287,621.136,216.541,609.931,204.914,22.410,23.254
youtube_juggling_for_data_analysis_eh1I3SlZn48_075_090.mp4,20,0.333667,32,sports ball,0.302785,592.519,251.396,614.534,273.799,603.527,262.597,22.016,22.403
youtube_juggling_for_data_analysis_eh1I3SlZn48_075_090.mp4,21,0.350350,32,sports ball,0.532665,652.357,409.163,670.525,426.300,661.441,417.731,18.168,17.136
youtube_juggling_for_data_analysis_eh1I3SlZn48_075_090.mp4,21,0.350350,32,sports ball,0.457248,592.463,245.497,612.571,265.174,602.517,255.335,20.108,19.678
youtube_juggling_for_data_analysis_eh1I3SlZn48_075_090.mp4,21,0.350350,32,sports ball,0.381865,561.373,417.510,582.756,435.408,572.065,426.459,21.383,17.898
youtube_juggling_for_data_analysis_eh1I3SlZn48_075_090.mp4,21,0.350350,32,sports ball,0.368867,541.198,264.944,561.466,286.226,551.332,275.585,20.267,21.282
youtube_juggling_for_data_analysis_eh1I3SlZn48_075_090.mp4,21,0.350350,32,sports ball,0.344936,600.206,192.713,622.007,216.601,611.106,204.657,21.800,23.888
youtube_juggling_for_data_analysis_eh1I3SlZn48_075_090.mp4,22,0.367033,32,sports ball,0.510163,567.438,401.826,583.935,422.045,575.686,411.936,16.497,20.219
youtube_juggling_for_data_analysis_eh1I3SlZn48_075_090.mp4,22,0.367033,32,sports ball,0.478407,539.881,273.084,560.922,295.115,550.401,284.100,21.041,22.031
youtube_juggling_for_data_analysis_eh1I3SlZn48_075_090.mp4,22,0.367033,32,sports ball,0.442336,591.350,238.361,611.583,258.694,601.466,248.528,20.233,20.333
youtube_juggling_for_data_analysis_eh1I3SlZn48_075_090.mp4,22,0.367033,32,sports ball,0.333475,601.477,192.721,623.651,216.050,612.564,204.385,22.174,23.329
youtube_juggling_for_data_analysis_eh1I3SlZn48_075_090.mp4,22,0.367033,32,sports ball,0.290573,649.723,418.758,668.638,433.803,659.180,426.280,18.915,15.045
youtube_juggling_for_data_analysis_eh1I3SlZn48_075_090.mp4,23,0.383717,32,sports ball,0.535751,567.668,388.559,585.636,407.231,576.652,397.895,17.968,18.673
youtube_juggling_for_data_analysis_eh1I3SlZn48_075_090.mp4,23,0.383717,32,sports ball,0.342472,589.684,232.415,610.824,251.491,600.254,241.953,21.140,19.076
youtube_juggling_for_data_analysis_eh1I3SlZn48_075_090.mp4,23,0.383717,32,sports ball,0.264543,538.664,282.600,559.166,303.564,548.915,293.082,20.502,20.964
youtube_juggling_for_data_analysis_eh1I3SlZn48_075_090.mp4,24,0.400400,32,sports ball,0.549728,587.720,224.392,610.367,247.070,599.044,235.731,22.648,22.678
youtube_juggling_for_data_analysis_eh1I3SlZn48_075_090.mp4,24,0.400400,32,sports ball,0.518995,569.238,374.284,587.383,393.974,578.311,384.129,18.145,19.690
youtube_juggling_for_data_analysis_eh1I3SlZn48_075_090.mp4,24,0.400400,32,sports ball,0.428531,605.965,196.725,624.577,216.319,615.271,206.522,18.612,19.594
youtube_juggling_for_data_analysis_eh1I3SlZn48_075_090.mp4,24,0.400400,32,sports ball,0.356553,538.144,292.563,557.560,312.797,547.852,302.680,19.417,20.234
youtube_juggling_for_data_analysis_eh1I3SlZn48_075_090.mp4,25,0.417083,32,sports ball,0.610650,587.603,219.731,607.690,239.303,597.646,229.517,20.087,19.572
youtube_juggling_for_data_analysis_eh1I3SlZn48_075_090.mp4,25,0.417083,32,sports ball,0.589634,607.239,198.168,627.695,218.066,617.467,208.117,20.456,19.897
youtube_juggling_for_data_analysis_eh1I3SlZn48_075_090.mp4,25,0.417083,32,sports ball,0.575701,536.300,303.749,555.781,321.641,546.041,312.695,19.481,17.891
youtube_juggling_for_data_analysis_eh1I3SlZn48_075_090.mp4,25,0.417083,32,sports ball,0.511465,572.245,360.936,589.207,380.755,580.726,370.845,16.962,19.819
youtube_juggling_for_data_analysis_eh1I3SlZn48_075_090.mp4,25,0.417083,32,sports ball,0.390447,587.834,219.867,607.875,239.460,597.854,229.664,20.041,19.593
youtube_juggling_for_data_analysis_eh1I3SlZn48_075_090.mp4,25,0.417083,32,sports ball,0.373631,571.966,360.827,590.988,384.352,581.477,372.590,19.022,23.525
youtube_juggling_for_data_analysis_eh1I3SlZn48_075_090.mp4,26,0.433767,32,sports ball,0.814458,572.520,350.345,591.791,369.018,582.155,359.682,19.271,18.673
youtube_juggling_for_data_analysis_eh1I3SlZn48_075_090.mp4,26,0.433767,32,sports ball,0.703415,606.748,200.745,629.053,221.386,617.901,211.065,22.305,20.641
youtube_juggling_for_data_analysis_eh1I3SlZn48_075_090.mp4,26,0.433767,32,sports ball,0.652039,586.257,215.426,607.045,234.469,596.651,224.948,20.788,19.043
youtube_juggling_for_data_analysis_eh1I3SlZn48_075_090.mp4,26,0.433767,32,sports ball,0.586473,535.436,313.766,553.490,333.895,544.463,323.830,18.055,20.129
youtube_juggling_for_data_analysis_eh1I3SlZn48_075_090.mp4,27,0.450450,32,sports ball,0.708779,575.454,336.626,592.703,356.250,584.078,346.438,17.248,19.624
youtube_juggling_for_data_analysis_eh1I3SlZn48_075_090.mp4,27,0.450450,32,sports ball,0.606213,532.740,325.641,552.793,346.279,542.766,335.960,20.054,20.638
youtube_juggling_for_data_analysis_eh1I3SlZn48_075_090.mp4,27,0.450450,32,sports ball,0.508902,584.450,211.051,606.277,230.095,595.363,220.573,21.828,19.043
youtube_juggling_for_data_analysis_eh1I3SlZn48_075_090.mp4,27,0.450450,32,sports ball,0.477819,610.196,202.499,630.188,223.688,620.192,213.094,19.991,21.188
youtube_juggling_for_data_analysis_eh1I3SlZn48_075_090.mp4,28,0.467133,32,sports ball,0.503947,611.517,206.393,632.532,226.358,622.025,216.376,21.015,19.965
youtube_juggling_for_data_analysis_eh1I3SlZn48_075_090.mp4,28,0.467133,32,sports ball,0.472388,576.511,324.657,593.607,345.142,585.059,334.899,17.095,20.485
youtube_juggling_for_data_analysis_eh1I3SlZn48_075_090.mp4,28,0.467133,32,sports ball,0.469978,531.147,336.631,551.696,359.048,541.421,347.840,20.549,22.417
youtube_juggling_for_data_analysis_eh1I3SlZn48_075_090.mp4,28,0.467133,32,sports ball,0.214199,583.215,206.531,605.603,225.338,594.409,215.934,22.388,18.807
youtube_juggling_for_data_analysis_eh1I3SlZn48_075_090.mp4,29,0.483817,32,sports ball,0.721556,577.399,313.596,597.338,333.998,587.368,323.797,19.938,20.402
youtube_juggling_for_data_analysis_eh1I3SlZn48_075_090.mp4,29,0.483817,32,sports ball,0.622412,529.595,348.358,550.651,373.051,540.123,360.704,21.057,24.693
youtube_juggling_for_data_analysis_eh1I3SlZn48_075_090.mp4,29,0.483817,32,sports ball,0.523096,611.994,210.626,632.687,231.475,622.341,221.050,20.693,20.850
youtube_juggling_for_data_analysis_eh1I3SlZn48_075_090.mp4,29,0.483817,32,sports ball,0.510990,582.855,202.147,603.673,223.762,593.264,212.955,20.818,21.615
youtube_juggling_for_data_analysis_eh1I3SlZn48_075_090.mp4,29,0.483817,32,sports ball,0.390036,623.927,465.421,643.199,487.769,633.563,476.595,19.272,22.348
youtube_juggling_for_data_analysis_eh1I3SlZn48_075_090.mp4,30,0.500500,32,sports ball,0.706992,528.373,362.961,548.036,385.634,538.205,374.297,19.663,22.673
youtube_juggling_for_data_analysis_eh1I3SlZn48_075_090.mp4,30,0.500500,32,sports ball,0.696823,612.615,214.268,633.299,235.675,622.957,224.971,20.684,21.407
youtube_juggling_for_data_analysis_eh1I3SlZn48_075_090.mp4,30,0.500500,32,sports ball,0.636540,581.259,200.436,602.832,221.733,592.045,211.085,21.573,21.296
youtube_juggling_for_data_analysis_eh1I3SlZn48_075_090.mp4,30,0.500500,32,sports ball,0.554006,578.967,303.513,598.135,321.542,588.551,312.528,19.168,18.029
youtube_juggling_for_data_analysis_eh1I3SlZn48_075_090.mp4,30,0.500500,32,sports ball,0.243493,621.014,465.710,640.637,488.416,630.826,477.063,19.623,22.705
youtube_juggling_for_data_analysis_eh1I3SlZn48_075_090.mp4,31,0.517183,32,sports ball,0.695058,527.168,375.916,544.630,397.113,535.899,386.515,17.462,21.197
youtube_juggling_for_data_analysis_eh1I3SlZn48_075_090.mp4,31,0.517183,32,sports ball,0.678326,580.178,293.782,599.766,312.531,589.972,303.157,19.589,18.748
youtube_juggling_for_data_analysis_eh1I3SlZn48_075_090.mp4,31,0.517183,32,sports ball,0.664145,578.791,197.673,602.375,217.523,590.583,207.598,23.583,19.850
youtube_juggling_for_data_analysis_eh1I3SlZn48_075_090.mp4,31,0.517183,32,sports ball,0.656629,613.928,218.602,635.341,239.960,624.634,229.281,21.413,21.358
youtube_juggling_for_data_analysis_eh1I3SlZn48_075_090.mp4,32,0.533867,32,sports ball,0.747262,525.029,390.452,543.761,409.123,534.395,399.788,18.732,18.671
youtube_juggling_for_data_analysis_eh1I3SlZn48_075_090.mp4,32,0.533867,32,sports ball,0.600506,615.964,224.389,636.325,246.880,626.144,235.634,20.361,22.490
youtube_juggling_for_data_analysis_eh1I3SlZn48_075_090.mp4,32,0.533867,32,sports ball,0.524187,581.716,282.972,601.402,304.092,591.559,293.532,19.686,21.120
youtube_juggling_for_data_analysis_eh1I3SlZn48_075_090.mp4,32,0.533867,32,sports ball,0.432305,578.899,194.960,600.785,216.752,589.842,205.856,21.885,21.793
youtube_juggling_for_data_analysis_eh1I3SlZn48_075_090.mp4,32,0.533867,32,sports ball,0.352561,613.846,455.892,634.824,478.173,624.335,467.032,20.978,22.281
youtube_juggling_for_data_analysis_eh1I3SlZn48_075_090.mp4,32,0.533867,32,sports ball,0.214104,612.702,450.899,636.386,478.634,624.544,464.766,23.684,27.735
youtube_juggling_for_data_analysis_eh1I3SlZn48_075_090.mp4,33,0.550550,32,sports ball,0.693533,616.254,230.862,637.746,252.132,627.000,241.497,21.493,21.270
youtube_juggling_for_data_analysis_eh1I3SlZn48_075_090.mp4,33,0.550550,32,sports ball,0.687408,610.796,447.083,631.920,469.284,621.358,458.184,21.124,22.202
youtube_juggling_for_data_analysis_eh1I3SlZn48_075_090.mp4,33,0.550550,32,sports ball,0.656594,523.604,398.793,544.008,419.134,533.806,408.964,20.404,20.341
youtube_juggling_for_data_analysis_eh1I3SlZn48_075_090.mp4,33,0.550550,32,sports ball,0.655350,582.177,274.516,602.730,295.823,592.454,285.170,20.552,21.307
youtube_juggling_for_data_analysis_eh1I3SlZn48_075_090.mp4,33,0.550550,32,sports ball,0.506735,578.185,193.310,599.535,216.079,588.860,204.694,21.349,22.769
youtube_juggling_for_data_analysis_eh1I3SlZn48_075_090.mp4,34,0.567233,32,sports ball,0.859963,608.442,437.406,630.005,457.887,619.224,447.647,21.564,20.481
youtube_juggling_for_data_analysis_eh1I3SlZn48_075_090.mp4,34,0.567233,32,sports ball,0.670927,618.163,236.795,639.259,259.537,628.711,248.166,21.095,22.742
youtube_juggling_for_data_analysis_eh1I3SlZn48_075_090.mp4,34,0.567233,32,sports ball,0.593700,524.030,407.089,543.253,423.696,533.642,415.393,19.223,16.606
youtube_juggling_for_data_analysis_eh1I3SlZn48_075_090.mp4,34,0.567233,32,sports ball,0.390733,583.515,267.258,604.604,287.520,594.059,277.389,21.089,20.262
youtube_juggling_for_data_analysis_eh1I3SlZn48_075_090.mp4,34,0.567233,32,sports ball,0.357076,523.502,406.973,543.321,424.217,533.411,415.595,19.819,17.244
youtube_juggling_for_data_analysis_eh1I3SlZn48_075_090.mp4,34,0.567233,32,sports ball,0.334389,576.593,192.690,598.550,214.960,587.572,203.825,21.956,22.271
youtube_juggling_for_data_analysis_eh1I3SlZn48_075_090.mp4,35,0.583917,32,sports ball,0.836969,606.663,422.938,627.495,445.444,617.079,434.191,20.832,22.506
youtube_juggling_for_data_analysis_eh1I3SlZn48_075_090.mp4,35,0.583917,32,sports ball,0.740939,524.641,412.952,543.083,432.870,533.862,422.911,18.442,19.917
youtube_juggling_for_data_analysis_eh1I3SlZn48_075_090.mp4,35,0.583917,32,sports ball,0.712614,619.764,245.027,640.365,266.629,630.064,255.828,20.602,21.602
youtube_juggling_for_data_analysis_eh1I3SlZn48_075_090.mp4,35,0.583917,32,sports ball,0.656155,584.598,258.948,606.453,279.753,595.525,269.350,21.855,20.806
youtube_juggling_for_data_analysis_eh1I3SlZn48_075_090.mp4,35,0.583917,32,sports ball,0.615079,575.329,192.563,598.135,214.002,586.732,203.282,22.806,21.439
youtube_juggling_for_data_analysis_eh1I3SlZn48_075_090.mp4,36,0.600600,32,sports ball,0.673601,526.019,422.394,544.829,439.803,535.424,431.098,18.810,17.409
youtube_juggling_for_data_analysis_eh1I3SlZn48_075_090.mp4,36,0.600600,32,sports ball,0.622262,606.672,408.697,628.551,431.390,617.611,420.044,21.879,22.693
youtube_juggling_for_data_analysis_eh1I3SlZn48_075_090.mp4,36,0.600600,32,sports ball,0.513135,620.846,252.940,640.364,274.834,630.605,263.887,19.518,21.894
youtube_juggling_for_data_analysis_eh1I3SlZn48_075_090.mp4,36,0.600600,32,sports ball,0.403037,586.520,250.869,606.683,273.930,596.601,262.399,20.163,23.061
youtube_juggling_for_data_analysis_eh1I3SlZn48_075_090.mp4,36,0.600600,32,sports ball,0.236934,575.266,193.475,596.615,214.048,585.941,203.761,21.349,20.573
youtube_juggling_for_data_analysis_eh1I3SlZn48_075_090.mp4,36,0.600600,32,sports ball,0.214631,575.152,192.753,597.269,214.136,586.211,203.444,22.117,21.383
youtube_juggling_for_data_analysis_eh1I3SlZn48_075_090.mp4,37,0.617283,32,sports ball,0.674996,587.833,245.350,607.775,267.941,597.804,256.645,19.942,22.591
youtube_juggling_for_data_analysis_eh1I3SlZn48_075_090.mp4,37,0.617283,32,sports ball,0.570554,622.455,261.353,640.487,282.693,631.471,272.023,18.032,21.340
youtube_juggling_for_data_analysis_eh1I3SlZn48_075_090.mp4,37,0.617283,32,sports ball,0.492643,605.277,394.777,622.246,415.001,613.761,404.889,16.969,20.224
youtube_juggling_for_data_analysis_eh1I3SlZn48_075_090.mp4,37,0.617283,32,sports ball,0.448472,527.255,430.055,548.053,447.702,537.654,438.878,20.798,17.647
youtube_juggling_for_data_analysis_eh1I3SlZn48_075_090.mp4,37,0.617283,32,sports ball,0.389767,574.894,192.995,593.585,215.263,584.239,204.129,18.691,22.268
youtube_juggling_for_data_analysis_eh1I3SlZn48_075_090.mp4,38,0.633967,32,sports ball,0.620987,529.803,438.697,550.636,457.799,540.220,448.248,20.832,19.102
youtube_juggling_for_data_analysis_eh1I3SlZn48_075_090.mp4,38,0.633967,32,sports ball,0.560268,588.946,238.852,608.837,260.250,598.891,249.551,19.891,21.398
youtube_juggling_for_data_analysis_eh1I3SlZn48_075_090.mp4,38,0.633967,32,sports ball,0.441979,624.330,269.173,643.369,289.756,633.850,279.465,19.038,20.583
youtube_juggling_for_data_analysis_eh1I3SlZn48_075_090.mp4,38,0.633967,32,sports ball,0.175278,572.557,196.512,593.308,216.957,582.933,206.735,20.751,20.444
youtube_juggling_for_data_analysis_eh1I3SlZn48_075_090.mp4,39,0.650650,32,sports ball,0.733910,624.790,278.301,644.691,301.139,634.740,289.720,19.900,22.838
youtube_juggling_for_data_analysis_eh1I3SlZn48_075_090.mp4,39,0.650650,32,sports ball,0.647498,600.258,366.166,619.219,386.787,609.739,376.477,18.961,20.621
youtube_juggling_for_data_analysis_eh1I3SlZn48_075_090.mp4,39,0.650650,32,sports ball,0.560629,589.695,232.814,609.643,255.534,599.669,244.174,19.949,22.720
youtube_juggling_for_data_analysis_eh1I3SlZn48_075_090.mp4,39,0.650650,32,sports ball,0.463596,531.355,444.321,552.192,467.521,541.774,455.921,20.837,23.200
youtube_juggling_for_data_analysis_eh1I3SlZn48_075_090.mp4,39,0.650650,32,sports ball,0.383778,570.610,196.965,592.944,217.438,581.777,207.201,22.334,20.473
youtube_juggling_for_data_analysis_eh1I3SlZn48_075_090.mp4,40,0.667333,32,sports ball,0.777301,625.598,289.685,645.083,312.096,635.341,300.891,19.485,22.411
youtube_juggling_for_data_analysis_eh1I3SlZn48_075_090.mp4,40,0.667333,32,sports ball,0.741972,592.975,227.837,611.646,248.880,602.311,238.359,18.671,21.043
youtube_juggling_for_data_analysis_eh1I3SlZn48_075_090.mp4,40,0.667333,32,sports ball,0.557501,569.438,201.092,591.277,220.935,580.357,211.013,21.839,19.843
youtube_juggling_for_data_analysis_eh1I3SlZn48_075_090.mp4,40,0.667333,32,sports ball,0.299346,534.163,453.072,555.199,471.880,544.681,462.476,21.035,18.807
youtube_juggling_for_data_analysis_eh1I3SlZn48_075_090.mp4,41,0.684017,32,sports ball,0.783412,628.489,300.184,646.547,320.352,637.518,310.268,18.058,20.167
youtube_juggling_for_data_analysis_eh1I3SlZn48_075_090.mp4,41,0.684017,32,sports ball,0.666294,593.321,224.206,613.688,245.144,603.504,234.675,20.367,20.937
youtube_juggling_for_data_analysis_eh1I3SlZn48_075_090.mp4,41,0.684017,32,sports ball,0.371754,568.459,201.393,589.959,224.169,579.209,212.781,21.500,22.777
youtube_juggling_for_data_analysis_eh1I3SlZn48_075_090.mp4,41,0.684017,32,sports ball,0.326905,538.524,457.576,558.115,479.696,548.319,468.636,19.591,22.120
youtube_juggling_for_data_analysis_eh1I3SlZn48_075_090.mp4,41,0.684017,32,sports ball,0.324379,568.962,202.027,589.369,223.688,579.166,212.857,20.406,21.660
youtube_juggling_for_data_analysis_eh1I3SlZn48_075_090.mp4,41,0.684017,32,sports ball,0.293190,538.624,457.421,557.893,475.497,548.259,466.459,19.269,18.076
youtube_juggling_for_data_analysis_eh1I3SlZn48_075_090.mp4,42,0.700700,32,sports ball,0.761744,593.852,220.273,615.486,241.250,604.669,230.762,21.635,20.977
youtube_juggling_for_data_analysis_eh1I3SlZn48_075_090.mp4,42,0.700700,32,sports ball,0.706872,629.152,312.119,649.664,334.027,639.408,323.073,20.512,21.909
youtube_juggling_for_data_analysis_eh1I3SlZn48_075_090.mp4,42,0.700700,32,sports ball,0.585166,568.309,205.917,589.016,225.070,578.662,215.494,20.708,19.152
youtube_juggling_for_data_analysis_eh1I3SlZn48_075_090.mp4,42,0.700700,32,sports ball,0.281366,542.531,459.949,562.543,483.233,552.537,471.591,20.013,23.284
youtube_juggling_for_data_analysis_eh1I3SlZn48_075_090.mp4,43,0.717383,32,sports ball,0.798122,630.798,322.307,650.803,343.669,640.801,332.988,20.005,21.361
youtube_juggling_for_data_analysis_eh1I3SlZn48_075_090.mp4,43,0.717383,32,sports ball,0.703401,596.195,215.898,616.256,238.246,606.226,227.072,20.061,22.348
youtube_juggling_for_data_analysis_eh1I3SlZn48_075_090.mp4,43,0.717383,32,sports ball,0.587181,567.220,210.591,588.519,229.585,577.869,220.088,21.299,18.994
youtube_juggling_for_data_analysis_eh1I3SlZn48_075_090.mp4,43,0.717383,32,sports ball,0.415227,594.477,314.198,614.675,333.407,604.576,323.803,20.198,19.210
youtube_juggling_for_data_analysis_eh1I3SlZn48_075_090.mp4,44,0.734067,32,sports ball,0.725826,632.566,335.798,650.926,356.273,641.746,346.035,18.361,20.475
youtube_juggling_for_data_analysis_eh1I3SlZn48_075_090.mp4,44,0.734067,32,sports ball,0.497671,551.246,470.298,570.819,490.919,561.033,480.609,19.573,20.620
youtube_juggling_for_data_analysis_eh1I3SlZn48_075_090.mp4,44,0.734067,32,sports ball,0.372768,597.167,214.527,618.705,234.852,607.936,224.689,21.538,20.325
youtube_juggling_for_data_analysis_eh1I3SlZn48_075_090.mp4,44,0.734067,32,sports ball,0.269635,593.534,303.847,613.197,321.861,603.366,312.854,19.663,18.014
youtube_juggling_for_data_analysis_eh1I3SlZn48_075_090.mp4,45,0.750750,32,sports ball,0.673629,633.562,348.890,653.207,371.712,643.384,360.301,19.645,22.822
youtube_juggling_for_data_analysis_eh1I3SlZn48_075_090.mp4,45,0.750750,32,sports ball,0.480860,598.127,211.043,620.428,232.786,609.277,221.914,22.302,21.744
youtube_juggling_for_data_analysis_eh1I3SlZn48_075_090.mp4,45,0.750750,32,sports ball,0.445637,591.688,292.565,611.710,312.760,601.699,302.662,20.022,20.195
youtube_juggling_for_data_analysis_eh1I3SlZn48_075_090.mp4,45,0.750750,32,sports ball,0.208859,563.811,219.429,585.667,239.372,574.739,229.401,21.856,19.943
youtube_juggling_for_data_analysis_eh1I3SlZn48_075_090.mp4,46,0.767433,32,sports ball,0.462892,634.886,362.852,654.870,384.491,644.878,373.671,19.984,21.638
youtube_juggling_for_data_analysis_eh1I3SlZn48_075_090.mp4,46,0.767433,32,sports ball,0.455536,589.539,282.707,609.242,304.980,599.391,293.844,19.704,22.273
youtube_juggling_for_data_analysis_eh1I3SlZn48_075_090.mp4,46,0.767433,32,sports ball,0.345911,600.235,210.529,620.900,229.190,610.568,219.860,20.665,18.661
youtube_juggling_for_data_analysis_eh1I3SlZn48_075_090.mp4,46,0.767433,32,sports ball,0.297071,557.499,465.981,576.612,488.344,567.055,477.163,19.114,22.363
youtube_juggling_for_data_analysis_eh1I3SlZn48_075_090.mp4,47,0.784117,32,sports ball,0.669700,601.058,209.432,622.780,229.460,611.919,219.446,21.722,20.028
youtube_juggling_for_data_analysis_eh1I3SlZn48_075_090.mp4,47,0.784117,32,sports ball,0.589466,635.588,375.824,656.343,398.196,645.966,387.010,20.755,22.372
youtube_juggling_for_data_analysis_eh1I3SlZn48_075_090.mp4,47,0.784117,32,sports ball,0.535005,588.361,273.444,608.396,295.159,598.378,284.301,20.035,21.714
youtube_juggling_for_data_analysis_eh1I3SlZn48_075_090.mp4,47,0.784117,32,sports ball,0.471015,561.876,231.329,583.062,249.999,572.469,240.664,21.185,18.670
youtube_juggling_for_data_analysis_eh1I3SlZn48_075_090.mp4,47,0.784117,32,sports ball,0.196778,560.454,461.989,578.776,480.988,569.615,471.489,18.322,18.999
youtube_juggling_for_data_analysis_eh1I3SlZn48_075_090.mp4,48,0.800800,32,sports ball,0.652358,601.006,207.269,624.053,228.763,612.530,218.016,23.047,21.494
youtube_juggling_for_data_analysis_eh1I3SlZn48_075_090.mp4,48,0.800800,32,sports ball,0.567910,587.233,264.430,607.908,286.975,597.570,275.703,20.675,22.546
youtube_juggling_for_data_analysis_eh1I3SlZn48_075_090.mp4,48,0.800800,32,sports ball,0.546956,560.180,236.820,580.491,256.435,570.336,246.627,20.311,19.615
youtube_juggling_for_data_analysis_eh1I3SlZn48_075_090.mp4,48,0.800800,32,sports ball,0.393582,587.039,264.565,607.717,286.273,597.378,275.419,20.678,21.708
youtube_juggling_for_data_analysis_eh1I3SlZn48_075_090.mp4,48,0.800800,32,sports ball,0.282236,561.458,446.737,583.050,472.303,572.254,459.520,21.593,25.566
youtube_juggling_for_data_analysis_eh1I3SlZn48_075_090.mp4,49,0.817483,32,sports ball,0.764791,585.225,256.335,606.328,278.746,595.777,267.540,21.103,22.411
youtube_juggling_for_data_analysis_eh1I3SlZn48_075_090.mp4,49,0.817483,32,sports ball,0.724204,603.471,206.203,626.903,228.059,615.187,217.131,23.431,21.856
youtube_juggling_for_data_analysis_eh1I3SlZn48_075_090.mp4,49,0.817483,32,sports ball,0.671608,557.823,243.682,579.584,265.158,568.704,254.420,21.761,21.476
youtube_juggling_for_data_analysis_eh1I3SlZn48_075_090.mp4,49,0.817483,32,sports ball,0.396563,564.862,440.349,584.531,461.476,574.697,450.913,19.669,21.127
youtube_juggling_for_data_analysis_eh1I3SlZn48_075_090.mp4,50,0.834167,32,sports ball,0.767670,605.983,207.079,628.310,228.367,617.147,217.723,22.326,21.289
youtube_juggling_for_data_analysis_eh1I3SlZn48_075_090.mp4,50,0.834167,32,sports ball,0.746012,583.882,248.586,605.898,270.284,594.890,259.435,22.016,21.698
youtube_juggling_for_data_analysis_eh1I3SlZn48_075_090.mp4,50,0.834167,32,sports ball,0.736056,557.242,251.026,578.808,272.972,568.025,261.999,21.566,21.947
youtube_juggling_for_data_analysis_eh1I3SlZn48_075_090.mp4,50,0.834167,32,sports ball,0.546087,566.296,427.620,587.030,448.084,576.663,437.852,20.734,20.464
youtube_juggling_for_data_analysis_eh1I3SlZn48_075_090.mp4,50,0.834167,32,sports ball,0.244222,636.686,407.488,655.930,423.595,646.308,415.541,19.244,16.107
youtube_juggling_for_data_analysis_eh1I3SlZn48_075_090.mp4,51,0.850850,32,sports ball,0.780166,567.815,413.249,587.033,433.520,577.424,423.385,19.219,20.271
youtube_juggling_for_data_analysis_eh1I3SlZn48_075_090.mp4,51,0.850850,32,sports ball,0.740729,583.863,241.311,605.033,261.034,594.448,251.173,21.171,19.723
youtube_juggling_for_data_analysis_eh1I3SlZn48_075_090.mp4,51,0.850850,32,sports ball,0.721247,557.594,259.489,576.963,280.908,567.279,270.198,19.368,21.419
youtube_juggling_for_data_analysis_eh1I3SlZn48_075_090.mp4,51,0.850850,32,sports ball,0.665795,607.688,208.500,629.133,229.459,618.410,218.980,21.445,20.959
youtube_juggling_for_data_analysis_eh1I3SlZn48_075_090.mp4,51,0.850850,32,sports ball,0.541432,635.788,418.011,654.554,434.574,645.171,426.293,18.766,16.563
youtube_juggling_for_data_analysis_eh1I3SlZn48_075_090.mp4,51,0.850850,32,sports ball,0.360381,636.345,417.732,654.742,431.921,645.543,424.826,18.397,14.189
youtube_juggling_for_data_analysis_eh1I3SlZn48_075_090.mp4,52,0.867533,32,sports ball,0.730101,569.636,399.392,589.316,420.344,579.476,409.868,19.680,20.953
youtube_juggling_for_data_analysis_eh1I3SlZn48_075_090.mp4,52,0.867533,32,sports ball,0.608238,609.878,210.512,629.664,229.845,619.771,220.179,19.786,19.334
youtube_juggling_for_data_analysis_eh1I3SlZn48_075_090.mp4,52,0.867533,32,sports ball,0.561435,556.451,268.403,576.043,290.058,566.247,279.231,19.592,21.655
youtube_juggling_for_data_analysis_eh1I3SlZn48_075_090.mp4,52,0.867533,32,sports ball,0.561359,582.817,233.555,602.734,255.623,592.776,244.589,19.917,22.068
youtube_juggling_for_data_analysis_eh1I3SlZn48_075_090.mp4,52,0.867533,32,sports ball,0.540192,634.181,426.274,649.790,443.598,641.986,434.936,15.609,17.324
youtube_juggling_for_data_analysis_eh1I3SlZn48_075_090.mp4,52,0.867533,32,sports ball,0.533928,633.364,426.331,650.549,448.010,641.957,437.170,17.185,21.679
youtube_juggling_for_data_analysis_eh1I3SlZn48_075_090.mp4,53,0.884217,32,sports ball,0.666882,570.521,385.590,591.285,406.518,580.903,396.054,20.764,20.928
youtube_juggling_for_data_analysis_eh1I3SlZn48_075_090.mp4,53,0.884217,32,sports ball,0.649497,610.935,211.125,632.133,231.645,621.534,221.385,21.197,20.520
youtube_juggling_for_data_analysis_eh1I3SlZn48_075_090.mp4,53,0.884217,32,sports ball,0.440678,580.842,227.740,602.289,248.631,591.566,238.185,21.447,20.892
youtube_juggling_for_data_analysis_eh1I3SlZn48_075_090.mp4,53,0.884217,32,sports ball,0.377445,552.380,275.539,575.641,299.257,564.010,287.398,23.261,23.717
youtube_juggling_for_data_analysis_eh1I3SlZn48_075_090.mp4,53,0.884217,32,sports ball,0.165681,630.268,435.534,649.449,456.918,639.859,446.226,19.181,21.384
youtube_juggling_for_data_analysis_eh1I3SlZn48_075_090.mp4,54,0.900900,32,sports ball,0.816398,575.432,372.289,593.121,392.103,584.277,382.196,17.688,19.815
youtube_juggling_for_data_analysis_eh1I3SlZn48_075_090.mp4,54,0.900900,32,sports ball,0.483315,610.310,212.365,633.468,235.423,621.889,223.894,23.158,23.058
youtube_juggling_for_data_analysis_eh1I3SlZn48_075_090.mp4,54,0.900900,32,sports ball,0.299972,580.654,223.760,600.795,242.716,590.725,233.238,20.141,18.956
youtube_juggling_for_data_analysis_eh1I3SlZn48_075_090.mp4,54,0.900900,32,sports ball,0.291288,551.637,286.117,574.142,308.690,562.890,297.404,22.504,22.573
youtube_juggling_for_data_analysis_eh1I3SlZn48_075_090.mp4,55,0.917583,32,sports ball,0.671002,612.508,215.781,632.917,237.944,622.712,226.862,20.409,22.163
youtube_juggling_for_data_analysis_eh1I3SlZn48_075_090.mp4,55,0.917583,32,sports ball,0.610591,579.699,217.601,599.677,237.683,589.688,227.642,19.978,20.082
youtube_juggling_for_data_analysis_eh1I3SlZn48_075_090.mp4,55,0.917583,32,sports ball,0.438829,624.597,449.160,644.583,470.070,634.590,459.615,19.987,20.911
youtube_juggling_for_data_analysis_eh1I3SlZn48_075_090.mp4,55,0.917583,32,sports ball,0.427393,551.483,296.249,571.977,318.446,561.730,307.348,20.494,22.197
youtube_juggling_for_data_analysis_eh1I3SlZn48_075_090.mp4,55,0.917583,32,sports ball,0.272693,576.157,359.534,592.473,379.768,584.315,369.651,16.316,20.234
youtube_juggling_for_data_analysis_eh1I3SlZn48_075_090.mp4,56,0.934267,32,sports ball,0.779834,577.231,348.648,592.765,368.238,584.998,358.443,15.534,19.589
youtube_juggling_for_data_analysis_eh1I3SlZn48_075_090.mp4,56,0.934267,32,sports ball,0.691561,614.046,220.072,635.655,240.313,624.850,230.193,21.609,20.241
youtube_juggling_for_data_analysis_eh1I3SlZn48_075_090.mp4,56,0.934267,32,sports ball,0.550632,578.645,213.624,598.601,233.827,588.623,223.726,19.956,20.202
youtube_juggling_for_data_analysis_eh1I3SlZn48_075_090.mp4,56,0.934267,32,sports ball,0.348230,622.208,455.018,641.822,474.862,632.015,464.940,19.614,19.844
youtube_juggling_for_data_analysis_eh1I3SlZn48_075_090.mp4,56,0.934267,32,sports ball,0.275467,549.765,307.312,571.829,328.966,560.797,318.139,22.064,21.654
youtube_juggling_for_data_analysis_eh1I3SlZn48_075_090.mp4,56,0.934267,32,sports ball,0.178211,551.226,310.013,570.813,328.669,561.020,319.341,19.587,18.656
youtube_juggling_for_data_analysis_eh1I3SlZn48_075_090.mp4,57,0.950950,32,sports ball,0.668999,614.800,224.049,637.566,244.232,626.183,234.140,22.766,20.183
youtube_juggling_for_data_analysis_eh1I3SlZn48_075_090.mp4,57,0.950950,32,sports ball,0.635650,577.214,209.906,597.191,229.309,587.203,219.607,19.977,19.403
youtube_juggling_for_data_analysis_eh1I3SlZn48_075_090.mp4,57,0.950950,32,sports ball,0.486034,577.158,336.570,593.527,354.070,585.343,345.320,16.369,17.500
youtube_juggling_for_data_analysis_eh1I3SlZn48_075_090.mp4,57,0.950950,32,sports ball,0.293400,618.917,454.936,639.193,479.661,629.055,467.298,20.276,24.725
youtube_juggling_for_data_analysis_eh1I3SlZn48_075_090.mp4,57,0.950950,32,sports ball,0.287292,550.218,320.489,569.910,340.058,560.064,330.273,19.692,19.569
youtube_juggling_for_data_analysis_eh1I3SlZn48_075_090.mp4,57,0.950950,32,sports ball,0.268470,548.786,318.192,570.740,340.437,559.763,329.314,21.954,22.245
youtube_juggling_for_data_analysis_eh1I3SlZn48_075_090.mp4,58,0.967633,32,sports ball,0.689079,617.112,228.666,637.992,248.440,627.552,238.553,20.880,19.775
youtube_juggling_for_data_analysis_eh1I3SlZn48_075_090.mp4,58,0.967633,32,sports ball,0.557582,576.343,205.767,596.205,226.859,586.274,216.313,19.862,21.092
youtube_juggling_for_data_analysis_eh1I3SlZn48_075_090.mp4,58,0.967633,32,sports ball,0.494819,548.649,331.715,567.818,351.916,558.234,341.816,19.169,20.201
youtube_juggling_for_data_analysis_eh1I3SlZn48_075_090.mp4,58,0.967633,32,sports ball,0.385532,577.286,325.467,594.386,345.470,585.836,335.468,17.100,20.003
youtube_juggling_for_data_analysis_eh1I3SlZn48_075_090.mp4,58,0.967633,32,sports ball,0.280592,617.421,458.714,637.930,481.743,627.676,470.229,20.509,23.029
youtube_juggling_for_data_analysis_eh1I3SlZn48_075_090.mp4,58,0.967633,32,sports ball,0.254887,577.158,325.474,594.007,345.010,585.582,335.242,16.849,19.536
youtube_juggling_for_data_analysis_eh1I3SlZn48_075_090.mp4,59,0.984317,32,sports ball,0.612880,579.722,314.142,598.140,334.293,588.931,324.217,18.417,20.151
youtube_juggling_for_data_analysis_eh1I3SlZn48_075_090.mp4,59,0.984317,32,sports ball,0.574363,619.904,233.501,639.751,254.273,629.828,243.887,19.847,20.773
youtube_juggling_for_data_analysis_eh1I3SlZn48_075_090.mp4,59,0.984317,32,sports ball,0.445740,548.125,344.325,566.819,364.939,557.472,354.632,18.693,20.614
youtube_juggling_for_data_analysis_eh1I3SlZn48_075_090.mp4,59,0.984317,32,sports ball,0.425106,620.429,233.715,639.793,253.851,630.111,243.783,19.364,20.136
youtube_juggling_for_data_analysis_eh1I3SlZn48_075_090.mp4,59,0.984317,32,sports ball,0.398488,576.469,202.288,594.577,223.599,585.523,212.943,18.109,21.311
youtube_juggling_for_data_analysis_eh1I3SlZn48_075_090.mp4,59,0.984317,32,sports ball,0.383037,615.704,459.110,635.374,480.724,625.539,469.917,19.670,21.614
youtube_juggling_for_data_analysis_eh1I3SlZn48_075_090.mp4,60,1.001000,32,sports ball,0.645049,580.431,304.993,599.230,321.880,589.831,313.437,18.799,16.888
youtube_juggling_for_data_analysis_eh1I3SlZn48_075_090.mp4,60,1.001000,32,sports ball,0.642803,546.117,356.751,565.425,377.713,555.771,367.232,19.308,20.962
youtube_juggling_for_data_analysis_eh1I3SlZn48_075_090.mp4,60,1.001000,32,sports ball,0.626842,620.788,238.452,640.164,259.832,630.476,249.142,19.376,21.380
youtube_juggling_for_data_analysis_eh1I3SlZn48_075_090.mp4,60,1.001000,32,sports ball,0.531107,574.666,200.713,592.568,220.822,583.617,210.768,17.903,20.109
youtube_juggling_for_data_analysis_eh1I3SlZn48_075_090.mp4,60,1.001000,32,sports ball,0.238046,611.211,454.245,632.517,478.014,621.864,466.129,21.306,23.769
youtube_juggling_for_data_analysis_eh1I3SlZn48_075_090.mp4,61,1.017683,32,sports ball,0.617099,545.590,370.220,564.439,389.020,555.015,379.620,18.848,18.800
youtube_juggling_for_data_analysis_eh1I3SlZn48_075_090.mp4,61,1.017683,32,sports ball,0.582368,580.991,295.616,601.150,314.939,591.070,305.277,20.159,19.323
youtube_juggling_for_data_analysis_eh1I3SlZn48_075_090.mp4,61,1.017683,32,sports ball,0.522775,621.839,246.515,640.251,265.947,631.045,256.231,18.412,19.433
youtube_juggling_for_data_analysis_eh1I3SlZn48_075_090.mp4,61,1.017683,32,sports ball,0.467403,571.834,197.546,591.961,218.615,581.897,208.081,20.127,21.069
youtube_juggling_for_data_analysis_eh1I3SlZn48_075_090.mp4,61,1.017683,32,sports ball,0.352545,610.117,448.521,631.118,472.398,620.617,460.460,21.001,23.877
youtube_juggling_for_data_analysis_eh1I3SlZn48_075_090.mp4,61,1.017683,32,sports ball,0.327249,545.746,369.801,563.849,392.505,554.797,381.153,18.103,22.705
youtube_juggling_for_data_analysis_eh1I3SlZn48_075_090.mp4,62,1.034367,32,sports ball,0.678745,545.091,385.397,561.464,401.684,553.278,393.541,16.373,16.287
youtube_juggling_for_data_analysis_eh1I3SlZn48_075_090.mp4,62,1.034367,32,sports ball,0.633880,571.117,196.788,591.467,217.104,581.292,206.946,20.350,20.315
youtube_juggling_for_data_analysis_eh1I3SlZn48_075_090.mp4,62,1.034367,32,sports ball,0.557315,581.412,286.789,602.075,307.187,591.743,296.988,20.663,20.398
youtube_juggling_for_data_analysis_eh1I3SlZn48_075_090.mp4,62,1.034367,32,sports ball,0.550077,623.900,251.561,643.435,272.977,633.667,262.269,19.535,21.415
youtube_juggling_for_data_analysis_eh1I3SlZn48_075_090.mp4,62,1.034367,32,sports ball,0.452619,608.022,440.444,629.397,462.014,618.710,451.229,21.375,21.570
youtube_juggling_for_data_analysis_eh1I3SlZn48_075_090.mp4,62,1.034367,32,sports ball,0.259799,581.357,286.636,602.159,307.393,591.758,297.014,20.802,20.756
youtube_juggling_for_data_analysis_eh1I3SlZn48_075_090.mp4,63,1.051050,32,sports ball,0.679370,624.511,259.134,644.983,280.285,634.747,269.709,20.472,21.151
youtube_juggling_for_data_analysis_eh1I3SlZn48_075_090.mp4,63,1.051050,32,sports ball,0.621123,570.742,196.011,590.204,216.535,580.473,206.273,19.463,20.524
youtube_juggling_for_data_analysis_eh1I3SlZn48_075_090.mp4,63,1.051050,32,sports ball,0.596266,581.802,277.776,603.131,299.256,592.466,288.516,21.329,21.480
youtube_juggling_for_data_analysis_eh1I3SlZn48_075_090.mp4,63,1.051050,32,sports ball,0.328617,608.442,427.036,626.864,448.209,617.653,437.623,18.422,21.172
youtube_juggling_for_data_analysis_eh1I3SlZn48_075_090.mp4,64,1.067733,32,sports ball,0.663702,583.825,270.051,605.027,290.894,594.426,280.472,21.203,20.843
youtube_juggling_for_data_analysis_eh1I3SlZn48_075_090.mp4,64,1.067733,32,sports ball,0.663568,625.803,266.953,646.240,287.642,636.021,277.298,20.437,20.689
youtube_juggling_for_data_analysis_eh1I3SlZn48_075_090.mp4,64,1.067733,32,sports ball,0.566707,569.672,195.700,589.028,215.847,579.350,205.773,19.357,20.147
youtube_juggling_for_data_analysis_eh1I3SlZn48_075_090.mp4,64,1.067733,32,sports ball,0.352888,544.181,401.425,561.284,428.646,552.733,415.036,17.103,27.221
youtube_juggling_for_data_analysis_eh1I3SlZn48_075_090.mp4,64,1.067733,32,sports ball,0.302759,544.205,401.835,561.030,423.843,552.618,412.839,16.825,22.008
youtube_juggling_for_data_analysis_eh1I3SlZn48_075_090.mp4,65,1.084417,32,sports ball,0.759833,583.999,263.581,605.757,284.413,594.878,273.997,21.758,20.831
youtube_juggling_for_data_analysis_eh1I3SlZn48_075_090.mp4,65,1.084417,32,sports ball,0.734570,627.209,275.258,648.952,296.377,638.080,285.818,21.743,21.119
youtube_juggling_for_data_analysis_eh1I3SlZn48_075_090.mp4,65,1.084417,32,sports ball,0.683747,540.998,409.354,560.794,434.932,550.896,422.143,19.796,25.577
youtube_juggling_for_data_analysis_eh1I3SlZn48_075_090.mp4,65,1.084417,32,sports ball,0.655362,567.416,194.162,589.822,216.621,578.619,205.392,22.405,22.459
youtube_juggling_for_data_analysis_eh1I3SlZn48_075_090.mp4,65,1.084417,32,sports ball,0.286293,605.982,400.930,624.710,418.824,615.346,409.877,18.729,17.894
youtube_juggling_for_data_analysis_eh1I3SlZn48_075_090.mp4,66,1.101100,32,sports ball,0.775194,585.596,255.680,606.865,277.945,596.230,266.813,21.269,22.265
youtube_juggling_for_data_analysis_eh1I3SlZn48_075_090.mp4,66,1.101100,32,sports ball,0.747468,567.080,195.625,587.355,216.986,577.217,206.305,20.275,21.361
youtube_juggling_for_data_analysis_eh1I3SlZn48_075_090.mp4,66,1.101100,32,sports ball,0.679129,628.409,283.641,649.719,304.642,639.064,294.141,21.310,21.001
youtube_juggling_for_data_analysis_eh1I3SlZn48_075_090.mp4,66,1.101100,32,sports ball,0.605372,540.418,417.873,560.632,442.128,550.525,430.000,20.215,24.255
youtube_juggling_for_data_analysis_eh1I3SlZn48_075_090.mp4,66,1.101100,32,sports ball,0.491836,603.116,385.582,620.893,403.281,612.004,394.431,17.777,17.699
youtube_juggling_for_data_analysis_eh1I3SlZn48_075_090.mp4,67,1.117783,32,sports ball,0.837245,587.484,249.808,607.827,270.556,597.655,260.182,20.343,20.748
youtube_juggling_for_data_analysis_eh1I3SlZn48_075_090.mp4,67,1.117783,32,sports ball,0.823804,629.737,294.477,651.107,314.829,640.422,304.653,21.369,20.352
youtube_juggling_for_data_analysis_eh1I3SlZn48_075_090.mp4,67,1.117783,32,sports ball,0.812440,565.644,196.909,584.942,217.127,575.293,207.018,19.298,20.218
youtube_juggling_for_data_analysis_eh1I3SlZn48_075_090.mp4,67,1.117783,32,sports ball,0.745559,601.734,371.573,620.519,392.062,611.127,381.817,18.785,20.490
youtube_juggling_for_data_analysis_eh1I3SlZn48_075_090.mp4,67,1.117783,32,sports ball,0.716705,540.773,425.330,561.397,448.185,551.085,436.758,20.623,22.855
youtube_juggling_for_data_analysis_eh1I3SlZn48_075_090.mp4,68,1.134467,32,sports ball,0.614538,541.213,434.483,561.689,456.724,551.451,445.604,20.476,22.241
youtube_juggling_for_data_analysis_eh1I3SlZn48_075_090.mp4,68,1.134467,32,sports ball,0.431683,601.823,359.783,619.463,379.086,610.643,369.434,17.640,19.303
youtube_juggling_for_data_analysis_eh1I3SlZn48_075_090.mp4,68,1.134467,32,sports ball,0.403885,632.591,304.330,651.829,323.592,642.210,313.961,19.237,19.262
youtube_juggling_for_data_analysis_eh1I3SlZn48_075_090.mp4,68,1.134467,32,sports ball,0.288202,564.222,197.844,584.644,218.114,574.433,207.979,20.422,20.270
youtube_juggling_for_data_analysis_eh1I3SlZn48_075_090.mp4,68,1.134467,32,sports ball,0.232219,588.705,244.196,608.309,265.329,598.507,254.762,19.604,21.133
youtube_juggling_for_data_analysis_eh1I3SlZn48_075_090.mp4,68,1.134467,32,sports ball,0.196375,588.120,243.730,608.300,265.856,598.210,254.793,20.180,22.126
youtube_juggling_for_data_analysis_eh1I3SlZn48_075_090.mp4,69,1.151150,32,sports ball,0.431649,589.366,238.459,609.197,260.022,599.282,249.240,19.832,21.563
youtube_juggling_for_data_analysis_eh1I3SlZn48_075_090.mp4,69,1.151150,32,sports ball,0.367500,562.468,200.895,583.880,221.335,573.174,211.115,21.412,20.440
youtube_juggling_for_data_analysis_eh1I3SlZn48_075_090.mp4,69,1.151150,32,sports ball,0.249766,633.413,313.939,653.699,336.082,643.556,325.010,20.287,22.142
youtube_juggling_for_data_analysis_eh1I3SlZn48_075_090.mp4,70,1.167833,32,sports ball,0.525504,634.227,326.203,654.164,346.537,644.196,336.370,19.936,20.334
youtube_juggling_for_data_analysis_eh1I3SlZn48_075_090.mp4,70,1.167833,32,sports ball,0.316635,561.618,201.499,581.463,223.417,571.541,212.458,19.845,21.918
youtube_juggling_for_data_analysis_eh1I3SlZn48_075_090.mp4,71,1.184517,32,sports ball,0.692698,636.023,337.975,654.351,357.210,645.187,347.593,18.328,19.235
youtube_juggling_for_data_analysis_eh1I3SlZn48_075_090.mp4,71,1.184517,32,sports ball,0.650981,561.018,206.068,580.305,225.503,570.662,215.785,19.287,19.435
youtube_juggling_for_data_analysis_eh1I3SlZn48_075_090.mp4,71,1.184517,32,sports ball,0.535178,591.737,231.302,611.404,250.575,601.570,240.938,19.667,19.273
youtube_juggling_for_data_analysis_eh1I3SlZn48_075_090.mp4,71,1.184517,32,sports ball,0.161397,545.301,454.670,566.376,476.398,555.838,465.534,21.075,21.728
youtube_juggling_for_data_analysis_eh1I3SlZn48_075_090.mp4,72,1.201200,32,sports ball,0.822550,639.726,348.760,655.868,371.348,647.797,360.054,16.142,22.588
youtube_juggling_for_data_analysis_eh1I3SlZn48_075_090.mp4,72,1.201200,32,sports ball,0.746371,592.534,226.457,612.267,248.076,602.400,237.266,19.733,21.619
youtube_juggling_for_data_analysis_eh1I3SlZn48_075_090.mp4,72,1.201200,32,sports ball,0.697660,559.791,210.255,579.761,229.466,569.776,219.860,19.970,19.211
youtube_juggling_for_data_analysis_eh1I3SlZn48_075_090.mp4,72,1.201200,32,sports ball,0.517762,546.565,458.228,568.404,482.564,557.485,470.396,21.838,24.336
youtube_juggling_for_data_analysis_eh1I3SlZn48_075_090.mp4,72,1.201200,32,sports ball,0.457614,595.865,312.887,615.141,329.578,605.503,321.232,19.276,16.691
youtube_juggling_for_data_analysis_eh1I3SlZn48_075_090.mp4,73,1.217883,32,sports ball,0.713268,640.275,362.871,657.519,383.863,648.897,373.367,17.244,20.991
youtube_juggling_for_data_analysis_eh1I3SlZn48_075_090.mp4,73,1.217883,32,sports ball,0.578111,593.244,224.445,613.964,245.648,603.604,235.046,20.720,21.202
youtube_juggling_for_data_analysis_eh1I3SlZn48_075_090.mp4,73,1.217883,32,sports ball,0.483197,594.661,303.755,615.019,321.457,604.840,312.606,20.358,17.703
youtube_juggling_for_data_analysis_eh1I3SlZn48_075_090.mp4,73,1.217883,32,sports ball,0.320065,557.773,211.403,578.225,234.563,567.999,222.983,20.452,23.160
youtube_juggling_for_data_analysis_eh1I3SlZn48_075_090.mp4,73,1.217883,32,sports ball,0.186884,558.750,216.039,577.358,234.277,568.054,225.158,18.607,18.238
youtube_juggling_for_data_analysis_eh1I3SlZn48_075_090.mp4,74,1.234567,32,sports ball,0.615633,557.318,219.478,576.057,238.976,566.688,229.227,18.739,19.498
youtube_juggling_for_data_analysis_eh1I3SlZn48_075_090.mp4,74,1.234567,32,sports ball,0.574878,640.672,376.314,659.852,394.396,650.262,385.355,19.180,18.083
youtube_juggling_for_data_analysis_eh1I3SlZn48_075_090.mp4,74,1.234567,32,sports ball,0.460345,594.278,294.046,614.594,313.387,604.436,303.717,20.316,19.341
youtube_juggling_for_data_analysis_eh1I3SlZn48_075_090.mp4,74,1.234567,32,sports ball,0.380809,593.412,221.900,615.478,242.869,604.445,232.385,22.066,20.969
youtube_juggling_for_data_analysis_eh1I3SlZn48_075_090.mp4,75,1.251250,32,sports ball,0.526788,593.179,284.892,612.584,305.521,602.881,295.207,19.405,20.629
youtube_juggling_for_data_analysis_eh1I3SlZn48_075_090.mp4,75,1.251250,32,sports ball,0.450146,641.602,385.174,660.816,401.912,651.209,393.543,19.214,16.739
youtube_juggling_for_data_analysis_eh1I3SlZn48_075_090.mp4,75,1.251250,32,sports ball,0.432567,594.819,218.370,615.972,240.071,605.396,229.220,21.154,21.701
youtube_juggling_for_data_analysis_eh1I3SlZn48_075_090.mp4,75,1.251250,32,sports ball,0.431878,555.971,224.311,575.185,244.892,565.578,234.601,19.215,20.581
youtube_juggling_for_data_analysis_eh1I3SlZn48_075_090.mp4,76,1.267933,32,sports ball,0.573475,595.333,217.774,616.520,239.332,605.926,228.553,21.187,21.558
youtube_juggling_for_data_analysis_eh1I3SlZn48_075_090.mp4,76,1.267933,32,sports ball,0.493510,592.624,276.667,610.753,296.493,601.688,286.580,18.128,19.826
youtube_juggling_for_data_analysis_eh1I3SlZn48_075_090.mp4,76,1.267933,32,sports ball,0.432368,592.589,276.305,611.015,296.507,601.802,286.406,18.426,20.202
youtube_juggling_for_data_analysis_eh1I3SlZn48_075_090.mp4,76,1.267933,32,sports ball,0.386076,554.121,229.734,574.119,250.083,564.120,239.909,19.999,20.349
youtube_juggling_for_data_analysis_eh1I3SlZn48_075_090.mp4,76,1.267933,32,sports ball,0.346333,641.671,393.490,660.451,417.005,651.061,405.248,18.780,23.515
youtube_juggling_for_data_analysis_eh1I3SlZn48_075_090.mp4,77,1.284617,32,sports ball,0.729697,598.008,217.412,619.724,238.429,608.866,227.920,21.716,21.017
youtube_juggling_for_data_analysis_eh1I3SlZn48_075_090.mp4,77,1.284617,32,sports ball,0.571487,552.501,235.900,572.688,257.133,562.594,246.517,20.187,21.233
youtube_juggling_for_data_analysis_eh1I3SlZn48_075_090.mp4,77,1.284617,32,sports ball,0.564836,590.636,268.184,610.567,289.266,600.602,278.725,19.931,21.083
youtube_juggling_for_data_analysis_eh1I3SlZn48_075_090.mp4,77,1.284617,32,sports ball,0.157620,642.362,401.533,660.365,419.413,651.363,410.473,18.003,17.879
youtube_juggling_for_data_analysis_eh1I3SlZn48_075_090.mp4,78,1.301300,32,sports ball,0.721166,598.147,216.963,619.775,237.966,608.961,227.465,21.627,21.003
youtube_juggling_for_data_analysis_eh1I3SlZn48_075_090.mp4,78,1.301300,32,sports ball,0.575096,551.404,242.158,571.467,264.000,561.436,253.079,20.063,21.842
youtube_juggling_for_data_analysis_eh1I3SlZn48_075_090.mp4,78,1.301300,32,sports ball,0.527602,590.060,260.778,609.810,281.056,599.935,270.917,19.750,20.279
youtube_juggling_for_data_analysis_eh1I3SlZn48_075_090.mp4,79,1.317983,32,sports ball,0.547130,639.941,418.422,659.049,440.675,649.495,429.548,19.109,22.252
youtube_juggling_for_data_analysis_eh1I3SlZn48_075_090.mp4,79,1.317983,32,sports ball,0.524800,598.627,217.099,620.435,237.968,609.531,227.534,21.809,20.869
youtube_juggling_for_data_analysis_eh1I3SlZn48_075_090.mp4,79,1.317983,32,sports ball,0.407924,588.864,255.623,609.484,273.758,599.174,264.691,20.620,18.136
youtube_juggling_for_data_analysis_eh1I3SlZn48_075_090.mp4,79,1.317983,32,sports ball,0.284852,550.470,251.480,570.272,270.696,560.371,261.088,19.802,19.215
youtube_juggling_for_data_analysis_eh1I3SlZn48_075_090.mp4,80,1.334667,32,sports ball,0.368184,600.686,217.696,621.351,237.680,611.019,227.688,20.664,19.984
youtube_juggling_for_data_analysis_eh1I3SlZn48_075_090.mp4,80,1.334667,32,sports ball,0.304953,588.469,247.468,608.474,268.101,598.472,257.784,20.006,20.634
youtube_juggling_for_data_analysis_eh1I3SlZn48_075_090.mp4,81,1.351350,32,sports ball,0.479249,566.087,401.006,586.778,418.104,576.433,409.555,20.690,17.097
youtube_juggling_for_data_analysis_eh1I3SlZn48_075_090.mp4,81,1.351350,32,sports ball,0.316174,587.185,241.784,607.127,261.887,597.156,251.836,19.942,20.103
youtube_juggling_for_data_analysis_eh1I3SlZn48_075_090.mp4,81,1.351350,32,sports ball,0.259816,546.832,266.956,567.664,288.047,557.248,277.501,20.832,21.091
youtube_juggling_for_data_analysis_eh1I3SlZn48_075_090.mp4,81,1.351350,32,sports ball,0.189428,601.338,218.276,622.625,238.666,611.981,228.471,21.287,20.391
youtube_juggling_for_data_analysis_eh1I3SlZn48_075_090.mp4,82,1.368033,32,sports ball,0.530836,545.878,275.578,566.129,296.986,556.003,286.282,20.251,21.408
youtube_juggling_for_data_analysis_eh1I3SlZn48_075_090.mp4,82,1.368033,32,sports ball,0.467243,568.997,385.840,588.144,407.134,578.570,396.487,19.147,21.294
youtube_juggling_for_data_analysis_eh1I3SlZn48_075_090.mp4,82,1.368033,32,sports ball,0.354116,585.875,237.461,606.367,256.234,596.121,246.847,20.493,18.773
youtube_juggling_for_data_analysis_eh1I3SlZn48_075_090.mp4,82,1.368033,32,sports ball,0.299130,602.092,219.574,623.841,241.628,612.967,230.601,21.749,22.054
youtube_juggling_for_data_analysis_eh1I3SlZn48_075_090.mp4,83,1.384717,32,sports ball,0.764885,545.520,286.277,564.658,306.755,555.089,296.516,19.139,20.478
youtube_juggling_for_data_analysis_eh1I3SlZn48_075_090.mp4,83,1.384717,32,sports ball,0.613785,574.091,373.509,591.465,392.460,582.778,382.984,17.374,18.951
youtube_juggling_for_data_analysis_eh1I3SlZn48_075_090.mp4,83,1.384717,32,sports ball,0.457273,585.088,232.668,605.556,251.362,595.322,242.015,20.468,18.694
youtube_juggling_for_data_analysis_eh1I3SlZn48_075_090.mp4,83,1.384717,32,sports ball,0.327194,628.885,452.030,648.838,471.583,638.862,461.807,19.953,19.553
youtube_juggling_for_data_analysis_eh1I3SlZn48_075_090.mp4,83,1.384717,32,sports ball,0.308501,603.664,224.118,623.750,242.568,613.707,233.343,20.086,18.450
youtube_juggling_for_data_analysis_eh1I3SlZn48_075_090.mp4,83,1.384717,32,sports ball,0.176842,629.364,452.196,648.648,471.637,639.006,461.916,19.284,19.441
youtube_juggling_for_data_analysis_eh1I3SlZn48_075_090.mp4,84,1.401400,32,sports ball,0.706469,544.773,296.633,562.668,316.788,553.721,306.711,17.895,20.155
youtube_juggling_for_data_analysis_eh1I3SlZn48_075_090.mp4,84,1.401400,32,sports ball,0.619830,573.869,360.024,591.575,379.273,582.722,369.649,17.706,19.249
youtube_juggling_for_data_analysis_eh1I3SlZn48_075_090.mp4,84,1.401400,32,sports ball,0.216596,625.467,455.890,645.647,478.816,635.557,467.353,20.180,22.926
youtube_juggling_for_data_analysis_eh1I3SlZn48_075_090.mp4,84,1.401400,32,sports ball,0.167032,572.293,359.704,592.310,388.927,582.301,374.315,20.016,29.223
youtube_juggling_for_data_analysis_eh1I3SlZn48_075_090.mp4,85,1.418083,32,sports ball,0.732458,577.015,348.931,592.581,368.312,584.798,358.622,15.565,19.382
youtube_juggling_for_data_analysis_eh1I3SlZn48_075_090.mp4,85,1.418083,32,sports ball,0.588209,608.285,228.505,625.903,248.687,617.094,238.596,17.618,20.182
youtube_juggling_for_data_analysis_eh1I3SlZn48_075_090.mp4,85,1.418083,32,sports ball,0.443551,541.931,306.598,561.865,328.212,551.898,317.405,19.934,21.615
youtube_juggling_for_data_analysis_eh1I3SlZn48_075_090.mp4,85,1.418083,32,sports ball,0.299606,584.313,225.135,602.566,244.213,593.439,234.674,18.253,19.078
youtube_juggling_for_data_analysis_eh1I3SlZn48_075_090.mp4,85,1.418083,32,sports ball,0.234841,583.979,223.306,604.093,244.593,594.036,233.949,20.114,21.287
youtube_juggling_for_data_analysis_eh1I3SlZn48_075_090.mp4,85,1.418083,32,sports ball,0.184756,624.296,459.343,643.036,480.695,633.666,470.019,18.740,21.353
youtube_juggling_for_data_analysis_eh1I3SlZn48_075_090.mp4,86,1.434767,32,sports ball,0.388019,577.675,336.562,595.075,356.240,586.375,346.401,17.399,19.678
youtube_juggling_for_data_analysis_eh1I3SlZn48_075_090.mp4,86,1.434767,32,sports ball,0.309842,540.159,317.468,560.713,339.414,550.436,328.441,20.553,21.946
youtube_juggling_for_data_analysis_eh1I3SlZn48_075_090.mp4,86,1.434767,32,sports ball,0.232149,541.021,320.112,559.654,339.207,550.338,329.660,18.633,19.095
youtube_juggling_for_data_analysis_eh1I3SlZn48_075_090.mp4,86,1.434767,32,sports ball,0.227078,581.797,221.606,602.145,241.749,591.971,231.677,20.348,20.143
youtube_juggling_for_data_analysis_eh1I3SlZn48_075_090.mp4,86,1.434767,32,sports ball,0.223369,607.430,233.248,627.912,253.005,617.671,243.126,20.482,19.757
youtube_juggling_for_data_analysis_eh1I3SlZn48_075_090.mp4,87,1.451450,32,sports ball,0.705699,608.252,237.520,628.302,256.116,618.277,246.818,20.050,18.597
youtube_juggling_for_data_analysis_eh1I3SlZn48_075_090.mp4,87,1.451450,32,sports ball,0.653216,539.924,331.389,557.278,349.897,548.601,340.643,17.355,18.508
youtube_juggling_for_data_analysis_eh1I3SlZn48_075_090.mp4,87,1.451450,32,sports ball,0.601548,579.359,325.219,596.265,345.242,587.812,335.230,16.906,20.023
youtube_juggling_for_data_analysis_eh1I3SlZn48_075_090.mp4,87,1.451450,32,sports ball,0.567111,580.531,219.979,601.624,238.537,591.078,229.258,21.093,18.558
youtube_juggling_for_data_analysis_eh1I3SlZn48_075_090.mp4,87,1.451450,32,sports ball,0.381576,539.440,330.441,557.482,350.078,548.461,340.259,18.042,19.638
youtube_juggling_for_data_analysis_eh1I3SlZn48_075_090.mp4,87,1.451450,32,sports ball,0.218028,617.329,457.858,638.109,483.715,627.719,470.787,20.780,25.858
youtube_juggling_for_data_analysis_eh1I3SlZn48_075_090.mp4,88,1.468133,32,sports ball,0.714893,609.628,241.513,629.854,261.564,619.741,251.539,20.226,20.050
youtube_juggling_for_data_analysis_eh1I3SlZn48_075_090.mp4,88,1.468133,32,sports ball,0.699228,538.421,342.393,556.495,362.125,547.458,352.259,18.075,19.731
youtube_juggling_for_data_analysis_eh1I3SlZn48_075_090.mp4,88,1.468133,32,sports ball,0.650325,580.798,314.266,600.877,334.986,590.837,324.626,20.079,20.721
youtube_juggling_for_data_analysis_eh1I3SlZn48_075_090.mp4,88,1.468133,32,sports ball,0.402431,579.894,216.720,601.368,236.832,590.631,226.776,21.475,20.112
youtube_juggling_for_data_analysis_eh1I3SlZn48_075_090.mp4,88,1.468133,32,sports ball,0.154242,615.862,456.838,636.732,481.829,626.297,469.334,20.870,24.991
youtube_juggling_for_data_analysis_eh1I3SlZn48_075_090.mp4,89,1.484817,32,sports ball,0.499575,536.514,355.493,555.354,376.476,545.934,365.985,18.841,20.983
youtube_juggling_for_data_analysis_eh1I3SlZn48_075_090.mp4,89,1.484817,32,sports ball,0.419725,610.670,246.712,630.661,268.252,620.666,257.482,19.991,21.539
youtube_juggling_for_data_analysis_eh1I3SlZn48_075_090.mp4,89,1.484817,32,sports ball,0.281397,584.083,304.305,602.995,324.427,593.539,314.366,18.912,20.122
youtube_juggling_for_data_analysis_eh1I3SlZn48_075_090.mp4,89,1.484817,32,sports ball,0.206920,579.317,215.200,599.007,235.806,589.162,225.503,19.690,20.606
youtube_juggling_for_data_analysis_eh1I3SlZn48_075_090.mp4,89,1.484817,32,sports ball,0.153083,612.573,455.928,633.374,478.625,622.974,467.277,20.801,22.697
youtube_juggling_for_data_analysis_eh1I3SlZn48_075_090.mp4,90,1.501500,32,sports ball,0.772664,535.393,368.780,552.731,391.159,544.062,379.970,17.339,22.379
youtube_juggling_for_data_analysis_eh1I3SlZn48_075_090.mp4,90,1.501500,32,sports ball,0.463850,584.447,294.692,605.454,314.222,594.950,304.457,21.007,19.530
youtube_juggling_for_data_analysis_eh1I3SlZn48_075_090.mp4,90,1.501500,32,sports ball,0.435982,610.572,445.999,630.601,470.208,620.586,458.103,20.029,24.210
youtube_juggling_for_data_analysis_eh1I3SlZn48_075_090.mp4,90,1.501500,32,sports ball,0.433025,611.380,253.899,632.666,273.560,622.023,263.730,21.286,19.661
youtube_juggling_for_data_analysis_eh1I3SlZn48_075_090.mp4,90,1.501500,32,sports ball,0.247042,577.691,214.835,598.575,234.392,588.133,224.614,20.884,19.557
youtube_juggling_for_data_analysis_eh1I3SlZn48_075_090.mp4,91,1.518183,32,sports ball,0.717976,585.868,286.294,606.641,304.254,596.254,295.274,20.773,17.960
youtube_juggling_for_data_analysis_eh1I3SlZn48_075_090.mp4,91,1.518183,32,sports ball,0.683230,611.715,259.605,633.119,280.809,622.417,270.207,21.404,21.204
youtube_juggling_for_data_analysis_eh1I3SlZn48_075_090.mp4,91,1.518183,32,sports ball,0.636737,532.507,384.472,551.907,402.465,542.207,393.468,19.400,17.993
youtube_juggling_for_data_analysis_eh1I3SlZn48_075_090.mp4,91,1.518183,32,sports ball,0.624586,576.877,215.046,598.063,234.293,587.470,224.669,21.186,19.248
youtube_juggling_for_data_analysis_eh1I3SlZn48_075_090.mp4,91,1.518183,32,sports ball,0.470521,608.835,437.920,628.565,459.721,618.700,448.820,19.730,21.801
youtube_juggling_for_data_analysis_eh1I3SlZn48_075_090.mp4,92,1.534867,32,sports ball,0.562304,588.910,276.978,608.724,296.195,598.817,286.587,19.814,19.217
youtube_juggling_for_data_analysis_eh1I3SlZn48_075_090.mp4,92,1.534867,32,sports ball,0.531003,613.141,267.699,633.380,287.639,623.260,277.669,20.240,19.940
youtube_juggling_for_data_analysis_eh1I3SlZn48_075_090.mp4,92,1.534867,32,sports ball,0.518455,607.791,423.450,624.685,447.566,616.238,435.508,16.895,24.116
youtube_juggling_for_data_analysis_eh1I3SlZn48_075_090.mp4,92,1.534867,32,sports ball,0.484692,530.919,396.675,549.641,414.723,540.280,405.699,18.722,18.048
youtube_juggling_for_data_analysis_eh1I3SlZn48_075_090.mp4,92,1.534867,32,sports ball,0.445365,576.324,215.055,596.714,234.371,586.519,224.713,20.390,19.316
youtube_juggling_for_data_analysis_eh1I3SlZn48_075_090.mp4,92,1.534867,32,sports ball,0.399492,589.004,277.601,608.370,295.652,598.687,286.627,19.366,18.051
youtube_juggling_for_data_analysis_eh1I3SlZn48_075_090.mp4,92,1.534867,32,sports ball,0.339691,576.511,215.236,596.331,234.509,586.421,224.872,19.820,19.273
youtube_juggling_for_data_analysis_eh1I3SlZn48_075_090.mp4,93,1.551550,32,sports ball,0.773113,615.079,273.740,634.898,294.867,624.988,284.303,19.819,21.127
youtube_juggling_for_data_analysis_eh1I3SlZn48_075_090.mp4,93,1.551550,32,sports ball,0.728036,605.791,408.156,624.131,430.740,614.961,419.448,18.341,22.585
youtube_juggling_for_data_analysis_eh1I3SlZn48_075_090.mp4,93,1.551550,32,sports ball,0.697421,589.371,268.647,609.283,288.329,599.327,278.488,19.912,19.682
youtube_juggling_for_data_analysis_eh1I3SlZn48_075_090.mp4,93,1.551550,32,sports ball,0.608627,575.053,215.369,595.359,234.468,585.206,224.918,20.306,19.099
youtube_juggling_for_data_analysis_eh1I3SlZn48_075_090.mp4,93,1.551550,32,sports ball,0.560071,530.551,406.904,550.714,425.011,540.633,415.957,20.163,18.107
youtube_juggling_for_data_analysis_eh1I3SlZn48_075_090.mp4,94,1.568233,32,sports ball,0.666798,604.237,394.107,622.095,414.297,613.166,404.202,17.858,20.190
youtube_juggling_for_data_analysis_eh1I3SlZn48_075_090.mp4,94,1.568233,32,sports ball,0.365766,530.341,416.097,552.273,440.944,541.307,428.520,21.932,24.848
youtube_juggling_for_data_analysis_eh1I3SlZn48_075_090.mp4,94,1.568233,32,sports ball,0.362031,616.070,281.882,636.448,303.527,626.259,292.704,20.379,21.645
youtube_juggling_for_data_analysis_eh1I3SlZn48_075_090.mp4,94,1.568233,32,sports ball,0.351184,604.631,394.628,621.622,410.781,613.127,402.705,16.991,16.154
youtube_juggling_for_data_analysis_eh1I3SlZn48_075_090.mp4,94,1.568233,32,sports ball,0.333470,592.387,261.347,612.659,281.933,602.523,271.640,20.271,20.585
youtube_juggling_for_data_analysis_eh1I3SlZn48_075_090.mp4,94,1.568233,32,sports ball,0.272794,573.934,215.067,594.314,236.649,584.124,225.858,20.380,21.582
youtube_juggling_for_data_analysis_eh1I3SlZn48_075_090.mp4,94,1.568233,32,sports ball,0.267384,530.656,416.110,551.450,431.842,541.053,423.976,20.794,15.732
youtube_juggling_for_data_analysis_eh1I3SlZn48_075_090.mp4,95,1.584917,32,sports ball,0.529970,531.214,425.563,553.296,447.889,542.255,436.726,22.081,22.326
youtube_juggling_for_data_analysis_eh1I3SlZn48_075_090.mp4,95,1.584917,32,sports ball,0.509454,592.938,256.138,615.005,275.773,603.971,265.955,22.067,19.635
youtube_juggling_for_data_analysis_eh1I3SlZn48_075_090.mp4,95,1.584917,32,sports ball,0.442056,605.706,380.808,619.667,400.228,612.686,390.518,13.962,19.419
youtube_juggling_for_data_analysis_eh1I3SlZn48_075_090.mp4,95,1.584917,32,sports ball,0.396518,616.814,290.820,637.296,312.504,627.055,301.662,20.481,21.684
youtube_juggling_for_data_analysis_eh1I3SlZn48_075_090.mp4,95,1.584917,32,sports ball,0.314226,572.736,218.124,594.587,237.307,583.661,227.715,21.851,19.184
youtube_juggling_for_data_analysis_eh1I3SlZn48_075_090.mp4,95,1.584917,32,sports ball,0.171734,531.916,425.594,552.551,443.302,542.234,434.448,20.635,17.708
youtube_juggling_for_data_analysis_eh1I3SlZn48_075_090.mp4,95,1.584917,32,sports ball,0.158304,535.255,425.523,552.229,443.046,543.742,434.284,16.974,17.523
youtube_juggling_for_data_analysis_eh1I3SlZn48_075_090.mp4,96,1.601600,32,sports ball,0.474171,534.516,434.394,554.333,453.644,544.424,444.019,19.817,19.250
youtube_juggling_for_data_analysis_eh1I3SlZn48_075_090.mp4,96,1.601600,32,sports ball,0.391385,595.230,248.189,616.533,269.827,605.882,259.008,21.303,21.638
youtube_juggling_for_data_analysis_eh1I3SlZn48_075_090.mp4,96,1.601600,32,sports ball,0.379866,618.435,300.287,637.770,320.031,628.103,310.159,19.335,19.743
youtube_juggling_for_data_analysis_eh1I3SlZn48_075_090.mp4,96,1.601600,32,sports ball,0.270269,571.410,220.254,592.419,239.321,581.915,229.787,21.009,19.068
youtube_juggling_for_data_analysis_eh1I3SlZn48_075_090.mp4,96,1.601600,32,sports ball,0.175845,602.343,367.324,620.550,387.600,611.447,377.462,18.207,20.276
youtube_juggling_for_data_analysis_eh1I3SlZn48_075_090.mp4,97,1.618283,32,sports ball,0.365490,598.143,242.040,618.891,264.678,608.517,253.359,20.748,22.638
youtube_juggling_for_data_analysis_eh1I3SlZn48_075_090.mp4,97,1.618283,32,sports ball,0.331599,619.065,310.948,638.984,331.279,629.024,321.114,19.919,20.331
youtube_juggling_for_data_analysis_eh1I3SlZn48_075_090.mp4,97,1.618283,32,sports ball,0.282205,570.376,223.661,591.183,243.212,580.780,233.437,20.807,19.551
youtube_juggling_for_data_analysis_eh1I3SlZn48_075_090.mp4,97,1.618283,32,sports ball,0.218964,536.712,442.798,558.799,464.655,547.756,453.726,22.087,21.857
youtube_juggling_for_data_analysis_eh1I3SlZn48_075_090.mp4,98,1.634967,32,sports ball,0.726925,619.506,321.678,639.841,342.656,629.674,332.167,20.335,20.978
youtube_juggling_for_data_analysis_eh1I3SlZn48_075_090.mp4,98,1.634967,32,sports ball,0.508527,598.148,236.801,620.581,258.476,609.365,247.639,22.433,21.675
youtube_juggling_for_data_analysis_eh1I3SlZn48_075_090.mp4,98,1.634967,32,sports ball,0.237067,569.231,225.618,589.739,247.353,579.485,236.486,20.507,21.735
youtube_juggling_for_data_analysis_eh1I3SlZn48_075_090.mp4,99,1.651650,32,sports ball,0.595831,621.222,332.138,640.391,353.145,630.806,342.642,19.168,21.008
youtube_juggling_for_data_analysis_eh1I3SlZn48_075_090.mp4,99,1.651650,32,sports ball,0.209464,600.855,231.617,622.875,254.017,611.865,242.817,22.021,22.400
youtube_juggling_for_data_analysis_eh1I3SlZn48_075_090.mp4,100,1.668333,32,sports ball,0.688416,623.352,344.955,640.155,365.454,631.753,355.205,16.802,20.499
youtube_juggling_for_data_analysis_eh1I3SlZn48_075_090.mp4,100,1.668333,32,sports ball,0.369897,601.889,229.139,623.907,250.134,612.898,239.636,22.018,20.995
youtube_juggling_for_data_analysis_eh1I3SlZn48_075_090.mp4,100,1.668333,32,sports ball,0.282743,594.268,316.991,615.262,335.755,604.765,326.373,20.995,18.764
youtube_juggling_for_data_analysis_eh1I3SlZn48_075_090.mp4,101,1.685017,32,sports ball,0.504115,604.933,225.128,625.314,247.181,615.124,236.154,20.381,22.053
youtube_juggling_for_data_analysis_eh1I3SlZn48_075_090.mp4,101,1.685017,32,sports ball,0.296407,624.381,356.983,641.177,377.573,632.779,367.278,16.796,20.590
youtube_juggling_for_data_analysis_eh1I3SlZn48_075_090.mp4,101,1.685017,32,sports ball,0.253541,593.304,304.857,614.392,324.266,603.848,314.562,21.088,19.409
youtube_juggling_for_data_analysis_eh1I3SlZn48_075_090.mp4,101,1.685017,32,sports ball,0.177856,566.901,237.413,586.471,258.298,576.686,247.855,19.570,20.885
youtube_juggling_for_data_analysis_eh1I3SlZn48_075_090.mp4,102,1.701700,32,sports ball,0.691617,624.778,370.245,642.175,386.993,633.476,378.619,17.396,16.748
youtube_juggling_for_data_analysis_eh1I3SlZn48_075_090.mp4,102,1.701700,32,sports ball,0.640193,592.598,295.158,612.311,315.134,602.454,305.146,19.713,19.976
youtube_juggling_for_data_analysis_eh1I3SlZn48_075_090.mp4,102,1.701700,32,sports ball,0.570954,606.719,224.031,627.485,244.802,617.102,234.416,20.766,20.771
youtube_juggling_for_data_analysis_eh1I3SlZn48_075_090.mp4,102,1.701700,32,sports ball,0.402809,565.253,242.773,585.114,263.882,575.184,253.327,19.861,21.109
youtube_juggling_for_data_analysis_eh1I3SlZn48_075_090.mp4,103,1.718383,32,sports ball,0.169723,592.427,285.908,609.692,304.136,601.059,295.022,17.265,18.228
youtube_juggling_for_data_analysis_eh1I3SlZn48_075_090.mp4,103,1.718383,32,sports ball,0.161558,608.925,221.954,628.303,241.597,618.614,231.776,19.378,19.643
youtube_juggling_for_data_analysis_eh1I3SlZn48_075_090.mp4,104,1.735067,32,sports ball,0.501811,591.468,273.996,609.521,295.044,600.495,284.520,18.052,21.048
youtube_juggling_for_data_analysis_eh1I3SlZn48_075_090.mp4,104,1.735067,32,sports ball,0.473844,610.333,220.462,630.356,238.782,620.345,229.622,20.023,18.320
youtube_juggling_for_data_analysis_eh1I3SlZn48_075_090.mp4,104,1.735067,32,sports ball,0.274138,561.752,256.199,583.483,277.556,572.617,266.878,21.731,21.357
youtube_juggling_for_data_analysis_eh1I3SlZn48_075_090.mp4,105,1.751750,32,sports ball,0.529519,561.882,264.750,580.508,284.506,571.195,274.628,18.626,19.756
youtube_juggling_for_data_analysis_eh1I3SlZn48_075_090.mp4,105,1.751750,32,sports ball,0.487884,610.664,217.560,632.868,238.267,621.766,227.914,22.204,20.707
youtube_juggling_for_data_analysis_eh1I3SlZn48_075_090.mp4,105,1.751750,32,sports ball,0.481311,588.618,265.487,608.192,286.459,598.405,275.973,19.574,20.973
youtube_juggling_for_data_analysis_eh1I3SlZn48_075_090.mp4,105,1.751750,32,sports ball,0.181772,588.994,265.817,608.360,286.136,598.677,275.976,19.366,20.319
youtube_juggling_for_data_analysis_eh1I3SlZn48_075_090.mp4,106,1.768433,32,sports ball,0.531558,587.284,257.677,607.116,277.917,597.200,267.797,19.832,20.240
youtube_juggling_for_data_analysis_eh1I3SlZn48_075_090.mp4,106,1.768433,32,sports ball,0.437947,560.681,272.166,579.458,292.254,570.069,282.210,18.778,20.088
youtube_juggling_for_data_analysis_eh1I3SlZn48_075_090.mp4,106,1.768433,32,sports ball,0.229346,612.283,214.796,633.980,237.546,623.132,226.171,21.698,22.749
youtube_juggling_for_data_analysis_eh1I3SlZn48_075_090.mp4,107,1.785117,32,sports ball,0.499089,585.981,249.615,606.468,270.165,596.224,259.890,20.487,20.550
youtube_juggling_for_data_analysis_eh1I3SlZn48_075_090.mp4,107,1.785117,32,sports ball,0.342578,613.791,214.631,636.454,236.985,625.122,225.808,22.663,22.355
youtube_juggling_for_data_analysis_eh1I3SlZn48_075_090.mp4,107,1.785117,32,sports ball,0.202448,559.457,279.498,578.521,299.907,568.989,289.702,19.064,20.409
youtube_juggling_for_data_analysis_eh1I3SlZn48_075_090.mp4,108,1.801800,32,sports ball,0.469135,614.899,215.551,638.743,237.408,626.821,226.479,23.844,21.858
youtube_juggling_for_data_analysis_eh1I3SlZn48_075_090.mp4,108,1.801800,32,sports ball,0.465195,584.721,242.467,606.520,263.956,595.620,253.212,21.799,21.489
youtube_juggling_for_data_analysis_eh1I3SlZn48_075_090.mp4,109,1.818483,32,sports ball,0.498818,584.153,236.394,604.662,255.937,594.408,246.165,20.508,19.544
youtube_juggling_for_data_analysis_eh1I3SlZn48_075_090.mp4,109,1.818483,32,sports ball,0.443649,618.530,215.286,639.691,238.162,629.111,226.724,21.161,22.875
youtube_juggling_for_data_analysis_eh1I3SlZn48_075_090.mp4,109,1.818483,32,sports ball,0.401103,556.946,297.628,575.391,317.727,566.168,307.677,18.445,20.099
youtube_juggling_for_data_analysis_eh1I3SlZn48_075_090.mp4,109,1.818483,32,sports ball,0.201809,579.829,390.343,599.250,408.601,589.540,399.472,19.421,18.258
youtube_juggling_for_data_analysis_eh1I3SlZn48_075_090.mp4,110,1.835167,32,sports ball,0.830433,619.452,217.528,640.653,238.685,630.053,228.107,21.201,21.157
youtube_juggling_for_data_analysis_eh1I3SlZn48_075_090.mp4,110,1.835167,32,sports ball,0.630537,555.067,307.223,575.207,327.837,565.137,317.530,20.140,20.613
youtube_juggling_for_data_analysis_eh1I3SlZn48_075_090.mp4,110,1.835167,32,sports ball,0.608345,581.984,228.295,603.519,250.779,592.752,239.537,21.535,22.484
youtube_juggling_for_data_analysis_eh1I3SlZn48_075_090.mp4,110,1.835167,32,sports ball,0.551858,581.545,376.704,603.023,394.741,592.284,385.722,21.478,18.037
youtube_juggling_for_data_analysis_eh1I3SlZn48_075_090.mp4,110,1.835167,32,sports ball,0.171121,627.839,446.519,649.213,464.355,638.526,455.437,21.374,17.837
youtube_juggling_for_data_analysis_eh1I3SlZn48_075_090.mp4,111,1.851850,32,sports ball,0.808302,621.475,219.703,640.575,238.948,631.025,229.325,19.101,19.245
youtube_juggling_for_data_analysis_eh1I3SlZn48_075_090.mp4,111,1.851850,32,sports ball,0.726068,580.394,224.317,602.080,245.591,591.237,234.954,21.686,21.274
youtube_juggling_for_data_analysis_eh1I3SlZn48_075_090.mp4,111,1.851850,32,sports ball,0.682605,554.012,317.211,574.638,337.622,564.325,327.417,20.627,20.411
youtube_juggling_for_data_analysis_eh1I3SlZn48_075_090.mp4,112,1.868533,32,sports ball,0.699988,553.007,329.006,573.469,349.587,563.238,339.297,20.462,20.581
youtube_juggling_for_data_analysis_eh1I3SlZn48_075_090.mp4,112,1.868533,32,sports ball,0.482913,579.576,218.681,601.637,239.632,590.607,229.156,22.061,20.951
youtube_juggling_for_data_analysis_eh1I3SlZn48_075_090.mp4,112,1.868533,32,sports ball,0.410898,623.631,220.126,642.393,242.404,633.012,231.265,18.761,22.278
youtube_juggling_for_data_analysis_eh1I3SlZn48_075_090.mp4,112,1.868533,32,sports ball,0.275739,625.878,458.114,647.208,479.887,636.543,469.000,21.329,21.772
youtube_juggling_for_data_analysis_eh1I3SlZn48_075_090.mp4,113,1.885217,32,sports ball,0.639605,624.810,224.051,645.871,244.610,635.341,234.330,21.062,20.559
youtube_juggling_for_data_analysis_eh1I3SlZn48_075_090.mp4,113,1.885217,32,sports ball,0.535559,577.777,214.688,599.713,235.929,588.745,225.309,21.936,21.242
youtube_juggling_for_data_analysis_eh1I3SlZn48_075_090.mp4,113,1.885217,32,sports ball,0.465664,552.605,339.940,572.193,360.260,562.399,350.100,19.588,20.320
youtube_juggling_for_data_analysis_eh1I3SlZn48_075_090.mp4,113,1.885217,32,sports ball,0.218265,625.658,460.178,645.949,482.247,635.803,471.213,20.291,22.068
youtube_juggling_for_data_analysis_eh1I3SlZn48_075_090.mp4,114,1.901900,32,sports ball,0.681985,576.919,210.827,597.964,231.668,587.442,221.247,21.045,20.840
youtube_juggling_for_data_analysis_eh1I3SlZn48_075_090.mp4,114,1.901900,32,sports ball,0.631831,627.028,226.649,647.798,248.239,637.413,237.444,20.770,21.590
youtube_juggling_for_data_analysis_eh1I3SlZn48_075_090.mp4,114,1.901900,32,sports ball,0.588395,552.107,352.272,570.572,372.636,561.339,362.454,18.465,20.364
youtube_juggling_for_data_analysis_eh1I3SlZn48_075_090.mp4,114,1.901900,32,sports ball,0.301990,624.071,461.010,643.475,483.962,633.773,472.486,19.404,22.952
youtube_juggling_for_data_analysis_eh1I3SlZn48_075_090.mp4,115,1.918583,32,sports ball,0.766368,589.945,315.829,608.744,335.847,599.345,325.838,18.799,20.019
youtube_juggling_for_data_analysis_eh1I3SlZn48_075_090.mp4,115,1.918583,32,sports ball,0.762458,550.839,363.598,569.098,383.630,559.968,373.614,18.258,20.032
youtube_juggling_for_data_analysis_eh1I3SlZn48_075_090.mp4,115,1.918583,32,sports ball,0.679279,576.436,206.884,597.344,228.536,586.890,217.710,20.907,21.652
youtube_juggling_for_data_analysis_eh1I3SlZn48_075_090.mp4,115,1.918583,32,sports ball,0.644389,628.453,232.239,650.407,251.225,639.430,241.732,21.953,18.986
youtube_juggling_for_data_analysis_eh1I3SlZn48_075_090.mp4,115,1.918583,32,sports ball,0.288312,622.523,461.877,642.891,483.083,632.707,472.480,20.368,21.207
youtube_juggling_for_data_analysis_eh1I3SlZn48_075_090.mp4,115,1.918583,32,sports ball,0.213962,628.709,232.090,650.719,252.066,639.714,242.078,22.010,19.977
youtube_juggling_for_data_analysis_eh1I3SlZn48_075_090.mp4,116,1.935267,32,sports ball,0.673570,551.280,376.885,568.148,395.487,559.714,386.186,16.868,18.602
youtube_juggling_for_data_analysis_eh1I3SlZn48_075_090.mp4,116,1.935267,32,sports ball,0.362405,630.180,234.818,651.505,255.984,640.842,245.401,21.325,21.165
youtube_juggling_for_data_analysis_eh1I3SlZn48_075_090.mp4,116,1.935267,32,sports ball,0.357219,590.261,304.855,610.297,324.792,600.279,314.823,20.036,19.937
youtube_juggling_for_data_analysis_eh1I3SlZn48_075_090.mp4,116,1.935267,32,sports ball,0.322363,575.664,204.923,595.109,225.424,585.386,215.173,19.446,20.501
youtube_juggling_for_data_analysis_eh1I3SlZn48_075_090.mp4,116,1.935267,32,sports ball,0.306878,620.825,455.721,640.597,479.717,630.711,467.719,19.771,23.996
youtube_juggling_for_data_analysis_eh1I3SlZn48_075_090.mp4,117,1.951950,32,sports ball,0.697909,633.610,240.455,653.177,260.006,643.394,250.231,19.566,19.551
youtube_juggling_for_data_analysis_eh1I3SlZn48_075_090.mp4,117,1.951950,32,sports ball,0.664444,573.709,202.106,593.378,223.196,583.544,212.651,19.669,21.090
youtube_juggling_for_data_analysis_eh1I3SlZn48_075_090.mp4,117,1.951950,32,sports ball,0.662593,592.717,295.814,611.706,314.573,602.211,305.194,18.989,18.759
youtube_juggling_for_data_analysis_eh1I3SlZn48_075_090.mp4,117,1.951950,32,sports ball,0.580550,549.401,388.706,566.799,409.265,558.100,398.986,17.397,20.559
youtube_juggling_for_data_analysis_eh1I3SlZn48_075_090.mp4,117,1.951950,32,sports ball,0.303362,619.105,450.709,639.748,471.869,629.427,461.289,20.643,21.160
youtube_juggling_for_data_analysis_eh1I3SlZn48_075_090.mp4,118,1.968633,32,sports ball,0.565379,548.934,398.912,568.431,419.548,558.682,409.230,19.497,20.636
youtube_juggling_for_data_analysis_eh1I3SlZn48_075_090.mp4,118,1.968633,32,sports ball,0.531724,571.201,200.525,592.589,221.528,581.895,211.026,21.388,21.003
youtube_juggling_for_data_analysis_eh1I3SlZn48_075_090.mp4,118,1.968633,32,sports ball,0.440565,632.799,244.423,654.707,265.685,643.753,255.054,21.908,21.263
youtube_juggling_for_data_analysis_eh1I3SlZn48_075_090.mp4,118,1.968633,32,sports ball,0.315210,593.934,286.952,614.440,304.953,604.187,295.952,20.506,18.001
youtube_juggling_for_data_analysis_eh1I3SlZn48_075_090.mp4,118,1.968633,32,sports ball,0.171759,593.844,287.021,614.219,304.835,604.032,295.928,20.375,17.814
youtube_juggling_for_data_analysis_eh1I3SlZn48_075_090.mp4,119,1.985317,32,sports ball,0.643755,593.918,277.137,615.499,296.586,604.708,286.862,21.581,19.449
youtube_juggling_for_data_analysis_eh1I3SlZn48_075_090.mp4,119,1.985317,32,sports ball,0.581353,635.144,250.332,655.438,270.493,645.291,260.412,20.294,20.161
youtube_juggling_for_data_analysis_eh1I3SlZn48_075_090.mp4,119,1.985317,32,sports ball,0.502018,570.733,198.531,591.258,219.737,580.996,209.134,20.525,21.206
youtube_juggling_for_data_analysis_eh1I3SlZn48_075_090.mp4,119,1.985317,32,sports ball,0.407958,548.988,407.759,568.004,428.924,558.496,418.342,19.016,21.165
youtube_juggling_for_data_analysis_eh1I3SlZn48_075_090.mp4,119,1.985317,32,sports ball,0.162063,616.244,430.988,633.524,448.255,624.884,439.621,17.281,17.267
youtube_juggling_for_data_analysis_eh1I3SlZn48_075_090.mp4,120,2.002000,32,sports ball,0.560572,568.962,198.502,589.615,218.646,579.289,208.574,20.654,20.144
youtube_juggling_for_data_analysis_eh1I3SlZn48_075_090.mp4,120,2.002000,32,sports ball,0.495889,639.086,256.617,657.879,277.937,648.483,267.277,18.793,21.320
youtube_juggling_for_data_analysis_eh1I3SlZn48_075_090.mp4,120,2.002000,32,sports ball,0.425049,548.244,416.135,567.964,432.814,558.104,424.474,19.721,16.679
youtube_juggling_for_data_analysis_eh1I3SlZn48_075_090.mp4,120,2.002000,32,sports ball,0.424810,596.353,268.366,617.082,288.599,606.717,278.482,20.728,20.233
youtube_juggling_for_data_analysis_eh1I3SlZn48_075_090.mp4,120,2.002000,32,sports ball,0.285130,614.941,417.163,632.939,434.135,623.940,425.649,17.998,16.971
youtube_juggling_for_data_analysis_eh1I3SlZn48_075_090.mp4,120,2.002000,32,sports ball,0.268937,637.911,254.480,658.011,278.253,647.961,266.367,20.100,23.772
youtube_juggling_for_data_analysis_eh1I3SlZn48_075_090.mp4,120,2.002000,32,sports ball,0.251306,547.146,416.123,568.566,435.157,557.856,425.640,21.420,19.034
youtube_juggling_for_data_analysis_eh1I3SlZn48_075_090.mp4,121,2.018683,32,sports ball,0.670465,640.410,263.685,658.694,284.736,649.552,274.210,18.284,21.051
youtube_juggling_for_data_analysis_eh1I3SlZn48_075_090.mp4,121,2.018683,32,sports ball,0.649569,566.923,197.817,588.459,218.315,577.691,208.066,21.536,20.498
youtube_juggling_for_data_analysis_eh1I3SlZn48_075_090.mp4,121,2.018683,32,sports ball,0.483711,547.062,424.507,567.449,442.106,557.255,433.307,20.388,17.599
youtube_juggling_for_data_analysis_eh1I3SlZn48_075_090.mp4,121,2.018683,32,sports ball,0.466028,597.977,259.812,619.414,280.675,608.696,270.243,21.437,20.863
youtube_juggling_for_data_analysis_eh1I3SlZn48_075_090.mp4,121,2.018683,32,sports ball,0.286734,612.232,401.775,631.480,421.159,621.856,411.467,19.249,19.384
youtube_juggling_for_data_analysis_eh1I3SlZn48_075_090.mp4,122,2.035367,32,sports ball,0.455636,642.152,272.502,660.288,291.631,651.220,282.066,18.136,19.129
youtube_juggling_for_data_analysis_eh1I3SlZn48_075_090.mp4,122,2.035367,32,sports ball,0.373551,599.645,255.443,620.282,272.965,609.964,264.204,20.638,17.522
youtube_juggling_for_data_analysis_eh1I3SlZn48_075_090.mp4,122,2.035367,32,sports ball,0.344648,566.237,198.268,586.901,218.461,576.569,208.365,20.664,20.192
youtube_juggling_for_data_analysis_eh1I3SlZn48_075_090.mp4,122,2.035367,32,sports ball,0.343296,612.641,387.037,631.134,407.751,621.887,397.394,18.493,20.714
youtube_juggling_for_data_analysis_eh1I3SlZn48_075_090.mp4,123,2.052050,32,sports ball,0.514922,642.974,278.861,663.226,300.351,653.100,289.606,20.252,21.490
youtube_juggling_for_data_analysis_eh1I3SlZn48_075_090.mp4,123,2.052050,32,sports ball,0.439142,544.858,441.027,568.501,464.563,556.680,452.795,23.643,23.536
youtube_juggling_for_data_analysis_eh1I3SlZn48_075_090.mp4,123,2.052050,32,sports ball,0.426923,564.348,197.948,585.645,219.720,574.996,208.834,21.297,21.772
youtube_juggling_for_data_analysis_eh1I3SlZn48_075_090.mp4,123,2.052050,32,sports ball,0.313197,610.529,374.124,627.857,392.370,619.193,383.247,17.328,18.246
youtube_juggling_for_data_analysis_eh1I3SlZn48_075_090.mp4,123,2.052050,32,sports ball,0.302681,600.873,247.593,622.033,267.690,611.453,257.642,21.159,20.097
youtube_juggling_for_data_analysis_eh1I3SlZn48_075_090.mp4,124,2.068733,32,sports ball,0.587053,549.500,448.535,568.320,469.361,558.910,458.948,18.820,20.825
youtube_juggling_for_data_analysis_eh1I3SlZn48_075_090.mp4,124,2.068733,32,sports ball,0.275520,549.523,448.589,567.725,465.307,558.624,456.948,18.202,16.718
youtube_juggling_for_data_analysis_eh1I3SlZn48_075_090.mp4,124,2.068733,32,sports ball,0.238294,601.944,242.348,624.348,260.836,613.146,251.592,22.404,18.488
youtube_juggling_for_data_analysis_eh1I3SlZn48_075_090.mp4,124,2.068733,32,sports ball,0.200153,644.733,288.145,664.138,308.527,654.436,298.336,19.405,20.382
youtube_juggling_for_data_analysis_eh1I3SlZn48_075_090.mp4,124,2.068733,32,sports ball,0.186197,609.546,359.092,626.771,378.751,618.159,368.922,17.225,19.659
youtube_juggling_for_data_analysis_eh1I3SlZn48_075_090.mp4,124,2.068733,32,sports ball,0.164900,562.698,200.819,584.868,221.237,573.783,211.028,22.170,20.417
youtube_juggling_for_data_analysis_eh1I3SlZn48_075_090.mp4,125,2.085417,32,sports ball,0.662671,608.149,346.496,626.662,368.136,617.405,357.316,18.512,21.640
youtube_juggling_for_data_analysis_eh1I3SlZn48_075_090.mp4,125,2.085417,32,sports ball,0.446536,550.308,455.632,569.632,478.635,559.970,467.133,19.324,23.003
youtube_juggling_for_data_analysis_eh1I3SlZn48_075_090.mp4,125,2.085417,32,sports ball,0.290747,602.899,236.296,624.675,256.240,613.787,246.268,21.776,19.943
youtube_juggling_for_data_analysis_eh1I3SlZn48_075_090.mp4,125,2.085417,32,sports ball,0.244264,645.536,296.203,667.459,317.148,656.498,306.676,21.923,20.945
youtube_juggling_for_data_analysis_eh1I3SlZn48_075_090.mp4,126,2.102100,32,sports ball,0.689086,605.337,232.348,624.669,250.607,615.003,241.478,19.331,18.259
youtube_juggling_for_data_analysis_eh1I3SlZn48_075_090.mp4,126,2.102100,32,sports ball,0.409999,550.128,458.784,573.179,482.462,561.653,470.623,23.052,23.678
youtube_juggling_for_data_analysis_eh1I3SlZn48_075_090.mp4,126,2.102100,32,sports ball,0.399118,605.924,334.933,623.824,354.335,614.874,344.634,17.900,19.402
youtube_juggling_for_data_analysis_eh1I3SlZn48_075_090.mp4,126,2.102100,32,sports ball,0.337622,647.760,305.768,668.862,327.063,658.311,316.415,21.102,21.294
youtube_juggling_for_data_analysis_eh1I3SlZn48_075_090.mp4,126,2.102100,32,sports ball,0.251799,560.367,204.673,580.716,225.043,570.541,214.858,20.349,20.370
youtube_juggling_for_data_analysis_eh1I3SlZn48_075_090.mp4,127,2.118783,32,sports ball,0.761358,608.567,227.531,626.645,247.052,617.606,237.292,18.078,19.520
youtube_juggling_for_data_analysis_eh1I3SlZn48_075_090.mp4,127,2.118783,32,sports ball,0.709452,650.466,316.719,670.056,336.054,660.261,326.386,19.590,19.336
youtube_juggling_for_data_analysis_eh1I3SlZn48_075_090.mp4,127,2.118783,32,sports ball,0.654944,558.632,207.887,579.551,227.027,569.091,217.457,20.919,19.140
youtube_juggling_for_data_analysis_eh1I3SlZn48_075_090.mp4,127,2.118783,32,sports ball,0.320669,606.325,322.163,623.434,345.612,614.879,333.887,17.108,23.450
youtube_juggling_for_data_analysis_eh1I3SlZn48_075_090.mp4,127,2.118783,32,sports ball,0.185453,551.727,460.768,575.332,487.633,563.530,474.201,23.605,26.865
youtube_juggling_for_data_analysis_eh1I3SlZn48_075_090.mp4,127,2.118783,32,sports ball,0.164455,556.077,468.346,574.992,487.494,565.535,477.920,18.915,19.148
youtube_juggling_for_data_analysis_eh1I3SlZn48_075_090.mp4,128,2.135467,32,sports ball,0.673872,608.901,223.487,628.103,242.910,618.502,233.198,19.201,19.423
youtube_juggling_for_data_analysis_eh1I3SlZn48_075_090.mp4,128,2.135467,32,sports ball,0.667015,652.104,327.855,671.682,347.089,661.893,337.472,19.578,19.233
youtube_juggling_for_data_analysis_eh1I3SlZn48_075_090.mp4,128,2.135467,32,sports ball,0.603261,557.566,211.688,578.047,231.057,567.807,221.373,20.481,19.369
youtube_juggling_for_data_analysis_eh1I3SlZn48_075_090.mp4,128,2.135467,32,sports ball,0.576527,602.526,310.998,622.770,331.624,612.648,321.311,20.244,20.625
youtube_juggling_for_data_analysis_eh1I3SlZn48_075_090.mp4,128,2.135467,32,sports ball,0.175989,557.234,471.276,575.408,489.801,566.321,480.539,18.175,18.525
youtube_juggling_for_data_analysis_eh1I3SlZn48_075_090.mp4,129,2.152150,32,sports ball,0.741495,655.230,339.164,671.846,359.392,663.538,349.278,16.616,20.228
youtube_juggling_for_data_analysis_eh1I3SlZn48_075_090.mp4,129,2.152150,32,sports ball,0.588484,610.173,219.889,629.400,239.222,619.787,229.555,19.227,19.333
youtube_juggling_for_data_analysis_eh1I3SlZn48_075_090.mp4,129,2.152150,32,sports ball,0.443563,555.617,215.242,576.256,235.282,565.936,225.262,20.639,20.040
youtube_juggling_for_data_analysis_eh1I3SlZn48_075_090.mp4,129,2.152150,32,sports ball,0.199902,557.973,471.158,577.207,490.785,567.590,480.972,19.234,19.627
youtube_juggling_for_data_analysis_eh1I3SlZn48_075_090.mp4,129,2.152150,32,sports ball,0.185797,600.690,299.643,621.276,319.547,610.983,309.595,20.586,19.904
youtube_juggling_for_data_analysis_eh1I3SlZn48_075_090.mp4,130,2.168833,32,sports ball,0.718379,655.763,349.711,676.210,369.776,665.986,359.743,20.447,20.065
youtube_juggling_for_data_analysis_eh1I3SlZn48_075_090.mp4,130,2.168833,32,sports ball,0.564221,611.364,217.252,631.571,236.898,621.468,227.075,20.207,19.647
youtube_juggling_for_data_analysis_eh1I3SlZn48_075_090.mp4,130,2.168833,32,sports ball,0.506869,599.289,289.622,620.704,311.378,609.996,300.500,21.414,21.756
youtube_juggling_for_data_analysis_eh1I3SlZn48_075_090.mp4,130,2.168833,32,sports ball,0.506666,553.600,219.014,575.460,239.248,564.530,229.131,21.860,20.235
youtube_juggling_for_data_analysis_eh1I3SlZn48_075_090.mp4,130,2.168833,32,sports ball,0.363678,559.521,470.307,579.095,488.228,569.308,479.268,19.573,17.921
youtube_juggling_for_data_analysis_eh1I3SlZn48_075_090.mp4,130,2.168833,32,sports ball,0.279642,554.095,218.712,575.681,239.419,564.888,229.065,21.585,20.707
youtube_juggling_for_data_analysis_eh1I3SlZn48_075_090.mp4,131,2.185517,32,sports ball,0.791886,598.675,281.065,618.794,301.034,608.735,291.049,20.119,19.969
youtube_juggling_for_data_analysis_eh1I3SlZn48_075_090.mp4,131,2.185517,32,sports ball,0.649882,656.612,361.810,677.530,384.086,667.071,372.948,20.919,22.276
youtube_juggling_for_data_analysis_eh1I3SlZn48_075_090.mp4,131,2.185517,32,sports ball,0.538130,611.260,214.768,632.459,235.219,621.860,224.994,21.199,20.451
youtube_juggling_for_data_analysis_eh1I3SlZn48_075_090.mp4,131,2.185517,32,sports ball,0.352056,552.334,224.813,573.981,246.103,563.158,235.458,21.646,21.291
youtube_juggling_for_data_analysis_eh1I3SlZn48_075_090.mp4,131,2.185517,32,sports ball,0.254439,560.564,464.354,583.114,483.296,571.839,473.825,22.549,18.943
youtube_juggling_for_data_analysis_eh1I3SlZn48_075_090.mp4,132,2.202200,32,sports ball,0.836277,596.975,272.044,617.043,292.115,607.009,282.079,20.068,20.071
youtube_juggling_for_data_analysis_eh1I3SlZn48_075_090.mp4,132,2.202200,32,sports ball,0.730496,656.665,371.147,677.773,391.794,667.219,381.470,21.108,20.647
youtube_juggling_for_data_analysis_eh1I3SlZn48_075_090.mp4,132,2.202200,32,sports ball,0.713854,611.655,213.496,632.709,234.327,622.182,223.911,21.054,20.831
youtube_juggling_for_data_analysis_eh1I3SlZn48_075_090.mp4,132,2.202200,32,sports ball,0.425074,551.019,229.670,571.857,250.752,561.438,240.211,20.839,21.082
youtube_juggling_for_data_analysis_eh1I3SlZn48_075_090.mp4,133,2.218883,32,sports ball,0.779989,594.843,263.937,616.309,284.146,605.576,274.041,21.467,20.209
youtube_juggling_for_data_analysis_eh1I3SlZn48_075_090.mp4,133,2.218883,32,sports ball,0.624251,656.187,380.178,678.836,400.478,667.512,390.328,22.649,20.300
youtube_juggling_for_data_analysis_eh1I3SlZn48_075_090.mp4,133,2.218883,32,sports ball,0.609106,614.363,211.271,634.674,233.364,624.519,222.318,20.311,22.092
youtube_juggling_for_data_analysis_eh1I3SlZn48_075_090.mp4,133,2.218883,32,sports ball,0.549393,548.967,236.561,570.912,256.351,559.940,246.456,21.945,19.790
youtube_juggling_for_data_analysis_eh1I3SlZn48_075_090.mp4,133,2.218883,32,sports ball,0.201509,564.236,443.384,586.956,461.515,575.596,452.450,22.720,18.131
youtube_juggling_for_data_analysis_eh1I3SlZn48_075_090.mp4,134,2.235567,32,sports ball,0.698397,593.422,256.292,615.343,276.738,604.383,266.515,21.922,20.446
youtube_juggling_for_data_analysis_eh1I3SlZn48_075_090.mp4,134,2.235567,32,sports ball,0.606665,548.326,243.014,569.990,263.964,559.158,253.489,21.664,20.949
youtube_juggling_for_data_analysis_eh1I3SlZn48_075_090.mp4,134,2.235567,32,sports ball,0.571025,656.372,387.878,678.434,408.382,667.403,398.130,22.062,20.504
youtube_juggling_for_data_analysis_eh1I3SlZn48_075_090.mp4,134,2.235567,32,sports ball,0.553842,614.994,211.089,636.771,232.197,625.883,221.643,21.777,21.107
youtube_juggling_for_data_analysis_eh1I3SlZn48_075_090.mp4,134,2.235567,32,sports ball,0.390243,568.077,430.827,589.623,448.863,578.850,439.845,21.547,18.036
youtube_juggling_for_data_analysis_eh1I3SlZn48_075_090.mp4,135,2.252250,32,sports ball,0.833505,547.039,250.054,567.620,271.046,557.330,260.550,20.581,20.992
youtube_juggling_for_data_analysis_eh1I3SlZn48_075_090.mp4,135,2.252250,32,sports ball,0.801036,592.582,247.724,613.246,269.368,602.914,258.546,20.664,21.644
youtube_juggling_for_data_analysis_eh1I3SlZn48_075_090.mp4,135,2.252250,32,sports ball,0.767182,656.234,397.704,677.907,416.958,667.071,407.331,21.674,19.253
youtube_juggling_for_data_analysis_eh1I3SlZn48_075_090.mp4,135,2.252250,32,sports ball,0.734056,571.443,416.299,591.571,435.041,581.507,425.670,20.127,18.742
youtube_juggling_for_data_analysis_eh1I3SlZn48_075_090.mp4,135,2.252250,32,sports ball,0.705648,616.034,211.199,637.541,232.070,626.787,221.635,21.507,20.871
youtube_juggling_for_data_analysis_eh1I3SlZn48_075_090.mp4,136,2.268933,32,sports ball,0.744260,546.050,258.299,566.324,279.369,556.187,268.834,20.274,21.071
youtube_juggling_for_data_analysis_eh1I3SlZn48_075_090.mp4,136,2.268933,32,sports ball,0.690179,655.936,406.897,676.726,425.080,666.331,415.989,20.790,18.183
youtube_juggling_for_data_analysis_eh1I3SlZn48_075_090.mp4,136,2.268933,32,sports ball,0.623706,574.863,401.176,592.702,419.027,583.782,410.101,17.839,17.851
youtube_juggling_for_data_analysis_eh1I3SlZn48_075_090.mp4,136,2.268933,32,sports ball,0.558921,618.008,210.746,638.943,232.176,628.476,221.461,20.935,21.430
youtube_juggling_for_data_analysis_eh1I3SlZn48_075_090.mp4,136,2.268933,32,sports ball,0.515874,591.970,242.099,611.937,261.473,601.954,251.786,19.967,19.374
youtube_juggling_for_data_analysis_eh1I3SlZn48_075_090.mp4,137,2.285617,32,sports ball,0.691499,576.271,385.660,593.269,405.189,584.770,395.425,16.998,19.529
youtube_juggling_for_data_analysis_eh1I3SlZn48_075_090.mp4,137,2.285617,32,sports ball,0.654712,655.532,417.845,671.940,434.747,663.736,426.296,16.409,16.902
youtube_juggling_for_data_analysis_eh1I3SlZn48_075_090.mp4,137,2.285617,32,sports ball,0.598348,544.864,267.253,565.224,287.609,555.044,277.431,20.360,20.356
youtube_juggling_for_data_analysis_eh1I3SlZn48_075_090.mp4,137,2.285617,32,sports ball,0.539347,619.665,212.440,640.224,234.152,629.945,223.296,20.558,21.712
youtube_juggling_for_data_analysis_eh1I3SlZn48_075_090.mp4,137,2.285617,32,sports ball,0.328568,588.763,232.963,609.538,256.115,599.151,244.539,20.775,23.152
youtube_juggling_for_data_analysis_eh1I3SlZn48_075_090.mp4,137,2.285617,32,sports ball,0.272001,655.148,415.422,672.164,434.659,663.656,425.040,17.016,19.237
youtube_juggling_for_data_analysis_eh1I3SlZn48_075_090.mp4,137,2.285617,32,sports ball,0.202979,589.998,235.675,608.776,255.990,599.387,245.832,18.778,20.314
youtube_juggling_for_data_analysis_eh1I3SlZn48_075_090.mp4,138,2.302300,32,sports ball,0.612430,620.099,214.369,640.655,234.777,630.377,224.573,20.556,20.408
youtube_juggling_for_data_analysis_eh1I3SlZn48_075_090.mp4,138,2.302300,32,sports ball,0.597102,544.491,276.517,562.326,296.469,553.409,286.493,17.835,19.952
youtube_juggling_for_data_analysis_eh1I3SlZn48_075_090.mp4,138,2.302300,32,sports ball,0.558447,589.185,229.865,608.718,249.547,598.951,239.706,19.533,19.682
youtube_juggling_for_data_analysis_eh1I3SlZn48_075_090.mp4,138,2.302300,32,sports ball,0.325392,652.227,425.246,669.805,442.880,661.016,434.063,17.578,17.634
youtube_juggling_for_data_analysis_eh1I3SlZn48_075_090.mp4,139,2.318983,32,sports ball,0.518306,622.059,215.574,640.588,236.245,631.324,225.910,18.529,20.671
youtube_juggling_for_data_analysis_eh1I3SlZn48_075_090.mp4,139,2.318983,32,sports ball,0.474004,541.101,285.715,561.694,308.433,551.398,297.074,20.593,22.719
youtube_juggling_for_data_analysis_eh1I3SlZn48_075_090.mp4,139,2.318983,32,sports ball,0.376965,587.891,224.062,607.933,244.665,597.912,234.364,20.042,20.603
youtube_juggling_for_data_analysis_eh1I3SlZn48_075_090.mp4,139,2.318983,32,sports ball,0.296906,580.204,358.793,594.793,378.516,587.499,368.654,14.589,19.723
youtube_juggling_for_data_analysis_eh1I3SlZn48_075_090.mp4,139,2.318983,32,sports ball,0.166496,644.157,434.695,667.086,453.616,655.621,444.155,22.929,18.921
youtube_juggling_for_data_analysis_eh1I3SlZn48_075_090.mp4,140,2.335667,32,sports ball,0.615778,584.369,219.599,606.174,239.103,595.271,229.351,21.805,19.504
youtube_juggling_for_data_analysis_eh1I3SlZn48_075_090.mp4,140,2.335667,32,sports ball,0.611090,539.705,295.747,559.581,317.488,549.643,306.617,19.875,21.740
youtube_juggling_for_data_analysis_eh1I3SlZn48_075_090.mp4,140,2.335667,32,sports ball,0.594930,624.172,219.215,642.561,238.225,633.366,228.720,18.389,19.010
youtube_juggling_for_data_analysis_eh1I3SlZn48_075_090.mp4,141,2.352350,32,sports ball,0.671323,624.039,219.275,644.341,241.383,634.190,230.329,20.302,22.108
youtube_juggling_for_data_analysis_eh1I3SlZn48_075_090.mp4,141,2.352350,32,sports ball,0.668455,583.870,215.031,604.824,236.331,594.347,225.681,20.954,21.300
youtube_juggling_for_data_analysis_eh1I3SlZn48_075_090.mp4,141,2.352350,32,sports ball,0.593973,537.453,307.440,558.003,328.326,547.728,317.883,20.550,20.885
youtube_juggling_for_data_analysis_eh1I3SlZn48_075_090.mp4,141,2.352350,32,sports ball,0.246395,635.398,448.112,658.915,471.279,647.156,459.695,23.517,23.167
youtube_juggling_for_data_analysis_eh1I3SlZn48_075_090.mp4,142,2.369033,32,sports ball,0.685430,582.410,210.807,603.612,233.115,593.011,221.961,21.202,22.308
youtube_juggling_for_data_analysis_eh1I3SlZn48_075_090.mp4,142,2.369033,32,sports ball,0.632907,624.962,223.418,646.348,244.712,635.655,234.065,21.386,21.294
youtube_juggling_for_data_analysis_eh1I3SlZn48_075_090.mp4,142,2.369033,32,sports ball,0.449888,632.963,455.599,654.631,477.419,643.797,466.509,21.669,21.820
youtube_juggling_for_data_analysis_eh1I3SlZn48_075_090.mp4,142,2.369033,32,sports ball,0.432540,535.968,317.256,557.320,339.971,546.644,328.614,21.352,22.714
youtube_juggling_for_data_analysis_eh1I3SlZn48_075_090.mp4,142,2.369033,32,sports ball,0.429389,585.264,321.220,606.169,342.026,595.716,331.623,20.905,20.807
youtube_juggling_for_data_analysis_eh1I3SlZn48_075_090.mp4,143,2.385717,32,sports ball,0.755857,580.665,209.780,601.934,228.120,591.300,218.950,21.269,18.340
youtube_juggling_for_data_analysis_eh1I3SlZn48_075_090.mp4,143,2.385717,32,sports ball,0.677729,627.484,227.153,646.944,248.401,637.214,237.777,19.460,21.248
youtube_juggling_for_data_analysis_eh1I3SlZn48_075_090.mp4,143,2.385717,32,sports ball,0.562453,535.921,332.177,555.025,351.841,545.473,342.009,19.104,19.664
youtube_juggling_for_data_analysis_eh1I3SlZn48_075_090.mp4,143,2.385717,32,sports ball,0.335280,535.349,330.657,555.877,352.238,545.613,341.448,20.529,21.581
youtube_juggling_for_data_analysis_eh1I3SlZn48_075_090.mp4,143,2.385717,32,sports ball,0.328099,629.678,459.859,650.950,480.576,640.314,470.217,21.272,20.717
youtube_juggling_for_data_analysis_eh1I3SlZn48_075_090.mp4,144,2.402400,32,sports ball,0.645588,533.908,343.387,554.150,365.682,544.029,354.535,20.242,22.294
youtube_juggling_for_data_analysis_eh1I3SlZn48_075_090.mp4,144,2.402400,32,sports ball,0.426753,580.264,205.948,600.876,225.644,590.570,215.796,20.613,19.695
youtube_juggling_for_data_analysis_eh1I3SlZn48_075_090.mp4,144,2.402400,32,sports ball,0.409747,628.435,231.907,651.928,253.929,640.182,242.918,23.493,22.022
youtube_juggling_for_data_analysis_eh1I3SlZn48_075_090.mp4,144,2.402400,32,sports ball,0.401805,589.398,298.717,609.103,319.260,599.250,308.989,19.705,20.543
youtube_juggling_for_data_analysis_eh1I3SlZn48_075_090.mp4,144,2.402400,32,sports ball,0.205793,626.867,459.347,647.505,480.710,637.186,470.029,20.638,21.363
youtube_juggling_for_data_analysis_eh1I3SlZn48_075_090.mp4,145,2.419083,32,sports ball,0.818969,531.979,357.006,552.808,377.976,542.393,367.491,20.829,20.970
youtube_juggling_for_data_analysis_eh1I3SlZn48_075_090.mp4,145,2.419083,32,sports ball,0.710034,591.743,288.792,611.413,310.531,601.578,299.662,19.670,21.739
youtube_juggling_for_data_analysis_eh1I3SlZn48_075_090.mp4,145,2.419083,32,sports ball,0.493122,630.825,237.613,652.123,258.847,641.474,248.230,21.298,21.234
youtube_juggling_for_data_analysis_eh1I3SlZn48_075_090.mp4,145,2.419083,32,sports ball,0.458079,579.689,205.608,599.245,224.019,589.467,214.813,19.556,18.411
youtube_juggling_for_data_analysis_eh1I3SlZn48_075_090.mp4,146,2.435767,32,sports ball,0.859483,531.294,371.012,551.296,389.415,541.295,380.214,20.002,18.403
youtube_juggling_for_data_analysis_eh1I3SlZn48_075_090.mp4,146,2.435767,32,sports ball,0.598353,621.876,446.235,640.853,469.423,631.364,457.829,18.978,23.188
youtube_juggling_for_data_analysis_eh1I3SlZn48_075_090.mp4,146,2.435767,32,sports ball,0.585455,577.686,201.838,599.162,223.047,588.424,212.442,21.475,21.209
youtube_juggling_for_data_analysis_eh1I3SlZn48_075_090.mp4,146,2.435767,32,sports ball,0.578489,593.294,278.135,613.980,300.174,603.637,289.154,20.686,22.039
youtube_juggling_for_data_analysis_eh1I3SlZn48_075_090.mp4,146,2.435767,32,sports ball,0.524998,631.813,242.601,651.660,264.400,641.736,253.500,19.847,21.798
youtube_juggling_for_data_analysis_eh1I3SlZn48_075_090.mp4,147,2.452450,32,sports ball,0.821802,576.257,201.243,598.410,221.783,587.333,211.513,22.153,20.539
youtube_juggling_for_data_analysis_eh1I3SlZn48_075_090.mp4,147,2.452450,32,sports ball,0.742173,633.242,249.529,654.074,269.791,643.658,259.660,20.832,20.262
youtube_juggling_for_data_analysis_eh1I3SlZn48_075_090.mp4,147,2.452450,32,sports ball,0.700206,593.421,268.721,616.505,291.520,604.963,280.121,23.085,22.799
youtube_juggling_for_data_analysis_eh1I3SlZn48_075_090.mp4,147,2.452450,32,sports ball,0.502671,529.890,384.904,550.480,401.599,540.185,393.251,20.591,16.696
youtube_juggling_for_data_analysis_eh1I3SlZn48_075_090.mp4,147,2.452450,32,sports ball,0.490678,618.801,438.186,638.710,458.436,628.755,448.311,19.910,20.251
youtube_juggling_for_data_analysis_eh1I3SlZn48_075_090.mp4,147,2.452450,32,sports ball,0.444296,618.952,437.848,638.997,459.031,628.975,448.439,20.045,21.183
youtube_juggling_for_data_analysis_eh1I3SlZn48_075_090.mp4,147,2.452450,32,sports ball,0.161738,528.932,384.511,550.481,399.840,539.706,392.175,21.549,15.330
youtube_juggling_for_data_analysis_eh1I3SlZn48_075_090.mp4,148,2.469133,32,sports ball,0.855087,617.143,424.770,637.682,445.846,627.412,435.308,20.539,21.076
youtube_juggling_for_data_analysis_eh1I3SlZn48_075_090.mp4,148,2.469133,32,sports ball,0.773916,575.657,201.316,597.123,221.182,586.390,211.249,21.467,19.865
youtube_juggling_for_data_analysis_eh1I3SlZn48_075_090.mp4,148,2.469133,32,sports ball,0.710047,595.921,260.142,617.864,282.467,606.893,271.305,21.943,22.325
youtube_juggling_for_data_analysis_eh1I3SlZn48_075_090.mp4,148,2.469133,32,sports ball,0.664800,633.778,254.603,655.160,276.806,644.469,265.705,21.382,22.203
youtube_juggling_for_data_analysis_eh1I3SlZn48_075_090.mp4,148,2.469133,32,sports ball,0.621281,529.112,391.648,548.367,411.554,538.740,401.601,19.255,19.906
youtube_juggling_for_data_analysis_eh1I3SlZn48_075_090.mp4,148,2.469133,32,sports ball,0.378274,529.136,391.528,548.737,417.152,538.936,404.340,19.602,25.624
youtube_juggling_for_data_analysis_eh1I3SlZn48_075_090.mp4,148,2.469133,32,sports ball,0.352291,634.753,255.911,655.027,276.632,644.890,266.272,20.274,20.720
youtube_juggling_for_data_analysis_eh1I3SlZn48_075_090.mp4,149,2.485817,32,sports ball,0.722211,635.082,263.511,655.807,283.802,645.444,273.657,20.725,20.291
youtube_juggling_for_data_analysis_eh1I3SlZn48_075_090.mp4,149,2.485817,32,sports ball,0.690495,598.415,255.670,619.216,274.858,608.816,265.264,20.800,19.188
youtube_juggling_for_data_analysis_eh1I3SlZn48_075_090.mp4,149,2.485817,32,sports ball,0.636511,529.247,400.062,547.167,424.533,538.207,412.298,17.920,24.471
youtube_juggling_for_data_analysis_eh1I3SlZn48_075_090.mp4,149,2.485817,32,sports ball,0.608344,614.750,408.520,636.050,433.525,625.400,421.022,21.300,25.005
youtube_juggling_for_data_analysis_eh1I3SlZn48_075_090.mp4,149,2.485817,32,sports ball,0.532230,574.974,201.071,595.080,221.675,585.027,211.373,20.106,20.604
youtube_juggling_for_data_analysis_eh1I3SlZn48_075_090.mp4,150,2.502500,32,sports ball,0.740292,612.784,398.271,633.876,417.199,623.330,407.735,21.091,18.928
youtube_juggling_for_data_analysis_eh1I3SlZn48_075_090.mp4,150,2.502500,32,sports ball,0.563766,638.609,270.675,656.756,291.527,647.682,281.101,18.147,20.852
youtube_juggling_for_data_analysis_eh1I3SlZn48_075_090.mp4,150,2.502500,32,sports ball,0.490482,529.298,408.319,547.590,430.542,538.444,419.430,18.292,22.223
youtube_juggling_for_data_analysis_eh1I3SlZn48_075_090.mp4,150,2.502500,32,sports ball,0.323078,599.607,246.891,620.048,268.423,609.828,257.657,20.440,21.533
youtube_juggling_for_data_analysis_eh1I3SlZn48_075_090.mp4,150,2.502500,32,sports ball,0.308548,573.354,200.742,592.738,222.735,583.046,211.738,19.385,21.993
youtube_juggling_for_data_analysis_eh1I3SlZn48_075_090.mp4,151,2.519183,32,sports ball,0.818317,611.971,383.158,631.616,402.370,621.793,392.764,19.645,19.212
youtube_juggling_for_data_analysis_eh1I3SlZn48_075_090.mp4,151,2.519183,32,sports ball,0.682510,529.228,416.404,551.370,444.672,540.299,430.538,22.142,28.268
youtube_juggling_for_data_analysis_eh1I3SlZn48_075_090.mp4,151,2.519183,32,sports ball,0.579885,639.685,278.547,659.310,301.236,649.498,289.891,19.626,22.690
youtube_juggling_for_data_analysis_eh1I3SlZn48_075_090.mp4,151,2.519183,32,sports ball,0.538668,602.334,240.921,623.216,260.528,612.775,250.724,20.882,19.607
youtube_juggling_for_data_analysis_eh1I3SlZn48_075_090.mp4,151,2.519183,32,sports ball,0.285206,572.418,201.186,592.366,223.916,582.392,212.551,19.949,22.730
youtube_juggling_for_data_analysis_eh1I3SlZn48_075_090.mp4,151,2.519183,32,sports ball,0.163957,611.832,382.995,631.335,402.263,621.584,392.629,19.503,19.268
youtube_juggling_for_data_analysis_eh1I3SlZn48_075_090.mp4,152,2.535867,32,sports ball,0.538013,640.910,286.882,659.912,309.052,650.411,297.967,19.001,22.170
youtube_juggling_for_data_analysis_eh1I3SlZn48_075_090.mp4,152,2.535867,32,sports ball,0.424041,603.122,233.832,624.576,255.376,613.849,244.604,21.454,21.544
youtube_juggling_for_data_analysis_eh1I3SlZn48_075_090.mp4,153,2.552550,32,sports ball,0.629318,641.592,296.646,661.028,318.998,651.310,307.822,19.436,22.353
youtube_juggling_for_data_analysis_eh1I3SlZn48_075_090.mp4,153,2.552550,32,sports ball,0.412007,607.384,226.761,626.339,248.222,616.861,237.491,18.955,21.460
youtube_juggling_for_data_analysis_eh1I3SlZn48_075_090.mp4,153,2.552550,32,sports ball,0.253633,568.859,207.626,588.739,227.301,578.799,217.464,19.880,19.675
youtube_juggling_for_data_analysis_eh1I3SlZn48_075_090.mp4,153,2.552550,32,sports ball,0.163757,608.346,352.007,628.232,375.633,618.289,363.820,19.885,23.627
youtube_juggling_for_data_analysis_eh1I3SlZn48_075_090.mp4,154,2.569233,32,sports ball,0.715755,608.469,223.435,628.053,243.011,618.261,233.223,19.584,19.576
youtube_juggling_for_data_analysis_eh1I3SlZn48_075_090.mp4,154,2.569233,32,sports ball,0.632308,642.942,307.857,663.471,328.780,653.206,318.319,20.528,20.923
youtube_juggling_for_data_analysis_eh1I3SlZn48_075_090.mp4,154,2.569233,32,sports ball,0.607046,567.807,211.015,588.123,230.035,577.965,220.525,20.316,19.020
youtube_juggling_for_data_analysis_eh1I3SlZn48_075_090.mp4,154,2.569233,32,sports ball,0.409138,608.721,340.751,625.825,360.191,617.273,350.471,17.104,19.440
youtube_juggling_for_data_analysis_eh1I3SlZn48_075_090.mp4,154,2.569233,32,sports ball,0.286775,643.239,308.022,663.339,328.599,653.289,318.310,20.100,20.577
youtube_juggling_for_data_analysis_eh1I3SlZn48_075_090.mp4,154,2.569233,32,sports ball,0.242302,608.700,223.771,628.008,242.880,618.354,233.325,19.308,19.109
youtube_juggling_for_data_analysis_eh1I3SlZn48_075_090.mp4,154,2.569233,32,sports ball,0.237900,539.563,440.971,558.570,457.457,549.066,449.214,19.006,16.486
youtube_juggling_for_data_analysis_eh1I3SlZn48_075_090.mp4,155,2.585917,32,sports ball,0.800470,609.918,218.066,629.851,238.988,619.884,228.527,19.933,20.922
youtube_juggling_for_data_analysis_eh1I3SlZn48_075_090.mp4,155,2.585917,32,sports ball,0.718033,643.686,318.223,664.013,338.785,653.850,328.504,20.327,20.562
youtube_juggling_for_data_analysis_eh1I3SlZn48_075_090.mp4,155,2.585917,32,sports ball,0.621220,567.073,213.819,586.561,233.979,576.817,223.899,19.489,20.160
youtube_juggling_for_data_analysis_eh1I3SlZn48_075_090.mp4,156,2.602600,32,sports ball,0.720288,646.177,327.952,664.536,351.070,655.357,339.511,18.360,23.119
youtube_juggling_for_data_analysis_eh1I3SlZn48_075_090.mp4,156,2.602600,32,sports ball,0.600275,611.273,213.933,632.127,235.214,621.700,224.574,20.854,21.281
youtube_juggling_for_data_analysis_eh1I3SlZn48_075_090.mp4,156,2.602600,32,sports ball,0.559981,565.441,217.249,585.564,238.094,575.503,227.671,20.123,20.845
youtube_juggling_for_data_analysis_eh1I3SlZn48_075_090.mp4,156,2.602600,32,sports ball,0.502815,603.635,316.793,622.421,336.080,613.028,326.437,18.786,19.288
youtube_juggling_for_data_analysis_eh1I3SlZn48_075_090.mp4,157,2.619283,32,sports ball,0.744417,647.339,339.914,667.032,361.049,657.186,350.481,19.694,21.134
youtube_juggling_for_data_analysis_eh1I3SlZn48_075_090.mp4,157,2.619283,32,sports ball,0.625397,612.367,211.355,633.196,231.156,622.782,221.256,20.829,19.802
youtube_juggling_for_data_analysis_eh1I3SlZn48_075_090.mp4,157,2.619283,32,sports ball,0.595149,600.805,304.993,620.563,326.880,610.684,315.936,19.758,21.887
youtube_juggling_for_data_analysis_eh1I3SlZn48_075_090.mp4,157,2.619283,32,sports ball,0.376494,647.605,340.327,666.743,360.696,657.174,350.511,19.138,20.369
youtube_juggling_for_data_analysis_eh1I3SlZn48_075_090.mp4,157,2.619283,32,sports ball,0.271144,548.725,462.568,568.634,479.356,558.680,470.962,19.908,16.788
youtube_juggling_for_data_analysis_eh1I3SlZn48_075_090.mp4,157,2.619283,32,sports ball,0.182086,563.031,222.351,584.573,243.145,573.802,232.748,21.542,20.794
youtube_juggling_for_data_analysis_eh1I3SlZn48_075_090.mp4,158,2.635967,32,sports ball,0.739229,648.708,352.665,667.921,369.925,658.315,361.295,19.213,17.260
youtube_juggling_for_data_analysis_eh1I3SlZn48_075_090.mp4,158,2.635967,32,sports ball,0.679479,599.098,294.894,619.503,316.197,609.301,305.546,20.405,21.303
youtube_juggling_for_data_analysis_eh1I3SlZn48_075_090.mp4,158,2.635967,32,sports ball,0.572416,614.460,207.002,634.890,227.715,624.675,217.358,20.430,20.712
youtube_juggling_for_data_analysis_eh1I3SlZn48_075_090.mp4,158,2.635967,32,sports ball,0.461823,561.932,226.159,584.281,247.695,573.106,236.927,22.349,21.536
youtube_juggling_for_data_analysis_eh1I3SlZn48_075_090.mp4,158,2.635967,32,sports ball,0.348237,549.511,463.559,571.326,483.305,560.419,473.432,21.815,19.746
youtube_juggling_for_data_analysis_eh1I3SlZn48_075_090.mp4,159,2.652650,32,sports ball,0.637415,597.859,283.863,618.436,306.743,608.148,295.303,20.577,22.881
youtube_juggling_for_data_analysis_eh1I3SlZn48_075_090.mp4,159,2.652650,32,sports ball,0.583052,648.623,364.005,669.429,384.563,659.026,374.284,20.806,20.558
youtube_juggling_for_data_analysis_eh1I3SlZn48_075_090.mp4,159,2.652650,32,sports ball,0.470213,615.111,205.242,637.073,225.418,626.092,215.330,21.963,20.176
youtube_juggling_for_data_analysis_eh1I3SlZn48_075_090.mp4,159,2.652650,32,sports ball,0.274237,553.269,463.304,574.644,483.910,563.956,473.607,21.375,20.605
youtube_juggling_for_data_analysis_eh1I3SlZn48_075_090.mp4,159,2.652650,32,sports ball,0.229772,561.132,232.438,581.219,253.172,571.175,242.805,20.086,20.734
youtube_juggling_for_data_analysis_eh1I3SlZn48_075_090.mp4,160,2.669333,32,sports ball,0.606274,649.799,370.588,671.224,393.036,660.512,381.812,21.426,22.448
youtube_juggling_for_data_analysis_eh1I3SlZn48_075_090.mp4,160,2.669333,32,sports ball,0.388544,559.380,237.970,579.418,259.437,569.399,248.704,20.038,21.466
youtube_juggling_for_data_analysis_eh1I3SlZn48_075_090.mp4,160,2.669333,32,sports ball,0.370610,617.614,202.267,638.615,223.822,628.114,213.045,21.002,21.555
youtube_juggling_for_data_analysis_eh1I3SlZn48_075_090.mp4,160,2.669333,32,sports ball,0.304076,555.544,460.511,576.439,479.787,565.991,470.149,20.894,19.276
youtube_juggling_for_data_analysis_eh1I3SlZn48_075_090.mp4,160,2.669333,32,sports ball,0.288092,594.665,274.145,616.877,296.716,605.771,285.430,22.212,22.572
youtube_juggling_for_data_analysis_eh1I3SlZn48_075_090.mp4,161,2.686017,32,sports ball,0.580653,650.782,379.882,670.957,398.702,660.870,389.292,20.175,18.820
youtube_juggling_for_data_analysis_eh1I3SlZn48_075_090.mp4,161,2.686017,32,sports ball,0.424462,619.484,201.332,639.894,222.067,629.689,211.700,20.411,20.735
youtube_juggling_for_data_analysis_eh1I3SlZn48_075_090.mp4,161,2.686017,32,sports ball,0.423734,558.311,246.537,577.195,265.319,567.753,255.928,18.884,18.782
youtube_juggling_for_data_analysis_eh1I3SlZn48_075_090.mp4,161,2.686017,32,sports ball,0.367893,593.253,264.970,615.668,287.699,604.460,276.334,22.415,22.729
youtube_juggling_for_data_analysis_eh1I3SlZn48_075_090.mp4,161,2.686017,32,sports ball,0.162177,557.443,244.799,578.706,265.830,568.075,255.315,21.264,21.030
youtube_juggling_for_data_analysis_eh1I3SlZn48_075_090.mp4,162,2.702700,32,sports ball,0.733010,651.836,386.248,671.569,404.419,661.703,395.334,19.733,18.171
youtube_juggling_for_data_analysis_eh1I3SlZn48_075_090.mp4,162,2.702700,32,sports ball,0.626828,556.737,252.361,576.086,273.187,566.411,262.774,19.350,20.826
youtube_juggling_for_data_analysis_eh1I3SlZn48_075_090.mp4,162,2.702700,32,sports ball,0.546469,592.364,256.269,613.955,279.267,603.160,267.768,21.591,22.998
youtube_juggling_for_data_analysis_eh1I3SlZn48_075_090.mp4,162,2.702700,32,sports ball,0.517041,620.007,201.344,640.651,220.875,630.329,211.109,20.644,19.532
youtube_juggling_for_data_analysis_eh1I3SlZn48_075_090.mp4,162,2.702700,32,sports ball,0.263332,560.696,440.319,583.862,462.643,572.279,451.481,23.165,22.324
youtube_juggling_for_data_analysis_eh1I3SlZn48_075_090.mp4,163,2.719383,32,sports ball,0.803491,554.932,258.975,576.625,281.076,565.779,270.025,21.693,22.102
youtube_juggling_for_data_analysis_eh1I3SlZn48_075_090.mp4,163,2.719383,32,sports ball,0.756592,590.392,249.259,611.009,269.861,600.701,259.560,20.617,20.602
youtube_juggling_for_data_analysis_eh1I3SlZn48_075_090.mp4,163,2.719383,32,sports ball,0.720320,651.627,395.174,670.670,415.424,661.148,405.299,19.043,20.249
youtube_juggling_for_data_analysis_eh1I3SlZn48_075_090.mp4,163,2.719383,32,sports ball,0.717888,624.091,201.792,642.277,220.371,633.184,211.082,18.186,18.579
youtube_juggling_for_data_analysis_eh1I3SlZn48_075_090.mp4,163,2.719383,32,sports ball,0.573030,565.076,430.075,587.018,449.400,576.047,439.737,21.942,19.325
youtube_juggling_for_data_analysis_eh1I3SlZn48_075_090.mp4,164,2.736067,32,sports ball,0.752365,624.544,201.618,645.153,220.258,634.848,210.938,20.609,18.640
youtube_juggling_for_data_analysis_eh1I3SlZn48_075_090.mp4,164,2.736067,32,sports ball,0.746942,589.051,242.345,609.178,263.783,599.115,253.064,20.127,21.438
youtube_juggling_for_data_analysis_eh1I3SlZn48_075_090.mp4,164,2.736067,32,sports ball,0.734774,568.425,416.568,588.310,437.006,578.368,426.787,19.884,20.438
youtube_juggling_for_data_analysis_eh1I3SlZn48_075_090.mp4,164,2.736067,32,sports ball,0.649362,553.037,268.716,574.972,289.107,564.004,278.911,21.935,20.391
youtube_juggling_for_data_analysis_eh1I3SlZn48_075_090.mp4,164,2.736067,32,sports ball,0.520398,650.416,403.034,669.328,420.814,659.872,411.924,18.913,17.780
youtube_juggling_for_data_analysis_eh1I3SlZn48_075_090.mp4,165,2.752750,32,sports ball,0.703393,588.112,234.528,607.895,256.483,598.004,245.506,19.783,21.955
youtube_juggling_for_data_analysis_eh1I3SlZn48_075_090.mp4,165,2.752750,32,sports ball,0.615439,626.167,201.656,645.547,220.609,635.857,211.132,19.380,18.953
youtube_juggling_for_data_analysis_eh1I3SlZn48_075_090.mp4,165,2.752750,32,sports ball,0.558552,570.351,401.261,591.341,420.517,580.846,410.889,20.990,19.256
youtube_juggling_for_data_analysis_eh1I3SlZn48_075_090.mp4,165,2.752750,32,sports ball,0.415538,550.851,275.424,574.230,298.193,562.540,286.809,23.378,22.768
youtube_juggling_for_data_analysis_eh1I3SlZn48_075_090.mp4,165,2.752750,32,sports ball,0.356986,648.195,412.924,668.052,429.790,658.124,421.357,19.857,16.866
youtube_juggling_for_data_analysis_eh1I3SlZn48_075_090.mp4,166,2.769433,32,sports ball,0.650408,584.934,228.286,606.818,249.025,595.876,238.655,21.883,20.739
youtube_juggling_for_data_analysis_eh1I3SlZn48_075_090.mp4,166,2.769433,32,sports ball,0.563760,646.652,423.616,666.149,440.455,656.400,432.035,19.497,16.838
youtube_juggling_for_data_analysis_eh1I3SlZn48_075_090.mp4,166,2.769433,32,sports ball,0.549202,575.009,385.775,591.968,406.921,583.488,396.348,16.959,21.146
youtube_juggling_for_data_analysis_eh1I3SlZn48_075_090.mp4,166,2.769433,32,sports ball,0.538712,627.605,201.603,648.430,222.733,638.018,212.168,20.825,21.130
youtube_juggling_for_data_analysis_eh1I3SlZn48_075_090.mp4,166,2.769433,32,sports ball,0.325518,549.394,285.831,572.229,308.557,560.812,297.194,22.835,22.726
youtube_juggling_for_data_analysis_eh1I3SlZn48_075_090.mp4,166,2.769433,32,sports ball,0.222162,549.545,285.729,572.174,308.419,560.860,297.074,22.629,22.690
youtube_juggling_for_data_analysis_eh1I3SlZn48_075_090.mp4,167,2.786117,32,sports ball,0.777938,576.989,372.958,592.895,392.044,584.942,382.501,15.906,19.086
youtube_juggling_for_data_analysis_eh1I3SlZn48_075_090.mp4,167,2.786117,32,sports ball,0.641637,584.339,223.972,606.104,243.749,595.221,233.860,21.765,19.777
youtube_juggling_for_data_analysis_eh1I3SlZn48_075_090.mp4,167,2.786117,32,sports ball,0.472210,548.549,295.725,570.347,317.704,559.448,306.715,21.798,21.979
youtube_juggling_for_data_analysis_eh1I3SlZn48_075_090.mp4,167,2.786117,32,sports ball,0.411437,629.508,204.450,649.387,224.226,639.448,214.338,19.878,19.776
youtube_juggling_for_data_analysis_eh1I3SlZn48_075_090.mp4,167,2.786117,32,sports ball,0.200228,642.018,433.194,664.053,451.944,653.036,442.569,22.035,18.750
youtube_juggling_for_data_analysis_eh1I3SlZn48_075_090.mp4,168,2.802800,32,sports ball,0.616224,583.060,216.650,603.223,238.183,593.141,227.416,20.163,21.533
youtube_juggling_for_data_analysis_eh1I3SlZn48_075_090.mp4,168,2.802800,32,sports ball,0.538157,576.749,358.753,593.603,379.606,585.176,369.180,16.854,20.853
youtube_juggling_for_data_analysis_eh1I3SlZn48_075_090.mp4,168,2.802800,32,sports ball,0.501128,632.505,207.418,650.541,224.551,641.523,215.984,18.037,17.133
youtube_juggling_for_data_analysis_eh1I3SlZn48_075_090.mp4,168,2.802800,32,sports ball,0.388967,576.441,358.528,594.292,383.765,585.366,371.147,17.851,25.237
youtube_juggling_for_data_analysis_eh1I3SlZn48_075_090.mp4,168,2.802800,32,sports ball,0.376126,547.583,306.113,568.922,328.994,558.253,317.554,21.339,22.881
youtube_juggling_for_data_analysis_eh1I3SlZn48_075_090.mp4,169,2.819483,32,sports ball,0.616815,633.253,210.191,653.939,227.272,643.596,218.732,20.687,17.081
youtube_juggling_for_data_analysis_eh1I3SlZn48_075_090.mp4,169,2.819483,32,sports ball,0.496603,580.324,211.290,602.108,234.159,591.216,222.725,21.783,22.869
youtube_juggling_for_data_analysis_eh1I3SlZn48_075_090.mp4,169,2.819483,32,sports ball,0.479885,546.125,317.484,567.304,339.323,556.714,328.404,21.180,21.839
youtube_juggling_for_data_analysis_eh1I3SlZn48_075_090.mp4,169,2.819483,32,sports ball,0.367355,578.890,349.210,597.296,367.509,588.093,358.360,18.406,18.299
youtube_juggling_for_data_analysis_eh1I3SlZn48_075_090.mp4,169,2.819483,32,sports ball,0.334860,580.022,211.224,602.211,234.411,591.116,222.818,22.188,23.187
youtube_juggling_for_data_analysis_eh1I3SlZn48_075_090.mp4,170,2.836167,32,sports ball,0.482901,579.582,208.422,600.964,229.068,590.273,218.745,21.382,20.647
youtube_juggling_for_data_analysis_eh1I3SlZn48_075_090.mp4,170,2.836167,32,sports ball,0.429331,545.573,329.487,565.752,352.069,555.662,340.778,20.179,22.583
youtube_juggling_for_data_analysis_eh1I3SlZn48_075_090.mp4,170,2.836167,32,sports ball,0.355958,634.264,212.335,654.616,231.259,644.440,221.797,20.351,18.925
youtube_juggling_for_data_analysis_eh1I3SlZn48_075_090.mp4,170,2.836167,32,sports ball,0.266230,634.975,455.614,654.186,476.739,644.580,466.177,19.210,21.125
youtube_juggling_for_data_analysis_eh1I3SlZn48_075_090.mp4,170,2.836167,32,sports ball,0.188016,579.922,335.986,596.373,353.131,588.147,344.559,16.450,17.145
youtube_juggling_for_data_analysis_eh1I3SlZn48_075_090.mp4,171,2.852850,32,sports ball,0.647453,544.999,342.174,563.656,363.578,554.327,352.876,18.657,21.404
youtube_juggling_for_data_analysis_eh1I3SlZn48_075_090.mp4,171,2.852850,32,sports ball,0.309242,577.893,204.857,598.794,225.462,588.344,215.160,20.901,20.604
youtube_juggling_for_data_analysis_eh1I3SlZn48_075_090.mp4,171,2.852850,32,sports ball,0.207850,631.271,458.739,651.403,481.471,641.337,470.105,20.132,22.732
youtube_juggling_for_data_analysis_eh1I3SlZn48_075_090.mp4,171,2.852850,32,sports ball,0.190335,636.506,215.810,656.677,235.421,646.592,225.615,20.171,19.611
youtube_juggling_for_data_analysis_eh1I3SlZn48_075_090.mp4,172,2.869533,32,sports ball,0.604792,543.277,354.322,560.723,375.957,552.000,365.140,17.445,21.635
youtube_juggling_for_data_analysis_eh1I3SlZn48_075_090.mp4,172,2.869533,32,sports ball,0.594246,582.614,311.161,602.826,333.037,592.720,322.099,20.211,21.876
youtube_juggling_for_data_analysis_eh1I3SlZn48_075_090.mp4,172,2.869533,32,sports ball,0.504779,576.278,201.737,597.744,221.584,587.011,211.660,21.466,19.847
youtube_juggling_for_data_analysis_eh1I3SlZn48_075_090.mp4,172,2.869533,32,sports ball,0.403041,638.798,220.707,658.652,240.247,648.725,230.477,19.854,19.540
youtube_juggling_for_data_analysis_eh1I3SlZn48_075_090.mp4,172,2.869533,32,sports ball,0.157727,627.726,456.034,648.502,481.426,638.114,468.730,20.776,25.392
youtube_juggling_for_data_analysis_eh1I3SlZn48_075_090.mp4,173,2.886217,32,sports ball,0.529855,540.673,368.508,560.244,387.136,550.458,377.822,19.571,18.629
youtube_juggling_for_data_analysis_eh1I3SlZn48_075_090.mp4,173,2.886217,32,sports ball,0.370048,584.818,300.448,605.476,321.071,595.147,310.760,20.658,20.623
youtube_juggling_for_data_analysis_eh1I3SlZn48_075_090.mp4,173,2.886217,32,sports ball,0.249955,641.551,225.621,659.924,244.991,650.738,235.306,18.373,19.370
youtube_juggling_for_data_analysis_eh1I3SlZn48_075_090.mp4,173,2.886217,32,sports ball,0.216388,575.877,198.419,595.531,219.393,585.704,208.906,19.654,20.974
youtube_juggling_for_data_analysis_eh1I3SlZn48_075_090.mp4,174,2.902900,32,sports ball,0.597498,539.772,383.914,558.172,400.830,548.972,392.372,18.400,16.917
youtube_juggling_for_data_analysis_eh1I3SlZn48_075_090.mp4,174,2.902900,32,sports ball,0.593560,585.674,290.855,606.585,312.003,596.129,301.429,20.911,21.148
youtube_juggling_for_data_analysis_eh1I3SlZn48_075_090.mp4,174,2.902900,32,sports ball,0.571821,571.746,196.863,592.918,216.927,582.332,206.895,21.172,20.064
youtube_juggling_for_data_analysis_eh1I3SlZn48_075_090.mp4,174,2.902900,32,sports ball,0.496152,642.852,232.074,663.101,250.517,652.976,241.295,20.248,18.443
youtube_juggling_for_data_analysis_eh1I3SlZn48_075_090.mp4,174,2.902900,32,sports ball,0.220582,622.253,446.190,642.821,470.323,632.537,458.256,20.568,24.133
youtube_juggling_for_data_analysis_eh1I3SlZn48_075_090.mp4,175,2.919583,32,sports ball,0.737429,539.001,392.801,556.092,411.721,547.547,402.261,17.091,18.920
youtube_juggling_for_data_analysis_eh1I3SlZn48_075_090.mp4,175,2.919583,32,sports ball,0.658957,587.555,281.648,607.666,303.407,597.610,292.527,20.111,21.759
youtube_juggling_for_data_analysis_eh1I3SlZn48_075_090.mp4,175,2.919583,32,sports ball,0.515009,644.772,237.725,663.785,255.733,654.278,246.729,19.013,18.007
youtube_juggling_for_data_analysis_eh1I3SlZn48_075_090.mp4,175,2.919583,32,sports ball,0.511758,570.866,195.740,592.330,215.969,581.598,205.855,21.464,20.229
youtube_juggling_for_data_analysis_eh1I3SlZn48_075_090.mp4,175,2.919583,32,sports ball,0.190373,620.745,440.833,640.369,460.204,630.557,450.518,19.624,19.371
youtube_juggling_for_data_analysis_eh1I3SlZn48_075_090.mp4,176,2.936267,32,sports ball,0.729663,618.710,429.071,638.311,447.831,628.510,438.451,19.601,18.760
youtube_juggling_for_data_analysis_eh1I3SlZn48_075_090.mp4,176,2.936267,32,sports ball,0.725632,536.635,401.471,555.353,420.606,545.994,411.039,18.718,19.135
youtube_juggling_for_data_analysis_eh1I3SlZn48_075_090.mp4,176,2.936267,32,sports ball,0.547761,645.819,243.265,667.073,263.149,656.446,253.207,21.253,19.884
youtube_juggling_for_data_analysis_eh1I3SlZn48_075_090.mp4,176,2.936267,32,sports ball,0.484136,589.072,273.332,609.651,293.955,599.362,283.644,20.579,20.623
youtube_juggling_for_data_analysis_eh1I3SlZn48_075_090.mp4,176,2.936267,32,sports ball,0.357049,569.830,194.300,589.644,214.300,579.737,204.300,19.814,20.000
youtube_juggling_for_data_analysis_eh1I3SlZn48_075_090.mp4,177,2.952950,32,sports ball,0.824362,617.841,416.136,637.392,434.290,627.616,425.213,19.551,18.154
youtube_juggling_for_data_analysis_eh1I3SlZn48_075_090.mp4,177,2.952950,32,sports ball,0.701801,535.638,410.216,553.894,429.424,544.766,419.820,18.256,19.207
youtube_juggling_for_data_analysis_eh1I3SlZn48_075_090.mp4,177,2.952950,32,sports ball,0.436293,589.801,264.326,611.744,286.897,600.773,275.612,21.943,22.571
youtube_juggling_for_data_analysis_eh1I3SlZn48_075_090.mp4,177,2.952950,32,sports ball,0.420567,647.410,250.847,668.218,270.734,657.814,260.790,20.809,19.887
youtube_juggling_for_data_analysis_eh1I3SlZn48_075_090.mp4,177,2.952950,32,sports ball,0.278522,566.999,191.077,589.541,214.793,578.270,202.935,22.542,23.716
youtube_juggling_for_data_analysis_eh1I3SlZn48_075_090.mp4,177,2.952950,32,sports ball,0.276153,535.725,410.059,554.263,439.282,544.994,424.671,18.537,29.223
youtube_juggling_for_data_analysis_eh1I3SlZn48_075_090.mp4,177,2.952950,32,sports ball,0.196192,567.915,194.180,588.754,214.271,578.334,204.225,20.839,20.091
youtube_juggling_for_data_analysis_eh1I3SlZn48_075_090.mp4,178,2.969633,32,sports ball,0.651093,591.865,257.695,612.943,279.478,602.404,268.586,21.079,21.783
youtube_juggling_for_data_analysis_eh1I3SlZn48_075_090.mp4,178,2.969633,32,sports ball,0.642715,535.185,419.753,555.511,445.841,545.348,432.797,20.326,26.089
youtube_juggling_for_data_analysis_eh1I3SlZn48_075_090.mp4,178,2.969633,32,sports ball,0.620232,615.868,399.690,635.180,422.462,625.524,411.076,19.312,22.771
youtube_juggling_for_data_analysis_eh1I3SlZn48_075_090.mp4,178,2.969633,32,sports ball,0.536081,566.536,193.019,587.982,214.211,577.259,203.615,21.446,21.192
youtube_juggling_for_data_analysis_eh1I3SlZn48_075_090.mp4,178,2.969633,32,sports ball,0.487743,649.725,258.003,670.189,278.547,659.957,268.275,20.464,20.544
youtube_juggling_for_data_analysis_eh1I3SlZn48_075_090.mp4,178,2.969633,32,sports ball,0.291003,616.238,399.449,635.720,428.428,625.979,413.938,19.482,28.979
youtube_juggling_for_data_analysis_eh1I3SlZn48_075_090.mp4,179,2.986317,32,sports ball,0.777628,564.499,193.193,585.561,216.486,575.030,204.840,21.062,23.293
youtube_juggling_for_data_analysis_eh1I3SlZn48_075_090.mp4,179,2.986317,32,sports ball,0.656373,615.329,385.345,631.823,404.224,623.576,394.784,16.494,18.879
youtube_juggling_for_data_analysis_eh1I3SlZn48_075_090.mp4,179,2.986317,32,sports ball,0.599919,592.855,250.070,615.707,272.663,604.281,261.367,22.852,22.593
youtube_juggling_for_data_analysis_eh1I3SlZn48_075_090.mp4,179,2.986317,32,sports ball,0.585122,651.505,265.195,671.807,287.379,661.656,276.287,20.301,22.184
youtube_juggling_for_data_analysis_eh1I3SlZn48_075_090.mp4,179,2.986317,32,sports ball,0.559092,535.070,429.470,554.754,446.019,544.912,437.744,19.685,16.549
youtube_juggling_for_data_analysis_eh1I3SlZn48_075_090.mp4,180,3.003000,32,sports ball,0.807613,613.409,370.124,631.325,389.122,622.367,379.623,17.915,18.998
youtube_juggling_for_data_analysis_eh1I3SlZn48_075_090.mp4,180,3.003000,32,sports ball,0.504082,562.858,194.381,584.860,217.167,573.859,205.774,22.002,22.786
youtube_juggling_for_data_analysis_eh1I3SlZn48_075_090.mp4,180,3.003000,32,sports ball,0.425025,535.900,439.102,555.573,453.568,545.737,446.335,19.673,14.466
youtube_juggling_for_data_analysis_eh1I3SlZn48_075_090.mp4,180,3.003000,32,sports ball,0.415626,652.744,274.710,672.220,295.533,662.482,285.122,19.476,20.823
youtube_juggling_for_data_analysis_eh1I3SlZn48_075_090.mp4,180,3.003000,32,sports ball,0.415357,593.117,243.783,616.340,266.251,604.729,255.017,23.223,22.469
youtube_juggling_for_data_analysis_eh1I3SlZn48_075_090.mp4,180,3.003000,32,sports ball,0.275271,536.160,438.525,555.212,452.795,545.686,445.660,19.053,14.270
youtube_juggling_for_data_analysis_eh1I3SlZn48_075_090.mp4,181,3.019683,32,sports ball,0.762210,560.893,196.808,581.774,217.051,571.333,206.930,20.882,20.243
youtube_juggling_for_data_analysis_eh1I3SlZn48_075_090.mp4,181,3.019683,32,sports ball,0.558870,612.271,357.060,631.396,376.849,621.834,366.955,19.125,19.789
youtube_juggling_for_data_analysis_eh1I3SlZn48_075_090.mp4,181,3.019683,32,sports ball,0.499137,595.274,237.588,616.859,259.532,606.066,248.560,21.585,21.944
youtube_juggling_for_data_analysis_eh1I3SlZn48_075_090.mp4,181,3.019683,32,sports ball,0.440848,655.980,284.417,673.466,303.772,664.723,294.094,17.485,19.355
youtube_juggling_for_data_analysis_eh1I3SlZn48_075_090.mp4,181,3.019683,32,sports ball,0.327444,537.594,446.002,557.329,463.535,547.461,454.768,19.735,17.533
youtube_juggling_for_data_analysis_eh1I3SlZn48_075_090.mp4,182,3.036367,32,sports ball,0.669666,611.950,344.507,629.888,363.168,620.919,353.837,17.938,18.661
youtube_juggling_for_data_analysis_eh1I3SlZn48_075_090.mp4,182,3.036367,32,sports ball,0.445957,558.854,198.706,580.177,220.313,569.516,209.510,21.324,21.608
youtube_juggling_for_data_analysis_eh1I3SlZn48_075_090.mp4,182,3.036367,32,sports ball,0.428840,598.001,232.997,619.432,256.009,608.717,244.503,21.431,23.012
youtube_juggling_for_data_analysis_eh1I3SlZn48_075_090.mp4,182,3.036367,32,sports ball,0.303654,657.250,294.071,676.857,314.177,667.053,304.124,19.608,20.106
youtube_juggling_for_data_analysis_eh1I3SlZn48_075_090.mp4,183,3.053050,32,sports ball,0.538833,608.838,333.587,628.608,352.301,618.723,342.944,19.770,18.714
youtube_juggling_for_data_analysis_eh1I3SlZn48_075_090.mp4,183,3.053050,32,sports ball,0.235702,541.448,461.266,563.075,480.999,552.262,471.133,21.627,19.733
youtube_juggling_for_data_analysis_eh1I3SlZn48_075_090.mp4,183,3.053050,32,sports ball,0.212403,598.500,228.276,620.565,249.320,609.532,238.798,22.066,21.044
youtube_juggling_for_data_analysis_eh1I3SlZn48_075_090.mp4,183,3.053050,32,sports ball,0.188830,557.710,201.252,578.819,222.076,568.265,211.664,21.109,20.824
youtube_juggling_for_data_analysis_eh1I3SlZn48_075_090.mp4,183,3.053050,32,sports ball,0.156752,557.344,201.099,579.321,222.502,568.333,211.800,21.977,21.402
youtube_juggling_for_data_analysis_eh1I3SlZn48_075_090.mp4,184,3.069733,32,sports ball,0.684604,660.358,316.097,680.778,334.975,670.568,325.536,20.420,18.878
youtube_juggling_for_data_analysis_eh1I3SlZn48_075_090.mp4,184,3.069733,32,sports ball,0.556098,607.612,318.731,627.137,336.886,617.375,327.808,19.525,18.155
youtube_juggling_for_data_analysis_eh1I3SlZn48_075_090.mp4,184,3.069733,32,sports ball,0.460795,555.731,204.626,577.117,225.651,566.424,215.138,21.387,21.025
youtube_juggling_for_data_analysis_eh1I3SlZn48_075_090.mp4,184,3.069733,32,sports ball,0.397233,599.759,224.575,620.771,245.930,610.265,235.252,21.012,21.355
youtube_juggling_for_data_analysis_eh1I3SlZn48_075_090.mp4,184,3.069733,32,sports ball,0.173123,544.146,458.234,566.182,486.801,555.164,472.518,22.036,28.567
youtube_juggling_for_data_analysis_eh1I3SlZn48_075_090.mp4,184,3.069733,32,sports ball,0.153648,607.611,318.871,627.649,337.493,617.630,328.182,20.038,18.622
youtube_juggling_for_data_analysis_eh1I3SlZn48_075_090.mp4,185,3.086417,32,sports ball,0.800041,608.046,307.796,625.813,328.807,616.929,318.301,17.766,21.011
youtube_juggling_for_data_analysis_eh1I3SlZn48_075_090.mp4,185,3.086417,32,sports ball,0.757529,662.202,326.854,681.700,347.221,671.951,337.037,19.498,20.367
youtube_juggling_for_data_analysis_eh1I3SlZn48_075_090.mp4,185,3.086417,32,sports ball,0.720145,601.547,219.704,623.999,241.842,612.773,230.773,22.452,22.138
youtube_juggling_for_data_analysis_eh1I3SlZn48_075_090.mp4,185,3.086417,32,sports ball,0.613337,553.413,208.687,574.996,228.617,564.205,218.652,21.583,19.930
youtube_juggling_for_data_analysis_eh1I3SlZn48_075_090.mp4,185,3.086417,32,sports ball,0.180178,546.597,470.004,569.082,491.374,557.839,480.689,22.485,21.370
youtube_juggling_for_data_analysis_eh1I3SlZn48_075_090.mp4,186,3.103100,32,sports ball,0.694706,664.103,338.746,683.462,359.414,673.782,349.080,19.359,20.668
youtube_juggling_for_data_analysis_eh1I3SlZn48_075_090.mp4,186,3.103100,32,sports ball,0.567548,606.289,297.567,624.997,318.516,615.643,308.042,18.708,20.949
youtube_juggling_for_data_analysis_eh1I3SlZn48_075_090.mp4,186,3.103100,32,sports ball,0.396656,602.227,217.073,624.167,237.892,613.197,227.483,21.940,20.820
youtube_juggling_for_data_analysis_eh1I3SlZn48_075_090.mp4,186,3.103100,32,sports ball,0.203969,551.224,211.292,573.812,233.790,562.518,222.541,22.588,22.497
youtube_juggling_for_data_analysis_eh1I3SlZn48_075_090.mp4,186,3.103100,32,sports ball,0.180406,664.390,338.793,683.404,360.469,673.897,349.631,19.014,21.676
youtube_juggling_for_data_analysis_eh1I3SlZn48_075_090.mp4,187,3.119783,32,sports ball,0.663407,665.525,352.728,684.886,370.734,675.205,361.731,19.361,18.006
youtube_juggling_for_data_analysis_eh1I3SlZn48_075_090.mp4,187,3.119783,32,sports ball,0.494621,604.235,214.582,625.882,234.732,615.059,224.657,21.647,20.151
youtube_juggling_for_data_analysis_eh1I3SlZn48_075_090.mp4,187,3.119783,32,sports ball,0.351730,603.722,286.596,624.085,308.107,613.903,297.352,20.363,21.511
youtube_juggling_for_data_analysis_eh1I3SlZn48_075_090.mp4,187,3.119783,32,sports ball,0.281643,549.813,215.611,572.285,238.130,561.049,226.871,22.472,22.519
youtube_juggling_for_data_analysis_eh1I3SlZn48_075_090.mp4,187,3.119783,32,sports ball,0.164468,665.496,352.200,685.010,370.823,675.253,361.512,19.514,18.623
youtube_juggling_for_data_analysis_eh1I3SlZn48_075_090.mp4,188,3.136467,32,sports ball,0.730338,666.329,365.848,687.444,384.589,676.887,375.218,21.115,18.741
youtube_juggling_for_data_analysis_eh1I3SlZn48_075_090.mp4,188,3.136467,32,sports ball,0.544633,548.374,224.161,570.214,243.744,559.294,233.952,21.840,19.583
youtube_juggling_for_data_analysis_eh1I3SlZn48_075_090.mp4,188,3.136467,32,sports ball,0.525150,602.120,277.049,623.053,297.922,612.586,287.485,20.933,20.874
youtube_juggling_for_data_analysis_eh1I3SlZn48_075_090.mp4,188,3.136467,32,sports ball,0.393105,605.354,211.642,627.601,233.083,616.478,222.362,22.247,21.440
youtube_juggling_for_data_analysis_eh1I3SlZn48_075_090.mp4,188,3.136467,32,sports ball,0.304430,556.138,470.074,575.883,488.360,566.011,479.217,19.746,18.285
youtube_juggling_for_data_analysis_eh1I3SlZn48_075_090.mp4,189,3.153150,32,sports ball,0.741651,607.432,210.255,629.387,230.928,618.409,220.592,21.955,20.673
youtube_juggling_for_data_analysis_eh1I3SlZn48_075_090.mp4,189,3.153150,32,sports ball,0.680702,669.891,375.820,688.175,393.081,679.033,384.450,18.284,17.261
youtube_juggling_for_data_analysis_eh1I3SlZn48_075_090.mp4,189,3.153150,32,sports ball,0.627416,600.808,267.446,622.423,288.828,611.615,278.137,21.615,21.382
youtube_juggling_for_data_analysis_eh1I3SlZn48_075_090.mp4,189,3.153150,32,sports ball,0.597318,546.726,227.281,568.635,249.238,557.681,238.259,21.909,21.958
youtube_juggling_for_data_analysis_eh1I3SlZn48_075_090.mp4,189,3.153150,32,sports ball,0.506983,558.371,459.827,578.895,480.313,568.633,470.070,20.524,20.487
youtube_juggling_for_data_analysis_eh1I3SlZn48_075_090.mp4,190,3.169833,32,sports ball,0.771170,609.349,209.950,630.511,229.537,619.930,219.744,21.161,19.587
youtube_juggling_for_data_analysis_eh1I3SlZn48_075_090.mp4,190,3.169833,32,sports ball,0.667325,600.237,258.724,621.261,280.352,610.749,269.538,21.024,21.628
youtube_juggling_for_data_analysis_eh1I3SlZn48_075_090.mp4,190,3.169833,32,sports ball,0.494046,668.028,384.808,690.328,403.413,679.178,394.110,22.300,18.604
youtube_juggling_for_data_analysis_eh1I3SlZn48_075_090.mp4,190,3.169833,32,sports ball,0.493991,544.955,233.959,566.853,255.743,555.904,244.851,21.898,21.784
youtube_juggling_for_data_analysis_eh1I3SlZn48_075_090.mp4,190,3.169833,32,sports ball,0.227622,558.979,446.214,582.275,471.822,570.627,459.018,23.296,25.608
youtube_juggling_for_data_analysis_eh1I3SlZn48_075_090.mp4,191,3.186517,32,sports ball,0.726127,544.605,240.986,565.271,263.395,554.938,252.190,20.666,22.409
youtube_juggling_for_data_analysis_eh1I3SlZn48_075_090.mp4,191,3.186517,32,sports ball,0.681216,610.948,209.074,632.164,228.888,621.556,218.981,21.216,19.815
youtube_juggling_for_data_analysis_eh1I3SlZn48_075_090.mp4,191,3.186517,32,sports ball,0.640780,598.910,250.625,620.556,271.793,609.733,261.209,21.646,21.168
youtube_juggling_for_data_analysis_eh1I3SlZn48_075_090.mp4,191,3.186517,32,sports ball,0.574795,670.133,393.337,690.555,411.671,680.344,402.504,20.421,18.334
youtube_juggling_for_data_analysis_eh1I3SlZn48_075_090.mp4,191,3.186517,32,sports ball,0.194945,670.428,393.509,690.586,415.166,680.507,404.338,20.158,21.657
youtube_juggling_for_data_analysis_eh1I3SlZn48_075_090.mp4,192,3.203200,32,sports ball,0.599265,667.857,401.999,689.214,420.376,678.535,411.188,21.357,18.378
youtube_juggling_for_data_analysis_eh1I3SlZn48_075_090.mp4,192,3.203200,32,sports ball,0.573383,540.853,248.766,563.793,269.970,552.323,259.368,22.941,21.203
youtube_juggling_for_data_analysis_eh1I3SlZn48_075_090.mp4,192,3.203200,32,sports ball,0.551493,611.409,208.767,633.344,229.063,622.377,218.915,21.935,20.296
youtube_juggling_for_data_analysis_eh1I3SlZn48_075_090.mp4,192,3.203200,32,sports ball,0.485036,597.474,242.108,620.706,265.416,609.090,253.762,23.233,23.308
youtube_juggling_for_data_analysis_eh1I3SlZn48_075_090.mp4,192,3.203200,32,sports ball,0.162979,561.082,424.099,586.759,445.905,573.920,435.002,25.677,21.806
youtube_juggling_for_data_analysis_eh1I3SlZn48_075_090.mp4,193,3.219883,32,sports ball,0.681727,568.078,409.304,588.036,431.445,578.057,420.374,19.958,22.141
youtube_juggling_for_data_analysis_eh1I3SlZn48_075_090.mp4,193,3.219883,32,sports ball,0.675151,539.489,256.927,560.608,279.136,550.049,268.032,21.120,22.210
youtube_juggling_for_data_analysis_eh1I3SlZn48_075_090.mp4,193,3.219883,32,sports ball,0.621603,613.068,209.535,634.444,229.902,623.756,219.719,21.376,20.367
youtube_juggling_for_data_analysis_eh1I3SlZn48_075_090.mp4,193,3.219883,32,sports ball,0.600629,595.846,236.816,618.560,256.567,607.203,246.691,22.714,19.751
youtube_juggling_for_data_analysis_eh1I3SlZn48_075_090.mp4,193,3.219883,32,sports ball,0.576983,665.704,410.488,685.535,430.979,675.620,420.733,19.831,20.491
youtube_juggling_for_data_analysis_eh1I3SlZn48_075_090.mp4,194,3.236567,32,sports ball,0.720928,569.928,395.285,589.100,413.930,579.514,404.608,19.172,18.645
youtube_juggling_for_data_analysis_eh1I3SlZn48_075_090.mp4,194,3.236567,32,sports ball,0.596951,537.150,266.025,558.354,287.609,547.752,276.817,21.203,21.584
youtube_juggling_for_data_analysis_eh1I3SlZn48_075_090.mp4,194,3.236567,32,sports ball,0.443369,595.889,229.883,616.336,250.740,606.112,240.311,20.447,20.858
youtube_juggling_for_data_analysis_eh1I3SlZn48_075_090.mp4,194,3.236567,32,sports ball,0.431710,614.708,210.361,637.606,231.151,626.157,220.756,22.898,20.790
youtube_juggling_for_data_analysis_eh1I3SlZn48_075_090.mp4,194,3.236567,32,sports ball,0.429697,664.210,420.641,681.897,436.065,673.053,428.353,17.688,15.424
youtube_juggling_for_data_analysis_eh1I3SlZn48_075_090.mp4,195,3.253250,32,sports ball,0.721845,570.675,380.645,591.106,400.308,580.891,390.477,20.432,19.663
youtube_juggling_for_data_analysis_eh1I3SlZn48_075_090.mp4,195,3.253250,32,sports ball,0.531292,535.282,274.164,557.723,296.756,546.502,285.460,22.441,22.592
youtube_juggling_for_data_analysis_eh1I3SlZn48_075_090.mp4,195,3.253250,32,sports ball,0.403499,614.539,210.529,638.215,232.180,626.377,221.354,23.676,21.651
youtube_juggling_for_data_analysis_eh1I3SlZn48_075_090.mp4,195,3.253250,32,sports ball,0.314049,593.768,224.130,615.312,244.295,604.540,234.213,21.544,20.165
youtube_juggling_for_data_analysis_eh1I3SlZn48_075_090.mp4,195,3.253250,32,sports ball,0.241390,654.607,429.695,678.569,449.519,666.588,439.607,23.961,19.824
youtube_juggling_for_data_analysis_eh1I3SlZn48_075_090.mp4,196,3.269933,32,sports ball,0.561612,533.909,285.516,554.601,307.873,544.255,296.694,20.692,22.357
youtube_juggling_for_data_analysis_eh1I3SlZn48_075_090.mp4,196,3.269933,32,sports ball,0.460279,616.437,214.303,639.154,233.889,627.795,224.096,22.717,19.586
youtube_juggling_for_data_analysis_eh1I3SlZn48_075_090.mp4,196,3.269933,32,sports ball,0.430974,574.057,367.049,591.946,386.754,583.002,376.901,17.889,19.705
youtube_juggling_for_data_analysis_eh1I3SlZn48_075_090.mp4,196,3.269933,32,sports ball,0.405613,592.621,220.119,614.457,239.285,603.539,229.702,21.837,19.167
youtube_juggling_for_data_analysis_eh1I3SlZn48_075_090.mp4,197,3.286617,32,sports ball,0.525089,574.986,352.499,592.292,372.930,583.639,362.714,17.306,20.431
youtube_juggling_for_data_analysis_eh1I3SlZn48_075_090.mp4,197,3.286617,32,sports ball,0.362454,531.837,295.944,553.559,317.457,542.698,306.701,21.722,21.512
youtube_juggling_for_data_analysis_eh1I3SlZn48_075_090.mp4,197,3.286617,32,sports ball,0.358188,592.353,214.070,615.479,234.076,603.916,224.073,23.126,20.005
youtube_juggling_for_data_analysis_eh1I3SlZn48_075_090.mp4,197,3.286617,32,sports ball,0.299352,620.055,216.987,639.886,236.675,629.971,226.831,19.831,19.688
youtube_juggling_for_data_analysis_eh1I3SlZn48_075_090.mp4,198,3.303300,32,sports ball,0.731022,620.476,220.397,640.260,240.089,630.368,230.243,19.784,19.692
youtube_juggling_for_data_analysis_eh1I3SlZn48_075_090.mp4,198,3.303300,32,sports ball,0.655784,592.105,210.716,611.525,229.903,601.815,220.309,19.420,19.187
youtube_juggling_for_data_analysis_eh1I3SlZn48_075_090.mp4,198,3.303300,32,sports ball,0.653438,576.881,340.895,592.205,359.755,584.543,350.325,15.324,18.860
youtube_juggling_for_data_analysis_eh1I3SlZn48_075_090.mp4,198,3.303300,32,sports ball,0.435231,530.332,305.557,551.902,329.534,541.117,317.545,21.570,23.977
youtube_juggling_for_data_analysis_eh1I3SlZn48_075_090.mp4,199,3.319983,32,sports ball,0.726596,623.984,224.788,640.245,244.230,632.114,234.509,16.261,19.442
youtube_juggling_for_data_analysis_eh1I3SlZn48_075_090.mp4,199,3.319983,32,sports ball,0.704086,576.664,327.655,594.916,347.509,585.790,337.582,18.252,19.854
youtube_juggling_for_data_analysis_eh1I3SlZn48_075_090.mp4,199,3.319983,32,sports ball,0.599237,590.155,207.202,609.828,225.865,599.991,216.533,19.673,18.662
youtube_juggling_for_data_analysis_eh1I3SlZn48_075_090.mp4,199,3.319983,32,sports ball,0.476801,528.124,318.537,548.509,340.085,538.316,329.311,20.385,21.548
youtube_juggling_for_data_analysis_eh1I3SlZn48_075_090.mp4,200,3.336667,32,sports ball,0.731057,588.764,202.487,608.478,223.929,598.621,213.208,19.714,21.443
youtube_juggling_for_data_analysis_eh1I3SlZn48_075_090.mp4,200,3.336667,32,sports ball,0.698853,527.783,330.384,546.848,352.584,537.315,341.484,19.065,22.200
youtube_juggling_for_data_analysis_eh1I3SlZn48_075_090.mp4,200,3.336667,32,sports ball,0.621832,577.797,315.688,596.963,335.902,587.380,325.795,19.166,20.214
youtube_juggling_for_data_analysis_eh1I3SlZn48_075_090.mp4,200,3.336667,32,sports ball,0.604011,624.578,228.467,642.658,248.451,633.618,238.459,18.081,19.984
youtube_juggling_for_data_analysis_eh1I3SlZn48_075_090.mp4,200,3.336667,32,sports ball,0.256408,632.735,464.629,652.857,482.626,642.796,473.628,20.123,17.997
youtube_juggling_for_data_analysis_eh1I3SlZn48_075_090.mp4,201,3.353350,32,sports ball,0.539484,525.101,343.336,544.326,365.453,534.714,354.394,19.225,22.117
youtube_juggling_for_data_analysis_eh1I3SlZn48_075_090.mp4,201,3.353350,32,sports ball,0.415857,579.566,304.563,599.869,323.615,589.718,314.089,20.302,19.051
youtube_juggling_for_data_analysis_eh1I3SlZn48_075_090.mp4,201,3.353350,32,sports ball,0.310084,588.123,201.201,607.983,220.746,598.053,210.973,19.860,19.545
youtube_juggling_for_data_analysis_eh1I3SlZn48_075_090.mp4,201,3.353350,32,sports ball,0.276526,624.554,233.036,644.703,253.551,634.628,243.293,20.150,20.515
youtube_juggling_for_data_analysis_eh1I3SlZn48_075_090.mp4,201,3.353350,32,sports ball,0.189617,630.006,464.640,649.606,483.705,639.806,474.172,19.600,19.065
youtube_juggling_for_data_analysis_eh1I3SlZn48_075_090.mp4,202,3.370033,32,sports ball,0.433243,587.068,197.586,607.018,219.336,597.043,208.461,19.950,21.750
youtube_juggling_for_data_analysis_eh1I3SlZn48_075_090.mp4,202,3.370033,32,sports ball,0.415746,522.678,357.005,542.659,379.348,532.668,368.176,19.981,22.343
youtube_juggling_for_data_analysis_eh1I3SlZn48_075_090.mp4,202,3.370033,32,sports ball,0.374911,579.968,293.970,601.301,314.031,590.634,304.001,21.333,20.061
youtube_juggling_for_data_analysis_eh1I3SlZn48_075_090.mp4,202,3.370033,32,sports ball,0.197688,626.666,238.362,645.503,256.820,636.085,247.591,18.836,18.458
youtube_juggling_for_data_analysis_eh1I3SlZn48_075_090.mp4,203,3.386717,32,sports ball,0.673726,584.614,197.305,606.489,216.867,595.552,207.086,21.875,19.562
youtube_juggling_for_data_analysis_eh1I3SlZn48_075_090.mp4,203,3.386717,32,sports ball,0.646644,521.159,370.497,540.494,392.724,530.826,381.610,19.335,22.228
youtube_juggling_for_data_analysis_eh1I3SlZn48_075_090.mp4,203,3.386717,32,sports ball,0.571419,581.188,282.794,602.703,305.540,591.945,294.167,21.515,22.746
youtube_juggling_for_data_analysis_eh1I3SlZn48_075_090.mp4,203,3.386717,32,sports ball,0.519914,627.751,243.514,648.493,264.094,638.122,253.804,20.742,20.580
youtube_juggling_for_data_analysis_eh1I3SlZn48_075_090.mp4,203,3.386717,32,sports ball,0.280110,622.278,448.565,643.362,471.806,632.820,460.185,21.085,23.240
youtube_juggling_for_data_analysis_eh1I3SlZn48_075_090.mp4,204,3.403400,32,sports ball,0.715921,584.086,195.532,606.129,216.027,595.107,205.779,22.043,20.495
youtube_juggling_for_data_analysis_eh1I3SlZn48_075_090.mp4,204,3.403400,32,sports ball,0.678097,629.182,251.186,649.601,271.086,639.392,261.136,20.419,19.899
youtube_juggling_for_data_analysis_eh1I3SlZn48_075_090.mp4,204,3.403400,32,sports ball,0.564482,519.107,381.362,538.070,401.280,528.588,391.321,18.963,19.918
youtube_juggling_for_data_analysis_eh1I3SlZn48_075_090.mp4,204,3.403400,32,sports ball,0.536285,581.769,273.397,602.973,295.968,592.371,284.683,21.203,22.571
youtube_juggling_for_data_analysis_eh1I3SlZn48_075_090.mp4,205,3.420083,32,sports ball,0.486119,617.269,429.094,638.270,448.368,627.769,438.731,21.001,19.274
youtube_juggling_for_data_analysis_eh1I3SlZn48_075_090.mp4,205,3.420083,32,sports ball,0.376949,630.209,256.881,651.438,278.546,640.824,267.714,21.229,21.665
youtube_juggling_for_data_analysis_eh1I3SlZn48_075_090.mp4,205,3.420083,32,sports ball,0.340434,583.089,193.939,603.967,215.827,593.528,204.883,20.878,21.888
youtube_juggling_for_data_analysis_eh1I3SlZn48_075_090.mp4,205,3.420083,32,sports ball,0.329829,583.585,264.380,605.496,287.546,594.540,275.963,21.911,23.166
youtube_juggling_for_data_analysis_eh1I3SlZn48_075_090.mp4,205,3.420083,32,sports ball,0.204571,517.680,389.790,535.939,411.748,526.810,400.769,18.260,21.958
youtube_juggling_for_data_analysis_eh1I3SlZn48_075_090.mp4,206,3.436767,32,sports ball,0.757646,616.332,414.088,635.083,432.938,625.708,423.513,18.751,18.850
youtube_juggling_for_data_analysis_eh1I3SlZn48_075_090.mp4,206,3.436767,32,sports ball,0.634485,616.348,414.100,635.476,434.778,625.912,424.439,19.128,20.678
youtube_juggling_for_data_analysis_eh1I3SlZn48_075_090.mp4,206,3.436767,32,sports ball,0.564998,517.029,398.640,535.421,420.271,526.225,409.456,18.392,21.631
youtube_juggling_for_data_analysis_eh1I3SlZn48_075_090.mp4,206,3.436767,32,sports ball,0.480365,581.633,194.038,602.463,215.806,592.048,204.922,20.831,21.768
youtube_juggling_for_data_analysis_eh1I3SlZn48_075_090.mp4,206,3.436767,32,sports ball,0.375974,583.970,256.768,606.355,279.005,595.162,267.887,22.385,22.237
youtube_juggling_for_data_analysis_eh1I3SlZn48_075_090.mp4,206,3.436767,32,sports ball,0.324482,632.191,264.681,653.383,286.871,642.787,275.776,21.192,22.190
youtube_juggling_for_data_analysis_eh1I3SlZn48_075_090.mp4,207,3.453450,32,sports ball,0.616866,614.489,400.056,633.066,419.305,623.777,409.681,18.577,19.249
youtube_juggling_for_data_analysis_eh1I3SlZn48_075_090.mp4,207,3.453450,32,sports ball,0.507136,579.991,195.005,601.591,215.834,590.791,205.419,21.600,20.828
youtube_juggling_for_data_analysis_eh1I3SlZn48_075_090.mp4,207,3.453450,32,sports ball,0.390967,584.407,248.888,606.725,270.916,595.566,259.902,22.318,22.028
youtube_juggling_for_data_analysis_eh1I3SlZn48_075_090.mp4,207,3.453450,32,sports ball,0.218083,517.763,407.351,536.626,432.134,527.194,419.742,18.863,24.783
youtube_juggling_for_data_analysis_eh1I3SlZn48_075_090.mp4,207,3.453450,32,sports ball,0.197555,632.581,272.886,654.175,294.666,643.378,283.776,21.594,21.781
youtube_juggling_for_data_analysis_eh1I3SlZn48_075_090.mp4,208,3.470133,32,sports ball,0.747212,612.320,385.018,631.369,403.900,621.844,394.459,19.049,18.882
youtube_juggling_for_data_analysis_eh1I3SlZn48_075_090.mp4,208,3.470133,32,sports ball,0.443357,519.065,417.408,537.779,438.113,528.422,427.760,18.714,20.705
youtube_juggling_for_data_analysis_eh1I3SlZn48_075_090.mp4,208,3.470133,32,sports ball,0.428038,585.426,241.258,607.138,263.861,596.282,252.560,21.711,22.602
youtube_juggling_for_data_analysis_eh1I3SlZn48_075_090.mp4,208,3.470133,32,sports ball,0.414285,579.129,195.881,600.905,216.441,590.017,206.161,21.776,20.560
youtube_juggling_for_data_analysis_eh1I3SlZn48_075_090.mp4,208,3.470133,32,sports ball,0.245322,633.592,280.441,656.169,302.623,644.881,291.532,22.577,22.181
youtube_juggling_for_data_analysis_eh1I3SlZn48_075_090.mp4,209,3.486817,32,sports ball,0.374222,587.445,235.206,607.907,256.178,597.676,245.692,20.462,20.972
youtube_juggling_for_data_analysis_eh1I3SlZn48_075_090.mp4,209,3.486817,32,sports ball,0.299300,638.012,290.147,656.517,312.549,647.265,301.348,18.505,22.402
youtube_juggling_for_data_analysis_eh1I3SlZn48_075_090.mp4,209,3.486817,32,sports ball,0.235125,578.299,197.450,599.578,217.864,588.938,207.657,21.279,20.414
youtube_juggling_for_data_analysis_eh1I3SlZn48_075_090.mp4,210,3.503500,32,sports ball,0.650096,637.857,299.509,658.211,320.499,648.034,310.004,20.353,20.990
youtube_juggling_for_data_analysis_eh1I3SlZn48_075_090.mp4,210,3.503500,32,sports ball,0.621526,524.028,433.976,545.851,458.121,534.939,446.048,21.823,24.145
youtube_juggling_for_data_analysis_eh1I3SlZn48_075_090.mp4,210,3.503500,32,sports ball,0.471072,589.052,229.124,608.217,249.970,598.634,239.547,19.164,20.846
youtube_juggling_for_data_analysis_eh1I3SlZn48_075_090.mp4,210,3.503500,32,sports ball,0.426743,577.207,200.245,598.428,220.014,587.817,210.130,21.221,19.768
youtube_juggling_for_data_analysis_eh1I3SlZn48_075_090.mp4,210,3.503500,32,sports ball,0.196361,609.043,355.134,627.288,375.987,618.165,365.560,18.244,20.852
youtube_juggling_for_data_analysis_eh1I3SlZn48_075_090.mp4,210,3.503500,32,sports ball,0.167349,609.124,355.308,627.539,375.830,618.331,365.569,18.416,20.522
youtube_juggling_for_data_analysis_eh1I3SlZn48_075_090.mp4,211,3.520183,32,sports ball,0.659334,639.743,310.489,659.796,331.907,649.770,321.198,20.053,21.418
youtube_juggling_for_data_analysis_eh1I3SlZn48_075_090.mp4,211,3.520183,32,sports ball,0.610886,608.168,343.364,626.853,363.770,617.511,353.567,18.685,20.406
youtube_juggling_for_data_analysis_eh1I3SlZn48_075_090.mp4,211,3.520183,32,sports ball,0.589702,526.828,442.681,550.693,465.343,538.761,454.012,23.865,22.662
youtube_juggling_for_data_analysis_eh1I3SlZn48_075_090.mp4,211,3.520183,32,sports ball,0.522843,589.098,224.258,609.835,245.729,599.467,234.993,20.737,21.471
youtube_juggling_for_data_analysis_eh1I3SlZn48_075_090.mp4,211,3.520183,32,sports ball,0.432534,576.316,202.088,597.115,222.765,586.715,212.426,20.799,20.677
youtube_juggling_for_data_analysis_eh1I3SlZn48_075_090.mp4,211,3.520183,32,sports ball,0.410303,639.590,309.997,660.468,332.127,650.029,321.062,20.878,22.131
youtube_juggling_for_data_analysis_eh1I3SlZn48_075_090.mp4,211,3.520183,32,sports ball,0.318935,576.773,202.921,596.708,222.686,586.740,212.803,19.936,19.766
youtube_juggling_for_data_analysis_eh1I3SlZn48_075_090.mp4,212,3.536867,32,sports ball,0.759132,530.888,451.551,553.410,474.277,542.149,462.914,22.521,22.726
youtube_juggling_for_data_analysis_eh1I3SlZn48_075_090.mp4,212,3.536867,32,sports ball,0.639412,640.981,321.329,660.414,342.948,650.698,332.138,19.433,21.619
youtube_juggling_for_data_analysis_eh1I3SlZn48_075_090.mp4,212,3.536867,32,sports ball,0.521028,590.572,219.562,609.453,240.294,600.012,229.928,18.880,20.732
youtube_juggling_for_data_analysis_eh1I3SlZn48_075_090.mp4,212,3.536867,32,sports ball,0.455270,576.373,206.299,595.753,224.700,586.063,215.500,19.380,18.401
youtube_juggling_for_data_analysis_eh1I3SlZn48_075_090.mp4,212,3.536867,32,sports ball,0.374117,607.991,330.485,623.256,351.951,615.623,341.218,15.266,21.466
youtube_juggling_for_data_analysis_eh1I3SlZn48_075_090.mp4,213,3.553550,32,sports ball,0.673405,642.422,332.829,661.804,352.385,652.113,342.607,19.382,19.556
youtube_juggling_for_data_analysis_eh1I3SlZn48_075_090.mp4,213,3.553550,32,sports ball,0.510736,576.633,210.793,592.571,228.512,584.602,219.653,15.938,17.719
youtube_juggling_for_data_analysis_eh1I3SlZn48_075_090.mp4,213,3.553550,32,sports ball,0.391389,605.330,318.330,623.701,335.865,614.515,327.097,18.371,17.535
youtube_juggling_for_data_analysis_eh1I3SlZn48_075_090.mp4,213,3.553550,32,sports ball,0.328575,535.473,456.830,559.274,480.612,547.374,468.721,23.801,23.782
youtube_juggling_for_data_analysis_eh1I3SlZn48_075_090.mp4,213,3.553550,32,sports ball,0.326966,592.902,215.309,610.494,235.114,601.698,225.212,17.592,19.805
youtube_juggling_for_data_analysis_eh1I3SlZn48_075_090.mp4,214,3.570233,32,sports ball,0.720951,644.324,345.564,663.013,366.215,653.669,355.890,18.689,20.652
youtube_juggling_for_data_analysis_eh1I3SlZn48_075_090.mp4,214,3.570233,32,sports ball,0.641047,601.886,305.590,620.962,325.099,611.424,315.344,19.076,19.510
youtube_juggling_for_data_analysis_eh1I3SlZn48_075_090.mp4,214,3.570233,32,sports ball,0.631897,593.544,210.525,613.166,231.486,603.355,221.006,19.622,20.961
youtube_juggling_for_data_analysis_eh1I3SlZn48_075_090.mp4,214,3.570233,32,sports ball,0.455276,573.605,214.632,591.737,232.436,582.671,223.534,18.131,17.804
youtube_juggling_for_data_analysis_eh1I3SlZn48_075_090.mp4,215,3.586917,32,sports ball,0.746468,645.483,357.807,664.084,377.869,654.783,367.838,18.601,20.062
youtube_juggling_for_data_analysis_eh1I3SlZn48_075_090.mp4,215,3.586917,32,sports ball,0.674240,600.063,295.433,619.896,314.622,609.979,305.027,19.833,19.189
youtube_juggling_for_data_analysis_eh1I3SlZn48_075_090.mp4,215,3.586917,32,sports ball,0.461586,572.090,219.272,592.331,238.753,582.210,229.012,20.241,19.481
youtube_juggling_for_data_analysis_eh1I3SlZn48_075_090.mp4,215,3.586917,32,sports ball,0.437299,593.329,207.377,614.302,226.466,603.816,216.922,20.972,19.089
youtube_juggling_for_data_analysis_eh1I3SlZn48_075_090.mp4,216,3.603600,32,sports ball,0.744732,647.599,370.176,666.098,389.637,656.848,379.907,18.499,19.461
youtube_juggling_for_data_analysis_eh1I3SlZn48_075_090.mp4,216,3.603600,32,sports ball,0.598014,598.918,284.478,618.597,304.503,608.758,294.490,19.678,20.026
youtube_juggling_for_data_analysis_eh1I3SlZn48_075_090.mp4,216,3.603600,32,sports ball,0.553789,593.538,205.161,615.277,223.364,604.407,214.263,21.739,18.204
youtube_juggling_for_data_analysis_eh1I3SlZn48_075_090.mp4,216,3.603600,32,sports ball,0.427241,570.553,223.960,591.656,245.096,581.105,234.528,21.103,21.135
youtube_juggling_for_data_analysis_eh1I3SlZn48_075_090.mp4,217,3.620283,32,sports ball,0.749008,595.413,200.401,616.919,222.892,606.166,211.646,21.506,22.491
youtube_juggling_for_data_analysis_eh1I3SlZn48_075_090.mp4,217,3.620283,32,sports ball,0.715920,597.028,274.149,617.097,295.110,607.062,284.630,20.069,20.961
youtube_juggling_for_data_analysis_eh1I3SlZn48_075_090.mp4,217,3.620283,32,sports ball,0.630986,569.894,229.386,589.660,250.306,579.777,239.846,19.766,20.920
youtube_juggling_for_data_analysis_eh1I3SlZn48_075_090.mp4,217,3.620283,32,sports ball,0.603419,648.360,385.222,668.253,400.942,658.307,393.082,19.893,15.721
youtube_juggling_for_data_analysis_eh1I3SlZn48_075_090.mp4,218,3.636967,32,sports ball,0.765268,596.913,199.996,617.304,221.068,607.108,210.532,20.391,21.071
youtube_juggling_for_data_analysis_eh1I3SlZn48_075_090.mp4,218,3.636967,32,sports ball,0.673058,594.298,264.247,616.351,286.910,605.324,275.578,22.053,22.662
youtube_juggling_for_data_analysis_eh1I3SlZn48_075_090.mp4,218,3.636967,32,sports ball,0.610831,567.668,234.952,588.826,257.306,578.247,246.129,21.158,22.354
youtube_juggling_for_data_analysis_eh1I3SlZn48_075_090.mp4,218,3.636967,32,sports ball,0.406407,648.227,392.350,666.968,410.703,657.597,401.526,18.741,18.353
youtube_juggling_for_data_analysis_eh1I3SlZn48_075_090.mp4,219,3.653650,32,sports ball,0.757817,598.488,198.618,618.702,219.072,608.595,208.845,20.214,20.454
youtube_juggling_for_data_analysis_eh1I3SlZn48_075_090.mp4,219,3.653650,32,sports ball,0.663560,593.578,256.400,614.665,277.108,604.122,266.754,21.087,20.709
youtube_juggling_for_data_analysis_eh1I3SlZn48_075_090.mp4,219,3.653650,32,sports ball,0.627657,567.396,242.414,586.764,263.737,577.080,253.076,19.368,21.323
youtube_juggling_for_data_analysis_eh1I3SlZn48_075_090.mp4,219,3.653650,32,sports ball,0.540082,647.563,399.414,665.995,419.034,656.779,409.224,18.432,19.620
youtube_juggling_for_data_analysis_eh1I3SlZn48_075_090.mp4,219,3.653650,32,sports ball,0.222849,558.695,465.818,578.580,486.051,568.638,475.935,19.885,20.232
youtube_juggling_for_data_analysis_eh1I3SlZn48_075_090.mp4,220,3.670333,32,sports ball,0.760716,565.242,249.123,585.692,270.691,575.467,259.907,20.450,21.568
youtube_juggling_for_data_analysis_eh1I3SlZn48_075_090.mp4,220,3.670333,32,sports ball,0.741529,599.006,198.290,619.533,218.336,609.270,208.313,20.527,20.046
youtube_juggling_for_data_analysis_eh1I3SlZn48_075_090.mp4,220,3.670333,32,sports ball,0.691762,592.218,247.562,611.795,269.144,602.006,258.353,19.577,21.582
youtube_juggling_for_data_analysis_eh1I3SlZn48_075_090.mp4,220,3.670333,32,sports ball,0.399253,646.228,407.788,664.815,426.444,655.521,417.116,18.586,18.656
youtube_juggling_for_data_analysis_eh1I3SlZn48_075_090.mp4,220,3.670333,32,sports ball,0.322364,560.097,454.698,581.352,477.060,570.725,465.879,21.255,22.362
youtube_juggling_for_data_analysis_eh1I3SlZn48_075_090.mp4,221,3.687017,32,sports ball,0.770024,589.692,241.162,609.479,260.993,599.586,251.078,19.788,19.831
youtube_juggling_for_data_analysis_eh1I3SlZn48_075_090.mp4,221,3.687017,32,sports ball,0.701173,600.144,198.461,621.562,217.999,610.853,208.230,21.418,19.538
youtube_juggling_for_data_analysis_eh1I3SlZn48_075_090.mp4,221,3.687017,32,sports ball,0.670006,563.391,257.782,584.949,279.626,574.170,268.704,21.557,21.844
youtube_juggling_for_data_analysis_eh1I3SlZn48_075_090.mp4,221,3.687017,32,sports ball,0.274642,561.328,441.565,582.930,465.246,572.129,453.406,21.601,23.681
youtube_juggling_for_data_analysis_eh1I3SlZn48_075_090.mp4,222,3.703700,32,sports ball,0.741893,588.363,232.406,609.246,254.364,598.805,243.385,20.884,21.958
youtube_juggling_for_data_analysis_eh1I3SlZn48_075_090.mp4,222,3.703700,32,sports ball,0.656742,562.493,266.606,584.182,287.396,573.337,277.001,21.689,20.790
youtube_juggling_for_data_analysis_eh1I3SlZn48_075_090.mp4,222,3.703700,32,sports ball,0.594126,601.536,198.513,622.394,218.172,611.965,208.343,20.858,19.659
youtube_juggling_for_data_analysis_eh1I3SlZn48_075_090.mp4,223,3.720383,32,sports ball,0.585987,586.592,226.431,607.799,248.690,597.195,237.561,21.207,22.258
youtube_juggling_for_data_analysis_eh1I3SlZn48_075_090.mp4,223,3.720383,32,sports ball,0.309250,602.001,198.432,623.334,219.530,612.667,208.981,21.333,21.098
youtube_juggling_for_data_analysis_eh1I3SlZn48_075_090.mp4,223,3.720383,32,sports ball,0.239270,561.836,275.897,582.767,296.869,572.301,286.383,20.932,20.972
youtube_juggling_for_data_analysis_eh1I3SlZn48_075_090.mp4,223,3.720383,32,sports ball,0.209574,567.293,415.177,586.133,434.559,576.713,424.868,18.840,19.382
youtube_juggling_for_data_analysis_eh1I3SlZn48_075_090.mp4,224,3.737067,32,sports ball,0.590858,568.050,399.651,587.561,417.137,577.805,408.394,19.510,17.486
youtube_juggling_for_data_analysis_eh1I3SlZn48_075_090.mp4,224,3.737067,32,sports ball,0.393013,585.766,219.871,606.645,241.903,596.206,230.887,20.879,22.032
youtube_juggling_for_data_analysis_eh1I3SlZn48_075_090.mp4,224,3.737067,32,sports ball,0.349728,560.684,286.257,580.893,307.020,570.789,296.638,20.208,20.762
youtube_juggling_for_data_analysis_eh1I3SlZn48_075_090.mp4,224,3.737067,32,sports ball,0.253244,602.301,200.677,624.790,220.457,613.545,210.567,22.489,19.780
youtube_juggling_for_data_analysis_eh1I3SlZn48_075_090.mp4,225,3.753750,32,sports ball,0.505759,569.805,385.061,588.517,404.387,579.161,394.724,18.712,19.326
youtube_juggling_for_data_analysis_eh1I3SlZn48_075_090.mp4,225,3.753750,32,sports ball,0.433038,559.219,295.890,579.088,316.743,569.153,306.316,19.869,20.853
youtube_juggling_for_data_analysis_eh1I3SlZn48_075_090.mp4,225,3.753750,32,sports ball,0.221597,635.318,449.351,653.688,468.332,644.503,458.842,18.370,18.981
youtube_juggling_for_data_analysis_eh1I3SlZn48_075_090.mp4,225,3.753750,32,sports ball,0.166991,583.706,214.413,605.736,236.271,594.721,225.342,22.030,21.858
youtube_juggling_for_data_analysis_eh1I3SlZn48_075_090.mp4,225,3.753750,32,sports ball,0.152589,605.688,200.512,625.363,221.871,615.526,211.191,19.674,21.360
youtube_juggling_for_data_analysis_eh1I3SlZn48_075_090.mp4,226,3.770433,32,sports ball,0.603234,571.591,369.787,590.291,392.420,580.941,381.104,18.700,22.633
youtube_juggling_for_data_analysis_eh1I3SlZn48_075_090.mp4,226,3.770433,32,sports ball,0.486388,558.745,307.176,577.595,328.101,568.170,317.639,18.849,20.924
youtube_juggling_for_data_analysis_eh1I3SlZn48_075_090.mp4,226,3.770433,32,sports ball,0.194376,582.084,210.804,602.297,229.572,592.190,220.188,20.213,18.768
youtube_juggling_for_data_analysis_eh1I3SlZn48_075_090.mp4,226,3.770433,32,sports ball,0.182223,605.826,204.839,625.764,223.851,615.795,214.345,19.938,19.011
youtube_juggling_for_data_analysis_eh1I3SlZn48_075_090.mp4,227,3.787117,32,sports ball,0.609196,571.731,357.401,592.164,377.658,581.948,367.529,20.433,20.257
youtube_juggling_for_data_analysis_eh1I3SlZn48_075_090.mp4,227,3.787117,32,sports ball,0.378117,557.356,318.891,576.467,340.265,566.912,329.578,19.111,21.374
youtube_juggling_for_data_analysis_eh1I3SlZn48_075_090.mp4,227,3.787117,32,sports ball,0.376327,606.814,206.732,629.102,227.654,617.958,217.193,22.288,20.923
youtube_juggling_for_data_analysis_eh1I3SlZn48_075_090.mp4,227,3.787117,32,sports ball,0.302849,580.004,206.549,600.815,224.869,590.409,215.709,20.810,18.319
youtube_juggling_for_data_analysis_eh1I3SlZn48_075_090.mp4,227,3.787117,32,sports ball,0.273123,627.481,460.356,649.452,481.954,638.466,471.155,21.970,21.598
youtube_juggling_for_data_analysis_eh1I3SlZn48_075_090.mp4,227,3.787117,32,sports ball,0.185375,557.306,319.066,576.582,339.725,566.944,329.395,19.276,20.659
youtube_juggling_for_data_analysis_eh1I3SlZn48_075_090.mp4,228,3.803800,32,sports ball,0.648273,555.378,331.458,575.590,352.723,565.484,342.090,20.212,21.264
youtube_juggling_for_data_analysis_eh1I3SlZn48_075_090.mp4,228,3.803800,32,sports ball,0.530280,573.106,343.096,592.233,366.389,582.670,354.742,19.127,23.292
youtube_juggling_for_data_analysis_eh1I3SlZn48_075_090.mp4,228,3.803800,32,sports ball,0.329940,607.288,210.895,629.308,230.908,618.298,220.902,22.020,20.013
youtube_juggling_for_data_analysis_eh1I3SlZn48_075_090.mp4,228,3.803800,32,sports ball,0.262486,624.803,461.578,645.272,486.891,635.037,474.235,20.469,25.313
youtube_juggling_for_data_analysis_eh1I3SlZn48_075_090.mp4,228,3.803800,32,sports ball,0.245126,579.326,202.553,599.513,221.568,589.419,212.061,20.188,19.016
youtube_juggling_for_data_analysis_eh1I3SlZn48_075_090.mp4,228,3.803800,32,sports ball,0.193643,579.269,202.194,600.158,222.069,589.714,212.132,20.889,19.875
youtube_juggling_for_data_analysis_eh1I3SlZn48_075_090.mp4,229,3.820483,32,sports ball,0.582879,554.466,344.513,573.803,364.469,564.135,354.491,19.337,19.956
youtube_juggling_for_data_analysis_eh1I3SlZn48_075_090.mp4,229,3.820483,32,sports ball,0.382161,575.602,330.166,593.287,353.297,584.444,341.731,17.684,23.131
youtube_juggling_for_data_analysis_eh1I3SlZn48_075_090.mp4,229,3.820483,32,sports ball,0.220137,576.950,198.002,599.483,219.075,588.216,208.538,22.533,21.073
youtube_juggling_for_data_analysis_eh1I3SlZn48_075_090.mp4,229,3.820483,32,sports ball,0.190613,608.714,214.252,630.412,235.589,619.563,224.921,21.698,21.337
youtube_juggling_for_data_analysis_eh1I3SlZn48_075_090.mp4,230,3.837167,32,sports ball,0.566821,553.115,356.010,573.049,377.582,563.082,366.796,19.935,21.572
youtube_juggling_for_data_analysis_eh1I3SlZn48_075_090.mp4,230,3.837167,32,sports ball,0.407962,576.871,318.642,594.848,338.499,585.860,328.570,17.977,19.857
youtube_juggling_for_data_analysis_eh1I3SlZn48_075_090.mp4,230,3.837167,32,sports ball,0.208051,609.849,219.094,630.392,239.130,620.120,229.112,20.544,20.036
youtube_juggling_for_data_analysis_eh1I3SlZn48_075_090.mp4,231,3.853850,32,sports ball,0.545729,551.854,370.625,571.132,387.146,561.493,378.885,19.278,16.521
youtube_juggling_for_data_analysis_eh1I3SlZn48_075_090.mp4,231,3.853850,32,sports ball,0.457305,577.324,306.469,597.167,329.112,587.246,317.791,19.843,22.644
youtube_juggling_for_data_analysis_eh1I3SlZn48_075_090.mp4,231,3.853850,32,sports ball,0.355645,575.595,193.319,595.258,212.987,585.426,203.153,19.663,19.668
youtube_juggling_for_data_analysis_eh1I3SlZn48_075_090.mp4,231,3.853850,32,sports ball,0.349588,610.636,224.449,632.219,245.761,621.427,235.105,21.583,21.312
youtube_juggling_for_data_analysis_eh1I3SlZn48_075_090.mp4,232,3.870533,32,sports ball,0.405840,551.256,384.879,568.317,403.643,559.787,394.261,17.062,18.764
youtube_juggling_for_data_analysis_eh1I3SlZn48_075_090.mp4,232,3.870533,32,sports ball,0.185533,579.279,296.235,598.779,317.648,589.029,306.942,19.500,21.413
youtube_juggling_for_data_analysis_eh1I3SlZn48_075_090.mp4,232,3.870533,32,sports ball,0.183123,572.226,192.073,593.875,211.862,583.051,201.968,21.649,19.788
youtube_juggling_for_data_analysis_eh1I3SlZn48_075_090.mp4,233,3.887217,32,sports ball,0.521116,548.610,394.510,567.368,416.654,557.989,405.582,18.757,22.144
youtube_juggling_for_data_analysis_eh1I3SlZn48_075_090.mp4,233,3.887217,32,sports ball,0.287431,611.542,234.908,634.057,257.502,622.800,246.205,22.515,22.594
youtube_juggling_for_data_analysis_eh1I3SlZn48_075_090.mp4,233,3.887217,32,sports ball,0.196707,580.394,287.272,600.151,307.418,590.272,297.345,19.756,20.146
youtube_juggling_for_data_analysis_eh1I3SlZn48_075_090.mp4,234,3.903900,32,sports ball,0.303303,612.314,241.036,634.412,264.632,623.363,252.834,22.098,23.596
youtube_juggling_for_data_analysis_eh1I3SlZn48_075_090.mp4,234,3.903900,32,sports ball,0.162752,547.395,402.507,566.356,423.045,556.875,412.776,18.962,20.538
youtube_juggling_for_data_analysis_eh1I3SlZn48_075_090.mp4,236,3.937267,32,sports ball,0.260474,614.500,255.173,637.888,279.185,626.194,267.179,23.388,24.012
youtube_juggling_for_data_analysis_eh1I3SlZn48_075_090.mp4,236,3.937267,32,sports ball,0.256809,608.713,402.335,626.615,419.782,617.664,411.059,17.902,17.447
youtube_juggling_for_data_analysis_eh1I3SlZn48_075_090.mp4,236,3.937267,32,sports ball,0.213039,583.704,257.958,606.221,280.094,594.963,269.026,22.517,22.136
youtube_juggling_for_data_analysis_eh1I3SlZn48_075_090.mp4,237,3.953950,32,sports ball,0.592118,584.959,249.909,606.408,271.350,595.683,260.630,21.450,21.441
youtube_juggling_for_data_analysis_eh1I3SlZn48_075_090.mp4,237,3.953950,32,sports ball,0.541258,615.249,263.319,638.215,287.403,626.732,275.361,22.966,24.084
youtube_juggling_for_data_analysis_eh1I3SlZn48_075_090.mp4,237,3.953950,32,sports ball,0.162528,565.158,190.010,585.345,210.760,575.251,200.385,20.186,20.750
youtube_juggling_for_data_analysis_eh1I3SlZn48_075_090.mp4,238,3.970633,32,sports ball,0.801243,607.976,375.434,623.259,392.304,615.617,383.869,15.283,16.869
youtube_juggling_for_data_analysis_eh1I3SlZn48_075_090.mp4,238,3.970633,32,sports ball,0.308712,544.715,440.402,566.175,463.842,555.445,452.122,21.461,23.440
youtube_juggling_for_data_analysis_eh1I3SlZn48_075_090.mp4,238,3.970633,32,sports ball,0.222929,616.833,273.346,638.455,296.089,627.644,284.718,21.621,22.743
youtube_juggling_for_data_analysis_eh1I3SlZn48_075_090.mp4,238,3.970633,32,sports ball,0.222638,587.244,242.076,607.417,264.577,597.330,253.327,20.173,22.501
youtube_juggling_for_data_analysis_eh1I3SlZn48_075_090.mp4,238,3.970633,32,sports ball,0.191805,561.986,191.990,584.514,212.684,573.250,202.337,22.529,20.694
youtube_juggling_for_data_analysis_eh1I3SlZn48_075_090.mp4,239,3.987317,32,sports ball,0.188796,588.064,235.580,608.681,255.970,598.372,245.775,20.616,20.390
youtube_juggling_for_data_analysis_eh1I3SlZn48_075_090.mp4,240,4.004000,32,sports ball,0.500233,560.581,196.626,580.175,216.221,570.378,206.423,19.594,19.595
youtube_juggling_for_data_analysis_eh1I3SlZn48_075_090.mp4,240,4.004000,32,sports ball,0.370764,590.026,227.998,610.121,250.313,600.073,239.156,20.095,22.315
youtube_juggling_for_data_analysis_eh1I3SlZn48_075_090.mp4,240,4.004000,32,sports ball,0.304541,619.826,294.058,639.665,314.950,629.745,304.504,19.839,20.892
youtube_juggling_for_data_analysis_eh1I3SlZn48_075_090.mp4,241,4.020683,32,sports ball,0.618187,620.954,305.025,639.962,325.534,630.458,315.279,19.008,20.509
youtube_juggling_for_data_analysis_eh1I3SlZn48_075_090.mp4,241,4.020683,32,sports ball,0.469603,590.836,222.950,612.518,245.401,601.677,234.176,21.682,22.451
youtube_juggling_for_data_analysis_eh1I3SlZn48_075_090.mp4,241,4.020683,32,sports ball,0.286112,558.607,199.610,577.516,219.065,568.062,209.337,18.909,19.455
youtube_juggling_for_data_analysis_eh1I3SlZn48_075_090.mp4,242,4.037367,32,sports ball,0.762396,592.331,218.067,614.281,238.880,603.306,228.474,21.950,20.813
youtube_juggling_for_data_analysis_eh1I3SlZn48_075_090.mp4,242,4.037367,32,sports ball,0.682518,621.932,315.719,640.292,335.300,631.112,325.510,18.361,19.580
youtube_juggling_for_data_analysis_eh1I3SlZn48_075_090.mp4,242,4.037367,32,sports ball,0.556473,556.578,201.850,577.012,223.501,566.795,212.676,20.435,21.651
youtube_juggling_for_data_analysis_eh1I3SlZn48_075_090.mp4,242,4.037367,32,sports ball,0.307611,556.076,201.450,577.258,224.091,566.667,212.771,21.182,22.641
youtube_juggling_for_data_analysis_eh1I3SlZn48_075_090.mp4,243,4.054050,32,sports ball,0.578265,623.604,326.936,641.604,346.747,632.604,336.842,18.000,19.811
youtube_juggling_for_data_analysis_eh1I3SlZn48_075_090.mp4,243,4.054050,32,sports ball,0.511033,553.605,205.205,576.433,226.239,565.019,215.722,22.828,21.034
youtube_juggling_for_data_analysis_eh1I3SlZn48_075_090.mp4,243,4.054050,32,sports ball,0.461289,592.531,211.575,616.838,235.214,604.685,223.394,24.307,23.639
youtube_juggling_for_data_analysis_eh1I3SlZn48_075_090.mp4,243,4.054050,32,sports ball,0.293965,596.935,312.119,616.653,333.144,606.794,322.631,19.718,21.025
youtube_juggling_for_data_analysis_eh1I3SlZn48_075_090.mp4,244,4.070733,32,sports ball,0.555200,624.361,339.278,641.766,359.172,633.063,349.225,17.405,19.894
youtube_juggling_for_data_analysis_eh1I3SlZn48_075_090.mp4,244,4.070733,32,sports ball,0.186792,552.318,209.965,575.107,230.743,563.713,220.354,22.789,20.778
youtube_juggling_for_data_analysis_eh1I3SlZn48_075_090.mp4,245,4.087417,32,sports ball,0.456613,624.746,351.598,645.106,372.272,634.926,361.935,20.360,20.674
youtube_juggling_for_data_analysis_eh1I3SlZn48_075_090.mp4,245,4.087417,32,sports ball,0.427423,593.921,291.586,613.257,314.356,603.589,302.971,19.337,22.770
youtube_juggling_for_data_analysis_eh1I3SlZn48_075_090.mp4,245,4.087417,32,sports ball,0.402724,551.511,214.491,573.043,237.347,562.277,225.919,21.531,22.856
youtube_juggling_for_data_analysis_eh1I3SlZn48_075_090.mp4,245,4.087417,32,sports ball,0.340485,596.347,204.862,618.321,226.918,607.334,215.890,21.974,22.056
youtube_juggling_for_data_analysis_eh1I3SlZn48_075_090.mp4,246,4.104100,32,sports ball,0.662364,626.219,364.447,645.866,384.583,636.043,374.515,19.647,20.136
youtube_juggling_for_data_analysis_eh1I3SlZn48_075_090.mp4,246,4.104100,32,sports ball,0.476772,592.832,281.954,610.765,303.888,601.799,292.921,17.933,21.934
youtube_juggling_for_data_analysis_eh1I3SlZn48_075_090.mp4,246,4.104100,32,sports ball,0.422000,598.006,201.845,620.368,224.638,609.187,213.242,22.362,22.793
youtube_juggling_for_data_analysis_eh1I3SlZn48_075_090.mp4,246,4.104100,32,sports ball,0.253032,548.998,219.992,570.606,242.282,559.802,231.137,21.608,22.290
youtube_juggling_for_data_analysis_eh1I3SlZn48_075_090.mp4,247,4.120783,32,sports ball,0.486057,547.486,227.143,568.688,248.055,558.087,237.599,21.202,20.912
youtube_juggling_for_data_analysis_eh1I3SlZn48_075_090.mp4,247,4.120783,32,sports ball,0.356127,598.417,198.982,620.458,222.419,609.438,210.701,22.041,23.438
youtube_juggling_for_data_analysis_eh1I3SlZn48_075_090.mp4,247,4.120783,32,sports ball,0.344634,590.089,273.759,609.490,296.171,599.789,284.965,19.401,22.412
youtube_juggling_for_data_analysis_eh1I3SlZn48_075_090.mp4,247,4.120783,32,sports ball,0.218829,598.437,199.312,620.385,221.684,609.411,210.498,21.948,22.372
youtube_juggling_for_data_analysis_eh1I3SlZn48_075_090.mp4,248,4.137467,32,sports ball,0.731084,600.463,196.051,621.805,218.010,611.134,207.031,21.342,21.958
youtube_juggling_for_data_analysis_eh1I3SlZn48_075_090.mp4,248,4.137467,32,sports ball,0.588985,545.413,232.889,568.225,255.352,556.819,244.120,22.813,22.463
youtube_juggling_for_data_analysis_eh1I3SlZn48_075_090.mp4,248,4.137467,32,sports ball,0.537951,588.950,265.443,608.016,288.396,598.483,276.920,19.067,22.953
youtube_juggling_for_data_analysis_eh1I3SlZn48_075_090.mp4,248,4.137467,32,sports ball,0.325812,628.664,392.383,647.352,408.779,638.008,400.581,18.688,16.396
youtube_juggling_for_data_analysis_eh1I3SlZn48_075_090.mp4,248,4.137467,32,sports ball,0.271404,556.561,446.860,575.602,467.411,566.081,457.136,19.040,20.551
youtube_juggling_for_data_analysis_eh1I3SlZn48_075_090.mp4,249,4.154150,32,sports ball,0.760656,601.304,195.333,623.261,216.726,612.283,206.030,21.957,21.394
youtube_juggling_for_data_analysis_eh1I3SlZn48_075_090.mp4,249,4.154150,32,sports ball,0.745528,545.378,240.874,566.164,262.563,555.771,251.718,20.786,21.689
youtube_juggling_for_data_analysis_eh1I3SlZn48_075_090.mp4,249,4.154150,32,sports ball,0.502605,585.994,257.335,607.473,278.936,596.733,268.136,21.480,21.601
youtube_juggling_for_data_analysis_eh1I3SlZn48_075_090.mp4,250,4.170833,32,sports ball,0.750478,544.432,250.182,562.978,270.707,553.705,260.445,18.546,20.524
youtube_juggling_for_data_analysis_eh1I3SlZn48_075_090.mp4,250,4.170833,32,sports ball,0.721700,584.991,250.171,606.739,271.725,595.865,260.948,21.748,21.554
youtube_juggling_for_data_analysis_eh1I3SlZn48_075_090.mp4,250,4.170833,32,sports ball,0.419865,601.766,194.075,624.814,216.570,613.290,205.322,23.048,22.495
youtube_juggling_for_data_analysis_eh1I3SlZn48_075_090.mp4,250,4.170833,32,sports ball,0.167122,626.456,409.190,648.455,440.966,637.456,425.078,21.999,31.776
youtube_juggling_for_data_analysis_eh1I3SlZn48_075_090.mp4,251,4.187517,32,sports ball,0.451758,582.885,242.557,604.757,265.625,593.821,254.091,21.872,23.068
youtube_juggling_for_data_analysis_eh1I3SlZn48_075_090.mp4,251,4.187517,32,sports ball,0.429756,540.743,257.534,560.783,278.848,550.763,268.191,20.040,21.314
youtube_juggling_for_data_analysis_eh1I3SlZn48_075_090.mp4,251,4.187517,32,sports ball,0.384258,602.722,193.309,626.726,216.623,614.724,204.966,24.004,23.314
youtube_juggling_for_data_analysis_eh1I3SlZn48_075_090.mp4,251,4.187517,32,sports ball,0.335257,561.561,405.073,580.439,425.301,571.000,415.187,18.878,20.228
youtube_juggling_for_data_analysis_eh1I3SlZn48_075_090.mp4,251,4.187517,32,sports ball,0.323647,625.503,418.978,647.471,437.025,636.487,428.001,21.968,18.048
youtube_juggling_for_data_analysis_eh1I3SlZn48_075_090.mp4,252,4.204200,32,sports ball,0.507787,605.808,193.523,628.041,216.458,616.925,204.990,22.233,22.935
youtube_juggling_for_data_analysis_eh1I3SlZn48_075_090.mp4,252,4.204200,32,sports ball,0.499462,539.713,267.138,559.919,287.494,549.816,277.316,20.206,20.356
youtube_juggling_for_data_analysis_eh1I3SlZn48_075_090.mp4,252,4.204200,32,sports ball,0.480804,580.277,236.608,602.304,257.138,591.291,246.873,22.026,20.530
youtube_juggling_for_data_analysis_eh1I3SlZn48_075_090.mp4,252,4.204200,32,sports ball,0.309312,563.956,390.960,582.357,411.210,573.156,401.085,18.401,20.249
youtube_juggling_for_data_analysis_eh1I3SlZn48_075_090.mp4,252,4.204200,32,sports ball,0.210353,625.827,428.462,645.377,445.155,635.602,436.809,19.550,16.693
youtube_juggling_for_data_analysis_eh1I3SlZn48_075_090.mp4,253,4.220883,32,sports ball,0.717834,606.706,194.555,629.324,217.277,618.015,205.916,22.617,22.722
youtube_juggling_for_data_analysis_eh1I3SlZn48_075_090.mp4,253,4.220883,32,sports ball,0.613883,537.693,276.680,558.289,298.525,547.991,287.603,20.597,21.845
youtube_juggling_for_data_analysis_eh1I3SlZn48_075_090.mp4,253,4.220883,32,sports ball,0.541462,578.814,232.766,601.690,251.619,590.252,242.192,22.876,18.854
youtube_juggling_for_data_analysis_eh1I3SlZn48_075_090.mp4,253,4.220883,32,sports ball,0.156818,624.958,438.610,641.511,455.721,633.235,447.166,16.553,17.112
youtube_juggling_for_data_analysis_eh1I3SlZn48_075_090.mp4,254,4.237567,32,sports ball,0.522171,607.258,195.682,629.911,217.391,618.585,206.536,22.653,21.709
youtube_juggling_for_data_analysis_eh1I3SlZn48_075_090.mp4,254,4.237567,32,sports ball,0.415150,536.162,287.242,557.116,309.429,546.639,298.336,20.954,22.187
youtube_juggling_for_data_analysis_eh1I3SlZn48_075_090.mp4,254,4.237567,32,sports ball,0.277747,577.915,226.296,600.067,247.562,588.991,236.929,22.152,21.266
youtube_juggling_for_data_analysis_eh1I3SlZn48_075_090.mp4,254,4.237567,32,sports ball,0.243904,567.782,362.362,585.719,384.895,576.751,373.629,17.937,22.533
youtube_juggling_for_data_analysis_eh1I3SlZn48_075_090.mp4,254,4.237567,32,sports ball,0.164732,623.681,446.899,641.789,465.112,632.735,456.006,18.108,18.214
youtube_juggling_for_data_analysis_eh1I3SlZn48_075_090.mp4,255,4.254250,32,sports ball,0.606653,568.678,351.468,586.397,368.908,577.538,360.188,17.718,17.439
youtube_juggling_for_data_analysis_eh1I3SlZn48_075_090.mp4,255,4.254250,32,sports ball,0.536249,609.532,197.370,630.827,218.324,620.180,207.847,21.295,20.954
youtube_juggling_for_data_analysis_eh1I3SlZn48_075_090.mp4,255,4.254250,32,sports ball,0.530899,535.268,298.051,554.398,317.779,544.833,307.915,19.131,19.728
youtube_juggling_for_data_analysis_eh1I3SlZn48_075_090.mp4,255,4.254250,32,sports ball,0.388692,577.068,222.939,599.244,243.775,588.156,233.357,22.176,20.836
youtube_juggling_for_data_analysis_eh1I3SlZn48_075_090.mp4,255,4.254250,32,sports ball,0.377573,535.569,297.971,554.257,315.817,544.913,306.894,18.688,17.845
youtube_juggling_for_data_analysis_eh1I3SlZn48_075_090.mp4,255,4.254250,32,sports ball,0.322584,577.238,223.106,598.943,243.307,588.091,233.207,21.706,20.202
youtube_juggling_for_data_analysis_eh1I3SlZn48_075_090.mp4,255,4.254250,32,sports ball,0.153807,622.805,452.839,640.815,473.461,631.810,463.150,18.010,20.622
youtube_juggling_for_data_analysis_eh1I3SlZn48_075_090.mp4,256,4.270933,32,sports ball,0.740393,576.723,218.999,596.118,238.251,586.420,228.625,19.395,19.251
youtube_juggling_for_data_analysis_eh1I3SlZn48_075_090.mp4,256,4.270933,32,sports ball,0.645207,610.060,200.057,632.170,222.524,621.115,211.291,22.110,22.467
youtube_juggling_for_data_analysis_eh1I3SlZn48_075_090.mp4,256,4.270933,32,sports ball,0.424532,531.700,309.576,553.020,328.543,542.360,319.059,21.320,18.968
youtube_juggling_for_data_analysis_eh1I3SlZn48_075_090.mp4,256,4.270933,32,sports ball,0.414165,531.411,308.399,553.049,328.777,542.230,318.588,21.638,20.379
youtube_juggling_for_data_analysis_eh1I3SlZn48_075_090.mp4,256,4.270933,32,sports ball,0.364879,571.979,337.338,587.123,357.086,579.551,347.212,15.144,19.748
youtube_juggling_for_data_analysis_eh1I3SlZn48_075_090.mp4,256,4.270933,32,sports ball,0.313611,621.135,460.598,640.254,480.181,630.694,470.390,19.119,19.583
youtube_juggling_for_data_analysis_eh1I3SlZn48_075_090.mp4,257,4.287617,32,sports ball,0.639612,571.785,326.418,591.926,345.551,581.855,335.984,20.141,19.132
youtube_juggling_for_data_analysis_eh1I3SlZn48_075_090.mp4,257,4.287617,32,sports ball,0.513685,530.198,321.135,551.410,339.937,540.804,330.536,21.212,18.802
youtube_juggling_for_data_analysis_eh1I3SlZn48_075_090.mp4,257,4.287617,32,sports ball,0.300154,575.967,214.660,593.309,235.565,584.638,225.112,17.342,20.905
youtube_juggling_for_data_analysis_eh1I3SlZn48_075_090.mp4,257,4.287617,32,sports ball,0.181890,610.295,200.305,633.837,224.475,622.066,212.390,23.542,24.170
youtube_juggling_for_data_analysis_eh1I3SlZn48_075_090.mp4,258,4.304300,32,sports ball,0.572005,528.482,331.759,549.344,352.559,538.913,342.159,20.862,20.800
youtube_juggling_for_data_analysis_eh1I3SlZn48_075_090.mp4,258,4.304300,32,sports ball,0.560201,573.866,313.694,592.580,334.901,583.223,324.298,18.713,21.207
youtube_juggling_for_data_analysis_eh1I3SlZn48_075_090.mp4,258,4.304300,32,sports ball,0.494043,611.770,205.467,634.098,225.077,622.934,215.272,22.328,19.609
youtube_juggling_for_data_analysis_eh1I3SlZn48_075_090.mp4,258,4.304300,32,sports ball,0.312689,570.266,209.992,592.807,233.102,581.537,221.547,22.541,23.110
youtube_juggling_for_data_analysis_eh1I3SlZn48_075_090.mp4,259,4.320983,32,sports ball,0.375136,576.100,303.318,595.989,324.770,586.044,314.044,19.889,21.452
youtube_juggling_for_data_analysis_eh1I3SlZn48_075_090.mp4,259,4.320983,32,sports ball,0.216117,527.650,345.021,547.785,366.338,537.717,355.679,20.134,21.317
youtube_juggling_for_data_analysis_eh1I3SlZn48_075_090.mp4,259,4.320983,32,sports ball,0.200722,612.938,209.939,635.124,230.614,624.031,220.276,22.186,20.675
youtube_juggling_for_data_analysis_eh1I3SlZn48_075_090.mp4,260,4.337667,32,sports ball,0.609612,526.197,359.628,543.722,379.580,534.959,369.604,17.526,19.952
youtube_juggling_for_data_analysis_eh1I3SlZn48_075_090.mp4,260,4.337667,32,sports ball,0.480470,576.499,292.636,597.591,313.776,587.045,303.206,21.092,21.140
youtube_juggling_for_data_analysis_eh1I3SlZn48_075_090.mp4,260,4.337667,32,sports ball,0.233289,614.318,213.833,637.269,235.678,625.793,224.756,22.951,21.845
youtube_juggling_for_data_analysis_eh1I3SlZn48_075_090.mp4,261,4.354350,32,sports ball,0.543096,577.873,282.678,598.752,303.675,588.312,293.177,20.879,20.996
youtube_juggling_for_data_analysis_eh1I3SlZn48_075_090.mp4,261,4.354350,32,sports ball,0.480251,615.151,218.132,637.862,239.773,626.506,228.952,22.711,21.641
youtube_juggling_for_data_analysis_eh1I3SlZn48_075_090.mp4,261,4.354350,32,sports ball,0.331872,567.885,206.625,590.038,227.397,578.962,217.011,22.153,20.772
youtube_juggling_for_data_analysis_eh1I3SlZn48_075_090.mp4,261,4.354350,32,sports ball,0.303630,522.673,372.739,543.662,393.437,533.167,383.088,20.989,20.697
youtube_juggling_for_data_analysis_eh1I3SlZn48_075_090.mp4,261,4.354350,32,sports ball,0.247000,523.034,373.706,542.803,393.133,532.918,383.420,19.769,19.427
youtube_juggling_for_data_analysis_eh1I3SlZn48_075_090.mp4,262,4.371033,32,sports ball,0.570268,616.334,224.362,639.115,245.747,627.724,235.055,22.781,21.385
youtube_juggling_for_data_analysis_eh1I3SlZn48_075_090.mp4,262,4.371033,32,sports ball,0.482974,522.369,388.000,541.070,407.495,531.719,397.748,18.702,19.495
youtube_juggling_for_data_analysis_eh1I3SlZn48_075_090.mp4,262,4.371033,32,sports ball,0.396405,566.237,205.760,587.044,226.168,576.641,215.964,20.808,20.408
youtube_juggling_for_data_analysis_eh1I3SlZn48_075_090.mp4,262,4.371033,32,sports ball,0.316778,579.736,273.865,600.007,295.488,589.872,284.676,20.271,21.623
youtube_juggling_for_data_analysis_eh1I3SlZn48_075_090.mp4,263,4.387717,32,sports ball,0.555256,521.794,399.703,540.632,420.839,531.213,410.271,18.838,21.137
youtube_juggling_for_data_analysis_eh1I3SlZn48_075_090.mp4,263,4.387717,32,sports ball,0.419264,608.149,433.053,627.041,457.244,617.595,445.149,18.891,24.191
youtube_juggling_for_data_analysis_eh1I3SlZn48_075_090.mp4,263,4.387717,32,sports ball,0.392011,618.387,229.202,639.666,252.497,629.027,240.849,21.279,23.294
youtube_juggling_for_data_analysis_eh1I3SlZn48_075_090.mp4,263,4.387717,32,sports ball,0.367515,521.302,399.482,541.446,429.174,531.374,414.328,20.144,29.692
youtube_juggling_for_data_analysis_eh1I3SlZn48_075_090.mp4,263,4.387717,32,sports ball,0.270105,563.928,206.164,585.744,225.981,574.836,216.072,21.816,19.816
youtube_juggling_for_data_analysis_eh1I3SlZn48_075_090.mp4,263,4.387717,32,sports ball,0.232363,580.565,265.270,601.379,287.319,590.972,276.295,20.814,22.048
youtube_juggling_for_data_analysis_eh1I3SlZn48_075_090.mp4,264,4.404400,32,sports ball,0.705862,521.109,408.997,541.431,432.755,531.270,420.876,20.322,23.758
youtube_juggling_for_data_analysis_eh1I3SlZn48_075_090.mp4,264,4.404400,32,sports ball,0.498858,607.435,419.050,625.833,437.851,616.634,428.450,18.398,18.801
youtube_juggling_for_data_analysis_eh1I3SlZn48_075_090.mp4,264,4.404400,32,sports ball,0.479098,618.283,235.012,640.474,259.113,629.379,247.062,22.191,24.102
youtube_juggling_for_data_analysis_eh1I3SlZn48_075_090.mp4,264,4.404400,32,sports ball,0.341248,582.094,257.458,603.110,278.960,592.602,268.209,21.016,21.503
youtube_juggling_for_data_analysis_eh1I3SlZn48_075_090.mp4,264,4.404400,32,sports ball,0.258357,562.617,205.528,584.106,226.033,573.362,215.781,21.488,20.505
youtube_juggling_for_data_analysis_eh1I3SlZn48_075_090.mp4,265,4.421083,32,sports ball,0.717657,521.138,418.526,540.169,441.274,530.654,429.900,19.032,22.749
youtube_juggling_for_data_analysis_eh1I3SlZn48_075_090.mp4,265,4.421083,32,sports ball,0.421299,584.025,249.965,606.026,271.291,595.026,260.628,22.002,21.327
youtube_juggling_for_data_analysis_eh1I3SlZn48_075_090.mp4,265,4.421083,32,sports ball,0.382834,619.800,242.239,640.424,265.910,630.112,254.074,20.624,23.670
youtube_juggling_for_data_analysis_eh1I3SlZn48_075_090.mp4,265,4.421083,32,sports ball,0.343266,559.845,206.382,581.962,226.696,570.904,216.539,22.117,20.314
youtube_juggling_for_data_analysis_eh1I3SlZn48_075_090.mp4,266,4.437767,32,sports ball,0.553953,521.192,428.565,543.602,450.385,532.397,439.475,22.411,21.820
youtube_juggling_for_data_analysis_eh1I3SlZn48_075_090.mp4,266,4.437767,32,sports ball,0.511365,584.607,242.939,606.698,264.202,595.653,253.571,22.091,21.264
youtube_juggling_for_data_analysis_eh1I3SlZn48_075_090.mp4,266,4.437767,32,sports ball,0.387669,621.326,251.977,641.931,273.671,631.629,262.824,20.606,21.693
youtube_juggling_for_data_analysis_eh1I3SlZn48_075_090.mp4,266,4.437767,32,sports ball,0.355311,603.663,390.136,623.432,409.256,613.547,399.696,19.769,19.120
youtube_juggling_for_data_analysis_eh1I3SlZn48_075_090.mp4,266,4.437767,32,sports ball,0.292073,558.407,208.852,580.318,228.199,569.363,218.526,21.911,19.347
youtube_juggling_for_data_analysis_eh1I3SlZn48_075_090.mp4,267,4.454450,32,sports ball,0.741252,601.546,377.554,620.072,396.341,610.809,386.947,18.525,18.787
youtube_juggling_for_data_analysis_eh1I3SlZn48_075_090.mp4,267,4.454450,32,sports ball,0.681994,523.262,437.040,544.424,460.328,533.843,448.684,21.162,23.288
youtube_juggling_for_data_analysis_eh1I3SlZn48_075_090.mp4,267,4.454450,32,sports ball,0.664088,586.900,236.917,607.821,256.694,597.360,246.806,20.922,19.777
youtube_juggling_for_data_analysis_eh1I3SlZn48_075_090.mp4,267,4.454450,32,sports ball,0.613121,557.310,209.449,579.748,229.908,568.529,219.678,22.438,20.460
youtube_juggling_for_data_analysis_eh1I3SlZn48_075_090.mp4,267,4.454450,32,sports ball,0.595993,623.355,259.297,645.444,282.151,634.400,270.724,22.089,22.853
youtube_juggling_for_data_analysis_eh1I3SlZn48_075_090.mp4,268,4.471133,32,sports ball,0.600744,624.099,268.192,646.173,291.352,635.136,279.772,22.074,23.160
youtube_juggling_for_data_analysis_eh1I3SlZn48_075_090.mp4,268,4.471133,32,sports ball,0.573684,588.729,231.415,609.150,251.658,598.939,241.536,20.421,20.242
youtube_juggling_for_data_analysis_eh1I3SlZn48_075_090.mp4,268,4.471133,32,sports ball,0.533990,600.793,363.985,619.346,384.963,610.069,374.474,18.553,20.978
youtube_juggling_for_data_analysis_eh1I3SlZn48_075_090.mp4,268,4.471133,32,sports ball,0.418330,526.653,446.936,546.725,463.296,536.689,455.116,20.072,16.360
youtube_juggling_for_data_analysis_eh1I3SlZn48_075_090.mp4,268,4.471133,32,sports ball,0.405277,555.832,211.236,577.667,232.921,566.749,222.079,21.835,21.685
youtube_juggling_for_data_analysis_eh1I3SlZn48_075_090.mp4,268,4.471133,32,sports ball,0.263256,526.117,447.026,547.902,468.130,537.010,457.578,21.784,21.104
youtube_juggling_for_data_analysis_eh1I3SlZn48_075_090.mp4,269,4.487817,32,sports ball,0.655531,624.757,277.813,646.756,301.078,635.757,289.445,21.999,23.265
youtube_juggling_for_data_analysis_eh1I3SlZn48_075_090.mp4,269,4.487817,32,sports ball,0.628511,589.885,226.186,610.190,246.925,600.037,236.555,20.305,20.739
youtube_juggling_for_data_analysis_eh1I3SlZn48_075_090.mp4,269,4.487817,32,sports ball,0.532436,552.464,214.531,576.791,235.969,564.627,225.250,24.327,21.437
youtube_juggling_for_data_analysis_eh1I3SlZn48_075_090.mp4,269,4.487817,32,sports ball,0.397130,528.279,453.889,550.139,473.793,539.209,463.841,21.860,19.904
youtube_juggling_for_data_analysis_eh1I3SlZn48_075_090.mp4,269,4.487817,32,sports ball,0.199543,599.251,352.806,617.044,368.562,608.147,360.684,17.793,15.756
youtube_juggling_for_data_analysis_eh1I3SlZn48_075_090.mp4,270,4.504500,32,sports ball,0.657480,592.116,224.202,611.276,243.399,601.696,233.801,19.160,19.197
youtube_juggling_for_data_analysis_eh1I3SlZn48_075_090.mp4,270,4.504500,32,sports ball,0.650591,626.606,287.649,648.367,309.968,637.487,298.808,21.761,22.319
youtube_juggling_for_data_analysis_eh1I3SlZn48_075_090.mp4,270,4.504500,32,sports ball,0.525436,552.147,218.723,574.520,238.553,563.334,228.638,22.373,19.830
youtube_juggling_for_data_analysis_eh1I3SlZn48_075_090.mp4,270,4.504500,32,sports ball,0.471020,530.571,459.682,552.999,480.584,541.785,470.133,22.428,20.902
youtube_juggling_for_data_analysis_eh1I3SlZn48_075_090.mp4,271,4.521183,32,sports ball,0.583966,627.300,298.086,650.001,320.856,638.650,309.471,22.701,22.770
youtube_juggling_for_data_analysis_eh1I3SlZn48_075_090.mp4,271,4.521183,32,sports ball,0.543256,592.511,218.137,613.553,238.032,603.032,228.084,21.043,19.895
youtube_juggling_for_data_analysis_eh1I3SlZn48_075_090.mp4,271,4.521183,32,sports ball,0.252144,550.664,222.459,573.296,242.648,561.980,232.553,22.632,20.189
youtube_juggling_for_data_analysis_eh1I3SlZn48_075_090.mp4,272,4.537867,32,sports ball,0.822200,593.411,317.733,613.749,335.958,603.580,326.845,20.338,18.225
youtube_juggling_for_data_analysis_eh1I3SlZn48_075_090.mp4,272,4.537867,32,sports ball,0.744645,629.416,309.458,651.640,331.865,640.528,320.661,22.224,22.406
youtube_juggling_for_data_analysis_eh1I3SlZn48_075_090.mp4,272,4.537867,32,sports ball,0.678125,548.506,226.935,570.342,247.228,559.424,237.082,21.835,20.293
youtube_juggling_for_data_analysis_eh1I3SlZn48_075_090.mp4,272,4.537867,32,sports ball,0.652628,593.894,214.325,615.821,234.808,604.857,224.567,21.927,20.483
youtube_juggling_for_data_analysis_eh1I3SlZn48_075_090.mp4,273,4.554550,32,sports ball,0.659217,632.032,320.981,652.406,343.459,642.219,332.220,20.374,22.478
youtube_juggling_for_data_analysis_eh1I3SlZn48_075_090.mp4,273,4.554550,32,sports ball,0.481348,591.705,305.697,612.502,327.635,602.104,316.666,20.797,21.938
youtube_juggling_for_data_analysis_eh1I3SlZn48_075_090.mp4,273,4.554550,32,sports ball,0.278526,547.301,231.999,568.920,251.786,558.110,241.892,21.619,19.787
youtube_juggling_for_data_analysis_eh1I3SlZn48_075_090.mp4,273,4.554550,32,sports ball,0.266268,595.041,210.742,617.007,231.536,606.024,221.139,21.966,20.794
youtube_juggling_for_data_analysis_eh1I3SlZn48_075_090.mp4,274,4.571233,32,sports ball,0.505387,589.719,295.883,610.497,317.116,600.108,306.500,20.778,21.233
youtube_juggling_for_data_analysis_eh1I3SlZn48_075_090.mp4,274,4.571233,32,sports ball,0.469562,632.668,331.893,653.781,355.215,643.224,343.554,21.113,23.322
youtube_juggling_for_data_analysis_eh1I3SlZn48_075_090.mp4,274,4.571233,32,sports ball,0.418742,597.388,209.463,618.779,229.303,608.084,219.383,21.391,19.840
youtube_juggling_for_data_analysis_eh1I3SlZn48_075_090.mp4,274,4.571233,32,sports ball,0.336642,544.906,236.555,566.775,258.468,555.840,247.511,21.869,21.912
youtube_juggling_for_data_analysis_eh1I3SlZn48_075_090.mp4,275,4.587917,32,sports ball,0.597833,632.986,344.486,654.962,368.815,643.974,356.650,21.976,24.329
youtube_juggling_for_data_analysis_eh1I3SlZn48_075_090.mp4,275,4.587917,32,sports ball,0.501585,544.583,244.174,565.600,265.596,555.091,254.885,21.017,21.422
youtube_juggling_for_data_analysis_eh1I3SlZn48_075_090.mp4,275,4.587917,32,sports ball,0.386634,543.803,243.945,566.010,266.297,554.906,255.121,22.206,22.352
youtube_juggling_for_data_analysis_eh1I3SlZn48_075_090.mp4,275,4.587917,32,sports ball,0.368238,598.832,207.506,619.560,227.926,609.196,217.716,20.729,20.419
youtube_juggling_for_data_analysis_eh1I3SlZn48_075_090.mp4,275,4.587917,32,sports ball,0.357435,589.134,286.768,609.809,308.420,599.471,297.594,20.675,21.651
youtube_juggling_for_data_analysis_eh1I3SlZn48_075_090.mp4,275,4.587917,32,sports ball,0.320841,549.008,465.536,569.854,487.257,559.431,476.397,20.846,21.721
youtube_juggling_for_data_analysis_eh1I3SlZn48_075_090.mp4,275,4.587917,32,sports ball,0.270520,589.916,288.716,609.451,308.100,599.684,298.408,19.535,19.384
youtube_juggling_for_data_analysis_eh1I3SlZn48_075_090.mp4,276,4.604600,32,sports ball,0.686142,540.901,250.461,563.381,272.469,552.141,261.465,22.480,22.008
youtube_juggling_for_data_analysis_eh1I3SlZn48_075_090.mp4,276,4.604600,32,sports ball,0.507612,599.432,205.279,621.512,226.193,610.472,215.736,22.079,20.915
youtube_juggling_for_data_analysis_eh1I3SlZn48_075_090.mp4,276,4.604600,32,sports ball,0.469221,633.771,358.750,655.370,384.303,644.571,371.527,21.599,25.553
youtube_juggling_for_data_analysis_eh1I3SlZn48_075_090.mp4,276,4.604600,32,sports ball,0.441468,552.098,460.068,573.719,479.846,562.908,469.957,21.621,19.778
youtube_juggling_for_data_analysis_eh1I3SlZn48_075_090.mp4,276,4.604600,32,sports ball,0.416545,587.740,278.939,607.995,299.748,597.867,289.343,20.255,20.809
youtube_juggling_for_data_analysis_eh1I3SlZn48_075_090.mp4,276,4.604600,32,sports ball,0.331643,634.081,358.525,655.109,384.421,644.595,371.473,21.028,25.896
youtube_juggling_for_data_analysis_eh1I3SlZn48_075_090.mp4,277,4.621283,32,sports ball,0.766998,639.232,373.943,656.324,392.989,647.778,383.466,17.092,19.046
youtube_juggling_for_data_analysis_eh1I3SlZn48_075_090.mp4,277,4.621283,32,sports ball,0.732111,539.558,257.951,562.628,279.827,551.093,268.889,23.070,21.876
youtube_juggling_for_data_analysis_eh1I3SlZn48_075_090.mp4,277,4.621283,32,sports ball,0.646462,600.644,204.766,623.561,225.564,612.102,215.165,22.917,20.798
youtube_juggling_for_data_analysis_eh1I3SlZn48_075_090.mp4,277,4.621283,32,sports ball,0.566197,585.561,270.170,606.758,291.556,596.160,280.863,21.198,21.386
youtube_juggling_for_data_analysis_eh1I3SlZn48_075_090.mp4,277,4.621283,32,sports ball,0.320463,553.186,449.028,574.529,470.045,563.858,459.536,21.343,21.017
youtube_juggling_for_data_analysis_eh1I3SlZn48_075_090.mp4,278,4.637967,32,sports ball,0.584113,583.454,262.943,606.136,283.694,594.795,273.319,22.682,20.751
youtube_juggling_for_data_analysis_eh1I3SlZn48_075_090.mp4,278,4.637967,32,sports ball,0.464749,538.757,266.238,559.033,287.349,548.895,276.794,20.275,21.110
youtube_juggling_for_data_analysis_eh1I3SlZn48_075_090.mp4,278,4.637967,32,sports ball,0.451424,601.405,203.924,624.950,225.302,613.178,214.613,23.544,21.377
youtube_juggling_for_data_analysis_eh1I3SlZn48_075_090.mp4,278,4.637967,32,sports ball,0.357775,639.834,388.388,656.466,407.033,648.150,397.710,16.632,18.646
youtube_juggling_for_data_analysis_eh1I3SlZn48_075_090.mp4,278,4.637967,32,sports ball,0.356814,557.746,438.829,576.033,457.596,566.889,448.212,18.288,18.767
youtube_juggling_for_data_analysis_eh1I3SlZn48_075_090.mp4,279,4.654650,32,sports ball,0.641706,582.363,256.629,604.007,276.106,593.185,266.368,21.644,19.477
youtube_juggling_for_data_analysis_eh1I3SlZn48_075_090.mp4,279,4.654650,32,sports ball,0.480788,602.410,204.376,626.568,225.895,614.489,215.136,24.158,21.520
youtube_juggling_for_data_analysis_eh1I3SlZn48_075_090.mp4,279,4.654650,32,sports ball,0.327638,640.045,399.465,657.517,418.992,648.781,409.228,17.472,19.527
youtube_juggling_for_data_analysis_eh1I3SlZn48_075_090.mp4,279,4.654650,32,sports ball,0.281498,558.061,423.951,576.798,443.323,567.429,433.637,18.736,19.372
youtube_juggling_for_data_analysis_eh1I3SlZn48_075_090.mp4,279,4.654650,32,sports ball,0.271979,535.959,274.232,557.498,295.521,546.728,284.876,21.539,21.289
youtube_juggling_for_data_analysis_eh1I3SlZn48_075_090.mp4,279,4.654650,32,sports ball,0.172553,557.258,423.981,577.356,447.129,567.307,435.555,20.098,23.148
youtube_juggling_for_data_analysis_eh1I3SlZn48_075_090.mp4,280,4.671333,32,sports ball,0.757751,580.709,250.067,602.302,269.683,591.505,259.875,21.592,19.616
youtube_juggling_for_data_analysis_eh1I3SlZn48_075_090.mp4,280,4.671333,32,sports ball,0.704408,605.369,205.455,627.561,225.658,616.465,215.557,22.192,20.203
youtube_juggling_for_data_analysis_eh1I3SlZn48_075_090.mp4,280,4.671333,32,sports ball,0.683802,535.696,283.317,555.737,304.381,545.716,293.849,20.040,21.064
youtube_juggling_for_data_analysis_eh1I3SlZn48_075_090.mp4,280,4.671333,32,sports ball,0.550220,560.680,408.494,579.953,427.599,570.316,418.047,19.273,19.105
youtube_juggling_for_data_analysis_eh1I3SlZn48_075_090.mp4,280,4.671333,32,sports ball,0.392505,640.381,407.580,657.461,427.176,648.921,417.378,17.081,19.596
youtube_juggling_for_data_analysis_eh1I3SlZn48_075_090.mp4,281,4.688017,32,sports ball,0.741052,579.609,242.564,601.134,264.186,590.371,253.375,21.525,21.622
youtube_juggling_for_data_analysis_eh1I3SlZn48_075_090.mp4,281,4.688017,32,sports ball,0.729386,563.316,396.009,581.738,414.126,572.527,405.068,18.422,18.118
youtube_juggling_for_data_analysis_eh1I3SlZn48_075_090.mp4,281,4.688017,32,sports ball,0.647735,606.689,207.067,627.899,227.106,617.294,217.086,21.210,20.038
youtube_juggling_for_data_analysis_eh1I3SlZn48_075_090.mp4,281,4.688017,32,sports ball,0.590339,533.304,292.948,553.109,313.883,543.206,303.415,19.805,20.935
youtube_juggling_for_data_analysis_eh1I3SlZn48_075_090.mp4,281,4.688017,32,sports ball,0.463792,637.182,417.877,656.544,439.134,646.863,428.506,19.362,21.257
youtube_juggling_for_data_analysis_eh1I3SlZn48_075_090.mp4,281,4.688017,32,sports ball,0.203883,637.591,417.673,656.080,432.343,646.836,425.008,18.488,14.670
youtube_juggling_for_data_analysis_eh1I3SlZn48_075_090.mp4,282,4.704700,32,sports ball,0.678297,531.880,303.604,551.744,323.976,541.812,313.790,19.864,20.372
youtube_juggling_for_data_analysis_eh1I3SlZn48_075_090.mp4,282,4.704700,32,sports ball,0.665868,609.408,209.863,629.006,228.931,619.207,219.397,19.598,19.068
youtube_juggling_for_data_analysis_eh1I3SlZn48_075_090.mp4,282,4.704700,32,sports ball,0.505182,579.154,237.023,599.433,256.875,589.293,246.949,20.279,19.852
youtube_juggling_for_data_analysis_eh1I3SlZn48_075_090.mp4,282,4.704700,32,sports ball,0.418321,634.926,425.876,655.357,443.820,645.141,434.848,20.431,17.944
youtube_juggling_for_data_analysis_eh1I3SlZn48_075_090.mp4,282,4.704700,32,sports ball,0.414674,634.673,425.744,656.082,448.139,645.378,436.942,21.410,22.395
youtube_juggling_for_data_analysis_eh1I3SlZn48_075_090.mp4,283,4.721383,32,sports ball,0.590907,568.004,367.086,587.440,385.011,577.722,376.048,19.436,17.925
youtube_juggling_for_data_analysis_eh1I3SlZn48_075_090.mp4,283,4.721383,32,sports ball,0.535339,610.499,210.980,630.263,231.281,620.381,221.131,19.765,20.301
youtube_juggling_for_data_analysis_eh1I3SlZn48_075_090.mp4,283,4.721383,32,sports ball,0.372676,577.059,232.416,599.157,253.421,588.108,242.918,22.099,21.005
youtube_juggling_for_data_analysis_eh1I3SlZn48_075_090.mp4,283,4.721383,32,sports ball,0.242400,530.163,314.087,549.280,334.567,539.722,324.327,19.118,20.480
youtube_juggling_for_data_analysis_eh1I3SlZn48_075_090.mp4,284,4.738067,32,sports ball,0.740802,611.039,213.626,632.101,233.707,621.570,223.667,21.063,20.081
youtube_juggling_for_data_analysis_eh1I3SlZn48_075_090.mp4,284,4.738067,32,sports ball,0.737156,528.583,325.922,548.644,347.089,538.613,336.506,20.062,21.167
youtube_juggling_for_data_analysis_eh1I3SlZn48_075_090.mp4,284,4.738067,32,sports ball,0.702110,576.194,227.844,598.065,249.078,587.129,238.461,21.872,21.234
youtube_juggling_for_data_analysis_eh1I3SlZn48_075_090.mp4,284,4.738067,32,sports ball,0.453918,569.587,353.767,587.340,371.797,578.464,362.782,17.753,18.030
youtube_juggling_for_data_analysis_eh1I3SlZn48_075_090.mp4,284,4.738067,32,sports ball,0.441106,630.172,442.373,650.464,464.392,640.318,453.382,20.292,22.019
youtube_juggling_for_data_analysis_eh1I3SlZn48_075_090.mp4,285,4.754750,32,sports ball,0.770516,527.124,337.968,544.939,359.076,536.031,348.522,17.815,21.108
youtube_juggling_for_data_analysis_eh1I3SlZn48_075_090.mp4,285,4.754750,32,sports ball,0.716795,572.091,340.593,590.403,360.204,581.247,350.398,18.312,19.611
youtube_juggling_for_data_analysis_eh1I3SlZn48_075_090.mp4,285,4.754750,32,sports ball,0.667253,612.509,216.542,633.273,237.369,622.891,226.956,20.764,20.827
youtube_juggling_for_data_analysis_eh1I3SlZn48_075_090.mp4,285,4.754750,32,sports ball,0.654059,575.830,225.156,596.253,245.408,586.041,235.282,20.423,20.252
youtube_juggling_for_data_analysis_eh1I3SlZn48_075_090.mp4,286,4.771433,32,sports ball,0.737296,613.481,219.794,634.194,242.036,623.837,230.915,20.713,22.242
youtube_juggling_for_data_analysis_eh1I3SlZn48_075_090.mp4,286,4.771433,32,sports ball,0.685225,524.204,349.835,543.666,372.205,533.935,361.020,19.461,22.370
youtube_juggling_for_data_analysis_eh1I3SlZn48_075_090.mp4,286,4.771433,32,sports ball,0.673533,572.134,329.391,592.643,352.924,582.389,341.157,20.510,23.532
youtube_juggling_for_data_analysis_eh1I3SlZn48_075_090.mp4,286,4.771433,32,sports ball,0.375651,572.364,219.553,594.000,242.500,583.182,231.027,21.636,22.947
youtube_juggling_for_data_analysis_eh1I3SlZn48_075_090.mp4,287,4.788117,32,sports ball,0.816191,522.496,362.318,542.453,384.748,532.474,373.533,19.956,22.429
youtube_juggling_for_data_analysis_eh1I3SlZn48_075_090.mp4,287,4.788117,32,sports ball,0.788666,576.137,318.353,592.671,337.698,584.404,328.025,16.534,19.345
youtube_juggling_for_data_analysis_eh1I3SlZn48_075_090.mp4,287,4.788117,32,sports ball,0.716925,614.590,224.433,636.225,246.391,625.407,235.412,21.635,21.957
youtube_juggling_for_data_analysis_eh1I3SlZn48_075_090.mp4,287,4.788117,32,sports ball,0.586097,570.165,219.133,593.413,238.545,581.789,228.839,23.247,19.412
youtube_juggling_for_data_analysis_eh1I3SlZn48_075_090.mp4,288,4.804800,32,sports ball,0.749978,520.908,376.277,540.341,396.925,530.625,386.601,19.433,20.648
youtube_juggling_for_data_analysis_eh1I3SlZn48_075_090.mp4,288,4.804800,32,sports ball,0.701682,615.458,228.888,637.615,250.630,626.537,239.759,22.158,21.742
youtube_juggling_for_data_analysis_eh1I3SlZn48_075_090.mp4,288,4.804800,32,sports ball,0.619262,569.706,215.363,592.019,237.720,580.862,226.542,22.314,22.357
youtube_juggling_for_data_analysis_eh1I3SlZn48_075_090.mp4,288,4.804800,32,sports ball,0.513999,576.974,309.353,595.475,328.429,586.225,318.891,18.501,19.076
youtube_juggling_for_data_analysis_eh1I3SlZn48_075_090.mp4,288,4.804800,32,sports ball,0.195886,618.355,460.251,637.855,481.007,628.105,470.629,19.500,20.757
youtube_juggling_for_data_analysis_eh1I3SlZn48_075_090.mp4,289,4.821483,32,sports ball,0.701770,577.474,296.993,597.921,319.051,587.698,308.022,20.448,22.058
youtube_juggling_for_data_analysis_eh1I3SlZn48_075_090.mp4,289,4.821483,32,sports ball,0.696824,619.012,236.059,639.399,255.779,629.205,245.919,20.387,19.720
youtube_juggling_for_data_analysis_eh1I3SlZn48_075_090.mp4,289,4.821483,32,sports ball,0.487116,516.361,385.920,537.631,406.649,526.996,396.285,21.271,20.730
youtube_juggling_for_data_analysis_eh1I3SlZn48_075_090.mp4,289,4.821483,32,sports ball,0.182074,568.270,215.035,590.122,234.963,579.196,224.999,21.852,19.928
youtube_juggling_for_data_analysis_eh1I3SlZn48_075_090.mp4,290,4.838167,32,sports ball,0.589003,620.032,242.126,640.169,261.305,630.101,251.716,20.136,19.179
youtube_juggling_for_data_analysis_eh1I3SlZn48_075_090.mp4,290,4.838167,32,sports ball,0.458218,516.228,396.336,538.616,416.520,527.422,406.428,22.388,20.184
youtube_juggling_for_data_analysis_eh1I3SlZn48_075_090.mp4,290,4.838167,32,sports ball,0.404016,611.681,451.747,631.896,473.789,621.789,462.768,20.215,22.043
youtube_juggling_for_data_analysis_eh1I3SlZn48_075_090.mp4,290,4.838167,32,sports ball,0.309471,579.702,287.594,599.524,309.713,589.613,298.653,19.821,22.119
youtube_juggling_for_data_analysis_eh1I3SlZn48_075_090.mp4,290,4.838167,32,sports ball,0.255205,579.225,286.753,600.125,310.237,589.675,298.495,20.900,23.483
youtube_juggling_for_data_analysis_eh1I3SlZn48_075_090.mp4,290,4.838167,32,sports ball,0.161501,515.135,393.604,539.674,414.627,527.405,404.116,24.539,21.023
youtube_juggling_for_data_analysis_eh1I3SlZn48_075_090.mp4,290,4.838167,32,sports ball,0.158060,515.433,399.162,528.770,416.047,522.101,407.604,13.336,16.884
youtube_juggling_for_data_analysis_eh1I3SlZn48_075_090.mp4,290,4.838167,32,sports ball,0.155937,566.739,214.411,588.655,233.553,577.697,223.982,21.916,19.142
youtube_juggling_for_data_analysis_eh1I3SlZn48_075_090.mp4,291,4.854850,32,sports ball,0.662195,515.894,403.726,537.564,423.145,526.729,413.435,21.670,19.419
youtube_juggling_for_data_analysis_eh1I3SlZn48_075_090.mp4,291,4.854850,32,sports ball,0.636055,608.527,444.660,630.284,465.915,619.405,455.288,21.757,21.254
youtube_juggling_for_data_analysis_eh1I3SlZn48_075_090.mp4,291,4.854850,32,sports ball,0.547933,621.784,248.553,641.349,269.098,631.567,258.825,19.565,20.546
youtube_juggling_for_data_analysis_eh1I3SlZn48_075_090.mp4,291,4.854850,32,sports ball,0.474797,565.976,213.605,587.743,234.183,576.859,223.894,21.768,20.578
youtube_juggling_for_data_analysis_eh1I3SlZn48_075_090.mp4,291,4.854850,32,sports ball,0.439862,580.675,278.499,601.321,299.752,590.998,289.126,20.646,21.253
youtube_juggling_for_data_analysis_eh1I3SlZn48_075_090.mp4,292,4.871533,32,sports ball,0.636530,516.276,412.265,538.575,433.622,527.425,422.943,22.299,21.357
youtube_juggling_for_data_analysis_eh1I3SlZn48_075_090.mp4,292,4.871533,32,sports ball,0.586651,624.082,255.979,642.772,275.608,633.427,265.793,18.690,19.629
youtube_juggling_for_data_analysis_eh1I3SlZn48_075_090.mp4,292,4.871533,32,sports ball,0.513065,607.402,433.783,628.345,454.795,617.874,444.289,20.943,21.012
youtube_juggling_for_data_analysis_eh1I3SlZn48_075_090.mp4,292,4.871533,32,sports ball,0.289817,581.953,269.432,603.157,291.670,592.555,280.551,21.204,22.239
youtube_juggling_for_data_analysis_eh1I3SlZn48_075_090.mp4,292,4.871533,32,sports ball,0.212830,563.532,212.123,586.604,234.463,575.068,223.293,23.072,22.339
youtube_juggling_for_data_analysis_eh1I3SlZn48_075_090.mp4,293,4.888217,32,sports ball,0.720102,624.296,263.672,644.377,284.101,634.336,273.887,20.081,20.428
youtube_juggling_for_data_analysis_eh1I3SlZn48_075_090.mp4,293,4.888217,32,sports ball,0.682332,583.961,263.051,605.309,285.277,594.635,274.164,21.349,22.227
youtube_juggling_for_data_analysis_eh1I3SlZn48_075_090.mp4,293,4.888217,32,sports ball,0.516322,517.611,421.931,539.259,440.870,528.435,431.401,21.647,18.939
youtube_juggling_for_data_analysis_eh1I3SlZn48_075_090.mp4,293,4.888217,32,sports ball,0.455659,601.834,419.386,625.077,440.099,613.456,429.742,23.243,20.713
youtube_juggling_for_data_analysis_eh1I3SlZn48_075_090.mp4,293,4.888217,32,sports ball,0.407308,562.176,213.488,584.963,234.169,573.570,223.828,22.787,20.682
youtube_juggling_for_data_analysis_eh1I3SlZn48_075_090.mp4,294,4.904900,32,sports ball,0.797775,585.592,256.370,606.956,277.757,596.274,267.063,21.364,21.388
youtube_juggling_for_data_analysis_eh1I3SlZn48_075_090.mp4,294,4.904900,32,sports ball,0.738229,625.246,272.635,645.857,291.226,635.551,281.930,20.610,18.590
youtube_juggling_for_data_analysis_eh1I3SlZn48_075_090.mp4,294,4.904900,32,sports ball,0.494665,561.354,213.827,584.298,235.195,572.826,224.511,22.944,21.368
youtube_juggling_for_data_analysis_eh1I3SlZn48_075_090.mp4,294,4.904900,32,sports ball,0.481116,602.515,403.565,624.193,424.727,613.354,414.146,21.678,21.162
youtube_juggling_for_data_analysis_eh1I3SlZn48_075_090.mp4,294,4.904900,32,sports ball,0.156244,519.708,430.407,540.364,448.338,530.036,439.372,20.656,17.931
youtube_juggling_for_data_analysis_eh1I3SlZn48_075_090.mp4,295,4.921583,32,sports ball,0.852528,587.873,249.346,607.578,270.693,597.726,260.020,19.705,21.347
youtube_juggling_for_data_analysis_eh1I3SlZn48_075_090.mp4,295,4.921583,32,sports ball,0.817994,627.454,281.058,646.917,300.287,637.186,290.673,19.464,19.229
youtube_juggling_for_data_analysis_eh1I3SlZn48_075_090.mp4,295,4.921583,32,sports ball,0.678029,522.443,438.625,544.162,460.299,533.303,449.462,21.719,21.674
youtube_juggling_for_data_analysis_eh1I3SlZn48_075_090.mp4,295,4.921583,32,sports ball,0.662822,559.070,215.102,581.361,237.341,570.216,226.222,22.292,22.239
youtube_juggling_for_data_analysis_eh1I3SlZn48_075_090.mp4,295,4.921583,32,sports ball,0.625126,602.593,390.632,621.171,410.904,611.882,400.768,18.578,20.272
youtube_juggling_for_data_analysis_eh1I3SlZn48_075_090.mp4,296,4.938267,32,sports ball,0.842161,628.247,290.288,649.164,310.031,638.706,300.159,20.917,19.743
youtube_juggling_for_data_analysis_eh1I3SlZn48_075_090.mp4,296,4.938267,32,sports ball,0.781487,557.951,217.642,580.494,238.441,569.223,228.041,22.543,20.799
youtube_juggling_for_data_analysis_eh1I3SlZn48_075_090.mp4,296,4.938267,32,sports ball,0.730354,601.697,377.238,619.194,398.247,610.446,387.742,17.497,21.009
youtube_juggling_for_data_analysis_eh1I3SlZn48_075_090.mp4,296,4.938267,32,sports ball,0.633977,525.791,444.304,547.064,464.913,536.427,454.609,21.272,20.609
youtube_juggling_for_data_analysis_eh1I3SlZn48_075_090.mp4,296,4.938267,32,sports ball,0.619051,588.653,242.248,609.954,265.126,599.303,253.687,21.302,22.879
youtube_juggling_for_data_analysis_eh1I3SlZn48_075_090.mp4,297,4.954950,32,sports ball,0.789126,630.497,299.786,651.012,319.631,640.755,309.708,20.515,19.845
youtube_juggling_for_data_analysis_eh1I3SlZn48_075_090.mp4,297,4.954950,32,sports ball,0.468739,556.762,218.560,579.460,240.983,568.111,229.772,22.698,22.423
youtube_juggling_for_data_analysis_eh1I3SlZn48_075_090.mp4,297,4.954950,32,sports ball,0.404948,590.588,236.485,610.479,257.142,600.534,246.813,19.891,20.657
youtube_juggling_for_data_analysis_eh1I3SlZn48_075_090.mp4,297,4.954950,32,sports ball,0.218360,600.311,362.329,618.212,386.420,609.262,374.375,17.900,24.090
youtube_juggling_for_data_analysis_eh1I3SlZn48_075_090.mp4,297,4.954950,32,sports ball,0.191541,529.084,452.316,552.032,471.180,540.558,461.748,22.948,18.865
youtube_juggling_for_data_analysis_eh1I3SlZn48_075_090.mp4,298,4.971633,32,sports ball,0.532992,592.714,232.056,612.499,252.030,602.606,242.043,19.786,19.974
youtube_juggling_for_data_analysis_eh1I3SlZn48_075_090.mp4,298,4.971633,32,sports ball,0.353250,555.390,223.273,576.090,244.896,565.740,234.085,20.699,21.623
youtube_juggling_for_data_analysis_eh1I3SlZn48_075_090.mp4,298,4.971633,32,sports ball,0.198549,632.374,307.866,652.074,331.375,642.224,319.620,19.700,23.510
youtube_juggling_for_data_analysis_eh1I3SlZn48_075_090.mp4,299,4.988317,32,sports ball,0.746510,633.590,321.768,653.146,341.755,643.368,331.762,19.556,19.987
youtube_juggling_for_data_analysis_eh1I3SlZn48_075_090.mp4,299,4.988317,32,sports ball,0.643049,553.438,227.398,574.624,248.298,564.031,237.848,21.186,20.900
youtube_juggling_for_data_analysis_eh1I3SlZn48_075_090.mp4,299,4.988317,32,sports ball,0.609619,593.958,226.714,614.595,248.071,604.277,237.393,20.637,21.357
youtube_juggling_for_data_analysis_eh1I3SlZn48_075_090.mp4,299,4.988317,32,sports ball,0.418794,536.332,459.021,558.325,480.608,547.329,469.815,21.993,21.587
youtube_juggling_for_data_analysis_eh1I3SlZn48_075_090.mp4,300,5.005000,32,sports ball,0.743787,635.137,332.874,654.767,352.238,644.952,342.556,19.630,19.364
youtube_juggling_for_data_analysis_eh1I3SlZn48_075_090.mp4,300,5.005000,32,sports ball,0.597470,594.029,223.056,615.810,244.550,604.919,233.803,21.781,21.494
youtube_juggling_for_data_analysis_eh1I3SlZn48_075_090.mp4,300,5.005000,32,sports ball,0.531622,552.308,231.896,573.031,251.831,562.670,241.863,20.723,19.935
youtube_juggling_for_data_analysis_eh1I3SlZn48_075_090.mp4,300,5.005000,32,sports ball,0.531260,594.336,322.459,613.320,342.085,603.828,332.272,18.985,19.626
youtube_juggling_for_data_analysis_eh1I3SlZn48_075_090.mp4,301,5.021683,32,sports ball,0.706590,595.393,218.899,616.790,240.031,606.092,229.465,21.397,21.133
youtube_juggling_for_data_analysis_eh1I3SlZn48_075_090.mp4,301,5.021683,32,sports ball,0.688101,550.676,236.116,571.138,255.558,560.907,245.837,20.463,19.443
youtube_juggling_for_data_analysis_eh1I3SlZn48_075_090.mp4,301,5.021683,32,sports ball,0.595985,638.143,344.087,656.004,366.097,647.073,355.092,17.861,22.010
youtube_juggling_for_data_analysis_eh1I3SlZn48_075_090.mp4,301,5.021683,32,sports ball,0.571263,592.560,311.996,611.955,331.830,602.257,321.913,19.396,19.834
youtube_juggling_for_data_analysis_eh1I3SlZn48_075_090.mp4,302,5.038367,32,sports ball,0.797386,639.015,358.405,659.028,377.648,649.022,368.027,20.013,19.243
youtube_juggling_for_data_analysis_eh1I3SlZn48_075_090.mp4,302,5.038367,32,sports ball,0.733894,597.656,214.500,619.978,238.321,608.817,226.410,22.321,23.822
youtube_juggling_for_data_analysis_eh1I3SlZn48_075_090.mp4,302,5.038367,32,sports ball,0.636963,548.773,242.155,569.957,262.937,559.365,252.546,21.183,20.781
youtube_juggling_for_data_analysis_eh1I3SlZn48_075_090.mp4,302,5.038367,32,sports ball,0.527795,590.019,300.685,610.739,321.690,600.379,311.188,20.720,21.005
youtube_juggling_for_data_analysis_eh1I3SlZn48_075_090.mp4,303,5.055050,32,sports ball,0.699137,640.544,370.955,659.558,385.688,650.051,378.321,19.014,14.733
youtube_juggling_for_data_analysis_eh1I3SlZn48_075_090.mp4,303,5.055050,32,sports ball,0.556888,546.587,246.313,568.366,268.980,557.476,257.646,21.779,22.667
youtube_juggling_for_data_analysis_eh1I3SlZn48_075_090.mp4,303,5.055050,32,sports ball,0.513354,589.578,290.733,610.116,312.287,599.847,301.510,20.537,21.554
youtube_juggling_for_data_analysis_eh1I3SlZn48_075_090.mp4,303,5.055050,32,sports ball,0.465909,599.054,214.229,620.616,235.247,609.835,224.738,21.561,21.018
youtube_juggling_for_data_analysis_eh1I3SlZn48_075_090.mp4,303,5.055050,32,sports ball,0.260295,598.085,212.738,621.648,235.997,609.866,224.368,23.563,23.259
youtube_juggling_for_data_analysis_eh1I3SlZn48_075_090.mp4,304,5.071733,32,sports ball,0.628479,641.324,380.182,661.884,400.591,651.604,390.387,20.560,20.409
youtube_juggling_for_data_analysis_eh1I3SlZn48_075_090.mp4,304,5.071733,32,sports ball,0.468120,545.940,254.347,567.160,275.062,556.550,264.705,21.220,20.715
youtube_juggling_for_data_analysis_eh1I3SlZn48_075_090.mp4,304,5.071733,32,sports ball,0.423503,641.577,380.998,659.680,399.674,650.629,390.336,18.102,18.677
youtube_juggling_for_data_analysis_eh1I3SlZn48_075_090.mp4,304,5.071733,32,sports ball,0.316691,552.190,445.925,573.923,471.507,563.056,458.716,21.732,25.582
youtube_juggling_for_data_analysis_eh1I3SlZn48_075_090.mp4,304,5.071733,32,sports ball,0.314810,587.637,281.084,608.315,302.604,597.976,291.844,20.678,21.520
youtube_juggling_for_data_analysis_eh1I3SlZn48_075_090.mp4,304,5.071733,32,sports ball,0.308561,600.007,210.265,622.175,232.975,611.091,221.620,22.168,22.710
youtube_juggling_for_data_analysis_eh1I3SlZn48_075_090.mp4,305,5.088417,32,sports ball,0.769763,545.134,261.235,564.813,282.191,554.974,271.713,19.679,20.956
youtube_juggling_for_data_analysis_eh1I3SlZn48_075_090.mp4,305,5.088417,32,sports ball,0.640818,601.836,210.676,624.258,230.596,613.047,220.636,22.422,19.920
youtube_juggling_for_data_analysis_eh1I3SlZn48_075_090.mp4,305,5.088417,32,sports ball,0.570468,584.812,271.223,607.249,292.869,596.031,282.046,22.437,21.647
youtube_juggling_for_data_analysis_eh1I3SlZn48_075_090.mp4,305,5.088417,32,sports ball,0.448510,641.745,389.483,661.376,410.654,651.561,400.069,19.631,21.171
youtube_juggling_for_data_analysis_eh1I3SlZn48_075_090.mp4,305,5.088417,32,sports ball,0.251894,556.660,440.159,575.836,459.780,566.248,449.969,19.176,19.620
youtube_juggling_for_data_analysis_eh1I3SlZn48_075_090.mp4,305,5.088417,32,sports ball,0.179518,641.597,389.960,660.176,410.805,650.887,400.382,18.579,20.846
youtube_juggling_for_data_analysis_eh1I3SlZn48_075_090.mp4,306,5.105100,32,sports ball,0.632458,602.419,209.525,625.839,229.872,614.129,219.699,23.420,20.347
youtube_juggling_for_data_analysis_eh1I3SlZn48_075_090.mp4,306,5.105100,32,sports ball,0.618834,542.420,269.111,563.155,290.447,552.788,279.779,20.735,21.336
youtube_juggling_for_data_analysis_eh1I3SlZn48_075_090.mp4,306,5.105100,32,sports ball,0.500423,583.819,261.886,606.531,284.038,595.175,272.962,22.712,22.152
youtube_juggling_for_data_analysis_eh1I3SlZn48_075_090.mp4,307,5.121783,32,sports ball,0.564995,560.383,410.933,580.863,432.134,570.623,421.533,20.480,21.201
youtube_juggling_for_data_analysis_eh1I3SlZn48_075_090.mp4,307,5.121783,32,sports ball,0.515442,539.670,276.922,561.424,299.186,550.547,288.054,21.753,22.264
youtube_juggling_for_data_analysis_eh1I3SlZn48_075_090.mp4,307,5.121783,32,sports ball,0.487471,582.352,254.193,604.867,275.483,593.610,264.838,22.515,21.290
youtube_juggling_for_data_analysis_eh1I3SlZn48_075_090.mp4,307,5.121783,32,sports ball,0.443114,605.753,209.161,625.651,229.235,615.702,219.198,19.897,20.075
youtube_juggling_for_data_analysis_eh1I3SlZn48_075_090.mp4,307,5.121783,32,sports ball,0.174719,641.582,407.548,660.357,425.411,650.970,416.480,18.775,17.863
youtube_juggling_for_data_analysis_eh1I3SlZn48_075_090.mp4,308,5.138467,32,sports ball,0.514330,581.491,246.120,602.616,267.930,592.053,257.025,21.125,21.809
youtube_juggling_for_data_analysis_eh1I3SlZn48_075_090.mp4,308,5.138467,32,sports ball,0.500932,561.782,397.869,583.517,416.447,572.650,407.158,21.735,18.578
youtube_juggling_for_data_analysis_eh1I3SlZn48_075_090.mp4,308,5.138467,32,sports ball,0.492367,606.414,209.011,628.932,229.581,617.673,219.296,22.518,20.569
youtube_juggling_for_data_analysis_eh1I3SlZn48_075_090.mp4,308,5.138467,32,sports ball,0.488877,538.293,285.607,560.083,308.081,549.188,296.844,21.790,22.474
youtube_juggling_for_data_analysis_eh1I3SlZn48_075_090.mp4,308,5.138467,32,sports ball,0.419438,640.300,417.400,657.931,435.712,649.115,426.556,17.631,18.312
youtube_juggling_for_data_analysis_eh1I3SlZn48_075_090.mp4,309,5.155150,32,sports ball,0.368425,608.978,209.873,630.087,230.712,619.532,220.292,21.109,20.839
youtube_juggling_for_data_analysis_eh1I3SlZn48_075_090.mp4,309,5.155150,32,sports ball,0.322539,565.398,384.593,584.353,401.588,574.875,393.091,18.956,16.994
youtube_juggling_for_data_analysis_eh1I3SlZn48_075_090.mp4,309,5.155150,32,sports ball,0.302230,636.601,425.122,655.896,442.114,646.248,433.618,19.295,16.992
youtube_juggling_for_data_analysis_eh1I3SlZn48_075_090.mp4,309,5.155150,32,sports ball,0.281302,536.128,294.864,557.553,317.522,546.841,306.193,21.426,22.658
youtube_juggling_for_data_analysis_eh1I3SlZn48_075_090.mp4,309,5.155150,32,sports ball,0.244658,579.725,239.118,601.764,260.356,590.745,249.737,22.039,21.238
youtube_juggling_for_data_analysis_eh1I3SlZn48_075_090.mp4,310,5.171833,32,sports ball,0.357663,610.730,210.733,631.774,231.926,621.252,221.330,21.043,21.193
youtube_juggling_for_data_analysis_eh1I3SlZn48_075_090.mp4,310,5.171833,32,sports ball,0.356771,535.798,305.620,556.370,327.042,546.084,316.331,20.572,21.422
youtube_juggling_for_data_analysis_eh1I3SlZn48_075_090.mp4,311,5.188517,32,sports ball,0.720914,568.292,354.211,586.747,376.037,577.520,365.124,18.455,21.826
youtube_juggling_for_data_analysis_eh1I3SlZn48_075_090.mp4,311,5.188517,32,sports ball,0.542817,611.422,212.966,633.420,233.572,622.421,223.269,21.998,20.606
youtube_juggling_for_data_analysis_eh1I3SlZn48_075_090.mp4,311,5.188517,32,sports ball,0.507372,534.331,315.979,553.785,336.691,544.058,326.335,19.455,20.711
youtube_juggling_for_data_analysis_eh1I3SlZn48_075_090.mp4,311,5.188517,32,sports ball,0.368497,577.679,226.193,598.789,247.929,588.234,237.061,21.111,21.735
youtube_juggling_for_data_analysis_eh1I3SlZn48_075_090.mp4,312,5.205200,32,sports ball,0.543802,614.045,215.370,634.393,237.172,624.219,226.271,20.348,21.802
youtube_juggling_for_data_analysis_eh1I3SlZn48_075_090.mp4,312,5.205200,32,sports ball,0.508809,531.643,327.251,553.070,350.270,542.356,338.760,21.428,23.018
youtube_juggling_for_data_analysis_eh1I3SlZn48_075_090.mp4,312,5.205200,32,sports ball,0.507790,569.741,342.199,586.657,360.717,578.199,351.458,16.917,18.517
youtube_juggling_for_data_analysis_eh1I3SlZn48_075_090.mp4,312,5.205200,32,sports ball,0.253954,576.109,220.141,597.341,242.583,586.725,231.362,21.232,22.442
youtube_juggling_for_data_analysis_eh1I3SlZn48_075_090.mp4,313,5.221883,32,sports ball,0.639033,615.715,218.660,637.002,239.184,626.359,228.922,21.287,20.524
youtube_juggling_for_data_analysis_eh1I3SlZn48_075_090.mp4,313,5.221883,32,sports ball,0.619648,571.391,330.089,592.939,351.454,582.165,340.772,21.548,21.366
youtube_juggling_for_data_analysis_eh1I3SlZn48_075_090.mp4,313,5.221883,32,sports ball,0.485153,530.516,339.294,552.002,361.999,541.259,350.646,21.486,22.705
youtube_juggling_for_data_analysis_eh1I3SlZn48_075_090.mp4,314,5.238567,32,sports ball,0.696766,530.197,352.899,548.891,375.101,539.544,364.000,18.694,22.201
youtube_juggling_for_data_analysis_eh1I3SlZn48_075_090.mp4,314,5.238567,32,sports ball,0.595918,572.875,318.117,592.565,338.824,582.720,328.471,19.690,20.707
youtube_juggling_for_data_analysis_eh1I3SlZn48_075_090.mp4,314,5.238567,32,sports ball,0.286123,616.789,222.134,637.351,243.791,627.070,232.963,20.562,21.656
youtube_juggling_for_data_analysis_eh1I3SlZn48_075_090.mp4,315,5.255250,32,sports ball,0.755438,576.290,307.583,593.635,328.906,584.962,318.245,17.344,21.323
youtube_juggling_for_data_analysis_eh1I3SlZn48_075_090.mp4,315,5.255250,32,sports ball,0.633718,527.943,365.117,546.957,384.545,537.450,374.831,19.014,19.428
youtube_juggling_for_data_analysis_eh1I3SlZn48_075_090.mp4,315,5.255250,32,sports ball,0.618548,618.667,225.234,639.226,248.496,628.947,236.865,20.558,23.262
youtube_juggling_for_data_analysis_eh1I3SlZn48_075_090.mp4,315,5.255250,32,sports ball,0.193841,571.094,207.547,592.939,229.504,582.017,218.526,21.845,21.957
youtube_juggling_for_data_analysis_eh1I3SlZn48_075_090.mp4,316,5.271933,32,sports ball,0.599324,526.354,377.143,544.161,394.503,535.258,385.823,17.807,17.360
youtube_juggling_for_data_analysis_eh1I3SlZn48_075_090.mp4,316,5.271933,32,sports ball,0.523962,577.050,296.834,597.460,318.680,587.255,307.757,20.410,21.846
youtube_juggling_for_data_analysis_eh1I3SlZn48_075_090.mp4,316,5.271933,32,sports ball,0.426234,620.786,230.232,640.131,251.136,630.459,240.684,19.346,20.904
youtube_juggling_for_data_analysis_eh1I3SlZn48_075_090.mp4,316,5.271933,32,sports ball,0.191252,570.825,205.116,592.208,225.623,581.516,215.369,21.383,20.507
youtube_juggling_for_data_analysis_eh1I3SlZn48_075_090.mp4,317,5.288617,32,sports ball,0.498110,522.573,386.705,543.031,407.658,532.802,397.181,20.458,20.953
youtube_juggling_for_data_analysis_eh1I3SlZn48_075_090.mp4,317,5.288617,32,sports ball,0.477725,621.880,235.148,640.340,256.580,631.110,245.864,18.460,21.433
youtube_juggling_for_data_analysis_eh1I3SlZn48_075_090.mp4,317,5.288617,32,sports ball,0.429503,577.832,287.091,598.171,308.970,588.002,298.031,20.339,21.879
youtube_juggling_for_data_analysis_eh1I3SlZn48_075_090.mp4,317,5.288617,32,sports ball,0.196472,577.864,286.815,598.709,309.610,588.287,298.212,20.845,22.795
youtube_juggling_for_data_analysis_eh1I3SlZn48_075_090.mp4,318,5.305300,32,sports ball,0.715337,623.895,241.716,642.551,261.679,633.223,251.698,18.656,19.963
youtube_juggling_for_data_analysis_eh1I3SlZn48_075_090.mp4,318,5.305300,32,sports ball,0.512999,522.277,397.387,543.556,417.542,532.916,407.464,21.279,20.155
youtube_juggling_for_data_analysis_eh1I3SlZn48_075_090.mp4,318,5.305300,32,sports ball,0.512811,567.503,201.043,588.993,221.550,578.248,211.296,21.490,20.507
youtube_juggling_for_data_analysis_eh1I3SlZn48_075_090.mp4,318,5.305300,32,sports ball,0.413506,610.977,444.836,631.250,465.908,621.114,455.372,20.273,21.073
youtube_juggling_for_data_analysis_eh1I3SlZn48_075_090.mp4,318,5.305300,32,sports ball,0.361057,580.333,279.108,598.880,298.144,589.606,288.626,18.547,19.036
youtube_juggling_for_data_analysis_eh1I3SlZn48_075_090.mp4,318,5.305300,32,sports ball,0.228785,523.105,397.044,543.772,419.357,533.439,408.200,20.667,22.313
youtube_juggling_for_data_analysis_eh1I3SlZn48_075_090.mp4,319,5.321983,32,sports ball,0.753306,624.577,247.175,643.864,269.084,634.220,258.130,19.288,21.909
youtube_juggling_for_data_analysis_eh1I3SlZn48_075_090.mp4,319,5.321983,32,sports ball,0.624295,609.056,435.009,629.827,455.718,619.442,445.364,20.771,20.709
youtube_juggling_for_data_analysis_eh1I3SlZn48_075_090.mp4,319,5.321983,32,sports ball,0.614282,566.263,198.062,588.288,218.806,577.276,208.434,22.025,20.744
youtube_juggling_for_data_analysis_eh1I3SlZn48_075_090.mp4,319,5.321983,32,sports ball,0.602045,521.365,402.339,543.611,423.581,532.488,412.960,22.247,21.242
youtube_juggling_for_data_analysis_eh1I3SlZn48_075_090.mp4,319,5.321983,32,sports ball,0.551430,580.983,269.518,600.260,288.673,590.621,279.096,19.277,19.155
youtube_juggling_for_data_analysis_eh1I3SlZn48_075_090.mp4,319,5.321983,32,sports ball,0.284665,522.316,405.118,543.561,424.355,532.938,414.736,21.245,19.237
youtube_juggling_for_data_analysis_eh1I3SlZn48_075_090.mp4,320,5.338667,32,sports ball,0.664813,565.051,196.502,585.982,217.040,575.516,206.771,20.931,20.538
youtube_juggling_for_data_analysis_eh1I3SlZn48_075_090.mp4,320,5.338667,32,sports ball,0.539822,625.492,254.650,647.214,275.942,636.353,265.296,21.722,21.292
youtube_juggling_for_data_analysis_eh1I3SlZn48_075_090.mp4,320,5.338667,32,sports ball,0.466110,582.165,260.837,603.624,280.528,592.894,270.682,21.459,19.691
youtube_juggling_for_data_analysis_eh1I3SlZn48_075_090.mp4,320,5.338667,32,sports ball,0.370872,520.732,412.191,543.802,434.637,532.267,423.414,23.070,22.446
youtube_juggling_for_data_analysis_eh1I3SlZn48_075_090.mp4,321,5.355350,32,sports ball,0.554512,583.317,253.719,605.140,272.913,594.229,263.316,21.823,19.193
youtube_juggling_for_data_analysis_eh1I3SlZn48_075_090.mp4,321,5.355350,32,sports ball,0.541419,562.348,195.531,584.923,216.639,573.636,206.085,22.575,21.109
youtube_juggling_for_data_analysis_eh1I3SlZn48_075_090.mp4,321,5.355350,32,sports ball,0.473380,627.912,261.540,649.330,281.303,638.621,271.421,21.418,19.763
youtube_juggling_for_data_analysis_eh1I3SlZn48_075_090.mp4,321,5.355350,32,sports ball,0.451367,525.221,422.203,544.283,441.200,534.752,431.701,19.062,18.996
youtube_juggling_for_data_analysis_eh1I3SlZn48_075_090.mp4,321,5.355350,32,sports ball,0.269642,606.616,407.820,625.909,428.553,616.263,418.187,19.293,20.733
youtube_juggling_for_data_analysis_eh1I3SlZn48_075_090.mp4,322,5.372033,32,sports ball,0.521456,561.800,194.978,584.339,216.562,573.069,205.770,22.539,21.584
youtube_juggling_for_data_analysis_eh1I3SlZn48_075_090.mp4,322,5.372033,32,sports ball,0.468495,584.839,246.356,606.457,266.739,595.648,256.548,21.618,20.383
youtube_juggling_for_data_analysis_eh1I3SlZn48_075_090.mp4,322,5.372033,32,sports ball,0.268164,524.602,428.275,545.022,446.360,534.812,437.317,20.420,18.086
youtube_juggling_for_data_analysis_eh1I3SlZn48_075_090.mp4,322,5.372033,32,sports ball,0.223059,629.620,268.406,651.166,288.813,640.393,278.609,21.545,20.408
youtube_juggling_for_data_analysis_eh1I3SlZn48_075_090.mp4,323,5.388717,32,sports ball,0.812804,602.571,378.717,622.788,397.578,612.680,388.148,20.217,18.861
youtube_juggling_for_data_analysis_eh1I3SlZn48_075_090.mp4,323,5.388717,32,sports ball,0.705344,559.946,195.971,580.988,216.715,570.467,206.343,21.043,20.744
youtube_juggling_for_data_analysis_eh1I3SlZn48_075_090.mp4,323,5.388717,32,sports ball,0.663769,630.432,277.448,651.757,300.083,641.094,288.766,21.325,22.635
youtube_juggling_for_data_analysis_eh1I3SlZn48_075_090.mp4,323,5.388717,32,sports ball,0.654258,586.654,240.264,606.995,260.753,596.825,250.508,20.341,20.489
youtube_juggling_for_data_analysis_eh1I3SlZn48_075_090.mp4,323,5.388717,32,sports ball,0.232089,526.963,434.599,546.298,452.683,536.631,443.641,19.335,18.083
youtube_juggling_for_data_analysis_eh1I3SlZn48_075_090.mp4,323,5.388717,32,sports ball,0.231661,526.466,434.673,546.817,460.466,536.642,447.569,20.351,25.793
youtube_juggling_for_data_analysis_eh1I3SlZn48_075_090.mp4,324,5.405400,32,sports ball,0.641443,588.046,234.016,608.396,255.314,598.221,244.665,20.350,21.298
youtube_juggling_for_data_analysis_eh1I3SlZn48_075_090.mp4,324,5.405400,32,sports ball,0.595299,558.749,197.053,580.208,217.421,569.479,207.237,21.460,20.368
youtube_juggling_for_data_analysis_eh1I3SlZn48_075_090.mp4,324,5.405400,32,sports ball,0.368479,632.218,286.316,653.662,309.971,642.940,298.144,21.445,23.655
youtube_juggling_for_data_analysis_eh1I3SlZn48_075_090.mp4,325,5.422083,32,sports ball,0.712256,588.894,228.055,609.437,249.553,599.166,238.804,20.544,21.498
youtube_juggling_for_data_analysis_eh1I3SlZn48_075_090.mp4,325,5.422083,32,sports ball,0.590732,632.729,294.798,654.361,318.734,643.545,306.766,21.632,23.936
youtube_juggling_for_data_analysis_eh1I3SlZn48_075_090.mp4,325,5.422083,32,sports ball,0.582258,557.727,197.918,579.216,219.884,568.472,208.901,21.489,21.966
youtube_juggling_for_data_analysis_eh1I3SlZn48_075_090.mp4,326,5.438767,32,sports ball,0.351024,591.538,223.865,611.077,244.867,601.308,234.366,19.539,21.002
youtube_juggling_for_data_analysis_eh1I3SlZn48_075_090.mp4,326,5.438767,32,sports ball,0.246731,634.710,306.420,655.447,329.126,645.079,317.773,20.737,22.706
youtube_juggling_for_data_analysis_eh1I3SlZn48_075_090.mp4,327,5.455450,32,sports ball,0.604851,637.023,317.371,658.400,340.228,647.712,328.799,21.377,22.857
youtube_juggling_for_data_analysis_eh1I3SlZn48_075_090.mp4,327,5.455450,32,sports ball,0.565454,592.576,219.538,613.532,239.775,603.054,229.656,20.957,20.238
youtube_juggling_for_data_analysis_eh1I3SlZn48_075_090.mp4,327,5.455450,32,sports ball,0.382654,553.802,203.302,574.599,224.408,564.201,213.855,20.797,21.106
youtube_juggling_for_data_analysis_eh1I3SlZn48_075_090.mp4,327,5.455450,32,sports ball,0.318325,536.932,462.686,557.874,482.277,547.403,472.481,20.942,19.590
youtube_juggling_for_data_analysis_eh1I3SlZn48_075_090.mp4,327,5.455450,32,sports ball,0.272155,599.435,328.049,617.146,344.951,608.291,336.500,17.711,16.902
youtube_juggling_for_data_analysis_eh1I3SlZn48_075_090.mp4,328,5.472133,32,sports ball,0.771626,639.552,329.892,659.042,352.479,649.297,341.185,19.490,22.587
youtube_juggling_for_data_analysis_eh1I3SlZn48_075_090.mp4,328,5.472133,32,sports ball,0.344700,552.677,206.413,573.702,226.486,563.190,216.449,21.025,20.072
youtube_juggling_for_data_analysis_eh1I3SlZn48_075_090.mp4,328,5.472133,32,sports ball,0.230586,595.891,314.181,615.104,335.792,605.497,324.986,19.212,21.610
youtube_juggling_for_data_analysis_eh1I3SlZn48_075_090.mp4,329,5.488817,32,sports ball,0.658614,641.039,341.137,659.150,363.738,650.095,352.438,18.111,22.602
youtube_juggling_for_data_analysis_eh1I3SlZn48_075_090.mp4,329,5.488817,32,sports ball,0.292430,550.218,209.772,572.518,229.620,561.368,219.696,22.300,19.849
youtube_juggling_for_data_analysis_eh1I3SlZn48_075_090.mp4,329,5.488817,32,sports ball,0.241020,641.240,341.252,659.154,362.893,650.197,352.073,17.914,21.641
youtube_juggling_for_data_analysis_eh1I3SlZn48_075_090.mp4,329,5.488817,32,sports ball,0.239476,594.742,305.081,614.651,321.999,604.697,313.540,19.909,16.917
youtube_juggling_for_data_analysis_eh1I3SlZn48_075_090.mp4,330,5.505500,32,sports ball,0.699335,642.266,353.691,662.291,376.027,652.279,364.859,20.025,22.336
youtube_juggling_for_data_analysis_eh1I3SlZn48_075_090.mp4,330,5.505500,32,sports ball,0.528561,593.570,295.008,613.878,314.958,603.724,304.983,20.307,19.950
youtube_juggling_for_data_analysis_eh1I3SlZn48_075_090.mp4,330,5.505500,32,sports ball,0.356944,548.965,213.823,571.124,234.313,560.044,224.068,22.159,20.490
youtube_juggling_for_data_analysis_eh1I3SlZn48_075_090.mp4,330,5.505500,32,sports ball,0.265234,597.119,210.377,618.711,230.598,607.915,220.488,21.592,20.221
youtube_juggling_for_data_analysis_eh1I3SlZn48_075_090.mp4,331,5.522183,32,sports ball,0.703689,643.514,367.392,662.427,385.968,652.970,376.680,18.913,18.576
youtube_juggling_for_data_analysis_eh1I3SlZn48_075_090.mp4,331,5.522183,32,sports ball,0.614422,547.647,218.848,568.590,238.533,558.119,228.691,20.943,19.684
youtube_juggling_for_data_analysis_eh1I3SlZn48_075_090.mp4,331,5.522183,32,sports ball,0.570384,597.974,207.867,619.287,227.941,608.630,217.904,21.313,20.074
youtube_juggling_for_data_analysis_eh1I3SlZn48_075_090.mp4,331,5.522183,32,sports ball,0.374805,592.286,285.174,612.448,306.449,602.367,295.812,20.162,21.275
youtube_juggling_for_data_analysis_eh1I3SlZn48_075_090.mp4,332,5.538867,32,sports ball,0.506704,545.529,224.170,567.046,244.244,556.288,234.207,21.517,20.074
youtube_juggling_for_data_analysis_eh1I3SlZn48_075_090.mp4,332,5.538867,32,sports ball,0.408654,599.318,205.608,621.170,225.856,610.244,215.732,21.852,20.248
youtube_juggling_for_data_analysis_eh1I3SlZn48_075_090.mp4,332,5.538867,32,sports ball,0.290354,646.010,378.109,665.542,398.232,655.776,388.171,19.532,20.124
youtube_juggling_for_data_analysis_eh1I3SlZn48_075_090.mp4,332,5.538867,32,sports ball,0.201277,590.831,274.786,611.583,297.724,601.207,286.255,20.752,22.939
youtube_juggling_for_data_analysis_eh1I3SlZn48_075_090.mp4,333,5.555550,32,sports ball,0.553574,600.913,205.284,622.740,225.383,611.826,215.334,21.826,20.099
youtube_juggling_for_data_analysis_eh1I3SlZn48_075_090.mp4,333,5.555550,32,sports ball,0.540896,545.218,228.909,565.962,250.097,555.590,239.503,20.744,21.188
youtube_juggling_for_data_analysis_eh1I3SlZn48_075_090.mp4,333,5.555550,32,sports ball,0.256167,589.689,266.602,610.458,289.389,600.074,277.996,20.769,22.787
youtube_juggling_for_data_analysis_eh1I3SlZn48_075_090.mp4,334,5.572233,32,sports ball,0.538525,601.409,205.002,624.183,224.985,612.796,214.994,22.774,19.982
youtube_juggling_for_data_analysis_eh1I3SlZn48_075_090.mp4,334,5.572233,32,sports ball,0.443590,589.116,259.135,609.559,279.932,599.337,269.534,20.443,20.797
youtube_juggling_for_data_analysis_eh1I3SlZn48_075_090.mp4,334,5.572233,32,sports ball,0.367043,544.383,235.924,563.701,257.022,554.042,246.473,19.318,21.098
youtube_juggling_for_data_analysis_eh1I3SlZn48_075_090.mp4,334,5.572233,32,sports ball,0.212200,647.751,397.183,665.510,415.852,656.630,406.518,17.759,18.670
youtube_juggling_for_data_analysis_eh1I3SlZn48_075_090.mp4,334,5.572233,32,sports ball,0.211047,544.225,235.424,563.802,257.030,554.013,246.227,19.577,21.607
youtube_juggling_for_data_analysis_eh1I3SlZn48_075_090.mp4,335,5.588917,32,sports ball,0.580865,602.900,204.633,625.302,225.211,614.101,214.922,22.402,20.578
youtube_juggling_for_data_analysis_eh1I3SlZn48_075_090.mp4,335,5.588917,32,sports ball,0.576533,588.182,251.573,608.048,272.943,598.115,262.258,19.866,21.369
youtube_juggling_for_data_analysis_eh1I3SlZn48_075_090.mp4,335,5.588917,32,sports ball,0.546308,540.900,241.732,562.766,263.786,551.833,252.759,21.866,22.054
youtube_juggling_for_data_analysis_eh1I3SlZn48_075_090.mp4,335,5.588917,32,sports ball,0.214265,647.930,405.729,665.273,426.567,656.601,416.148,17.343,20.838
youtube_juggling_for_data_analysis_eh1I3SlZn48_075_090.mp4,336,5.605600,32,sports ball,0.667959,605.177,205.181,626.992,225.362,616.084,215.272,21.815,20.181
youtube_juggling_for_data_analysis_eh1I3SlZn48_075_090.mp4,336,5.605600,32,sports ball,0.517690,539.739,249.416,561.720,270.752,550.729,260.084,21.981,21.337
youtube_juggling_for_data_analysis_eh1I3SlZn48_075_090.mp4,336,5.605600,32,sports ball,0.440474,586.152,245.053,606.968,266.788,596.560,255.920,20.817,21.736
youtube_juggling_for_data_analysis_eh1I3SlZn48_075_090.mp4,337,5.622283,32,sports ball,0.825532,607.648,205.671,628.459,225.815,618.053,215.743,20.811,20.144
youtube_juggling_for_data_analysis_eh1I3SlZn48_075_090.mp4,337,5.622283,32,sports ball,0.754851,584.898,238.354,605.379,256.854,595.138,247.604,20.482,18.500
youtube_juggling_for_data_analysis_eh1I3SlZn48_075_090.mp4,337,5.622283,32,sports ball,0.701720,537.837,257.466,559.625,279.169,548.731,268.318,21.788,21.703
youtube_juggling_for_data_analysis_eh1I3SlZn48_075_090.mp4,337,5.622283,32,sports ball,0.291128,562.651,414.348,581.372,432.984,572.012,423.666,18.720,18.636
youtube_juggling_for_data_analysis_eh1I3SlZn48_075_090.mp4,337,5.622283,32,sports ball,0.263310,645.118,424.508,663.020,442.944,654.069,433.726,17.902,18.436
youtube_juggling_for_data_analysis_eh1I3SlZn48_075_090.mp4,338,5.638967,32,sports ball,0.629006,609.315,206.737,629.663,228.467,619.489,217.602,20.348,21.730
youtube_juggling_for_data_analysis_eh1I3SlZn48_075_090.mp4,338,5.638967,32,sports ball,0.622320,642.791,432.521,662.722,455.236,652.756,443.878,19.932,22.715
youtube_juggling_for_data_analysis_eh1I3SlZn48_075_090.mp4,338,5.638967,32,sports ball,0.597886,584.139,232.930,605.249,251.949,594.694,242.439,21.110,19.019
youtube_juggling_for_data_analysis_eh1I3SlZn48_075_090.mp4,338,5.638967,32,sports ball,0.552752,536.634,266.274,557.585,287.508,547.109,276.891,20.951,21.234
youtube_juggling_for_data_analysis_eh1I3SlZn48_075_090.mp4,338,5.638967,32,sports ball,0.523263,564.864,399.664,583.459,419.597,574.162,409.631,18.596,19.932
youtube_juggling_for_data_analysis_eh1I3SlZn48_075_090.mp4,339,5.655650,32,sports ball,0.606677,566.173,384.430,587.911,405.861,577.042,395.146,21.738,21.431
youtube_juggling_for_data_analysis_eh1I3SlZn48_075_090.mp4,339,5.655650,32,sports ball,0.573546,610.512,210.131,632.372,229.427,621.442,219.779,21.860,19.296
youtube_juggling_for_data_analysis_eh1I3SlZn48_075_090.mp4,339,5.655650,32,sports ball,0.398601,535.079,276.191,556.939,297.543,546.009,286.867,21.860,21.352
youtube_juggling_for_data_analysis_eh1I3SlZn48_075_090.mp4,339,5.655650,32,sports ball,0.373511,639.063,439.812,658.681,463.785,648.872,451.798,19.618,23.974
youtube_juggling_for_data_analysis_eh1I3SlZn48_075_090.mp4,339,5.655650,32,sports ball,0.275486,582.235,225.866,603.113,247.057,592.674,236.462,20.877,21.191
youtube_juggling_for_data_analysis_eh1I3SlZn48_075_090.mp4,340,5.672333,32,sports ball,0.649220,610.807,210.964,632.376,232.691,621.591,221.827,21.569,21.727
youtube_juggling_for_data_analysis_eh1I3SlZn48_075_090.mp4,340,5.672333,32,sports ball,0.618804,568.662,370.199,586.278,390.957,577.470,380.578,17.616,20.758
youtube_juggling_for_data_analysis_eh1I3SlZn48_075_090.mp4,340,5.672333,32,sports ball,0.492960,581.164,224.008,601.937,242.489,591.551,233.249,20.774,18.480
youtube_juggling_for_data_analysis_eh1I3SlZn48_075_090.mp4,340,5.672333,32,sports ball,0.490184,533.602,285.495,554.686,307.302,544.144,296.399,21.084,21.807
youtube_juggling_for_data_analysis_eh1I3SlZn48_075_090.mp4,340,5.672333,32,sports ball,0.203595,533.273,285.472,554.070,306.670,543.671,296.071,20.797,21.198
youtube_juggling_for_data_analysis_eh1I3SlZn48_075_090.mp4,341,5.689017,32,sports ball,0.559204,611.855,214.584,633.508,235.961,622.681,225.272,21.652,21.377
youtube_juggling_for_data_analysis_eh1I3SlZn48_075_090.mp4,341,5.689017,32,sports ball,0.545486,579.349,218.309,601.562,237.598,590.455,227.954,22.213,19.290
youtube_juggling_for_data_analysis_eh1I3SlZn48_075_090.mp4,341,5.689017,32,sports ball,0.503021,530.232,295.723,552.479,317.763,541.356,306.743,22.247,22.040
youtube_juggling_for_data_analysis_eh1I3SlZn48_075_090.mp4,341,5.689017,32,sports ball,0.471137,570.418,358.216,587.604,378.153,579.011,368.185,17.186,19.937
youtube_juggling_for_data_analysis_eh1I3SlZn48_075_090.mp4,342,5.705700,32,sports ball,0.701115,613.180,218.476,635.101,239.556,624.140,229.016,21.921,21.080
youtube_juggling_for_data_analysis_eh1I3SlZn48_075_090.mp4,342,5.705700,32,sports ball,0.567277,578.731,214.207,599.967,234.008,589.349,224.108,21.236,19.801
youtube_juggling_for_data_analysis_eh1I3SlZn48_075_090.mp4,342,5.705700,32,sports ball,0.524175,571.337,344.617,588.598,365.056,579.967,354.837,17.261,20.440
youtube_juggling_for_data_analysis_eh1I3SlZn48_075_090.mp4,342,5.705700,32,sports ball,0.363251,529.893,306.029,550.779,329.220,540.336,317.624,20.885,23.191
youtube_juggling_for_data_analysis_eh1I3SlZn48_075_090.mp4,342,5.705700,32,sports ball,0.337700,529.708,306.386,550.840,329.349,540.274,317.867,21.132,22.962
youtube_juggling_for_data_analysis_eh1I3SlZn48_075_090.mp4,343,5.722383,32,sports ball,0.377231,614.745,222.597,638.222,244.331,626.483,233.464,23.477,21.734
youtube_juggling_for_data_analysis_eh1I3SlZn48_075_090.mp4,343,5.722383,32,sports ball,0.326571,527.404,318.809,548.490,340.839,537.947,329.824,21.086,22.030
youtube_juggling_for_data_analysis_eh1I3SlZn48_075_090.mp4,343,5.722383,32,sports ball,0.257069,578.022,209.891,599.135,230.148,588.579,220.020,21.113,20.257
youtube_juggling_for_data_analysis_eh1I3SlZn48_075_090.mp4,343,5.722383,32,sports ball,0.226599,573.395,331.939,592.848,353.233,583.122,342.586,19.453,21.294
youtube_juggling_for_data_analysis_eh1I3SlZn48_075_090.mp4,344,5.739067,32,sports ball,0.672555,576.944,208.877,598.309,228.377,587.627,218.627,21.365,19.500
youtube_juggling_for_data_analysis_eh1I3SlZn48_075_090.mp4,344,5.739067,32,sports ball,0.641915,527.889,331.233,547.942,352.905,537.915,342.069,20.053,21.672
youtube_juggling_for_data_analysis_eh1I3SlZn48_075_090.mp4,344,5.739067,32,sports ball,0.616488,615.355,227.914,638.309,248.771,626.832,238.343,22.954,20.857
youtube_juggling_for_data_analysis_eh1I3SlZn48_075_090.mp4,344,5.739067,32,sports ball,0.576494,576.179,320.794,592.416,339.735,584.298,330.264,16.237,18.941
youtube_juggling_for_data_analysis_eh1I3SlZn48_075_090.mp4,344,5.739067,32,sports ball,0.248376,622.758,466.316,643.230,487.318,632.994,476.817,20.473,21.002
youtube_juggling_for_data_analysis_eh1I3SlZn48_075_090.mp4,345,5.755750,32,sports ball,0.629940,526.382,344.008,544.357,365.762,535.369,354.885,17.975,21.754
youtube_juggling_for_data_analysis_eh1I3SlZn48_075_090.mp4,345,5.755750,32,sports ball,0.484999,576.240,205.901,597.997,226.576,587.119,216.238,21.757,20.675
youtube_juggling_for_data_analysis_eh1I3SlZn48_075_090.mp4,345,5.755750,32,sports ball,0.470901,577.098,310.303,595.389,329.400,586.244,319.851,18.291,19.097
youtube_juggling_for_data_analysis_eh1I3SlZn48_075_090.mp4,346,5.772433,32,sports ball,0.702268,578.352,298.528,598.283,319.400,588.318,308.964,19.931,20.872
youtube_juggling_for_data_analysis_eh1I3SlZn48_075_090.mp4,346,5.772433,32,sports ball,0.648435,522.829,356.770,543.102,380.943,532.966,368.856,20.273,24.174
youtube_juggling_for_data_analysis_eh1I3SlZn48_075_090.mp4,346,5.772433,32,sports ball,0.647783,620.412,239.237,640.420,260.274,630.416,249.756,20.008,21.037
youtube_juggling_for_data_analysis_eh1I3SlZn48_075_090.mp4,346,5.772433,32,sports ball,0.624631,576.311,205.015,594.844,225.148,585.577,215.081,18.532,20.133
youtube_juggling_for_data_analysis_eh1I3SlZn48_075_090.mp4,346,5.772433,32,sports ball,0.161062,617.490,452.434,638.699,479.827,628.095,466.130,21.209,27.393
youtube_juggling_for_data_analysis_eh1I3SlZn48_075_090.mp4,347,5.789117,32,sports ball,0.602721,521.641,370.931,542.722,391.851,532.181,381.391,21.081,20.921
youtube_juggling_for_data_analysis_eh1I3SlZn48_075_090.mp4,347,5.789117,32,sports ball,0.508120,621.236,245.956,640.369,267.433,630.803,256.695,19.133,21.477
youtube_juggling_for_data_analysis_eh1I3SlZn48_075_090.mp4,347,5.789117,32,sports ball,0.500717,579.790,288.978,600.379,309.860,590.085,299.419,20.588,20.882
youtube_juggling_for_data_analysis_eh1I3SlZn48_075_090.mp4,347,5.789117,32,sports ball,0.353951,573.562,204.069,594.003,224.844,583.783,214.457,20.441,20.775
youtube_juggling_for_data_analysis_eh1I3SlZn48_075_090.mp4,347,5.789117,32,sports ball,0.236857,614.670,447.513,634.493,473.534,624.581,460.524,19.823,26.021
youtube_juggling_for_data_analysis_eh1I3SlZn48_075_090.mp4,348,5.805800,32,sports ball,0.567168,520.460,384.186,538.729,402.745,529.595,393.466,18.270,18.560
youtube_juggling_for_data_analysis_eh1I3SlZn48_075_090.mp4,348,5.805800,32,sports ball,0.534898,624.343,252.384,642.482,272.697,633.412,262.541,18.139,20.313
youtube_juggling_for_data_analysis_eh1I3SlZn48_075_090.mp4,348,5.805800,32,sports ball,0.518241,580.971,278.973,601.586,300.011,591.279,289.492,20.615,21.038
youtube_juggling_for_data_analysis_eh1I3SlZn48_075_090.mp4,348,5.805800,32,sports ball,0.314673,611.010,439.788,631.847,461.793,621.428,450.791,20.838,22.006
youtube_juggling_for_data_analysis_eh1I3SlZn48_075_090.mp4,348,5.805800,32,sports ball,0.222575,571.622,201.554,593.300,224.666,582.461,213.110,21.678,23.112
youtube_juggling_for_data_analysis_eh1I3SlZn48_075_090.mp4,349,5.822483,32,sports ball,0.643596,519.083,393.053,541.038,415.404,530.061,404.228,21.955,22.351
youtube_juggling_for_data_analysis_eh1I3SlZn48_075_090.mp4,349,5.822483,32,sports ball,0.638737,608.835,427.544,631.951,448.651,620.393,438.097,23.116,21.107
youtube_juggling_for_data_analysis_eh1I3SlZn48_075_090.mp4,349,5.822483,32,sports ball,0.638362,624.670,259.145,646.007,280.695,635.338,269.920,21.338,21.549
youtube_juggling_for_data_analysis_eh1I3SlZn48_075_090.mp4,349,5.822483,32,sports ball,0.457523,583.988,270.550,603.183,291.281,593.586,280.915,19.195,20.731
youtube_juggling_for_data_analysis_eh1I3SlZn48_075_090.mp4,349,5.822483,32,sports ball,0.313122,570.492,200.918,592.595,224.512,581.544,212.715,22.103,23.593
youtube_juggling_for_data_analysis_eh1I3SlZn48_075_090.mp4,350,5.839167,32,sports ball,0.813555,518.213,401.911,542.222,423.770,530.217,412.841,24.008,21.858
youtube_juggling_for_data_analysis_eh1I3SlZn48_075_090.mp4,350,5.839167,32,sports ball,0.797492,624.482,268.138,646.942,288.763,635.712,278.450,22.460,20.625
youtube_juggling_for_data_analysis_eh1I3SlZn48_075_090.mp4,350,5.839167,32,sports ball,0.797136,584.706,263.310,605.386,282.914,595.046,273.112,20.680,19.604
youtube_juggling_for_data_analysis_eh1I3SlZn48_075_090.mp4,350,5.839167,32,sports ball,0.641883,608.051,413.166,629.080,433.658,618.565,423.412,21.029,20.492
youtube_juggling_for_data_analysis_eh1I3SlZn48_075_090.mp4,350,5.839167,32,sports ball,0.575053,569.285,204.698,589.669,224.557,579.477,214.627,20.384,19.860
youtube_juggling_for_data_analysis_eh1I3SlZn48_075_090.mp4,351,5.855850,32,sports ball,0.702779,586.072,255.983,606.449,275.315,596.260,265.649,20.377,19.332
youtube_juggling_for_data_analysis_eh1I3SlZn48_075_090.mp4,351,5.855850,32,sports ball,0.697000,518.463,410.232,539.837,433.012,529.150,421.622,21.374,22.780
youtube_juggling_for_data_analysis_eh1I3SlZn48_075_090.mp4,351,5.855850,32,sports ball,0.501347,626.812,275.370,648.228,297.971,637.520,286.671,21.416,22.601
youtube_juggling_for_data_analysis_eh1I3SlZn48_075_090.mp4,351,5.855850,32,sports ball,0.311627,568.809,205.116,589.005,225.050,578.907,215.083,20.195,19.934
youtube_juggling_for_data_analysis_eh1I3SlZn48_075_090.mp4,352,5.872533,32,sports ball,0.684503,519.637,418.858,542.649,442.338,531.143,430.598,23.012,23.480
youtube_juggling_for_data_analysis_eh1I3SlZn48_075_090.mp4,352,5.872533,32,sports ball,0.659178,586.816,245.815,607.619,268.597,597.217,257.206,20.804,22.782
youtube_juggling_for_data_analysis_eh1I3SlZn48_075_090.mp4,352,5.872533,32,sports ball,0.489274,627.725,285.716,650.598,306.657,639.162,296.187,22.873,20.942
youtube_juggling_for_data_analysis_eh1I3SlZn48_075_090.mp4,352,5.872533,32,sports ball,0.382693,567.127,206.009,587.916,225.620,577.522,215.815,20.789,19.612
youtube_juggling_for_data_analysis_eh1I3SlZn48_075_090.mp4,353,5.889217,32,sports ball,0.620835,587.729,239.776,608.832,261.575,598.280,250.676,21.104,21.799
youtube_juggling_for_data_analysis_eh1I3SlZn48_075_090.mp4,353,5.889217,32,sports ball,0.616447,523.642,427.965,544.378,448.202,534.010,438.083,20.737,20.237
youtube_juggling_for_data_analysis_eh1I3SlZn48_075_090.mp4,353,5.889217,32,sports ball,0.566029,631.302,295.703,651.533,316.424,641.417,306.064,20.231,20.721
youtube_juggling_for_data_analysis_eh1I3SlZn48_075_090.mp4,353,5.889217,32,sports ball,0.475605,565.809,208.768,586.262,228.320,576.035,218.544,20.453,19.553
youtube_juggling_for_data_analysis_eh1I3SlZn48_075_090.mp4,354,5.905900,32,sports ball,0.715642,526.968,436.089,548.215,458.831,537.591,447.460,21.247,22.742
youtube_juggling_for_data_analysis_eh1I3SlZn48_075_090.mp4,354,5.905900,32,sports ball,0.667670,632.775,305.997,653.174,328.103,642.975,317.050,20.399,22.106
youtube_juggling_for_data_analysis_eh1I3SlZn48_075_090.mp4,354,5.905900,32,sports ball,0.663551,563.650,210.344,586.274,232.208,574.962,221.276,22.624,21.864
youtube_juggling_for_data_analysis_eh1I3SlZn48_075_090.mp4,354,5.905900,32,sports ball,0.587105,590.710,233.775,610.939,256.362,600.825,245.069,20.229,22.587
youtube_juggling_for_data_analysis_eh1I3SlZn48_075_090.mp4,354,5.905900,32,sports ball,0.205090,603.224,357.491,620.191,378.115,611.707,367.803,16.966,20.624
youtube_juggling_for_data_analysis_eh1I3SlZn48_075_090.mp4,355,5.922583,32,sports ball,0.562363,592.554,228.972,611.826,250.419,602.190,239.696,19.272,21.447
youtube_juggling_for_data_analysis_eh1I3SlZn48_075_090.mp4,355,5.922583,32,sports ball,0.546186,562.598,214.879,584.430,235.307,573.514,225.093,21.832,20.428
youtube_juggling_for_data_analysis_eh1I3SlZn48_075_090.mp4,355,5.922583,32,sports ball,0.458613,632.889,317.306,654.511,339.577,643.700,328.441,21.622,22.271
youtube_juggling_for_data_analysis_eh1I3SlZn48_075_090.mp4,355,5.922583,32,sports ball,0.413274,529.293,443.766,553.316,468.484,541.304,456.125,24.023,24.718
youtube_juggling_for_data_analysis_eh1I3SlZn48_075_090.mp4,355,5.922583,32,sports ball,0.171964,633.537,319.567,653.739,339.336,643.638,329.452,20.202,19.769
youtube_juggling_for_data_analysis_eh1I3SlZn48_075_090.mp4,356,5.939267,32,sports ball,0.363529,562.086,218.112,584.041,238.406,573.064,228.259,21.955,20.295
youtube_juggling_for_data_analysis_eh1I3SlZn48_075_090.mp4,356,5.939267,32,sports ball,0.360896,592.863,224.864,613.792,246.802,603.327,235.833,20.928,21.938
youtube_juggling_for_data_analysis_eh1I3SlZn48_075_090.mp4,356,5.939267,32,sports ball,0.276959,634.381,327.647,655.690,351.829,645.036,339.738,21.309,24.182
youtube_juggling_for_data_analysis_eh1I3SlZn48_075_090.mp4,356,5.939267,32,sports ball,0.242563,635.408,331.579,654.811,351.544,645.110,341.562,19.403,19.965
youtube_juggling_for_data_analysis_eh1I3SlZn48_075_090.mp4,356,5.939267,32,sports ball,0.156527,533.085,450.735,555.168,474.388,544.127,462.562,22.083,23.653
youtube_juggling_for_data_analysis_eh1I3SlZn48_075_090.mp4,357,5.955950,32,sports ball,0.558426,637.112,341.383,656.014,363.815,646.563,352.599,18.902,22.432
youtube_juggling_for_data_analysis_eh1I3SlZn48_075_090.mp4,357,5.955950,32,sports ball,0.458753,636.524,338.345,656.418,364.455,646.471,351.400,19.895,26.111
youtube_juggling_for_data_analysis_eh1I3SlZn48_075_090.mp4,357,5.955950,32,sports ball,0.265197,592.859,219.694,615.613,240.522,604.236,230.108,22.754,20.827
youtube_juggling_for_data_analysis_eh1I3SlZn48_075_090.mp4,357,5.955950,32,sports ball,0.177173,561.061,222.825,581.505,243.318,571.283,233.072,20.445,20.494
youtube_juggling_for_data_analysis_eh1I3SlZn48_075_090.mp4,358,5.972633,32,sports ball,0.801636,639.835,354.458,657.961,376.738,648.898,365.598,18.126,22.280
youtube_juggling_for_data_analysis_eh1I3SlZn48_075_090.mp4,358,5.972633,32,sports ball,0.738943,558.817,226.410,581.104,248.086,569.961,237.248,22.287,21.677
youtube_juggling_for_data_analysis_eh1I3SlZn48_075_090.mp4,358,5.972633,32,sports ball,0.710869,595.363,215.418,616.991,238.048,606.177,226.733,21.628,22.631
youtube_juggling_for_data_analysis_eh1I3SlZn48_075_090.mp4,358,5.972633,32,sports ball,0.526991,594.845,310.084,614.581,328.806,604.713,319.445,19.736,18.722
youtube_juggling_for_data_analysis_eh1I3SlZn48_075_090.mp4,358,5.972633,32,sports ball,0.356840,593.922,308.373,614.973,329.212,604.447,318.792,21.051,20.839
youtube_juggling_for_data_analysis_eh1I3SlZn48_075_090.mp4,358,5.972633,32,sports ball,0.341945,542.560,465.291,563.275,486.536,552.918,475.914,20.715,21.246
youtube_juggling_for_data_analysis_eh1I3SlZn48_075_090.mp4,359,5.989317,32,sports ball,0.730206,640.680,367.426,659.619,387.629,650.150,377.528,18.940,20.203
youtube_juggling_for_data_analysis_eh1I3SlZn48_075_090.mp4,359,5.989317,32,sports ball,0.566523,597.884,214.310,619.220,233.345,608.552,223.827,21.336,19.034
youtube_juggling_for_data_analysis_eh1I3SlZn48_075_090.mp4,359,5.989317,32,sports ball,0.559002,593.488,298.673,614.495,319.787,603.991,309.230,21.007,21.114
youtube_juggling_for_data_analysis_eh1I3SlZn48_075_090.mp4,359,5.989317,32,sports ball,0.421621,557.532,232.218,578.900,253.816,568.216,243.017,21.368,21.598
youtube_juggling_for_data_analysis_eh1I3SlZn48_075_090.mp4,360,6.006000,32,sports ball,0.588975,598.073,210.616,619.522,231.289,608.798,220.952,21.449,20.673
youtube_juggling_for_data_analysis_eh1I3SlZn48_075_090.mp4,360,6.006000,32,sports ball,0.570288,593.236,289.529,613.217,310.302,603.226,299.915,19.980,20.773
youtube_juggling_for_data_analysis_eh1I3SlZn48_075_090.mp4,360,6.006000,32,sports ball,0.509351,557.536,238.204,576.449,259.433,566.992,248.818,18.913,21.229
youtube_juggling_for_data_analysis_eh1I3SlZn48_075_090.mp4,360,6.006000,32,sports ball,0.457456,642.362,381.675,659.699,403.071,651.031,392.373,17.337,21.397
youtube_juggling_for_data_analysis_eh1I3SlZn48_075_090.mp4,360,6.006000,32,sports ball,0.430053,642.619,382.424,659.941,403.112,651.280,392.768,17.323,20.688
youtube_juggling_for_data_analysis_eh1I3SlZn48_075_090.mp4,360,6.006000,32,sports ball,0.171208,549.761,468.099,569.567,490.133,559.664,479.116,19.806,22.034
youtube_juggling_for_data_analysis_eh1I3SlZn48_075_090.mp4,361,6.022683,32,sports ball,0.691606,556.114,245.915,575.783,266.357,565.949,256.136,19.670,20.442
youtube_juggling_for_data_analysis_eh1I3SlZn48_075_090.mp4,361,6.022683,32,sports ball,0.609602,591.743,281.053,611.052,301.089,601.398,291.071,19.309,20.036
youtube_juggling_for_data_analysis_eh1I3SlZn48_075_090.mp4,361,6.022683,32,sports ball,0.518706,600.485,209.917,620.672,228.145,610.579,219.031,20.186,18.228
youtube_juggling_for_data_analysis_eh1I3SlZn48_075_090.mp4,361,6.022683,32,sports ball,0.265750,643.242,395.638,662.616,415.331,652.929,405.484,19.374,19.693
youtube_juggling_for_data_analysis_eh1I3SlZn48_075_090.mp4,362,6.039367,32,sports ball,0.759737,553.829,251.801,575.176,272.232,564.503,262.016,21.346,20.431
youtube_juggling_for_data_analysis_eh1I3SlZn48_075_090.mp4,362,6.039367,32,sports ball,0.735747,589.556,272.085,608.965,292.136,599.260,282.111,19.409,20.050
youtube_juggling_for_data_analysis_eh1I3SlZn48_075_090.mp4,362,6.039367,32,sports ball,0.648087,601.194,207.728,622.995,227.833,612.095,217.780,21.801,20.105
youtube_juggling_for_data_analysis_eh1I3SlZn48_075_090.mp4,362,6.039367,32,sports ball,0.211295,643.140,401.771,663.747,421.079,653.443,411.425,20.607,19.308
youtube_juggling_for_data_analysis_eh1I3SlZn48_075_090.mp4,363,6.056050,32,sports ball,0.685859,587.883,263.690,607.769,284.596,597.826,274.143,19.887,20.907
youtube_juggling_for_data_analysis_eh1I3SlZn48_075_090.mp4,363,6.056050,32,sports ball,0.638592,602.189,206.374,624.025,225.522,613.107,215.948,21.836,19.148
youtube_juggling_for_data_analysis_eh1I3SlZn48_075_090.mp4,363,6.056050,32,sports ball,0.636042,551.834,259.757,573.538,280.026,562.686,269.891,21.704,20.270
youtube_juggling_for_data_analysis_eh1I3SlZn48_075_090.mp4,363,6.056050,32,sports ball,0.266437,558.663,452.034,577.015,472.237,567.839,462.136,18.352,20.203
youtube_juggling_for_data_analysis_eh1I3SlZn48_075_090.mp4,364,6.072733,32,sports ball,0.691441,585.383,255.378,607.078,277.422,596.231,266.400,21.694,22.044
youtube_juggling_for_data_analysis_eh1I3SlZn48_075_090.mp4,364,6.072733,32,sports ball,0.633905,550.914,268.260,571.694,288.065,561.304,278.162,20.779,19.806
youtube_juggling_for_data_analysis_eh1I3SlZn48_075_090.mp4,364,6.072733,32,sports ball,0.617310,604.411,206.362,625.047,225.248,614.729,215.805,20.636,18.887
youtube_juggling_for_data_analysis_eh1I3SlZn48_075_090.mp4,364,6.072733,32,sports ball,0.435980,557.998,439.797,579.861,461.754,568.929,450.776,21.862,21.957
youtube_juggling_for_data_analysis_eh1I3SlZn48_075_090.mp4,364,6.072733,32,sports ball,0.201222,642.324,419.175,660.948,435.698,651.636,427.436,18.624,16.523
youtube_juggling_for_data_analysis_eh1I3SlZn48_075_090.mp4,365,6.089417,32,sports ball,0.708146,605.962,206.678,627.733,225.329,616.847,216.004,21.771,18.650
youtube_juggling_for_data_analysis_eh1I3SlZn48_075_090.mp4,365,6.089417,32,sports ball,0.553495,584.428,248.634,606.060,269.702,595.244,259.168,21.631,21.069
youtube_juggling_for_data_analysis_eh1I3SlZn48_075_090.mp4,365,6.089417,32,sports ball,0.464105,549.166,276.506,570.674,296.844,559.920,286.675,21.508,20.338
youtube_juggling_for_data_analysis_eh1I3SlZn48_075_090.mp4,365,6.089417,32,sports ball,0.341330,549.725,277.415,570.347,296.692,560.036,287.053,20.622,19.277
youtube_juggling_for_data_analysis_eh1I3SlZn48_075_090.mp4,365,6.089417,32,sports ball,0.193491,559.773,427.504,582.089,448.033,570.931,437.768,22.317,20.528
youtube_juggling_for_data_analysis_eh1I3SlZn48_075_090.mp4,365,6.089417,32,sports ball,0.168736,639.774,426.813,658.907,445.675,649.341,436.244,19.133,18.863
youtube_juggling_for_data_analysis_eh1I3SlZn48_075_090.mp4,365,6.089417,32,sports ball,0.157824,639.986,425.830,657.610,443.138,648.798,434.484,17.624,17.308
youtube_juggling_for_data_analysis_eh1I3SlZn48_075_090.mp4,366,6.106100,32,sports ball,0.835838,607.232,206.268,628.801,225.776,618.017,216.022,21.569,19.509
youtube_juggling_for_data_analysis_eh1I3SlZn48_075_090.mp4,366,6.106100,32,sports ball,0.761894,583.376,242.341,604.084,264.084,593.730,253.212,20.708,21.743
youtube_juggling_for_data_analysis_eh1I3SlZn48_075_090.mp4,366,6.106100,32,sports ball,0.468456,548.392,286.333,569.785,307.493,559.089,296.913,21.392,21.159
youtube_juggling_for_data_analysis_eh1I3SlZn48_075_090.mp4,366,6.106100,32,sports ball,0.404597,637.097,434.826,657.804,454.614,647.451,444.720,20.708,19.789
youtube_juggling_for_data_analysis_eh1I3SlZn48_075_090.mp4,366,6.106100,32,sports ball,0.374523,561.207,413.726,583.413,436.336,572.310,425.031,22.206,22.610
youtube_juggling_for_data_analysis_eh1I3SlZn48_075_090.mp4,366,6.106100,32,sports ball,0.290811,548.504,286.370,569.633,307.289,559.069,296.829,21.129,20.919
youtube_juggling_for_data_analysis_eh1I3SlZn48_075_090.mp4,366,6.106100,32,sports ball,0.276826,636.454,434.644,658.173,458.708,647.314,446.676,21.720,24.064
youtube_juggling_for_data_analysis_eh1I3SlZn48_075_090.mp4,367,6.122783,32,sports ball,0.423816,609.076,207.409,629.549,226.650,619.312,217.030,20.473,19.242
youtube_juggling_for_data_analysis_eh1I3SlZn48_075_090.mp4,367,6.122783,32,sports ball,0.204059,581.493,236.209,603.272,256.079,592.382,246.144,21.779,19.870
youtube_juggling_for_data_analysis_eh1I3SlZn48_075_090.mp4,367,6.122783,32,sports ball,0.201985,634.489,443.503,653.843,463.016,644.166,453.260,19.354,19.513
youtube_juggling_for_data_analysis_eh1I3SlZn48_075_090.mp4,367,6.122783,32,sports ball,0.174730,547.733,295.961,567.886,316.546,557.810,306.254,20.153,20.584
youtube_juggling_for_data_analysis_eh1I3SlZn48_075_090.mp4,368,6.139467,32,sports ball,0.847177,567.382,386.016,585.516,407.084,576.449,396.550,18.134,21.068
youtube_juggling_for_data_analysis_eh1I3SlZn48_075_090.mp4,368,6.139467,32,sports ball,0.639985,546.216,305.580,566.087,327.290,556.151,316.435,19.870,21.710
youtube_juggling_for_data_analysis_eh1I3SlZn48_075_090.mp4,368,6.139467,32,sports ball,0.501757,610.657,208.111,631.221,228.682,620.939,218.396,20.564,20.570
youtube_juggling_for_data_analysis_eh1I3SlZn48_075_090.mp4,368,6.139467,32,sports ball,0.455368,579.638,230.877,601.527,250.916,590.583,240.896,21.889,20.039
youtube_juggling_for_data_analysis_eh1I3SlZn48_075_090.mp4,368,6.139467,32,sports ball,0.188666,630.638,448.718,650.434,466.730,640.536,457.724,19.797,18.012
youtube_juggling_for_data_analysis_eh1I3SlZn48_075_090.mp4,369,6.156150,32,sports ball,0.732492,545.461,317.509,565.729,337.840,555.595,327.675,20.268,20.331
youtube_juggling_for_data_analysis_eh1I3SlZn48_075_090.mp4,369,6.156150,32,sports ball,0.672661,568.731,370.967,585.968,392.703,577.349,381.835,17.237,21.736
youtube_juggling_for_data_analysis_eh1I3SlZn48_075_090.mp4,369,6.156150,32,sports ball,0.503509,611.355,211.109,632.926,229.772,622.141,220.440,21.572,18.664
youtube_juggling_for_data_analysis_eh1I3SlZn48_075_090.mp4,369,6.156150,32,sports ball,0.170524,578.872,225.139,600.124,247.216,589.498,236.178,21.252,22.077
youtube_juggling_for_data_analysis_eh1I3SlZn48_075_090.mp4,370,6.172833,32,sports ball,0.751549,545.409,328.694,564.185,350.207,554.797,339.451,18.776,21.513
youtube_juggling_for_data_analysis_eh1I3SlZn48_075_090.mp4,370,6.172833,32,sports ball,0.574081,570.544,358.223,587.928,379.367,579.236,368.795,17.384,21.144
youtube_juggling_for_data_analysis_eh1I3SlZn48_075_090.mp4,370,6.172833,32,sports ball,0.403784,612.101,210.386,633.784,233.663,622.942,222.024,21.683,23.277
youtube_juggling_for_data_analysis_eh1I3SlZn48_075_090.mp4,370,6.172833,32,sports ball,0.189429,625.603,460.088,646.005,479.139,635.804,469.614,20.402,19.051
youtube_juggling_for_data_analysis_eh1I3SlZn48_075_090.mp4,371,6.189517,32,sports ball,0.555772,615.388,214.917,636.822,236.381,626.105,225.649,21.434,21.464
youtube_juggling_for_data_analysis_eh1I3SlZn48_075_090.mp4,371,6.189517,32,sports ball,0.515716,571.432,344.907,591.545,367.812,581.489,356.359,20.113,22.905
youtube_juggling_for_data_analysis_eh1I3SlZn48_075_090.mp4,371,6.189517,32,sports ball,0.445540,576.497,217.427,598.990,238.313,587.743,227.870,22.492,20.886
youtube_juggling_for_data_analysis_eh1I3SlZn48_075_090.mp4,371,6.189517,32,sports ball,0.328241,542.212,340.403,561.914,361.168,552.063,350.786,19.702,20.765
youtube_juggling_for_data_analysis_eh1I3SlZn48_075_090.mp4,372,6.206200,32,sports ball,0.572585,616.139,218.660,637.280,239.054,626.710,228.857,21.141,20.394
youtube_juggling_for_data_analysis_eh1I3SlZn48_075_090.mp4,372,6.206200,32,sports ball,0.491768,572.910,333.855,592.206,353.051,582.558,343.453,19.296,19.195
youtube_juggling_for_data_analysis_eh1I3SlZn48_075_090.mp4,372,6.206200,32,sports ball,0.321955,540.659,353.418,561.396,375.171,551.027,364.295,20.737,21.752
youtube_juggling_for_data_analysis_eh1I3SlZn48_075_090.mp4,372,6.206200,32,sports ball,0.295959,575.794,214.846,597.605,234.822,586.700,224.834,21.811,19.976
youtube_juggling_for_data_analysis_eh1I3SlZn48_075_090.mp4,373,6.222883,32,sports ball,0.643805,575.650,322.053,592.669,343.854,584.159,332.953,17.019,21.800
youtube_juggling_for_data_analysis_eh1I3SlZn48_075_090.mp4,373,6.222883,32,sports ball,0.580424,540.528,367.362,559.742,388.268,550.135,377.815,19.214,20.905
youtube_juggling_for_data_analysis_eh1I3SlZn48_075_090.mp4,373,6.222883,32,sports ball,0.393241,616.589,222.056,638.966,243.598,627.778,232.827,22.377,21.542
youtube_juggling_for_data_analysis_eh1I3SlZn48_075_090.mp4,373,6.222883,32,sports ball,0.167711,575.547,210.989,594.414,233.147,584.980,222.068,18.868,22.158
youtube_juggling_for_data_analysis_eh1I3SlZn48_075_090.mp4,374,6.239567,32,sports ball,0.729606,576.274,311.463,596.371,333.053,586.323,322.258,20.098,21.590
youtube_juggling_for_data_analysis_eh1I3SlZn48_075_090.mp4,374,6.239567,32,sports ball,0.712448,537.139,381.174,557.502,399.400,547.320,390.287,20.363,18.226
youtube_juggling_for_data_analysis_eh1I3SlZn48_075_090.mp4,374,6.239567,32,sports ball,0.702672,619.232,227.591,640.128,248.962,629.680,238.277,20.897,21.372
youtube_juggling_for_data_analysis_eh1I3SlZn48_075_090.mp4,374,6.239567,32,sports ball,0.586494,571.121,209.438,593.688,229.681,582.405,219.560,22.567,20.244
youtube_juggling_for_data_analysis_eh1I3SlZn48_075_090.mp4,374,6.239567,32,sports ball,0.303048,617.304,458.493,636.702,479.198,627.003,468.845,19.398,20.704
youtube_juggling_for_data_analysis_eh1I3SlZn48_075_090.mp4,375,6.256250,32,sports ball,0.697781,536.672,395.470,554.886,416.255,545.779,405.863,18.214,20.786
youtube_juggling_for_data_analysis_eh1I3SlZn48_075_090.mp4,375,6.256250,32,sports ball,0.668048,619.850,232.888,640.478,253.988,630.164,243.438,20.628,21.100
youtube_juggling_for_data_analysis_eh1I3SlZn48_075_090.mp4,375,6.256250,32,sports ball,0.446408,577.394,300.969,596.547,321.072,586.971,311.020,19.153,20.103
youtube_juggling_for_data_analysis_eh1I3SlZn48_075_090.mp4,375,6.256250,32,sports ball,0.304837,570.911,208.154,591.997,228.266,581.454,218.210,21.086,20.111
youtube_juggling_for_data_analysis_eh1I3SlZn48_075_090.mp4,375,6.256250,32,sports ball,0.291156,612.965,452.431,632.678,472.563,622.822,462.497,19.712,20.132
youtube_juggling_for_data_analysis_eh1I3SlZn48_075_090.mp4,376,6.272933,32,sports ball,0.743465,535.225,404.708,553.772,424.652,544.499,414.680,18.547,19.944
youtube_juggling_for_data_analysis_eh1I3SlZn48_075_090.mp4,376,6.272933,32,sports ball,0.676862,623.743,239.410,640.443,259.414,632.093,249.412,16.700,20.004
youtube_juggling_for_data_analysis_eh1I3SlZn48_075_090.mp4,376,6.272933,32,sports ball,0.567828,579.111,291.700,598.776,312.061,588.943,301.880,19.665,20.361
youtube_juggling_for_data_analysis_eh1I3SlZn48_075_090.mp4,376,6.272933,32,sports ball,0.216035,569.655,207.193,589.419,227.580,579.537,217.386,19.764,20.387
youtube_juggling_for_data_analysis_eh1I3SlZn48_075_090.mp4,377,6.289617,32,sports ball,0.467769,624.560,245.322,643.143,265.136,633.852,255.229,18.583,19.813
youtube_juggling_for_data_analysis_eh1I3SlZn48_075_090.mp4,377,6.289617,32,sports ball,0.431646,624.361,244.215,643.959,265.325,634.160,254.770,19.599,21.110
youtube_juggling_for_data_analysis_eh1I3SlZn48_075_090.mp4,377,6.289617,32,sports ball,0.380493,579.724,282.253,601.649,302.988,590.687,292.621,21.925,20.735
youtube_juggling_for_data_analysis_eh1I3SlZn48_075_090.mp4,377,6.289617,32,sports ball,0.197397,532.829,413.465,551.896,439.227,542.362,426.346,19.067,25.763
youtube_juggling_for_data_analysis_eh1I3SlZn48_075_090.mp4,377,6.289617,32,sports ball,0.154374,533.401,413.617,551.406,432.874,542.404,423.245,18.005,19.258
youtube_juggling_for_data_analysis_eh1I3SlZn48_075_090.mp4,378,6.306300,32,sports ball,0.553218,625.414,251.432,644.148,272.660,634.781,262.046,18.734,21.228
youtube_juggling_for_data_analysis_eh1I3SlZn48_075_090.mp4,378,6.306300,32,sports ball,0.377581,580.923,274.059,602.551,294.740,591.737,284.400,21.628,20.681
youtube_juggling_for_data_analysis_eh1I3SlZn48_075_090.mp4,378,6.306300,32,sports ball,0.278909,566.175,206.004,588.212,226.988,577.194,216.496,22.037,20.984
youtube_juggling_for_data_analysis_eh1I3SlZn48_075_090.mp4,379,6.322983,32,sports ball,0.271180,531.489,430.974,551.588,448.963,541.538,439.968,20.099,17.989
youtube_juggling_for_data_analysis_eh1I3SlZn48_075_090.mp4,379,6.322983,32,sports ball,0.256107,625.473,258.585,646.989,280.135,636.231,269.360,21.516,21.549
youtube_juggling_for_data_analysis_eh1I3SlZn48_075_090.mp4,379,6.322983,32,sports ball,0.180720,607.956,403.545,625.919,422.355,616.937,412.950,17.963,18.810
youtube_juggling_for_data_analysis_eh1I3SlZn48_075_090.mp4,380,6.339667,32,sports ball,0.408920,627.328,267.456,649.648,287.836,638.488,277.646,22.320,20.381
youtube_juggling_for_data_analysis_eh1I3SlZn48_075_090.mp4,380,6.339667,32,sports ball,0.402209,530.648,439.368,552.352,459.747,541.500,449.557,21.703,20.378
youtube_juggling_for_data_analysis_eh1I3SlZn48_075_090.mp4,380,6.339667,32,sports ball,0.395249,583.625,258.293,605.230,279.428,594.428,268.860,21.605,21.135
youtube_juggling_for_data_analysis_eh1I3SlZn48_075_090.mp4,380,6.339667,32,sports ball,0.257067,608.145,390.515,624.089,409.015,616.117,399.765,15.944,18.500
youtube_juggling_for_data_analysis_eh1I3SlZn48_075_090.mp4,380,6.339667,32,sports ball,0.225975,562.392,205.915,585.013,228.105,573.702,217.010,22.620,22.190
youtube_juggling_for_data_analysis_eh1I3SlZn48_075_090.mp4,381,6.356350,32,sports ball,0.749246,607.503,376.357,622.925,395.169,615.214,385.763,15.422,18.812
youtube_juggling_for_data_analysis_eh1I3SlZn48_075_090.mp4,381,6.356350,32,sports ball,0.627211,584.487,251.187,606.457,273.244,595.472,262.216,21.970,22.057
youtube_juggling_for_data_analysis_eh1I3SlZn48_075_090.mp4,381,6.356350,32,sports ball,0.627126,629.403,275.272,651.389,296.522,640.396,285.897,21.986,21.250
youtube_juggling_for_data_analysis_eh1I3SlZn48_075_090.mp4,381,6.356350,32,sports ball,0.551369,534.039,448.074,555.166,466.170,544.602,457.122,21.127,18.096
youtube_juggling_for_data_analysis_eh1I3SlZn48_075_090.mp4,381,6.356350,32,sports ball,0.460903,561.185,209.817,583.869,229.202,572.527,219.510,22.684,19.385
youtube_juggling_for_data_analysis_eh1I3SlZn48_075_090.mp4,382,6.373033,32,sports ball,0.643874,586.156,245.612,607.637,266.506,596.896,256.059,21.481,20.894
youtube_juggling_for_data_analysis_eh1I3SlZn48_075_090.mp4,382,6.373033,32,sports ball,0.443731,560.337,210.415,581.075,232.474,570.706,221.444,20.738,22.059
youtube_juggling_for_data_analysis_eh1I3SlZn48_075_090.mp4,382,6.373033,32,sports ball,0.430779,603.759,362.641,623.146,385.317,613.453,373.979,19.387,22.676
youtube_juggling_for_data_analysis_eh1I3SlZn48_075_090.mp4,382,6.373033,32,sports ball,0.426545,632.292,285.482,651.732,304.786,642.012,295.134,19.440,19.303
youtube_juggling_for_data_analysis_eh1I3SlZn48_075_090.mp4,382,6.373033,32,sports ball,0.152229,534.685,456.688,556.267,474.608,545.476,465.648,21.582,17.921
youtube_juggling_for_data_analysis_eh1I3SlZn48_075_090.mp4,383,6.389717,32,sports ball,0.644857,588.003,240.582,609.660,260.654,598.832,250.618,21.657,20.072
youtube_juggling_for_data_analysis_eh1I3SlZn48_075_090.mp4,383,6.389717,32,sports ball,0.457784,604.063,350.912,620.797,368.837,612.430,359.874,16.734,17.924
youtube_juggling_for_data_analysis_eh1I3SlZn48_075_090.mp4,383,6.389717,32,sports ball,0.445228,537.773,461.868,558.839,481.296,548.306,471.582,21.066,19.428
youtube_juggling_for_data_analysis_eh1I3SlZn48_075_090.mp4,383,6.389717,32,sports ball,0.439214,632.928,295.267,652.943,314.797,642.935,305.032,20.014,19.530
youtube_juggling_for_data_analysis_eh1I3SlZn48_075_090.mp4,383,6.389717,32,sports ball,0.383614,558.571,213.188,580.407,235.421,569.489,224.304,21.836,22.233
youtube_juggling_for_data_analysis_eh1I3SlZn48_075_090.mp4,384,6.406400,32,sports ball,0.512768,557.689,217.814,576.611,238.276,567.150,228.045,18.922,20.462
youtube_juggling_for_data_analysis_eh1I3SlZn48_075_090.mp4,384,6.406400,32,sports ball,0.411089,633.721,304.857,655.015,324.565,644.368,314.711,21.294,19.708
youtube_juggling_for_data_analysis_eh1I3SlZn48_075_090.mp4,384,6.406400,32,sports ball,0.221322,590.151,233.497,610.852,255.870,600.501,244.684,20.701,22.374
youtube_juggling_for_data_analysis_eh1I3SlZn48_075_090.mp4,385,6.423083,32,sports ball,0.741655,600.208,326.236,618.713,345.115,609.460,335.675,18.505,18.879
youtube_juggling_for_data_analysis_eh1I3SlZn48_075_090.mp4,385,6.423083,32,sports ball,0.699013,635.430,316.858,655.572,336.357,645.501,326.608,20.141,19.499
youtube_juggling_for_data_analysis_eh1I3SlZn48_075_090.mp4,385,6.423083,32,sports ball,0.494215,555.185,220.455,575.553,242.476,565.369,231.465,20.368,22.021
youtube_juggling_for_data_analysis_eh1I3SlZn48_075_090.mp4,385,6.423083,32,sports ball,0.389208,591.429,229.382,611.951,250.403,601.690,239.893,20.522,21.021
youtube_juggling_for_data_analysis_eh1I3SlZn48_075_090.mp4,385,6.423083,32,sports ball,0.287888,554.845,220.115,575.248,241.953,565.047,231.034,20.403,21.838
youtube_juggling_for_data_analysis_eh1I3SlZn48_075_090.mp4,386,6.439767,32,sports ball,0.783450,637.751,326.660,658.385,349.701,648.068,338.181,20.635,23.041
youtube_juggling_for_data_analysis_eh1I3SlZn48_075_090.mp4,386,6.439767,32,sports ball,0.591204,553.543,225.253,575.288,246.695,564.415,235.974,21.745,21.442
youtube_juggling_for_data_analysis_eh1I3SlZn48_075_090.mp4,386,6.439767,32,sports ball,0.440373,598.355,313.833,618.158,335.329,608.257,324.581,19.803,21.495
youtube_juggling_for_data_analysis_eh1I3SlZn48_075_090.mp4,386,6.439767,32,sports ball,0.422686,592.914,225.090,613.410,247.679,603.162,236.384,20.495,22.588
youtube_juggling_for_data_analysis_eh1I3SlZn48_075_090.mp4,386,6.439767,32,sports ball,0.211918,545.038,477.019,566.752,496.601,555.895,486.810,21.714,19.583
youtube_juggling_for_data_analysis_eh1I3SlZn48_075_090.mp4,387,6.456450,32,sports ball,0.756020,638.765,339.105,659.640,361.451,649.202,350.278,20.875,22.346
youtube_juggling_for_data_analysis_eh1I3SlZn48_075_090.mp4,387,6.456450,32,sports ball,0.322004,596.189,304.292,616.324,323.912,606.257,314.102,20.135,19.620
youtube_juggling_for_data_analysis_eh1I3SlZn48_075_090.mp4,387,6.456450,32,sports ball,0.221705,592.620,223.111,615.762,243.574,604.191,233.342,23.142,20.464
youtube_juggling_for_data_analysis_eh1I3SlZn48_075_090.mp4,387,6.456450,32,sports ball,0.164591,552.684,229.140,573.646,250.784,563.165,239.962,20.961,21.644
youtube_juggling_for_data_analysis_eh1I3SlZn48_075_090.mp4,387,6.456450,32,sports ball,0.157546,547.230,479.406,570.109,498.704,558.669,489.055,22.879,19.299
youtube_juggling_for_data_analysis_eh1I3SlZn48_075_090.mp4,388,6.473133,32,sports ball,0.789302,642.018,352.400,660.154,374.787,651.086,363.593,18.136,22.387
youtube_juggling_for_data_analysis_eh1I3SlZn48_075_090.mp4,388,6.473133,32,sports ball,0.509853,594.333,294.575,615.505,314.641,604.919,304.608,21.172,20.067
youtube_juggling_for_data_analysis_eh1I3SlZn48_075_090.mp4,388,6.473133,32,sports ball,0.482152,592.458,219.542,616.429,239.836,604.443,229.689,23.971,20.294
youtube_juggling_for_data_analysis_eh1I3SlZn48_075_090.mp4,388,6.473133,32,sports ball,0.342009,550.401,235.535,571.691,257.175,561.046,246.355,21.290,21.640
youtube_juggling_for_data_analysis_eh1I3SlZn48_075_090.mp4,389,6.489817,32,sports ball,0.720627,643.395,366.034,663.563,384.745,653.479,375.389,20.168,18.710
youtube_juggling_for_data_analysis_eh1I3SlZn48_075_090.mp4,389,6.489817,32,sports ball,0.472320,594.294,286.509,613.950,304.578,604.122,295.544,19.656,18.069
youtube_juggling_for_data_analysis_eh1I3SlZn48_075_090.mp4,389,6.489817,32,sports ball,0.426657,549.363,242.706,570.789,261.739,560.076,252.222,21.427,19.033
youtube_juggling_for_data_analysis_eh1I3SlZn48_075_090.mp4,389,6.489817,32,sports ball,0.290615,595.617,215.690,617.170,237.915,606.394,226.802,21.553,22.224
youtube_juggling_for_data_analysis_eh1I3SlZn48_075_090.mp4,389,6.489817,32,sports ball,0.155818,555.849,469.607,575.071,494.123,565.460,481.865,19.222,24.516
youtube_juggling_for_data_analysis_eh1I3SlZn48_075_090.mp4,390,6.506500,32,sports ball,0.768760,593.265,276.389,612.102,296.037,602.684,286.213,18.836,19.648
youtube_juggling_for_data_analysis_eh1I3SlZn48_075_090.mp4,390,6.506500,32,sports ball,0.736224,596.019,214.759,619.482,236.695,607.751,225.727,23.463,21.936
youtube_juggling_for_data_analysis_eh1I3SlZn48_075_090.mp4,390,6.506500,32,sports ball,0.571793,645.054,377.580,663.578,397.380,654.316,387.480,18.524,19.800
youtube_juggling_for_data_analysis_eh1I3SlZn48_075_090.mp4,390,6.506500,32,sports ball,0.544606,548.011,246.932,568.175,268.651,558.093,257.792,20.164,21.718
youtube_juggling_for_data_analysis_eh1I3SlZn48_075_090.mp4,390,6.506500,32,sports ball,0.467127,555.989,464.772,575.720,484.176,565.854,474.474,19.731,19.404
youtube_juggling_for_data_analysis_eh1I3SlZn48_075_090.mp4,391,6.523183,32,sports ball,0.687074,592.623,268.310,611.100,287.661,601.861,277.985,18.477,19.351
youtube_juggling_for_data_analysis_eh1I3SlZn48_075_090.mp4,391,6.523183,32,sports ball,0.466319,597.183,213.381,621.468,235.199,609.326,224.290,24.285,21.819
youtube_juggling_for_data_analysis_eh1I3SlZn48_075_090.mp4,391,6.523183,32,sports ball,0.423825,546.637,255.287,566.938,276.057,556.787,265.672,20.301,20.770
youtube_juggling_for_data_analysis_eh1I3SlZn48_075_090.mp4,391,6.523183,32,sports ball,0.331368,647.757,386.988,664.365,405.592,656.061,396.290,16.609,18.604
youtube_juggling_for_data_analysis_eh1I3SlZn48_075_090.mp4,391,6.523183,32,sports ball,0.168648,558.127,450.369,577.177,474.935,567.652,462.652,19.050,24.566
youtube_juggling_for_data_analysis_eh1I3SlZn48_075_090.mp4,392,6.539867,32,sports ball,0.784518,545.494,263.340,565.491,283.704,555.493,273.522,19.996,20.364
youtube_juggling_for_data_analysis_eh1I3SlZn48_075_090.mp4,392,6.539867,32,sports ball,0.670048,590.286,260.771,608.173,280.000,599.230,270.385,17.887,19.228
youtube_juggling_for_data_analysis_eh1I3SlZn48_075_090.mp4,392,6.539867,32,sports ball,0.429453,648.219,397.364,663.885,415.317,656.052,406.340,15.667,17.953
youtube_juggling_for_data_analysis_eh1I3SlZn48_075_090.mp4,392,6.539867,32,sports ball,0.394993,598.248,212.711,620.999,234.528,609.624,223.620,22.751,21.817
youtube_juggling_for_data_analysis_eh1I3SlZn48_075_090.mp4,392,6.539867,32,sports ball,0.183395,559.713,440.877,579.992,463.868,569.852,452.373,20.279,22.991
youtube_juggling_for_data_analysis_eh1I3SlZn48_075_090.mp4,393,6.556550,32,sports ball,0.667758,589.213,253.123,607.948,273.312,598.581,263.217,18.735,20.189
youtube_juggling_for_data_analysis_eh1I3SlZn48_075_090.mp4,393,6.556550,32,sports ball,0.610548,647.717,405.780,664.345,424.674,656.031,415.227,16.629,18.894
youtube_juggling_for_data_analysis_eh1I3SlZn48_075_090.mp4,393,6.556550,32,sports ball,0.423704,544.936,270.317,562.957,289.489,553.946,279.903,18.021,19.172
youtube_juggling_for_data_analysis_eh1I3SlZn48_075_090.mp4,393,6.556550,32,sports ball,0.410714,599.862,210.646,622.796,234.488,611.329,222.567,22.934,23.842
youtube_juggling_for_data_analysis_eh1I3SlZn48_075_090.mp4,394,6.573233,32,sports ball,0.554473,600.965,210.416,623.465,234.108,612.215,222.262,22.500,23.692
youtube_juggling_for_data_analysis_eh1I3SlZn48_075_090.mp4,394,6.573233,32,sports ball,0.495923,541.489,277.888,562.501,301.484,551.995,289.686,21.013,23.596
youtube_juggling_for_data_analysis_eh1I3SlZn48_075_090.mp4,394,6.573233,32,sports ball,0.479954,588.012,245.987,607.792,268.135,597.902,257.061,19.780,22.148
youtube_juggling_for_data_analysis_eh1I3SlZn48_075_090.mp4,394,6.573233,32,sports ball,0.441633,566.413,413.265,583.565,432.211,574.989,422.738,17.152,18.946
youtube_juggling_for_data_analysis_eh1I3SlZn48_075_090.mp4,394,6.573233,32,sports ball,0.285124,644.970,416.424,662.823,431.947,653.896,424.186,17.853,15.523
youtube_juggling_for_data_analysis_eh1I3SlZn48_075_090.mp4,394,6.573233,32,sports ball,0.259479,644.602,416.551,663.307,435.495,653.954,426.023,18.705,18.944
youtube_juggling_for_data_analysis_eh1I3SlZn48_075_090.mp4,395,6.589917,32,sports ball,0.607386,586.449,240.901,607.530,260.599,596.990,250.750,21.081,19.697
youtube_juggling_for_data_analysis_eh1I3SlZn48_075_090.mp4,395,6.589917,32,sports ball,0.534087,568.517,397.899,584.079,417.032,576.298,407.465,15.562,19.133
youtube_juggling_for_data_analysis_eh1I3SlZn48_075_090.mp4,395,6.589917,32,sports ball,0.416392,540.841,288.417,559.964,309.423,550.403,298.920,19.123,21.006
youtube_juggling_for_data_analysis_eh1I3SlZn48_075_090.mp4,395,6.589917,32,sports ball,0.314837,601.030,212.800,625.489,234.679,613.260,223.740,24.460,21.879
youtube_juggling_for_data_analysis_eh1I3SlZn48_075_090.mp4,395,6.589917,32,sports ball,0.282301,601.195,213.277,625.263,234.393,613.229,223.835,24.068,21.116
youtube_juggling_for_data_analysis_eh1I3SlZn48_075_090.mp4,395,6.589917,32,sports ball,0.176478,642.368,425.001,661.453,442.806,651.910,433.903,19.085,17.805
youtube_juggling_for_data_analysis_eh1I3SlZn48_075_090.mp4,396,6.606600,32,sports ball,0.712833,568.280,383.593,586.867,400.833,577.573,392.213,18.587,17.240
youtube_juggling_for_data_analysis_eh1I3SlZn48_075_090.mp4,396,6.606600,32,sports ball,0.665183,584.970,234.251,606.188,255.217,595.579,244.734,21.219,20.966
youtube_juggling_for_data_analysis_eh1I3SlZn48_075_090.mp4,396,6.606600,32,sports ball,0.626126,539.236,298.901,558.058,318.777,548.647,308.839,18.823,19.876
youtube_juggling_for_data_analysis_eh1I3SlZn48_075_090.mp4,396,6.606600,32,sports ball,0.517173,602.673,213.972,626.045,234.516,614.359,224.244,23.373,20.544
youtube_juggling_for_data_analysis_eh1I3SlZn48_075_090.mp4,396,6.606600,32,sports ball,0.219293,639.728,435.147,659.328,456.002,649.528,445.575,19.600,20.855
youtube_juggling_for_data_analysis_eh1I3SlZn48_075_090.mp4,397,6.623283,32,sports ball,0.653388,537.115,310.474,556.784,328.865,546.949,319.670,19.670,18.392
youtube_juggling_for_data_analysis_eh1I3SlZn48_075_090.mp4,397,6.623283,32,sports ball,0.505920,584.361,230.220,604.644,249.438,594.502,239.829,20.282,19.218
youtube_juggling_for_data_analysis_eh1I3SlZn48_075_090.mp4,397,6.623283,32,sports ball,0.382565,606.653,215.572,627.890,236.825,617.271,226.199,21.237,21.253
youtube_juggling_for_data_analysis_eh1I3SlZn48_075_090.mp4,397,6.623283,32,sports ball,0.260718,571.884,367.446,589.515,386.701,580.699,377.073,17.631,19.255
youtube_juggling_for_data_analysis_eh1I3SlZn48_075_090.mp4,398,6.639967,32,sports ball,0.682792,607.225,217.802,629.187,238.456,618.206,228.129,21.962,20.654
youtube_juggling_for_data_analysis_eh1I3SlZn48_075_090.mp4,398,6.639967,32,sports ball,0.668559,571.450,354.091,591.142,376.933,581.296,365.512,19.693,22.843
youtube_juggling_for_data_analysis_eh1I3SlZn48_075_090.mp4,398,6.639967,32,sports ball,0.605979,536.262,320.561,555.560,340.616,545.911,330.588,19.298,20.056
youtube_juggling_for_data_analysis_eh1I3SlZn48_075_090.mp4,398,6.639967,32,sports ball,0.562847,583.799,225.279,602.411,245.892,593.105,235.585,18.612,20.614
youtube_juggling_for_data_analysis_eh1I3SlZn48_075_090.mp4,399,6.656650,32,sports ball,0.728186,608.315,220.050,629.590,242.004,618.952,231.027,21.275,21.954
youtube_juggling_for_data_analysis_eh1I3SlZn48_075_090.mp4,399,6.656650,32,sports ball,0.726503,574.385,342.207,591.705,360.661,583.045,351.434,17.320,18.453
youtube_juggling_for_data_analysis_eh1I3SlZn48_075_090.mp4,399,6.656650,32,sports ball,0.549156,580.981,220.964,602.450,242.017,591.715,231.491,21.469,21.054
youtube_juggling_for_data_analysis_eh1I3SlZn48_075_090.mp4,399,6.656650,32,sports ball,0.536029,534.585,332.057,553.651,351.951,544.118,342.004,19.066,19.894
youtube_juggling_for_data_analysis_eh1I3SlZn48_075_090.mp4,399,6.656650,32,sports ball,0.343723,630.196,457.108,650.820,480.450,640.508,468.779,20.624,23.341
youtube_juggling_for_data_analysis_eh1I3SlZn48_075_090.mp4,400,6.673333,32,sports ball,0.606450,532.250,344.072,553.263,364.687,542.756,354.380,21.013,20.615
youtube_juggling_for_data_analysis_eh1I3SlZn48_075_090.mp4,400,6.673333,32,sports ball,0.594749,609.745,224.480,631.727,245.161,620.736,234.820,21.983,20.681
youtube_juggling_for_data_analysis_eh1I3SlZn48_075_090.mp4,400,6.673333,32,sports ball,0.504149,580.056,219.208,601.838,238.613,590.947,228.910,21.782,19.405
youtube_juggling_for_data_analysis_eh1I3SlZn48_075_090.mp4,400,6.673333,32,sports ball,0.440733,576.456,328.709,593.049,350.707,584.752,339.708,16.593,21.999
youtube_juggling_for_data_analysis_eh1I3SlZn48_075_090.mp4,400,6.673333,32,sports ball,0.370470,576.309,328.831,593.070,350.750,584.690,339.791,16.761,21.919
youtube_juggling_for_data_analysis_eh1I3SlZn48_075_090.mp4,400,6.673333,32,sports ball,0.250649,626.807,464.153,647.774,482.257,637.290,473.205,20.967,18.104
youtube_juggling_for_data_analysis_eh1I3SlZn48_075_090.mp4,401,6.690017,32,sports ball,0.742015,577.082,317.456,595.475,336.990,586.279,327.223,18.393,19.534
youtube_juggling_for_data_analysis_eh1I3SlZn48_075_090.mp4,401,6.690017,32,sports ball,0.654439,610.500,227.904,632.896,248.436,621.698,238.170,22.395,20.533
youtube_juggling_for_data_analysis_eh1I3SlZn48_075_090.mp4,401,6.690017,32,sports ball,0.589023,530.937,356.612,551.572,377.350,541.255,366.981,20.635,20.738
youtube_juggling_for_data_analysis_eh1I3SlZn48_075_090.mp4,401,6.690017,32,sports ball,0.439907,579.349,215.723,600.112,237.084,589.730,226.403,20.763,21.361
youtube_juggling_for_data_analysis_eh1I3SlZn48_075_090.mp4,401,6.690017,32,sports ball,0.363169,625.044,467.974,644.394,489.652,634.719,478.813,19.349,21.678
youtube_juggling_for_data_analysis_eh1I3SlZn48_075_090.mp4,402,6.706700,32,sports ball,0.744862,529.038,369.938,549.887,392.779,539.463,381.358,20.849,22.840
youtube_juggling_for_data_analysis_eh1I3SlZn48_075_090.mp4,402,6.706700,32,sports ball,0.567468,578.440,305.601,598.773,326.445,588.607,316.023,20.333,20.843
youtube_juggling_for_data_analysis_eh1I3SlZn48_075_090.mp4,402,6.706700,32,sports ball,0.464312,611.432,232.981,633.119,253.468,622.276,243.225,21.687,20.488
youtube_juggling_for_data_analysis_eh1I3SlZn48_075_090.mp4,402,6.706700,32,sports ball,0.226757,621.314,467.296,642.109,489.935,631.711,478.615,20.795,22.640
youtube_juggling_for_data_analysis_eh1I3SlZn48_075_090.mp4,402,6.706700,32,sports ball,0.175679,577.872,213.765,599.567,234.763,588.720,224.264,21.695,20.998
youtube_juggling_for_data_analysis_eh1I3SlZn48_075_090.mp4,403,6.723383,32,sports ball,0.648546,613.560,236.998,634.180,256.624,623.870,246.811,20.621,19.626
youtube_juggling_for_data_analysis_eh1I3SlZn48_075_090.mp4,403,6.723383,32,sports ball,0.610884,527.073,384.867,547.914,403.439,537.494,394.153,20.841,18.573
youtube_juggling_for_data_analysis_eh1I3SlZn48_075_090.mp4,403,6.723383,32,sports ball,0.570254,579.876,295.786,599.916,315.750,589.896,305.768,20.040,19.965
youtube_juggling_for_data_analysis_eh1I3SlZn48_075_090.mp4,403,6.723383,32,sports ball,0.428942,617.725,462.787,639.216,483.896,628.471,473.342,21.491,21.109
youtube_juggling_for_data_analysis_eh1I3SlZn48_075_090.mp4,403,6.723383,32,sports ball,0.427064,576.313,210.759,598.361,232.252,587.337,221.506,22.048,21.493
youtube_juggling_for_data_analysis_eh1I3SlZn48_075_090.mp4,404,6.740067,32,sports ball,0.696116,525.926,394.355,544.646,416.036,535.286,405.195,18.720,21.682
youtube_juggling_for_data_analysis_eh1I3SlZn48_075_090.mp4,404,6.740067,32,sports ball,0.674537,580.268,286.178,601.876,304.408,591.072,295.293,21.608,18.229
youtube_juggling_for_data_analysis_eh1I3SlZn48_075_090.mp4,404,6.740067,32,sports ball,0.569290,614.565,241.489,637.046,262.704,625.806,252.096,22.481,21.215
youtube_juggling_for_data_analysis_eh1I3SlZn48_075_090.mp4,404,6.740067,32,sports ball,0.497254,575.630,210.518,597.836,230.742,586.733,220.630,22.205,20.224
youtube_juggling_for_data_analysis_eh1I3SlZn48_075_090.mp4,404,6.740067,32,sports ball,0.319963,616.521,454.901,635.655,475.418,626.088,465.160,19.134,20.516
youtube_juggling_for_data_analysis_eh1I3SlZn48_075_090.mp4,404,6.740067,32,sports ball,0.156691,616.467,454.801,636.182,476.993,626.325,465.897,19.715,22.192
youtube_juggling_for_data_analysis_eh1I3SlZn48_075_090.mp4,405,6.756750,32,sports ball,0.711129,615.697,248.574,637.352,269.403,626.524,258.988,21.655,20.829
youtube_juggling_for_data_analysis_eh1I3SlZn48_075_090.mp4,405,6.756750,32,sports ball,0.673918,582.646,275.249,603.326,295.493,592.986,285.371,20.680,20.244
youtube_juggling_for_data_analysis_eh1I3SlZn48_075_090.mp4,405,6.756750,32,sports ball,0.667466,524.176,403.307,542.916,423.032,533.546,413.170,18.740,19.725
youtube_juggling_for_data_analysis_eh1I3SlZn48_075_090.mp4,405,6.756750,32,sports ball,0.658449,575.642,209.911,595.637,230.181,585.639,220.046,19.995,20.270
youtube_juggling_for_data_analysis_eh1I3SlZn48_075_090.mp4,405,6.756750,32,sports ball,0.293823,611.750,446.609,632.333,465.326,622.042,455.968,20.583,18.717
youtube_juggling_for_data_analysis_eh1I3SlZn48_075_090.mp4,405,6.756750,32,sports ball,0.246727,611.737,445.956,632.479,465.281,622.108,455.619,20.741,19.325
youtube_juggling_for_data_analysis_eh1I3SlZn48_075_090.mp4,406,6.773433,32,sports ball,0.549755,523.359,411.728,543.254,433.634,533.306,422.681,19.895,21.906
youtube_juggling_for_data_analysis_eh1I3SlZn48_075_090.mp4,406,6.773433,32,sports ball,0.514186,616.162,254.214,639.067,276.833,627.615,265.523,22.904,22.619
youtube_juggling_for_data_analysis_eh1I3SlZn48_075_090.mp4,406,6.773433,32,sports ball,0.362802,584.089,266.186,605.074,287.181,594.582,276.684,20.985,20.995
youtube_juggling_for_data_analysis_eh1I3SlZn48_075_090.mp4,406,6.773433,32,sports ball,0.294156,609.227,433.660,630.800,453.990,620.013,443.825,21.573,20.330
youtube_juggling_for_data_analysis_eh1I3SlZn48_075_090.mp4,406,6.773433,32,sports ball,0.213286,573.978,210.194,593.958,229.549,583.968,219.872,19.980,19.355
youtube_juggling_for_data_analysis_eh1I3SlZn48_075_090.mp4,407,6.790117,32,sports ball,0.864946,619.501,263.276,639.921,283.037,629.711,273.156,20.421,19.762
youtube_juggling_for_data_analysis_eh1I3SlZn48_075_090.mp4,407,6.790117,32,sports ball,0.862452,584.811,258.134,606.717,278.558,595.764,268.346,21.906,20.424
youtube_juggling_for_data_analysis_eh1I3SlZn48_075_090.mp4,407,6.790117,32,sports ball,0.727066,524.292,420.767,544.121,442.793,534.207,431.780,19.830,22.026
youtube_juggling_for_data_analysis_eh1I3SlZn48_075_090.mp4,407,6.790117,32,sports ball,0.640486,571.152,210.280,593.072,230.187,582.112,220.234,21.920,19.907
youtube_juggling_for_data_analysis_eh1I3SlZn48_075_090.mp4,407,6.790117,32,sports ball,0.478394,608.222,419.020,630.849,441.132,619.535,430.076,22.627,22.112
youtube_juggling_for_data_analysis_eh1I3SlZn48_075_090.mp4,408,6.806800,32,sports ball,0.559379,585.646,249.777,607.150,270.235,596.398,260.006,21.504,20.458
youtube_juggling_for_data_analysis_eh1I3SlZn48_075_090.mp4,408,6.806800,32,sports ball,0.544803,620.185,269.457,640.447,290.397,630.316,279.927,20.262,20.940
youtube_juggling_for_data_analysis_eh1I3SlZn48_075_090.mp4,408,6.806800,32,sports ball,0.521737,525.396,429.564,544.760,449.132,535.078,439.348,19.364,19.568
youtube_juggling_for_data_analysis_eh1I3SlZn48_075_090.mp4,408,6.806800,32,sports ball,0.341404,607.775,402.848,626.192,425.740,616.984,414.294,18.417,22.892
youtube_juggling_for_data_analysis_eh1I3SlZn48_075_090.mp4,408,6.806800,32,sports ball,0.288970,570.736,210.619,592.175,231.398,581.456,221.008,21.439,20.779
youtube_juggling_for_data_analysis_eh1I3SlZn48_075_090.mp4,409,6.823483,32,sports ball,0.580350,527.764,437.271,548.525,457.799,538.145,447.535,20.761,20.528
youtube_juggling_for_data_analysis_eh1I3SlZn48_075_090.mp4,409,6.823483,32,sports ball,0.430876,607.175,390.017,624.114,411.311,615.645,400.664,16.939,21.294
youtube_juggling_for_data_analysis_eh1I3SlZn48_075_090.mp4,409,6.823483,32,sports ball,0.276251,621.539,277.208,640.415,299.202,630.977,288.205,18.877,21.995
youtube_juggling_for_data_analysis_eh1I3SlZn48_075_090.mp4,409,6.823483,32,sports ball,0.248732,588.469,242.854,607.914,263.366,598.191,253.110,19.445,20.512
youtube_juggling_for_data_analysis_eh1I3SlZn48_075_090.mp4,410,6.840167,32,sports ball,0.755108,530.818,445.140,552.082,464.878,541.450,455.009,21.264,19.738
youtube_juggling_for_data_analysis_eh1I3SlZn48_075_090.mp4,410,6.840167,32,sports ball,0.582246,605.466,376.727,622.688,396.856,614.077,386.792,17.222,20.129
youtube_juggling_for_data_analysis_eh1I3SlZn48_075_090.mp4,410,6.840167,32,sports ball,0.518873,589.805,236.074,610.404,255.403,600.104,245.739,20.600,19.328
youtube_juggling_for_data_analysis_eh1I3SlZn48_075_090.mp4,410,6.840167,32,sports ball,0.416411,622.855,285.894,642.805,308.033,632.830,296.963,19.950,22.139
youtube_juggling_for_data_analysis_eh1I3SlZn48_075_090.mp4,410,6.840167,32,sports ball,0.407103,568.003,214.732,589.381,234.518,578.692,224.625,21.378,19.787
youtube_juggling_for_data_analysis_eh1I3SlZn48_075_090.mp4,411,6.856850,32,sports ball,0.642144,624.738,295.038,645.420,318.022,635.079,306.530,20.682,22.985
youtube_juggling_for_data_analysis_eh1I3SlZn48_075_090.mp4,411,6.856850,32,sports ball,0.591332,531.739,452.957,554.388,473.306,543.063,463.131,22.649,20.349
youtube_juggling_for_data_analysis_eh1I3SlZn48_075_090.mp4,411,6.856850,32,sports ball,0.483776,591.546,228.476,611.659,249.714,601.602,239.095,20.113,21.238
youtube_juggling_for_data_analysis_eh1I3SlZn48_075_090.mp4,411,6.856850,32,sports ball,0.471245,567.166,216.022,587.033,237.145,577.099,226.584,19.867,21.123
youtube_juggling_for_data_analysis_eh1I3SlZn48_075_090.mp4,411,6.856850,32,sports ball,0.266344,605.410,362.935,620.921,386.217,613.166,374.576,15.511,23.282
youtube_juggling_for_data_analysis_eh1I3SlZn48_075_090.mp4,412,6.873533,32,sports ball,0.276808,592.362,224.354,613.064,245.168,602.713,234.761,20.701,20.814
youtube_juggling_for_data_analysis_eh1I3SlZn48_075_090.mp4,412,6.873533,32,sports ball,0.233307,566.149,220.264,586.528,239.864,576.339,230.064,20.379,19.601
youtube_juggling_for_data_analysis_eh1I3SlZn48_075_090.mp4,412,6.873533,32,sports ball,0.213156,601.192,350.134,618.755,368.904,609.973,359.519,17.563,18.770
youtube_juggling_for_data_analysis_eh1I3SlZn48_075_090.mp4,412,6.873533,32,sports ball,0.182445,625.038,305.744,646.078,327.999,635.558,316.872,21.040,22.255
youtube_juggling_for_data_analysis_eh1I3SlZn48_075_090.mp4,413,6.890217,32,sports ball,0.455207,593.346,218.741,615.151,239.437,604.249,229.089,21.806,20.696
youtube_juggling_for_data_analysis_eh1I3SlZn48_075_090.mp4,413,6.890217,32,sports ball,0.275605,625.788,316.194,648.433,338.694,637.110,327.444,22.645,22.500
youtube_juggling_for_data_analysis_eh1I3SlZn48_075_090.mp4,414,6.906900,32,sports ball,0.618483,593.543,213.480,616.272,234.891,604.908,224.186,22.729,21.410
youtube_juggling_for_data_analysis_eh1I3SlZn48_075_090.mp4,414,6.906900,32,sports ball,0.600570,628.711,328.174,649.399,349.975,639.055,339.075,20.689,21.801
youtube_juggling_for_data_analysis_eh1I3SlZn48_075_090.mp4,414,6.906900,32,sports ball,0.405117,562.720,227.010,584.774,247.679,573.747,237.344,22.054,20.670
youtube_juggling_for_data_analysis_eh1I3SlZn48_075_090.mp4,414,6.906900,32,sports ball,0.316673,598.466,325.127,617.894,346.559,608.180,335.843,19.428,21.432
youtube_juggling_for_data_analysis_eh1I3SlZn48_075_090.mp4,415,6.923583,32,sports ball,0.566257,628.142,339.035,650.927,362.250,639.535,350.642,22.785,23.215
youtube_juggling_for_data_analysis_eh1I3SlZn48_075_090.mp4,415,6.923583,32,sports ball,0.549391,595.530,313.490,616.312,335.462,605.921,324.476,20.782,21.973
youtube_juggling_for_data_analysis_eh1I3SlZn48_075_090.mp4,415,6.923583,32,sports ball,0.497691,595.557,209.928,617.408,229.180,606.483,219.554,21.851,19.251
youtube_juggling_for_data_analysis_eh1I3SlZn48_075_090.mp4,415,6.923583,32,sports ball,0.401311,561.941,232.655,584.195,252.037,573.068,242.346,22.254,19.383
youtube_juggling_for_data_analysis_eh1I3SlZn48_075_090.mp4,416,6.940267,32,sports ball,0.609826,632.112,352.943,651.535,376.754,641.824,364.848,19.423,23.811
youtube_juggling_for_data_analysis_eh1I3SlZn48_075_090.mp4,416,6.940267,32,sports ball,0.418721,597.855,205.799,619.537,226.027,608.696,215.913,21.682,20.228
youtube_juggling_for_data_analysis_eh1I3SlZn48_075_090.mp4,416,6.940267,32,sports ball,0.387065,561.172,237.391,581.479,256.505,571.326,246.948,20.307,19.114
youtube_juggling_for_data_analysis_eh1I3SlZn48_075_090.mp4,416,6.940267,32,sports ball,0.319455,593.890,302.837,615.495,321.481,604.692,312.159,21.605,18.644
youtube_juggling_for_data_analysis_eh1I3SlZn48_075_090.mp4,417,6.956950,32,sports ball,0.579430,633.758,365.533,654.615,385.076,644.186,375.305,20.856,19.543
youtube_juggling_for_data_analysis_eh1I3SlZn48_075_090.mp4,417,6.956950,32,sports ball,0.335811,593.090,291.927,612.399,313.664,602.744,302.796,19.309,21.736
youtube_juggling_for_data_analysis_eh1I3SlZn48_075_090.mp4,417,6.956950,32,sports ball,0.216639,598.630,202.707,620.593,223.316,609.611,213.011,21.963,20.609
youtube_juggling_for_data_analysis_eh1I3SlZn48_075_090.mp4,417,6.956950,32,sports ball,0.187734,559.791,242.862,580.125,264.030,569.958,253.446,20.334,21.167
youtube_juggling_for_data_analysis_eh1I3SlZn48_075_090.mp4,418,6.973633,32,sports ball,0.459532,634.569,378.771,655.232,399.942,644.900,389.357,20.663,21.171
youtube_juggling_for_data_analysis_eh1I3SlZn48_075_090.mp4,418,6.973633,32,sports ball,0.419573,558.685,249.824,579.651,270.301,569.168,260.062,20.966,20.478
youtube_juggling_for_data_analysis_eh1I3SlZn48_075_090.mp4,418,6.973633,32,sports ball,0.275541,600.407,201.198,621.996,220.925,611.201,211.061,21.589,19.728
youtube_juggling_for_data_analysis_eh1I3SlZn48_075_090.mp4,418,6.973633,32,sports ball,0.270815,592.190,282.671,610.650,304.336,601.420,293.504,18.460,21.665
youtube_juggling_for_data_analysis_eh1I3SlZn48_075_090.mp4,418,6.973633,32,sports ball,0.206515,557.209,465.953,576.215,484.303,566.712,475.128,19.006,18.350
youtube_juggling_for_data_analysis_eh1I3SlZn48_075_090.mp4,419,6.990317,32,sports ball,0.492056,635.202,388.017,654.331,410.136,644.767,399.077,19.129,22.119
youtube_juggling_for_data_analysis_eh1I3SlZn48_075_090.mp4,419,6.990317,32,sports ball,0.461913,557.609,256.630,578.921,278.620,568.265,267.625,21.312,21.990
youtube_juggling_for_data_analysis_eh1I3SlZn48_075_090.mp4,419,6.990317,32,sports ball,0.401579,601.149,197.110,624.385,218.274,612.767,207.692,23.236,21.164
youtube_juggling_for_data_analysis_eh1I3SlZn48_075_090.mp4,419,6.990317,32,sports ball,0.371986,589.957,273.840,609.835,295.024,599.896,284.432,19.878,21.184
youtube_juggling_for_data_analysis_eh1I3SlZn48_075_090.mp4,419,6.990317,32,sports ball,0.203854,557.548,453.310,578.192,476.353,567.870,464.831,20.644,23.043
youtube_juggling_for_data_analysis_eh1I3SlZn48_075_090.mp4,420,7.007000,32,sports ball,0.511190,635.052,398.168,654.214,417.186,644.633,407.677,19.161,19.018
youtube_juggling_for_data_analysis_eh1I3SlZn48_075_090.mp4,420,7.007000,32,sports ball,0.365873,602.369,197.184,624.605,216.513,613.487,206.849,22.236,19.329
youtube_juggling_for_data_analysis_eh1I3SlZn48_075_090.mp4,420,7.007000,32,sports ball,0.278051,554.876,265.014,575.930,285.508,565.403,275.261,21.054,20.494
youtube_juggling_for_data_analysis_eh1I3SlZn48_075_090.mp4,420,7.007000,32,sports ball,0.274858,558.980,445.679,580.688,465.616,569.834,455.647,21.709,19.936
youtube_juggling_for_data_analysis_eh1I3SlZn48_075_090.mp4,420,7.007000,32,sports ball,0.183206,588.259,264.961,608.373,286.986,598.316,275.973,20.113,22.025
youtube_juggling_for_data_analysis_eh1I3SlZn48_075_090.mp4,421,7.023683,32,sports ball,0.655769,586.745,257.652,607.767,279.066,597.256,268.359,21.022,21.413
youtube_juggling_for_data_analysis_eh1I3SlZn48_075_090.mp4,421,7.023683,32,sports ball,0.529696,554.321,273.140,575.194,293.665,564.757,283.403,20.872,20.526
youtube_juggling_for_data_analysis_eh1I3SlZn48_075_090.mp4,421,7.023683,32,sports ball,0.523057,604.151,194.811,625.761,216.626,614.956,205.719,21.610,21.815
youtube_juggling_for_data_analysis_eh1I3SlZn48_075_090.mp4,421,7.023683,32,sports ball,0.313468,634.243,407.465,655.224,429.493,644.734,418.479,20.980,22.028
youtube_juggling_for_data_analysis_eh1I3SlZn48_075_090.mp4,422,7.040367,32,sports ball,0.570626,606.462,195.261,627.755,216.555,617.108,205.908,21.293,21.294
youtube_juggling_for_data_analysis_eh1I3SlZn48_075_090.mp4,422,7.040367,32,sports ball,0.512286,584.598,250.455,606.665,270.922,595.631,260.688,22.067,20.467
youtube_juggling_for_data_analysis_eh1I3SlZn48_075_090.mp4,422,7.040367,32,sports ball,0.478004,552.962,281.201,574.124,301.788,563.543,291.495,21.162,20.587
youtube_juggling_for_data_analysis_eh1I3SlZn48_075_090.mp4,422,7.040367,32,sports ball,0.305218,633.219,417.979,655.105,438.382,644.162,428.181,21.886,20.403
youtube_juggling_for_data_analysis_eh1I3SlZn48_075_090.mp4,422,7.040367,32,sports ball,0.282638,564.443,417.094,583.603,436.564,574.023,426.829,19.159,19.470
youtube_juggling_for_data_analysis_eh1I3SlZn48_075_090.mp4,422,7.040367,32,sports ball,0.181769,633.931,417.076,654.562,431.759,644.246,424.418,20.631,14.682
youtube_juggling_for_data_analysis_eh1I3SlZn48_075_090.mp4,423,7.057050,32,sports ball,0.580753,567.745,401.229,585.560,421.740,576.652,411.485,17.814,20.511
youtube_juggling_for_data_analysis_eh1I3SlZn48_075_090.mp4,423,7.057050,32,sports ball,0.531210,608.833,195.265,629.201,216.753,619.017,206.009,20.368,21.488
youtube_juggling_for_data_analysis_eh1I3SlZn48_075_090.mp4,423,7.057050,32,sports ball,0.399338,583.157,242.376,606.133,264.672,594.645,253.524,22.976,22.296
youtube_juggling_for_data_analysis_eh1I3SlZn48_075_090.mp4,423,7.057050,32,sports ball,0.277487,632.876,425.288,650.100,443.017,641.488,434.152,17.224,17.729
youtube_juggling_for_data_analysis_eh1I3SlZn48_075_090.mp4,423,7.057050,32,sports ball,0.151826,632.207,425.370,649.861,449.085,641.034,437.228,17.654,23.715
youtube_juggling_for_data_analysis_eh1I3SlZn48_075_090.mp4,424,7.073733,32,sports ball,0.701850,568.326,385.925,587.389,407.459,577.857,396.692,19.062,21.534
youtube_juggling_for_data_analysis_eh1I3SlZn48_075_090.mp4,424,7.073733,32,sports ball,0.559314,610.116,196.135,630.869,216.656,620.493,206.396,20.753,20.521
youtube_juggling_for_data_analysis_eh1I3SlZn48_075_090.mp4,424,7.073733,32,sports ball,0.411372,584.042,237.491,602.508,257.050,593.275,247.270,18.465,19.559
youtube_juggling_for_data_analysis_eh1I3SlZn48_075_090.mp4,424,7.073733,32,sports ball,0.198243,630.656,434.479,650.112,456.771,640.384,445.625,19.455,22.293
youtube_juggling_for_data_analysis_eh1I3SlZn48_075_090.mp4,424,7.073733,32,sports ball,0.156035,550.532,299.129,571.521,320.022,561.027,309.575,20.989,20.893
youtube_juggling_for_data_analysis_eh1I3SlZn48_075_090.mp4,425,7.090417,32,sports ball,0.633367,581.116,232.819,601.390,251.056,591.253,241.937,20.275,18.237
youtube_juggling_for_data_analysis_eh1I3SlZn48_075_090.mp4,425,7.090417,32,sports ball,0.617902,610.716,197.824,632.646,217.449,621.681,207.636,21.931,19.625
youtube_juggling_for_data_analysis_eh1I3SlZn48_075_090.mp4,425,7.090417,32,sports ball,0.550586,569.517,372.586,586.499,392.778,578.008,382.682,16.983,20.192
youtube_juggling_for_data_analysis_eh1I3SlZn48_075_090.mp4,425,7.090417,32,sports ball,0.212796,550.383,309.884,570.509,331.259,560.446,320.572,20.126,21.375
youtube_juggling_for_data_analysis_eh1I3SlZn48_075_090.mp4,426,7.107100,32,sports ball,0.659762,549.328,321.168,569.441,342.520,559.385,331.844,20.113,21.352
youtube_juggling_for_data_analysis_eh1I3SlZn48_075_090.mp4,426,7.107100,32,sports ball,0.643104,572.015,359.473,590.015,378.239,581.015,368.856,18.000,18.767
youtube_juggling_for_data_analysis_eh1I3SlZn48_075_090.mp4,426,7.107100,32,sports ball,0.488100,580.468,226.574,599.614,246.290,590.041,236.432,19.146,19.717
youtube_juggling_for_data_analysis_eh1I3SlZn48_075_090.mp4,426,7.107100,32,sports ball,0.449409,611.735,198.581,633.173,220.095,622.454,209.338,21.439,21.514
youtube_juggling_for_data_analysis_eh1I3SlZn48_075_090.mp4,426,7.107100,32,sports ball,0.227706,625.576,449.641,647.042,471.777,636.309,460.709,21.465,22.136
youtube_juggling_for_data_analysis_eh1I3SlZn48_075_090.mp4,427,7.123783,32,sports ball,0.553709,547.891,332.483,567.486,352.596,557.689,342.540,19.595,20.113
youtube_juggling_for_data_analysis_eh1I3SlZn48_075_090.mp4,427,7.123783,32,sports ball,0.496006,575.127,346.774,591.916,367.596,583.521,357.185,16.789,20.822
youtube_juggling_for_data_analysis_eh1I3SlZn48_075_090.mp4,427,7.123783,32,sports ball,0.321357,613.356,201.037,634.908,222.732,624.132,211.884,21.552,21.695
youtube_juggling_for_data_analysis_eh1I3SlZn48_075_090.mp4,427,7.123783,32,sports ball,0.222387,579.654,222.025,598.944,242.321,589.299,232.173,19.290,20.296
youtube_juggling_for_data_analysis_eh1I3SlZn48_075_090.mp4,427,7.123783,32,sports ball,0.178842,613.824,201.424,634.769,222.817,624.297,212.120,20.945,21.393
youtube_juggling_for_data_analysis_eh1I3SlZn48_075_090.mp4,428,7.140467,32,sports ball,0.498069,614.658,204.318,637.236,225.442,625.947,214.880,22.578,21.124
youtube_juggling_for_data_analysis_eh1I3SlZn48_075_090.mp4,428,7.140467,32,sports ball,0.453180,546.734,344.312,566.714,365.383,556.724,354.847,19.980,21.071
youtube_juggling_for_data_analysis_eh1I3SlZn48_075_090.mp4,428,7.140467,32,sports ball,0.397801,577.510,217.598,597.458,237.697,587.484,227.648,19.948,20.099
youtube_juggling_for_data_analysis_eh1I3SlZn48_075_090.mp4,428,7.140467,32,sports ball,0.316286,575.723,334.876,592.100,353.559,583.911,344.218,16.377,18.684
youtube_juggling_for_data_analysis_eh1I3SlZn48_075_090.mp4,429,7.157150,32,sports ball,0.669870,545.047,357.175,565.224,379.362,555.136,368.269,20.177,22.187
youtube_juggling_for_data_analysis_eh1I3SlZn48_075_090.mp4,429,7.157150,32,sports ball,0.483822,577.007,322.513,593.747,343.487,585.377,333.000,16.740,20.974
youtube_juggling_for_data_analysis_eh1I3SlZn48_075_090.mp4,429,7.157150,32,sports ball,0.431050,615.490,206.451,637.931,227.959,626.711,217.205,22.442,21.508
youtube_juggling_for_data_analysis_eh1I3SlZn48_075_090.mp4,429,7.157150,32,sports ball,0.285087,576.098,214.890,596.617,234.203,586.357,224.546,20.519,19.313
youtube_juggling_for_data_analysis_eh1I3SlZn48_075_090.mp4,430,7.173833,32,sports ball,0.712127,576.620,311.048,597.857,332.506,587.239,321.777,21.237,21.458
youtube_juggling_for_data_analysis_eh1I3SlZn48_075_090.mp4,430,7.173833,32,sports ball,0.641120,617.815,210.660,638.611,232.023,628.213,221.342,20.796,21.363
youtube_juggling_for_data_analysis_eh1I3SlZn48_075_090.mp4,430,7.173833,32,sports ball,0.527030,544.912,370.504,563.187,391.426,554.049,380.965,18.275,20.922
youtube_juggling_for_data_analysis_eh1I3SlZn48_075_090.mp4,430,7.173833,32,sports ball,0.475689,576.158,211.410,594.692,231.050,585.425,221.230,18.534,19.641
youtube_juggling_for_data_analysis_eh1I3SlZn48_075_090.mp4,431,7.190517,32,sports ball,0.738131,619.732,214.725,640.482,236.989,630.107,225.857,20.750,22.264
youtube_juggling_for_data_analysis_eh1I3SlZn48_075_090.mp4,431,7.190517,32,sports ball,0.708136,578.924,300.188,599.559,320.513,589.241,310.350,20.635,20.325
youtube_juggling_for_data_analysis_eh1I3SlZn48_075_090.mp4,431,7.190517,32,sports ball,0.485264,573.047,208.921,592.900,228.406,582.974,218.663,19.852,19.485
youtube_juggling_for_data_analysis_eh1I3SlZn48_075_090.mp4,431,7.190517,32,sports ball,0.181331,544.137,385.170,560.521,401.468,552.329,393.319,16.384,16.298
youtube_juggling_for_data_analysis_eh1I3SlZn48_075_090.mp4,432,7.207200,32,sports ball,0.635751,620.809,221.067,640.260,242.447,630.534,231.757,19.451,21.380
youtube_juggling_for_data_analysis_eh1I3SlZn48_075_090.mp4,432,7.207200,32,sports ball,0.574775,580.799,290.924,601.405,311.581,591.102,301.252,20.606,20.656
youtube_juggling_for_data_analysis_eh1I3SlZn48_075_090.mp4,432,7.207200,32,sports ball,0.317417,571.480,206.424,591.926,226.201,581.703,216.313,20.445,19.776
youtube_juggling_for_data_analysis_eh1I3SlZn48_075_090.mp4,432,7.207200,32,sports ball,0.316835,541.195,394.429,560.016,410.348,550.606,402.388,18.820,15.919
youtube_juggling_for_data_analysis_eh1I3SlZn48_075_090.mp4,432,7.207200,32,sports ball,0.302415,541.635,395.541,559.804,412.086,550.720,403.814,18.168,16.545
youtube_juggling_for_data_analysis_eh1I3SlZn48_075_090.mp4,433,7.223883,32,sports ball,0.602733,581.575,280.936,602.762,301.470,592.169,291.203,21.187,20.534
youtube_juggling_for_data_analysis_eh1I3SlZn48_075_090.mp4,433,7.223883,32,sports ball,0.594136,538.741,401.787,559.752,420.224,549.247,411.005,21.011,18.438
youtube_juggling_for_data_analysis_eh1I3SlZn48_075_090.mp4,433,7.223883,32,sports ball,0.557480,623.994,226.523,642.508,247.161,633.251,236.842,18.514,20.638
youtube_juggling_for_data_analysis_eh1I3SlZn48_075_090.mp4,433,7.223883,32,sports ball,0.349013,570.296,205.572,590.365,225.195,580.331,215.384,20.069,19.623
youtube_juggling_for_data_analysis_eh1I3SlZn48_075_090.mp4,434,7.240567,32,sports ball,0.438086,624.370,233.043,644.669,252.612,634.520,242.827,20.300,19.569
youtube_juggling_for_data_analysis_eh1I3SlZn48_075_090.mp4,434,7.240567,32,sports ball,0.348532,584.524,272.674,604.104,292.432,594.314,282.553,19.580,19.758
youtube_juggling_for_data_analysis_eh1I3SlZn48_075_090.mp4,434,7.240567,32,sports ball,0.208452,537.601,410.577,557.312,431.619,547.457,421.098,19.710,21.043
youtube_juggling_for_data_analysis_eh1I3SlZn48_075_090.mp4,434,7.240567,32,sports ball,0.183005,609.748,434.680,630.584,454.597,620.166,444.638,20.836,19.917
youtube_juggling_for_data_analysis_eh1I3SlZn48_075_090.mp4,435,7.257250,32,sports ball,0.582126,624.729,238.776,645.653,259.618,635.191,249.197,20.924,20.843
youtube_juggling_for_data_analysis_eh1I3SlZn48_075_090.mp4,435,7.257250,32,sports ball,0.547913,536.503,419.742,555.046,437.690,545.775,428.716,18.542,17.948
youtube_juggling_for_data_analysis_eh1I3SlZn48_075_090.mp4,435,7.257250,32,sports ball,0.546171,584.753,264.559,605.828,285.842,595.290,275.201,21.075,21.283
youtube_juggling_for_data_analysis_eh1I3SlZn48_075_090.mp4,435,7.257250,32,sports ball,0.468000,607.971,421.353,628.446,442.871,618.208,432.112,20.475,21.517
youtube_juggling_for_data_analysis_eh1I3SlZn48_075_090.mp4,435,7.257250,32,sports ball,0.320010,607.709,421.935,628.773,444.035,618.241,432.985,21.064,22.100
youtube_juggling_for_data_analysis_eh1I3SlZn48_075_090.mp4,435,7.257250,32,sports ball,0.202389,566.949,202.550,588.970,224.179,577.959,213.365,22.020,21.628
youtube_juggling_for_data_analysis_eh1I3SlZn48_075_090.mp4,436,7.273933,32,sports ball,0.600546,586.156,257.031,606.766,278.206,596.461,267.618,20.610,21.176
youtube_juggling_for_data_analysis_eh1I3SlZn48_075_090.mp4,436,7.273933,32,sports ball,0.578626,626.505,245.439,647.007,266.920,636.756,256.180,20.502,21.481
youtube_juggling_for_data_analysis_eh1I3SlZn48_075_090.mp4,436,7.273933,32,sports ball,0.507424,607.495,407.469,627.834,432.910,617.664,420.189,20.339,25.441
youtube_juggling_for_data_analysis_eh1I3SlZn48_075_090.mp4,436,7.273933,32,sports ball,0.500480,535.606,427.482,556.259,448.259,545.932,437.870,20.652,20.777
youtube_juggling_for_data_analysis_eh1I3SlZn48_075_090.mp4,436,7.273933,32,sports ball,0.287125,566.480,202.882,587.852,224.210,577.166,213.546,21.372,21.328
youtube_juggling_for_data_analysis_eh1I3SlZn48_075_090.mp4,437,7.290617,32,sports ball,0.782352,588.021,249.999,607.880,271.342,597.951,260.670,19.860,21.343
youtube_juggling_for_data_analysis_eh1I3SlZn48_075_090.mp4,437,7.290617,32,sports ball,0.689309,627.380,254.593,650.124,273.127,638.752,263.860,22.744,18.534
youtube_juggling_for_data_analysis_eh1I3SlZn48_075_090.mp4,437,7.290617,32,sports ball,0.447282,564.504,204.366,585.089,224.411,574.797,214.389,20.585,20.045
youtube_juggling_for_data_analysis_eh1I3SlZn48_075_090.mp4,437,7.290617,32,sports ball,0.268379,535.653,435.453,557.644,457.719,546.648,446.586,21.991,22.265
youtube_juggling_for_data_analysis_eh1I3SlZn48_075_090.mp4,438,7.307300,32,sports ball,0.738085,629.295,263.436,650.012,281.476,639.653,272.456,20.718,18.040
youtube_juggling_for_data_analysis_eh1I3SlZn48_075_090.mp4,438,7.307300,32,sports ball,0.729009,588.303,243.344,608.012,264.830,598.158,254.087,19.709,21.486
youtube_juggling_for_data_analysis_eh1I3SlZn48_075_090.mp4,438,7.307300,32,sports ball,0.638728,562.370,205.785,584.660,225.363,573.515,215.574,22.291,19.578
youtube_juggling_for_data_analysis_eh1I3SlZn48_075_090.mp4,438,7.307300,32,sports ball,0.268121,536.839,443.408,557.927,465.358,547.383,454.383,21.088,21.950
youtube_juggling_for_data_analysis_eh1I3SlZn48_075_090.mp4,439,7.323983,32,sports ball,0.763816,590.111,237.413,609.598,258.385,599.854,247.899,19.487,20.972
youtube_juggling_for_data_analysis_eh1I3SlZn48_075_090.mp4,439,7.323983,32,sports ball,0.650378,561.892,207.061,582.410,227.255,572.151,217.158,20.519,20.194
youtube_juggling_for_data_analysis_eh1I3SlZn48_075_090.mp4,439,7.323983,32,sports ball,0.633359,632.432,272.362,652.510,289.336,642.471,280.849,20.079,16.974
youtube_juggling_for_data_analysis_eh1I3SlZn48_075_090.mp4,439,7.323983,32,sports ball,0.194037,537.780,450.742,559.282,472.497,548.531,461.619,21.502,21.755
youtube_juggling_for_data_analysis_eh1I3SlZn48_075_090.mp4,440,7.340667,32,sports ball,0.781675,592.662,232.489,610.820,252.809,601.741,242.649,18.158,20.320
youtube_juggling_for_data_analysis_eh1I3SlZn48_075_090.mp4,440,7.340667,32,sports ball,0.771730,560.883,210.773,580.510,229.386,570.696,220.079,19.627,18.612
youtube_juggling_for_data_analysis_eh1I3SlZn48_075_090.mp4,440,7.340667,32,sports ball,0.676950,633.329,280.662,654.746,301.862,644.037,291.262,21.416,21.200
youtube_juggling_for_data_analysis_eh1I3SlZn48_075_090.mp4,440,7.340667,32,sports ball,0.385432,539.658,457.155,561.634,479.695,550.646,468.425,21.976,22.539
youtube_juggling_for_data_analysis_eh1I3SlZn48_075_090.mp4,441,7.357350,32,sports ball,0.770708,592.896,226.680,613.195,247.696,603.046,237.188,20.299,21.015
youtube_juggling_for_data_analysis_eh1I3SlZn48_075_090.mp4,441,7.357350,32,sports ball,0.769989,634.291,290.650,655.019,312.600,644.655,301.625,20.728,21.950
youtube_juggling_for_data_analysis_eh1I3SlZn48_075_090.mp4,441,7.357350,32,sports ball,0.765617,558.495,211.387,579.706,234.204,569.100,222.795,21.211,22.817
youtube_juggling_for_data_analysis_eh1I3SlZn48_075_090.mp4,441,7.357350,32,sports ball,0.431854,539.972,461.887,562.898,485.814,551.435,473.850,22.926,23.928
youtube_juggling_for_data_analysis_eh1I3SlZn48_075_090.mp4,442,7.374033,32,sports ball,0.771798,635.624,299.306,655.546,321.200,645.585,310.253,19.922,21.894
youtube_juggling_for_data_analysis_eh1I3SlZn48_075_090.mp4,442,7.374033,32,sports ball,0.771254,557.303,215.115,578.025,237.013,567.664,226.064,20.722,21.898
youtube_juggling_for_data_analysis_eh1I3SlZn48_075_090.mp4,442,7.374033,32,sports ball,0.725679,593.507,224.404,614.578,242.692,604.043,233.548,21.071,18.289
youtube_juggling_for_data_analysis_eh1I3SlZn48_075_090.mp4,443,7.390717,32,sports ball,0.755663,556.424,220.174,576.016,240.288,566.220,230.231,19.592,20.114
youtube_juggling_for_data_analysis_eh1I3SlZn48_075_090.mp4,443,7.390717,32,sports ball,0.702321,594.258,218.456,616.260,239.051,605.259,228.754,22.003,20.595
youtube_juggling_for_data_analysis_eh1I3SlZn48_075_090.mp4,443,7.390717,32,sports ball,0.682853,639.662,313.463,657.186,334.157,648.424,323.810,17.524,20.694
youtube_juggling_for_data_analysis_eh1I3SlZn48_075_090.mp4,443,7.390717,32,sports ball,0.510704,594.791,320.134,615.380,336.604,605.086,328.369,20.588,16.470
youtube_juggling_for_data_analysis_eh1I3SlZn48_075_090.mp4,443,7.390717,32,sports ball,0.166990,595.677,320.309,615.521,336.754,605.599,328.532,19.844,16.444
youtube_juggling_for_data_analysis_eh1I3SlZn48_075_090.mp4,444,7.407400,32,sports ball,0.669789,640.068,324.552,658.625,345.120,649.346,334.836,18.558,20.568
youtube_juggling_for_data_analysis_eh1I3SlZn48_075_090.mp4,444,7.407400,32,sports ball,0.527380,595.248,214.493,617.734,236.308,606.491,225.400,22.486,21.815
youtube_juggling_for_data_analysis_eh1I3SlZn48_075_090.mp4,444,7.407400,32,sports ball,0.443279,554.896,224.211,575.025,245.152,564.960,234.682,20.129,20.940
youtube_juggling_for_data_analysis_eh1I3SlZn48_075_090.mp4,444,7.407400,32,sports ball,0.260578,547.749,476.886,568.615,496.766,558.182,486.826,20.866,19.880
youtube_juggling_for_data_analysis_eh1I3SlZn48_075_090.mp4,444,7.407400,32,sports ball,0.251134,593.454,307.871,614.850,328.730,604.152,318.301,21.395,20.860
youtube_juggling_for_data_analysis_eh1I3SlZn48_075_090.mp4,445,7.424083,32,sports ball,0.844514,641.973,337.478,659.615,358.300,650.794,347.889,17.641,20.822
youtube_juggling_for_data_analysis_eh1I3SlZn48_075_090.mp4,445,7.424083,32,sports ball,0.611234,593.430,298.679,613.856,320.489,603.643,309.584,20.426,21.810
youtube_juggling_for_data_analysis_eh1I3SlZn48_075_090.mp4,445,7.424083,32,sports ball,0.606514,597.513,211.137,619.753,234.493,608.633,222.815,22.240,23.356
youtube_juggling_for_data_analysis_eh1I3SlZn48_075_090.mp4,445,7.424083,32,sports ball,0.586140,553.586,227.810,574.452,249.404,564.019,238.607,20.866,21.594
youtube_juggling_for_data_analysis_eh1I3SlZn48_075_090.mp4,445,7.424083,32,sports ball,0.348210,550.183,475.033,571.137,496.958,560.660,485.995,20.954,21.925
youtube_juggling_for_data_analysis_eh1I3SlZn48_075_090.mp4,445,7.424083,32,sports ball,0.332919,598.353,211.643,619.512,234.007,608.933,222.825,21.159,22.364
youtube_juggling_for_data_analysis_eh1I3SlZn48_075_090.mp4,446,7.440767,32,sports ball,0.765511,642.888,349.553,662.703,371.153,652.795,360.353,19.815,21.600
youtube_juggling_for_data_analysis_eh1I3SlZn48_075_090.mp4,446,7.440767,32,sports ball,0.726417,592.343,290.372,612.462,312.647,602.403,301.509,20.119,22.275
youtube_juggling_for_data_analysis_eh1I3SlZn48_075_090.mp4,446,7.440767,32,sports ball,0.713229,599.050,209.877,620.962,229.877,610.006,219.877,21.912,20.000
youtube_juggling_for_data_analysis_eh1I3SlZn48_075_090.mp4,446,7.440767,32,sports ball,0.484315,551.632,232.268,572.884,255.222,562.258,243.745,21.253,22.954
youtube_juggling_for_data_analysis_eh1I3SlZn48_075_090.mp4,446,7.440767,32,sports ball,0.480425,552.374,473.154,574.333,493.916,563.353,483.535,21.960,20.762
youtube_juggling_for_data_analysis_eh1I3SlZn48_075_090.mp4,447,7.457450,32,sports ball,0.838484,549.780,240.498,571.043,260.016,560.411,250.257,21.264,19.518
youtube_juggling_for_data_analysis_eh1I3SlZn48_075_090.mp4,447,7.457450,32,sports ball,0.806352,600.719,209.143,621.806,228.455,611.262,218.799,21.088,19.312
youtube_juggling_for_data_analysis_eh1I3SlZn48_075_090.mp4,447,7.457450,32,sports ball,0.783053,590.860,281.158,610.709,302.939,600.785,292.048,19.849,21.781
youtube_juggling_for_data_analysis_eh1I3SlZn48_075_090.mp4,447,7.457450,32,sports ball,0.744449,643.468,363.460,664.248,384.601,653.858,374.031,20.779,21.142
youtube_juggling_for_data_analysis_eh1I3SlZn48_075_090.mp4,447,7.457450,32,sports ball,0.294303,553.698,462.145,575.072,487.964,564.385,475.055,21.374,25.820
youtube_juggling_for_data_analysis_eh1I3SlZn48_075_090.mp4,448,7.474133,32,sports ball,0.791396,601.689,206.294,623.881,226.894,612.785,216.594,22.192,20.600
youtube_juggling_for_data_analysis_eh1I3SlZn48_075_090.mp4,448,7.474133,32,sports ball,0.783046,589.394,272.613,609.987,295.941,599.691,284.277,20.593,23.328
youtube_juggling_for_data_analysis_eh1I3SlZn48_075_090.mp4,448,7.474133,32,sports ball,0.776695,548.042,247.336,570.080,267.652,559.061,257.494,22.038,20.316
youtube_juggling_for_data_analysis_eh1I3SlZn48_075_090.mp4,448,7.474133,32,sports ball,0.428678,646.869,376.480,665.599,401.517,656.234,388.999,18.729,25.037
youtube_juggling_for_data_analysis_eh1I3SlZn48_075_090.mp4,448,7.474133,32,sports ball,0.373289,556.663,456.326,576.467,478.571,566.565,467.449,19.803,22.246
youtube_juggling_for_data_analysis_eh1I3SlZn48_075_090.mp4,449,7.490817,32,sports ball,0.742238,546.306,255.254,567.741,273.826,557.023,264.540,21.435,18.572
youtube_juggling_for_data_analysis_eh1I3SlZn48_075_090.mp4,449,7.490817,32,sports ball,0.720860,588.514,266.284,609.015,288.943,598.764,277.614,20.501,22.659
youtube_juggling_for_data_analysis_eh1I3SlZn48_075_090.mp4,449,7.490817,32,sports ball,0.709857,602.510,205.528,625.282,226.761,613.896,216.144,22.772,21.233
youtube_juggling_for_data_analysis_eh1I3SlZn48_075_090.mp4,449,7.490817,32,sports ball,0.381548,647.516,385.953,665.417,401.969,656.466,393.961,17.901,16.016
youtube_juggling_for_data_analysis_eh1I3SlZn48_075_090.mp4,449,7.490817,32,sports ball,0.317163,647.771,385.734,665.668,398.533,656.720,392.133,17.896,12.799
youtube_juggling_for_data_analysis_eh1I3SlZn48_075_090.mp4,449,7.490817,32,sports ball,0.210425,557.581,446.808,577.684,466.613,567.633,456.711,20.103,19.805
youtube_juggling_for_data_analysis_eh1I3SlZn48_075_090.mp4,450,7.507500,32,sports ball,0.835795,586.925,258.954,607.701,281.617,597.313,270.285,20.776,22.663
youtube_juggling_for_data_analysis_eh1I3SlZn48_075_090.mp4,450,7.507500,32,sports ball,0.720465,604.602,205.616,626.195,226.255,615.398,215.935,21.593,20.638
youtube_juggling_for_data_analysis_eh1I3SlZn48_075_090.mp4,450,7.507500,32,sports ball,0.716312,545.613,260.415,566.697,281.831,556.155,271.123,21.084,21.417
youtube_juggling_for_data_analysis_eh1I3SlZn48_075_090.mp4,450,7.507500,32,sports ball,0.472759,648.079,394.154,664.438,411.034,656.258,402.594,16.359,16.880
youtube_juggling_for_data_analysis_eh1I3SlZn48_075_090.mp4,450,7.507500,32,sports ball,0.405915,647.994,394.909,664.459,413.473,656.226,404.191,16.464,18.564
youtube_juggling_for_data_analysis_eh1I3SlZn48_075_090.mp4,450,7.507500,32,sports ball,0.275816,559.776,433.790,581.550,454.050,570.663,443.920,21.773,20.260
youtube_juggling_for_data_analysis_eh1I3SlZn48_075_090.mp4,451,7.524183,32,sports ball,0.802945,544.833,268.817,565.303,290.260,555.068,279.539,20.471,21.442
youtube_juggling_for_data_analysis_eh1I3SlZn48_075_090.mp4,451,7.524183,32,sports ball,0.755828,606.931,206.214,628.131,225.632,617.531,215.923,21.200,19.417
youtube_juggling_for_data_analysis_eh1I3SlZn48_075_090.mp4,451,7.524183,32,sports ball,0.739364,585.098,253.739,606.645,273.476,595.871,263.608,21.547,19.737
youtube_juggling_for_data_analysis_eh1I3SlZn48_075_090.mp4,451,7.524183,32,sports ball,0.445861,646.125,403.123,664.451,419.283,655.288,411.203,18.326,16.160
youtube_juggling_for_data_analysis_eh1I3SlZn48_075_090.mp4,451,7.524183,32,sports ball,0.406144,560.555,418.341,582.800,441.112,571.677,429.727,22.246,22.771
youtube_juggling_for_data_analysis_eh1I3SlZn48_075_090.mp4,452,7.540867,32,sports ball,0.730487,543.132,278.514,564.155,299.388,553.643,288.951,21.024,20.874
youtube_juggling_for_data_analysis_eh1I3SlZn48_075_090.mp4,452,7.540867,32,sports ball,0.587936,607.198,207.661,628.195,227.450,617.696,217.555,20.997,19.789
youtube_juggling_for_data_analysis_eh1I3SlZn48_075_090.mp4,452,7.540867,32,sports ball,0.510083,584.267,247.079,606.098,268.502,595.182,257.790,21.831,21.424
youtube_juggling_for_data_analysis_eh1I3SlZn48_075_090.mp4,452,7.540867,32,sports ball,0.288145,566.229,402.746,584.229,425.008,575.229,413.877,18.000,22.262
youtube_juggling_for_data_analysis_eh1I3SlZn48_075_090.mp4,452,7.540867,32,sports ball,0.210297,643.082,412.019,662.083,432.270,652.583,422.144,19.001,20.251
youtube_juggling_for_data_analysis_eh1I3SlZn48_075_090.mp4,453,7.557550,32,sports ball,0.713197,568.317,390.884,586.430,410.113,577.373,400.498,18.113,19.229
youtube_juggling_for_data_analysis_eh1I3SlZn48_075_090.mp4,453,7.557550,32,sports ball,0.509590,609.560,209.427,629.507,228.804,619.533,219.116,19.947,19.377
youtube_juggling_for_data_analysis_eh1I3SlZn48_075_090.mp4,453,7.557550,32,sports ball,0.436107,541.279,287.100,562.093,307.905,551.686,297.503,20.814,20.805
youtube_juggling_for_data_analysis_eh1I3SlZn48_075_090.mp4,453,7.557550,32,sports ball,0.346874,582.686,241.806,604.974,262.776,593.830,252.291,22.288,20.970
youtube_juggling_for_data_analysis_eh1I3SlZn48_075_090.mp4,454,7.574233,32,sports ball,0.516218,568.529,376.558,586.090,398.221,577.309,387.389,17.561,21.663
youtube_juggling_for_data_analysis_eh1I3SlZn48_075_090.mp4,454,7.574233,32,sports ball,0.259999,611.068,210.723,632.383,230.628,621.726,220.675,21.315,19.905
youtube_juggling_for_data_analysis_eh1I3SlZn48_075_090.mp4,454,7.574233,32,sports ball,0.217742,580.924,237.365,603.037,256.467,591.980,246.916,22.113,19.102
youtube_juggling_for_data_analysis_eh1I3SlZn48_075_090.mp4,454,7.574233,32,sports ball,0.208941,539.096,296.979,559.908,317.724,549.502,307.351,20.812,20.745
youtube_juggling_for_data_analysis_eh1I3SlZn48_075_090.mp4,455,7.590917,32,sports ball,0.527554,611.236,213.848,632.371,233.682,621.803,223.765,21.134,19.834
youtube_juggling_for_data_analysis_eh1I3SlZn48_075_090.mp4,455,7.590917,32,sports ball,0.258493,536.789,307.791,557.741,328.266,547.265,318.028,20.953,20.475
youtube_juggling_for_data_analysis_eh1I3SlZn48_075_090.mp4,455,7.590917,32,sports ball,0.241310,579.722,232.843,601.874,252.820,590.798,242.831,22.151,19.977
youtube_juggling_for_data_analysis_eh1I3SlZn48_075_090.mp4,455,7.590917,32,sports ball,0.229509,634.900,439.539,653.571,457.578,644.236,448.558,18.671,18.038
youtube_juggling_for_data_analysis_eh1I3SlZn48_075_090.mp4,456,7.607600,32,sports ball,0.788880,612.727,215.130,632.931,236.637,622.829,225.884,20.204,21.507
youtube_juggling_for_data_analysis_eh1I3SlZn48_075_090.mp4,456,7.607600,32,sports ball,0.679968,573.267,348.778,591.234,369.369,582.250,359.073,17.967,20.591
youtube_juggling_for_data_analysis_eh1I3SlZn48_075_090.mp4,456,7.607600,32,sports ball,0.662066,535.730,317.636,557.476,339.097,546.603,328.367,21.745,21.460
youtube_juggling_for_data_analysis_eh1I3SlZn48_075_090.mp4,456,7.607600,32,sports ball,0.648036,579.693,227.961,600.954,249.219,590.323,238.590,21.261,21.258
youtube_juggling_for_data_analysis_eh1I3SlZn48_075_090.mp4,457,7.624283,32,sports ball,0.781971,614.203,219.081,634.430,240.007,624.317,229.544,20.227,20.926
youtube_juggling_for_data_analysis_eh1I3SlZn48_075_090.mp4,457,7.624283,32,sports ball,0.772940,575.134,337.229,592.118,357.421,583.626,347.325,16.984,20.191
youtube_juggling_for_data_analysis_eh1I3SlZn48_075_090.mp4,457,7.624283,32,sports ball,0.577550,535.334,330.507,554.523,351.072,544.929,340.790,19.189,20.565
youtube_juggling_for_data_analysis_eh1I3SlZn48_075_090.mp4,457,7.624283,32,sports ball,0.529551,578.090,226.143,599.144,247.694,588.617,236.919,21.054,21.551
youtube_juggling_for_data_analysis_eh1I3SlZn48_075_090.mp4,458,7.640967,32,sports ball,0.752837,576.865,325.919,595.030,345.457,585.948,335.688,18.165,19.538
youtube_juggling_for_data_analysis_eh1I3SlZn48_075_090.mp4,458,7.640967,32,sports ball,0.605704,614.814,224.068,636.994,244.327,625.904,234.198,22.180,20.259
youtube_juggling_for_data_analysis_eh1I3SlZn48_075_090.mp4,458,7.640967,32,sports ball,0.480541,533.261,343.287,553.108,364.185,543.184,353.736,19.848,20.898
youtube_juggling_for_data_analysis_eh1I3SlZn48_075_090.mp4,458,7.640967,32,sports ball,0.287563,576.815,224.044,597.938,244.111,587.376,234.078,21.124,20.068
youtube_juggling_for_data_analysis_eh1I3SlZn48_075_090.mp4,458,7.640967,32,sports ball,0.171747,624.834,451.685,646.590,480.393,635.712,466.039,21.756,28.708
youtube_juggling_for_data_analysis_eh1I3SlZn48_075_090.mp4,459,7.657650,32,sports ball,0.725021,615.598,227.908,637.400,248.529,626.499,238.219,21.802,20.620
youtube_juggling_for_data_analysis_eh1I3SlZn48_075_090.mp4,459,7.657650,32,sports ball,0.567439,576.956,313.895,597.016,335.906,586.986,324.901,20.059,22.011
youtube_juggling_for_data_analysis_eh1I3SlZn48_075_090.mp4,459,7.657650,32,sports ball,0.539311,531.822,355.019,552.603,377.194,542.213,366.106,20.780,22.174
youtube_juggling_for_data_analysis_eh1I3SlZn48_075_090.mp4,459,7.657650,32,sports ball,0.411422,622.644,459.664,642.281,480.243,632.463,469.954,19.637,20.579
youtube_juggling_for_data_analysis_eh1I3SlZn48_075_090.mp4,459,7.657650,32,sports ball,0.329054,575.917,222.328,597.519,242.892,586.718,232.610,21.602,20.565
youtube_juggling_for_data_analysis_eh1I3SlZn48_075_090.mp4,460,7.674333,32,sports ball,0.620659,530.309,369.169,549.359,390.733,539.834,379.951,19.051,21.564
youtube_juggling_for_data_analysis_eh1I3SlZn48_075_090.mp4,460,7.674333,32,sports ball,0.524331,617.602,232.758,638.943,252.960,628.272,242.859,21.340,20.202
youtube_juggling_for_data_analysis_eh1I3SlZn48_075_090.mp4,460,7.674333,32,sports ball,0.378295,579.956,303.997,599.056,322.551,589.506,313.274,19.100,18.554
youtube_juggling_for_data_analysis_eh1I3SlZn48_075_090.mp4,460,7.674333,32,sports ball,0.338112,575.724,219.569,594.449,239.713,585.086,229.641,18.724,20.144
youtube_juggling_for_data_analysis_eh1I3SlZn48_075_090.mp4,460,7.674333,32,sports ball,0.199750,618.636,233.274,639.074,253.014,628.855,243.144,20.439,19.740
youtube_juggling_for_data_analysis_eh1I3SlZn48_075_090.mp4,460,7.674333,32,sports ball,0.191949,620.617,457.641,640.053,480.171,630.335,468.906,19.436,22.530
youtube_juggling_for_data_analysis_eh1I3SlZn48_075_090.mp4,461,7.691017,32,sports ball,0.615716,528.267,384.812,548.078,401.480,538.173,393.146,19.811,16.668
youtube_juggling_for_data_analysis_eh1I3SlZn48_075_090.mp4,461,7.691017,32,sports ball,0.516142,619.899,239.235,640.454,259.309,630.177,249.272,20.555,20.074
youtube_juggling_for_data_analysis_eh1I3SlZn48_075_090.mp4,461,7.691017,32,sports ball,0.457469,580.155,293.788,601.749,313.900,590.952,303.844,21.594,20.112
youtube_juggling_for_data_analysis_eh1I3SlZn48_075_090.mp4,461,7.691017,32,sports ball,0.237212,617.218,451.555,638.784,477.933,628.001,464.744,21.566,26.378
youtube_juggling_for_data_analysis_eh1I3SlZn48_075_090.mp4,461,7.691017,32,sports ball,0.236870,528.512,384.394,547.579,401.496,538.045,392.945,19.067,17.102
youtube_juggling_for_data_analysis_eh1I3SlZn48_075_090.mp4,461,7.691017,32,sports ball,0.235152,571.404,218.694,593.888,239.660,582.646,229.177,22.484,20.966
youtube_juggling_for_data_analysis_eh1I3SlZn48_075_090.mp4,462,7.707700,32,sports ball,0.388497,620.440,244.720,640.783,265.792,630.612,255.256,20.342,21.072
youtube_juggling_for_data_analysis_eh1I3SlZn48_075_090.mp4,462,7.707700,32,sports ball,0.380258,581.477,283.206,602.799,303.978,592.138,293.592,21.322,20.772
youtube_juggling_for_data_analysis_eh1I3SlZn48_075_090.mp4,462,7.707700,32,sports ball,0.374753,526.343,397.590,546.139,415.901,536.241,406.745,19.796,18.311
youtube_juggling_for_data_analysis_eh1I3SlZn48_075_090.mp4,462,7.707700,32,sports ball,0.312576,570.360,218.204,593.042,238.225,581.701,228.214,22.683,20.021
youtube_juggling_for_data_analysis_eh1I3SlZn48_075_090.mp4,462,7.707700,32,sports ball,0.262937,621.246,246.346,640.546,265.596,630.896,255.971,19.300,19.251
youtube_juggling_for_data_analysis_eh1I3SlZn48_075_090.mp4,462,7.707700,32,sports ball,0.228653,615.799,448.604,635.858,469.771,625.829,459.188,20.059,21.166
youtube_juggling_for_data_analysis_eh1I3SlZn48_075_090.mp4,463,7.724383,32,sports ball,0.615359,623.692,252.525,641.672,272.678,632.682,262.602,17.980,20.153
youtube_juggling_for_data_analysis_eh1I3SlZn48_075_090.mp4,463,7.724383,32,sports ball,0.589643,526.186,407.896,544.645,425.204,535.415,416.550,18.459,17.308
youtube_juggling_for_data_analysis_eh1I3SlZn48_075_090.mp4,463,7.724383,32,sports ball,0.505342,569.963,218.630,591.701,238.439,580.832,228.535,21.738,19.810
youtube_juggling_for_data_analysis_eh1I3SlZn48_075_090.mp4,463,7.724383,32,sports ball,0.434770,583.487,274.066,604.604,296.307,594.045,285.187,21.117,22.241
youtube_juggling_for_data_analysis_eh1I3SlZn48_075_090.mp4,464,7.741067,32,sports ball,0.722864,584.984,267.060,606.435,287.545,595.710,277.302,21.451,20.486
youtube_juggling_for_data_analysis_eh1I3SlZn48_075_090.mp4,464,7.741067,32,sports ball,0.676656,569.055,219.575,589.760,238.822,579.408,229.198,20.704,19.246
youtube_juggling_for_data_analysis_eh1I3SlZn48_075_090.mp4,464,7.741067,32,sports ball,0.656348,624.106,258.645,641.953,281.014,633.030,269.829,17.847,22.369
youtube_juggling_for_data_analysis_eh1I3SlZn48_075_090.mp4,464,7.741067,32,sports ball,0.589239,524.979,416.343,544.826,438.990,534.903,427.667,19.848,22.648
youtube_juggling_for_data_analysis_eh1I3SlZn48_075_090.mp4,464,7.741067,32,sports ball,0.346739,525.438,416.203,543.937,432.670,534.687,424.437,18.499,16.467
youtube_juggling_for_data_analysis_eh1I3SlZn48_075_090.mp4,464,7.741067,32,sports ball,0.293186,610.188,427.496,631.099,447.792,620.644,437.644,20.911,20.296
youtube_juggling_for_data_analysis_eh1I3SlZn48_075_090.mp4,465,7.757750,32,sports ball,0.809098,586.417,258.143,607.383,280.795,596.900,269.469,20.965,22.652
youtube_juggling_for_data_analysis_eh1I3SlZn48_075_090.mp4,465,7.757750,32,sports ball,0.781553,625.401,266.450,647.177,288.127,636.289,277.289,21.777,21.677
youtube_juggling_for_data_analysis_eh1I3SlZn48_075_090.mp4,465,7.757750,32,sports ball,0.762754,610.104,413.483,628.342,432.558,619.223,423.021,18.238,19.075
youtube_juggling_for_data_analysis_eh1I3SlZn48_075_090.mp4,465,7.757750,32,sports ball,0.538238,525.489,424.947,543.904,442.158,534.696,433.553,18.415,17.211
youtube_juggling_for_data_analysis_eh1I3SlZn48_075_090.mp4,465,7.757750,32,sports ball,0.523209,567.871,221.507,588.228,240.333,578.049,230.920,20.357,18.826
youtube_juggling_for_data_analysis_eh1I3SlZn48_075_090.mp4,465,7.757750,32,sports ball,0.421961,524.852,424.843,544.320,448.161,534.586,436.502,19.467,23.318
youtube_juggling_for_data_analysis_eh1I3SlZn48_075_090.mp4,466,7.774433,32,sports ball,0.626588,608.683,398.979,627.361,421.229,618.022,410.104,18.679,22.250
youtube_juggling_for_data_analysis_eh1I3SlZn48_075_090.mp4,466,7.774433,32,sports ball,0.611418,588.552,251.008,609.274,273.661,598.913,262.334,20.721,22.653
youtube_juggling_for_data_analysis_eh1I3SlZn48_075_090.mp4,466,7.774433,32,sports ball,0.528596,627.063,274.153,647.806,296.386,637.434,285.269,20.743,22.233
youtube_juggling_for_data_analysis_eh1I3SlZn48_075_090.mp4,466,7.774433,32,sports ball,0.324325,567.089,223.206,586.757,242.044,576.923,232.625,19.669,18.839
youtube_juggling_for_data_analysis_eh1I3SlZn48_075_090.mp4,466,7.774433,32,sports ball,0.249027,526.761,433.279,547.568,456.649,537.164,444.964,20.807,23.370
youtube_juggling_for_data_analysis_eh1I3SlZn48_075_090.mp4,466,7.774433,32,sports ball,0.228026,526.712,433.590,546.497,453.371,536.604,443.481,19.785,19.782
youtube_juggling_for_data_analysis_eh1I3SlZn48_075_090.mp4,467,7.791117,32,sports ball,0.690910,528.633,439.457,552.345,464.248,540.489,451.853,23.712,24.792
youtube_juggling_for_data_analysis_eh1I3SlZn48_075_090.mp4,467,7.791117,32,sports ball,0.642360,628.548,283.062,649.762,304.631,639.155,293.846,21.214,21.569
youtube_juggling_for_data_analysis_eh1I3SlZn48_075_090.mp4,467,7.791117,32,sports ball,0.597545,564.904,223.667,585.269,244.337,575.087,234.002,20.365,20.671
youtube_juggling_for_data_analysis_eh1I3SlZn48_075_090.mp4,467,7.791117,32,sports ball,0.556835,589.465,246.411,609.886,267.278,599.676,256.844,20.421,20.868
youtube_juggling_for_data_analysis_eh1I3SlZn48_075_090.mp4,467,7.791117,32,sports ball,0.277031,607.474,384.733,625.508,404.284,616.491,394.508,18.035,19.551
youtube_juggling_for_data_analysis_eh1I3SlZn48_075_090.mp4,468,7.807800,32,sports ball,0.703952,592.523,241.319,610.147,259.953,601.335,250.636,17.625,18.634
youtube_juggling_for_data_analysis_eh1I3SlZn48_075_090.mp4,468,7.807800,32,sports ball,0.635690,563.517,226.990,584.764,247.563,574.140,237.277,21.247,20.573
youtube_juggling_for_data_analysis_eh1I3SlZn48_075_090.mp4,468,7.807800,32,sports ball,0.564291,530.402,447.752,552.196,470.629,541.299,459.191,21.794,22.877
youtube_juggling_for_data_analysis_eh1I3SlZn48_075_090.mp4,468,7.807800,32,sports ball,0.491977,630.008,293.115,650.476,314.172,640.242,303.644,20.467,21.057
youtube_juggling_for_data_analysis_eh1I3SlZn48_075_090.mp4,468,7.807800,32,sports ball,0.394320,530.702,448.194,549.999,465.384,540.351,456.789,19.297,17.190
youtube_juggling_for_data_analysis_eh1I3SlZn48_075_090.mp4,468,7.807800,32,sports ball,0.206376,608.242,371.200,623.633,392.479,615.937,381.839,15.391,21.278
youtube_juggling_for_data_analysis_eh1I3SlZn48_075_090.mp4,469,7.824483,32,sports ball,0.347515,593.229,233.993,613.266,255.480,603.248,244.736,20.037,21.487
youtube_juggling_for_data_analysis_eh1I3SlZn48_075_090.mp4,470,7.841167,32,sports ball,0.227123,538.281,457.213,558.729,480.198,548.505,468.706,20.448,22.985
youtube_juggling_for_data_analysis_eh1I3SlZn48_075_090.mp4,471,7.857850,32,sports ball,0.533298,633.627,325.463,654.860,346.431,644.244,335.947,21.234,20.968
youtube_juggling_for_data_analysis_eh1I3SlZn48_075_090.mp4,471,7.857850,32,sports ball,0.386905,594.597,225.753,616.125,246.189,605.361,235.971,21.528,20.436
youtube_juggling_for_data_analysis_eh1I3SlZn48_075_090.mp4,471,7.857850,32,sports ball,0.320125,559.582,237.843,580.057,259.218,569.820,248.530,20.475,21.375
youtube_juggling_for_data_analysis_eh1I3SlZn48_075_090.mp4,472,7.874533,32,sports ball,0.355805,635.876,336.902,654.604,356.810,645.240,346.856,18.728,19.908
youtube_juggling_for_data_analysis_eh1I3SlZn48_075_090.mp4,472,7.874533,32,sports ball,0.270026,597.173,222.272,617.201,241.698,607.187,231.985,20.028,19.426
youtube_juggling_for_data_analysis_eh1I3SlZn48_075_090.mp4,473,7.891217,32,sports ball,0.596634,638.057,348.508,655.729,368.806,646.893,358.657,17.672,20.297
youtube_juggling_for_data_analysis_eh1I3SlZn48_075_090.mp4,473,7.891217,32,sports ball,0.387044,598.597,218.796,619.840,238.510,609.219,228.653,21.243,19.714
youtube_juggling_for_data_analysis_eh1I3SlZn48_075_090.mp4,473,7.891217,32,sports ball,0.284365,557.085,247.066,576.757,269.693,566.921,258.379,19.672,22.627
youtube_juggling_for_data_analysis_eh1I3SlZn48_075_090.mp4,474,7.907900,32,sports ball,0.280617,639.328,361.006,658.346,382.908,648.837,371.957,19.019,21.902
youtube_juggling_for_data_analysis_eh1I3SlZn48_075_090.mp4,474,7.907900,32,sports ball,0.233598,639.388,363.196,657.999,383.132,648.693,373.164,18.611,19.936
youtube_juggling_for_data_analysis_eh1I3SlZn48_075_090.mp4,474,7.907900,32,sports ball,0.190679,599.823,215.339,620.585,236.378,610.204,225.859,20.762,21.039
youtube_juggling_for_data_analysis_eh1I3SlZn48_075_090.mp4,474,7.907900,32,sports ball,0.176071,555.032,253.649,575.735,275.103,565.384,264.376,20.703,21.455
youtube_juggling_for_data_analysis_eh1I3SlZn48_075_090.mp4,474,7.907900,32,sports ball,0.157378,594.421,299.861,615.807,320.249,605.114,310.055,21.386,20.388
youtube_juggling_for_data_analysis_eh1I3SlZn48_075_090.mp4,475,7.924583,32,sports ball,0.381638,641.708,374.351,659.949,393.556,650.828,383.953,18.241,19.205
youtube_juggling_for_data_analysis_eh1I3SlZn48_075_090.mp4,475,7.924583,32,sports ball,0.306990,553.258,258.844,574.656,281.598,563.957,270.221,21.399,22.754
youtube_juggling_for_data_analysis_eh1I3SlZn48_075_090.mp4,475,7.924583,32,sports ball,0.268285,593.438,290.085,614.319,312.036,603.879,301.060,20.881,21.952
youtube_juggling_for_data_analysis_eh1I3SlZn48_075_090.mp4,475,7.924583,32,sports ball,0.257993,599.862,212.000,623.019,234.343,611.440,223.171,23.157,22.343
youtube_juggling_for_data_analysis_eh1I3SlZn48_075_090.mp4,476,7.941267,32,sports ball,0.620709,641.436,381.403,661.725,401.453,651.580,391.428,20.289,20.050
youtube_juggling_for_data_analysis_eh1I3SlZn48_075_090.mp4,476,7.941267,32,sports ball,0.615515,602.234,211.091,624.004,232.526,613.119,221.809,21.770,21.436
youtube_juggling_for_data_analysis_eh1I3SlZn48_075_090.mp4,476,7.941267,32,sports ball,0.522213,591.871,281.779,612.638,302.807,602.254,292.293,20.767,21.028
youtube_juggling_for_data_analysis_eh1I3SlZn48_075_090.mp4,476,7.941267,32,sports ball,0.434589,552.326,268.054,574.034,287.851,563.180,277.953,21.708,19.797
youtube_juggling_for_data_analysis_eh1I3SlZn48_075_090.mp4,477,7.957950,32,sports ball,0.544162,603.302,210.642,625.209,230.758,614.256,220.700,21.907,20.116
youtube_juggling_for_data_analysis_eh1I3SlZn48_075_090.mp4,477,7.957950,32,sports ball,0.447802,642.251,390.016,662.370,411.166,652.311,400.591,20.119,21.150
youtube_juggling_for_data_analysis_eh1I3SlZn48_075_090.mp4,477,7.957950,32,sports ball,0.438618,590.427,274.040,609.868,293.603,600.148,283.822,19.442,19.562
youtube_juggling_for_data_analysis_eh1I3SlZn48_075_090.mp4,477,7.957950,32,sports ball,0.404133,551.538,273.625,572.127,295.970,561.833,284.798,20.589,22.345
youtube_juggling_for_data_analysis_eh1I3SlZn48_075_090.mp4,477,7.957950,32,sports ball,0.155044,560.842,451.353,582.085,472.603,571.463,461.978,21.243,21.250
youtube_juggling_for_data_analysis_eh1I3SlZn48_075_090.mp4,478,7.974633,32,sports ball,0.705599,605.597,209.786,627.184,228.921,616.390,219.353,21.587,19.135
youtube_juggling_for_data_analysis_eh1I3SlZn48_075_090.mp4,478,7.974633,32,sports ball,0.522411,549.251,281.756,570.636,304.031,559.943,292.893,21.385,22.275
youtube_juggling_for_data_analysis_eh1I3SlZn48_075_090.mp4,478,7.974633,32,sports ball,0.494177,642.075,398.497,661.326,419.540,651.700,409.018,19.250,21.042
youtube_juggling_for_data_analysis_eh1I3SlZn48_075_090.mp4,478,7.974633,32,sports ball,0.308837,588.601,264.676,609.765,286.358,599.183,275.517,21.164,21.681
youtube_juggling_for_data_analysis_eh1I3SlZn48_075_090.mp4,479,7.991317,32,sports ball,0.814237,606.677,209.536,628.281,228.839,617.479,219.187,21.604,19.304
youtube_juggling_for_data_analysis_eh1I3SlZn48_075_090.mp4,479,7.991317,32,sports ball,0.761080,587.588,257.892,607.655,278.630,597.621,268.261,20.067,20.738
youtube_juggling_for_data_analysis_eh1I3SlZn48_075_090.mp4,479,7.991317,32,sports ball,0.529176,642.211,406.963,660.965,426.086,651.588,416.524,18.754,19.123
youtube_juggling_for_data_analysis_eh1I3SlZn48_075_090.mp4,479,7.991317,32,sports ball,0.508241,548.551,291.487,569.391,312.428,558.971,301.957,20.840,20.941
youtube_juggling_for_data_analysis_eh1I3SlZn48_075_090.mp4,480,8.008000,32,sports ball,0.834845,609.238,210.345,630.078,229.455,619.658,219.900,20.840,19.109
youtube_juggling_for_data_analysis_eh1I3SlZn48_075_090.mp4,480,8.008000,32,sports ball,0.748332,569.333,415.756,587.830,432.988,578.582,424.372,18.496,17.232
youtube_juggling_for_data_analysis_eh1I3SlZn48_075_090.mp4,480,8.008000,32,sports ball,0.731765,585.219,250.449,606.871,271.478,596.045,260.964,21.652,21.029
youtube_juggling_for_data_analysis_eh1I3SlZn48_075_090.mp4,480,8.008000,32,sports ball,0.616254,547.330,299.545,567.783,320.824,557.557,310.185,20.453,21.279
youtube_juggling_for_data_analysis_eh1I3SlZn48_075_090.mp4,480,8.008000,32,sports ball,0.486554,640.688,416.233,659.261,439.351,649.974,427.792,18.573,23.118
youtube_juggling_for_data_analysis_eh1I3SlZn48_075_090.mp4,481,8.024683,32,sports ball,0.584068,571.024,399.700,590.578,418.382,580.801,409.041,19.555,18.682
youtube_juggling_for_data_analysis_eh1I3SlZn48_075_090.mp4,481,8.024683,32,sports ball,0.443688,610.498,210.026,632.355,229.901,621.427,219.964,21.857,19.875
youtube_juggling_for_data_analysis_eh1I3SlZn48_075_090.mp4,481,8.024683,32,sports ball,0.413103,584.083,243.811,605.248,266.035,594.665,254.923,21.165,22.223
youtube_juggling_for_data_analysis_eh1I3SlZn48_075_090.mp4,481,8.024683,32,sports ball,0.326224,638.715,423.572,658.165,441.342,648.440,432.457,19.449,17.770
youtube_juggling_for_data_analysis_eh1I3SlZn48_075_090.mp4,481,8.024683,32,sports ball,0.230401,545.613,309.324,566.609,331.553,556.111,320.438,20.997,22.229
youtube_juggling_for_data_analysis_eh1I3SlZn48_075_090.mp4,482,8.041367,32,sports ball,0.592251,545.084,320.984,566.128,341.878,555.606,331.431,21.044,20.894
youtube_juggling_for_data_analysis_eh1I3SlZn48_075_090.mp4,482,8.041367,32,sports ball,0.518983,610.833,210.419,633.198,232.242,622.015,221.330,22.365,21.823
youtube_juggling_for_data_analysis_eh1I3SlZn48_075_090.mp4,482,8.041367,32,sports ball,0.420977,570.661,384.739,593.178,407.193,581.919,395.966,22.517,22.454
youtube_juggling_for_data_analysis_eh1I3SlZn48_075_090.mp4,482,8.041367,32,sports ball,0.368350,582.069,237.085,603.294,259.632,592.682,248.358,21.225,22.547
youtube_juggling_for_data_analysis_eh1I3SlZn48_075_090.mp4,482,8.041367,32,sports ball,0.326714,636.670,431.589,656.547,452.642,646.608,442.115,19.877,21.053
youtube_juggling_for_data_analysis_eh1I3SlZn48_075_090.mp4,483,8.058050,32,sports ball,0.644171,612.853,214.117,633.310,233.425,623.082,223.771,20.457,19.308
youtube_juggling_for_data_analysis_eh1I3SlZn48_075_090.mp4,483,8.058050,32,sports ball,0.513138,544.632,331.049,563.444,352.875,554.038,341.962,18.812,21.826
youtube_juggling_for_data_analysis_eh1I3SlZn48_075_090.mp4,483,8.058050,32,sports ball,0.316132,579.870,232.588,602.094,254.258,590.982,243.423,22.224,21.670
youtube_juggling_for_data_analysis_eh1I3SlZn48_075_090.mp4,483,8.058050,32,sports ball,0.262889,575.993,371.574,591.867,391.435,583.930,381.504,15.875,19.861
youtube_juggling_for_data_analysis_eh1I3SlZn48_075_090.mp4,484,8.074733,32,sports ball,0.750478,613.603,215.442,636.288,235.880,624.945,225.661,22.685,20.437
youtube_juggling_for_data_analysis_eh1I3SlZn48_075_090.mp4,484,8.074733,32,sports ball,0.452474,578.609,227.381,601.014,249.130,589.811,238.256,22.405,21.749
youtube_juggling_for_data_analysis_eh1I3SlZn48_075_090.mp4,484,8.074733,32,sports ball,0.393722,542.581,342.742,562.510,364.183,552.546,353.462,19.929,21.441
youtube_juggling_for_data_analysis_eh1I3SlZn48_075_090.mp4,484,8.074733,32,sports ball,0.282203,576.759,359.650,592.546,377.529,584.652,368.589,15.787,17.879
youtube_juggling_for_data_analysis_eh1I3SlZn48_075_090.mp4,485,8.091417,32,sports ball,0.749532,616.245,219.084,637.740,238.329,626.992,228.707,21.495,19.246
youtube_juggling_for_data_analysis_eh1I3SlZn48_075_090.mp4,485,8.091417,32,sports ball,0.601734,577.608,347.520,594.403,367.312,586.006,357.416,16.795,19.792
youtube_juggling_for_data_analysis_eh1I3SlZn48_075_090.mp4,485,8.091417,32,sports ball,0.584513,540.560,353.838,561.630,376.019,551.095,364.929,21.070,22.180
youtube_juggling_for_data_analysis_eh1I3SlZn48_075_090.mp4,485,8.091417,32,sports ball,0.404716,577.479,223.856,598.523,245.142,588.001,234.499,21.044,21.286
youtube_juggling_for_data_analysis_eh1I3SlZn48_075_090.mp4,485,8.091417,32,sports ball,0.323207,578.153,348.013,594.806,366.736,586.479,357.375,16.653,18.723
youtube_juggling_for_data_analysis_eh1I3SlZn48_075_090.mp4,486,8.108100,32,sports ball,0.644308,617.957,223.203,638.540,242.708,628.249,232.955,20.583,19.505
youtube_juggling_for_data_analysis_eh1I3SlZn48_075_090.mp4,486,8.108100,32,sports ball,0.625483,579.786,336.223,595.661,352.773,587.724,344.498,15.875,16.550
youtube_juggling_for_data_analysis_eh1I3SlZn48_075_090.mp4,486,8.108100,32,sports ball,0.512094,576.899,219.102,597.113,241.431,587.006,230.266,20.214,22.329
youtube_juggling_for_data_analysis_eh1I3SlZn48_075_090.mp4,486,8.108100,32,sports ball,0.480894,539.613,367.470,559.240,388.315,549.427,377.892,19.627,20.845
youtube_juggling_for_data_analysis_eh1I3SlZn48_075_090.mp4,487,8.124783,32,sports ball,0.591939,619.627,225.951,640.261,247.039,629.944,236.495,20.634,21.088
youtube_juggling_for_data_analysis_eh1I3SlZn48_075_090.mp4,487,8.124783,32,sports ball,0.548308,537.187,381.342,556.816,400.338,547.001,390.840,19.629,18.995
youtube_juggling_for_data_analysis_eh1I3SlZn48_075_090.mp4,487,8.124783,32,sports ball,0.332642,581.207,322.383,600.463,344.401,590.835,333.392,19.256,22.018
youtube_juggling_for_data_analysis_eh1I3SlZn48_075_090.mp4,487,8.124783,32,sports ball,0.276865,576.060,216.600,596.343,237.682,586.201,227.141,20.283,21.082
youtube_juggling_for_data_analysis_eh1I3SlZn48_075_090.mp4,487,8.124783,32,sports ball,0.216698,624.633,453.094,644.479,480.230,634.556,466.662,19.846,27.135
youtube_juggling_for_data_analysis_eh1I3SlZn48_075_090.mp4,488,8.141467,32,sports ball,0.666690,621.857,231.496,640.183,250.631,631.020,241.064,18.326,19.136
youtube_juggling_for_data_analysis_eh1I3SlZn48_075_090.mp4,488,8.141467,32,sports ball,0.570942,537.777,393.819,555.320,413.304,546.549,403.561,17.543,19.485
youtube_juggling_for_data_analysis_eh1I3SlZn48_075_090.mp4,488,8.141467,32,sports ball,0.509052,576.037,213.838,593.965,233.653,585.001,223.745,17.928,19.815
youtube_juggling_for_data_analysis_eh1I3SlZn48_075_090.mp4,488,8.141467,32,sports ball,0.436064,581.979,313.208,601.865,333.158,591.922,323.183,19.886,19.950
youtube_juggling_for_data_analysis_eh1I3SlZn48_075_090.mp4,488,8.141467,32,sports ball,0.193720,538.046,394.387,555.481,413.632,546.763,404.009,17.435,19.245
youtube_juggling_for_data_analysis_eh1I3SlZn48_075_090.mp4,489,8.158150,32,sports ball,0.563464,624.294,236.143,640.952,255.516,632.623,245.830,16.658,19.372
youtube_juggling_for_data_analysis_eh1I3SlZn48_075_090.mp4,489,8.158150,32,sports ball,0.341989,583.588,303.872,603.037,321.186,593.312,312.529,19.450,17.314
youtube_juggling_for_data_analysis_eh1I3SlZn48_075_090.mp4,489,8.158150,32,sports ball,0.211413,620.455,451.206,641.432,478.658,630.943,464.932,20.977,27.451
youtube_juggling_for_data_analysis_eh1I3SlZn48_075_090.mp4,489,8.158150,32,sports ball,0.185446,535.109,402.677,552.725,422.983,543.917,412.830,17.617,20.306
youtube_juggling_for_data_analysis_eh1I3SlZn48_075_090.mp4,490,8.174833,32,sports ball,0.558343,584.071,293.765,605.804,312.746,594.937,303.256,21.733,18.980
youtube_juggling_for_data_analysis_eh1I3SlZn48_075_090.mp4,490,8.174833,32,sports ball,0.530082,624.737,242.236,644.257,261.215,634.497,251.725,19.520,18.979
youtube_juggling_for_data_analysis_eh1I3SlZn48_075_090.mp4,490,8.174833,32,sports ball,0.436819,530.563,412.091,550.003,432.981,540.283,422.536,19.440,20.889
youtube_juggling_for_data_analysis_eh1I3SlZn48_075_090.mp4,490,8.174833,32,sports ball,0.304629,569.879,210.610,591.210,230.909,580.544,220.760,21.331,20.300
youtube_juggling_for_data_analysis_eh1I3SlZn48_075_090.mp4,490,8.174833,32,sports ball,0.280285,618.275,447.148,639.985,471.718,629.130,459.433,21.710,24.569
youtube_juggling_for_data_analysis_eh1I3SlZn48_075_090.mp4,491,8.191517,32,sports ball,0.827318,585.756,284.946,606.463,303.316,596.110,294.131,20.707,18.370
youtube_juggling_for_data_analysis_eh1I3SlZn48_075_090.mp4,491,8.191517,32,sports ball,0.684077,625.449,247.156,644.538,267.972,634.994,257.564,19.088,20.817
youtube_juggling_for_data_analysis_eh1I3SlZn48_075_090.mp4,491,8.191517,32,sports ball,0.683245,568.742,209.924,589.386,229.105,579.064,219.514,20.643,19.181
youtube_juggling_for_data_analysis_eh1I3SlZn48_075_090.mp4,491,8.191517,32,sports ball,0.594912,531.245,419.345,551.960,441.444,541.602,430.395,20.715,22.099
youtube_juggling_for_data_analysis_eh1I3SlZn48_075_090.mp4,491,8.191517,32,sports ball,0.502132,616.835,440.272,638.042,462.099,627.439,451.185,21.206,21.827
youtube_juggling_for_data_analysis_eh1I3SlZn48_075_090.mp4,492,8.208200,32,sports ball,0.799368,587.729,276.381,607.554,295.900,597.641,286.141,19.824,19.519
youtube_juggling_for_data_analysis_eh1I3SlZn48_075_090.mp4,492,8.208200,32,sports ball,0.736655,566.419,209.322,588.829,229.006,577.624,219.164,22.410,19.684
youtube_juggling_for_data_analysis_eh1I3SlZn48_075_090.mp4,492,8.208200,32,sports ball,0.696674,627.013,255.074,647.625,275.365,637.319,265.220,20.612,20.291
youtube_juggling_for_data_analysis_eh1I3SlZn48_075_090.mp4,492,8.208200,32,sports ball,0.683067,614.408,430.585,634.184,448.978,624.296,439.782,19.776,18.393
youtube_juggling_for_data_analysis_eh1I3SlZn48_075_090.mp4,492,8.208200,32,sports ball,0.455925,529.581,427.183,550.359,448.643,539.970,437.913,20.777,21.460
youtube_juggling_for_data_analysis_eh1I3SlZn48_075_090.mp4,493,8.224883,32,sports ball,0.744149,614.347,417.622,632.995,434.731,623.671,426.176,18.649,17.108
youtube_juggling_for_data_analysis_eh1I3SlZn48_075_090.mp4,493,8.224883,32,sports ball,0.648769,566.108,209.527,586.065,229.408,576.086,219.468,19.957,19.880
youtube_juggling_for_data_analysis_eh1I3SlZn48_075_090.mp4,493,8.224883,32,sports ball,0.643646,588.782,268.285,609.844,288.298,599.313,278.292,21.062,20.013
youtube_juggling_for_data_analysis_eh1I3SlZn48_075_090.mp4,493,8.224883,32,sports ball,0.609800,529.991,435.432,550.730,455.966,540.361,445.699,20.739,20.535
youtube_juggling_for_data_analysis_eh1I3SlZn48_075_090.mp4,493,8.224883,32,sports ball,0.590608,628.088,260.541,649.249,281.699,638.669,271.120,21.160,21.158
youtube_juggling_for_data_analysis_eh1I3SlZn48_075_090.mp4,493,8.224883,32,sports ball,0.167538,614.207,416.927,633.118,432.752,623.662,424.839,18.911,15.825
youtube_juggling_for_data_analysis_eh1I3SlZn48_075_090.mp4,494,8.241567,32,sports ball,0.796851,562.264,209.554,584.748,229.180,573.506,219.367,22.484,19.626
youtube_juggling_for_data_analysis_eh1I3SlZn48_075_090.mp4,494,8.241567,32,sports ball,0.729474,591.189,259.974,610.725,281.083,600.957,270.528,19.537,21.108
youtube_juggling_for_data_analysis_eh1I3SlZn48_075_090.mp4,494,8.241567,32,sports ball,0.688149,611.826,402.623,630.822,421.686,621.324,412.155,18.996,19.063
youtube_juggling_for_data_analysis_eh1I3SlZn48_075_090.mp4,494,8.241567,32,sports ball,0.680891,629.189,268.551,651.159,289.789,640.174,279.170,21.970,21.238
youtube_juggling_for_data_analysis_eh1I3SlZn48_075_090.mp4,494,8.241567,32,sports ball,0.324257,611.686,402.515,631.809,426.906,621.748,414.710,20.124,24.392
youtube_juggling_for_data_analysis_eh1I3SlZn48_075_090.mp4,494,8.241567,32,sports ball,0.319907,529.524,444.148,551.633,467.087,540.578,455.617,22.109,22.939
youtube_juggling_for_data_analysis_eh1I3SlZn48_075_090.mp4,494,8.241567,32,sports ball,0.182777,529.656,444.236,551.702,461.929,540.679,453.082,22.046,17.693
youtube_juggling_for_data_analysis_eh1I3SlZn48_075_090.mp4,495,8.258250,32,sports ball,0.801404,610.671,390.556,628.405,408.164,619.538,399.360,17.734,17.608
youtube_juggling_for_data_analysis_eh1I3SlZn48_075_090.mp4,495,8.258250,32,sports ball,0.562353,561.355,210.714,584.122,230.889,572.738,220.802,22.767,20.175
youtube_juggling_for_data_analysis_eh1I3SlZn48_075_090.mp4,495,8.258250,32,sports ball,0.522715,592.753,255.841,612.090,273.801,602.422,264.821,19.336,17.961
youtube_juggling_for_data_analysis_eh1I3SlZn48_075_090.mp4,495,8.258250,32,sports ball,0.296034,530.778,451.587,551.996,468.324,541.387,459.955,21.218,16.736
youtube_juggling_for_data_analysis_eh1I3SlZn48_075_090.mp4,495,8.258250,32,sports ball,0.262026,631.463,278.723,652.075,298.693,641.769,288.708,20.613,19.969
youtube_juggling_for_data_analysis_eh1I3SlZn48_075_090.mp4,496,8.274933,32,sports ball,0.707732,632.493,287.550,654.599,307.974,643.546,297.762,22.106,20.424
youtube_juggling_for_data_analysis_eh1I3SlZn48_075_090.mp4,496,8.274933,32,sports ball,0.627881,608.236,376.036,629.250,394.546,618.743,385.291,21.014,18.510
youtube_juggling_for_data_analysis_eh1I3SlZn48_075_090.mp4,496,8.274933,32,sports ball,0.594911,593.579,247.192,615.130,268.015,604.354,257.603,21.551,20.823
youtube_juggling_for_data_analysis_eh1I3SlZn48_075_090.mp4,496,8.274933,32,sports ball,0.557841,530.948,458.411,554.011,478.969,542.479,468.690,23.062,20.558
youtube_juggling_for_data_analysis_eh1I3SlZn48_075_090.mp4,496,8.274933,32,sports ball,0.526264,559.837,210.133,582.059,233.911,570.948,222.022,22.222,23.778
youtube_juggling_for_data_analysis_eh1I3SlZn48_075_090.mp4,496,8.274933,32,sports ball,0.173987,608.552,376.241,628.192,394.929,618.372,385.585,19.639,18.687
youtube_juggling_for_data_analysis_eh1I3SlZn48_075_090.mp4,497,8.291617,32,sports ball,0.694652,593.491,240.881,615.762,261.643,604.627,251.262,22.271,20.763
youtube_juggling_for_data_analysis_eh1I3SlZn48_075_090.mp4,497,8.291617,32,sports ball,0.489067,634.516,296.845,654.435,316.260,644.476,306.553,19.919,19.414
youtube_juggling_for_data_analysis_eh1I3SlZn48_075_090.mp4,497,8.291617,32,sports ball,0.475292,532.663,463.051,556.485,485.115,544.574,474.083,23.822,22.065
youtube_juggling_for_data_analysis_eh1I3SlZn48_075_090.mp4,497,8.291617,32,sports ball,0.472501,559.097,214.413,579.993,234.739,569.545,224.576,20.896,20.326
youtube_juggling_for_data_analysis_eh1I3SlZn48_075_090.mp4,498,8.308300,32,sports ball,0.455999,636.404,306.247,655.778,327.703,646.091,316.975,19.374,21.456
youtube_juggling_for_data_analysis_eh1I3SlZn48_075_090.mp4,498,8.308300,32,sports ball,0.430717,607.540,349.083,624.052,368.564,615.796,358.823,16.512,19.481
youtube_juggling_for_data_analysis_eh1I3SlZn48_075_090.mp4,498,8.308300,32,sports ball,0.410762,596.757,236.380,617.313,256.212,607.035,246.296,20.556,19.832
youtube_juggling_for_data_analysis_eh1I3SlZn48_075_090.mp4,498,8.308300,32,sports ball,0.349150,558.016,216.220,578.526,237.470,568.271,226.845,20.511,21.251
youtube_juggling_for_data_analysis_eh1I3SlZn48_075_090.mp4,498,8.308300,32,sports ball,0.316673,536.855,466.927,558.336,485.850,547.596,476.388,21.480,18.923
youtube_juggling_for_data_analysis_eh1I3SlZn48_075_090.mp4,498,8.308300,32,sports ball,0.224157,596.786,235.873,617.553,256.407,607.170,246.140,20.767,20.533
youtube_juggling_for_data_analysis_eh1I3SlZn48_075_090.mp4,499,8.324983,32,sports ball,0.733264,598.469,232.295,619.369,251.612,608.919,241.954,20.900,19.318
youtube_juggling_for_data_analysis_eh1I3SlZn48_075_090.mp4,499,8.324983,32,sports ball,0.463703,604.809,336.934,621.590,356.956,613.199,346.945,16.781,20.022
youtube_juggling_for_data_analysis_eh1I3SlZn48_075_090.mp4,499,8.324983,32,sports ball,0.448770,638.178,316.249,658.502,339.927,648.340,328.088,20.324,23.677
youtube_juggling_for_data_analysis_eh1I3SlZn48_075_090.mp4,499,8.324983,32,sports ball,0.400867,556.072,218.967,576.597,240.399,566.334,229.683,20.525,21.432
youtube_juggling_for_data_analysis_eh1I3SlZn48_075_090.mp4,500,8.341667,32,sports ball,0.826016,640.936,328.793,658.762,350.206,649.849,339.499,17.826,21.412
youtube_juggling_for_data_analysis_eh1I3SlZn48_075_090.mp4,500,8.341667,32,sports ball,0.739282,598.957,227.507,621.388,247.879,610.173,237.693,22.431,20.372
youtube_juggling_for_data_analysis_eh1I3SlZn48_075_090.mp4,500,8.341667,32,sports ball,0.482517,554.061,223.096,575.154,244.095,564.608,233.595,21.093,20.999
youtube_juggling_for_data_analysis_eh1I3SlZn48_075_090.mp4,500,8.341667,32,sports ball,0.329449,640.761,329.042,658.704,349.879,649.732,339.460,17.943,20.837
youtube_juggling_for_data_analysis_eh1I3SlZn48_075_090.mp4,500,8.341667,32,sports ball,0.278219,604.618,326.796,621.485,344.772,613.052,335.784,16.867,17.976
youtube_juggling_for_data_analysis_eh1I3SlZn48_075_090.mp4,501,8.358350,32,sports ball,0.781168,642.588,340.488,661.175,361.436,651.882,350.962,18.586,20.948
youtube_juggling_for_data_analysis_eh1I3SlZn48_075_090.mp4,501,8.358350,32,sports ball,0.585372,552.929,228.256,573.720,247.921,563.324,238.089,20.791,19.665
youtube_juggling_for_data_analysis_eh1I3SlZn48_075_090.mp4,501,8.358350,32,sports ball,0.582232,600.913,224.554,622.607,244.874,611.760,234.714,21.694,20.319
youtube_juggling_for_data_analysis_eh1I3SlZn48_075_090.mp4,501,8.358350,32,sports ball,0.474016,600.363,313.950,619.671,334.754,610.017,324.352,19.308,20.805
youtube_juggling_for_data_analysis_eh1I3SlZn48_075_090.mp4,501,8.358350,32,sports ball,0.309250,642.591,340.231,661.106,362.087,651.848,351.159,18.515,21.856
youtube_juggling_for_data_analysis_eh1I3SlZn48_075_090.mp4,502,8.375033,32,sports ball,0.782969,644.271,354.075,662.199,374.864,653.235,364.469,17.928,20.789
youtube_juggling_for_data_analysis_eh1I3SlZn48_075_090.mp4,502,8.375033,32,sports ball,0.706227,599.026,304.873,618.661,321.774,608.843,313.323,19.635,16.901
youtube_juggling_for_data_analysis_eh1I3SlZn48_075_090.mp4,502,8.375033,32,sports ball,0.615883,602.684,220.695,624.565,241.623,613.624,231.159,21.882,20.928
youtube_juggling_for_data_analysis_eh1I3SlZn48_075_090.mp4,502,8.375033,32,sports ball,0.368817,550.703,232.560,571.817,252.501,561.260,242.530,21.113,19.941
youtube_juggling_for_data_analysis_eh1I3SlZn48_075_090.mp4,503,8.391717,32,sports ball,0.756944,644.828,365.937,662.885,385.476,653.856,375.707,18.057,19.538
youtube_juggling_for_data_analysis_eh1I3SlZn48_075_090.mp4,503,8.391717,32,sports ball,0.598624,603.279,218.116,625.245,238.111,614.262,228.113,21.965,19.995
youtube_juggling_for_data_analysis_eh1I3SlZn48_075_090.mp4,503,8.391717,32,sports ball,0.567594,549.024,237.239,569.696,258.618,559.360,247.929,20.672,21.380
youtube_juggling_for_data_analysis_eh1I3SlZn48_075_090.mp4,503,8.391717,32,sports ball,0.567313,598.471,295.446,618.419,314.489,608.445,304.968,19.948,19.043
youtube_juggling_for_data_analysis_eh1I3SlZn48_075_090.mp4,504,8.408400,32,sports ball,0.735736,647.496,376.508,663.296,394.095,655.396,385.301,15.799,17.587
youtube_juggling_for_data_analysis_eh1I3SlZn48_075_090.mp4,504,8.408400,32,sports ball,0.670724,596.425,287.015,615.727,304.718,606.076,295.867,19.302,17.702
youtube_juggling_for_data_analysis_eh1I3SlZn48_075_090.mp4,504,8.408400,32,sports ball,0.474534,605.873,216.266,626.614,236.900,616.244,226.583,20.742,20.634
youtube_juggling_for_data_analysis_eh1I3SlZn48_075_090.mp4,504,8.408400,32,sports ball,0.424573,547.394,243.847,567.910,264.670,557.652,254.259,20.516,20.823
youtube_juggling_for_data_analysis_eh1I3SlZn48_075_090.mp4,504,8.408400,32,sports ball,0.342749,555.720,457.290,576.813,479.527,566.266,468.408,21.093,22.237
youtube_juggling_for_data_analysis_eh1I3SlZn48_075_090.mp4,505,8.425083,32,sports ball,0.673784,647.991,385.724,663.684,402.881,655.838,394.303,15.693,17.157
youtube_juggling_for_data_analysis_eh1I3SlZn48_075_090.mp4,505,8.425083,32,sports ball,0.537958,606.966,214.641,627.593,235.075,617.280,224.858,20.627,20.434
youtube_juggling_for_data_analysis_eh1I3SlZn48_075_090.mp4,505,8.425083,32,sports ball,0.536743,593.790,277.696,614.358,296.601,604.074,287.148,20.568,18.905
youtube_juggling_for_data_analysis_eh1I3SlZn48_075_090.mp4,505,8.425083,32,sports ball,0.455083,545.824,251.423,566.795,270.819,556.310,261.121,20.971,19.396
youtube_juggling_for_data_analysis_eh1I3SlZn48_075_090.mp4,506,8.441767,32,sports ball,0.770377,544.984,257.686,564.570,277.899,554.777,267.793,19.587,20.213
youtube_juggling_for_data_analysis_eh1I3SlZn48_075_090.mp4,506,8.441767,32,sports ball,0.685330,647.988,393.360,663.762,412.113,655.875,402.737,15.774,18.753
youtube_juggling_for_data_analysis_eh1I3SlZn48_075_090.mp4,506,8.441767,32,sports ball,0.656315,592.708,268.599,613.009,288.918,602.859,278.758,20.301,20.320
youtube_juggling_for_data_analysis_eh1I3SlZn48_075_090.mp4,506,8.441767,32,sports ball,0.633756,608.529,213.886,628.996,234.416,618.762,224.151,20.467,20.530
youtube_juggling_for_data_analysis_eh1I3SlZn48_075_090.mp4,507,8.458450,32,sports ball,0.742779,544.461,265.055,562.964,286.230,553.712,275.642,18.503,21.174
youtube_juggling_for_data_analysis_eh1I3SlZn48_075_090.mp4,507,8.458450,32,sports ball,0.676945,645.610,402.544,663.633,422.170,654.621,412.357,18.023,19.625
youtube_juggling_for_data_analysis_eh1I3SlZn48_075_090.mp4,507,8.458450,32,sports ball,0.514936,610.157,212.548,632.002,234.526,621.080,223.537,21.845,21.978
youtube_juggling_for_data_analysis_eh1I3SlZn48_075_090.mp4,507,8.458450,32,sports ball,0.489282,591.119,261.956,611.561,281.478,601.340,271.717,20.443,19.521
youtube_juggling_for_data_analysis_eh1I3SlZn48_075_090.mp4,507,8.458450,32,sports ball,0.235293,610.924,214.590,631.134,234.326,621.029,224.458,20.210,19.736
youtube_juggling_for_data_analysis_eh1I3SlZn48_075_090.mp4,508,8.475133,32,sports ball,0.655015,642.660,410.977,662.302,433.795,652.481,422.386,19.642,22.817
youtube_juggling_for_data_analysis_eh1I3SlZn48_075_090.mp4,508,8.475133,32,sports ball,0.582640,540.916,272.815,562.620,295.378,551.768,284.097,21.704,22.563
youtube_juggling_for_data_analysis_eh1I3SlZn48_075_090.mp4,508,8.475133,32,sports ball,0.570788,567.336,403.819,586.184,424.508,576.760,414.164,18.848,20.689
youtube_juggling_for_data_analysis_eh1I3SlZn48_075_090.mp4,508,8.475133,32,sports ball,0.503942,589.808,254.948,609.891,274.525,599.850,264.737,20.083,19.577
youtube_juggling_for_data_analysis_eh1I3SlZn48_075_090.mp4,508,8.475133,32,sports ball,0.352799,610.644,212.787,632.844,233.612,621.744,223.199,22.200,20.825
youtube_juggling_for_data_analysis_eh1I3SlZn48_075_090.mp4,508,8.475133,32,sports ball,0.184030,611.508,214.792,632.046,233.425,621.777,224.109,20.537,18.633
youtube_juggling_for_data_analysis_eh1I3SlZn48_075_090.mp4,509,8.491817,32,sports ball,0.793215,568.682,391.109,588.278,410.511,578.480,400.810,19.596,19.402
youtube_juggling_for_data_analysis_eh1I3SlZn48_075_090.mp4,509,8.491817,32,sports ball,0.772949,539.114,281.527,560.514,304.645,549.814,293.086,21.401,23.118
youtube_juggling_for_data_analysis_eh1I3SlZn48_075_090.mp4,509,8.491817,32,sports ball,0.603795,611.148,213.994,633.592,234.487,622.370,224.240,22.444,20.493
youtube_juggling_for_data_analysis_eh1I3SlZn48_075_090.mp4,509,8.491817,32,sports ball,0.456924,588.314,247.310,608.936,269.278,598.625,258.294,20.622,21.968
youtube_juggling_for_data_analysis_eh1I3SlZn48_075_090.mp4,509,8.491817,32,sports ball,0.367325,640.814,421.234,659.247,442.400,650.031,431.817,18.433,21.166
youtube_juggling_for_data_analysis_eh1I3SlZn48_075_090.mp4,509,8.491817,32,sports ball,0.247870,640.537,421.057,658.855,442.922,649.696,431.990,18.318,21.865
youtube_juggling_for_data_analysis_eh1I3SlZn48_075_090.mp4,510,8.508500,32,sports ball,0.674284,537.267,290.355,558.259,312.876,547.763,301.615,20.992,22.521
youtube_juggling_for_data_analysis_eh1I3SlZn48_075_090.mp4,510,8.508500,32,sports ball,0.645789,586.919,242.074,607.582,262.970,597.250,252.522,20.664,20.896
youtube_juggling_for_data_analysis_eh1I3SlZn48_075_090.mp4,510,8.508500,32,sports ball,0.637659,570.415,375.872,590.196,398.240,580.305,387.056,19.781,22.368
youtube_juggling_for_data_analysis_eh1I3SlZn48_075_090.mp4,510,8.508500,32,sports ball,0.627338,614.012,214.609,637.015,235.670,625.513,225.139,23.003,21.060
youtube_juggling_for_data_analysis_eh1I3SlZn48_075_090.mp4,510,8.508500,32,sports ball,0.416633,636.773,430.453,657.673,452.063,647.223,441.258,20.900,21.610
youtube_juggling_for_data_analysis_eh1I3SlZn48_075_090.mp4,510,8.508500,32,sports ball,0.188792,586.941,242.358,607.821,263.422,597.381,252.890,20.880,21.064
youtube_juggling_for_data_analysis_eh1I3SlZn48_075_090.mp4,511,8.525183,32,sports ball,0.644238,574.332,362.138,592.223,385.763,583.277,373.950,17.891,23.625
youtube_juggling_for_data_analysis_eh1I3SlZn48_075_090.mp4,511,8.525183,32,sports ball,0.558434,536.341,300.915,556.438,320.668,546.389,310.791,20.097,19.753
youtube_juggling_for_data_analysis_eh1I3SlZn48_075_090.mp4,511,8.525183,32,sports ball,0.537311,584.757,237.097,606.399,256.941,595.578,247.019,21.642,19.844
youtube_juggling_for_data_analysis_eh1I3SlZn48_075_090.mp4,511,8.525183,32,sports ball,0.510597,614.567,214.739,637.225,237.082,625.896,225.911,22.657,22.342
youtube_juggling_for_data_analysis_eh1I3SlZn48_075_090.mp4,511,8.525183,32,sports ball,0.500386,631.563,440.575,654.193,459.605,642.878,450.090,22.630,19.030
youtube_juggling_for_data_analysis_eh1I3SlZn48_075_090.mp4,512,8.541867,32,sports ball,0.791609,576.572,351.893,592.035,370.074,584.304,360.983,15.463,18.181
youtube_juggling_for_data_analysis_eh1I3SlZn48_075_090.mp4,512,8.541867,32,sports ball,0.744342,616.308,219.177,638.903,238.630,627.606,228.904,22.596,19.454
youtube_juggling_for_data_analysis_eh1I3SlZn48_075_090.mp4,512,8.541867,32,sports ball,0.671923,534.990,312.384,554.773,334.537,544.881,323.460,19.783,22.153
youtube_juggling_for_data_analysis_eh1I3SlZn48_075_090.mp4,512,8.541867,32,sports ball,0.592004,583.466,232.796,605.159,251.858,594.313,242.327,21.694,19.062
youtube_juggling_for_data_analysis_eh1I3SlZn48_075_090.mp4,512,8.541867,32,sports ball,0.299837,628.232,448.127,651.298,468.788,639.765,458.457,23.066,20.661
youtube_juggling_for_data_analysis_eh1I3SlZn48_075_090.mp4,513,8.558550,32,sports ball,0.763119,618.960,220.896,640.587,243.220,629.773,232.058,21.627,22.324
youtube_juggling_for_data_analysis_eh1I3SlZn48_075_090.mp4,513,8.558550,32,sports ball,0.682998,531.952,322.713,552.809,345.114,542.380,333.914,20.857,22.401
youtube_juggling_for_data_analysis_eh1I3SlZn48_075_090.mp4,513,8.558550,32,sports ball,0.631060,576.780,337.948,594.525,357.340,585.652,347.644,17.745,19.392
youtube_juggling_for_data_analysis_eh1I3SlZn48_075_090.mp4,513,8.558550,32,sports ball,0.471887,581.854,228.523,603.284,248.111,592.569,238.317,21.430,19.588
youtube_juggling_for_data_analysis_eh1I3SlZn48_075_090.mp4,514,8.575233,32,sports ball,0.552588,620.082,224.886,640.566,245.876,630.324,235.381,20.484,20.990
youtube_juggling_for_data_analysis_eh1I3SlZn48_075_090.mp4,514,8.575233,32,sports ball,0.549694,577.653,326.895,596.483,349.447,587.068,338.171,18.830,22.552
youtube_juggling_for_data_analysis_eh1I3SlZn48_075_090.mp4,514,8.575233,32,sports ball,0.500280,531.147,334.547,552.226,356.375,541.686,345.461,21.079,21.828
youtube_juggling_for_data_analysis_eh1I3SlZn48_075_090.mp4,514,8.575233,32,sports ball,0.414787,624.851,460.171,645.666,480.366,635.258,470.268,20.815,20.195
youtube_juggling_for_data_analysis_eh1I3SlZn48_075_090.mp4,514,8.575233,32,sports ball,0.266433,580.955,225.117,601.183,244.614,591.069,234.866,20.228,19.497
youtube_juggling_for_data_analysis_eh1I3SlZn48_075_090.mp4,515,8.591917,32,sports ball,0.724833,623.407,228.052,641.815,248.869,632.611,238.460,18.408,20.818
youtube_juggling_for_data_analysis_eh1I3SlZn48_075_090.mp4,515,8.591917,32,sports ball,0.619611,529.398,345.777,550.151,368.499,539.774,357.138,20.753,22.722
youtube_juggling_for_data_analysis_eh1I3SlZn48_075_090.mp4,515,8.591917,32,sports ball,0.560628,580.383,314.921,601.207,335.663,590.795,325.292,20.824,20.742
youtube_juggling_for_data_analysis_eh1I3SlZn48_075_090.mp4,515,8.591917,32,sports ball,0.488946,580.335,221.163,601.121,241.143,590.728,231.153,20.785,19.980
youtube_juggling_for_data_analysis_eh1I3SlZn48_075_090.mp4,515,8.591917,32,sports ball,0.434240,622.652,464.763,642.121,483.004,632.386,473.884,19.469,18.241
youtube_juggling_for_data_analysis_eh1I3SlZn48_075_090.mp4,516,8.608600,32,sports ball,0.543082,623.923,232.321,644.833,254.061,634.378,243.191,20.911,21.740
youtube_juggling_for_data_analysis_eh1I3SlZn48_075_090.mp4,516,8.608600,32,sports ball,0.519585,580.465,304.958,601.825,324.925,591.145,314.942,21.360,19.967
youtube_juggling_for_data_analysis_eh1I3SlZn48_075_090.mp4,516,8.608600,32,sports ball,0.483330,620.258,463.826,640.950,482.321,630.604,473.074,20.692,18.495
youtube_juggling_for_data_analysis_eh1I3SlZn48_075_090.mp4,516,8.608600,32,sports ball,0.483035,578.636,219.042,598.091,237.975,588.364,228.508,19.455,18.934
youtube_juggling_for_data_analysis_eh1I3SlZn48_075_090.mp4,516,8.608600,32,sports ball,0.457608,528.410,358.632,549.318,382.656,538.864,370.644,20.909,24.024
youtube_juggling_for_data_analysis_eh1I3SlZn48_075_090.mp4,517,8.625283,32,sports ball,0.617775,526.144,372.703,544.548,392.363,535.346,382.533,18.405,19.660
youtube_juggling_for_data_analysis_eh1I3SlZn48_075_090.mp4,517,8.625283,32,sports ball,0.447599,625.492,237.903,645.418,257.520,635.455,247.711,19.927,19.617
youtube_juggling_for_data_analysis_eh1I3SlZn48_075_090.mp4,517,8.625283,32,sports ball,0.292007,582.336,294.821,604.832,315.183,593.584,305.002,22.496,20.362
youtube_juggling_for_data_analysis_eh1I3SlZn48_075_090.mp4,517,8.625283,32,sports ball,0.187643,617.333,453.687,638.880,481.089,628.106,467.388,21.547,27.402
youtube_juggling_for_data_analysis_eh1I3SlZn48_075_090.mp4,518,8.641967,32,sports ball,0.701131,526.524,387.440,543.490,403.965,535.007,395.703,16.966,16.524
youtube_juggling_for_data_analysis_eh1I3SlZn48_075_090.mp4,518,8.641967,32,sports ball,0.649473,583.840,286.822,605.777,304.784,594.809,295.803,21.938,17.962
youtube_juggling_for_data_analysis_eh1I3SlZn48_075_090.mp4,518,8.641967,32,sports ball,0.547850,628.010,242.262,647.225,264.021,637.617,253.142,19.215,21.759
youtube_juggling_for_data_analysis_eh1I3SlZn48_075_090.mp4,518,8.641967,32,sports ball,0.542874,576.135,214.820,597.256,234.314,586.695,224.567,21.121,19.495
youtube_juggling_for_data_analysis_eh1I3SlZn48_075_090.mp4,518,8.641967,32,sports ball,0.435682,616.170,446.246,635.569,470.961,625.870,458.603,19.399,24.715
youtube_juggling_for_data_analysis_eh1I3SlZn48_075_090.mp4,519,8.658650,32,sports ball,0.816784,586.464,276.333,607.164,296.827,596.814,286.580,20.700,20.494
youtube_juggling_for_data_analysis_eh1I3SlZn48_075_090.mp4,519,8.658650,32,sports ball,0.795545,629.469,249.627,649.767,269.824,639.618,259.726,20.297,20.197
youtube_juggling_for_data_analysis_eh1I3SlZn48_075_090.mp4,519,8.658650,32,sports ball,0.688984,575.789,214.453,593.777,233.541,584.783,223.997,17.988,19.089
youtube_juggling_for_data_analysis_eh1I3SlZn48_075_090.mp4,519,8.658650,32,sports ball,0.513447,522.617,398.274,543.207,418.781,532.912,408.527,20.589,20.507
youtube_juggling_for_data_analysis_eh1I3SlZn48_075_090.mp4,519,8.658650,32,sports ball,0.410526,613.551,438.807,632.869,459.441,623.210,449.124,19.318,20.633
youtube_juggling_for_data_analysis_eh1I3SlZn48_075_090.mp4,519,8.658650,32,sports ball,0.228372,523.790,398.263,543.590,420.153,533.690,409.208,19.800,21.890
youtube_juggling_for_data_analysis_eh1I3SlZn48_075_090.mp4,520,8.675333,32,sports ball,0.710769,588.691,267.874,607.990,288.149,598.340,278.011,19.298,20.275
youtube_juggling_for_data_analysis_eh1I3SlZn48_075_090.mp4,520,8.675333,32,sports ball,0.618039,630.569,255.840,650.244,275.554,640.407,265.697,19.675,19.714
youtube_juggling_for_data_analysis_eh1I3SlZn48_075_090.mp4,520,8.675333,32,sports ball,0.437565,611.046,425.288,631.708,446.853,621.377,436.070,20.661,21.566
youtube_juggling_for_data_analysis_eh1I3SlZn48_075_090.mp4,520,8.675333,32,sports ball,0.422177,522.372,407.353,543.183,425.697,532.778,416.525,20.811,18.344
youtube_juggling_for_data_analysis_eh1I3SlZn48_075_090.mp4,520,8.675333,32,sports ball,0.353513,571.766,213.490,593.111,232.968,582.439,223.229,21.345,19.478
youtube_juggling_for_data_analysis_eh1I3SlZn48_075_090.mp4,521,8.692017,32,sports ball,0.652325,590.022,260.371,609.657,280.412,599.840,270.391,19.635,20.041
youtube_juggling_for_data_analysis_eh1I3SlZn48_075_090.mp4,521,8.692017,32,sports ball,0.590309,523.262,416.364,543.880,439.781,533.571,428.073,20.618,23.417
youtube_juggling_for_data_analysis_eh1I3SlZn48_075_090.mp4,521,8.692017,32,sports ball,0.545126,633.035,263.753,652.318,283.669,642.677,273.711,19.283,19.916
youtube_juggling_for_data_analysis_eh1I3SlZn48_075_090.mp4,521,8.692017,32,sports ball,0.460547,610.492,410.079,631.007,432.797,620.749,421.438,20.515,22.718
youtube_juggling_for_data_analysis_eh1I3SlZn48_075_090.mp4,521,8.692017,32,sports ball,0.306548,570.702,213.868,592.583,233.083,581.642,223.476,21.880,19.215
youtube_juggling_for_data_analysis_eh1I3SlZn48_075_090.mp4,522,8.708700,32,sports ball,0.668388,634.024,270.943,653.778,290.746,643.901,280.844,19.754,19.803
youtube_juggling_for_data_analysis_eh1I3SlZn48_075_090.mp4,522,8.708700,32,sports ball,0.517158,592.511,254.009,611.273,273.673,601.892,263.841,18.762,19.664
youtube_juggling_for_data_analysis_eh1I3SlZn48_075_090.mp4,522,8.708700,32,sports ball,0.346258,524.616,425.259,545.856,442.380,535.236,433.820,21.241,17.121
youtube_juggling_for_data_analysis_eh1I3SlZn48_075_090.mp4,522,8.708700,32,sports ball,0.310708,569.965,214.833,589.561,232.879,579.763,223.856,19.596,18.046
youtube_juggling_for_data_analysis_eh1I3SlZn48_075_090.mp4,522,8.708700,32,sports ball,0.236185,523.601,425.285,547.155,447.474,535.378,436.380,23.554,22.189
youtube_juggling_for_data_analysis_eh1I3SlZn48_075_090.mp4,522,8.708700,32,sports ball,0.176611,610.370,397.103,627.414,416.233,618.892,406.668,17.044,19.130
youtube_juggling_for_data_analysis_eh1I3SlZn48_075_090.mp4,523,8.725383,32,sports ball,0.641719,525.799,432.858,546.706,455.364,536.253,444.111,20.907,22.506
youtube_juggling_for_data_analysis_eh1I3SlZn48_075_090.mp4,523,8.725383,32,sports ball,0.639356,635.297,278.343,655.131,300.038,645.214,289.190,19.834,21.694
youtube_juggling_for_data_analysis_eh1I3SlZn48_075_090.mp4,523,8.725383,32,sports ball,0.630072,592.925,246.902,615.065,267.515,603.995,257.208,22.139,20.614
youtube_juggling_for_data_analysis_eh1I3SlZn48_075_090.mp4,523,8.725383,32,sports ball,0.560916,566.497,212.633,589.589,234.165,578.043,223.399,23.092,21.532
youtube_juggling_for_data_analysis_eh1I3SlZn48_075_090.mp4,523,8.725383,32,sports ball,0.529102,608.563,381.329,626.713,401.051,617.638,391.190,18.151,19.722
youtube_juggling_for_data_analysis_eh1I3SlZn48_075_090.mp4,523,8.725383,32,sports ball,0.299212,608.750,382.798,627.064,401.671,617.907,392.235,18.314,18.873
youtube_juggling_for_data_analysis_eh1I3SlZn48_075_090.mp4,524,8.742067,32,sports ball,0.718512,595.187,241.296,614.987,258.984,605.087,250.140,19.800,17.688
youtube_juggling_for_data_analysis_eh1I3SlZn48_075_090.mp4,524,8.742067,32,sports ball,0.551594,528.583,440.206,549.138,463.121,538.861,451.664,20.555,22.914
youtube_juggling_for_data_analysis_eh1I3SlZn48_075_090.mp4,524,8.742067,32,sports ball,0.497384,637.533,287.735,657.073,308.988,647.303,298.361,19.540,21.253
youtube_juggling_for_data_analysis_eh1I3SlZn48_075_090.mp4,524,8.742067,32,sports ball,0.443784,567.094,214.869,588.087,236.585,577.590,225.727,20.993,21.716
youtube_juggling_for_data_analysis_eh1I3SlZn48_075_090.mp4,525,8.758750,32,sports ball,0.652323,597.872,233.330,618.594,255.653,608.233,244.491,20.723,22.323
youtube_juggling_for_data_analysis_eh1I3SlZn48_075_090.mp4,525,8.758750,32,sports ball,0.628427,639.868,297.444,658.110,318.072,648.989,307.758,18.243,20.628
youtube_juggling_for_data_analysis_eh1I3SlZn48_075_090.mp4,525,8.758750,32,sports ball,0.569233,530.718,448.399,552.445,470.737,541.581,459.568,21.727,22.338
youtube_juggling_for_data_analysis_eh1I3SlZn48_075_090.mp4,525,8.758750,32,sports ball,0.327683,565.075,217.656,585.683,238.496,575.379,228.076,20.609,20.839
youtube_juggling_for_data_analysis_eh1I3SlZn48_075_090.mp4,526,8.775433,32,sports ball,0.624513,641.211,307.746,660.490,329.499,650.851,318.622,19.279,21.753
youtube_juggling_for_data_analysis_eh1I3SlZn48_075_090.mp4,526,8.775433,32,sports ball,0.539647,599.235,229.623,619.336,249.944,609.285,239.784,20.100,20.320
youtube_juggling_for_data_analysis_eh1I3SlZn48_075_090.mp4,526,8.775433,32,sports ball,0.380700,562.970,219.011,584.255,240.899,573.612,229.955,21.285,21.888
youtube_juggling_for_data_analysis_eh1I3SlZn48_075_090.mp4,526,8.775433,32,sports ball,0.315944,534.874,455.541,556.503,476.145,545.688,465.843,21.629,20.605
youtube_juggling_for_data_analysis_eh1I3SlZn48_075_090.mp4,527,8.792117,32,sports ball,0.560458,642.068,318.143,663.024,338.259,652.546,328.201,20.956,20.116
youtube_juggling_for_data_analysis_eh1I3SlZn48_075_090.mp4,527,8.792117,32,sports ball,0.435065,600.203,224.894,621.253,246.703,610.728,235.799,21.050,21.809
youtube_juggling_for_data_analysis_eh1I3SlZn48_075_090.mp4,527,8.792117,32,sports ball,0.409749,562.563,222.950,584.363,244.090,573.463,233.520,21.800,21.140
youtube_juggling_for_data_analysis_eh1I3SlZn48_075_090.mp4,527,8.792117,32,sports ball,0.302152,538.159,463.501,559.187,483.927,548.673,473.714,21.029,20.426
youtube_juggling_for_data_analysis_eh1I3SlZn48_075_090.mp4,528,8.808800,32,sports ball,0.502851,643.948,329.384,663.757,351.148,653.853,340.266,19.809,21.763
youtube_juggling_for_data_analysis_eh1I3SlZn48_075_090.mp4,528,8.808800,32,sports ball,0.468632,602.050,221.224,623.177,242.537,612.614,231.881,21.127,21.313
youtube_juggling_for_data_analysis_eh1I3SlZn48_075_090.mp4,528,8.808800,32,sports ball,0.397646,561.412,227.187,581.095,247.835,571.254,237.511,19.684,20.648
youtube_juggling_for_data_analysis_eh1I3SlZn48_075_090.mp4,528,8.808800,32,sports ball,0.192939,602.107,315.321,621.148,335.042,611.627,325.181,19.040,19.721
youtube_juggling_for_data_analysis_eh1I3SlZn48_075_090.mp4,529,8.825483,32,sports ball,0.433855,645.396,338.813,665.873,364.154,655.635,351.484,20.478,25.340
youtube_juggling_for_data_analysis_eh1I3SlZn48_075_090.mp4,529,8.825483,32,sports ball,0.404334,600.455,304.329,619.061,322.426,609.758,313.377,18.605,18.097
youtube_juggling_for_data_analysis_eh1I3SlZn48_075_090.mp4,529,8.825483,32,sports ball,0.377526,646.184,341.939,664.566,363.250,655.375,352.594,18.382,21.311
youtube_juggling_for_data_analysis_eh1I3SlZn48_075_090.mp4,529,8.825483,32,sports ball,0.220813,559.926,232.788,580.302,251.792,570.114,242.290,20.376,19.004
youtube_juggling_for_data_analysis_eh1I3SlZn48_075_090.mp4,529,8.825483,32,sports ball,0.169836,603.130,219.202,623.949,238.138,613.540,228.670,20.819,18.935
youtube_juggling_for_data_analysis_eh1I3SlZn48_075_090.mp4,530,8.842167,32,sports ball,0.715719,647.145,353.278,668.511,375.840,657.828,364.559,21.366,22.562
youtube_juggling_for_data_analysis_eh1I3SlZn48_075_090.mp4,530,8.842167,32,sports ball,0.445830,599.438,293.124,619.239,313.038,609.338,303.081,19.801,19.914
youtube_juggling_for_data_analysis_eh1I3SlZn48_075_090.mp4,530,8.842167,32,sports ball,0.202579,558.854,236.939,578.779,256.604,568.816,246.771,19.924,19.665
youtube_juggling_for_data_analysis_eh1I3SlZn48_075_090.mp4,530,8.842167,32,sports ball,0.189154,605.896,215.505,625.187,236.572,615.541,226.039,19.291,21.067
youtube_juggling_for_data_analysis_eh1I3SlZn48_075_090.mp4,531,8.858850,32,sports ball,0.753509,647.718,366.543,671.226,386.723,659.472,376.633,23.508,20.180
youtube_juggling_for_data_analysis_eh1I3SlZn48_075_090.mp4,531,8.858850,32,sports ball,0.482880,598.577,281.810,618.665,303.805,608.621,292.808,20.088,21.994
youtube_juggling_for_data_analysis_eh1I3SlZn48_075_090.mp4,531,8.858850,32,sports ball,0.326967,556.897,242.105,575.996,261.977,566.446,252.041,19.099,19.871
youtube_juggling_for_data_analysis_eh1I3SlZn48_075_090.mp4,531,8.858850,32,sports ball,0.268420,553.616,471.928,573.577,493.055,563.597,482.492,19.961,21.127
youtube_juggling_for_data_analysis_eh1I3SlZn48_075_090.mp4,532,8.875533,32,sports ball,0.573615,597.808,273.188,617.652,294.335,607.730,283.762,19.844,21.148
youtube_juggling_for_data_analysis_eh1I3SlZn48_075_090.mp4,532,8.875533,32,sports ball,0.498484,649.730,380.493,670.544,399.954,660.137,390.223,20.814,19.461
youtube_juggling_for_data_analysis_eh1I3SlZn48_075_090.mp4,532,8.875533,32,sports ball,0.479791,556.192,466.473,576.003,489.017,566.098,477.745,19.811,22.544
youtube_juggling_for_data_analysis_eh1I3SlZn48_075_090.mp4,532,8.875533,32,sports ball,0.433288,607.506,211.261,628.554,231.066,618.030,221.163,21.047,19.805
youtube_juggling_for_data_analysis_eh1I3SlZn48_075_090.mp4,532,8.875533,32,sports ball,0.427310,649.510,379.775,673.127,400.968,661.319,390.371,23.617,21.193
youtube_juggling_for_data_analysis_eh1I3SlZn48_075_090.mp4,532,8.875533,32,sports ball,0.359749,554.903,247.757,574.573,268.368,564.738,258.063,19.670,20.612
youtube_juggling_for_data_analysis_eh1I3SlZn48_075_090.mp4,533,8.892217,32,sports ball,0.618196,610.624,210.408,630.394,229.171,620.509,219.789,19.770,18.763
youtube_juggling_for_data_analysis_eh1I3SlZn48_075_090.mp4,533,8.892217,32,sports ball,0.491093,552.417,254.115,573.854,274.409,563.136,264.262,21.437,20.294
youtube_juggling_for_data_analysis_eh1I3SlZn48_075_090.mp4,533,8.892217,32,sports ball,0.489594,594.729,263.302,616.667,287.380,605.698,275.341,21.938,24.078
youtube_juggling_for_data_analysis_eh1I3SlZn48_075_090.mp4,533,8.892217,32,sports ball,0.470381,558.868,458.052,578.221,480.768,568.545,469.410,19.353,22.715
youtube_juggling_for_data_analysis_eh1I3SlZn48_075_090.mp4,533,8.892217,32,sports ball,0.251300,651.166,388.874,671.474,413.404,661.320,401.139,20.308,24.530
youtube_juggling_for_data_analysis_eh1I3SlZn48_075_090.mp4,533,8.892217,32,sports ball,0.210053,650.793,389.105,669.828,410.590,660.311,399.847,19.035,21.485
youtube_juggling_for_data_analysis_eh1I3SlZn48_075_090.mp4,534,8.908900,32,sports ball,0.722311,652.718,397.621,670.926,416.316,661.822,406.969,18.208,18.694
youtube_juggling_for_data_analysis_eh1I3SlZn48_075_090.mp4,534,8.908900,32,sports ball,0.563239,593.886,256.164,616.599,277.963,605.242,267.063,22.713,21.799
youtube_juggling_for_data_analysis_eh1I3SlZn48_075_090.mp4,534,8.908900,32,sports ball,0.554247,611.371,209.607,633.988,228.312,622.679,218.960,22.616,18.704
youtube_juggling_for_data_analysis_eh1I3SlZn48_075_090.mp4,534,8.908900,32,sports ball,0.367864,551.650,260.814,572.336,281.167,561.993,270.991,20.686,20.354
youtube_juggling_for_data_analysis_eh1I3SlZn48_075_090.mp4,534,8.908900,32,sports ball,0.175119,560.747,446.905,581.815,468.947,571.281,457.926,21.068,22.042
youtube_juggling_for_data_analysis_eh1I3SlZn48_075_090.mp4,535,8.925583,32,sports ball,0.725718,652.098,404.054,670.649,425.907,661.374,414.980,18.550,21.854
youtube_juggling_for_data_analysis_eh1I3SlZn48_075_090.mp4,535,8.925583,32,sports ball,0.691180,592.900,247.005,614.851,269.589,603.876,258.297,21.951,22.585
youtube_juggling_for_data_analysis_eh1I3SlZn48_075_090.mp4,535,8.925583,32,sports ball,0.648949,612.233,209.566,634.380,228.953,623.307,219.259,22.148,19.387
youtube_juggling_for_data_analysis_eh1I3SlZn48_075_090.mp4,535,8.925583,32,sports ball,0.632005,549.798,268.633,571.123,288.718,560.461,278.675,21.324,20.084
youtube_juggling_for_data_analysis_eh1I3SlZn48_075_090.mp4,535,8.925583,32,sports ball,0.459735,563.449,438.318,584.163,456.517,573.806,447.418,20.715,18.199
youtube_juggling_for_data_analysis_eh1I3SlZn48_075_090.mp4,535,8.925583,32,sports ball,0.174887,563.159,435.446,584.276,456.455,573.718,445.951,21.116,21.009
youtube_juggling_for_data_analysis_eh1I3SlZn48_075_090.mp4,536,8.942267,32,sports ball,0.732129,566.558,422.465,586.739,440.740,576.648,431.603,20.180,18.275
youtube_juggling_for_data_analysis_eh1I3SlZn48_075_090.mp4,536,8.942267,32,sports ball,0.717318,613.902,210.102,637.690,229.418,625.796,219.760,23.788,19.315
youtube_juggling_for_data_analysis_eh1I3SlZn48_075_090.mp4,536,8.942267,32,sports ball,0.706553,592.699,241.307,612.347,261.286,602.523,251.296,19.648,19.979
youtube_juggling_for_data_analysis_eh1I3SlZn48_075_090.mp4,536,8.942267,32,sports ball,0.658215,649.522,412.071,668.802,436.118,659.162,424.094,19.280,24.047
youtube_juggling_for_data_analysis_eh1I3SlZn48_075_090.mp4,536,8.942267,32,sports ball,0.587825,549.214,276.710,569.097,296.743,559.156,286.727,19.883,20.033
youtube_juggling_for_data_analysis_eh1I3SlZn48_075_090.mp4,536,8.942267,32,sports ball,0.413400,549.044,277.476,569.061,296.678,559.053,287.077,20.017,19.203
youtube_juggling_for_data_analysis_eh1I3SlZn48_075_090.mp4,537,8.958950,32,sports ball,0.580736,569.829,407.322,588.600,427.303,579.214,417.312,18.770,19.980
youtube_juggling_for_data_analysis_eh1I3SlZn48_075_090.mp4,537,8.958950,32,sports ball,0.502262,547.914,286.518,566.950,304.508,557.432,295.513,19.036,17.990
youtube_juggling_for_data_analysis_eh1I3SlZn48_075_090.mp4,537,8.958950,32,sports ball,0.363643,615.983,210.725,638.027,229.847,627.005,220.286,22.044,19.121
youtube_juggling_for_data_analysis_eh1I3SlZn48_075_090.mp4,537,8.958950,32,sports ball,0.337297,592.453,234.087,610.265,253.925,601.359,244.006,17.812,19.838
youtube_juggling_for_data_analysis_eh1I3SlZn48_075_090.mp4,537,8.958950,32,sports ball,0.270212,592.194,233.702,610.217,254.050,601.206,243.876,18.023,20.349
youtube_juggling_for_data_analysis_eh1I3SlZn48_075_090.mp4,537,8.958950,32,sports ball,0.173761,648.030,422.160,667.044,443.098,657.537,432.629,19.013,20.938
youtube_juggling_for_data_analysis_eh1I3SlZn48_075_090.mp4,538,8.975633,32,sports ball,0.756649,617.941,210.450,639.410,232.330,628.676,221.390,21.469,21.880
youtube_juggling_for_data_analysis_eh1I3SlZn48_075_090.mp4,538,8.975633,32,sports ball,0.726852,571.408,392.393,590.852,413.580,581.130,402.986,19.444,21.187
youtube_juggling_for_data_analysis_eh1I3SlZn48_075_090.mp4,538,8.975633,32,sports ball,0.724408,545.799,295.181,566.106,314.499,555.953,304.840,20.307,19.318
youtube_juggling_for_data_analysis_eh1I3SlZn48_075_090.mp4,538,8.975633,32,sports ball,0.674350,590.187,226.740,610.210,248.143,600.198,237.442,20.023,21.403
youtube_juggling_for_data_analysis_eh1I3SlZn48_075_090.mp4,538,8.975633,32,sports ball,0.380965,643.207,430.624,664.856,448.590,654.032,439.607,21.649,17.966
youtube_juggling_for_data_analysis_eh1I3SlZn48_075_090.mp4,539,8.992317,32,sports ball,0.763936,544.940,304.728,564.326,325.209,554.633,314.969,19.387,20.481
youtube_juggling_for_data_analysis_eh1I3SlZn48_075_090.mp4,539,8.992317,32,sports ball,0.757657,589.315,221.446,608.148,242.788,598.731,232.117,18.833,21.342
youtube_juggling_for_data_analysis_eh1I3SlZn48_075_090.mp4,539,8.992317,32,sports ball,0.684319,619.479,211.606,640.312,234.048,629.895,222.827,20.832,22.442
youtube_juggling_for_data_analysis_eh1I3SlZn48_075_090.mp4,539,8.992317,32,sports ball,0.423396,640.508,439.238,660.223,458.707,650.365,448.973,19.714,19.469
youtube_juggling_for_data_analysis_eh1I3SlZn48_075_090.mp4,539,8.992317,32,sports ball,0.158637,576.575,378.445,590.447,399.488,583.511,388.967,13.872,21.043
youtube_juggling_for_data_analysis_eh1I3SlZn48_075_090.mp4,540,9.009000,32,sports ball,0.784081,544.423,314.316,561.720,335.076,553.072,324.696,17.296,20.759
youtube_juggling_for_data_analysis_eh1I3SlZn48_075_090.mp4,540,9.009000,32,sports ball,0.678076,576.111,363.796,592.861,385.396,584.486,374.596,16.750,21.600
youtube_juggling_for_data_analysis_eh1I3SlZn48_075_090.mp4,540,9.009000,32,sports ball,0.641579,587.470,214.413,608.326,238.021,597.898,226.217,20.856,23.608
youtube_juggling_for_data_analysis_eh1I3SlZn48_075_090.mp4,540,9.009000,32,sports ball,0.525815,620.289,215.600,640.531,236.093,630.410,225.847,20.242,20.493
youtube_juggling_for_data_analysis_eh1I3SlZn48_075_090.mp4,541,9.025683,32,sports ball,0.521070,623.420,218.572,645.687,238.422,634.554,228.497,22.267,19.850
youtube_juggling_for_data_analysis_eh1I3SlZn48_075_090.mp4,541,9.025683,32,sports ball,0.485689,585.756,210.478,606.680,233.447,596.218,221.963,20.925,22.969
youtube_juggling_for_data_analysis_eh1I3SlZn48_075_090.mp4,541,9.025683,32,sports ball,0.401080,540.671,325.767,560.117,345.026,550.394,335.397,19.446,19.259
youtube_juggling_for_data_analysis_eh1I3SlZn48_075_090.mp4,541,9.025683,32,sports ball,0.329780,576.978,352.758,593.690,371.420,585.334,362.089,16.712,18.662
youtube_juggling_for_data_analysis_eh1I3SlZn48_075_090.mp4,542,9.042367,32,sports ball,0.565441,584.669,206.484,605.704,228.955,595.187,217.720,21.035,22.471
youtube_juggling_for_data_analysis_eh1I3SlZn48_075_090.mp4,542,9.042367,32,sports ball,0.480365,540.522,337.103,559.791,356.281,550.157,346.692,19.269,19.178
youtube_juggling_for_data_analysis_eh1I3SlZn48_075_090.mp4,542,9.042367,32,sports ball,0.458482,624.350,220.125,646.198,242.845,635.274,231.485,21.848,22.720
youtube_juggling_for_data_analysis_eh1I3SlZn48_075_090.mp4,542,9.042367,32,sports ball,0.438380,578.397,337.644,595.643,358.086,587.020,347.865,17.246,20.443
youtube_juggling_for_data_analysis_eh1I3SlZn48_075_090.mp4,543,9.059050,32,sports ball,0.646417,583.510,201.777,604.511,225.569,594.010,213.673,21.001,23.792
youtube_juggling_for_data_analysis_eh1I3SlZn48_075_090.mp4,543,9.059050,32,sports ball,0.645575,537.909,349.363,556.677,368.563,547.293,358.963,18.767,19.199
youtube_juggling_for_data_analysis_eh1I3SlZn48_075_090.mp4,543,9.059050,32,sports ball,0.512860,580.390,327.712,595.610,345.472,588.000,336.592,15.220,17.760
youtube_juggling_for_data_analysis_eh1I3SlZn48_075_090.mp4,543,9.059050,32,sports ball,0.451903,625.309,223.707,647.918,246.950,636.614,235.329,22.609,23.244
youtube_juggling_for_data_analysis_eh1I3SlZn48_075_090.mp4,544,9.075733,32,sports ball,0.721971,536.393,361.595,556.099,382.708,546.246,372.151,19.706,21.113
youtube_juggling_for_data_analysis_eh1I3SlZn48_075_090.mp4,544,9.075733,32,sports ball,0.695472,582.489,200.297,603.447,222.714,592.968,211.505,20.959,22.416
youtube_juggling_for_data_analysis_eh1I3SlZn48_075_090.mp4,544,9.075733,32,sports ball,0.617905,581.205,315.537,601.063,335.262,591.134,325.399,19.858,19.725
youtube_juggling_for_data_analysis_eh1I3SlZn48_075_090.mp4,544,9.075733,32,sports ball,0.498829,627.900,229.402,650.390,250.332,639.145,239.867,22.490,20.930
youtube_juggling_for_data_analysis_eh1I3SlZn48_075_090.mp4,544,9.075733,32,sports ball,0.304645,626.751,463.810,646.271,485.359,636.511,474.584,19.521,21.549
youtube_juggling_for_data_analysis_eh1I3SlZn48_075_090.mp4,545,9.092417,32,sports ball,0.821114,535.740,375.145,553.618,394.664,544.679,384.905,17.878,19.520
youtube_juggling_for_data_analysis_eh1I3SlZn48_075_090.mp4,545,9.092417,32,sports ball,0.616625,581.094,197.758,602.404,219.041,591.749,208.400,21.310,21.282
youtube_juggling_for_data_analysis_eh1I3SlZn48_075_090.mp4,545,9.092417,32,sports ball,0.572586,629.079,233.015,651.730,256.021,640.404,244.518,22.650,23.006
youtube_juggling_for_data_analysis_eh1I3SlZn48_075_090.mp4,545,9.092417,32,sports ball,0.387151,582.532,304.611,603.035,323.014,592.783,313.812,20.502,18.404
youtube_juggling_for_data_analysis_eh1I3SlZn48_075_090.mp4,545,9.092417,32,sports ball,0.370026,625.222,465.729,643.328,485.929,634.275,475.829,18.105,20.200
youtube_juggling_for_data_analysis_eh1I3SlZn48_075_090.mp4,546,9.109100,32,sports ball,0.655950,529.900,388.159,552.047,407.853,540.974,398.006,22.148,19.694
youtube_juggling_for_data_analysis_eh1I3SlZn48_075_090.mp4,546,9.109100,32,sports ball,0.580987,579.935,195.722,600.643,217.039,590.289,206.381,20.709,21.317
youtube_juggling_for_data_analysis_eh1I3SlZn48_075_090.mp4,546,9.109100,32,sports ball,0.519687,583.557,294.516,605.770,314.761,594.664,304.638,22.213,20.245
youtube_juggling_for_data_analysis_eh1I3SlZn48_075_090.mp4,546,9.109100,32,sports ball,0.510164,632.243,240.324,653.049,260.547,642.646,250.436,20.806,20.223
youtube_juggling_for_data_analysis_eh1I3SlZn48_075_090.mp4,546,9.109100,32,sports ball,0.443882,622.276,461.588,641.785,481.791,632.030,471.689,19.508,20.204
youtube_juggling_for_data_analysis_eh1I3SlZn48_075_090.mp4,547,9.125783,32,sports ball,0.489192,584.852,284.382,605.659,304.806,595.255,294.594,20.807,20.425
youtube_juggling_for_data_analysis_eh1I3SlZn48_075_090.mp4,547,9.125783,32,sports ball,0.374746,529.915,401.713,552.802,425.469,541.359,413.591,22.888,23.756
youtube_juggling_for_data_analysis_eh1I3SlZn48_075_090.mp4,547,9.125783,32,sports ball,0.369305,620.318,450.661,640.981,475.102,630.650,462.882,20.663,24.440
youtube_juggling_for_data_analysis_eh1I3SlZn48_075_090.mp4,547,9.125783,32,sports ball,0.336723,579.181,193.568,600.219,215.628,589.700,204.598,21.038,22.060
youtube_juggling_for_data_analysis_eh1I3SlZn48_075_090.mp4,547,9.125783,32,sports ball,0.237082,530.638,401.926,552.228,421.973,541.433,411.949,21.591,20.047
youtube_juggling_for_data_analysis_eh1I3SlZn48_075_090.mp4,547,9.125783,32,sports ball,0.222087,631.633,244.220,655.215,267.958,643.424,256.089,23.582,23.738
youtube_juggling_for_data_analysis_eh1I3SlZn48_075_090.mp4,547,9.125783,32,sports ball,0.188700,633.656,247.325,654.479,267.433,644.067,257.379,20.822,20.107
youtube_juggling_for_data_analysis_eh1I3SlZn48_075_090.mp4,548,9.142467,32,sports ball,0.632807,586.807,275.782,607.381,295.977,597.094,285.880,20.575,20.196
youtube_juggling_for_data_analysis_eh1I3SlZn48_075_090.mp4,548,9.142467,32,sports ball,0.515744,529.698,411.354,550.889,436.943,540.294,424.148,21.192,25.588
youtube_juggling_for_data_analysis_eh1I3SlZn48_075_090.mp4,548,9.142467,32,sports ball,0.499543,616.797,444.591,639.088,464.220,627.943,454.406,22.291,19.630
youtube_juggling_for_data_analysis_eh1I3SlZn48_075_090.mp4,548,9.142467,32,sports ball,0.413330,578.021,192.345,599.567,214.466,588.794,203.406,21.546,22.120
youtube_juggling_for_data_analysis_eh1I3SlZn48_075_090.mp4,548,9.142467,32,sports ball,0.295201,634.188,252.398,655.419,273.783,644.804,263.090,21.231,21.385
youtube_juggling_for_data_analysis_eh1I3SlZn48_075_090.mp4,549,9.159150,32,sports ball,0.699714,528.600,420.884,550.043,444.302,539.322,432.593,21.443,23.418
youtube_juggling_for_data_analysis_eh1I3SlZn48_075_090.mp4,549,9.159150,32,sports ball,0.509819,576.635,192.821,598.864,214.139,587.749,203.480,22.229,21.318
youtube_juggling_for_data_analysis_eh1I3SlZn48_075_090.mp4,549,9.159150,32,sports ball,0.350044,616.505,432.298,636.996,451.583,626.751,441.940,20.491,19.285
youtube_juggling_for_data_analysis_eh1I3SlZn48_075_090.mp4,549,9.159150,32,sports ball,0.305590,638.134,259.854,658.241,280.636,648.187,270.245,20.107,20.782
youtube_juggling_for_data_analysis_eh1I3SlZn48_075_090.mp4,549,9.159150,32,sports ball,0.204750,587.484,266.682,608.374,287.441,597.929,277.062,20.891,20.759
youtube_juggling_for_data_analysis_eh1I3SlZn48_075_090.mp4,550,9.175833,32,sports ball,0.765867,576.328,192.651,597.375,214.140,586.852,203.396,21.047,21.489
youtube_juggling_for_data_analysis_eh1I3SlZn48_075_090.mp4,550,9.175833,32,sports ball,0.602465,640.112,268.828,658.666,289.125,649.389,278.976,18.554,20.297
youtube_juggling_for_data_analysis_eh1I3SlZn48_075_090.mp4,550,9.175833,32,sports ball,0.580687,589.541,258.918,608.991,279.435,599.266,269.177,19.450,20.517
youtube_juggling_for_data_analysis_eh1I3SlZn48_075_090.mp4,550,9.175833,32,sports ball,0.566509,614.040,417.664,635.535,438.135,624.788,427.900,21.495,20.471
youtube_juggling_for_data_analysis_eh1I3SlZn48_075_090.mp4,550,9.175833,32,sports ball,0.384467,526.999,428.726,548.759,448.445,537.879,438.586,21.760,19.719
youtube_juggling_for_data_analysis_eh1I3SlZn48_075_090.mp4,550,9.175833,32,sports ball,0.160365,527.562,427.400,546.769,441.617,537.166,434.509,19.206,14.217
youtube_juggling_for_data_analysis_eh1I3SlZn48_075_090.mp4,551,9.192517,32,sports ball,0.821179,612.530,402.904,632.287,423.205,622.409,413.054,19.757,20.301
youtube_juggling_for_data_analysis_eh1I3SlZn48_075_090.mp4,551,9.192517,32,sports ball,0.730857,575.763,192.828,594.909,214.835,585.336,203.832,19.146,22.006
youtube_juggling_for_data_analysis_eh1I3SlZn48_075_090.mp4,551,9.192517,32,sports ball,0.676836,641.639,277.455,661.539,296.626,651.589,287.041,19.899,19.171
youtube_juggling_for_data_analysis_eh1I3SlZn48_075_090.mp4,551,9.192517,32,sports ball,0.583763,591.031,251.994,610.588,272.399,600.809,262.196,19.557,20.405
youtube_juggling_for_data_analysis_eh1I3SlZn48_075_090.mp4,551,9.192517,32,sports ball,0.551699,528.334,435.830,551.367,457.988,539.850,446.909,23.033,22.158
youtube_juggling_for_data_analysis_eh1I3SlZn48_075_090.mp4,551,9.192517,32,sports ball,0.206059,612.969,402.981,633.129,424.282,623.049,413.631,20.160,21.301
youtube_juggling_for_data_analysis_eh1I3SlZn48_075_090.mp4,552,9.209200,32,sports ball,0.635510,612.348,387.358,630.732,408.135,621.540,397.747,18.385,20.776
youtube_juggling_for_data_analysis_eh1I3SlZn48_075_090.mp4,552,9.209200,32,sports ball,0.430694,642.366,285.790,664.173,305.741,653.270,295.765,21.806,19.952
youtube_juggling_for_data_analysis_eh1I3SlZn48_075_090.mp4,552,9.209200,32,sports ball,0.289619,592.155,244.702,612.999,265.604,602.577,255.153,20.844,20.901
youtube_juggling_for_data_analysis_eh1I3SlZn48_075_090.mp4,552,9.209200,32,sports ball,0.273525,529.514,443.310,552.172,464.491,540.843,453.901,22.658,21.181
youtube_juggling_for_data_analysis_eh1I3SlZn48_075_090.mp4,552,9.209200,32,sports ball,0.205795,573.985,193.327,594.820,216.136,584.402,204.731,20.835,22.808
youtube_juggling_for_data_analysis_eh1I3SlZn48_075_090.mp4,553,9.225883,32,sports ball,0.533350,644.804,296.047,664.225,315.798,654.515,305.923,19.421,19.751
youtube_juggling_for_data_analysis_eh1I3SlZn48_075_090.mp4,553,9.225883,32,sports ball,0.373599,530.251,452.025,552.529,471.839,541.390,461.932,22.277,19.815
youtube_juggling_for_data_analysis_eh1I3SlZn48_075_090.mp4,553,9.225883,32,sports ball,0.364623,593.169,237.730,615.134,258.820,604.151,248.275,21.965,21.090
youtube_juggling_for_data_analysis_eh1I3SlZn48_075_090.mp4,553,9.225883,32,sports ball,0.333539,570.872,196.605,594.450,217.024,582.661,206.814,23.579,20.419
youtube_juggling_for_data_analysis_eh1I3SlZn48_075_090.mp4,554,9.242567,32,sports ball,0.705608,646.681,305.033,666.470,326.143,656.576,315.588,19.789,21.110
youtube_juggling_for_data_analysis_eh1I3SlZn48_075_090.mp4,554,9.242567,32,sports ball,0.535322,593.958,232.640,616.691,252.993,605.325,242.816,22.732,20.353
youtube_juggling_for_data_analysis_eh1I3SlZn48_075_090.mp4,554,9.242567,32,sports ball,0.340538,570.683,198.021,591.926,220.255,581.305,209.138,21.243,22.234
youtube_juggling_for_data_analysis_eh1I3SlZn48_075_090.mp4,554,9.242567,32,sports ball,0.210018,533.321,457.572,555.789,478.550,544.555,468.061,22.468,20.978
youtube_juggling_for_data_analysis_eh1I3SlZn48_075_090.mp4,555,9.259250,32,sports ball,0.802778,648.169,316.647,668.685,336.594,658.427,326.621,20.516,19.946
youtube_juggling_for_data_analysis_eh1I3SlZn48_075_090.mp4,555,9.259250,32,sports ball,0.746062,596.873,226.942,618.035,248.111,607.454,237.527,21.162,21.169
youtube_juggling_for_data_analysis_eh1I3SlZn48_075_090.mp4,555,9.259250,32,sports ball,0.576786,608.415,345.061,625.976,366.734,617.195,355.897,17.561,21.672
youtube_juggling_for_data_analysis_eh1I3SlZn48_075_090.mp4,555,9.259250,32,sports ball,0.533157,569.367,201.541,589.608,222.577,579.488,212.059,20.241,21.036
youtube_juggling_for_data_analysis_eh1I3SlZn48_075_090.mp4,555,9.259250,32,sports ball,0.481704,536.676,462.901,557.975,484.779,547.326,473.840,21.300,21.878
youtube_juggling_for_data_analysis_eh1I3SlZn48_075_090.mp4,556,9.275933,32,sports ball,0.687337,649.993,326.420,669.515,348.388,659.754,337.404,19.523,21.968
youtube_juggling_for_data_analysis_eh1I3SlZn48_075_090.mp4,556,9.275933,32,sports ball,0.666178,597.776,223.884,619.843,242.755,608.809,233.319,22.067,18.871
youtube_juggling_for_data_analysis_eh1I3SlZn48_075_090.mp4,556,9.275933,32,sports ball,0.609040,568.126,204.063,589.351,225.229,578.738,214.646,21.226,21.166
youtube_juggling_for_data_analysis_eh1I3SlZn48_075_090.mp4,556,9.275933,32,sports ball,0.336415,538.937,463.958,560.772,488.485,549.854,476.222,21.835,24.527
youtube_juggling_for_data_analysis_eh1I3SlZn48_075_090.mp4,556,9.275933,32,sports ball,0.302640,607.812,332.888,624.147,351.460,615.979,342.174,16.335,18.572
youtube_juggling_for_data_analysis_eh1I3SlZn48_075_090.mp4,557,9.292617,32,sports ball,0.828582,651.981,338.873,671.932,360.136,661.957,349.505,19.950,21.263
youtube_juggling_for_data_analysis_eh1I3SlZn48_075_090.mp4,557,9.292617,32,sports ball,0.709809,599.235,218.286,620.724,238.174,609.979,228.230,21.489,19.888
youtube_juggling_for_data_analysis_eh1I3SlZn48_075_090.mp4,557,9.292617,32,sports ball,0.611648,567.241,208.388,588.740,228.737,577.990,218.563,21.499,20.350
youtube_juggling_for_data_analysis_eh1I3SlZn48_075_090.mp4,557,9.292617,32,sports ball,0.261745,606.808,320.791,623.574,343.849,615.191,332.320,16.766,23.059
youtube_juggling_for_data_analysis_eh1I3SlZn48_075_090.mp4,557,9.292617,32,sports ball,0.180261,542.465,465.610,566.036,494.807,554.250,480.209,23.570,29.197
youtube_juggling_for_data_analysis_eh1I3SlZn48_075_090.mp4,558,9.309300,32,sports ball,0.694595,653.209,351.773,672.179,373.707,662.694,362.740,18.970,21.934
youtube_juggling_for_data_analysis_eh1I3SlZn48_075_090.mp4,558,9.309300,32,sports ball,0.399767,601.776,307.225,623.690,329.251,612.733,318.238,21.914,22.026
youtube_juggling_for_data_analysis_eh1I3SlZn48_075_090.mp4,558,9.309300,32,sports ball,0.291665,602.555,309.921,622.756,328.807,612.655,319.364,20.202,18.886
youtube_juggling_for_data_analysis_eh1I3SlZn48_075_090.mp4,558,9.309300,32,sports ball,0.184454,600.576,214.779,621.252,234.857,610.914,224.818,20.675,20.078
youtube_juggling_for_data_analysis_eh1I3SlZn48_075_090.mp4,558,9.309300,32,sports ball,0.156521,566.311,211.684,586.872,233.637,576.591,222.660,20.560,21.953
youtube_juggling_for_data_analysis_eh1I3SlZn48_075_090.mp4,559,9.325983,32,sports ball,0.805914,656.379,364.883,673.383,384.746,664.881,374.814,17.004,19.863
youtube_juggling_for_data_analysis_eh1I3SlZn48_075_090.mp4,559,9.325983,32,sports ball,0.360746,601.186,296.303,621.670,318.890,611.428,307.596,20.485,22.587
youtube_juggling_for_data_analysis_eh1I3SlZn48_075_090.mp4,559,9.325983,32,sports ball,0.324440,601.119,210.154,623.495,232.087,612.307,221.121,22.376,21.933
youtube_juggling_for_data_analysis_eh1I3SlZn48_075_090.mp4,559,9.325983,32,sports ball,0.263888,563.609,216.397,585.578,238.323,574.593,227.360,21.969,21.926
youtube_juggling_for_data_analysis_eh1I3SlZn48_075_090.mp4,559,9.325983,32,sports ball,0.263792,549.819,478.807,572.810,498.381,561.314,488.594,22.990,19.574
youtube_juggling_for_data_analysis_eh1I3SlZn48_075_090.mp4,560,9.342667,32,sports ball,0.532869,656.629,377.128,677.196,399.689,666.912,388.408,20.567,22.561
youtube_juggling_for_data_analysis_eh1I3SlZn48_075_090.mp4,560,9.342667,32,sports ball,0.151727,602.169,208.586,623.908,228.756,613.039,218.671,21.738,20.171
youtube_juggling_for_data_analysis_eh1I3SlZn48_075_090.mp4,561,9.359350,32,sports ball,0.333398,657.420,387.967,679.347,408.247,668.384,398.107,21.927,20.279
youtube_juggling_for_data_analysis_eh1I3SlZn48_075_090.mp4,561,9.359350,32,sports ball,0.320167,604.718,205.107,626.344,225.072,615.531,215.090,21.626,19.965
youtube_juggling_for_data_analysis_eh1I3SlZn48_075_090.mp4,561,9.359350,32,sports ball,0.157375,598.797,278.003,619.341,298.003,609.069,288.003,20.545,20.000
youtube_juggling_for_data_analysis_eh1I3SlZn48_075_090.mp4,561,9.359350,32,sports ball,0.150264,556.226,471.707,577.653,493.582,566.940,482.645,21.427,21.875
youtube_juggling_for_data_analysis_eh1I3SlZn48_075_090.mp4,562,9.376033,32,sports ball,0.716154,605.923,205.226,628.306,224.797,617.115,215.012,22.384,19.571
youtube_juggling_for_data_analysis_eh1I3SlZn48_075_090.mp4,562,9.376033,32,sports ball,0.594219,596.076,267.898,618.242,288.506,607.159,278.202,22.166,20.608
youtube_juggling_for_data_analysis_eh1I3SlZn48_075_090.mp4,562,9.376033,32,sports ball,0.576618,560.499,233.772,581.858,255.826,571.179,244.799,21.359,22.053
youtube_juggling_for_data_analysis_eh1I3SlZn48_075_090.mp4,562,9.376033,32,sports ball,0.498762,657.404,396.816,679.292,417.206,668.348,407.011,21.888,20.389
youtube_juggling_for_data_analysis_eh1I3SlZn48_075_090.mp4,562,9.376033,32,sports ball,0.331396,559.916,465.694,580.752,484.788,570.334,475.241,20.836,19.094
youtube_juggling_for_data_analysis_eh1I3SlZn48_075_090.mp4,563,9.392717,32,sports ball,0.811234,595.749,258.615,617.030,280.421,606.389,269.518,21.281,21.807
youtube_juggling_for_data_analysis_eh1I3SlZn48_075_090.mp4,563,9.392717,32,sports ball,0.672006,559.286,242.289,580.625,262.979,569.955,252.634,21.339,20.690
youtube_juggling_for_data_analysis_eh1I3SlZn48_075_090.mp4,563,9.392717,32,sports ball,0.648965,608.020,203.995,629.291,224.174,618.655,214.084,21.270,20.180
youtube_juggling_for_data_analysis_eh1I3SlZn48_075_090.mp4,563,9.392717,32,sports ball,0.596145,657.373,403.700,679.260,425.060,668.316,414.380,21.887,21.360
youtube_juggling_for_data_analysis_eh1I3SlZn48_075_090.mp4,563,9.392717,32,sports ball,0.242149,657.606,404.116,679.043,425.376,668.325,414.746,21.437,21.260
youtube_juggling_for_data_analysis_eh1I3SlZn48_075_090.mp4,563,9.392717,32,sports ball,0.214779,561.061,454.842,583.485,476.799,572.273,465.821,22.425,21.956
youtube_juggling_for_data_analysis_eh1I3SlZn48_075_090.mp4,563,9.392717,32,sports ball,0.177394,561.386,457.675,582.943,477.141,572.164,467.408,21.557,19.466
youtube_juggling_for_data_analysis_eh1I3SlZn48_075_090.mp4,564,9.409400,32,sports ball,0.603213,656.270,412.018,678.160,433.156,667.215,422.587,21.891,21.139
youtube_juggling_for_data_analysis_eh1I3SlZn48_075_090.mp4,564,9.409400,32,sports ball,0.519997,593.847,249.900,615.982,271.136,604.914,260.518,22.135,21.237
youtube_juggling_for_data_analysis_eh1I3SlZn48_075_090.mp4,564,9.409400,32,sports ball,0.453909,558.876,249.811,579.167,270.042,569.021,259.927,20.292,20.231
youtube_juggling_for_data_analysis_eh1I3SlZn48_075_090.mp4,564,9.409400,32,sports ball,0.214474,609.420,203.013,631.190,224.070,620.305,213.542,21.770,21.057
youtube_juggling_for_data_analysis_eh1I3SlZn48_075_090.mp4,565,9.426083,32,sports ball,0.559585,593.089,242.258,615.523,263.911,604.306,253.085,22.434,21.653
youtube_juggling_for_data_analysis_eh1I3SlZn48_075_090.mp4,565,9.426083,32,sports ball,0.540958,558.056,257.798,576.307,277.828,567.182,267.813,18.251,20.030
youtube_juggling_for_data_analysis_eh1I3SlZn48_075_090.mp4,565,9.426083,32,sports ball,0.523854,610.983,202.488,632.642,223.193,621.812,212.840,21.659,20.705
youtube_juggling_for_data_analysis_eh1I3SlZn48_075_090.mp4,565,9.426083,32,sports ball,0.402421,655.768,421.630,677.133,440.692,666.451,431.161,21.365,19.062
youtube_juggling_for_data_analysis_eh1I3SlZn48_075_090.mp4,565,9.426083,32,sports ball,0.351007,567.153,431.924,587.163,449.398,577.158,440.661,20.010,17.474
youtube_juggling_for_data_analysis_eh1I3SlZn48_075_090.mp4,566,9.442767,32,sports ball,0.720940,592.530,235.579,611.947,256.907,602.238,246.243,19.416,21.328
youtube_juggling_for_data_analysis_eh1I3SlZn48_075_090.mp4,566,9.442767,32,sports ball,0.716415,568.111,418.028,589.445,435.764,578.778,426.896,21.334,17.735
youtube_juggling_for_data_analysis_eh1I3SlZn48_075_090.mp4,566,9.442767,32,sports ball,0.685829,556.511,265.685,575.458,287.427,565.985,276.556,18.948,21.742
youtube_juggling_for_data_analysis_eh1I3SlZn48_075_090.mp4,566,9.442767,32,sports ball,0.616882,612.211,203.705,633.150,224.079,622.681,213.892,20.938,20.375
youtube_juggling_for_data_analysis_eh1I3SlZn48_075_090.mp4,566,9.442767,32,sports ball,0.582488,652.193,429.277,673.470,448.680,662.832,438.978,21.277,19.402
youtube_juggling_for_data_analysis_eh1I3SlZn48_075_090.mp4,567,9.459450,32,sports ball,0.616999,648.647,436.404,672.146,457.480,660.397,446.942,23.499,21.076
youtube_juggling_for_data_analysis_eh1I3SlZn48_075_090.mp4,567,9.459450,32,sports ball,0.603981,572.385,403.071,591.372,421.305,581.878,412.188,18.987,18.234
youtube_juggling_for_data_analysis_eh1I3SlZn48_075_090.mp4,567,9.459450,32,sports ball,0.588513,590.723,228.957,610.425,248.972,600.574,238.964,19.703,20.015
youtube_juggling_for_data_analysis_eh1I3SlZn48_075_090.mp4,567,9.459450,32,sports ball,0.557959,555.060,275.086,574.839,296.362,564.949,285.724,19.780,21.276
youtube_juggling_for_data_analysis_eh1I3SlZn48_075_090.mp4,567,9.459450,32,sports ball,0.364205,614.419,204.835,634.213,223.803,624.316,214.319,19.794,18.968
youtube_juggling_for_data_analysis_eh1I3SlZn48_075_090.mp4,568,9.476133,32,sports ball,0.608369,575.315,389.452,591.985,408.289,583.650,398.870,16.670,18.837
youtube_juggling_for_data_analysis_eh1I3SlZn48_075_090.mp4,568,9.476133,32,sports ball,0.445308,553.976,284.737,573.862,306.253,563.919,295.495,19.886,21.516
youtube_juggling_for_data_analysis_eh1I3SlZn48_075_090.mp4,568,9.476133,32,sports ball,0.336399,589.889,224.222,608.712,243.292,599.300,233.757,18.822,19.070
youtube_juggling_for_data_analysis_eh1I3SlZn48_075_090.mp4,568,9.476133,32,sports ball,0.334847,615.367,206.968,637.352,224.785,626.359,215.876,21.985,17.817
youtube_juggling_for_data_analysis_eh1I3SlZn48_075_090.mp4,568,9.476133,32,sports ball,0.290433,644.327,442.462,668.438,464.971,656.382,453.717,24.111,22.509
youtube_juggling_for_data_analysis_eh1I3SlZn48_075_090.mp4,569,9.492817,32,sports ball,0.497743,588.497,216.619,608.097,238.150,598.297,227.385,19.599,21.531
youtube_juggling_for_data_analysis_eh1I3SlZn48_075_090.mp4,569,9.492817,32,sports ball,0.421680,552.597,294.329,572.721,316.646,562.659,305.487,20.125,22.317
youtube_juggling_for_data_analysis_eh1I3SlZn48_075_090.mp4,569,9.492817,32,sports ball,0.416741,616.638,208.748,638.325,228.046,627.482,218.397,21.687,19.297
youtube_juggling_for_data_analysis_eh1I3SlZn48_075_090.mp4,570,9.509500,32,sports ball,0.572135,618.666,209.652,639.570,231.631,629.118,220.641,20.903,21.979
youtube_juggling_for_data_analysis_eh1I3SlZn48_075_090.mp4,570,9.509500,32,sports ball,0.548630,586.861,211.184,607.122,232.732,596.992,221.958,20.261,21.548
youtube_juggling_for_data_analysis_eh1I3SlZn48_075_090.mp4,570,9.509500,32,sports ball,0.345347,550.425,305.273,572.875,326.950,561.650,316.111,22.450,21.677
youtube_juggling_for_data_analysis_eh1I3SlZn48_075_090.mp4,570,9.509500,32,sports ball,0.307302,576.578,361.292,593.890,387.203,585.234,374.247,17.312,25.911
youtube_juggling_for_data_analysis_eh1I3SlZn48_075_090.mp4,570,9.509500,32,sports ball,0.227655,639.685,456.457,660.371,479.427,650.028,467.942,20.686,22.970
youtube_juggling_for_data_analysis_eh1I3SlZn48_075_090.mp4,570,9.509500,32,sports ball,0.151109,576.982,361.293,593.271,381.211,585.126,371.252,16.289,19.918
youtube_juggling_for_data_analysis_eh1I3SlZn48_075_090.mp4,571,9.526183,32,sports ball,0.627715,579.054,350.517,596.716,368.326,587.885,359.421,17.662,17.809
youtube_juggling_for_data_analysis_eh1I3SlZn48_075_090.mp4,571,9.526183,32,sports ball,0.445562,619.583,213.768,640.519,234.443,630.051,224.105,20.936,20.675
youtube_juggling_for_data_analysis_eh1I3SlZn48_075_090.mp4,571,9.526183,32,sports ball,0.350015,584.955,206.982,606.878,227.811,595.917,217.397,21.923,20.829
youtube_juggling_for_data_analysis_eh1I3SlZn48_075_090.mp4,571,9.526183,32,sports ball,0.215289,549.302,316.497,571.866,339.260,560.584,327.878,22.564,22.763
youtube_juggling_for_data_analysis_eh1I3SlZn48_075_090.mp4,571,9.526183,32,sports ball,0.181703,636.031,462.497,657.133,484.676,646.582,473.587,21.102,22.180
youtube_juggling_for_data_analysis_eh1I3SlZn48_075_090.mp4,572,9.542867,32,sports ball,0.598767,583.999,203.138,605.270,224.192,594.634,213.665,21.271,21.053
youtube_juggling_for_data_analysis_eh1I3SlZn48_075_090.mp4,572,9.542867,32,sports ball,0.559692,620.963,218.907,640.481,237.914,630.722,228.411,19.518,19.007
youtube_juggling_for_data_analysis_eh1I3SlZn48_075_090.mp4,572,9.542867,32,sports ball,0.530590,631.590,465.855,652.580,487.386,642.085,476.620,20.991,21.531
youtube_juggling_for_data_analysis_eh1I3SlZn48_075_090.mp4,572,9.542867,32,sports ball,0.363354,547.918,328.706,569.603,352.163,558.761,340.435,21.685,23.458
youtube_juggling_for_data_analysis_eh1I3SlZn48_075_090.mp4,573,9.559550,32,sports ball,0.577184,582.183,200.640,603.456,221.008,592.820,210.824,21.273,20.368
youtube_juggling_for_data_analysis_eh1I3SlZn48_075_090.mp4,573,9.559550,32,sports ball,0.498024,582.183,327.020,600.582,344.841,591.382,335.931,18.400,17.820
youtube_juggling_for_data_analysis_eh1I3SlZn48_075_090.mp4,573,9.559550,32,sports ball,0.464785,623.437,222.325,642.940,243.173,633.189,232.749,19.503,20.848
youtube_juggling_for_data_analysis_eh1I3SlZn48_075_090.mp4,573,9.559550,32,sports ball,0.351473,547.661,340.289,567.966,363.745,557.813,352.017,20.305,23.456
youtube_juggling_for_data_analysis_eh1I3SlZn48_075_090.mp4,573,9.559550,32,sports ball,0.227502,623.905,222.665,642.884,242.957,633.394,232.811,18.979,20.292
youtube_juggling_for_data_analysis_eh1I3SlZn48_075_090.mp4,573,9.559550,32,sports ball,0.207284,548.108,342.277,567.012,363.414,557.560,352.845,18.904,21.137
youtube_juggling_for_data_analysis_eh1I3SlZn48_075_090.mp4,574,9.576233,32,sports ball,0.798301,624.141,226.666,644.763,248.133,634.452,237.400,20.622,21.467
youtube_juggling_for_data_analysis_eh1I3SlZn48_075_090.mp4,574,9.576233,32,sports ball,0.733823,580.329,197.775,601.964,216.760,591.147,207.268,21.635,18.985
youtube_juggling_for_data_analysis_eh1I3SlZn48_075_090.mp4,574,9.576233,32,sports ball,0.617106,584.091,313.954,603.948,335.020,594.020,324.487,19.857,21.066
youtube_juggling_for_data_analysis_eh1I3SlZn48_075_090.mp4,574,9.576233,32,sports ball,0.590308,545.996,354.042,566.144,378.000,556.070,366.021,20.148,23.958
youtube_juggling_for_data_analysis_eh1I3SlZn48_075_090.mp4,574,9.576233,32,sports ball,0.399846,625.675,464.275,647.017,488.359,636.346,476.317,21.343,24.085
youtube_juggling_for_data_analysis_eh1I3SlZn48_075_090.mp4,575,9.592917,32,sports ball,0.568030,545.988,368.086,565.211,386.445,555.599,377.266,19.223,18.359
youtube_juggling_for_data_analysis_eh1I3SlZn48_075_090.mp4,575,9.592917,32,sports ball,0.464239,623.921,462.292,643.567,482.634,633.744,472.463,19.645,20.341
youtube_juggling_for_data_analysis_eh1I3SlZn48_075_090.mp4,575,9.592917,32,sports ball,0.428648,585.393,303.652,605.836,321.613,595.614,312.633,20.444,17.961
youtube_juggling_for_data_analysis_eh1I3SlZn48_075_090.mp4,575,9.592917,32,sports ball,0.278115,624.960,232.076,646.157,252.633,635.559,242.355,21.196,20.557
youtube_juggling_for_data_analysis_eh1I3SlZn48_075_090.mp4,575,9.592917,32,sports ball,0.204059,579.524,193.663,601.882,215.802,590.703,204.732,22.357,22.138
youtube_juggling_for_data_analysis_eh1I3SlZn48_075_090.mp4,576,9.609600,32,sports ball,0.483763,545.233,385.064,560.507,401.276,552.870,393.170,15.274,16.212
youtube_juggling_for_data_analysis_eh1I3SlZn48_075_090.mp4,576,9.609600,32,sports ball,0.461127,545.114,384.592,560.660,399.891,552.887,392.241,15.546,15.299
youtube_juggling_for_data_analysis_eh1I3SlZn48_075_090.mp4,576,9.609600,32,sports ball,0.379320,621.261,453.192,641.006,477.074,631.133,465.133,19.745,23.881
youtube_juggling_for_data_analysis_eh1I3SlZn48_075_090.mp4,576,9.609600,32,sports ball,0.161774,626.837,236.195,648.134,257.605,637.485,246.900,21.296,21.410
youtube_juggling_for_data_analysis_eh1I3SlZn48_075_090.mp4,576,9.609600,32,sports ball,0.159519,586.345,294.649,606.913,315.165,596.629,304.907,20.567,20.516
youtube_juggling_for_data_analysis_eh1I3SlZn48_075_090.mp4,577,9.626283,32,sports ball,0.568911,627.920,243.281,650.003,264.370,638.962,253.826,22.083,21.089
youtube_juggling_for_data_analysis_eh1I3SlZn48_075_090.mp4,577,9.626283,32,sports ball,0.566530,588.200,285.917,608.018,306.459,598.109,296.188,19.819,20.542
youtube_juggling_for_data_analysis_eh1I3SlZn48_075_090.mp4,577,9.626283,32,sports ball,0.556272,576.898,192.522,598.226,211.497,587.562,202.010,21.328,18.975
youtube_juggling_for_data_analysis_eh1I3SlZn48_075_090.mp4,577,9.626283,32,sports ball,0.397378,544.946,395.727,560.083,413.850,552.515,404.788,15.138,18.122
youtube_juggling_for_data_analysis_eh1I3SlZn48_075_090.mp4,577,9.626283,32,sports ball,0.309739,545.136,395.159,559.451,408.894,552.293,402.026,14.315,13.734
youtube_juggling_for_data_analysis_eh1I3SlZn48_075_090.mp4,578,9.642967,32,sports ball,0.661513,589.177,275.956,610.673,297.646,599.925,286.801,21.496,21.690
youtube_juggling_for_data_analysis_eh1I3SlZn48_075_090.mp4,578,9.642967,32,sports ball,0.642790,629.958,250.010,651.133,271.710,640.545,260.860,21.175,21.699
youtube_juggling_for_data_analysis_eh1I3SlZn48_075_090.mp4,578,9.642967,32,sports ball,0.409216,616.759,433.294,637.473,453.455,627.116,443.374,20.714,20.161
youtube_juggling_for_data_analysis_eh1I3SlZn48_075_090.mp4,578,9.642967,32,sports ball,0.377631,576.031,190.297,596.937,210.558,586.484,200.428,20.906,20.261
youtube_juggling_for_data_analysis_eh1I3SlZn48_075_090.mp4,578,9.642967,32,sports ball,0.280308,544.040,402.733,562.667,425.887,553.353,414.310,18.627,23.154
youtube_juggling_for_data_analysis_eh1I3SlZn48_075_090.mp4,578,9.642967,32,sports ball,0.183468,543.911,402.847,562.629,422.336,553.270,412.591,18.718,19.489
youtube_juggling_for_data_analysis_eh1I3SlZn48_075_090.mp4,579,9.659650,32,sports ball,0.422057,632.273,258.809,652.779,279.998,642.526,269.403,20.506,21.189
youtube_juggling_for_data_analysis_eh1I3SlZn48_075_090.mp4,579,9.659650,32,sports ball,0.337737,592.090,269.187,611.866,289.086,601.978,279.136,19.776,19.900
youtube_juggling_for_data_analysis_eh1I3SlZn48_075_090.mp4,579,9.659650,32,sports ball,0.241079,615.788,418.032,636.469,446.061,626.129,432.047,20.681,28.028
youtube_juggling_for_data_analysis_eh1I3SlZn48_075_090.mp4,579,9.659650,32,sports ball,0.180565,575.567,189.365,597.416,211.745,586.492,200.555,21.849,22.380
youtube_juggling_for_data_analysis_eh1I3SlZn48_075_090.mp4,580,9.676333,32,sports ball,0.577637,612.868,402.902,632.034,424.149,622.451,413.526,19.165,21.248
youtube_juggling_for_data_analysis_eh1I3SlZn48_075_090.mp4,580,9.676333,32,sports ball,0.529235,632.497,267.213,653.523,287.704,643.010,277.458,21.026,20.491
youtube_juggling_for_data_analysis_eh1I3SlZn48_075_090.mp4,580,9.676333,32,sports ball,0.385730,575.824,190.520,595.671,211.993,585.748,201.256,19.847,21.472
youtube_juggling_for_data_analysis_eh1I3SlZn48_075_090.mp4,580,9.676333,32,sports ball,0.278687,592.805,259.520,615.534,281.537,604.169,270.529,22.729,22.017
youtube_juggling_for_data_analysis_eh1I3SlZn48_075_090.mp4,581,9.693017,32,sports ball,0.815040,611.985,390.612,630.618,409.940,621.301,400.276,18.632,19.328
youtube_juggling_for_data_analysis_eh1I3SlZn48_075_090.mp4,581,9.693017,32,sports ball,0.613991,571.190,192.251,593.382,211.970,582.286,202.110,22.191,19.719
youtube_juggling_for_data_analysis_eh1I3SlZn48_075_090.mp4,581,9.693017,32,sports ball,0.458419,593.694,255.934,616.514,273.796,605.104,264.865,22.820,17.862
youtube_juggling_for_data_analysis_eh1I3SlZn48_075_090.mp4,581,9.693017,32,sports ball,0.311811,633.309,274.749,654.815,295.842,644.062,285.295,21.506,21.093
youtube_juggling_for_data_analysis_eh1I3SlZn48_075_090.mp4,582,9.709700,32,sports ball,0.567371,634.642,283.271,655.512,305.422,645.077,294.347,20.870,22.151
youtube_juggling_for_data_analysis_eh1I3SlZn48_075_090.mp4,582,9.709700,32,sports ball,0.521395,571.044,193.242,592.118,212.921,581.581,203.081,21.074,19.679
youtube_juggling_for_data_analysis_eh1I3SlZn48_075_090.mp4,582,9.709700,32,sports ball,0.281686,611.608,375.522,629.016,395.818,620.312,385.670,17.409,20.295
youtube_juggling_for_data_analysis_eh1I3SlZn48_075_090.mp4,582,9.709700,32,sports ball,0.271546,595.637,247.011,616.965,268.702,606.301,257.857,21.328,21.691
youtube_juggling_for_data_analysis_eh1I3SlZn48_075_090.mp4,582,9.709700,32,sports ball,0.170888,541.952,435.460,562.895,456.180,552.423,445.820,20.943,20.720
youtube_juggling_for_data_analysis_eh1I3SlZn48_075_090.mp4,583,9.726383,32,sports ball,0.311501,597.511,241.716,619.479,263.553,608.495,252.635,21.968,21.837
youtube_juggling_for_data_analysis_eh1I3SlZn48_075_090.mp4,583,9.726383,32,sports ball,0.252921,635.294,293.945,655.964,314.815,645.629,304.380,20.671,20.871
youtube_juggling_for_data_analysis_eh1I3SlZn48_075_090.mp4,583,9.726383,32,sports ball,0.198252,569.627,194.174,590.131,214.760,579.879,204.467,20.505,20.587
youtube_juggling_for_data_analysis_eh1I3SlZn48_075_090.mp4,584,9.743067,32,sports ball,0.640184,608.431,349.085,626.248,368.316,617.339,358.701,17.817,19.231
youtube_juggling_for_data_analysis_eh1I3SlZn48_075_090.mp4,584,9.743067,32,sports ball,0.480077,640.207,304.422,657.935,324.522,649.071,314.472,17.728,20.100
youtube_juggling_for_data_analysis_eh1I3SlZn48_075_090.mp4,584,9.743067,32,sports ball,0.318435,598.236,235.451,621.500,257.009,609.868,246.230,23.264,21.559
youtube_juggling_for_data_analysis_eh1I3SlZn48_075_090.mp4,584,9.743067,32,sports ball,0.233159,568.164,195.705,589.594,216.400,578.879,206.053,21.430,20.695
youtube_juggling_for_data_analysis_eh1I3SlZn48_075_090.mp4,585,9.759750,32,sports ball,0.674740,641.208,314.942,658.790,335.809,649.999,325.375,17.582,20.867
youtube_juggling_for_data_analysis_eh1I3SlZn48_075_090.mp4,585,9.759750,32,sports ball,0.644604,599.314,232.571,621.692,251.532,610.503,242.051,22.378,18.961
youtube_juggling_for_data_analysis_eh1I3SlZn48_075_090.mp4,585,9.759750,32,sports ball,0.483008,567.467,198.984,587.984,219.421,577.725,209.202,20.517,20.437
youtube_juggling_for_data_analysis_eh1I3SlZn48_075_090.mp4,585,9.759750,32,sports ball,0.298962,608.713,335.985,623.368,353.621,616.041,344.803,14.655,17.636
youtube_juggling_for_data_analysis_eh1I3SlZn48_075_090.mp4,586,9.776433,32,sports ball,0.728904,641.711,326.822,661.044,347.802,651.377,337.312,19.332,20.980
youtube_juggling_for_data_analysis_eh1I3SlZn48_075_090.mp4,586,9.776433,32,sports ball,0.638697,566.184,202.126,585.884,223.523,576.034,212.824,19.700,21.397
youtube_juggling_for_data_analysis_eh1I3SlZn48_075_090.mp4,586,9.776433,32,sports ball,0.615869,600.692,228.050,622.963,247.809,611.828,237.929,22.271,19.758
youtube_juggling_for_data_analysis_eh1I3SlZn48_075_090.mp4,586,9.776433,32,sports ball,0.234162,604.747,321.918,623.790,343.690,614.268,332.804,19.043,21.772
youtube_juggling_for_data_analysis_eh1I3SlZn48_075_090.mp4,587,9.793117,32,sports ball,0.756430,642.954,338.685,662.838,359.521,652.896,349.103,19.883,20.837
youtube_juggling_for_data_analysis_eh1I3SlZn48_075_090.mp4,587,9.793117,32,sports ball,0.459743,603.398,224.269,624.191,244.730,613.795,234.500,20.793,20.461
youtube_juggling_for_data_analysis_eh1I3SlZn48_075_090.mp4,587,9.793117,32,sports ball,0.430178,563.580,206.771,585.082,226.419,574.331,216.595,21.502,19.648
youtube_juggling_for_data_analysis_eh1I3SlZn48_075_090.mp4,587,9.793117,32,sports ball,0.336496,601.357,311.224,623.673,330.610,612.515,320.917,22.316,19.386
youtube_juggling_for_data_analysis_eh1I3SlZn48_075_090.mp4,587,9.793117,32,sports ball,0.152939,549.918,469.382,568.834,488.267,559.376,478.824,18.916,18.885
youtube_juggling_for_data_analysis_eh1I3SlZn48_075_090.mp4,587,9.793117,32,sports ball,0.152659,549.765,467.406,569.303,487.908,559.534,477.657,19.538,20.502
youtube_juggling_for_data_analysis_eh1I3SlZn48_075_090.mp4,588,9.809800,32,sports ball,0.621504,644.319,350.912,663.982,372.227,654.150,361.570,19.663,21.315
youtube_juggling_for_data_analysis_eh1I3SlZn48_075_090.mp4,588,9.809800,32,sports ball,0.430859,603.287,220.357,625.673,241.894,614.480,231.126,22.386,21.537
youtube_juggling_for_data_analysis_eh1I3SlZn48_075_090.mp4,588,9.809800,32,sports ball,0.417806,600.267,299.757,620.795,320.154,610.531,309.955,20.528,20.397
youtube_juggling_for_data_analysis_eh1I3SlZn48_075_090.mp4,588,9.809800,32,sports ball,0.309710,562.187,211.345,584.622,230.915,573.404,221.130,22.435,19.571
youtube_juggling_for_data_analysis_eh1I3SlZn48_075_090.mp4,589,9.826483,32,sports ball,0.809949,645.742,363.569,664.339,385.345,655.041,374.457,18.598,21.775
youtube_juggling_for_data_analysis_eh1I3SlZn48_075_090.mp4,589,9.826483,32,sports ball,0.575625,607.065,220.332,627.522,238.825,617.293,229.578,20.457,18.493
youtube_juggling_for_data_analysis_eh1I3SlZn48_075_090.mp4,589,9.826483,32,sports ball,0.329876,561.301,215.451,584.620,236.566,572.960,226.009,23.319,21.115
youtube_juggling_for_data_analysis_eh1I3SlZn48_075_090.mp4,589,9.826483,32,sports ball,0.268157,554.172,469.665,573.662,489.371,563.917,479.518,19.490,19.706
youtube_juggling_for_data_analysis_eh1I3SlZn48_075_090.mp4,589,9.826483,32,sports ball,0.254975,598.559,289.749,619.045,310.746,608.802,300.248,20.487,20.996
youtube_juggling_for_data_analysis_eh1I3SlZn48_075_090.mp4,590,9.843167,32,sports ball,0.461057,647.959,377.619,667.374,397.964,657.666,387.792,19.415,20.344
youtube_juggling_for_data_analysis_eh1I3SlZn48_075_090.mp4,590,9.843167,32,sports ball,0.377060,607.233,215.130,628.978,237.455,618.106,226.292,21.745,22.326
youtube_juggling_for_data_analysis_eh1I3SlZn48_075_090.mp4,590,9.843167,32,sports ball,0.282485,560.403,220.917,580.806,242.392,570.604,231.654,20.402,21.474
youtube_juggling_for_data_analysis_eh1I3SlZn48_075_090.mp4,590,9.843167,32,sports ball,0.247331,597.444,279.055,617.848,300.334,607.646,289.695,20.404,21.279
youtube_juggling_for_data_analysis_eh1I3SlZn48_075_090.mp4,590,9.843167,32,sports ball,0.194210,555.381,465.979,576.093,486.155,565.737,476.067,20.712,20.177
youtube_juggling_for_data_analysis_eh1I3SlZn48_075_090.mp4,591,9.859850,32,sports ball,0.549799,607.688,214.602,630.713,235.339,619.200,224.970,23.025,20.738
youtube_juggling_for_data_analysis_eh1I3SlZn48_075_090.mp4,591,9.859850,32,sports ball,0.471953,595.194,270.171,616.103,291.538,605.649,280.855,20.909,21.366
youtube_juggling_for_data_analysis_eh1I3SlZn48_075_090.mp4,591,9.859850,32,sports ball,0.405387,558.907,227.273,580.337,248.114,569.622,237.693,21.430,20.841
youtube_juggling_for_data_analysis_eh1I3SlZn48_075_090.mp4,591,9.859850,32,sports ball,0.343911,648.789,388.384,668.508,405.364,658.648,396.874,19.719,16.980
youtube_juggling_for_data_analysis_eh1I3SlZn48_075_090.mp4,591,9.859850,32,sports ball,0.161314,556.986,457.033,577.101,479.678,567.044,468.356,20.115,22.645
youtube_juggling_for_data_analysis_eh1I3SlZn48_075_090.mp4,592,9.876533,32,sports ball,0.339329,608.964,214.349,631.603,234.204,620.284,224.276,22.639,19.855
youtube_juggling_for_data_analysis_eh1I3SlZn48_075_090.mp4,592,9.876533,32,sports ball,0.297557,558.183,234.287,577.016,254.118,567.600,244.202,18.834,19.831
youtube_juggling_for_data_analysis_eh1I3SlZn48_075_090.mp4,592,9.876533,32,sports ball,0.281718,593.437,260.950,615.506,282.029,604.472,271.490,22.070,21.079
youtube_juggling_for_data_analysis_eh1I3SlZn48_075_090.mp4,592,9.876533,32,sports ball,0.270417,648.842,397.000,667.513,415.105,658.177,406.052,18.671,18.105
youtube_juggling_for_data_analysis_eh1I3SlZn48_075_090.mp4,593,9.893217,32,sports ball,0.536457,591.672,254.319,612.163,273.857,601.918,264.088,20.491,19.538
youtube_juggling_for_data_analysis_eh1I3SlZn48_075_090.mp4,593,9.893217,32,sports ball,0.504974,610.948,213.954,632.676,233.806,621.812,223.880,21.728,19.852
youtube_juggling_for_data_analysis_eh1I3SlZn48_075_090.mp4,593,9.893217,32,sports ball,0.474162,648.363,403.023,667.972,421.841,658.167,412.432,19.609,18.817
youtube_juggling_for_data_analysis_eh1I3SlZn48_075_090.mp4,593,9.893217,32,sports ball,0.463290,556.336,242.295,575.485,261.899,565.911,252.097,19.149,19.604
youtube_juggling_for_data_analysis_eh1I3SlZn48_075_090.mp4,594,9.909900,32,sports ball,0.543811,611.941,213.755,633.846,233.764,622.894,223.760,21.905,20.009
youtube_juggling_for_data_analysis_eh1I3SlZn48_075_090.mp4,594,9.909900,32,sports ball,0.525514,590.225,246.560,609.947,265.956,600.086,256.258,19.722,19.395
youtube_juggling_for_data_analysis_eh1I3SlZn48_075_090.mp4,594,9.909900,32,sports ball,0.465753,554.047,248.754,575.268,269.631,564.657,259.193,21.221,20.877
youtube_juggling_for_data_analysis_eh1I3SlZn48_075_090.mp4,595,9.926583,32,sports ball,0.682009,613.555,214.215,634.966,233.184,624.261,223.699,21.411,18.969
youtube_juggling_for_data_analysis_eh1I3SlZn48_075_090.mp4,595,9.926583,32,sports ball,0.633900,552.986,257.165,574.355,278.907,563.670,268.036,21.369,21.742
youtube_juggling_for_data_analysis_eh1I3SlZn48_075_090.mp4,595,9.926583,32,sports ball,0.560742,588.662,238.172,609.759,259.259,599.210,248.716,21.097,21.087
youtube_juggling_for_data_analysis_eh1I3SlZn48_075_090.mp4,595,9.926583,32,sports ball,0.316006,563.806,408.949,584.542,431.224,574.174,420.087,20.735,22.274
youtube_juggling_for_data_analysis_eh1I3SlZn48_075_090.mp4,595,9.926583,32,sports ball,0.160923,647.277,420.528,664.863,437.769,656.070,429.149,17.586,17.241
youtube_juggling_for_data_analysis_eh1I3SlZn48_075_090.mp4,596,9.943267,32,sports ball,0.352340,614.196,214.576,637.433,234.541,625.815,224.559,23.237,19.965
youtube_juggling_for_data_analysis_eh1I3SlZn48_075_090.mp4,596,9.943267,32,sports ball,0.309572,567.609,397.304,585.172,414.887,576.391,406.096,17.563,17.583
youtube_juggling_for_data_analysis_eh1I3SlZn48_075_090.mp4,596,9.943267,32,sports ball,0.243156,587.212,232.316,607.708,250.927,597.460,241.622,20.495,18.611
youtube_juggling_for_data_analysis_eh1I3SlZn48_075_090.mp4,596,9.943267,32,sports ball,0.216863,551.961,266.201,572.292,287.490,562.127,276.846,20.331,21.289
youtube_juggling_for_data_analysis_eh1I3SlZn48_075_090.mp4,597,9.959950,32,sports ball,0.594891,615.351,215.462,638.359,236.541,626.855,226.001,23.008,21.079
youtube_juggling_for_data_analysis_eh1I3SlZn48_075_090.mp4,597,9.959950,32,sports ball,0.406713,583.757,225.037,606.886,247.061,595.322,236.049,23.130,22.024
youtube_juggling_for_data_analysis_eh1I3SlZn48_075_090.mp4,597,9.959950,32,sports ball,0.292900,549.981,274.929,571.293,296.619,560.637,285.774,21.312,21.690
youtube_juggling_for_data_analysis_eh1I3SlZn48_075_090.mp4,598,9.976633,32,sports ball,0.532230,618.615,218.399,639.930,238.117,629.272,228.258,21.315,19.718
youtube_juggling_for_data_analysis_eh1I3SlZn48_075_090.mp4,598,9.976633,32,sports ball,0.301757,583.153,218.288,605.823,241.163,594.488,229.725,22.670,22.875
youtube_juggling_for_data_analysis_eh1I3SlZn48_075_090.mp4,598,9.976633,32,sports ball,0.190408,548.803,285.493,569.896,306.975,559.350,296.234,21.093,21.482
youtube_juggling_for_data_analysis_eh1I3SlZn48_075_090.mp4,599,9.993317,32,sports ball,0.338290,620.461,220.879,640.316,240.820,630.388,230.850,19.855,19.941
youtube_juggling_for_data_analysis_eh1I3SlZn48_075_090.mp4,599,9.993317,32,sports ball,0.278738,573.023,352.822,591.779,372.288,582.401,362.555,18.757,19.465
youtube_juggling_for_data_analysis_eh1I3SlZn48_075_090.mp4,600,10.010000,32,sports ball,0.710544,574.859,340.478,592.488,359.571,583.673,350.025,17.630,19.093
youtube_juggling_for_data_analysis_eh1I3SlZn48_075_090.mp4,600,10.010000,32,sports ball,0.540673,619.751,222.862,640.342,244.242,630.047,233.552,20.590,21.380
youtube_juggling_for_data_analysis_eh1I3SlZn48_075_090.mp4,600,10.010000,32,sports ball,0.305775,546.166,307.375,566.198,329.419,556.182,318.397,20.032,22.043
youtube_juggling_for_data_analysis_eh1I3SlZn48_075_090.mp4,600,10.010000,32,sports ball,0.280336,620.914,224.634,640.296,243.938,630.605,234.286,19.382,19.304
youtube_juggling_for_data_analysis_eh1I3SlZn48_075_090.mp4,600,10.010000,32,sports ball,0.174259,579.446,210.282,602.725,233.108,591.085,221.695,23.279,22.826
youtube_juggling_for_data_analysis_eh1I3SlZn48_075_090.mp4,601,10.026683,32,sports ball,0.625023,576.618,327.137,593.170,346.392,584.894,336.764,16.552,19.255
youtube_juggling_for_data_analysis_eh1I3SlZn48_075_090.mp4,601,10.026683,32,sports ball,0.479477,624.437,227.623,641.719,247.473,633.078,237.548,17.282,19.850
youtube_juggling_for_data_analysis_eh1I3SlZn48_075_090.mp4,601,10.026683,32,sports ball,0.430792,545.740,318.568,566.132,340.987,555.936,329.777,20.391,22.419
youtube_juggling_for_data_analysis_eh1I3SlZn48_075_090.mp4,602,10.043367,32,sports ball,0.538816,545.024,332.074,562.434,352.571,553.729,342.322,17.410,20.497
youtube_juggling_for_data_analysis_eh1I3SlZn48_075_090.mp4,602,10.043367,32,sports ball,0.463210,576.673,314.607,595.417,336.159,586.045,325.383,18.745,21.552
youtube_juggling_for_data_analysis_eh1I3SlZn48_075_090.mp4,602,10.043367,32,sports ball,0.264523,625.297,232.646,643.099,251.291,634.198,241.969,17.802,18.644
youtube_juggling_for_data_analysis_eh1I3SlZn48_075_090.mp4,603,10.060050,32,sports ball,0.426547,542.472,344.946,561.149,365.384,551.810,355.165,18.678,20.438
youtube_juggling_for_data_analysis_eh1I3SlZn48_075_090.mp4,603,10.060050,32,sports ball,0.317482,577.274,304.428,596.994,324.975,587.134,314.701,19.719,20.546
youtube_juggling_for_data_analysis_eh1I3SlZn48_075_090.mp4,603,10.060050,32,sports ball,0.294142,626.531,236.678,643.979,255.416,635.255,246.047,17.449,18.738
youtube_juggling_for_data_analysis_eh1I3SlZn48_075_090.mp4,603,10.060050,32,sports ball,0.206088,577.502,304.237,596.856,325.384,587.179,314.811,19.354,21.148
youtube_juggling_for_data_analysis_eh1I3SlZn48_075_090.mp4,604,10.076733,32,sports ball,0.653206,579.567,294.943,599.438,313.152,589.503,304.047,19.871,18.209
youtube_juggling_for_data_analysis_eh1I3SlZn48_075_090.mp4,604,10.076733,32,sports ball,0.613001,628.235,241.242,648.259,260.700,638.247,250.971,20.024,19.458
youtube_juggling_for_data_analysis_eh1I3SlZn48_075_090.mp4,604,10.076733,32,sports ball,0.522730,542.454,358.924,559.848,377.861,551.151,368.392,17.394,18.937
youtube_juggling_for_data_analysis_eh1I3SlZn48_075_090.mp4,604,10.076733,32,sports ball,0.432763,573.711,197.479,594.662,219.306,584.186,208.392,20.951,21.827
youtube_juggling_for_data_analysis_eh1I3SlZn48_075_090.mp4,604,10.076733,32,sports ball,0.306350,621.833,460.605,639.443,479.958,630.638,470.282,17.610,19.353
youtube_juggling_for_data_analysis_eh1I3SlZn48_075_090.mp4,605,10.093417,32,sports ball,0.782274,571.607,197.090,592.369,217.188,581.988,207.139,20.762,20.098
youtube_juggling_for_data_analysis_eh1I3SlZn48_075_090.mp4,605,10.093417,32,sports ball,0.761904,628.517,246.816,649.306,267.214,638.912,257.015,20.789,20.397
youtube_juggling_for_data_analysis_eh1I3SlZn48_075_090.mp4,605,10.093417,32,sports ball,0.752748,537.351,371.975,557.139,400.297,547.245,386.136,19.788,28.322
youtube_juggling_for_data_analysis_eh1I3SlZn48_075_090.mp4,605,10.093417,32,sports ball,0.649767,579.433,283.398,601.285,305.016,590.359,294.207,21.852,21.617
youtube_juggling_for_data_analysis_eh1I3SlZn48_075_090.mp4,605,10.093417,32,sports ball,0.453911,616.999,448.626,637.726,472.428,627.363,460.527,20.727,23.802
youtube_juggling_for_data_analysis_eh1I3SlZn48_075_090.mp4,605,10.093417,32,sports ball,0.351279,537.993,372.130,556.640,392.578,547.316,382.354,18.647,20.448
youtube_juggling_for_data_analysis_eh1I3SlZn48_075_090.mp4,606,10.110100,32,sports ball,0.811592,569.949,195.484,591.518,216.569,580.734,206.026,21.569,21.084
youtube_juggling_for_data_analysis_eh1I3SlZn48_075_090.mp4,606,10.110100,32,sports ball,0.784984,632.087,254.554,651.838,272.703,641.963,263.629,19.751,18.149
youtube_juggling_for_data_analysis_eh1I3SlZn48_075_090.mp4,606,10.110100,32,sports ball,0.744016,580.716,273.708,602.005,295.594,591.361,284.651,21.289,21.885
youtube_juggling_for_data_analysis_eh1I3SlZn48_075_090.mp4,606,10.110100,32,sports ball,0.586826,536.303,385.567,555.434,403.468,545.869,394.517,19.131,17.900
youtube_juggling_for_data_analysis_eh1I3SlZn48_075_090.mp4,606,10.110100,32,sports ball,0.190122,614.988,440.595,633.553,462.666,624.271,451.631,18.565,22.072
youtube_juggling_for_data_analysis_eh1I3SlZn48_075_090.mp4,607,10.126783,32,sports ball,0.638327,568.309,194.061,589.821,216.522,579.065,205.292,21.512,22.461
youtube_juggling_for_data_analysis_eh1I3SlZn48_075_090.mp4,607,10.126783,32,sports ball,0.598239,632.894,260.471,653.200,280.072,643.047,270.272,20.306,19.601
youtube_juggling_for_data_analysis_eh1I3SlZn48_075_090.mp4,607,10.126783,32,sports ball,0.548297,582.310,264.570,603.988,287.113,593.149,275.841,21.678,22.543
youtube_juggling_for_data_analysis_eh1I3SlZn48_075_090.mp4,607,10.126783,32,sports ball,0.379960,535.909,394.320,554.329,414.864,545.119,404.592,18.420,20.544
youtube_juggling_for_data_analysis_eh1I3SlZn48_075_090.mp4,607,10.126783,32,sports ball,0.344662,535.899,393.944,554.115,411.974,545.007,402.959,18.217,18.030
youtube_juggling_for_data_analysis_eh1I3SlZn48_075_090.mp4,607,10.126783,32,sports ball,0.255555,582.305,264.697,604.257,287.180,593.281,275.939,21.953,22.483
youtube_juggling_for_data_analysis_eh1I3SlZn48_075_090.mp4,608,10.143467,32,sports ball,0.599014,533.798,401.544,553.098,422.624,543.448,412.084,19.300,21.081
youtube_juggling_for_data_analysis_eh1I3SlZn48_075_090.mp4,608,10.143467,32,sports ball,0.591137,566.036,193.455,588.634,216.406,577.335,204.930,22.598,22.952
youtube_juggling_for_data_analysis_eh1I3SlZn48_075_090.mp4,608,10.143467,32,sports ball,0.579230,583.827,257.102,605.991,279.384,594.909,268.243,22.164,22.281
youtube_juggling_for_data_analysis_eh1I3SlZn48_075_090.mp4,608,10.143467,32,sports ball,0.429364,633.796,268.150,655.214,287.690,644.505,277.920,21.418,19.539
youtube_juggling_for_data_analysis_eh1I3SlZn48_075_090.mp4,608,10.143467,32,sports ball,0.372454,609.727,415.081,628.262,433.268,618.994,424.174,18.536,18.187
youtube_juggling_for_data_analysis_eh1I3SlZn48_075_090.mp4,609,10.160150,32,sports ball,0.707212,584.550,249.566,606.527,270.860,595.539,260.213,21.977,21.294
youtube_juggling_for_data_analysis_eh1I3SlZn48_075_090.mp4,609,10.160150,32,sports ball,0.666400,565.042,193.781,585.887,216.747,575.465,205.264,20.845,22.966
youtube_juggling_for_data_analysis_eh1I3SlZn48_075_090.mp4,609,10.160150,32,sports ball,0.475255,608.499,399.654,628.370,417.373,618.434,408.513,19.871,17.719
youtube_juggling_for_data_analysis_eh1I3SlZn48_075_090.mp4,609,10.160150,32,sports ball,0.399233,635.411,275.517,656.348,296.080,645.880,285.799,20.937,20.563
youtube_juggling_for_data_analysis_eh1I3SlZn48_075_090.mp4,610,10.176833,32,sports ball,0.400972,562.159,195.229,585.203,217.305,573.681,206.267,23.044,22.075
youtube_juggling_for_data_analysis_eh1I3SlZn48_075_090.mp4,610,10.176833,32,sports ball,0.202768,585.862,240.585,607.195,264.026,596.528,252.306,21.333,23.442
youtube_juggling_for_data_analysis_eh1I3SlZn48_075_090.mp4,611,10.193517,32,sports ball,0.556062,587.482,235.709,608.491,256.642,597.987,246.176,21.009,20.933
youtube_juggling_for_data_analysis_eh1I3SlZn48_075_090.mp4,611,10.193517,32,sports ball,0.517965,639.401,294.789,658.934,313.681,649.168,304.235,19.533,18.892
youtube_juggling_for_data_analysis_eh1I3SlZn48_075_090.mp4,611,10.193517,32,sports ball,0.362120,608.413,368.969,624.349,387.607,616.381,378.288,15.936,18.638
youtube_juggling_for_data_analysis_eh1I3SlZn48_075_090.mp4,611,10.193517,32,sports ball,0.322201,533.472,430.047,554.474,447.480,543.973,438.763,21.002,17.433
youtube_juggling_for_data_analysis_eh1I3SlZn48_075_090.mp4,611,10.193517,32,sports ball,0.288136,561.376,196.542,583.392,216.668,572.384,206.605,22.015,20.125
youtube_juggling_for_data_analysis_eh1I3SlZn48_075_090.mp4,612,10.210200,32,sports ball,0.526122,560.615,197.744,581.195,220.934,570.905,209.339,20.580,23.190
youtube_juggling_for_data_analysis_eh1I3SlZn48_075_090.mp4,612,10.210200,32,sports ball,0.470896,641.634,304.152,659.054,323.395,650.344,313.774,17.420,19.243
youtube_juggling_for_data_analysis_eh1I3SlZn48_075_090.mp4,612,10.210200,32,sports ball,0.443743,641.829,304.362,658.805,323.156,650.317,313.759,16.976,18.794
youtube_juggling_for_data_analysis_eh1I3SlZn48_075_090.mp4,612,10.210200,32,sports ball,0.405392,588.632,228.540,609.510,249.990,599.071,239.265,20.879,21.449
youtube_juggling_for_data_analysis_eh1I3SlZn48_075_090.mp4,612,10.210200,32,sports ball,0.302241,534.670,438.218,555.853,459.275,545.261,448.747,21.183,21.056
youtube_juggling_for_data_analysis_eh1I3SlZn48_075_090.mp4,613,10.226883,32,sports ball,0.630300,642.833,314.582,661.811,334.439,652.322,324.511,18.978,19.857
youtube_juggling_for_data_analysis_eh1I3SlZn48_075_090.mp4,613,10.226883,32,sports ball,0.486619,590.130,225.128,609.471,245.575,599.801,235.352,19.340,20.446
youtube_juggling_for_data_analysis_eh1I3SlZn48_075_090.mp4,613,10.226883,32,sports ball,0.359779,558.411,201.302,579.943,222.399,569.177,211.850,21.532,21.097
youtube_juggling_for_data_analysis_eh1I3SlZn48_075_090.mp4,613,10.226883,32,sports ball,0.330641,558.006,201.143,580.003,222.687,569.004,211.915,21.998,21.543
youtube_juggling_for_data_analysis_eh1I3SlZn48_075_090.mp4,613,10.226883,32,sports ball,0.264537,536.349,446.572,557.312,465.138,546.831,455.855,20.963,18.566
youtube_juggling_for_data_analysis_eh1I3SlZn48_075_090.mp4,614,10.243567,32,sports ball,0.696386,644.789,326.299,662.365,345.198,653.577,335.749,17.575,18.899
youtube_juggling_for_data_analysis_eh1I3SlZn48_075_090.mp4,614,10.243567,32,sports ball,0.634441,591.525,218.515,612.040,239.998,601.783,229.257,20.515,21.483
youtube_juggling_for_data_analysis_eh1I3SlZn48_075_090.mp4,614,10.243567,32,sports ball,0.528316,557.211,205.593,577.579,225.460,567.395,215.527,20.368,19.868
youtube_juggling_for_data_analysis_eh1I3SlZn48_075_090.mp4,615,10.260250,32,sports ball,0.657127,646.440,336.973,663.861,357.773,655.151,347.373,17.421,20.800
youtube_juggling_for_data_analysis_eh1I3SlZn48_075_090.mp4,615,10.260250,32,sports ball,0.656600,553.687,208.885,575.522,229.646,564.604,219.266,21.835,20.761
youtube_juggling_for_data_analysis_eh1I3SlZn48_075_090.mp4,615,10.260250,32,sports ball,0.568478,591.798,214.895,613.509,235.591,602.654,225.243,21.710,20.697
youtube_juggling_for_data_analysis_eh1I3SlZn48_075_090.mp4,615,10.260250,32,sports ball,0.321065,599.027,317.670,618.103,335.261,608.565,326.465,19.076,17.591
youtube_juggling_for_data_analysis_eh1I3SlZn48_075_090.mp4,616,10.276933,32,sports ball,0.638973,647.893,347.841,667.567,369.119,657.730,358.480,19.674,21.278
youtube_juggling_for_data_analysis_eh1I3SlZn48_075_090.mp4,616,10.276933,32,sports ball,0.339100,597.852,304.614,617.089,321.872,607.471,313.243,19.236,17.257
youtube_juggling_for_data_analysis_eh1I3SlZn48_075_090.mp4,616,10.276933,32,sports ball,0.321519,552.188,210.817,575.055,234.931,563.622,222.874,22.868,24.114
youtube_juggling_for_data_analysis_eh1I3SlZn48_075_090.mp4,616,10.276933,32,sports ball,0.224862,592.663,210.954,616.318,232.871,604.491,221.913,23.656,21.917
youtube_juggling_for_data_analysis_eh1I3SlZn48_075_090.mp4,617,10.293617,32,sports ball,0.636209,647.994,361.176,669.156,383.911,658.575,372.544,21.161,22.735
youtube_juggling_for_data_analysis_eh1I3SlZn48_075_090.mp4,617,10.293617,32,sports ball,0.526835,595.526,292.619,615.636,312.641,605.581,302.630,20.110,20.023
youtube_juggling_for_data_analysis_eh1I3SlZn48_075_090.mp4,617,10.293617,32,sports ball,0.443371,648.399,361.475,668.863,383.440,658.631,372.458,20.464,21.965
youtube_juggling_for_data_analysis_eh1I3SlZn48_075_090.mp4,617,10.293617,32,sports ball,0.340884,593.691,207.706,616.340,228.716,605.015,218.211,22.648,21.010
youtube_juggling_for_data_analysis_eh1I3SlZn48_075_090.mp4,617,10.293617,32,sports ball,0.309418,550.209,215.037,573.364,239.313,561.786,227.175,23.155,24.276
youtube_juggling_for_data_analysis_eh1I3SlZn48_075_090.mp4,617,10.293617,32,sports ball,0.155564,547.568,470.895,567.972,489.725,557.770,480.310,20.404,18.830
youtube_juggling_for_data_analysis_eh1I3SlZn48_075_090.mp4,618,10.310300,32,sports ball,0.651124,650.390,375.421,669.291,394.171,659.841,384.796,18.901,18.750
youtube_juggling_for_data_analysis_eh1I3SlZn48_075_090.mp4,618,10.310300,32,sports ball,0.262478,593.931,281.887,615.418,302.981,604.675,292.434,21.487,21.094
youtube_juggling_for_data_analysis_eh1I3SlZn48_075_090.mp4,618,10.310300,32,sports ball,0.259720,597.311,205.124,619.028,225.912,608.170,215.518,21.717,20.788
youtube_juggling_for_data_analysis_eh1I3SlZn48_075_090.mp4,619,10.326983,32,sports ball,0.706038,598.003,202.401,618.889,223.229,608.446,212.815,20.885,20.828
youtube_juggling_for_data_analysis_eh1I3SlZn48_075_090.mp4,619,10.326983,32,sports ball,0.689297,652.106,385.845,671.294,403.955,661.700,394.900,19.188,18.111
youtube_juggling_for_data_analysis_eh1I3SlZn48_075_090.mp4,619,10.326983,32,sports ball,0.645459,547.387,227.325,569.284,248.254,558.335,237.790,21.897,20.929
youtube_juggling_for_data_analysis_eh1I3SlZn48_075_090.mp4,619,10.326983,32,sports ball,0.515713,592.309,272.748,613.409,292.320,602.859,282.534,21.100,19.572
youtube_juggling_for_data_analysis_eh1I3SlZn48_075_090.mp4,620,10.343667,32,sports ball,0.635303,651.408,393.707,671.310,409.482,661.359,401.595,19.902,15.775
youtube_juggling_for_data_analysis_eh1I3SlZn48_075_090.mp4,620,10.343667,32,sports ball,0.366127,591.744,264.045,610.501,283.248,601.122,273.646,18.757,19.203
youtube_juggling_for_data_analysis_eh1I3SlZn48_075_090.mp4,620,10.343667,32,sports ball,0.359868,545.478,233.449,567.671,255.481,556.575,244.465,22.193,22.032
youtube_juggling_for_data_analysis_eh1I3SlZn48_075_090.mp4,620,10.343667,32,sports ball,0.309742,598.137,200.434,621.274,221.728,609.706,211.081,23.137,21.294
youtube_juggling_for_data_analysis_eh1I3SlZn48_075_090.mp4,620,10.343667,32,sports ball,0.225434,651.362,393.996,671.269,412.710,661.316,403.353,19.907,18.714
youtube_juggling_for_data_analysis_eh1I3SlZn48_075_090.mp4,620,10.343667,32,sports ball,0.179850,557.071,466.586,574.754,486.591,565.912,476.588,17.683,20.005
youtube_juggling_for_data_analysis_eh1I3SlZn48_075_090.mp4,621,10.360350,32,sports ball,0.712995,544.900,241.139,566.267,261.920,555.584,251.530,21.367,20.781
youtube_juggling_for_data_analysis_eh1I3SlZn48_075_090.mp4,621,10.360350,32,sports ball,0.558481,590.151,254.003,610.688,273.661,600.420,263.832,20.537,19.658
youtube_juggling_for_data_analysis_eh1I3SlZn48_075_090.mp4,621,10.360350,32,sports ball,0.533789,599.984,200.996,621.340,220.768,610.662,210.882,21.357,19.772
youtube_juggling_for_data_analysis_eh1I3SlZn48_075_090.mp4,621,10.360350,32,sports ball,0.486316,651.552,402.106,670.345,418.593,660.949,410.349,18.793,16.488
youtube_juggling_for_data_analysis_eh1I3SlZn48_075_090.mp4,621,10.360350,32,sports ball,0.346841,558.612,458.412,577.667,478.245,568.140,468.329,19.055,19.833
youtube_juggling_for_data_analysis_eh1I3SlZn48_075_090.mp4,622,10.377033,32,sports ball,0.730458,544.456,247.931,562.837,269.780,553.646,258.856,18.381,21.850
youtube_juggling_for_data_analysis_eh1I3SlZn48_075_090.mp4,622,10.377033,32,sports ball,0.535389,588.195,246.274,608.674,266.029,598.435,256.152,20.479,19.755
youtube_juggling_for_data_analysis_eh1I3SlZn48_075_090.mp4,622,10.377033,32,sports ball,0.444845,601.459,200.217,622.993,219.629,612.226,209.923,21.534,19.412
youtube_juggling_for_data_analysis_eh1I3SlZn48_075_090.mp4,622,10.377033,32,sports ball,0.339145,559.477,445.748,581.911,469.909,570.694,457.829,22.434,24.162
youtube_juggling_for_data_analysis_eh1I3SlZn48_075_090.mp4,622,10.377033,32,sports ball,0.169471,649.775,407.762,669.449,426.893,659.612,417.328,19.675,19.131
youtube_juggling_for_data_analysis_eh1I3SlZn48_075_090.mp4,623,10.393717,32,sports ball,0.562163,541.078,256.178,561.813,278.596,551.446,267.387,20.735,22.418
youtube_juggling_for_data_analysis_eh1I3SlZn48_075_090.mp4,623,10.393717,32,sports ball,0.553985,586.323,237.489,607.508,257.076,596.915,247.282,21.185,19.587
youtube_juggling_for_data_analysis_eh1I3SlZn48_075_090.mp4,623,10.393717,32,sports ball,0.369267,602.263,199.759,624.365,219.871,613.314,209.815,22.103,20.111
youtube_juggling_for_data_analysis_eh1I3SlZn48_075_090.mp4,623,10.393717,32,sports ball,0.233703,646.814,416.252,667.172,434.926,656.993,425.589,20.358,18.673
youtube_juggling_for_data_analysis_eh1I3SlZn48_075_090.mp4,623,10.393717,32,sports ball,0.161824,560.843,435.681,583.750,456.746,572.296,446.213,22.907,21.065
youtube_juggling_for_data_analysis_eh1I3SlZn48_075_090.mp4,624,10.410400,32,sports ball,0.689440,540.288,264.957,560.031,286.837,550.159,275.897,19.743,21.880
youtube_juggling_for_data_analysis_eh1I3SlZn48_075_090.mp4,624,10.410400,32,sports ball,0.659450,584.219,231.830,606.781,250.816,595.500,241.323,22.562,18.986
youtube_juggling_for_data_analysis_eh1I3SlZn48_075_090.mp4,624,10.410400,32,sports ball,0.527732,602.792,200.425,625.228,220.519,614.010,210.472,22.436,20.095
youtube_juggling_for_data_analysis_eh1I3SlZn48_075_090.mp4,624,10.410400,32,sports ball,0.340781,643.777,423.832,663.556,442.257,653.666,433.045,19.779,18.426
youtube_juggling_for_data_analysis_eh1I3SlZn48_075_090.mp4,625,10.427083,32,sports ball,0.614264,567.598,407.755,586.899,427.251,577.248,417.503,19.301,19.496
youtube_juggling_for_data_analysis_eh1I3SlZn48_075_090.mp4,625,10.427083,32,sports ball,0.467666,603.643,201.094,625.434,221.201,614.539,211.148,21.791,20.107
youtube_juggling_for_data_analysis_eh1I3SlZn48_075_090.mp4,625,10.427083,32,sports ball,0.439110,583.418,224.199,604.818,245.055,594.118,234.627,21.399,20.856
youtube_juggling_for_data_analysis_eh1I3SlZn48_075_090.mp4,625,10.427083,32,sports ball,0.429265,537.228,273.929,558.104,295.776,547.666,284.853,20.876,21.847
youtube_juggling_for_data_analysis_eh1I3SlZn48_075_090.mp4,625,10.427083,32,sports ball,0.266678,640.727,431.115,661.846,451.189,651.287,441.152,21.119,20.073
youtube_juggling_for_data_analysis_eh1I3SlZn48_075_090.mp4,626,10.443767,32,sports ball,0.682786,536.092,282.672,556.997,304.677,546.544,293.674,20.905,22.005
youtube_juggling_for_data_analysis_eh1I3SlZn48_075_090.mp4,626,10.443767,32,sports ball,0.615227,581.862,218.167,603.573,238.257,592.718,228.212,21.710,20.090
youtube_juggling_for_data_analysis_eh1I3SlZn48_075_090.mp4,626,10.443767,32,sports ball,0.536347,606.233,201.133,627.611,222.462,616.922,211.797,21.379,21.329
youtube_juggling_for_data_analysis_eh1I3SlZn48_075_090.mp4,626,10.443767,32,sports ball,0.458791,568.252,390.910,588.597,413.840,578.425,402.375,20.345,22.930
youtube_juggling_for_data_analysis_eh1I3SlZn48_075_090.mp4,626,10.443767,32,sports ball,0.324321,638.672,439.429,658.714,457.502,648.693,448.465,20.042,18.073
youtube_juggling_for_data_analysis_eh1I3SlZn48_075_090.mp4,627,10.460450,32,sports ball,0.691815,606.660,202.735,629.201,225.209,617.930,213.972,22.541,22.474
youtube_juggling_for_data_analysis_eh1I3SlZn48_075_090.mp4,627,10.460450,32,sports ball,0.548178,570.758,377.268,587.983,398.172,579.371,387.720,17.225,20.904
youtube_juggling_for_data_analysis_eh1I3SlZn48_075_090.mp4,627,10.460450,32,sports ball,0.416293,634.451,446.286,655.076,465.595,644.764,455.941,20.625,19.309
youtube_juggling_for_data_analysis_eh1I3SlZn48_075_090.mp4,627,10.460450,32,sports ball,0.409047,535.014,292.676,553.553,314.886,544.284,303.781,18.539,22.210
youtube_juggling_for_data_analysis_eh1I3SlZn48_075_090.mp4,627,10.460450,32,sports ball,0.389594,579.851,211.515,601.831,234.337,590.841,222.926,21.980,22.822
youtube_juggling_for_data_analysis_eh1I3SlZn48_075_090.mp4,627,10.460450,32,sports ball,0.186723,580.300,211.652,601.768,234.089,591.034,222.870,21.468,22.437
youtube_juggling_for_data_analysis_eh1I3SlZn48_075_090.mp4,628,10.477133,32,sports ball,0.403187,607.850,207.091,629.463,225.387,618.656,216.239,21.613,18.296
youtube_juggling_for_data_analysis_eh1I3SlZn48_075_090.mp4,628,10.477133,32,sports ball,0.390319,532.543,304.141,553.253,325.269,542.898,314.705,20.710,21.128
youtube_juggling_for_data_analysis_eh1I3SlZn48_075_090.mp4,628,10.477133,32,sports ball,0.340234,579.856,208.267,600.898,227.990,590.377,218.128,21.042,19.723
youtube_juggling_for_data_analysis_eh1I3SlZn48_075_090.mp4,628,10.477133,32,sports ball,0.171740,631.368,453.650,650.202,472.112,640.785,462.881,18.834,18.463
youtube_juggling_for_data_analysis_eh1I3SlZn48_075_090.mp4,629,10.493817,32,sports ball,0.675306,575.050,352.562,592.008,369.698,583.529,361.130,16.958,17.136
youtube_juggling_for_data_analysis_eh1I3SlZn48_075_090.mp4,629,10.493817,32,sports ball,0.489517,609.258,209.581,630.123,228.417,619.691,218.999,20.865,18.836
youtube_juggling_for_data_analysis_eh1I3SlZn48_075_090.mp4,629,10.493817,32,sports ball,0.403513,578.295,203.152,598.632,224.485,588.464,213.819,20.336,21.332
youtube_juggling_for_data_analysis_eh1I3SlZn48_075_090.mp4,629,10.493817,32,sports ball,0.335173,531.006,314.261,551.313,336.230,541.160,325.245,20.307,21.968
youtube_juggling_for_data_analysis_eh1I3SlZn48_075_090.mp4,630,10.510500,32,sports ball,0.442041,529.258,326.583,549.861,348.035,539.560,337.309,20.603,21.452
youtube_juggling_for_data_analysis_eh1I3SlZn48_075_090.mp4,630,10.510500,32,sports ball,0.390509,577.334,199.211,598.289,219.613,587.811,209.412,20.956,20.402
youtube_juggling_for_data_analysis_eh1I3SlZn48_075_090.mp4,630,10.510500,32,sports ball,0.322885,610.767,212.118,630.724,232.793,620.745,222.455,19.957,20.675
youtube_juggling_for_data_analysis_eh1I3SlZn48_075_090.mp4,630,10.510500,32,sports ball,0.238834,576.229,336.892,593.437,357.079,584.833,346.985,17.209,20.186
youtube_juggling_for_data_analysis_eh1I3SlZn48_075_090.mp4,630,10.510500,32,sports ball,0.165153,624.055,462.207,643.721,483.441,633.888,472.824,19.666,21.234
youtube_juggling_for_data_analysis_eh1I3SlZn48_075_090.mp4,631,10.527183,32,sports ball,0.546826,611.435,216.372,631.923,237.628,621.679,227.000,20.488,21.255
youtube_juggling_for_data_analysis_eh1I3SlZn48_075_090.mp4,631,10.527183,32,sports ball,0.497020,576.608,326.778,595.155,348.194,585.882,337.486,18.547,21.416
youtube_juggling_for_data_analysis_eh1I3SlZn48_075_090.mp4,631,10.527183,32,sports ball,0.496063,527.736,339.035,548.653,360.753,538.194,349.894,20.917,21.717
youtube_juggling_for_data_analysis_eh1I3SlZn48_075_090.mp4,631,10.527183,32,sports ball,0.421359,575.996,195.686,597.505,217.240,586.750,206.463,21.510,21.554
youtube_juggling_for_data_analysis_eh1I3SlZn48_075_090.mp4,632,10.543867,32,sports ball,0.639992,526.697,352.860,545.477,374.339,536.087,363.599,18.780,21.480
youtube_juggling_for_data_analysis_eh1I3SlZn48_075_090.mp4,632,10.543867,32,sports ball,0.541180,578.693,314.130,598.315,335.081,588.504,324.606,19.622,20.951
youtube_juggling_for_data_analysis_eh1I3SlZn48_075_090.mp4,632,10.543867,32,sports ball,0.510877,612.109,220.636,633.300,242.798,622.704,231.717,21.191,22.162
youtube_juggling_for_data_analysis_eh1I3SlZn48_075_090.mp4,632,10.543867,32,sports ball,0.481421,575.880,192.749,594.301,213.363,585.090,203.056,18.421,20.614
youtube_juggling_for_data_analysis_eh1I3SlZn48_075_090.mp4,633,10.560550,32,sports ball,0.728944,524.894,366.063,543.419,385.526,534.157,375.795,18.525,19.463
youtube_juggling_for_data_analysis_eh1I3SlZn48_075_090.mp4,633,10.560550,32,sports ball,0.493120,580.027,303.976,599.855,323.179,589.941,313.577,19.828,19.204
youtube_juggling_for_data_analysis_eh1I3SlZn48_075_090.mp4,633,10.560550,32,sports ball,0.332529,572.235,191.927,593.919,212.637,583.077,202.282,21.684,20.709
youtube_juggling_for_data_analysis_eh1I3SlZn48_075_090.mp4,633,10.560550,32,sports ball,0.328707,613.613,225.318,634.332,247.580,623.972,236.449,20.719,22.262
youtube_juggling_for_data_analysis_eh1I3SlZn48_075_090.mp4,633,10.560550,32,sports ball,0.178050,616.599,466.576,635.475,489.346,626.037,477.961,18.876,22.769
youtube_juggling_for_data_analysis_eh1I3SlZn48_075_090.mp4,634,10.577233,32,sports ball,0.662603,523.018,380.587,542.647,400.181,532.833,390.384,19.629,19.594
youtube_juggling_for_data_analysis_eh1I3SlZn48_075_090.mp4,634,10.577233,32,sports ball,0.200337,614.576,232.346,636.771,252.908,625.674,242.627,22.195,20.562
youtube_juggling_for_data_analysis_eh1I3SlZn48_075_090.mp4,634,10.577233,32,sports ball,0.180827,580.083,293.360,601.769,312.919,590.926,303.140,21.686,19.560
youtube_juggling_for_data_analysis_eh1I3SlZn48_075_090.mp4,635,10.593917,32,sports ball,0.414055,519.528,389.838,539.178,410.797,529.353,400.318,19.651,20.959
youtube_juggling_for_data_analysis_eh1I3SlZn48_075_090.mp4,635,10.593917,32,sports ball,0.266297,615.391,236.922,637.277,257.687,626.334,247.305,21.886,20.764
youtube_juggling_for_data_analysis_eh1I3SlZn48_075_090.mp4,635,10.593917,32,sports ball,0.171328,582.146,282.571,603.102,303.670,592.624,293.121,20.956,21.099
youtube_juggling_for_data_analysis_eh1I3SlZn48_075_090.mp4,636,10.610600,32,sports ball,0.533844,519.526,398.634,540.979,420.651,530.253,409.642,21.452,22.018
youtube_juggling_for_data_analysis_eh1I3SlZn48_075_090.mp4,636,10.610600,32,sports ball,0.426075,608.196,447.820,627.458,471.846,617.827,459.833,19.262,24.027
youtube_juggling_for_data_analysis_eh1I3SlZn48_075_090.mp4,636,10.610600,32,sports ball,0.257237,615.543,242.896,637.968,265.278,626.755,254.087,22.425,22.381
youtube_juggling_for_data_analysis_eh1I3SlZn48_075_090.mp4,636,10.610600,32,sports ball,0.213723,567.943,186.899,589.443,207.052,578.693,196.975,21.500,20.153
youtube_juggling_for_data_analysis_eh1I3SlZn48_075_090.mp4,636,10.610600,32,sports ball,0.194941,583.677,273.565,604.954,295.312,594.316,284.438,21.277,21.747
youtube_juggling_for_data_analysis_eh1I3SlZn48_075_090.mp4,637,10.627283,32,sports ball,0.511016,519.716,407.540,539.981,429.262,529.848,418.401,20.265,21.723
youtube_juggling_for_data_analysis_eh1I3SlZn48_075_090.mp4,637,10.627283,32,sports ball,0.481502,606.856,438.297,627.140,459.165,616.998,448.731,20.283,20.869
youtube_juggling_for_data_analysis_eh1I3SlZn48_075_090.mp4,637,10.627283,32,sports ball,0.454500,618.979,251.386,639.007,273.175,628.993,262.281,20.027,21.788
youtube_juggling_for_data_analysis_eh1I3SlZn48_075_090.mp4,637,10.627283,32,sports ball,0.377817,584.581,265.185,606.329,286.902,595.455,276.044,21.747,21.717
youtube_juggling_for_data_analysis_eh1I3SlZn48_075_090.mp4,637,10.627283,32,sports ball,0.284174,567.332,186.647,588.941,207.055,578.136,196.851,21.609,20.408
youtube_juggling_for_data_analysis_eh1I3SlZn48_075_090.mp4,638,10.643967,32,sports ball,0.746971,602.409,423.668,624.885,444.733,613.647,434.200,22.476,21.065
youtube_juggling_for_data_analysis_eh1I3SlZn48_075_090.mp4,638,10.643967,32,sports ball,0.636855,619.358,259.215,640.186,281.533,629.772,270.374,20.828,22.318
youtube_juggling_for_data_analysis_eh1I3SlZn48_075_090.mp4,638,10.643967,32,sports ball,0.569089,519.696,415.879,540.210,435.032,529.953,425.456,20.514,19.153
youtube_juggling_for_data_analysis_eh1I3SlZn48_075_090.mp4,638,10.643967,32,sports ball,0.515399,586.076,257.436,608.010,278.555,597.043,267.995,21.934,21.119
youtube_juggling_for_data_analysis_eh1I3SlZn48_075_090.mp4,638,10.643967,32,sports ball,0.455057,566.922,186.742,586.346,207.556,576.634,197.149,19.425,20.814
youtube_juggling_for_data_analysis_eh1I3SlZn48_075_090.mp4,638,10.643967,32,sports ball,0.254245,520.129,415.619,540.383,431.743,530.256,423.681,20.254,16.124
youtube_juggling_for_data_analysis_eh1I3SlZn48_075_090.mp4,639,10.660650,32,sports ball,0.668964,602.211,408.776,622.936,427.031,612.573,417.904,20.725,18.255
youtube_juggling_for_data_analysis_eh1I3SlZn48_075_090.mp4,639,10.660650,32,sports ball,0.665837,588.064,250.388,608.073,270.505,598.068,260.447,20.009,20.117
youtube_juggling_for_data_analysis_eh1I3SlZn48_075_090.mp4,639,10.660650,32,sports ball,0.651883,620.813,268.434,640.359,287.918,630.586,278.176,19.546,19.484
youtube_juggling_for_data_analysis_eh1I3SlZn48_075_090.mp4,639,10.660650,32,sports ball,0.513210,564.170,187.193,585.004,207.389,574.587,197.291,20.834,20.196
youtube_juggling_for_data_analysis_eh1I3SlZn48_075_090.mp4,639,10.660650,32,sports ball,0.492736,521.350,425.074,543.303,447.613,532.326,436.343,21.953,22.539
youtube_juggling_for_data_analysis_eh1I3SlZn48_075_090.mp4,640,10.677333,32,sports ball,0.822498,601.094,395.846,618.572,412.894,609.833,404.370,17.479,17.048
youtube_juggling_for_data_analysis_eh1I3SlZn48_075_090.mp4,640,10.677333,32,sports ball,0.611988,621.811,276.213,640.545,296.538,631.178,286.376,18.734,20.324
youtube_juggling_for_data_analysis_eh1I3SlZn48_075_090.mp4,640,10.677333,32,sports ball,0.597368,588.651,242.798,608.902,264.224,598.777,253.511,20.251,21.426
youtube_juggling_for_data_analysis_eh1I3SlZn48_075_090.mp4,640,10.677333,32,sports ball,0.544860,524.152,433.388,544.448,450.029,534.300,441.708,20.295,16.641
youtube_juggling_for_data_analysis_eh1I3SlZn48_075_090.mp4,640,10.677333,32,sports ball,0.397628,562.596,189.020,584.535,207.971,573.566,198.496,21.939,18.951
youtube_juggling_for_data_analysis_eh1I3SlZn48_075_090.mp4,641,10.694017,32,sports ball,0.696128,600.660,379.594,617.377,400.102,609.018,389.848,16.717,20.508
youtube_juggling_for_data_analysis_eh1I3SlZn48_075_090.mp4,641,10.694017,32,sports ball,0.690451,526.149,440.149,547.174,460.960,536.662,450.555,21.025,20.811
youtube_juggling_for_data_analysis_eh1I3SlZn48_075_090.mp4,641,10.694017,32,sports ball,0.481326,623.437,286.155,642.416,307.237,632.927,296.696,18.978,21.081
youtube_juggling_for_data_analysis_eh1I3SlZn48_075_090.mp4,641,10.694017,32,sports ball,0.264365,561.137,188.789,581.866,211.102,571.502,199.946,20.729,22.312
youtube_juggling_for_data_analysis_eh1I3SlZn48_075_090.mp4,641,10.694017,32,sports ball,0.242016,590.680,236.850,610.300,256.742,600.490,246.796,19.620,19.892
youtube_juggling_for_data_analysis_eh1I3SlZn48_075_090.mp4,642,10.710700,32,sports ball,0.666773,528.446,447.489,551.935,468.500,540.191,457.995,23.489,21.011
youtube_juggling_for_data_analysis_eh1I3SlZn48_075_090.mp4,642,10.710700,32,sports ball,0.657550,624.904,296.297,645.529,317.044,635.216,306.671,20.626,20.747
youtube_juggling_for_data_analysis_eh1I3SlZn48_075_090.mp4,642,10.710700,32,sports ball,0.593572,560.779,192.771,580.888,213.466,570.834,203.119,20.109,20.695
youtube_juggling_for_data_analysis_eh1I3SlZn48_075_090.mp4,642,10.710700,32,sports ball,0.464096,592.715,231.824,611.766,249.738,602.240,240.781,19.051,17.914
youtube_juggling_for_data_analysis_eh1I3SlZn48_075_090.mp4,642,10.710700,32,sports ball,0.412622,600.084,366.684,617.298,388.854,608.691,377.769,17.214,22.171
youtube_juggling_for_data_analysis_eh1I3SlZn48_075_090.mp4,643,10.727383,32,sports ball,0.700766,625.421,305.856,646.814,328.635,636.117,317.246,21.393,22.779
youtube_juggling_for_data_analysis_eh1I3SlZn48_075_090.mp4,643,10.727383,32,sports ball,0.669249,592.439,224.605,615.520,246.414,603.980,235.509,23.082,21.809
youtube_juggling_for_data_analysis_eh1I3SlZn48_075_090.mp4,643,10.727383,32,sports ball,0.651015,558.934,193.973,579.698,215.399,569.316,204.686,20.764,21.426
youtube_juggling_for_data_analysis_eh1I3SlZn48_075_090.mp4,643,10.727383,32,sports ball,0.405970,532.002,454.071,555.153,475.827,543.577,464.949,23.151,21.756
youtube_juggling_for_data_analysis_eh1I3SlZn48_075_090.mp4,644,10.744067,32,sports ball,0.652770,625.860,317.034,647.454,338.631,636.657,327.832,21.594,21.598
youtube_juggling_for_data_analysis_eh1I3SlZn48_075_090.mp4,644,10.744067,32,sports ball,0.570616,593.788,219.491,615.444,241.457,604.616,230.474,21.656,21.966
youtube_juggling_for_data_analysis_eh1I3SlZn48_075_090.mp4,644,10.744067,32,sports ball,0.520851,557.912,197.923,576.481,217.623,567.196,207.773,18.569,19.700
youtube_juggling_for_data_analysis_eh1I3SlZn48_075_090.mp4,644,10.744067,32,sports ball,0.369561,534.478,458.086,558.319,480.559,546.399,469.323,23.841,22.473
youtube_juggling_for_data_analysis_eh1I3SlZn48_075_090.mp4,645,10.760750,32,sports ball,0.401124,595.159,214.923,616.862,237.058,606.010,225.990,21.703,22.135
youtube_juggling_for_data_analysis_eh1I3SlZn48_075_090.mp4,645,10.760750,32,sports ball,0.347100,628.269,329.155,648.687,350.475,638.478,339.815,20.418,21.320
youtube_juggling_for_data_analysis_eh1I3SlZn48_075_090.mp4,645,10.760750,32,sports ball,0.282882,556.431,201.356,577.136,221.811,566.783,211.583,20.704,20.455
youtube_juggling_for_data_analysis_eh1I3SlZn48_075_090.mp4,646,10.777433,32,sports ball,0.494049,627.986,340.600,649.715,363.409,638.850,352.004,21.729,22.809
youtube_juggling_for_data_analysis_eh1I3SlZn48_075_090.mp4,646,10.777433,32,sports ball,0.460198,553.786,205.832,576.397,226.004,565.092,215.918,22.610,20.172
youtube_juggling_for_data_analysis_eh1I3SlZn48_075_090.mp4,646,10.777433,32,sports ball,0.314832,596.952,211.652,619.653,233.842,608.303,222.747,22.701,22.190
youtube_juggling_for_data_analysis_eh1I3SlZn48_075_090.mp4,646,10.777433,32,sports ball,0.206846,597.807,211.894,619.307,233.259,608.557,222.576,21.500,21.366
youtube_juggling_for_data_analysis_eh1I3SlZn48_075_090.mp4,647,10.794117,32,sports ball,0.510791,630.181,353.402,650.932,376.813,640.557,365.107,20.751,23.411
youtube_juggling_for_data_analysis_eh1I3SlZn48_075_090.mp4,647,10.794117,32,sports ball,0.451908,597.919,209.066,620.927,228.971,609.423,219.018,23.008,19.905
youtube_juggling_for_data_analysis_eh1I3SlZn48_075_090.mp4,647,10.794117,32,sports ball,0.422385,592.706,304.282,611.053,323.106,601.880,313.694,18.347,18.825
youtube_juggling_for_data_analysis_eh1I3SlZn48_075_090.mp4,647,10.794117,32,sports ball,0.308965,552.748,210.656,572.748,230.131,562.748,220.393,20.000,19.475
youtube_juggling_for_data_analysis_eh1I3SlZn48_075_090.mp4,648,10.810800,32,sports ball,0.704932,633.202,368.284,650.275,386.068,641.739,377.176,17.073,17.784
youtube_juggling_for_data_analysis_eh1I3SlZn48_075_090.mp4,648,10.810800,32,sports ball,0.348620,589.966,293.380,610.287,313.713,600.126,303.546,20.321,20.334
youtube_juggling_for_data_analysis_eh1I3SlZn48_075_090.mp4,648,10.810800,32,sports ball,0.307789,552.056,214.841,571.577,235.878,561.816,225.360,19.521,21.037
youtube_juggling_for_data_analysis_eh1I3SlZn48_075_090.mp4,648,10.810800,32,sports ball,0.303517,599.526,205.820,621.789,226.166,610.658,215.993,22.263,20.346
youtube_juggling_for_data_analysis_eh1I3SlZn48_075_090.mp4,649,10.827483,32,sports ball,0.565693,601.023,204.169,624.064,224.976,612.544,214.572,23.041,20.807
youtube_juggling_for_data_analysis_eh1I3SlZn48_075_090.mp4,649,10.827483,32,sports ball,0.323734,589.483,283.320,609.524,303.800,599.503,293.560,20.041,20.480
youtube_juggling_for_data_analysis_eh1I3SlZn48_075_090.mp4,649,10.827483,32,sports ball,0.285797,549.921,220.910,570.644,243.270,560.283,232.090,20.723,22.360
youtube_juggling_for_data_analysis_eh1I3SlZn48_075_090.mp4,649,10.827483,32,sports ball,0.219806,634.530,382.979,649.844,396.674,642.187,389.826,15.315,13.695
youtube_juggling_for_data_analysis_eh1I3SlZn48_075_090.mp4,650,10.844167,32,sports ball,0.528609,588.575,273.903,607.712,294.077,598.144,283.990,19.137,20.174
youtube_juggling_for_data_analysis_eh1I3SlZn48_075_090.mp4,650,10.844167,32,sports ball,0.384257,602.555,201.238,624.446,222.495,613.501,211.867,21.891,21.257
youtube_juggling_for_data_analysis_eh1I3SlZn48_075_090.mp4,650,10.844167,32,sports ball,0.381928,549.490,228.142,567.672,248.467,558.581,238.305,18.182,20.325
youtube_juggling_for_data_analysis_eh1I3SlZn48_075_090.mp4,650,10.844167,32,sports ball,0.267987,636.540,388.361,652.993,404.213,644.767,396.287,16.453,15.852
youtube_juggling_for_data_analysis_eh1I3SlZn48_075_090.mp4,651,10.860850,32,sports ball,0.540227,603.612,201.019,625.405,221.372,614.508,211.196,21.794,20.352
youtube_juggling_for_data_analysis_eh1I3SlZn48_075_090.mp4,651,10.860850,32,sports ball,0.495884,635.356,398.079,655.154,416.645,645.255,407.362,19.797,18.565
youtube_juggling_for_data_analysis_eh1I3SlZn48_075_090.mp4,651,10.860850,32,sports ball,0.272634,547.323,234.324,567.275,255.179,557.299,244.752,19.953,20.855
youtube_juggling_for_data_analysis_eh1I3SlZn48_075_090.mp4,651,10.860850,32,sports ball,0.246617,560.548,445.871,581.306,469.707,570.927,457.789,20.757,23.836
youtube_juggling_for_data_analysis_eh1I3SlZn48_075_090.mp4,651,10.860850,32,sports ball,0.205335,586.904,264.417,606.632,286.602,596.768,275.509,19.728,22.185
youtube_juggling_for_data_analysis_eh1I3SlZn48_075_090.mp4,652,10.877533,32,sports ball,0.686832,604.653,200.941,626.862,220.661,615.758,210.801,22.209,19.720
youtube_juggling_for_data_analysis_eh1I3SlZn48_075_090.mp4,652,10.877533,32,sports ball,0.663750,546.044,242.319,566.141,262.322,556.092,252.321,20.097,20.003
youtube_juggling_for_data_analysis_eh1I3SlZn48_075_090.mp4,652,10.877533,32,sports ball,0.482369,585.002,257.061,605.954,277.533,595.478,267.297,20.953,20.472
youtube_juggling_for_data_analysis_eh1I3SlZn48_075_090.mp4,652,10.877533,32,sports ball,0.158165,634.757,405.491,656.489,428.939,645.623,417.215,21.732,23.449
youtube_juggling_for_data_analysis_eh1I3SlZn48_075_090.mp4,653,10.894217,32,sports ball,0.808410,545.151,249.952,564.407,270.093,554.779,260.023,19.256,20.140
youtube_juggling_for_data_analysis_eh1I3SlZn48_075_090.mp4,653,10.894217,32,sports ball,0.701927,605.397,200.797,629.375,220.142,617.386,210.469,23.978,19.345
youtube_juggling_for_data_analysis_eh1I3SlZn48_075_090.mp4,653,10.894217,32,sports ball,0.700951,584.407,248.896,605.235,269.307,594.821,259.102,20.828,20.411
youtube_juggling_for_data_analysis_eh1I3SlZn48_075_090.mp4,653,10.894217,32,sports ball,0.612876,633.989,413.254,652.625,434.130,643.307,423.692,18.636,20.876
youtube_juggling_for_data_analysis_eh1I3SlZn48_075_090.mp4,654,10.910900,32,sports ball,0.579802,567.234,408.069,585.691,430.229,576.463,419.149,18.457,22.161
youtube_juggling_for_data_analysis_eh1I3SlZn48_075_090.mp4,654,10.910900,32,sports ball,0.447743,608.954,201.132,629.892,221.239,619.423,211.185,20.937,20.107
youtube_juggling_for_data_analysis_eh1I3SlZn48_075_090.mp4,654,10.910900,32,sports ball,0.433536,583.464,242.195,603.086,261.338,593.275,251.766,19.622,19.143
youtube_juggling_for_data_analysis_eh1I3SlZn48_075_090.mp4,655,10.927583,32,sports ball,0.727023,567.460,393.625,586.549,415.788,577.005,404.706,19.089,22.162
youtube_juggling_for_data_analysis_eh1I3SlZn48_075_090.mp4,655,10.927583,32,sports ball,0.332887,581.594,234.698,602.009,255.316,591.801,245.007,20.415,20.618
youtube_juggling_for_data_analysis_eh1I3SlZn48_075_090.mp4,655,10.927583,32,sports ball,0.323054,609.957,201.554,631.824,222.018,620.891,211.786,21.867,20.464
youtube_juggling_for_data_analysis_eh1I3SlZn48_075_090.mp4,655,10.927583,32,sports ball,0.295857,541.054,266.874,561.955,287.848,551.505,277.361,20.901,20.974
youtube_juggling_for_data_analysis_eh1I3SlZn48_075_090.mp4,656,10.944267,32,sports ball,0.563741,611.209,201.818,632.334,224.091,621.771,212.954,21.125,22.273
youtube_juggling_for_data_analysis_eh1I3SlZn48_075_090.mp4,656,10.944267,32,sports ball,0.547430,568.240,381.732,588.222,400.514,578.231,391.123,19.982,18.782
youtube_juggling_for_data_analysis_eh1I3SlZn48_075_090.mp4,656,10.944267,32,sports ball,0.398496,539.072,275.957,560.462,297.018,549.767,286.488,21.391,21.061
youtube_juggling_for_data_analysis_eh1I3SlZn48_075_090.mp4,656,10.944267,32,sports ball,0.381121,580.174,228.097,600.665,248.751,590.420,238.424,20.491,20.654
youtube_juggling_for_data_analysis_eh1I3SlZn48_075_090.mp4,657,10.960950,32,sports ball,0.443165,612.261,205.193,633.315,224.874,622.788,215.033,21.054,19.681
youtube_juggling_for_data_analysis_eh1I3SlZn48_075_090.mp4,657,10.960950,32,sports ball,0.254693,537.531,285.923,558.584,307.629,548.058,296.776,21.054,21.706
youtube_juggling_for_data_analysis_eh1I3SlZn48_075_090.mp4,657,10.960950,32,sports ball,0.186266,570.951,365.563,588.703,385.617,579.827,375.590,17.752,20.053
youtube_juggling_for_data_analysis_eh1I3SlZn48_075_090.mp4,658,10.977633,32,sports ball,0.610772,613.927,206.463,634.686,227.331,624.307,216.897,20.759,20.867
youtube_juggling_for_data_analysis_eh1I3SlZn48_075_090.mp4,658,10.977633,32,sports ball,0.542187,536.619,296.826,556.391,317.414,546.505,307.120,19.772,20.588
youtube_juggling_for_data_analysis_eh1I3SlZn48_075_090.mp4,658,10.977633,32,sports ball,0.505044,571.671,352.468,590.907,376.234,581.289,364.351,19.237,23.766
youtube_juggling_for_data_analysis_eh1I3SlZn48_075_090.mp4,658,10.977633,32,sports ball,0.458849,578.324,217.648,598.804,238.169,588.564,227.909,20.480,20.521
youtube_juggling_for_data_analysis_eh1I3SlZn48_075_090.mp4,659,10.994317,32,sports ball,0.674766,572.716,341.242,591.564,360.706,582.140,350.974,18.848,19.464
youtube_juggling_for_data_analysis_eh1I3SlZn48_075_090.mp4,659,10.994317,32,sports ball,0.577673,614.932,209.980,636.961,230.784,625.947,220.382,22.029,20.804
youtube_juggling_for_data_analysis_eh1I3SlZn48_075_090.mp4,659,10.994317,32,sports ball,0.513508,536.384,308.200,554.307,329.431,545.345,318.816,17.922,21.231
youtube_juggling_for_data_analysis_eh1I3SlZn48_075_090.mp4,659,10.994317,32,sports ball,0.448714,536.025,307.892,554.680,330.269,545.352,319.081,18.655,22.377
youtube_juggling_for_data_analysis_eh1I3SlZn48_075_090.mp4,659,10.994317,32,sports ball,0.377067,576.745,214.124,598.242,233.448,587.493,223.786,21.497,19.324
youtube_juggling_for_data_analysis_eh1I3SlZn48_075_090.mp4,660,11.011000,32,sports ball,0.708741,575.141,330.054,593.877,352.113,584.509,341.083,18.736,22.058
youtube_juggling_for_data_analysis_eh1I3SlZn48_075_090.mp4,660,11.011000,32,sports ball,0.620685,616.411,214.458,638.146,234.325,627.278,224.392,21.735,19.868
youtube_juggling_for_data_analysis_eh1I3SlZn48_075_090.mp4,660,11.011000,32,sports ball,0.507738,534.874,318.807,553.501,341.472,544.188,330.139,18.627,22.665
youtube_juggling_for_data_analysis_eh1I3SlZn48_075_090.mp4,660,11.011000,32,sports ball,0.271136,576.429,209.907,596.712,228.996,586.570,219.451,20.283,19.089
youtube_juggling_for_data_analysis_eh1I3SlZn48_075_090.mp4,660,11.011000,32,sports ball,0.192333,576.200,209.653,597.105,229.379,586.653,219.516,20.905,19.725
youtube_juggling_for_data_analysis_eh1I3SlZn48_075_090.mp4,660,11.011000,32,sports ball,0.171792,623.562,460.899,644.178,480.560,633.870,470.730,20.616,19.662
youtube_juggling_for_data_analysis_eh1I3SlZn48_075_090.mp4,661,11.027683,32,sports ball,0.821028,618.133,218.000,638.414,238.640,628.274,228.320,20.281,20.640
youtube_juggling_for_data_analysis_eh1I3SlZn48_075_090.mp4,661,11.027683,32,sports ball,0.809008,576.361,316.929,592.604,339.049,584.482,327.989,16.243,22.120
youtube_juggling_for_data_analysis_eh1I3SlZn48_075_090.mp4,661,11.027683,32,sports ball,0.725084,532.432,332.483,551.997,352.142,542.215,342.313,19.565,19.659
youtube_juggling_for_data_analysis_eh1I3SlZn48_075_090.mp4,661,11.027683,32,sports ball,0.691109,575.743,206.038,595.465,226.128,585.604,216.083,19.721,20.090
youtube_juggling_for_data_analysis_eh1I3SlZn48_075_090.mp4,661,11.027683,32,sports ball,0.164717,622.548,462.210,640.877,483.993,631.713,473.101,18.329,21.783
youtube_juggling_for_data_analysis_eh1I3SlZn48_075_090.mp4,662,11.044367,32,sports ball,0.686585,531.961,344.758,550.147,366.773,541.054,355.766,18.186,22.014
youtube_juggling_for_data_analysis_eh1I3SlZn48_075_090.mp4,662,11.044367,32,sports ball,0.635974,576.924,308.287,594.683,329.654,585.804,318.971,17.759,21.367
youtube_juggling_for_data_analysis_eh1I3SlZn48_075_090.mp4,662,11.044367,32,sports ball,0.540812,619.832,222.997,640.216,243.659,630.024,233.328,20.384,20.662
youtube_juggling_for_data_analysis_eh1I3SlZn48_075_090.mp4,662,11.044367,32,sports ball,0.261412,577.412,309.697,594.408,329.380,585.910,319.538,16.996,19.683
youtube_juggling_for_data_analysis_eh1I3SlZn48_075_090.mp4,662,11.044367,32,sports ball,0.245477,573.719,201.640,593.600,224.112,583.660,212.876,19.881,22.472
youtube_juggling_for_data_analysis_eh1I3SlZn48_075_090.mp4,663,11.061050,32,sports ball,0.698156,530.309,357.441,548.853,379.506,539.581,368.474,18.544,22.064
youtube_juggling_for_data_analysis_eh1I3SlZn48_075_090.mp4,663,11.061050,32,sports ball,0.598762,620.719,228.179,640.545,248.452,630.632,238.316,19.826,20.273
youtube_juggling_for_data_analysis_eh1I3SlZn48_075_090.mp4,663,11.061050,32,sports ball,0.592308,576.575,298.257,598.543,319.559,587.559,308.908,21.968,21.302
youtube_juggling_for_data_analysis_eh1I3SlZn48_075_090.mp4,663,11.061050,32,sports ball,0.317026,571.364,201.552,592.733,221.414,582.049,211.483,21.369,19.862
youtube_juggling_for_data_analysis_eh1I3SlZn48_075_090.mp4,664,11.077733,32,sports ball,0.706042,528.499,371.564,546.969,392.235,537.734,381.900,18.470,20.671
youtube_juggling_for_data_analysis_eh1I3SlZn48_075_090.mp4,664,11.077733,32,sports ball,0.597667,623.161,233.206,641.750,254.787,632.455,243.996,18.589,21.582
youtube_juggling_for_data_analysis_eh1I3SlZn48_075_090.mp4,664,11.077733,32,sports ball,0.497729,576.954,289.174,597.963,310.102,587.459,299.638,21.009,20.927
youtube_juggling_for_data_analysis_eh1I3SlZn48_075_090.mp4,664,11.077733,32,sports ball,0.491717,622.592,233.177,641.614,255.168,632.103,244.172,19.022,21.991
youtube_juggling_for_data_analysis_eh1I3SlZn48_075_090.mp4,664,11.077733,32,sports ball,0.326284,618.333,459.463,638.193,479.713,628.263,469.588,19.860,20.250
youtube_juggling_for_data_analysis_eh1I3SlZn48_075_090.mp4,664,11.077733,32,sports ball,0.290926,570.712,197.829,592.098,218.041,581.405,207.935,21.386,20.212
youtube_juggling_for_data_analysis_eh1I3SlZn48_075_090.mp4,665,11.094417,32,sports ball,0.665844,624.632,240.310,642.854,260.890,633.743,250.600,18.222,20.580
youtube_juggling_for_data_analysis_eh1I3SlZn48_075_090.mp4,665,11.094417,32,sports ball,0.526592,577.640,280.539,598.759,301.159,588.199,290.849,21.119,20.620
youtube_juggling_for_data_analysis_eh1I3SlZn48_075_090.mp4,665,11.094417,32,sports ball,0.452329,527.949,385.921,544.051,401.540,536.000,393.730,16.102,15.620
youtube_juggling_for_data_analysis_eh1I3SlZn48_075_090.mp4,665,11.094417,32,sports ball,0.375526,569.303,197.643,589.734,216.778,579.519,207.211,20.431,19.135
youtube_juggling_for_data_analysis_eh1I3SlZn48_075_090.mp4,665,11.094417,32,sports ball,0.311963,616.564,449.842,636.706,472.332,626.635,461.087,20.141,22.489
youtube_juggling_for_data_analysis_eh1I3SlZn48_075_090.mp4,666,11.111100,32,sports ball,0.383052,625.182,246.047,644.009,267.510,634.595,256.779,18.827,21.464
youtube_juggling_for_data_analysis_eh1I3SlZn48_075_090.mp4,666,11.111100,32,sports ball,0.301167,568.229,197.064,589.039,216.473,578.634,206.769,20.810,19.408
youtube_juggling_for_data_analysis_eh1I3SlZn48_075_090.mp4,666,11.111100,32,sports ball,0.221263,578.715,272.497,599.329,292.484,589.022,282.491,20.614,19.987
youtube_juggling_for_data_analysis_eh1I3SlZn48_075_090.mp4,667,11.127783,32,sports ball,0.419300,626.405,254.133,645.919,275.326,636.162,264.730,19.514,21.193
youtube_juggling_for_data_analysis_eh1I3SlZn48_075_090.mp4,667,11.127783,32,sports ball,0.320152,566.797,195.989,587.833,216.422,577.315,206.206,21.037,20.433
youtube_juggling_for_data_analysis_eh1I3SlZn48_075_090.mp4,668,11.144467,32,sports ball,0.650426,565.512,195.858,586.414,216.726,575.963,206.292,20.902,20.869
youtube_juggling_for_data_analysis_eh1I3SlZn48_075_090.mp4,668,11.144467,32,sports ball,0.483556,628.440,261.846,648.516,283.152,638.478,272.499,20.075,21.306
youtube_juggling_for_data_analysis_eh1I3SlZn48_075_090.mp4,668,11.144467,32,sports ball,0.454118,610.009,414.814,628.787,433.964,619.398,424.389,18.778,19.150
youtube_juggling_for_data_analysis_eh1I3SlZn48_075_090.mp4,668,11.144467,32,sports ball,0.436608,580.143,257.038,601.784,278.457,590.963,267.747,21.641,21.419
youtube_juggling_for_data_analysis_eh1I3SlZn48_075_090.mp4,668,11.144467,32,sports ball,0.294307,610.011,415.056,629.506,435.132,619.758,425.094,19.495,20.077
youtube_juggling_for_data_analysis_eh1I3SlZn48_075_090.mp4,668,11.144467,32,sports ball,0.289894,524.987,409.033,542.921,425.477,533.954,417.255,17.934,16.443
youtube_juggling_for_data_analysis_eh1I3SlZn48_075_090.mp4,669,11.161150,32,sports ball,0.695609,608.501,399.670,627.565,418.764,618.033,409.217,19.063,19.094
youtube_juggling_for_data_analysis_eh1I3SlZn48_075_090.mp4,669,11.161150,32,sports ball,0.610026,580.600,250.516,602.105,271.316,591.352,260.916,21.505,20.800
youtube_juggling_for_data_analysis_eh1I3SlZn48_075_090.mp4,669,11.161150,32,sports ball,0.596205,563.474,196.407,585.341,217.484,574.407,206.945,21.867,21.077
youtube_juggling_for_data_analysis_eh1I3SlZn48_075_090.mp4,669,11.161150,32,sports ball,0.429131,629.565,269.419,650.649,291.659,640.107,280.539,21.085,22.240
youtube_juggling_for_data_analysis_eh1I3SlZn48_075_090.mp4,669,11.161150,32,sports ball,0.424921,522.987,417.430,543.068,437.114,533.027,427.272,20.081,19.684
youtube_juggling_for_data_analysis_eh1I3SlZn48_075_090.mp4,670,11.177833,32,sports ball,0.557980,581.477,243.993,603.368,265.907,592.423,254.950,21.891,21.914
youtube_juggling_for_data_analysis_eh1I3SlZn48_075_090.mp4,670,11.177833,32,sports ball,0.450515,607.911,385.312,626.531,403.749,617.221,394.530,18.620,18.437
youtube_juggling_for_data_analysis_eh1I3SlZn48_075_090.mp4,670,11.177833,32,sports ball,0.403204,562.048,197.110,584.196,218.779,573.122,207.944,22.148,21.668
youtube_juggling_for_data_analysis_eh1I3SlZn48_075_090.mp4,670,11.177833,32,sports ball,0.394652,631.371,278.803,652.023,301.160,641.697,289.982,20.652,22.357
youtube_juggling_for_data_analysis_eh1I3SlZn48_075_090.mp4,670,11.177833,32,sports ball,0.198457,524.710,425.705,543.826,446.408,534.268,436.057,19.116,20.703
youtube_juggling_for_data_analysis_eh1I3SlZn48_075_090.mp4,671,11.194517,32,sports ball,0.617201,526.082,434.683,544.867,455.503,535.475,445.093,18.786,20.819
youtube_juggling_for_data_analysis_eh1I3SlZn48_075_090.mp4,671,11.194517,32,sports ball,0.492578,582.701,237.558,604.652,259.707,593.676,248.633,21.952,22.149
youtube_juggling_for_data_analysis_eh1I3SlZn48_075_090.mp4,671,11.194517,32,sports ball,0.427955,561.682,200.020,582.293,221.508,571.988,210.764,20.611,21.488
youtube_juggling_for_data_analysis_eh1I3SlZn48_075_090.mp4,671,11.194517,32,sports ball,0.306318,632.462,288.666,652.778,310.804,642.620,299.735,20.316,22.138
youtube_juggling_for_data_analysis_eh1I3SlZn48_075_090.mp4,672,11.211200,32,sports ball,0.578786,633.656,299.336,654.234,320.045,643.945,309.691,20.578,20.709
youtube_juggling_for_data_analysis_eh1I3SlZn48_075_090.mp4,672,11.211200,32,sports ball,0.532759,583.577,232.387,605.740,254.582,594.658,243.484,22.163,22.195
youtube_juggling_for_data_analysis_eh1I3SlZn48_075_090.mp4,672,11.211200,32,sports ball,0.530332,560.463,202.661,578.504,223.567,569.484,213.114,18.041,20.906
youtube_juggling_for_data_analysis_eh1I3SlZn48_075_090.mp4,672,11.211200,32,sports ball,0.196699,527.349,443.715,547.525,463.641,537.437,453.678,20.176,19.926
youtube_juggling_for_data_analysis_eh1I3SlZn48_075_090.mp4,673,11.227883,32,sports ball,0.536918,634.931,309.480,655.070,331.374,645.000,320.427,20.139,21.894
youtube_juggling_for_data_analysis_eh1I3SlZn48_075_090.mp4,673,11.227883,32,sports ball,0.424821,584.286,227.733,606.107,249.627,595.196,238.680,21.820,21.894
youtube_juggling_for_data_analysis_eh1I3SlZn48_075_090.mp4,673,11.227883,32,sports ball,0.339955,558.501,205.592,579.400,226.315,568.950,215.954,20.899,20.723
youtube_juggling_for_data_analysis_eh1I3SlZn48_075_090.mp4,673,11.227883,32,sports ball,0.154742,529.619,451.926,556.254,472.415,542.936,462.171,26.635,20.488
youtube_juggling_for_data_analysis_eh1I3SlZn48_075_090.mp4,674,11.244567,32,sports ball,0.614162,636.333,321.411,655.852,342.952,646.092,332.182,19.519,21.541
youtube_juggling_for_data_analysis_eh1I3SlZn48_075_090.mp4,674,11.244567,32,sports ball,0.482126,558.537,209.250,579.273,228.947,568.905,219.098,20.735,19.697
youtube_juggling_for_data_analysis_eh1I3SlZn48_075_090.mp4,674,11.244567,32,sports ball,0.385066,532.632,457.235,556.667,480.084,544.649,468.660,24.035,22.848
youtube_juggling_for_data_analysis_eh1I3SlZn48_075_090.mp4,674,11.244567,32,sports ball,0.372633,584.901,223.711,606.902,246.294,595.902,235.002,22.001,22.582
youtube_juggling_for_data_analysis_eh1I3SlZn48_075_090.mp4,675,11.261250,32,sports ball,0.644798,638.888,333.673,657.733,353.523,648.310,343.598,18.845,19.850
youtube_juggling_for_data_analysis_eh1I3SlZn48_075_090.mp4,675,11.261250,32,sports ball,0.323638,556.944,212.452,576.230,233.985,566.587,223.218,19.286,21.533
youtube_juggling_for_data_analysis_eh1I3SlZn48_075_090.mp4,675,11.261250,32,sports ball,0.277151,587.281,220.658,607.639,243.054,597.460,231.856,20.358,22.396
youtube_juggling_for_data_analysis_eh1I3SlZn48_075_090.mp4,675,11.261250,32,sports ball,0.159047,536.091,459.552,559.778,484.554,547.935,472.053,23.688,25.002
youtube_juggling_for_data_analysis_eh1I3SlZn48_075_090.mp4,676,11.277933,32,sports ball,0.835728,640.023,345.492,658.653,366.670,649.338,356.081,18.630,21.178
youtube_juggling_for_data_analysis_eh1I3SlZn48_075_090.mp4,676,11.277933,32,sports ball,0.510839,595.046,309.783,616.204,330.134,605.625,319.958,21.158,20.351
youtube_juggling_for_data_analysis_eh1I3SlZn48_075_090.mp4,676,11.277933,32,sports ball,0.429358,587.512,218.327,609.503,239.642,598.508,228.984,21.992,21.315
youtube_juggling_for_data_analysis_eh1I3SlZn48_075_090.mp4,676,11.277933,32,sports ball,0.323856,555.486,216.584,575.568,238.481,565.527,227.533,20.082,21.897
youtube_juggling_for_data_analysis_eh1I3SlZn48_075_090.mp4,676,11.277933,32,sports ball,0.307501,555.932,216.346,576.277,238.281,566.105,227.314,20.345,21.935
youtube_juggling_for_data_analysis_eh1I3SlZn48_075_090.mp4,677,11.294617,32,sports ball,0.742209,641.503,358.949,659.923,380.316,650.713,369.633,18.421,21.366
youtube_juggling_for_data_analysis_eh1I3SlZn48_075_090.mp4,677,11.294617,32,sports ball,0.587493,594.440,299.169,615.286,320.222,604.863,309.696,20.846,21.052
youtube_juggling_for_data_analysis_eh1I3SlZn48_075_090.mp4,677,11.294617,32,sports ball,0.361192,552.805,221.747,575.164,243.943,563.984,232.845,22.360,22.195
youtube_juggling_for_data_analysis_eh1I3SlZn48_075_090.mp4,677,11.294617,32,sports ball,0.284618,552.598,221.492,575.244,244.245,563.921,232.869,22.646,22.753
youtube_juggling_for_data_analysis_eh1I3SlZn48_075_090.mp4,677,11.294617,32,sports ball,0.272074,588.274,214.999,610.249,237.702,599.262,226.350,21.975,22.703
youtube_juggling_for_data_analysis_eh1I3SlZn48_075_090.mp4,678,11.311300,32,sports ball,0.727886,644.317,374.979,660.098,392.269,652.207,383.624,15.781,17.290
youtube_juggling_for_data_analysis_eh1I3SlZn48_075_090.mp4,678,11.311300,32,sports ball,0.617999,643.424,372.415,661.750,392.216,652.587,382.316,18.327,19.801
youtube_juggling_for_data_analysis_eh1I3SlZn48_075_090.mp4,678,11.311300,32,sports ball,0.408122,593.093,289.255,614.292,312.013,603.693,300.634,21.198,22.759
youtube_juggling_for_data_analysis_eh1I3SlZn48_075_090.mp4,678,11.311300,32,sports ball,0.238346,590.048,214.931,609.717,233.803,599.882,224.367,19.669,18.872
youtube_juggling_for_data_analysis_eh1I3SlZn48_075_090.mp4,678,11.311300,32,sports ball,0.223498,551.760,227.046,573.339,248.988,562.549,238.017,21.580,21.942
youtube_juggling_for_data_analysis_eh1I3SlZn48_075_090.mp4,679,11.327983,32,sports ball,0.734924,591.024,280.739,609.606,302.004,600.315,291.371,18.581,21.265
youtube_juggling_for_data_analysis_eh1I3SlZn48_075_090.mp4,679,11.327983,32,sports ball,0.639861,642.568,380.347,662.383,399.869,652.475,390.108,19.815,19.522
youtube_juggling_for_data_analysis_eh1I3SlZn48_075_090.mp4,679,11.327983,32,sports ball,0.577295,552.299,233.666,570.821,255.412,561.560,244.539,18.522,21.746
youtube_juggling_for_data_analysis_eh1I3SlZn48_075_090.mp4,679,11.327983,32,sports ball,0.350387,590.213,213.072,610.822,235.566,600.517,224.319,20.608,22.493
youtube_juggling_for_data_analysis_eh1I3SlZn48_075_090.mp4,679,11.327983,32,sports ball,0.171296,549.577,469.536,571.098,492.106,560.338,480.821,21.522,22.570
youtube_juggling_for_data_analysis_eh1I3SlZn48_075_090.mp4,680,11.344667,32,sports ball,0.605384,589.387,271.689,609.103,292.946,599.245,282.317,19.717,21.256
youtube_juggling_for_data_analysis_eh1I3SlZn48_075_090.mp4,680,11.344667,32,sports ball,0.371051,591.288,211.362,612.263,234.272,601.775,222.817,20.975,22.910
youtube_juggling_for_data_analysis_eh1I3SlZn48_075_090.mp4,680,11.344667,32,sports ball,0.260839,550.583,241.032,570.436,260.043,560.509,250.537,19.853,19.011
youtube_juggling_for_data_analysis_eh1I3SlZn48_075_090.mp4,680,11.344667,32,sports ball,0.222824,552.616,460.354,574.722,484.555,563.669,472.455,22.105,24.202
youtube_juggling_for_data_analysis_eh1I3SlZn48_075_090.mp4,681,11.361350,32,sports ball,0.643942,587.954,263.684,607.404,285.544,597.679,274.614,19.450,21.860
youtube_juggling_for_data_analysis_eh1I3SlZn48_075_090.mp4,681,11.361350,32,sports ball,0.438540,591.926,210.759,613.739,234.425,602.833,222.592,21.813,23.666
youtube_juggling_for_data_analysis_eh1I3SlZn48_075_090.mp4,681,11.361350,32,sports ball,0.429060,548.803,247.807,568.857,268.734,558.830,258.270,20.054,20.928
youtube_juggling_for_data_analysis_eh1I3SlZn48_075_090.mp4,681,11.361350,32,sports ball,0.251042,644.323,398.644,662.407,416.485,653.365,407.565,18.084,17.842
youtube_juggling_for_data_analysis_eh1I3SlZn48_075_090.mp4,682,11.378033,32,sports ball,0.394042,585.557,256.462,605.620,277.056,595.588,266.759,20.062,20.594
youtube_juggling_for_data_analysis_eh1I3SlZn48_075_090.mp4,682,11.378033,32,sports ball,0.365875,547.099,254.890,568.117,275.475,557.608,265.183,21.019,20.585
youtube_juggling_for_data_analysis_eh1I3SlZn48_075_090.mp4,682,11.378033,32,sports ball,0.206244,592.425,211.205,614.401,234.661,603.413,222.933,21.976,23.456
youtube_juggling_for_data_analysis_eh1I3SlZn48_075_090.mp4,682,11.378033,32,sports ball,0.205885,643.284,407.062,661.996,423.637,652.640,415.349,18.712,16.575
youtube_juggling_for_data_analysis_eh1I3SlZn48_075_090.mp4,682,11.378033,32,sports ball,0.192723,592.308,210.876,614.456,234.806,603.382,222.841,22.148,23.931
youtube_juggling_for_data_analysis_eh1I3SlZn48_075_090.mp4,682,11.378033,32,sports ball,0.185901,556.968,440.787,576.328,464.525,566.648,452.656,19.360,23.738
youtube_juggling_for_data_analysis_eh1I3SlZn48_075_090.mp4,683,11.394717,32,sports ball,0.783843,584.290,249.126,605.048,270.820,594.669,259.973,20.758,21.694
youtube_juggling_for_data_analysis_eh1I3SlZn48_075_090.mp4,683,11.394717,32,sports ball,0.750141,546.048,264.189,566.800,285.336,556.424,274.762,20.752,21.147
youtube_juggling_for_data_analysis_eh1I3SlZn48_075_090.mp4,683,11.394717,32,sports ball,0.601708,593.097,213.222,615.177,234.865,604.137,224.044,22.080,21.643
youtube_juggling_for_data_analysis_eh1I3SlZn48_075_090.mp4,683,11.394717,32,sports ball,0.495123,559.965,426.198,577.675,448.213,568.820,437.206,17.710,22.014
youtube_juggling_for_data_analysis_eh1I3SlZn48_075_090.mp4,684,11.411400,32,sports ball,0.691042,544.786,273.130,565.096,293.702,554.941,283.416,20.310,20.572
youtube_juggling_for_data_analysis_eh1I3SlZn48_075_090.mp4,684,11.411400,32,sports ball,0.554796,582.065,242.083,602.154,263.914,592.109,252.999,20.089,21.830
youtube_juggling_for_data_analysis_eh1I3SlZn48_075_090.mp4,684,11.411400,32,sports ball,0.284201,593.078,213.573,615.935,234.632,604.506,224.102,22.857,21.059
youtube_juggling_for_data_analysis_eh1I3SlZn48_075_090.mp4,685,11.428083,32,sports ball,0.779704,544.509,282.386,562.840,302.087,553.674,292.236,18.331,19.702
youtube_juggling_for_data_analysis_eh1I3SlZn48_075_090.mp4,685,11.428083,32,sports ball,0.593207,580.251,236.264,600.790,255.652,590.521,245.958,20.539,19.388
youtube_juggling_for_data_analysis_eh1I3SlZn48_075_090.mp4,685,11.428083,32,sports ball,0.477974,561.351,397.338,582.191,416.952,571.771,407.145,20.841,19.614
youtube_juggling_for_data_analysis_eh1I3SlZn48_075_090.mp4,685,11.428083,32,sports ball,0.416614,595.631,216.251,616.466,237.703,606.048,226.977,20.835,21.452
youtube_juggling_for_data_analysis_eh1I3SlZn48_075_090.mp4,685,11.428083,32,sports ball,0.186961,638.727,430.158,657.471,454.084,648.099,442.121,18.744,23.926
youtube_juggling_for_data_analysis_eh1I3SlZn48_075_090.mp4,686,11.444767,32,sports ball,0.579696,564.251,383.515,582.879,403.418,573.565,393.466,18.629,19.904
youtube_juggling_for_data_analysis_eh1I3SlZn48_075_090.mp4,686,11.444767,32,sports ball,0.563473,580.125,230.962,598.724,250.905,589.425,240.933,18.599,19.943
youtube_juggling_for_data_analysis_eh1I3SlZn48_075_090.mp4,686,11.444767,32,sports ball,0.554725,543.200,291.811,561.437,311.965,552.319,301.888,18.236,20.154
youtube_juggling_for_data_analysis_eh1I3SlZn48_075_090.mp4,686,11.444767,32,sports ball,0.337136,594.977,219.309,617.495,240.430,606.236,229.869,22.518,21.121
youtube_juggling_for_data_analysis_eh1I3SlZn48_075_090.mp4,686,11.444767,32,sports ball,0.182393,634.721,439.448,655.768,462.089,645.245,450.768,21.046,22.641
youtube_juggling_for_data_analysis_eh1I3SlZn48_075_090.mp4,687,11.461450,32,sports ball,0.681362,539.916,300.504,560.048,320.653,549.982,310.578,20.132,20.149
youtube_juggling_for_data_analysis_eh1I3SlZn48_075_090.mp4,687,11.461450,32,sports ball,0.664651,568.608,368.764,584.311,385.121,576.459,376.942,15.703,16.358
youtube_juggling_for_data_analysis_eh1I3SlZn48_075_090.mp4,687,11.461450,32,sports ball,0.531290,598.635,220.819,618.609,242.696,608.622,231.757,19.974,21.877
youtube_juggling_for_data_analysis_eh1I3SlZn48_075_090.mp4,687,11.461450,32,sports ball,0.514405,576.962,225.004,597.416,246.892,587.189,235.948,20.454,21.888
youtube_juggling_for_data_analysis_eh1I3SlZn48_075_090.mp4,687,11.461450,32,sports ball,0.171681,632.613,447.840,652.136,463.488,642.375,455.664,19.523,15.648
youtube_juggling_for_data_analysis_eh1I3SlZn48_075_090.mp4,688,11.478133,32,sports ball,0.789806,568.880,354.966,587.032,376.204,577.956,365.585,18.152,21.238
youtube_juggling_for_data_analysis_eh1I3SlZn48_075_090.mp4,688,11.478133,32,sports ball,0.778809,539.558,312.661,559.409,332.981,549.484,322.821,19.851,20.320
youtube_juggling_for_data_analysis_eh1I3SlZn48_075_090.mp4,688,11.478133,32,sports ball,0.762061,576.748,221.074,596.160,241.469,586.454,231.272,19.412,20.396
youtube_juggling_for_data_analysis_eh1I3SlZn48_075_090.mp4,688,11.478133,32,sports ball,0.611472,599.202,224.610,619.388,246.558,609.295,235.584,20.186,21.948
youtube_juggling_for_data_analysis_eh1I3SlZn48_075_090.mp4,688,11.478133,32,sports ball,0.276826,627.288,452.136,649.060,473.709,638.174,462.923,21.772,21.574
youtube_juggling_for_data_analysis_eh1I3SlZn48_075_090.mp4,689,11.494817,32,sports ball,0.835563,570.894,343.037,587.261,360.254,579.077,351.646,16.367,17.217
youtube_juggling_for_data_analysis_eh1I3SlZn48_075_090.mp4,689,11.494817,32,sports ball,0.811133,576.225,217.011,591.850,237.646,584.037,227.329,15.625,20.635
youtube_juggling_for_data_analysis_eh1I3SlZn48_075_090.mp4,689,11.494817,32,sports ball,0.792004,599.245,227.170,620.487,249.597,609.866,238.383,21.242,22.427
youtube_juggling_for_data_analysis_eh1I3SlZn48_075_090.mp4,689,11.494817,32,sports ball,0.749666,537.851,323.392,557.643,346.033,547.747,334.713,19.793,22.641
youtube_juggling_for_data_analysis_eh1I3SlZn48_075_090.mp4,689,11.494817,32,sports ball,0.484393,624.618,458.800,646.055,479.423,635.336,469.112,21.437,20.623
youtube_juggling_for_data_analysis_eh1I3SlZn48_075_090.mp4,690,11.511500,32,sports ball,0.758875,572.076,329.723,591.500,352.429,581.788,341.076,19.424,22.707
youtube_juggling_for_data_analysis_eh1I3SlZn48_075_090.mp4,690,11.511500,32,sports ball,0.727930,536.858,336.917,556.653,358.139,546.755,347.528,19.795,21.222
youtube_juggling_for_data_analysis_eh1I3SlZn48_075_090.mp4,690,11.511500,32,sports ball,0.679423,600.132,230.893,621.986,255.017,611.059,242.955,21.854,24.125
youtube_juggling_for_data_analysis_eh1I3SlZn48_075_090.mp4,690,11.511500,32,sports ball,0.678457,572.091,214.016,592.208,234.063,582.149,224.040,20.118,20.047
youtube_juggling_for_data_analysis_eh1I3SlZn48_075_090.mp4,690,11.511500,32,sports ball,0.535531,622.410,461.184,642.205,482.223,632.307,471.703,19.796,21.040
youtube_juggling_for_data_analysis_eh1I3SlZn48_075_090.mp4,691,11.528183,32,sports ball,0.789948,535.834,347.845,554.888,371.179,545.361,359.512,19.054,23.334
youtube_juggling_for_data_analysis_eh1I3SlZn48_075_090.mp4,691,11.528183,32,sports ball,0.686486,572.246,316.304,592.693,337.551,582.470,326.928,20.447,21.247
youtube_juggling_for_data_analysis_eh1I3SlZn48_075_090.mp4,691,11.528183,32,sports ball,0.658908,600.809,236.292,621.934,259.767,611.372,248.030,21.125,23.474
youtube_juggling_for_data_analysis_eh1I3SlZn48_075_090.mp4,691,11.528183,32,sports ball,0.425371,571.159,210.829,592.076,231.296,581.618,221.062,20.917,20.467
youtube_juggling_for_data_analysis_eh1I3SlZn48_075_090.mp4,691,11.528183,32,sports ball,0.344702,620.001,463.041,640.017,483.961,630.009,473.501,20.016,20.919
youtube_juggling_for_data_analysis_eh1I3SlZn48_075_090.mp4,692,11.544867,32,sports ball,0.533278,575.548,305.959,595.109,328.932,585.329,317.445,19.561,22.973
youtube_juggling_for_data_analysis_eh1I3SlZn48_075_090.mp4,692,11.544867,32,sports ball,0.520180,534.656,361.509,554.684,384.933,544.670,373.221,20.028,23.424
youtube_juggling_for_data_analysis_eh1I3SlZn48_075_090.mp4,692,11.544867,32,sports ball,0.272834,616.839,460.423,638.171,484.177,627.505,472.300,21.332,23.754
youtube_juggling_for_data_analysis_eh1I3SlZn48_075_090.mp4,692,11.544867,32,sports ball,0.263396,570.009,208.619,590.537,228.532,580.273,218.575,20.528,19.913
youtube_juggling_for_data_analysis_eh1I3SlZn48_075_090.mp4,692,11.544867,32,sports ball,0.250221,601.854,240.361,623.519,265.516,612.686,252.938,21.666,25.155
youtube_juggling_for_data_analysis_eh1I3SlZn48_075_090.mp4,692,11.544867,32,sports ball,0.159109,534.807,361.608,553.896,384.095,544.352,372.851,19.089,22.488
youtube_juggling_for_data_analysis_eh1I3SlZn48_075_090.mp4,693,11.561550,32,sports ball,0.812001,533.598,376.171,552.010,395.826,542.804,385.998,18.412,19.655
youtube_juggling_for_data_analysis_eh1I3SlZn48_075_090.mp4,693,11.561550,32,sports ball,0.718778,602.293,249.463,623.435,270.180,612.864,259.821,21.141,20.717
youtube_juggling_for_data_analysis_eh1I3SlZn48_075_090.mp4,693,11.561550,32,sports ball,0.657830,576.780,294.969,598.311,317.085,587.546,306.027,21.531,22.116
youtube_juggling_for_data_analysis_eh1I3SlZn48_075_090.mp4,693,11.561550,32,sports ball,0.541943,614.342,459.046,634.036,478.788,624.189,468.917,19.694,19.742
youtube_juggling_for_data_analysis_eh1I3SlZn48_075_090.mp4,693,11.561550,32,sports ball,0.457095,566.942,206.315,588.730,227.071,577.836,216.693,21.788,20.756
youtube_juggling_for_data_analysis_eh1I3SlZn48_075_090.mp4,694,11.578233,32,sports ball,0.610573,531.719,391.158,550.639,410.034,541.179,400.596,18.920,18.875
youtube_juggling_for_data_analysis_eh1I3SlZn48_075_090.mp4,694,11.578233,32,sports ball,0.359680,577.417,287.320,598.078,308.263,587.747,297.792,20.661,20.942
youtube_juggling_for_data_analysis_eh1I3SlZn48_075_090.mp4,694,11.578233,32,sports ball,0.236598,565.228,204.642,586.429,227.052,575.829,215.847,21.201,22.410
youtube_juggling_for_data_analysis_eh1I3SlZn48_075_090.mp4,694,11.578233,32,sports ball,0.220620,602.574,253.109,624.866,277.072,613.720,265.091,22.292,23.963
youtube_juggling_for_data_analysis_eh1I3SlZn48_075_090.mp4,695,11.594917,32,sports ball,0.630601,530.085,402.008,549.983,421.313,540.034,411.660,19.898,19.305
youtube_juggling_for_data_analysis_eh1I3SlZn48_075_090.mp4,695,11.594917,32,sports ball,0.315931,603.745,262.595,624.708,284.054,614.227,273.325,20.964,21.460
youtube_juggling_for_data_analysis_eh1I3SlZn48_075_090.mp4,695,11.594917,32,sports ball,0.232526,562.565,204.371,585.487,226.260,574.026,215.315,22.922,21.890
youtube_juggling_for_data_analysis_eh1I3SlZn48_075_090.mp4,696,11.611600,32,sports ball,0.747624,528.299,408.568,548.917,433.581,538.608,421.074,20.617,25.013
youtube_juggling_for_data_analysis_eh1I3SlZn48_075_090.mp4,696,11.611600,32,sports ball,0.262454,607.314,269.601,624.417,291.432,615.866,280.516,17.103,21.831
youtube_juggling_for_data_analysis_eh1I3SlZn48_075_090.mp4,696,11.611600,32,sports ball,0.171302,561.416,204.391,583.761,225.253,572.589,214.822,22.345,20.861
youtube_juggling_for_data_analysis_eh1I3SlZn48_075_090.mp4,696,11.611600,32,sports ball,0.150708,580.642,268.479,600.661,288.427,590.651,278.453,20.019,19.948
youtube_juggling_for_data_analysis_eh1I3SlZn48_075_090.mp4,697,11.628283,32,sports ball,0.638495,528.352,417.538,547.479,438.297,537.916,427.918,19.126,20.759
youtube_juggling_for_data_analysis_eh1I3SlZn48_075_090.mp4,697,11.628283,32,sports ball,0.407186,608.186,277.494,627.015,299.587,617.601,288.541,18.829,22.094
youtube_juggling_for_data_analysis_eh1I3SlZn48_075_090.mp4,697,11.628283,32,sports ball,0.353535,559.452,204.637,580.817,226.474,570.135,215.556,21.365,21.837
youtube_juggling_for_data_analysis_eh1I3SlZn48_075_090.mp4,697,11.628283,32,sports ball,0.198418,581.692,258.306,602.942,280.899,592.317,269.602,21.250,22.593
youtube_juggling_for_data_analysis_eh1I3SlZn48_075_090.mp4,698,11.644967,32,sports ball,0.631989,527.762,425.441,544.872,443.150,536.317,434.295,17.109,17.709
youtube_juggling_for_data_analysis_eh1I3SlZn48_075_090.mp4,698,11.644967,32,sports ball,0.487729,527.397,425.506,545.713,446.144,536.555,435.825,18.316,20.639
youtube_juggling_for_data_analysis_eh1I3SlZn48_075_090.mp4,698,11.644967,32,sports ball,0.234154,558.092,205.184,579.284,226.696,568.688,215.940,21.191,21.512
youtube_juggling_for_data_analysis_eh1I3SlZn48_075_090.mp4,698,11.644967,32,sports ball,0.228200,582.964,250.484,604.779,271.778,593.872,261.131,21.815,21.294
youtube_juggling_for_data_analysis_eh1I3SlZn48_075_090.mp4,698,11.644967,32,sports ball,0.196741,608.103,285.640,629.100,309.505,618.601,297.573,20.997,23.865
youtube_juggling_for_data_analysis_eh1I3SlZn48_075_090.mp4,699,11.661650,32,sports ball,0.590676,525.436,433.485,547.057,456.031,536.247,444.758,21.621,22.546
youtube_juggling_for_data_analysis_eh1I3SlZn48_075_090.mp4,699,11.661650,32,sports ball,0.533050,603.043,391.685,621.795,412.244,612.419,401.965,18.752,20.558
youtube_juggling_for_data_analysis_eh1I3SlZn48_075_090.mp4,699,11.661650,32,sports ball,0.420624,608.785,295.057,629.518,319.090,619.151,307.074,20.732,24.032
youtube_juggling_for_data_analysis_eh1I3SlZn48_075_090.mp4,699,11.661650,32,sports ball,0.401559,584.155,243.529,606.337,266.237,595.246,254.883,22.182,22.708
youtube_juggling_for_data_analysis_eh1I3SlZn48_075_090.mp4,699,11.661650,32,sports ball,0.315919,556.364,205.907,577.477,228.426,566.920,217.166,21.113,22.519
youtube_juggling_for_data_analysis_eh1I3SlZn48_075_090.mp4,700,11.678333,32,sports ball,0.832121,525.631,441.154,548.311,463.777,536.971,452.466,22.680,22.623
youtube_juggling_for_data_analysis_eh1I3SlZn48_075_090.mp4,700,11.678333,32,sports ball,0.811799,601.353,377.275,619.094,400.656,610.224,388.966,17.741,23.382
youtube_juggling_for_data_analysis_eh1I3SlZn48_075_090.mp4,700,11.678333,32,sports ball,0.806606,586.333,237.249,607.462,258.001,596.897,247.625,21.129,20.752
youtube_juggling_for_data_analysis_eh1I3SlZn48_075_090.mp4,700,11.678333,32,sports ball,0.800393,609.083,305.779,629.251,327.665,619.167,316.722,20.168,21.886
youtube_juggling_for_data_analysis_eh1I3SlZn48_075_090.mp4,700,11.678333,32,sports ball,0.697659,554.106,208.889,575.227,229.146,564.667,219.018,21.121,20.257
youtube_juggling_for_data_analysis_eh1I3SlZn48_075_090.mp4,701,11.695017,32,sports ball,0.657181,588.052,231.932,608.646,251.652,598.349,241.792,20.593,19.720
youtube_juggling_for_data_analysis_eh1I3SlZn48_075_090.mp4,701,11.695017,32,sports ball,0.648157,527.364,448.767,549.871,470.720,538.618,459.744,22.506,21.953
youtube_juggling_for_data_analysis_eh1I3SlZn48_075_090.mp4,701,11.695017,32,sports ball,0.644086,609.916,316.630,629.736,337.848,619.826,327.239,19.820,21.217
youtube_juggling_for_data_analysis_eh1I3SlZn48_075_090.mp4,701,11.695017,32,sports ball,0.608912,552.316,209.942,574.452,232.330,563.384,221.136,22.136,22.387
youtube_juggling_for_data_analysis_eh1I3SlZn48_075_090.mp4,701,11.695017,32,sports ball,0.235633,601.161,363.334,619.133,386.820,610.147,375.077,17.972,23.486
youtube_juggling_for_data_analysis_eh1I3SlZn48_075_090.mp4,701,11.695017,32,sports ball,0.213013,528.391,448.945,549.734,463.656,539.063,456.301,21.343,14.711
youtube_juggling_for_data_analysis_eh1I3SlZn48_075_090.mp4,702,11.711700,32,sports ball,0.706204,610.578,327.425,630.745,349.343,620.661,338.384,20.168,21.918
youtube_juggling_for_data_analysis_eh1I3SlZn48_075_090.mp4,702,11.711700,32,sports ball,0.648729,529.241,455.815,551.542,479.166,540.391,467.490,22.301,23.351
youtube_juggling_for_data_analysis_eh1I3SlZn48_075_090.mp4,702,11.711700,32,sports ball,0.618804,550.552,213.840,571.872,235.493,561.212,224.667,21.320,21.653
youtube_juggling_for_data_analysis_eh1I3SlZn48_075_090.mp4,702,11.711700,32,sports ball,0.547903,589.048,225.640,610.788,246.526,599.918,236.083,21.741,20.886
youtube_juggling_for_data_analysis_eh1I3SlZn48_075_090.mp4,702,11.711700,32,sports ball,0.464949,598.840,351.986,617.700,369.422,608.270,360.704,18.860,17.436
youtube_juggling_for_data_analysis_eh1I3SlZn48_075_090.mp4,703,11.728383,32,sports ball,0.648593,549.186,217.689,570.898,238.318,560.042,228.003,21.712,20.628
youtube_juggling_for_data_analysis_eh1I3SlZn48_075_090.mp4,703,11.728383,32,sports ball,0.514297,589.863,219.952,611.875,241.396,600.869,230.674,22.012,21.444
youtube_juggling_for_data_analysis_eh1I3SlZn48_075_090.mp4,703,11.728383,32,sports ball,0.469863,531.662,460.538,553.221,481.073,542.442,470.806,21.558,20.535
youtube_juggling_for_data_analysis_eh1I3SlZn48_075_090.mp4,703,11.728383,32,sports ball,0.304246,597.934,338.212,630.815,359.736,614.375,348.974,32.881,21.524
youtube_juggling_for_data_analysis_eh1I3SlZn48_075_090.mp4,703,11.728383,32,sports ball,0.289533,611.812,339.330,631.375,359.835,621.593,349.582,19.563,20.505
youtube_juggling_for_data_analysis_eh1I3SlZn48_075_090.mp4,704,11.745067,32,sports ball,0.557138,547.323,222.120,568.485,243.282,557.904,232.701,21.163,21.162
youtube_juggling_for_data_analysis_eh1I3SlZn48_075_090.mp4,704,11.745067,32,sports ball,0.369571,612.879,351.485,632.221,370.145,622.550,360.815,19.342,18.660
youtube_juggling_for_data_analysis_eh1I3SlZn48_075_090.mp4,704,11.745067,32,sports ball,0.289289,591.789,215.039,613.803,236.938,602.796,225.989,22.013,21.899
youtube_juggling_for_data_analysis_eh1I3SlZn48_075_090.mp4,705,11.761750,32,sports ball,0.718507,546.161,226.550,567.055,247.374,556.608,236.962,20.894,20.825
youtube_juggling_for_data_analysis_eh1I3SlZn48_075_090.mp4,705,11.761750,32,sports ball,0.701067,614.189,363.286,632.433,383.485,623.311,373.386,18.244,20.198
youtube_juggling_for_data_analysis_eh1I3SlZn48_075_090.mp4,705,11.761750,32,sports ball,0.612799,593.085,315.737,613.483,335.855,603.284,325.796,20.398,20.118
youtube_juggling_for_data_analysis_eh1I3SlZn48_075_090.mp4,705,11.761750,32,sports ball,0.449598,592.234,211.258,615.634,233.040,603.934,222.149,23.400,21.782
youtube_juggling_for_data_analysis_eh1I3SlZn48_075_090.mp4,705,11.761750,32,sports ball,0.261343,537.883,470.040,558.328,490.923,548.105,480.482,20.445,20.883
youtube_juggling_for_data_analysis_eh1I3SlZn48_075_090.mp4,706,11.778433,32,sports ball,0.754080,544.993,232.255,564.663,251.811,554.828,242.033,19.671,19.556
youtube_juggling_for_data_analysis_eh1I3SlZn48_075_090.mp4,706,11.778433,32,sports ball,0.489011,592.449,304.538,611.964,325.864,602.207,315.201,19.515,21.325
youtube_juggling_for_data_analysis_eh1I3SlZn48_075_090.mp4,706,11.778433,32,sports ball,0.434046,592.823,209.600,616.314,228.884,604.568,219.242,23.491,19.284
youtube_juggling_for_data_analysis_eh1I3SlZn48_075_090.mp4,706,11.778433,32,sports ball,0.247194,541.084,467.961,560.409,491.491,550.746,479.726,19.325,23.530
youtube_juggling_for_data_analysis_eh1I3SlZn48_075_090.mp4,706,11.778433,32,sports ball,0.202819,616.598,376.451,633.191,396.912,624.894,386.681,16.593,20.461
youtube_juggling_for_data_analysis_eh1I3SlZn48_075_090.mp4,707,11.795117,32,sports ball,0.170462,595.605,205.613,617.135,225.325,606.370,215.469,21.530,19.712
youtube_juggling_for_data_analysis_eh1I3SlZn48_075_090.mp4,708,11.811800,32,sports ball,0.327867,539.648,242.986,561.759,263.545,550.704,253.266,22.111,20.559
youtube_juggling_for_data_analysis_eh1I3SlZn48_075_090.mp4,708,11.811800,32,sports ball,0.255942,616.342,394.308,632.861,413.031,624.602,403.669,16.519,18.723
youtube_juggling_for_data_analysis_eh1I3SlZn48_075_090.mp4,708,11.811800,32,sports ball,0.194776,597.879,202.860,619.747,223.991,608.813,213.425,21.868,21.132
youtube_juggling_for_data_analysis_eh1I3SlZn48_075_090.mp4,708,11.811800,32,sports ball,0.160422,587.582,284.944,609.440,307.956,598.511,296.450,21.858,23.012
youtube_juggling_for_data_analysis_eh1I3SlZn48_075_090.mp4,709,11.828483,32,sports ball,0.455007,614.361,402.591,631.998,425.493,623.180,414.042,17.637,22.902
youtube_juggling_for_data_analysis_eh1I3SlZn48_075_090.mp4,709,11.828483,32,sports ball,0.229742,538.909,250.709,558.360,270.016,548.634,260.363,19.452,19.308
youtube_juggling_for_data_analysis_eh1I3SlZn48_075_090.mp4,709,11.828483,32,sports ball,0.199096,598.362,200.328,621.252,221.125,609.807,210.727,22.889,20.797
youtube_juggling_for_data_analysis_eh1I3SlZn48_075_090.mp4,709,11.828483,32,sports ball,0.157577,586.483,276.203,608.292,299.658,597.388,287.931,21.809,23.455
youtube_juggling_for_data_analysis_eh1I3SlZn48_075_090.mp4,709,11.828483,32,sports ball,0.154905,546.624,454.314,569.086,474.121,557.855,464.218,22.462,19.807
youtube_juggling_for_data_analysis_eh1I3SlZn48_075_090.mp4,710,11.845167,32,sports ball,0.491729,614.623,409.617,631.438,434.216,623.030,421.916,16.815,24.599
youtube_juggling_for_data_analysis_eh1I3SlZn48_075_090.mp4,710,11.845167,32,sports ball,0.445355,536.996,258.105,556.900,277.842,546.948,267.974,19.904,19.737
youtube_juggling_for_data_analysis_eh1I3SlZn48_075_090.mp4,710,11.845167,32,sports ball,0.375817,584.422,268.008,606.749,291.505,595.585,279.757,22.327,23.496
youtube_juggling_for_data_analysis_eh1I3SlZn48_075_090.mp4,710,11.845167,32,sports ball,0.233719,600.768,200.321,621.600,219.929,611.184,210.125,20.832,19.608
youtube_juggling_for_data_analysis_eh1I3SlZn48_075_090.mp4,711,11.861850,32,sports ball,0.361861,615.109,419.856,631.591,439.630,623.350,429.743,16.482,19.774
youtube_juggling_for_data_analysis_eh1I3SlZn48_075_090.mp4,711,11.861850,32,sports ball,0.282957,601.278,197.234,624.090,219.031,612.684,208.132,22.811,21.797
youtube_juggling_for_data_analysis_eh1I3SlZn48_075_090.mp4,711,11.861850,32,sports ball,0.251795,583.111,258.878,605.983,284.885,594.547,271.881,22.872,26.007
youtube_juggling_for_data_analysis_eh1I3SlZn48_075_090.mp4,711,11.861850,32,sports ball,0.248700,535.724,265.632,556.190,286.594,545.957,276.113,20.466,20.961
youtube_juggling_for_data_analysis_eh1I3SlZn48_075_090.mp4,711,11.861850,32,sports ball,0.225204,536.218,265.917,556.149,285.964,546.184,275.941,19.931,20.047
youtube_juggling_for_data_analysis_eh1I3SlZn48_075_090.mp4,713,11.895217,32,sports ball,0.382613,560.116,402.469,576.838,422.252,568.477,412.361,16.722,19.784
youtube_juggling_for_data_analysis_eh1I3SlZn48_075_090.mp4,713,11.895217,32,sports ball,0.218299,615.176,437.899,632.604,457.079,623.890,447.489,17.428,19.181
youtube_juggling_for_data_analysis_eh1I3SlZn48_075_090.mp4,713,11.895217,32,sports ball,0.201896,579.846,247.450,601.272,266.765,590.559,257.108,21.426,19.315
youtube_juggling_for_data_analysis_eh1I3SlZn48_075_090.mp4,713,11.895217,32,sports ball,0.188122,530.811,282.770,552.738,303.343,541.775,293.056,21.927,20.573
youtube_juggling_for_data_analysis_eh1I3SlZn48_075_090.mp4,713,11.895217,32,sports ball,0.185021,604.143,197.353,624.651,217.756,614.397,207.554,20.508,20.404
youtube_juggling_for_data_analysis_eh1I3SlZn48_075_090.mp4,713,11.895217,32,sports ball,0.162546,614.247,435.333,632.779,456.990,623.513,446.162,18.531,21.658
youtube_juggling_for_data_analysis_eh1I3SlZn48_075_090.mp4,714,11.911900,32,sports ball,0.302840,561.613,387.123,580.422,408.725,571.018,397.924,18.809,21.602
youtube_juggling_for_data_analysis_eh1I3SlZn48_075_090.mp4,715,11.928583,32,sports ball,0.461861,609.104,201.035,628.189,220.423,618.647,210.729,19.085,19.388
youtube_juggling_for_data_analysis_eh1I3SlZn48_075_090.mp4,715,11.928583,32,sports ball,0.395580,528.139,302.491,548.452,323.256,538.296,312.873,20.313,20.765
youtube_juggling_for_data_analysis_eh1I3SlZn48_075_090.mp4,715,11.928583,32,sports ball,0.187821,572.715,375.416,584.508,393.210,578.612,384.313,11.793,17.795
youtube_juggling_for_data_analysis_eh1I3SlZn48_075_090.mp4,715,11.928583,32,sports ball,0.185358,578.330,234.136,597.618,254.444,587.974,244.290,19.288,20.308
youtube_juggling_for_data_analysis_eh1I3SlZn48_075_090.mp4,715,11.928583,32,sports ball,0.173070,565.626,374.415,584.257,393.776,574.941,384.096,18.631,19.361
youtube_juggling_for_data_analysis_eh1I3SlZn48_075_090.mp4,716,11.945267,32,sports ball,0.546290,610.011,202.167,629.766,221.786,619.889,211.977,19.755,19.619
youtube_juggling_for_data_analysis_eh1I3SlZn48_075_090.mp4,716,11.945267,32,sports ball,0.529272,527.135,314.505,545.176,333.754,536.155,324.129,18.041,19.249
youtube_juggling_for_data_analysis_eh1I3SlZn48_075_090.mp4,716,11.945267,32,sports ball,0.493426,609.895,201.751,629.709,222.152,619.802,211.952,19.814,20.401
youtube_juggling_for_data_analysis_eh1I3SlZn48_075_090.mp4,716,11.945267,32,sports ball,0.305887,614.405,453.784,634.907,476.139,624.656,464.962,20.503,22.355
youtube_juggling_for_data_analysis_eh1I3SlZn48_075_090.mp4,716,11.945267,32,sports ball,0.289057,577.364,229.669,596.747,249.406,587.056,239.537,19.383,19.737
youtube_juggling_for_data_analysis_eh1I3SlZn48_075_090.mp4,717,11.961950,32,sports ball,0.759622,568.880,348.700,585.288,368.138,577.084,358.419,16.408,19.438
youtube_juggling_for_data_analysis_eh1I3SlZn48_075_090.mp4,717,11.961950,32,sports ball,0.630197,525.050,326.337,543.682,345.140,534.366,335.739,18.632,18.803
youtube_juggling_for_data_analysis_eh1I3SlZn48_075_090.mp4,717,11.961950,32,sports ball,0.431197,611.342,205.500,631.426,224.095,621.384,214.798,20.084,18.595
youtube_juggling_for_data_analysis_eh1I3SlZn48_075_090.mp4,717,11.961950,32,sports ball,0.205494,576.224,225.597,595.397,244.805,585.810,235.201,19.173,19.208
youtube_juggling_for_data_analysis_eh1I3SlZn48_075_090.mp4,717,11.961950,32,sports ball,0.160750,614.509,458.434,634.874,480.066,624.692,469.250,20.364,21.632
youtube_juggling_for_data_analysis_eh1I3SlZn48_075_090.mp4,718,11.978633,32,sports ball,0.715929,522.770,336.907,543.215,357.399,532.992,347.153,20.445,20.493
youtube_juggling_for_data_analysis_eh1I3SlZn48_075_090.mp4,718,11.978633,32,sports ball,0.684355,611.844,207.023,632.154,226.075,621.999,216.549,20.310,19.053
youtube_juggling_for_data_analysis_eh1I3SlZn48_075_090.mp4,718,11.978633,32,sports ball,0.454205,573.266,220.460,592.419,240.386,582.843,230.423,19.153,19.926
youtube_juggling_for_data_analysis_eh1I3SlZn48_075_090.mp4,718,11.978633,32,sports ball,0.402356,570.658,336.879,588.136,356.280,579.397,346.580,17.478,19.401
youtube_juggling_for_data_analysis_eh1I3SlZn48_075_090.mp4,719,11.995317,32,sports ball,0.423132,520.371,348.723,540.627,369.304,530.499,359.013,20.256,20.581
youtube_juggling_for_data_analysis_eh1I3SlZn48_075_090.mp4,719,11.995317,32,sports ball,0.306900,613.202,210.796,634.060,229.655,623.631,220.225,20.858,18.859
youtube_juggling_for_data_analysis_eh1I3SlZn48_075_090.mp4,719,11.995317,32,sports ball,0.275505,571.282,326.403,591.796,345.399,581.539,335.901,20.514,18.996
youtube_juggling_for_data_analysis_eh1I3SlZn48_075_090.mp4,720,12.012000,32,sports ball,0.551400,575.531,313.320,592.701,334.671,584.116,323.996,17.170,21.351
youtube_juggling_for_data_analysis_eh1I3SlZn48_075_090.mp4,720,12.012000,32,sports ball,0.521770,613.928,213.719,635.368,233.993,624.648,223.856,21.440,20.275
youtube_juggling_for_data_analysis_eh1I3SlZn48_075_090.mp4,720,12.012000,32,sports ball,0.464489,518.359,361.742,539.905,383.864,529.132,372.803,21.546,22.122
youtube_juggling_for_data_analysis_eh1I3SlZn48_075_090.mp4,721,12.028683,32,sports ball,0.813926,518.003,375.473,537.162,394.154,527.583,384.813,19.160,18.681
youtube_juggling_for_data_analysis_eh1I3SlZn48_075_090.mp4,721,12.028683,32,sports ball,0.532680,615.643,218.279,637.321,237.715,626.482,227.997,21.678,19.436
youtube_juggling_for_data_analysis_eh1I3SlZn48_075_090.mp4,721,12.028683,32,sports ball,0.473379,576.706,303.551,595.198,323.803,585.952,313.677,18.492,20.253
youtube_juggling_for_data_analysis_eh1I3SlZn48_075_090.mp4,721,12.028683,32,sports ball,0.203463,567.631,210.417,589.150,231.562,578.390,220.989,21.519,21.145
youtube_juggling_for_data_analysis_eh1I3SlZn48_075_090.mp4,722,12.045367,32,sports ball,0.453912,514.997,389.457,535.041,408.505,525.019,398.981,20.044,19.047
youtube_juggling_for_data_analysis_eh1I3SlZn48_075_090.mp4,722,12.045367,32,sports ball,0.305910,618.542,223.621,638.768,242.617,628.655,233.119,20.226,18.996
youtube_juggling_for_data_analysis_eh1I3SlZn48_075_090.mp4,722,12.045367,32,sports ball,0.294077,577.102,294.826,596.999,314.052,587.051,304.439,19.897,19.225
youtube_juggling_for_data_analysis_eh1I3SlZn48_075_090.mp4,722,12.045367,32,sports ball,0.159547,567.856,210.144,587.911,228.782,577.884,219.463,20.056,18.637
youtube_juggling_for_data_analysis_eh1I3SlZn48_075_090.mp4,723,12.062050,32,sports ball,0.578902,515.764,399.618,534.030,417.507,524.897,408.563,18.267,17.889
youtube_juggling_for_data_analysis_eh1I3SlZn48_075_090.mp4,723,12.062050,32,sports ball,0.407595,619.861,228.221,640.287,248.643,630.074,238.432,20.426,20.423
youtube_juggling_for_data_analysis_eh1I3SlZn48_075_090.mp4,723,12.062050,32,sports ball,0.272828,579.483,285.779,598.720,304.702,589.102,295.241,19.236,18.922
youtube_juggling_for_data_analysis_eh1I3SlZn48_075_090.mp4,723,12.062050,32,sports ball,0.198578,567.258,210.072,586.202,228.516,576.730,219.294,18.943,18.443
youtube_juggling_for_data_analysis_eh1I3SlZn48_075_090.mp4,724,12.078733,32,sports ball,0.601838,620.269,232.971,640.391,254.891,630.330,243.931,20.122,21.920
youtube_juggling_for_data_analysis_eh1I3SlZn48_075_090.mp4,724,12.078733,32,sports ball,0.527839,513.434,408.395,533.252,425.989,523.343,417.192,19.818,17.594
youtube_juggling_for_data_analysis_eh1I3SlZn48_075_090.mp4,724,12.078733,32,sports ball,0.476765,580.240,276.220,601.220,296.123,590.730,286.172,20.980,19.903
youtube_juggling_for_data_analysis_eh1I3SlZn48_075_090.mp4,724,12.078733,32,sports ball,0.341328,564.228,207.942,584.833,228.640,574.531,218.291,20.604,20.698
youtube_juggling_for_data_analysis_eh1I3SlZn48_075_090.mp4,725,12.095417,32,sports ball,0.514327,624.120,241.749,640.421,260.480,632.271,251.115,16.301,18.731
youtube_juggling_for_data_analysis_eh1I3SlZn48_075_090.mp4,725,12.095417,32,sports ball,0.493459,513.166,417.765,532.061,439.068,522.614,428.416,18.895,21.302
youtube_juggling_for_data_analysis_eh1I3SlZn48_075_090.mp4,725,12.095417,32,sports ball,0.417516,582.144,268.544,602.356,287.769,592.250,278.156,20.212,19.225
youtube_juggling_for_data_analysis_eh1I3SlZn48_075_090.mp4,726,12.112100,32,sports ball,0.412177,513.821,425.777,533.427,442.045,523.624,433.911,19.606,16.267
youtube_juggling_for_data_analysis_eh1I3SlZn48_075_090.mp4,726,12.112100,32,sports ball,0.379665,513.535,425.804,532.612,441.582,523.073,433.693,19.078,15.777
youtube_juggling_for_data_analysis_eh1I3SlZn48_075_090.mp4,726,12.112100,32,sports ball,0.324253,624.314,246.915,644.313,268.527,634.313,257.721,19.998,21.612
youtube_juggling_for_data_analysis_eh1I3SlZn48_075_090.mp4,726,12.112100,32,sports ball,0.321967,584.150,259.699,604.641,280.545,594.395,270.122,20.490,20.847
youtube_juggling_for_data_analysis_eh1I3SlZn48_075_090.mp4,726,12.112100,32,sports ball,0.199327,603.417,405.046,624.000,426.096,613.708,415.571,20.583,21.050
youtube_juggling_for_data_analysis_eh1I3SlZn48_075_090.mp4,727,12.128783,32,sports ball,0.397048,585.630,255.916,606.654,274.265,596.142,265.090,21.024,18.348
youtube_juggling_for_data_analysis_eh1I3SlZn48_075_090.mp4,727,12.128783,32,sports ball,0.317065,585.552,255.847,606.552,274.192,596.052,265.019,21.001,18.345
youtube_juggling_for_data_analysis_eh1I3SlZn48_075_090.mp4,727,12.128783,32,sports ball,0.282798,625.197,255.193,645.357,276.485,635.277,265.839,20.160,21.292
youtube_juggling_for_data_analysis_eh1I3SlZn48_075_090.mp4,727,12.128783,32,sports ball,0.231659,625.206,254.802,645.608,276.652,635.407,265.727,20.402,21.850
youtube_juggling_for_data_analysis_eh1I3SlZn48_075_090.mp4,727,12.128783,32,sports ball,0.203265,603.631,390.690,623.867,415.428,613.749,403.059,20.237,24.738
youtube_juggling_for_data_analysis_eh1I3SlZn48_075_090.mp4,727,12.128783,32,sports ball,0.183447,514.530,434.105,537.273,449.949,525.901,442.027,22.744,15.843
youtube_juggling_for_data_analysis_eh1I3SlZn48_075_090.mp4,727,12.128783,32,sports ball,0.162791,603.228,390.986,623.106,411.026,613.167,401.006,19.878,20.040
youtube_juggling_for_data_analysis_eh1I3SlZn48_075_090.mp4,728,12.145467,32,sports ball,0.645986,601.661,376.643,619.676,400.164,610.668,388.403,18.015,23.521
youtube_juggling_for_data_analysis_eh1I3SlZn48_075_090.mp4,728,12.145467,32,sports ball,0.405308,586.640,246.033,607.664,268.836,597.152,257.435,21.024,22.804
youtube_juggling_for_data_analysis_eh1I3SlZn48_075_090.mp4,728,12.145467,32,sports ball,0.178052,627.796,264.023,647.299,283.784,637.547,273.903,19.502,19.760
youtube_juggling_for_data_analysis_eh1I3SlZn48_075_090.mp4,728,12.145467,32,sports ball,0.154869,516.610,442.668,540.566,458.959,528.588,450.813,23.955,16.291
youtube_juggling_for_data_analysis_eh1I3SlZn48_075_090.mp4,729,12.162150,32,sports ball,0.234251,588.600,241.617,608.515,261.233,598.557,251.425,19.915,19.616
youtube_juggling_for_data_analysis_eh1I3SlZn48_075_090.mp4,729,12.162150,32,sports ball,0.173264,629.889,273.192,648.627,291.791,639.258,282.491,18.737,18.599
youtube_juggling_for_data_analysis_eh1I3SlZn48_075_090.mp4,729,12.162150,32,sports ball,0.159487,519.737,449.169,543.792,466.714,531.765,457.942,24.054,17.545
youtube_juggling_for_data_analysis_eh1I3SlZn48_075_090.mp4,730,12.178833,32,sports ball,0.465463,630.504,281.917,649.961,301.695,640.232,291.806,19.457,19.778
youtube_juggling_for_data_analysis_eh1I3SlZn48_075_090.mp4,730,12.178833,32,sports ball,0.416774,590.389,236.078,611.354,256.895,600.871,246.486,20.966,20.818
youtube_juggling_for_data_analysis_eh1I3SlZn48_075_090.mp4,730,12.178833,32,sports ball,0.390684,554.290,213.436,575.858,236.141,565.074,224.788,21.567,22.705
youtube_juggling_for_data_analysis_eh1I3SlZn48_075_090.mp4,730,12.178833,32,sports ball,0.176264,598.378,348.835,615.987,368.814,607.182,358.824,17.609,19.980
youtube_juggling_for_data_analysis_eh1I3SlZn48_075_090.mp4,731,12.195517,32,sports ball,0.651221,632.661,290.938,651.461,311.625,642.061,301.282,18.801,20.687
youtube_juggling_for_data_analysis_eh1I3SlZn48_075_090.mp4,731,12.195517,32,sports ball,0.617187,592.054,231.122,612.964,251.804,602.509,241.463,20.910,20.682
youtube_juggling_for_data_analysis_eh1I3SlZn48_075_090.mp4,731,12.195517,32,sports ball,0.557983,552.815,214.792,575.076,237.788,563.945,226.290,22.261,22.996
youtube_juggling_for_data_analysis_eh1I3SlZn48_075_090.mp4,731,12.195517,32,sports ball,0.502828,595.956,336.007,614.388,356.179,605.172,346.093,18.431,20.172
youtube_juggling_for_data_analysis_eh1I3SlZn48_075_090.mp4,731,12.195517,32,sports ball,0.344833,528.254,459.269,551.319,480.494,539.786,469.881,23.065,21.225
youtube_juggling_for_data_analysis_eh1I3SlZn48_075_090.mp4,732,12.212200,32,sports ball,0.597931,592.645,225.719,615.388,247.644,604.016,236.681,22.743,21.926
youtube_juggling_for_data_analysis_eh1I3SlZn48_075_090.mp4,732,12.212200,32,sports ball,0.556826,633.787,299.886,653.107,320.755,643.447,310.321,19.320,20.868
youtube_juggling_for_data_analysis_eh1I3SlZn48_075_090.mp4,732,12.212200,32,sports ball,0.527700,551.409,218.213,573.163,239.460,562.286,228.836,21.755,21.247
youtube_juggling_for_data_analysis_eh1I3SlZn48_075_090.mp4,732,12.212200,32,sports ball,0.494665,593.762,322.446,614.446,344.550,604.104,333.498,20.684,22.104
youtube_juggling_for_data_analysis_eh1I3SlZn48_075_090.mp4,733,12.228883,32,sports ball,0.622295,592.816,311.581,611.656,331.065,602.236,321.323,18.840,19.485
youtube_juggling_for_data_analysis_eh1I3SlZn48_075_090.mp4,733,12.228883,32,sports ball,0.555502,549.525,223.539,570.750,244.846,560.138,234.193,21.225,21.307
youtube_juggling_for_data_analysis_eh1I3SlZn48_075_090.mp4,733,12.228883,32,sports ball,0.540846,594.328,222.023,617.294,244.515,605.811,233.269,22.966,22.491
youtube_juggling_for_data_analysis_eh1I3SlZn48_075_090.mp4,733,12.228883,32,sports ball,0.425860,634.547,312.142,654.688,333.630,644.617,322.886,20.140,21.489
youtube_juggling_for_data_analysis_eh1I3SlZn48_075_090.mp4,733,12.228883,32,sports ball,0.204018,537.553,470.737,559.255,489.558,548.404,480.148,21.703,18.821
youtube_juggling_for_data_analysis_eh1I3SlZn48_075_090.mp4,734,12.245567,32,sports ball,0.559856,635.452,323.131,655.314,344.177,645.383,333.654,19.862,21.047
youtube_juggling_for_data_analysis_eh1I3SlZn48_075_090.mp4,734,12.245567,32,sports ball,0.536953,548.032,227.643,567.906,248.500,557.969,238.071,19.874,20.858
youtube_juggling_for_data_analysis_eh1I3SlZn48_075_090.mp4,734,12.245567,32,sports ball,0.464092,590.383,300.134,609.323,320.542,599.853,310.338,18.939,20.408
youtube_juggling_for_data_analysis_eh1I3SlZn48_075_090.mp4,734,12.245567,32,sports ball,0.380430,598.353,219.695,618.854,240.230,608.603,229.963,20.500,20.535
youtube_juggling_for_data_analysis_eh1I3SlZn48_075_090.mp4,735,12.262250,32,sports ball,0.324185,588.229,289.486,610.198,311.233,599.214,300.360,21.969,21.747
youtube_juggling_for_data_analysis_eh1I3SlZn48_075_090.mp4,735,12.262250,32,sports ball,0.245306,546.391,231.930,567.641,253.588,557.016,242.759,21.250,21.658
youtube_juggling_for_data_analysis_eh1I3SlZn48_075_090.mp4,735,12.262250,32,sports ball,0.219973,639.516,335.671,656.234,356.669,647.875,346.170,16.718,20.998
youtube_juggling_for_data_analysis_eh1I3SlZn48_075_090.mp4,735,12.262250,32,sports ball,0.192997,600.210,216.852,620.108,237.073,610.159,226.962,19.898,20.221
youtube_juggling_for_data_analysis_eh1I3SlZn48_075_090.mp4,736,12.278933,32,sports ball,0.629054,640.811,348.515,658.488,368.607,649.649,358.561,17.677,20.091
youtube_juggling_for_data_analysis_eh1I3SlZn48_075_090.mp4,736,12.278933,32,sports ball,0.520074,545.222,237.548,565.659,259.219,555.440,248.383,20.437,21.671
youtube_juggling_for_data_analysis_eh1I3SlZn48_075_090.mp4,736,12.278933,32,sports ball,0.286553,587.057,278.493,608.706,300.918,597.881,289.706,21.649,22.426
youtube_juggling_for_data_analysis_eh1I3SlZn48_075_090.mp4,736,12.278933,32,sports ball,0.181182,599.594,212.586,624.800,235.630,612.197,224.108,25.207,23.044
youtube_juggling_for_data_analysis_eh1I3SlZn48_075_090.mp4,737,12.295617,32,sports ball,0.674406,641.455,361.832,658.252,381.287,649.853,371.560,16.797,19.455
youtube_juggling_for_data_analysis_eh1I3SlZn48_075_090.mp4,737,12.295617,32,sports ball,0.639673,543.383,245.657,562.696,265.211,553.040,255.434,19.313,19.555
youtube_juggling_for_data_analysis_eh1I3SlZn48_075_090.mp4,737,12.295617,32,sports ball,0.592143,585.233,269.531,607.269,291.436,596.251,280.483,22.036,21.906
youtube_juggling_for_data_analysis_eh1I3SlZn48_075_090.mp4,737,12.295617,32,sports ball,0.373408,601.978,209.856,624.673,234.302,613.325,222.079,22.695,24.445
youtube_juggling_for_data_analysis_eh1I3SlZn48_075_090.mp4,737,12.295617,32,sports ball,0.236294,543.067,244.853,562.981,265.264,553.024,255.059,19.914,20.411
youtube_juggling_for_data_analysis_eh1I3SlZn48_075_090.mp4,737,12.295617,32,sports ball,0.161488,552.826,449.562,575.252,476.537,564.039,463.049,22.426,26.976
youtube_juggling_for_data_analysis_eh1I3SlZn48_075_090.mp4,738,12.312300,32,sports ball,0.574221,540.779,251.010,561.330,272.287,551.054,261.649,20.551,21.277
youtube_juggling_for_data_analysis_eh1I3SlZn48_075_090.mp4,738,12.312300,32,sports ball,0.458053,642.782,375.003,660.161,393.850,651.472,384.426,17.380,18.846
youtube_juggling_for_data_analysis_eh1I3SlZn48_075_090.mp4,738,12.312300,32,sports ball,0.444185,584.244,260.318,606.202,282.145,595.223,271.231,21.958,21.827
youtube_juggling_for_data_analysis_eh1I3SlZn48_075_090.mp4,738,12.312300,32,sports ball,0.426959,606.043,210.585,626.080,232.349,616.061,221.467,20.037,21.764
youtube_juggling_for_data_analysis_eh1I3SlZn48_075_090.mp4,738,12.312300,32,sports ball,0.261673,556.471,443.511,577.967,465.424,567.219,454.467,21.496,21.913
youtube_juggling_for_data_analysis_eh1I3SlZn48_075_090.mp4,739,12.328983,32,sports ball,0.465655,582.056,251.640,603.083,273.662,592.570,262.651,21.027,22.023
youtube_juggling_for_data_analysis_eh1I3SlZn48_075_090.mp4,739,12.328983,32,sports ball,0.377078,539.162,258.645,560.127,279.590,549.645,269.118,20.965,20.944
youtube_juggling_for_data_analysis_eh1I3SlZn48_075_090.mp4,739,12.328983,32,sports ball,0.306205,607.247,210.744,628.083,231.438,617.665,221.091,20.836,20.693
youtube_juggling_for_data_analysis_eh1I3SlZn48_075_090.mp4,739,12.328983,32,sports ball,0.270553,642.269,384.182,660.820,404.481,651.544,394.332,18.551,20.299
youtube_juggling_for_data_analysis_eh1I3SlZn48_075_090.mp4,740,12.345667,32,sports ball,0.469104,580.193,244.386,602.301,265.590,591.247,254.988,22.108,21.204
youtube_juggling_for_data_analysis_eh1I3SlZn48_075_090.mp4,740,12.345667,32,sports ball,0.436391,609.487,211.257,629.512,231.495,619.500,221.376,20.025,20.238
youtube_juggling_for_data_analysis_eh1I3SlZn48_075_090.mp4,740,12.345667,32,sports ball,0.340624,537.644,266.993,557.810,287.036,547.727,277.015,20.166,20.043
youtube_juggling_for_data_analysis_eh1I3SlZn48_075_090.mp4,741,12.362350,32,sports ball,0.338123,578.838,236.613,601.134,259.127,589.986,247.870,22.297,22.515
youtube_juggling_for_data_analysis_eh1I3SlZn48_075_090.mp4,741,12.362350,32,sports ball,0.324588,536.385,274.917,556.763,295.647,546.574,285.282,20.378,20.730
youtube_juggling_for_data_analysis_eh1I3SlZn48_075_090.mp4,741,12.362350,32,sports ball,0.280061,611.189,210.396,632.041,231.972,621.615,221.184,20.852,21.576
youtube_juggling_for_data_analysis_eh1I3SlZn48_075_090.mp4,741,12.362350,32,sports ball,0.267851,641.919,402.801,662.260,424.634,652.089,413.718,20.341,21.833
youtube_juggling_for_data_analysis_eh1I3SlZn48_075_090.mp4,741,12.362350,32,sports ball,0.253418,566.513,402.290,583.818,421.060,575.166,411.675,17.306,18.771
youtube_juggling_for_data_analysis_eh1I3SlZn48_075_090.mp4,742,12.379033,32,sports ball,0.559606,567.783,387.271,586.321,407.725,577.052,397.498,18.538,20.454
youtube_juggling_for_data_analysis_eh1I3SlZn48_075_090.mp4,742,12.379033,32,sports ball,0.499249,535.057,282.415,554.764,304.339,544.910,293.377,19.707,21.924
youtube_juggling_for_data_analysis_eh1I3SlZn48_075_090.mp4,742,12.379033,32,sports ball,0.309099,641.175,411.715,660.536,433.523,650.856,422.619,19.361,21.808
youtube_juggling_for_data_analysis_eh1I3SlZn48_075_090.mp4,742,12.379033,32,sports ball,0.280469,612.030,211.118,632.859,233.184,622.444,222.151,20.829,22.066
youtube_juggling_for_data_analysis_eh1I3SlZn48_075_090.mp4,742,12.379033,32,sports ball,0.200050,577.899,230.006,597.780,250.546,587.840,240.276,19.881,20.540
youtube_juggling_for_data_analysis_eh1I3SlZn48_075_090.mp4,743,12.395717,32,sports ball,0.519544,614.219,213.280,635.758,234.998,624.989,224.139,21.538,21.718
youtube_juggling_for_data_analysis_eh1I3SlZn48_075_090.mp4,743,12.395717,32,sports ball,0.436195,532.344,292.870,553.049,313.391,542.697,303.130,20.705,20.521
youtube_juggling_for_data_analysis_eh1I3SlZn48_075_090.mp4,743,12.395717,32,sports ball,0.318211,570.250,372.515,586.132,393.991,578.191,383.253,15.881,21.475
youtube_juggling_for_data_analysis_eh1I3SlZn48_075_090.mp4,743,12.395717,32,sports ball,0.263303,639.180,422.716,659.081,445.174,649.131,433.945,19.901,22.458
youtube_juggling_for_data_analysis_eh1I3SlZn48_075_090.mp4,744,12.412400,32,sports ball,0.529344,615.497,214.858,637.011,236.506,626.254,225.682,21.514,21.648
youtube_juggling_for_data_analysis_eh1I3SlZn48_075_090.mp4,744,12.412400,32,sports ball,0.510083,576.430,218.443,595.964,239.198,586.197,228.820,19.533,20.755
youtube_juggling_for_data_analysis_eh1I3SlZn48_075_090.mp4,744,12.412400,32,sports ball,0.465067,571.302,359.022,588.544,378.016,579.923,368.519,17.242,18.994
youtube_juggling_for_data_analysis_eh1I3SlZn48_075_090.mp4,744,12.412400,32,sports ball,0.366576,531.224,303.635,551.648,323.618,541.436,313.626,20.424,19.983
youtube_juggling_for_data_analysis_eh1I3SlZn48_075_090.mp4,745,12.429083,32,sports ball,0.705395,573.637,347.926,591.079,367.217,582.358,357.572,17.442,19.291
youtube_juggling_for_data_analysis_eh1I3SlZn48_075_090.mp4,745,12.429083,32,sports ball,0.591850,617.075,218.009,638.649,238.737,627.862,228.373,21.574,20.728
youtube_juggling_for_data_analysis_eh1I3SlZn48_075_090.mp4,745,12.429083,32,sports ball,0.430158,574.690,213.615,592.844,233.821,583.767,223.718,18.154,20.206
youtube_juggling_for_data_analysis_eh1I3SlZn48_075_090.mp4,745,12.429083,32,sports ball,0.400114,529.477,314.164,549.945,334.071,539.711,324.117,20.468,19.907
youtube_juggling_for_data_analysis_eh1I3SlZn48_075_090.mp4,745,12.429083,32,sports ball,0.314646,632.153,441.997,654.237,463.885,643.195,452.941,22.084,21.888
youtube_juggling_for_data_analysis_eh1I3SlZn48_075_090.mp4,746,12.445767,32,sports ball,0.713450,527.661,325.139,549.107,345.310,538.384,335.224,21.446,20.171
youtube_juggling_for_data_analysis_eh1I3SlZn48_075_090.mp4,746,12.445767,32,sports ball,0.489169,571.069,209.145,592.156,228.610,581.613,218.878,21.087,19.465
youtube_juggling_for_data_analysis_eh1I3SlZn48_075_090.mp4,746,12.445767,32,sports ball,0.449316,620.301,222.851,639.731,242.173,630.016,232.512,19.429,19.323
youtube_juggling_for_data_analysis_eh1I3SlZn48_075_090.mp4,746,12.445767,32,sports ball,0.389958,576.474,336.237,592.323,353.022,584.398,344.629,15.849,16.785
youtube_juggling_for_data_analysis_eh1I3SlZn48_075_090.mp4,746,12.445767,32,sports ball,0.172212,630.182,448.810,651.760,472.560,640.971,460.685,21.579,23.750
youtube_juggling_for_data_analysis_eh1I3SlZn48_075_090.mp4,747,12.462450,32,sports ball,0.579693,526.548,337.807,543.846,357.051,535.197,347.429,17.299,19.244
youtube_juggling_for_data_analysis_eh1I3SlZn48_075_090.mp4,747,12.462450,32,sports ball,0.400650,621.397,225.314,640.195,246.283,630.796,235.799,18.799,20.969
youtube_juggling_for_data_analysis_eh1I3SlZn48_075_090.mp4,747,12.462450,32,sports ball,0.207274,570.528,204.767,590.676,226.502,580.602,215.634,20.148,21.734
youtube_juggling_for_data_analysis_eh1I3SlZn48_075_090.mp4,748,12.479133,32,sports ball,0.476927,524.058,349.162,542.982,370.609,533.520,359.885,18.923,21.448
youtube_juggling_for_data_analysis_eh1I3SlZn48_075_090.mp4,748,12.479133,32,sports ball,0.355624,623.621,229.026,642.155,249.887,632.888,239.457,18.534,20.860
youtube_juggling_for_data_analysis_eh1I3SlZn48_075_090.mp4,748,12.479133,32,sports ball,0.299432,578.247,309.981,598.076,330.084,588.162,320.032,19.829,20.103
youtube_juggling_for_data_analysis_eh1I3SlZn48_075_090.mp4,748,12.479133,32,sports ball,0.223625,625.316,461.988,645.530,483.753,635.423,472.871,20.215,21.765
youtube_juggling_for_data_analysis_eh1I3SlZn48_075_090.mp4,748,12.479133,32,sports ball,0.163465,568.120,200.678,589.192,223.286,578.656,211.982,21.072,22.608
youtube_juggling_for_data_analysis_eh1I3SlZn48_075_090.mp4,749,12.495817,32,sports ball,0.538611,522.519,362.946,541.893,384.945,532.206,373.946,19.374,22.000
youtube_juggling_for_data_analysis_eh1I3SlZn48_075_090.mp4,749,12.495817,32,sports ball,0.337671,579.656,299.646,599.671,319.841,589.663,309.744,20.015,20.195
youtube_juggling_for_data_analysis_eh1I3SlZn48_075_090.mp4,749,12.495817,32,sports ball,0.294589,624.149,232.029,645.904,254.825,635.026,243.427,21.754,22.796
youtube_juggling_for_data_analysis_eh1I3SlZn48_075_090.mp4,749,12.495817,32,sports ball,0.258947,622.963,461.466,642.464,483.955,632.714,472.711,19.501,22.488
youtube_juggling_for_data_analysis_eh1I3SlZn48_075_090.mp4,749,12.495817,32,sports ball,0.236426,566.844,197.192,587.937,218.538,577.390,207.865,21.093,21.346
youtube_juggling_for_data_analysis_eh1I3SlZn48_075_090.mp4,750,12.512500,32,sports ball,0.509540,518.743,375.837,540.612,393.415,529.677,384.626,21.869,17.577
youtube_juggling_for_data_analysis_eh1I3SlZn48_075_090.mp4,750,12.512500,32,sports ball,0.304979,565.908,194.857,586.339,217.674,576.124,206.266,20.431,22.817
youtube_juggling_for_data_analysis_eh1I3SlZn48_075_090.mp4,750,12.512500,32,sports ball,0.245879,580.277,289.975,601.005,311.497,590.641,300.736,20.728,21.522
youtube_juggling_for_data_analysis_eh1I3SlZn48_075_090.mp4,750,12.512500,32,sports ball,0.192318,626.974,240.017,645.880,258.412,636.427,249.214,18.906,18.395
youtube_juggling_for_data_analysis_eh1I3SlZn48_075_090.mp4,751,12.529183,32,sports ball,0.634111,582.134,279.707,602.212,301.146,592.173,290.426,20.078,21.438
youtube_juggling_for_data_analysis_eh1I3SlZn48_075_090.mp4,751,12.529183,32,sports ball,0.621837,627.317,245.146,648.927,265.607,638.122,255.377,21.610,20.460
youtube_juggling_for_data_analysis_eh1I3SlZn48_075_090.mp4,751,12.529183,32,sports ball,0.602624,517.693,388.594,538.062,406.850,527.877,397.722,20.369,18.256
youtube_juggling_for_data_analysis_eh1I3SlZn48_075_090.mp4,751,12.529183,32,sports ball,0.538193,562.832,192.134,585.234,215.362,574.033,203.748,22.402,23.228
youtube_juggling_for_data_analysis_eh1I3SlZn48_075_090.mp4,752,12.545867,32,sports ball,0.705204,584.106,271.192,605.132,288.973,594.619,280.082,21.026,17.781
youtube_juggling_for_data_analysis_eh1I3SlZn48_075_090.mp4,752,12.545867,32,sports ball,0.696134,516.317,398.212,537.054,420.750,526.686,409.481,20.737,22.539
youtube_juggling_for_data_analysis_eh1I3SlZn48_075_090.mp4,752,12.545867,32,sports ball,0.565949,630.342,249.868,650.354,272.490,640.348,261.179,20.012,22.623
youtube_juggling_for_data_analysis_eh1I3SlZn48_075_090.mp4,752,12.545867,32,sports ball,0.558742,561.863,191.318,584.318,213.879,573.090,202.598,22.455,22.561
youtube_juggling_for_data_analysis_eh1I3SlZn48_075_090.mp4,753,12.562550,32,sports ball,0.697493,584.672,262.260,606.311,282.527,595.491,272.394,21.639,20.267
youtube_juggling_for_data_analysis_eh1I3SlZn48_075_090.mp4,753,12.562550,32,sports ball,0.569767,515.958,407.236,537.222,426.594,526.590,416.915,21.263,19.358
youtube_juggling_for_data_analysis_eh1I3SlZn48_075_090.mp4,753,12.562550,32,sports ball,0.549448,632.373,257.840,652.593,279.504,642.483,268.672,20.220,21.664
youtube_juggling_for_data_analysis_eh1I3SlZn48_075_090.mp4,753,12.562550,32,sports ball,0.507262,560.943,191.758,581.862,212.828,571.403,202.293,20.919,21.070
youtube_juggling_for_data_analysis_eh1I3SlZn48_075_090.mp4,753,12.562550,32,sports ball,0.324379,611.928,431.993,631.374,449.224,621.651,440.609,19.446,17.231
youtube_juggling_for_data_analysis_eh1I3SlZn48_075_090.mp4,754,12.579233,32,sports ball,0.697247,587.068,254.438,607.547,275.567,597.308,265.003,20.479,21.128
youtube_juggling_for_data_analysis_eh1I3SlZn48_075_090.mp4,754,12.579233,32,sports ball,0.680115,611.419,417.861,631.462,439.680,621.441,428.770,20.043,21.819
youtube_juggling_for_data_analysis_eh1I3SlZn48_075_090.mp4,754,12.579233,32,sports ball,0.618999,516.135,417.670,537.339,434.107,526.737,425.888,21.204,16.437
youtube_juggling_for_data_analysis_eh1I3SlZn48_075_090.mp4,754,12.579233,32,sports ball,0.539615,633.721,265.092,654.522,287.002,644.121,276.047,20.801,21.909
youtube_juggling_for_data_analysis_eh1I3SlZn48_075_090.mp4,754,12.579233,32,sports ball,0.380653,558.205,190.909,580.011,212.956,569.108,201.933,21.805,22.047
youtube_juggling_for_data_analysis_eh1I3SlZn48_075_090.mp4,754,12.579233,32,sports ball,0.255965,558.862,191.178,579.970,212.699,569.416,201.938,21.108,21.521
youtube_juggling_for_data_analysis_eh1I3SlZn48_075_090.mp4,754,12.579233,32,sports ball,0.189147,515.430,415.927,537.120,433.376,526.275,424.651,21.690,17.449
youtube_juggling_for_data_analysis_eh1I3SlZn48_075_090.mp4,755,12.595917,32,sports ball,0.510035,558.139,191.288,579.476,212.883,568.808,202.085,21.337,21.595
youtube_juggling_for_data_analysis_eh1I3SlZn48_075_090.mp4,755,12.595917,32,sports ball,0.488772,588.953,246.198,610.282,268.333,599.617,257.266,21.329,22.135
youtube_juggling_for_data_analysis_eh1I3SlZn48_075_090.mp4,755,12.595917,32,sports ball,0.438396,635.084,273.159,655.157,295.308,645.121,284.234,20.073,22.149
youtube_juggling_for_data_analysis_eh1I3SlZn48_075_090.mp4,755,12.595917,32,sports ball,0.405477,608.659,403.143,628.328,423.713,618.493,413.428,19.669,20.570
youtube_juggling_for_data_analysis_eh1I3SlZn48_075_090.mp4,755,12.595917,32,sports ball,0.404296,557.582,190.964,579.503,213.366,568.543,202.165,21.921,22.402
youtube_juggling_for_data_analysis_eh1I3SlZn48_075_090.mp4,755,12.595917,32,sports ball,0.378587,516.868,424.556,540.419,446.610,528.644,435.583,23.551,22.054
youtube_juggling_for_data_analysis_eh1I3SlZn48_075_090.mp4,755,12.595917,32,sports ball,0.227381,517.239,424.722,539.000,442.824,528.119,433.773,21.761,18.103
youtube_juggling_for_data_analysis_eh1I3SlZn48_075_090.mp4,755,12.595917,32,sports ball,0.217868,608.694,402.639,628.152,422.935,618.423,412.787,19.458,20.295
youtube_juggling_for_data_analysis_eh1I3SlZn48_075_090.mp4,756,12.612600,32,sports ball,0.660275,589.296,240.348,609.753,260.689,599.525,250.519,20.457,20.341
youtube_juggling_for_data_analysis_eh1I3SlZn48_075_090.mp4,756,12.612600,32,sports ball,0.457220,639.936,281.391,657.046,303.670,648.491,292.530,17.110,22.279
youtube_juggling_for_data_analysis_eh1I3SlZn48_075_090.mp4,756,12.612600,32,sports ball,0.409327,556.488,192.317,577.554,213.269,567.021,202.793,21.065,20.951
youtube_juggling_for_data_analysis_eh1I3SlZn48_075_090.mp4,756,12.612600,32,sports ball,0.376161,609.017,390.125,626.941,409.043,617.979,399.584,17.924,18.918
youtube_juggling_for_data_analysis_eh1I3SlZn48_075_090.mp4,757,12.629283,32,sports ball,0.645567,608.784,376.533,624.495,398.182,616.639,387.357,15.711,21.649
youtube_juggling_for_data_analysis_eh1I3SlZn48_075_090.mp4,757,12.629283,32,sports ball,0.585041,554.398,192.469,576.404,213.864,565.401,203.166,22.006,21.395
youtube_juggling_for_data_analysis_eh1I3SlZn48_075_090.mp4,757,12.629283,32,sports ball,0.559889,640.119,290.832,658.521,313.016,649.320,301.924,18.402,22.184
youtube_juggling_for_data_analysis_eh1I3SlZn48_075_090.mp4,757,12.629283,32,sports ball,0.525911,593.017,233.498,612.679,255.111,602.848,244.304,19.663,21.612
youtube_juggling_for_data_analysis_eh1I3SlZn48_075_090.mp4,757,12.629283,32,sports ball,0.524133,521.732,439.698,544.427,464.215,533.080,451.957,22.695,24.518
youtube_juggling_for_data_analysis_eh1I3SlZn48_075_090.mp4,757,12.629283,32,sports ball,0.193853,553.228,192.425,576.182,213.679,564.705,203.052,22.954,21.254
youtube_juggling_for_data_analysis_eh1I3SlZn48_075_090.mp4,758,12.645967,32,sports ball,0.553846,641.755,299.107,660.046,320.594,650.901,309.851,18.290,21.487
youtube_juggling_for_data_analysis_eh1I3SlZn48_075_090.mp4,758,12.645967,32,sports ball,0.517991,552.045,193.811,574.906,215.988,563.475,204.899,22.861,22.178
youtube_juggling_for_data_analysis_eh1I3SlZn48_075_090.mp4,758,12.645967,32,sports ball,0.502542,526.150,447.676,545.629,470.925,535.889,459.300,19.480,23.249
youtube_juggling_for_data_analysis_eh1I3SlZn48_075_090.mp4,758,12.645967,32,sports ball,0.422248,592.946,227.522,613.403,248.480,603.174,238.001,20.458,20.958
youtube_juggling_for_data_analysis_eh1I3SlZn48_075_090.mp4,758,12.645967,32,sports ball,0.408348,526.681,447.818,544.985,464.825,535.833,456.322,18.304,17.007
youtube_juggling_for_data_analysis_eh1I3SlZn48_075_090.mp4,759,12.662650,32,sports ball,0.654568,642.516,310.277,663.055,332.612,652.786,321.445,20.539,22.336
youtube_juggling_for_data_analysis_eh1I3SlZn48_075_090.mp4,759,12.662650,32,sports ball,0.346391,550.637,195.867,573.266,217.005,561.951,206.436,22.629,21.138
youtube_juggling_for_data_analysis_eh1I3SlZn48_075_090.mp4,759,12.662650,32,sports ball,0.233327,593.179,222.294,616.188,243.439,604.684,232.867,23.008,21.145
youtube_juggling_for_data_analysis_eh1I3SlZn48_075_090.mp4,760,12.679333,32,sports ball,0.589880,644.214,321.920,663.901,343.183,654.058,332.552,19.687,21.263
youtube_juggling_for_data_analysis_eh1I3SlZn48_075_090.mp4,760,12.679333,32,sports ball,0.510497,594.401,216.761,617.254,238.473,605.827,227.617,22.852,21.712
youtube_juggling_for_data_analysis_eh1I3SlZn48_075_090.mp4,760,12.679333,32,sports ball,0.440178,532.086,458.480,553.306,480.836,542.696,469.658,21.220,22.355
youtube_juggling_for_data_analysis_eh1I3SlZn48_075_090.mp4,760,12.679333,32,sports ball,0.428632,605.488,337.779,619.789,357.184,612.639,347.482,14.301,19.405
youtube_juggling_for_data_analysis_eh1I3SlZn48_075_090.mp4,760,12.679333,32,sports ball,0.368373,549.181,198.024,571.156,220.221,560.168,209.122,21.975,22.197
youtube_juggling_for_data_analysis_eh1I3SlZn48_075_090.mp4,761,12.696017,32,sports ball,0.609623,646.657,333.171,665.797,352.710,656.227,342.940,19.140,19.539
youtube_juggling_for_data_analysis_eh1I3SlZn48_075_090.mp4,761,12.696017,32,sports ball,0.449647,603.100,326.935,618.835,344.881,610.968,335.908,15.735,17.946
youtube_juggling_for_data_analysis_eh1I3SlZn48_075_090.mp4,761,12.696017,32,sports ball,0.350869,596.420,212.025,619.294,235.129,607.857,223.577,22.874,23.104
youtube_juggling_for_data_analysis_eh1I3SlZn48_075_090.mp4,761,12.696017,32,sports ball,0.316974,548.303,202.008,570.148,223.409,559.226,212.709,21.845,21.401
youtube_juggling_for_data_analysis_eh1I3SlZn48_075_090.mp4,761,12.696017,32,sports ball,0.175297,536.019,461.973,557.043,487.185,546.531,474.579,21.024,25.212
youtube_juggling_for_data_analysis_eh1I3SlZn48_075_090.mp4,762,12.712700,32,sports ball,0.827926,648.017,344.979,667.749,364.762,657.883,354.870,19.732,19.783
youtube_juggling_for_data_analysis_eh1I3SlZn48_075_090.mp4,762,12.712700,32,sports ball,0.696636,599.722,315.060,618.205,335.042,608.963,325.051,18.482,19.982
youtube_juggling_for_data_analysis_eh1I3SlZn48_075_090.mp4,762,12.712700,32,sports ball,0.500435,598.540,208.981,620.163,230.601,609.351,219.791,21.623,21.619
youtube_juggling_for_data_analysis_eh1I3SlZn48_075_090.mp4,762,12.712700,32,sports ball,0.436607,546.768,205.825,568.402,225.977,557.585,215.901,21.634,20.152
youtube_juggling_for_data_analysis_eh1I3SlZn48_075_090.mp4,763,12.729383,32,sports ball,0.765675,598.814,304.961,617.790,324.381,608.302,314.671,18.976,19.420
youtube_juggling_for_data_analysis_eh1I3SlZn48_075_090.mp4,763,12.729383,32,sports ball,0.750881,650.633,357.856,669.094,378.537,659.864,368.197,18.462,20.681
youtube_juggling_for_data_analysis_eh1I3SlZn48_075_090.mp4,763,12.729383,32,sports ball,0.702574,544.945,209.860,566.582,229.899,555.764,219.880,21.637,20.039
youtube_juggling_for_data_analysis_eh1I3SlZn48_075_090.mp4,763,12.729383,32,sports ball,0.428838,599.685,206.493,621.131,226.793,610.408,216.643,21.446,20.300
youtube_juggling_for_data_analysis_eh1I3SlZn48_075_090.mp4,764,12.746067,32,sports ball,0.716919,652.062,370.191,671.760,389.707,661.911,379.949,19.697,19.516
youtube_juggling_for_data_analysis_eh1I3SlZn48_075_090.mp4,764,12.746067,32,sports ball,0.513096,597.503,294.770,616.788,314.389,607.146,304.579,19.285,19.620
youtube_juggling_for_data_analysis_eh1I3SlZn48_075_090.mp4,764,12.746067,32,sports ball,0.385556,544.144,214.764,565.464,235.044,554.804,224.904,21.320,20.280
youtube_juggling_for_data_analysis_eh1I3SlZn48_075_090.mp4,764,12.746067,32,sports ball,0.168441,601.110,202.537,623.449,223.880,612.279,213.209,22.339,21.343
youtube_juggling_for_data_analysis_eh1I3SlZn48_075_090.mp4,765,12.762750,32,sports ball,0.633677,594.665,285.449,615.875,305.022,605.270,295.235,21.210,19.573
youtube_juggling_for_data_analysis_eh1I3SlZn48_075_090.mp4,765,12.762750,32,sports ball,0.432105,541.632,219.357,563.552,241.304,552.592,230.330,21.920,21.946
youtube_juggling_for_data_analysis_eh1I3SlZn48_075_090.mp4,765,12.762750,32,sports ball,0.397401,656.019,385.090,671.930,402.204,663.974,393.647,15.912,17.114
youtube_juggling_for_data_analysis_eh1I3SlZn48_075_090.mp4,765,12.762750,32,sports ball,0.275856,602.580,201.770,624.853,221.944,613.716,211.857,22.273,20.174
youtube_juggling_for_data_analysis_eh1I3SlZn48_075_090.mp4,766,12.779433,32,sports ball,0.384115,593.568,276.345,615.209,296.622,604.388,286.484,21.641,20.277
youtube_juggling_for_data_analysis_eh1I3SlZn48_075_090.mp4,766,12.779433,32,sports ball,0.303257,656.492,392.450,675.455,410.661,665.974,401.555,18.963,18.211
youtube_juggling_for_data_analysis_eh1I3SlZn48_075_090.mp4,766,12.779433,32,sports ball,0.273266,539.318,225.028,561.529,246.912,550.424,235.970,22.211,21.884
youtube_juggling_for_data_analysis_eh1I3SlZn48_075_090.mp4,766,12.779433,32,sports ball,0.254753,603.657,199.779,625.023,220.607,614.340,210.193,21.366,20.828
youtube_juggling_for_data_analysis_eh1I3SlZn48_075_090.mp4,767,12.796117,32,sports ball,0.494271,657.264,401.232,675.393,418.713,666.329,409.973,18.128,17.481
youtube_juggling_for_data_analysis_eh1I3SlZn48_075_090.mp4,767,12.796117,32,sports ball,0.480408,557.977,456.912,576.426,479.492,567.201,468.202,18.448,22.580
youtube_juggling_for_data_analysis_eh1I3SlZn48_075_090.mp4,767,12.796117,32,sports ball,0.416057,605.850,197.840,628.375,218.763,617.113,208.302,22.525,20.923
youtube_juggling_for_data_analysis_eh1I3SlZn48_075_090.mp4,767,12.796117,32,sports ball,0.339066,592.277,267.814,613.906,288.896,603.091,278.355,21.629,21.082
youtube_juggling_for_data_analysis_eh1I3SlZn48_075_090.mp4,767,12.796117,32,sports ball,0.252930,539.087,232.725,559.156,253.265,549.122,242.995,20.069,20.540
youtube_juggling_for_data_analysis_eh1I3SlZn48_075_090.mp4,767,12.796117,32,sports ball,0.214018,538.508,232.806,559.289,253.214,548.899,243.010,20.780,20.408
youtube_juggling_for_data_analysis_eh1I3SlZn48_075_090.mp4,768,12.812800,32,sports ball,0.667624,536.527,238.047,558.098,259.899,547.313,248.973,21.571,21.852
youtube_juggling_for_data_analysis_eh1I3SlZn48_075_090.mp4,768,12.812800,32,sports ball,0.641492,657.359,408.401,673.946,425.210,665.653,416.806,16.587,16.809
youtube_juggling_for_data_analysis_eh1I3SlZn48_075_090.mp4,768,12.812800,32,sports ball,0.489837,607.396,197.880,629.528,218.712,618.462,208.296,22.131,20.832
youtube_juggling_for_data_analysis_eh1I3SlZn48_075_090.mp4,768,12.812800,32,sports ball,0.364766,590.701,259.233,612.285,280.835,601.493,270.034,21.584,21.603
youtube_juggling_for_data_analysis_eh1I3SlZn48_075_090.mp4,768,12.812800,32,sports ball,0.310809,560.008,447.799,576.766,466.715,568.387,457.257,16.758,18.917
youtube_juggling_for_data_analysis_eh1I3SlZn48_075_090.mp4,769,12.829483,32,sports ball,0.510101,609.219,197.710,629.840,218.266,619.530,207.988,20.621,20.556
youtube_juggling_for_data_analysis_eh1I3SlZn48_075_090.mp4,769,12.829483,32,sports ball,0.297422,535.145,245.930,556.650,268.117,545.898,257.024,21.505,22.188
youtube_juggling_for_data_analysis_eh1I3SlZn48_075_090.mp4,769,12.829483,32,sports ball,0.287273,561.572,434.707,581.451,452.426,571.511,443.566,19.879,17.719
youtube_juggling_for_data_analysis_eh1I3SlZn48_075_090.mp4,769,12.829483,32,sports ball,0.220854,655.359,417.693,671.717,433.306,663.538,425.500,16.358,15.613
youtube_juggling_for_data_analysis_eh1I3SlZn48_075_090.mp4,770,12.846167,32,sports ball,0.428555,610.489,197.704,632.737,218.323,621.613,208.014,22.248,20.619
youtube_juggling_for_data_analysis_eh1I3SlZn48_075_090.mp4,770,12.846167,32,sports ball,0.346647,588.706,245.934,610.308,268.240,599.507,257.087,21.602,22.305
youtube_juggling_for_data_analysis_eh1I3SlZn48_075_090.mp4,770,12.846167,32,sports ball,0.315273,652.764,425.532,671.498,441.052,662.131,433.292,18.734,15.520
youtube_juggling_for_data_analysis_eh1I3SlZn48_075_090.mp4,770,12.846167,32,sports ball,0.199491,532.739,254.085,554.418,276.483,543.578,265.284,21.679,22.398
youtube_juggling_for_data_analysis_eh1I3SlZn48_075_090.mp4,771,12.862850,32,sports ball,0.587432,530.637,263.814,553.266,285.635,541.951,274.725,22.629,21.821
youtube_juggling_for_data_analysis_eh1I3SlZn48_075_090.mp4,771,12.862850,32,sports ball,0.521853,587.742,240.948,607.847,260.995,597.794,250.971,20.105,20.047
youtube_juggling_for_data_analysis_eh1I3SlZn48_075_090.mp4,771,12.862850,32,sports ball,0.430353,566.874,404.355,586.052,425.982,576.463,415.169,19.179,21.627
youtube_juggling_for_data_analysis_eh1I3SlZn48_075_090.mp4,771,12.862850,32,sports ball,0.422449,610.633,198.056,632.769,219.771,621.701,208.913,22.137,21.715
youtube_juggling_for_data_analysis_eh1I3SlZn48_075_090.mp4,772,12.879533,32,sports ball,0.584439,568.724,397.550,586.008,413.722,577.366,405.636,17.285,16.172
youtube_juggling_for_data_analysis_eh1I3SlZn48_075_090.mp4,772,12.879533,32,sports ball,0.478099,585.034,234.004,606.930,255.900,595.982,244.952,21.896,21.896
youtube_juggling_for_data_analysis_eh1I3SlZn48_075_090.mp4,772,12.879533,32,sports ball,0.319861,567.420,389.559,588.654,414.203,578.037,401.881,21.234,24.644
youtube_juggling_for_data_analysis_eh1I3SlZn48_075_090.mp4,772,12.879533,32,sports ball,0.274046,612.599,201.239,634.058,222.262,623.329,211.751,21.459,21.022
youtube_juggling_for_data_analysis_eh1I3SlZn48_075_090.mp4,772,12.879533,32,sports ball,0.260434,646.311,440.260,666.284,456.567,656.297,448.413,19.973,16.307
youtube_juggling_for_data_analysis_eh1I3SlZn48_075_090.mp4,772,12.879533,32,sports ball,0.224872,529.693,272.822,551.521,294.892,540.607,283.857,21.829,22.070
youtube_juggling_for_data_analysis_eh1I3SlZn48_075_090.mp4,773,12.896217,32,sports ball,0.422774,613.903,201.049,636.043,223.609,624.973,212.329,22.140,22.560
youtube_juggling_for_data_analysis_eh1I3SlZn48_075_090.mp4,773,12.896217,32,sports ball,0.405667,527.517,281.948,549.560,304.207,538.538,293.078,22.043,22.259
youtube_juggling_for_data_analysis_eh1I3SlZn48_075_090.mp4,773,12.896217,32,sports ball,0.284271,584.661,228.874,606.296,250.018,595.478,239.446,21.635,21.144
youtube_juggling_for_data_analysis_eh1I3SlZn48_075_090.mp4,773,12.896217,32,sports ball,0.208585,571.528,376.995,591.620,399.471,581.574,388.233,20.092,22.477
youtube_juggling_for_data_analysis_eh1I3SlZn48_075_090.mp4,774,12.912900,32,sports ball,0.522588,614.005,205.557,637.901,226.099,625.953,215.828,23.896,20.542
youtube_juggling_for_data_analysis_eh1I3SlZn48_075_090.mp4,774,12.912900,32,sports ball,0.339240,583.214,224.962,604.076,245.999,593.645,235.481,20.862,21.037
youtube_juggling_for_data_analysis_eh1I3SlZn48_075_090.mp4,774,12.912900,32,sports ball,0.243611,526.242,291.377,548.667,313.757,537.454,302.567,22.425,22.380
youtube_juggling_for_data_analysis_eh1I3SlZn48_075_090.mp4,775,12.929583,32,sports ball,0.182940,525.510,304.107,544.099,324.518,534.804,314.313,18.590,20.411
youtube_juggling_for_data_analysis_eh1I3SlZn48_075_090.mp4,776,12.946267,32,sports ball,0.524895,619.256,211.042,640.090,232.650,629.673,221.846,20.834,21.608
youtube_juggling_for_data_analysis_eh1I3SlZn48_075_090.mp4,776,12.946267,32,sports ball,0.421388,577.177,338.682,593.949,358.941,585.563,348.812,16.772,20.258
youtube_juggling_for_data_analysis_eh1I3SlZn48_075_090.mp4,776,12.946267,32,sports ball,0.357124,523.477,314.394,543.266,335.635,533.372,325.014,19.790,21.241
youtube_juggling_for_data_analysis_eh1I3SlZn48_075_090.mp4,776,12.946267,32,sports ball,0.232285,580.186,218.101,602.072,237.739,591.129,227.920,21.886,19.638
youtube_juggling_for_data_analysis_eh1I3SlZn48_075_090.mp4,776,12.946267,32,sports ball,0.186360,630.947,462.244,652.875,483.020,641.911,472.632,21.928,20.776
youtube_juggling_for_data_analysis_eh1I3SlZn48_075_090.mp4,777,12.962950,32,sports ball,0.476211,521.438,326.244,542.560,348.660,531.999,337.452,21.123,22.415
youtube_juggling_for_data_analysis_eh1I3SlZn48_075_090.mp4,777,12.962950,32,sports ball,0.432144,620.530,215.647,640.535,236.870,630.533,226.258,20.004,21.223
youtube_juggling_for_data_analysis_eh1I3SlZn48_075_090.mp4,777,12.962950,32,sports ball,0.350139,578.188,327.446,596.528,352.429,587.358,339.938,18.340,24.983
youtube_juggling_for_data_analysis_eh1I3SlZn48_075_090.mp4,777,12.962950,32,sports ball,0.159113,579.441,215.132,600.210,235.516,589.826,225.324,20.769,20.384
youtube_juggling_for_data_analysis_eh1I3SlZn48_075_090.mp4,778,12.979633,32,sports ball,0.391423,623.157,219.787,641.811,241.884,632.484,230.836,18.653,22.097
youtube_juggling_for_data_analysis_eh1I3SlZn48_075_090.mp4,778,12.979633,32,sports ball,0.373949,520.074,338.944,540.694,361.403,530.384,350.173,20.620,22.459
youtube_juggling_for_data_analysis_eh1I3SlZn48_075_090.mp4,778,12.979633,32,sports ball,0.188703,579.996,317.358,600.171,336.356,590.084,326.857,20.175,18.998
youtube_juggling_for_data_analysis_eh1I3SlZn48_075_090.mp4,779,12.996317,32,sports ball,0.597619,624.468,225.647,645.012,247.166,634.740,236.407,20.544,21.518
youtube_juggling_for_data_analysis_eh1I3SlZn48_075_090.mp4,779,12.996317,32,sports ball,0.556579,576.904,211.204,597.350,231.349,587.127,221.276,20.445,20.145
youtube_juggling_for_data_analysis_eh1I3SlZn48_075_090.mp4,779,12.996317,32,sports ball,0.556155,518.886,353.213,538.179,374.958,528.532,364.086,19.293,21.745
youtube_juggling_for_data_analysis_eh1I3SlZn48_075_090.mp4,779,12.996317,32,sports ball,0.525926,581.339,306.031,601.760,327.249,591.550,316.640,20.421,21.217
youtube_juggling_for_data_analysis_eh1I3SlZn48_075_090.mp4,779,12.996317,32,sports ball,0.280856,622.694,458.581,642.834,478.879,632.764,468.730,20.140,20.298
youtube_juggling_for_data_analysis_eh1I3SlZn48_075_090.mp4,780,13.013000,32,sports ball,0.709599,517.581,366.562,536.398,387.796,526.989,377.179,18.817,21.234
youtube_juggling_for_data_analysis_eh1I3SlZn48_075_090.mp4,780,13.013000,32,sports ball,0.572157,625.385,232.486,646.450,252.603,635.918,242.544,21.064,20.117
youtube_juggling_for_data_analysis_eh1I3SlZn48_075_090.mp4,780,13.013000,32,sports ball,0.455744,619.843,448.687,640.425,472.181,630.134,460.434,20.582,23.493
youtube_juggling_for_data_analysis_eh1I3SlZn48_075_090.mp4,780,13.013000,32,sports ball,0.336172,583.273,295.765,603.798,318.135,593.536,306.950,20.525,22.370
youtube_juggling_for_data_analysis_eh1I3SlZn48_075_090.mp4,780,13.013000,32,sports ball,0.178351,576.241,209.724,596.332,228.848,586.286,219.286,20.091,19.124
youtube_juggling_for_data_analysis_eh1I3SlZn48_075_090.mp4,781,13.029683,32,sports ball,0.725517,514.368,381.231,534.558,401.245,524.463,391.238,20.190,20.014
youtube_juggling_for_data_analysis_eh1I3SlZn48_075_090.mp4,781,13.029683,32,sports ball,0.691615,584.071,286.821,605.658,308.670,594.864,297.745,21.587,21.849
youtube_juggling_for_data_analysis_eh1I3SlZn48_075_090.mp4,781,13.029683,32,sports ball,0.630772,627.477,237.839,647.809,259.966,637.643,248.902,20.332,22.127
youtube_juggling_for_data_analysis_eh1I3SlZn48_075_090.mp4,781,13.029683,32,sports ball,0.405290,574.060,209.543,593.865,228.266,583.962,218.905,19.805,18.723
youtube_juggling_for_data_analysis_eh1I3SlZn48_075_090.mp4,782,13.046367,32,sports ball,0.774956,585.450,277.570,607.070,300.067,596.260,288.819,21.620,22.497
youtube_juggling_for_data_analysis_eh1I3SlZn48_075_090.mp4,782,13.046367,32,sports ball,0.767575,629.124,245.479,650.922,265.980,640.023,255.729,21.798,20.500
youtube_juggling_for_data_analysis_eh1I3SlZn48_075_090.mp4,782,13.046367,32,sports ball,0.699533,571.856,209.536,592.098,228.038,581.977,218.787,20.243,18.502
youtube_juggling_for_data_analysis_eh1I3SlZn48_075_090.mp4,782,13.046367,32,sports ball,0.542667,513.149,395.427,534.031,417.718,523.590,406.572,20.882,22.292
youtube_juggling_for_data_analysis_eh1I3SlZn48_075_090.mp4,782,13.046367,32,sports ball,0.485225,615.982,431.401,635.567,452.769,625.774,442.085,19.585,21.368
youtube_juggling_for_data_analysis_eh1I3SlZn48_075_090.mp4,783,13.063050,32,sports ball,0.612570,587.548,268.296,608.123,291.870,597.835,280.083,20.575,23.574
youtube_juggling_for_data_analysis_eh1I3SlZn48_075_090.mp4,783,13.063050,32,sports ball,0.572603,570.675,209.329,591.905,228.373,581.290,218.851,21.229,19.044
youtube_juggling_for_data_analysis_eh1I3SlZn48_075_090.mp4,783,13.063050,32,sports ball,0.545627,629.733,250.801,651.236,273.634,640.484,262.217,21.504,22.833
youtube_juggling_for_data_analysis_eh1I3SlZn48_075_090.mp4,783,13.063050,32,sports ball,0.452316,512.274,407.041,532.450,425.942,522.362,416.492,20.176,18.902
youtube_juggling_for_data_analysis_eh1I3SlZn48_075_090.mp4,783,13.063050,32,sports ball,0.417586,512.322,407.513,530.784,425.760,521.553,416.637,18.462,18.247
youtube_juggling_for_data_analysis_eh1I3SlZn48_075_090.mp4,783,13.063050,32,sports ball,0.188116,614.364,418.004,632.605,439.466,623.485,428.735,18.241,21.461
youtube_juggling_for_data_analysis_eh1I3SlZn48_075_090.mp4,784,13.079733,32,sports ball,0.690289,589.396,262.552,608.243,283.380,598.820,272.966,18.847,20.828
youtube_juggling_for_data_analysis_eh1I3SlZn48_075_090.mp4,784,13.079733,32,sports ball,0.571797,570.778,210.726,589.772,229.473,580.275,220.100,18.995,18.747
youtube_juggling_for_data_analysis_eh1I3SlZn48_075_090.mp4,784,13.079733,32,sports ball,0.547124,632.716,260.100,652.695,281.422,642.706,270.761,19.978,21.321
youtube_juggling_for_data_analysis_eh1I3SlZn48_075_090.mp4,784,13.079733,32,sports ball,0.544800,512.557,416.393,530.732,436.676,521.645,426.534,18.175,20.283
youtube_juggling_for_data_analysis_eh1I3SlZn48_075_090.mp4,784,13.079733,32,sports ball,0.471984,512.498,415.743,530.667,432.653,521.583,424.198,18.169,16.910
youtube_juggling_for_data_analysis_eh1I3SlZn48_075_090.mp4,784,13.079733,32,sports ball,0.309367,611.746,403.269,630.182,420.968,620.964,412.119,18.436,17.699
youtube_juggling_for_data_analysis_eh1I3SlZn48_075_090.mp4,785,13.096417,32,sports ball,0.645390,609.691,390.014,628.271,408.983,618.981,399.499,18.580,18.969
youtube_juggling_for_data_analysis_eh1I3SlZn48_075_090.mp4,785,13.096417,32,sports ball,0.633929,568.133,211.493,588.807,232.041,578.470,221.767,20.674,20.548
youtube_juggling_for_data_analysis_eh1I3SlZn48_075_090.mp4,785,13.096417,32,sports ball,0.432453,590.421,255.756,609.483,276.034,599.952,265.895,19.061,20.278
youtube_juggling_for_data_analysis_eh1I3SlZn48_075_090.mp4,785,13.096417,32,sports ball,0.427614,512.808,424.849,532.209,442.729,522.509,433.789,19.401,17.881
youtube_juggling_for_data_analysis_eh1I3SlZn48_075_090.mp4,785,13.096417,32,sports ball,0.390917,633.758,269.152,654.636,291.135,644.197,280.144,20.878,21.983
youtube_juggling_for_data_analysis_eh1I3SlZn48_075_090.mp4,786,13.113100,32,sports ball,0.790133,567.351,213.742,587.809,233.045,577.580,223.393,20.458,19.304
youtube_juggling_for_data_analysis_eh1I3SlZn48_075_090.mp4,786,13.113100,32,sports ball,0.749103,592.359,248.614,612.320,270.846,602.340,259.730,19.961,22.232
youtube_juggling_for_data_analysis_eh1I3SlZn48_075_090.mp4,786,13.113100,32,sports ball,0.742548,634.530,278.718,655.068,300.798,644.799,289.758,20.538,22.080
youtube_juggling_for_data_analysis_eh1I3SlZn48_075_090.mp4,786,13.113100,32,sports ball,0.471905,608.483,376.801,626.470,394.677,617.476,385.739,17.987,17.876
youtube_juggling_for_data_analysis_eh1I3SlZn48_075_090.mp4,786,13.113100,32,sports ball,0.400993,513.510,433.596,536.021,452.601,524.766,443.099,22.511,19.006
youtube_juggling_for_data_analysis_eh1I3SlZn48_075_090.mp4,786,13.113100,32,sports ball,0.317954,513.193,433.245,537.001,457.060,525.097,445.152,23.809,23.815
youtube_juggling_for_data_analysis_eh1I3SlZn48_075_090.mp4,787,13.129783,32,sports ball,0.729531,608.559,363.870,627.099,385.042,617.829,374.456,18.540,21.172
youtube_juggling_for_data_analysis_eh1I3SlZn48_075_090.mp4,787,13.129783,32,sports ball,0.478921,566.328,213.912,585.875,236.073,576.102,224.993,19.546,22.161
youtube_juggling_for_data_analysis_eh1I3SlZn48_075_090.mp4,787,13.129783,32,sports ball,0.417740,636.562,288.468,657.203,309.937,646.883,299.203,20.642,21.469
youtube_juggling_for_data_analysis_eh1I3SlZn48_075_090.mp4,787,13.129783,32,sports ball,0.316755,593.036,242.092,615.352,264.427,604.194,253.260,22.317,22.335
youtube_juggling_for_data_analysis_eh1I3SlZn48_075_090.mp4,788,13.146467,32,sports ball,0.642477,638.745,298.876,658.156,319.827,648.450,309.352,19.412,20.951
youtube_juggling_for_data_analysis_eh1I3SlZn48_075_090.mp4,788,13.146467,32,sports ball,0.458569,594.141,236.697,616.052,257.134,605.097,246.916,21.911,20.437
youtube_juggling_for_data_analysis_eh1I3SlZn48_075_090.mp4,788,13.146467,32,sports ball,0.437219,564.875,217.322,584.900,239.166,574.888,228.244,20.025,21.845
youtube_juggling_for_data_analysis_eh1I3SlZn48_075_090.mp4,788,13.146467,32,sports ball,0.195846,521.487,451.878,542.769,466.370,532.128,459.124,21.283,14.491
youtube_juggling_for_data_analysis_eh1I3SlZn48_075_090.mp4,788,13.146467,32,sports ball,0.156593,521.940,451.629,543.283,466.406,532.612,459.017,21.343,14.777
youtube_juggling_for_data_analysis_eh1I3SlZn48_075_090.mp4,789,13.163150,32,sports ball,0.676566,596.594,232.212,618.035,252.853,607.315,242.533,21.440,20.641
youtube_juggling_for_data_analysis_eh1I3SlZn48_075_090.mp4,789,13.163150,32,sports ball,0.641352,640.853,309.097,659.818,330.880,650.335,319.989,18.965,21.782
youtube_juggling_for_data_analysis_eh1I3SlZn48_075_090.mp4,789,13.163150,32,sports ball,0.591958,562.755,223.156,583.784,242.704,573.269,232.930,21.029,19.549
youtube_juggling_for_data_analysis_eh1I3SlZn48_075_090.mp4,789,13.163150,32,sports ball,0.281435,607.707,340.505,623.245,359.631,615.476,350.068,15.538,19.126
youtube_juggling_for_data_analysis_eh1I3SlZn48_075_090.mp4,789,13.163150,32,sports ball,0.197848,527.682,457.249,549.211,474.886,538.446,466.068,21.530,17.636
youtube_juggling_for_data_analysis_eh1I3SlZn48_075_090.mp4,790,13.179833,32,sports ball,0.699485,642.419,321.233,660.704,343.206,651.562,332.220,18.285,21.973
youtube_juggling_for_data_analysis_eh1I3SlZn48_075_090.mp4,790,13.179833,32,sports ball,0.657408,597.798,226.824,620.599,248.118,609.199,237.471,22.801,21.293
youtube_juggling_for_data_analysis_eh1I3SlZn48_075_090.mp4,790,13.179833,32,sports ball,0.387077,562.020,225.469,581.291,247.147,571.655,236.308,19.271,21.678
youtube_juggling_for_data_analysis_eh1I3SlZn48_075_090.mp4,790,13.179833,32,sports ball,0.187885,603.631,327.989,621.145,347.280,612.388,337.634,17.514,19.291
youtube_juggling_for_data_analysis_eh1I3SlZn48_075_090.mp4,791,13.196517,32,sports ball,0.694686,599.811,224.673,620.339,244.300,610.075,234.486,20.528,19.627
youtube_juggling_for_data_analysis_eh1I3SlZn48_075_090.mp4,791,13.196517,32,sports ball,0.685990,643.924,334.707,661.799,354.795,652.861,344.751,17.876,20.087
youtube_juggling_for_data_analysis_eh1I3SlZn48_075_090.mp4,791,13.196517,32,sports ball,0.604879,561.079,230.672,580.100,251.593,570.590,241.133,19.021,20.921
youtube_juggling_for_data_analysis_eh1I3SlZn48_075_090.mp4,791,13.196517,32,sports ball,0.503079,600.841,318.626,619.936,336.396,610.388,327.511,19.095,17.769
youtube_juggling_for_data_analysis_eh1I3SlZn48_075_090.mp4,792,13.213200,32,sports ball,0.828768,601.200,219.758,623.693,240.737,612.447,230.247,22.493,20.979
youtube_juggling_for_data_analysis_eh1I3SlZn48_075_090.mp4,792,13.213200,32,sports ball,0.759451,558.243,236.311,578.100,255.943,568.172,246.127,19.856,19.632
youtube_juggling_for_data_analysis_eh1I3SlZn48_075_090.mp4,792,13.213200,32,sports ball,0.720117,645.254,346.456,663.257,367.336,654.256,356.896,18.004,20.880
youtube_juggling_for_data_analysis_eh1I3SlZn48_075_090.mp4,792,13.213200,32,sports ball,0.373004,599.390,308.230,618.435,329.091,608.913,318.661,19.046,20.861
youtube_juggling_for_data_analysis_eh1I3SlZn48_075_090.mp4,793,13.229883,32,sports ball,0.800173,557.404,242.417,576.295,263.276,566.849,252.847,18.891,20.858
youtube_juggling_for_data_analysis_eh1I3SlZn48_075_090.mp4,793,13.229883,32,sports ball,0.754086,601.600,217.177,624.930,238.111,613.265,227.644,23.330,20.933
youtube_juggling_for_data_analysis_eh1I3SlZn48_075_090.mp4,793,13.229883,32,sports ball,0.746282,598.576,298.369,617.832,317.948,608.204,308.158,19.255,19.579
youtube_juggling_for_data_analysis_eh1I3SlZn48_075_090.mp4,793,13.229883,32,sports ball,0.575817,646.768,359.816,665.891,383.680,656.330,371.748,19.123,23.864
youtube_juggling_for_data_analysis_eh1I3SlZn48_075_090.mp4,793,13.229883,32,sports ball,0.173736,598.625,298.182,617.650,317.851,608.138,308.017,19.025,19.669
youtube_juggling_for_data_analysis_eh1I3SlZn48_075_090.mp4,794,13.246567,32,sports ball,0.721641,595.479,288.931,616.048,309.500,605.763,299.215,20.569,20.568
youtube_juggling_for_data_analysis_eh1I3SlZn48_075_090.mp4,794,13.246567,32,sports ball,0.699325,647.454,372.441,667.975,392.068,657.714,382.254,20.521,19.627
youtube_juggling_for_data_analysis_eh1I3SlZn48_075_090.mp4,794,13.246567,32,sports ball,0.620503,555.497,247.013,574.843,268.760,565.170,257.886,19.345,21.747
youtube_juggling_for_data_analysis_eh1I3SlZn48_075_090.mp4,794,13.246567,32,sports ball,0.316045,602.951,214.996,626.371,235.368,614.661,225.182,23.420,20.373
youtube_juggling_for_data_analysis_eh1I3SlZn48_075_090.mp4,795,13.263250,32,sports ball,0.778924,594.397,280.529,615.465,300.436,604.931,290.482,21.068,19.907
youtube_juggling_for_data_analysis_eh1I3SlZn48_075_090.mp4,795,13.263250,32,sports ball,0.575269,553.165,254.964,574.306,276.003,563.736,265.484,21.141,21.039
youtube_juggling_for_data_analysis_eh1I3SlZn48_075_090.mp4,795,13.263250,32,sports ball,0.515025,604.062,212.989,628.277,233.511,616.170,223.250,24.214,20.522
youtube_juggling_for_data_analysis_eh1I3SlZn48_075_090.mp4,795,13.263250,32,sports ball,0.382608,648.966,385.701,670.029,402.869,659.498,394.285,21.063,17.168
youtube_juggling_for_data_analysis_eh1I3SlZn48_075_090.mp4,795,13.263250,32,sports ball,0.156288,650.135,385.770,670.083,402.978,660.109,394.374,19.948,17.208
youtube_juggling_for_data_analysis_eh1I3SlZn48_075_090.mp4,796,13.279933,32,sports ball,0.696616,592.379,272.639,613.269,292.311,602.824,282.475,20.890,19.672
youtube_juggling_for_data_analysis_eh1I3SlZn48_075_090.mp4,796,13.279933,32,sports ball,0.688505,607.047,210.605,629.348,232.572,618.197,221.589,22.300,21.967
youtube_juggling_for_data_analysis_eh1I3SlZn48_075_090.mp4,796,13.279933,32,sports ball,0.631190,552.236,262.497,572.991,283.499,562.613,272.998,20.755,21.002
youtube_juggling_for_data_analysis_eh1I3SlZn48_075_090.mp4,796,13.279933,32,sports ball,0.365756,649.296,393.872,669.738,412.735,659.517,403.303,20.443,18.863
youtube_juggling_for_data_analysis_eh1I3SlZn48_075_090.mp4,796,13.279933,32,sports ball,0.276245,652.067,396.763,669.804,413.263,660.936,405.013,17.737,16.500
youtube_juggling_for_data_analysis_eh1I3SlZn48_075_090.mp4,797,13.296617,32,sports ball,0.698195,609.679,209.594,631.541,231.226,620.610,220.410,21.863,21.632
youtube_juggling_for_data_analysis_eh1I3SlZn48_075_090.mp4,797,13.296617,32,sports ball,0.662288,550.483,269.929,571.224,291.433,560.853,280.681,20.741,21.503
youtube_juggling_for_data_analysis_eh1I3SlZn48_075_090.mp4,797,13.296617,32,sports ball,0.644924,592.423,265.029,611.445,287.129,601.934,276.079,19.022,22.101
youtube_juggling_for_data_analysis_eh1I3SlZn48_075_090.mp4,797,13.296617,32,sports ball,0.540594,648.734,402.531,669.809,422.988,659.272,412.759,21.075,20.457
youtube_juggling_for_data_analysis_eh1I3SlZn48_075_090.mp4,798,13.313300,32,sports ball,0.714742,589.884,258.580,609.987,278.189,599.936,268.385,20.103,19.608
youtube_juggling_for_data_analysis_eh1I3SlZn48_075_090.mp4,798,13.313300,32,sports ball,0.712623,549.446,278.485,570.128,301.509,559.787,289.997,20.682,23.024
youtube_juggling_for_data_analysis_eh1I3SlZn48_075_090.mp4,798,13.313300,32,sports ball,0.698805,610.667,209.393,633.722,231.029,622.194,220.211,23.055,21.636
youtube_juggling_for_data_analysis_eh1I3SlZn48_075_090.mp4,798,13.313300,32,sports ball,0.365693,566.789,419.805,585.826,438.241,576.308,429.023,19.037,18.436
youtube_juggling_for_data_analysis_eh1I3SlZn48_075_090.mp4,799,13.329983,32,sports ball,0.699511,568.518,404.598,586.568,424.249,577.543,414.424,18.050,19.651
youtube_juggling_for_data_analysis_eh1I3SlZn48_075_090.mp4,799,13.329983,32,sports ball,0.675464,588.648,251.535,608.462,272.034,598.555,261.785,19.814,20.499
youtube_juggling_for_data_analysis_eh1I3SlZn48_075_090.mp4,799,13.329983,32,sports ball,0.674608,611.697,210.017,633.832,231.339,622.764,220.678,22.135,21.322
youtube_juggling_for_data_analysis_eh1I3SlZn48_075_090.mp4,799,13.329983,32,sports ball,0.364817,548.415,288.248,567.799,309.732,558.107,298.990,19.384,21.484
youtube_juggling_for_data_analysis_eh1I3SlZn48_075_090.mp4,800,13.346667,32,sports ball,0.554499,613.434,209.909,636.165,232.553,624.800,221.231,22.731,22.644
youtube_juggling_for_data_analysis_eh1I3SlZn48_075_090.mp4,800,13.346667,32,sports ball,0.503340,546.705,297.354,566.465,319.272,556.585,308.313,19.760,21.917
youtube_juggling_for_data_analysis_eh1I3SlZn48_075_090.mp4,800,13.346667,32,sports ball,0.481210,573.075,391.052,589.419,411.657,581.247,401.354,16.344,20.605
youtube_juggling_for_data_analysis_eh1I3SlZn48_075_090.mp4,800,13.346667,32,sports ball,0.475097,586.489,245.937,607.680,266.786,597.085,256.361,21.191,20.849
youtube_juggling_for_data_analysis_eh1I3SlZn48_075_090.mp4,800,13.346667,32,sports ball,0.231602,645.842,430.324,666.819,449.814,656.330,440.069,20.977,19.490
youtube_juggling_for_data_analysis_eh1I3SlZn48_075_090.mp4,801,13.363350,32,sports ball,0.774338,614.585,212.416,637.759,233.748,626.172,223.082,23.174,21.331
youtube_juggling_for_data_analysis_eh1I3SlZn48_075_090.mp4,801,13.363350,32,sports ball,0.711956,584.541,241.477,605.769,260.962,595.155,251.220,21.228,19.485
youtube_juggling_for_data_analysis_eh1I3SlZn48_075_090.mp4,801,13.363350,32,sports ball,0.528705,545.645,308.665,565.646,330.147,555.645,319.406,20.001,21.481
youtube_juggling_for_data_analysis_eh1I3SlZn48_075_090.mp4,801,13.363350,32,sports ball,0.434230,569.596,376.183,592.325,399.141,580.961,387.662,22.729,22.958
youtube_juggling_for_data_analysis_eh1I3SlZn48_075_090.mp4,801,13.363350,32,sports ball,0.329870,640.692,440.015,662.923,457.590,651.807,448.802,22.230,17.575
youtube_juggling_for_data_analysis_eh1I3SlZn48_075_090.mp4,802,13.380033,32,sports ball,0.642135,575.117,363.894,592.649,386.208,583.883,375.051,17.532,22.314
youtube_juggling_for_data_analysis_eh1I3SlZn48_075_090.mp4,802,13.380033,32,sports ball,0.543673,544.693,319.394,563.527,340.857,554.110,330.126,18.835,21.463
youtube_juggling_for_data_analysis_eh1I3SlZn48_075_090.mp4,802,13.380033,32,sports ball,0.538775,617.598,213.580,639.124,235.720,628.361,224.650,21.526,22.140
youtube_juggling_for_data_analysis_eh1I3SlZn48_075_090.mp4,802,13.380033,32,sports ball,0.431218,583.138,236.235,602.975,256.571,593.056,246.403,19.837,20.336
youtube_juggling_for_data_analysis_eh1I3SlZn48_075_090.mp4,803,13.396717,32,sports ball,0.665792,619.846,217.727,640.044,237.857,629.945,227.792,20.198,20.130
youtube_juggling_for_data_analysis_eh1I3SlZn48_075_090.mp4,803,13.396717,32,sports ball,0.583376,576.986,351.814,594.983,372.415,585.984,362.115,17.996,20.602
youtube_juggling_for_data_analysis_eh1I3SlZn48_075_090.mp4,803,13.396717,32,sports ball,0.415224,580.761,232.980,601.932,252.187,591.347,242.583,21.171,19.207
youtube_juggling_for_data_analysis_eh1I3SlZn48_075_090.mp4,803,13.396717,32,sports ball,0.311061,540.702,330.688,561.707,352.665,551.205,341.676,21.005,21.977
youtube_juggling_for_data_analysis_eh1I3SlZn48_075_090.mp4,804,13.413400,32,sports ball,0.717988,620.861,220.492,640.321,241.209,630.591,230.851,19.460,20.716
youtube_juggling_for_data_analysis_eh1I3SlZn48_075_090.mp4,804,13.413400,32,sports ball,0.477882,540.899,343.237,559.932,364.456,550.416,353.846,19.033,21.218
youtube_juggling_for_data_analysis_eh1I3SlZn48_075_090.mp4,804,13.413400,32,sports ball,0.429473,633.207,461.029,654.676,481.570,643.941,471.300,21.469,20.541
youtube_juggling_for_data_analysis_eh1I3SlZn48_075_090.mp4,804,13.413400,32,sports ball,0.384394,579.502,227.856,601.853,248.629,590.678,238.242,22.350,20.773
youtube_juggling_for_data_analysis_eh1I3SlZn48_075_090.mp4,805,13.430083,32,sports ball,0.456730,539.421,355.165,559.679,377.269,549.550,366.217,20.257,22.103
youtube_juggling_for_data_analysis_eh1I3SlZn48_075_090.mp4,805,13.430083,32,sports ball,0.408303,580.421,328.154,599.312,346.594,589.867,337.374,18.891,18.439
youtube_juggling_for_data_analysis_eh1I3SlZn48_075_090.mp4,805,13.430083,32,sports ball,0.374166,579.986,328.037,599.367,352.433,589.676,340.235,19.381,24.396
youtube_juggling_for_data_analysis_eh1I3SlZn48_075_090.mp4,805,13.430083,32,sports ball,0.311957,630.714,464.828,651.387,485.920,641.051,475.374,20.673,21.092
youtube_juggling_for_data_analysis_eh1I3SlZn48_075_090.mp4,805,13.430083,32,sports ball,0.276486,623.630,225.161,641.869,244.389,632.750,234.775,18.239,19.228
youtube_juggling_for_data_analysis_eh1I3SlZn48_075_090.mp4,806,13.446767,32,sports ball,0.631455,624.297,228.893,644.228,248.031,634.262,238.462,19.931,19.138
youtube_juggling_for_data_analysis_eh1I3SlZn48_075_090.mp4,806,13.446767,32,sports ball,0.554597,581.849,317.484,601.791,336.776,591.820,327.130,19.943,19.292
youtube_juggling_for_data_analysis_eh1I3SlZn48_075_090.mp4,806,13.446767,32,sports ball,0.510546,537.351,368.853,556.390,389.434,546.871,379.143,19.039,20.581
youtube_juggling_for_data_analysis_eh1I3SlZn48_075_090.mp4,806,13.446767,32,sports ball,0.326820,576.844,223.424,597.907,243.126,587.376,233.275,21.063,19.702
youtube_juggling_for_data_analysis_eh1I3SlZn48_075_090.mp4,807,13.463450,32,sports ball,0.653512,536.007,380.526,556.328,398.125,546.168,389.325,20.321,17.599
youtube_juggling_for_data_analysis_eh1I3SlZn48_075_090.mp4,807,13.463450,32,sports ball,0.559850,583.484,305.711,602.986,327.977,593.235,316.844,19.502,22.266
youtube_juggling_for_data_analysis_eh1I3SlZn48_075_090.mp4,807,13.463450,32,sports ball,0.458006,624.575,233.443,644.930,253.142,634.753,243.292,20.355,19.699
youtube_juggling_for_data_analysis_eh1I3SlZn48_075_090.mp4,807,13.463450,32,sports ball,0.259876,624.665,463.091,646.547,488.867,635.606,475.979,21.882,25.776
youtube_juggling_for_data_analysis_eh1I3SlZn48_075_090.mp4,808,13.480133,32,sports ball,0.772194,535.162,390.417,553.344,407.474,544.253,398.946,18.182,17.057
youtube_juggling_for_data_analysis_eh1I3SlZn48_075_090.mp4,808,13.480133,32,sports ball,0.460672,628.752,237.814,647.784,256.545,638.268,247.179,19.032,18.731
youtube_juggling_for_data_analysis_eh1I3SlZn48_075_090.mp4,808,13.480133,32,sports ball,0.428212,623.580,462.284,643.012,480.919,633.296,471.602,19.432,18.635
youtube_juggling_for_data_analysis_eh1I3SlZn48_075_090.mp4,808,13.480133,32,sports ball,0.410981,584.417,296.156,605.651,318.706,595.034,307.431,21.234,22.550
youtube_juggling_for_data_analysis_eh1I3SlZn48_075_090.mp4,808,13.480133,32,sports ball,0.307405,575.953,219.086,594.163,239.831,585.058,229.458,18.210,20.745
youtube_juggling_for_data_analysis_eh1I3SlZn48_075_090.mp4,809,13.496817,32,sports ball,0.805175,535.167,399.889,552.578,417.102,543.872,408.495,17.411,17.213
youtube_juggling_for_data_analysis_eh1I3SlZn48_075_090.mp4,809,13.496817,32,sports ball,0.735864,585.582,288.324,606.427,309.188,596.005,298.756,20.845,20.864
youtube_juggling_for_data_analysis_eh1I3SlZn48_075_090.mp4,809,13.496817,32,sports ball,0.665715,628.853,242.923,649.109,263.783,638.981,253.353,20.255,20.859
youtube_juggling_for_data_analysis_eh1I3SlZn48_075_090.mp4,809,13.496817,32,sports ball,0.589461,570.875,219.462,593.289,238.738,582.082,229.100,22.413,19.276
youtube_juggling_for_data_analysis_eh1I3SlZn48_075_090.mp4,809,13.496817,32,sports ball,0.550674,621.020,452.082,640.545,474.835,630.783,463.458,19.524,22.753
youtube_juggling_for_data_analysis_eh1I3SlZn48_075_090.mp4,810,13.513500,32,sports ball,0.889572,587.267,279.143,607.594,300.315,597.431,289.729,20.327,21.172
youtube_juggling_for_data_analysis_eh1I3SlZn48_075_090.mp4,810,13.513500,32,sports ball,0.789311,630.287,250.021,651.629,270.411,640.958,260.216,21.341,20.390
youtube_juggling_for_data_analysis_eh1I3SlZn48_075_090.mp4,810,13.513500,32,sports ball,0.774094,570.982,218.757,591.342,239.103,581.162,228.930,20.361,20.347
youtube_juggling_for_data_analysis_eh1I3SlZn48_075_090.mp4,810,13.513500,32,sports ball,0.528479,534.135,408.845,553.104,425.796,543.620,417.321,18.969,16.950
youtube_juggling_for_data_analysis_eh1I3SlZn48_075_090.mp4,810,13.513500,32,sports ball,0.428652,534.588,408.894,553.188,425.129,543.888,417.011,18.600,16.235
youtube_juggling_for_data_analysis_eh1I3SlZn48_075_090.mp4,810,13.513500,32,sports ball,0.386191,617.327,444.835,638.707,463.021,628.017,453.928,21.380,18.186
youtube_juggling_for_data_analysis_eh1I3SlZn48_075_090.mp4,811,13.530183,32,sports ball,0.854011,588.981,271.417,609.343,291.630,599.162,281.524,20.362,20.212
youtube_juggling_for_data_analysis_eh1I3SlZn48_075_090.mp4,811,13.530183,32,sports ball,0.796597,632.990,257.106,653.650,278.066,643.320,267.586,20.660,20.960
youtube_juggling_for_data_analysis_eh1I3SlZn48_075_090.mp4,811,13.530183,32,sports ball,0.791981,568.871,219.587,589.314,238.631,579.092,229.109,20.444,19.045
youtube_juggling_for_data_analysis_eh1I3SlZn48_075_090.mp4,811,13.530183,32,sports ball,0.754050,535.639,417.865,553.209,434.322,544.424,426.093,17.570,16.457
youtube_juggling_for_data_analysis_eh1I3SlZn48_075_090.mp4,811,13.530183,32,sports ball,0.265336,616.471,431.005,635.417,449.030,625.944,440.017,18.946,18.025
youtube_juggling_for_data_analysis_eh1I3SlZn48_075_090.mp4,812,13.546867,32,sports ball,0.774302,592.505,264.141,612.961,284.747,602.733,274.444,20.456,20.606
youtube_juggling_for_data_analysis_eh1I3SlZn48_075_090.mp4,812,13.546867,32,sports ball,0.711168,566.647,218.960,588.534,239.531,577.591,229.246,21.886,20.571
youtube_juggling_for_data_analysis_eh1I3SlZn48_075_090.mp4,812,13.546867,32,sports ball,0.620215,633.818,264.473,654.742,286.509,644.280,275.491,20.924,22.036
youtube_juggling_for_data_analysis_eh1I3SlZn48_075_090.mp4,812,13.546867,32,sports ball,0.562076,535.919,425.508,556.239,447.040,546.079,436.274,20.320,21.532
youtube_juggling_for_data_analysis_eh1I3SlZn48_075_090.mp4,812,13.546867,32,sports ball,0.525956,614.195,417.203,632.344,433.579,623.269,425.391,18.149,16.376
youtube_juggling_for_data_analysis_eh1I3SlZn48_075_090.mp4,812,13.546867,32,sports ball,0.424440,536.467,425.585,555.179,443.214,545.823,434.399,18.712,17.629
youtube_juggling_for_data_analysis_eh1I3SlZn48_075_090.mp4,813,13.563550,32,sports ball,0.612127,611.436,401.909,631.424,423.934,621.430,412.921,19.987,22.026
youtube_juggling_for_data_analysis_eh1I3SlZn48_075_090.mp4,813,13.563550,32,sports ball,0.590938,593.598,255.538,615.182,277.574,604.390,266.556,21.585,22.036
youtube_juggling_for_data_analysis_eh1I3SlZn48_075_090.mp4,813,13.563550,32,sports ball,0.531619,635.642,272.685,655.656,292.360,645.649,282.523,20.013,19.675
youtube_juggling_for_data_analysis_eh1I3SlZn48_075_090.mp4,813,13.563550,32,sports ball,0.471870,565.440,220.050,585.594,240.368,575.517,230.209,20.154,20.318
youtube_juggling_for_data_analysis_eh1I3SlZn48_075_090.mp4,813,13.563550,32,sports ball,0.402554,535.941,434.487,556.974,454.106,546.457,444.296,21.032,19.619
youtube_juggling_for_data_analysis_eh1I3SlZn48_075_090.mp4,813,13.563550,32,sports ball,0.352902,565.434,220.388,585.669,240.728,575.551,230.558,20.235,20.340
youtube_juggling_for_data_analysis_eh1I3SlZn48_075_090.mp4,814,13.580233,32,sports ball,0.649682,610.900,387.640,629.356,407.974,620.128,397.807,18.456,20.334
youtube_juggling_for_data_analysis_eh1I3SlZn48_075_090.mp4,814,13.580233,32,sports ball,0.569116,593.712,249.918,615.862,271.373,604.787,260.645,22.150,21.455
youtube_juggling_for_data_analysis_eh1I3SlZn48_075_090.mp4,814,13.580233,32,sports ball,0.437957,637.089,280.869,658.002,302.153,647.546,291.511,20.913,21.284
youtube_juggling_for_data_analysis_eh1I3SlZn48_075_090.mp4,814,13.580233,32,sports ball,0.270286,563.450,224.018,584.770,241.981,574.110,232.999,21.320,17.963
youtube_juggling_for_data_analysis_eh1I3SlZn48_075_090.mp4,815,13.596917,32,sports ball,0.605088,640.170,290.013,659.548,311.595,649.859,300.804,19.378,21.581
youtube_juggling_for_data_analysis_eh1I3SlZn48_075_090.mp4,815,13.596917,32,sports ball,0.562839,595.884,244.340,617.017,266.053,606.450,255.197,21.133,21.713
youtube_juggling_for_data_analysis_eh1I3SlZn48_075_090.mp4,815,13.596917,32,sports ball,0.538780,608.759,376.110,625.894,392.065,617.326,384.088,17.136,15.955
youtube_juggling_for_data_analysis_eh1I3SlZn48_075_090.mp4,815,13.596917,32,sports ball,0.297198,561.648,225.018,582.695,244.943,572.171,234.981,21.048,19.924
youtube_juggling_for_data_analysis_eh1I3SlZn48_075_090.mp4,816,13.613600,32,sports ball,0.728227,641.375,299.717,660.549,319.903,650.962,309.810,19.174,20.186
youtube_juggling_for_data_analysis_eh1I3SlZn48_075_090.mp4,816,13.613600,32,sports ball,0.472442,599.079,239.235,619.035,260.466,609.057,249.850,19.956,21.231
youtube_juggling_for_data_analysis_eh1I3SlZn48_075_090.mp4,816,13.613600,32,sports ball,0.436942,560.588,228.411,578.166,247.630,569.377,238.020,17.578,19.219
youtube_juggling_for_data_analysis_eh1I3SlZn48_075_090.mp4,817,13.630283,32,sports ball,0.203091,608.063,349.071,623.461,368.457,615.762,358.764,15.397,19.386
youtube_juggling_for_data_analysis_eh1I3SlZn48_075_090.mp4,817,13.630283,32,sports ball,0.182698,643.075,309.641,663.355,331.758,653.215,320.699,20.281,22.117
youtube_juggling_for_data_analysis_eh1I3SlZn48_075_090.mp4,818,13.646967,32,sports ball,0.655985,643.924,321.345,663.553,343.097,653.738,332.221,19.629,21.752
youtube_juggling_for_data_analysis_eh1I3SlZn48_075_090.mp4,818,13.646967,32,sports ball,0.482417,605.323,336.947,622.418,357.176,613.870,347.062,17.096,20.229
youtube_juggling_for_data_analysis_eh1I3SlZn48_075_090.mp4,818,13.646967,32,sports ball,0.452144,557.392,235.398,576.424,255.384,566.908,245.391,19.032,19.986
youtube_juggling_for_data_analysis_eh1I3SlZn48_075_090.mp4,818,13.646967,32,sports ball,0.391840,602.040,230.615,622.965,250.976,612.502,240.796,20.925,20.361
youtube_juggling_for_data_analysis_eh1I3SlZn48_075_090.mp4,818,13.646967,32,sports ball,0.160442,547.382,468.471,568.840,489.833,558.111,479.152,21.458,21.362
youtube_juggling_for_data_analysis_eh1I3SlZn48_075_090.mp4,819,13.663650,32,sports ball,0.653308,646.223,331.935,664.963,353.201,655.593,342.568,18.740,21.266
youtube_juggling_for_data_analysis_eh1I3SlZn48_075_090.mp4,819,13.663650,32,sports ball,0.445784,602.149,226.207,623.889,248.587,613.019,237.397,21.741,22.380
youtube_juggling_for_data_analysis_eh1I3SlZn48_075_090.mp4,819,13.663650,32,sports ball,0.266939,553.909,238.274,575.179,260.614,564.544,249.444,21.270,22.339
youtube_juggling_for_data_analysis_eh1I3SlZn48_075_090.mp4,819,13.663650,32,sports ball,0.244450,602.090,324.535,621.265,346.343,611.678,335.439,19.175,21.808
youtube_juggling_for_data_analysis_eh1I3SlZn48_075_090.mp4,820,13.680333,32,sports ball,0.709441,647.038,344.179,667.372,365.049,657.205,354.614,20.334,20.870
youtube_juggling_for_data_analysis_eh1I3SlZn48_075_090.mp4,820,13.680333,32,sports ball,0.518555,603.601,223.133,624.981,244.517,614.291,233.825,21.381,21.384
youtube_juggling_for_data_analysis_eh1I3SlZn48_075_090.mp4,820,13.680333,32,sports ball,0.339882,551.869,242.331,573.855,266.638,562.862,254.485,21.986,24.307
youtube_juggling_for_data_analysis_eh1I3SlZn48_075_090.mp4,820,13.680333,32,sports ball,0.246526,600.694,314.343,619.320,335.311,610.007,324.827,18.626,20.968
youtube_juggling_for_data_analysis_eh1I3SlZn48_075_090.mp4,821,13.697017,32,sports ball,0.742450,598.333,303.948,618.904,321.721,608.619,312.834,20.570,17.774
youtube_juggling_for_data_analysis_eh1I3SlZn48_075_090.mp4,821,13.697017,32,sports ball,0.716119,648.633,356.772,669.029,377.534,658.831,367.153,20.396,20.762
youtube_juggling_for_data_analysis_eh1I3SlZn48_075_090.mp4,821,13.697017,32,sports ball,0.702828,606.580,219.066,627.419,242.738,616.999,230.902,20.839,23.672
youtube_juggling_for_data_analysis_eh1I3SlZn48_075_090.mp4,821,13.697017,32,sports ball,0.256389,551.730,250.255,572.840,270.970,562.285,260.613,21.110,20.715
youtube_juggling_for_data_analysis_eh1I3SlZn48_075_090.mp4,822,13.713700,32,sports ball,0.810424,650.324,369.329,671.231,392.775,660.777,381.052,20.907,23.446
youtube_juggling_for_data_analysis_eh1I3SlZn48_075_090.mp4,822,13.713700,32,sports ball,0.779879,606.750,217.657,630.139,239.113,618.444,228.385,23.390,21.456
youtube_juggling_for_data_analysis_eh1I3SlZn48_075_090.mp4,822,13.713700,32,sports ball,0.708029,595.367,294.468,617.467,313.851,606.417,304.159,22.100,19.383
youtube_juggling_for_data_analysis_eh1I3SlZn48_075_090.mp4,822,13.713700,32,sports ball,0.197666,549.534,255.201,570.476,278.296,560.005,266.749,20.942,23.095
youtube_juggling_for_data_analysis_eh1I3SlZn48_075_090.mp4,823,13.730383,32,sports ball,0.737355,653.682,384.683,672.652,401.480,663.167,393.082,18.971,16.797
youtube_juggling_for_data_analysis_eh1I3SlZn48_075_090.mp4,823,13.730383,32,sports ball,0.683134,609.636,216.331,630.775,238.544,620.205,227.438,21.139,22.213
youtube_juggling_for_data_analysis_eh1I3SlZn48_075_090.mp4,823,13.730383,32,sports ball,0.617087,593.751,285.198,616.678,304.768,605.215,294.983,22.927,19.571
youtube_juggling_for_data_analysis_eh1I3SlZn48_075_090.mp4,823,13.730383,32,sports ball,0.413869,548.154,263.320,569.461,282.489,558.807,272.905,21.307,19.168
youtube_juggling_for_data_analysis_eh1I3SlZn48_075_090.mp4,823,13.730383,32,sports ball,0.173882,563.525,452.982,585.246,473.085,574.386,463.034,21.721,20.103
youtube_juggling_for_data_analysis_eh1I3SlZn48_075_090.mp4,824,13.747067,32,sports ball,0.763572,655.623,396.937,671.151,413.221,663.387,405.079,15.528,16.284
youtube_juggling_for_data_analysis_eh1I3SlZn48_075_090.mp4,824,13.747067,32,sports ball,0.719263,592.390,275.608,616.492,296.551,604.441,286.079,24.103,20.943
youtube_juggling_for_data_analysis_eh1I3SlZn48_075_090.mp4,824,13.747067,32,sports ball,0.611641,546.557,269.823,567.130,288.879,556.843,279.351,20.573,19.056
youtube_juggling_for_data_analysis_eh1I3SlZn48_075_090.mp4,824,13.747067,32,sports ball,0.458133,611.132,216.481,632.760,237.391,621.946,226.936,21.628,20.910
youtube_juggling_for_data_analysis_eh1I3SlZn48_075_090.mp4,824,13.747067,32,sports ball,0.452796,567.194,441.963,587.950,462.305,577.572,452.134,20.757,20.342
youtube_juggling_for_data_analysis_eh1I3SlZn48_075_090.mp4,825,13.763750,32,sports ball,0.719251,655.952,407.535,671.464,422.961,663.708,415.248,15.512,15.426
youtube_juggling_for_data_analysis_eh1I3SlZn48_075_090.mp4,825,13.763750,32,sports ball,0.646056,545.180,278.173,565.314,296.598,555.247,287.385,20.134,18.424
youtube_juggling_for_data_analysis_eh1I3SlZn48_075_090.mp4,825,13.763750,32,sports ball,0.614581,592.520,268.631,611.775,288.242,602.147,278.437,19.254,19.611
youtube_juggling_for_data_analysis_eh1I3SlZn48_075_090.mp4,825,13.763750,32,sports ball,0.250905,612.442,215.830,633.600,236.668,623.021,226.249,21.157,20.838
youtube_juggling_for_data_analysis_eh1I3SlZn48_075_090.mp4,825,13.763750,32,sports ball,0.181641,567.204,427.519,591.186,448.065,579.195,437.792,23.982,20.546
youtube_juggling_for_data_analysis_eh1I3SlZn48_075_090.mp4,826,13.780433,32,sports ball,0.609809,544.445,286.365,563.226,305.598,553.835,295.981,18.781,19.233
youtube_juggling_for_data_analysis_eh1I3SlZn48_075_090.mp4,826,13.780433,32,sports ball,0.348478,653.809,416.322,671.252,431.781,662.531,424.052,17.443,15.459
youtube_juggling_for_data_analysis_eh1I3SlZn48_075_090.mp4,826,13.780433,32,sports ball,0.182993,590.117,260.194,610.021,281.258,600.069,270.726,19.904,21.064
youtube_juggling_for_data_analysis_eh1I3SlZn48_075_090.mp4,826,13.780433,32,sports ball,0.164034,576.143,414.427,591.551,433.453,583.847,423.940,15.408,19.026
youtube_juggling_for_data_analysis_eh1I3SlZn48_075_090.mp4,827,13.797117,32,sports ball,0.651992,544.516,295.421,562.611,314.025,553.564,304.723,18.095,18.604
youtube_juggling_for_data_analysis_eh1I3SlZn48_075_090.mp4,827,13.797117,32,sports ball,0.470690,588.593,254.542,607.707,273.417,598.150,263.980,19.114,18.875
youtube_juggling_for_data_analysis_eh1I3SlZn48_075_090.mp4,827,13.797117,32,sports ball,0.437184,615.030,215.058,637.442,237.604,626.236,226.331,22.412,22.547
youtube_juggling_for_data_analysis_eh1I3SlZn48_075_090.mp4,827,13.797117,32,sports ball,0.382179,576.650,400.571,593.463,419.704,585.056,410.137,16.813,19.134
youtube_juggling_for_data_analysis_eh1I3SlZn48_075_090.mp4,827,13.797117,32,sports ball,0.197970,654.556,425.254,670.824,440.146,662.690,432.700,16.269,14.892
youtube_juggling_for_data_analysis_eh1I3SlZn48_075_090.mp4,828,13.813800,32,sports ball,0.304837,585.747,245.977,606.294,267.666,596.020,256.822,20.547,21.689
youtube_juggling_for_data_analysis_eh1I3SlZn48_075_090.mp4,828,13.813800,32,sports ball,0.295109,577.886,385.819,596.532,407.664,587.209,396.742,18.645,21.845
youtube_juggling_for_data_analysis_eh1I3SlZn48_075_090.mp4,828,13.813800,32,sports ball,0.226894,541.662,304.747,561.412,323.467,551.537,314.107,19.750,18.720
youtube_juggling_for_data_analysis_eh1I3SlZn48_075_090.mp4,828,13.813800,32,sports ball,0.217550,615.448,215.690,638.811,238.553,627.130,227.121,23.364,22.863
youtube_juggling_for_data_analysis_eh1I3SlZn48_075_090.mp4,829,13.830483,32,sports ball,0.764262,618.982,218.353,640.117,239.611,629.549,228.982,21.135,21.258
youtube_juggling_for_data_analysis_eh1I3SlZn48_075_090.mp4,829,13.830483,32,sports ball,0.665136,583.843,241.886,605.683,260.994,594.763,251.440,21.840,19.108
youtube_juggling_for_data_analysis_eh1I3SlZn48_075_090.mp4,829,13.830483,32,sports ball,0.506494,540.084,314.349,559.217,335.240,549.651,324.794,19.134,20.891
youtube_juggling_for_data_analysis_eh1I3SlZn48_075_090.mp4,829,13.830483,32,sports ball,0.462641,582.075,374.464,600.309,392.238,591.192,383.351,18.235,17.775
youtube_juggling_for_data_analysis_eh1I3SlZn48_075_090.mp4,830,13.847167,32,sports ball,0.329398,537.143,325.703,556.685,345.151,546.914,335.427,19.542,19.449
youtube_juggling_for_data_analysis_eh1I3SlZn48_075_090.mp4,830,13.847167,32,sports ball,0.270847,619.333,219.899,640.357,243.982,629.845,231.941,21.023,24.083
youtube_juggling_for_data_analysis_eh1I3SlZn48_075_090.mp4,831,13.863850,32,sports ball,0.521367,535.944,336.645,555.559,356.438,545.752,346.542,19.614,19.794
youtube_juggling_for_data_analysis_eh1I3SlZn48_075_090.mp4,831,13.863850,32,sports ball,0.325394,622.155,225.899,640.105,244.275,631.130,235.087,17.951,18.377
youtube_juggling_for_data_analysis_eh1I3SlZn48_075_090.mp4,831,13.863850,32,sports ball,0.319538,620.445,223.620,640.288,244.574,630.367,234.097,19.843,20.954
youtube_juggling_for_data_analysis_eh1I3SlZn48_075_090.mp4,831,13.863850,32,sports ball,0.269625,580.049,231.987,602.709,251.045,591.379,241.516,22.660,19.057
youtube_juggling_for_data_analysis_eh1I3SlZn48_075_090.mp4,831,13.863850,32,sports ball,0.202659,640.235,456.681,660.871,477.146,650.553,466.913,20.636,20.465
youtube_juggling_for_data_analysis_eh1I3SlZn48_075_090.mp4,832,13.880533,32,sports ball,0.711300,534.521,347.847,553.553,368.000,544.037,357.923,19.032,20.153
youtube_juggling_for_data_analysis_eh1I3SlZn48_075_090.mp4,832,13.880533,32,sports ball,0.557615,623.768,228.380,641.892,247.769,632.830,238.075,18.125,19.388
youtube_juggling_for_data_analysis_eh1I3SlZn48_075_090.mp4,832,13.880533,32,sports ball,0.368064,578.812,227.059,600.888,247.477,589.850,237.268,22.076,20.418
youtube_juggling_for_data_analysis_eh1I3SlZn48_075_090.mp4,832,13.880533,32,sports ball,0.298211,636.139,460.038,658.726,483.005,647.432,471.522,22.587,22.967
youtube_juggling_for_data_analysis_eh1I3SlZn48_075_090.mp4,833,13.897217,32,sports ball,0.574502,531.578,358.475,553.540,381.748,542.559,370.112,21.962,23.273
youtube_juggling_for_data_analysis_eh1I3SlZn48_075_090.mp4,833,13.897217,32,sports ball,0.494949,624.398,231.904,646.626,251.544,635.512,241.724,22.228,19.640
youtube_juggling_for_data_analysis_eh1I3SlZn48_075_090.mp4,833,13.897217,32,sports ball,0.210550,577.441,223.845,598.471,242.470,587.956,233.158,21.030,18.625
youtube_juggling_for_data_analysis_eh1I3SlZn48_075_090.mp4,833,13.897217,32,sports ball,0.193599,577.536,224.230,598.072,242.115,587.804,233.172,20.536,17.885
youtube_juggling_for_data_analysis_eh1I3SlZn48_075_090.mp4,834,13.913900,32,sports ball,0.755976,530.864,370.635,551.776,395.170,541.320,382.903,20.913,24.535
youtube_juggling_for_data_analysis_eh1I3SlZn48_075_090.mp4,834,13.913900,32,sports ball,0.695309,590.527,313.770,609.319,335.508,599.923,324.639,18.792,21.739
youtube_juggling_for_data_analysis_eh1I3SlZn48_075_090.mp4,834,13.913900,32,sports ball,0.666089,626.299,235.767,647.167,255.847,636.733,245.807,20.868,20.080
youtube_juggling_for_data_analysis_eh1I3SlZn48_075_090.mp4,834,13.913900,32,sports ball,0.597615,576.555,219.542,597.251,240.516,586.903,230.029,20.696,20.974
youtube_juggling_for_data_analysis_eh1I3SlZn48_075_090.mp4,834,13.913900,32,sports ball,0.325693,631.092,463.990,651.343,487.160,641.217,475.575,20.250,23.170
youtube_juggling_for_data_analysis_eh1I3SlZn48_075_090.mp4,835,13.930583,32,sports ball,0.792460,528.757,385.778,548.723,408.051,538.740,396.914,19.966,22.273
youtube_juggling_for_data_analysis_eh1I3SlZn48_075_090.mp4,835,13.930583,32,sports ball,0.570006,629.745,240.946,649.683,260.157,639.714,250.552,19.938,19.211
youtube_juggling_for_data_analysis_eh1I3SlZn48_075_090.mp4,835,13.930583,32,sports ball,0.566238,592.374,304.782,611.456,325.257,601.915,315.019,19.082,20.475
youtube_juggling_for_data_analysis_eh1I3SlZn48_075_090.mp4,835,13.930583,32,sports ball,0.401638,575.236,217.648,594.693,237.901,584.964,227.774,19.456,20.253
youtube_juggling_for_data_analysis_eh1I3SlZn48_075_090.mp4,835,13.930583,32,sports ball,0.310591,627.626,459.580,649.901,483.812,638.763,471.696,22.275,24.232
youtube_juggling_for_data_analysis_eh1I3SlZn48_075_090.mp4,836,13.947267,32,sports ball,0.606030,527.855,400.620,546.882,418.758,537.368,409.689,19.027,18.139
youtube_juggling_for_data_analysis_eh1I3SlZn48_075_090.mp4,836,13.947267,32,sports ball,0.370213,593.508,295.601,614.664,314.590,604.086,305.095,21.156,18.989
youtube_juggling_for_data_analysis_eh1I3SlZn48_075_090.mp4,836,13.947267,32,sports ball,0.266759,627.850,245.010,650.204,266.731,639.027,255.871,22.354,21.721
youtube_juggling_for_data_analysis_eh1I3SlZn48_075_090.mp4,836,13.947267,32,sports ball,0.248698,572.554,214.999,592.965,236.238,582.760,225.619,20.411,21.239
youtube_juggling_for_data_analysis_eh1I3SlZn48_075_090.mp4,836,13.947267,32,sports ball,0.196012,625.007,456.007,645.058,476.646,635.033,466.326,20.051,20.639
youtube_juggling_for_data_analysis_eh1I3SlZn48_075_090.mp4,837,13.963950,32,sports ball,0.621958,526.833,411.080,543.642,431.279,535.237,421.179,16.810,20.199
youtube_juggling_for_data_analysis_eh1I3SlZn48_075_090.mp4,837,13.963950,32,sports ball,0.539527,595.072,287.343,615.973,305.966,605.522,296.655,20.901,18.622
youtube_juggling_for_data_analysis_eh1I3SlZn48_075_090.mp4,837,13.963950,32,sports ball,0.214162,622.213,445.673,642.070,465.969,632.142,455.821,19.857,20.296
youtube_juggling_for_data_analysis_eh1I3SlZn48_075_090.mp4,837,13.963950,32,sports ball,0.183717,570.361,214.469,592.172,234.157,581.266,224.313,21.811,19.689
youtube_juggling_for_data_analysis_eh1I3SlZn48_075_090.mp4,838,13.980633,32,sports ball,0.407299,521.061,417.566,542.399,436.710,531.730,427.138,21.337,19.144
youtube_juggling_for_data_analysis_eh1I3SlZn48_075_090.mp4,838,13.980633,32,sports ball,0.367735,524.614,417.558,542.452,435.688,533.533,426.623,17.838,18.130
youtube_juggling_for_data_analysis_eh1I3SlZn48_075_090.mp4,838,13.980633,32,sports ball,0.278069,596.476,276.019,617.539,297.522,607.007,286.770,21.063,21.502
youtube_juggling_for_data_analysis_eh1I3SlZn48_075_090.mp4,838,13.980633,32,sports ball,0.214726,597.467,278.530,616.929,297.210,607.198,287.870,19.462,18.680
youtube_juggling_for_data_analysis_eh1I3SlZn48_075_090.mp4,839,13.997317,32,sports ball,0.542529,617.409,422.621,639.199,440.698,628.304,431.660,21.790,18.077
youtube_juggling_for_data_analysis_eh1I3SlZn48_075_090.mp4,839,13.997317,32,sports ball,0.416996,599.287,269.091,620.360,289.467,609.824,279.279,21.073,20.376
youtube_juggling_for_data_analysis_eh1I3SlZn48_075_090.mp4,839,13.997317,32,sports ball,0.403877,519.702,425.751,541.236,447.825,530.469,436.788,21.533,22.074
youtube_juggling_for_data_analysis_eh1I3SlZn48_075_090.mp4,839,13.997317,32,sports ball,0.386649,566.302,212.825,588.655,232.921,577.479,222.873,22.352,20.096
youtube_juggling_for_data_analysis_eh1I3SlZn48_075_090.mp4,839,13.997317,32,sports ball,0.322465,634.448,265.118,654.860,286.825,644.654,275.971,20.412,21.707
youtube_juggling_for_data_analysis_eh1I3SlZn48_075_090.mp4,839,13.997317,32,sports ball,0.175203,520.059,425.636,541.081,442.337,530.570,433.986,21.021,16.701
youtube_juggling_for_data_analysis_eh1I3SlZn48_075_090.mp4,840,14.014000,32,sports ball,0.613759,519.409,433.633,542.831,454.959,531.120,444.296,23.422,21.325
youtube_juggling_for_data_analysis_eh1I3SlZn48_075_090.mp4,840,14.014000,32,sports ball,0.609402,617.005,407.842,638.117,426.948,627.561,417.395,21.112,19.106
youtube_juggling_for_data_analysis_eh1I3SlZn48_075_090.mp4,840,14.014000,32,sports ball,0.372061,600.541,264.369,619.993,282.852,610.267,273.611,19.452,18.482
youtube_juggling_for_data_analysis_eh1I3SlZn48_075_090.mp4,840,14.014000,32,sports ball,0.220082,566.370,214.074,586.617,232.646,576.494,223.360,20.248,18.572
youtube_juggling_for_data_analysis_eh1I3SlZn48_075_090.mp4,840,14.014000,32,sports ball,0.202964,637.082,273.357,656.095,294.478,646.588,283.917,19.013,21.122
youtube_juggling_for_data_analysis_eh1I3SlZn48_075_090.mp4,841,14.030683,32,sports ball,0.514978,616.303,397.140,635.342,415.128,625.823,406.134,19.039,17.988
youtube_juggling_for_data_analysis_eh1I3SlZn48_075_090.mp4,841,14.030683,32,sports ball,0.314833,639.255,281.320,658.563,302.161,648.909,291.741,19.308,20.841
youtube_juggling_for_data_analysis_eh1I3SlZn48_075_090.mp4,841,14.030683,32,sports ball,0.242866,602.148,256.469,623.272,275.968,612.710,266.219,21.124,19.499
youtube_juggling_for_data_analysis_eh1I3SlZn48_075_090.mp4,841,14.030683,32,sports ball,0.162012,523.793,441.261,545.003,463.812,534.398,452.536,21.210,22.551
youtube_juggling_for_data_analysis_eh1I3SlZn48_075_090.mp4,842,14.047367,32,sports ball,0.573289,640.839,290.434,659.889,311.584,650.364,301.009,19.050,21.150
youtube_juggling_for_data_analysis_eh1I3SlZn48_075_090.mp4,842,14.047367,32,sports ball,0.547548,613.784,382.079,632.860,399.338,623.322,390.708,19.076,17.259
youtube_juggling_for_data_analysis_eh1I3SlZn48_075_090.mp4,842,14.047367,32,sports ball,0.532852,602.770,251.395,624.139,270.248,613.455,260.822,21.369,18.853
youtube_juggling_for_data_analysis_eh1I3SlZn48_075_090.mp4,842,14.047367,32,sports ball,0.390118,525.391,449.782,545.024,467.774,535.207,458.778,19.632,17.993
youtube_juggling_for_data_analysis_eh1I3SlZn48_075_090.mp4,842,14.047367,32,sports ball,0.180950,562.220,214.698,583.471,234.801,572.846,224.750,21.251,20.103
youtube_juggling_for_data_analysis_eh1I3SlZn48_075_090.mp4,843,14.064050,32,sports ball,0.626565,642.209,299.159,662.301,320.728,652.255,309.943,20.091,21.568
youtube_juggling_for_data_analysis_eh1I3SlZn48_075_090.mp4,843,14.064050,32,sports ball,0.505535,607.630,246.078,625.305,265.157,616.467,255.617,17.675,19.080
youtube_juggling_for_data_analysis_eh1I3SlZn48_075_090.mp4,843,14.064050,32,sports ball,0.473056,613.787,367.627,631.696,384.977,622.741,376.302,17.908,17.351
youtube_juggling_for_data_analysis_eh1I3SlZn48_075_090.mp4,843,14.064050,32,sports ball,0.272213,528.175,456.121,549.859,474.009,539.017,465.065,21.685,17.889
youtube_juggling_for_data_analysis_eh1I3SlZn48_075_090.mp4,843,14.064050,32,sports ball,0.173492,561.264,215.643,580.523,237.020,570.893,226.331,19.260,21.377
youtube_juggling_for_data_analysis_eh1I3SlZn48_075_090.mp4,844,14.080733,32,sports ball,0.311205,643.502,309.341,663.479,331.403,653.490,320.372,19.977,22.062
youtube_juggling_for_data_analysis_eh1I3SlZn48_075_090.mp4,844,14.080733,32,sports ball,0.233380,612.389,354.335,629.331,375.001,620.860,364.668,16.942,20.666
youtube_juggling_for_data_analysis_eh1I3SlZn48_075_090.mp4,844,14.080733,32,sports ball,0.213236,531.573,461.811,555.823,480.658,543.698,471.234,24.250,18.847
youtube_juggling_for_data_analysis_eh1I3SlZn48_075_090.mp4,844,14.080733,32,sports ball,0.210456,642.919,307.718,664.491,331.781,653.705,319.750,21.572,24.063
youtube_juggling_for_data_analysis_eh1I3SlZn48_075_090.mp4,845,14.097417,32,sports ball,0.736581,609.945,343.778,628.394,362.598,619.169,353.188,18.449,18.820
youtube_juggling_for_data_analysis_eh1I3SlZn48_075_090.mp4,845,14.097417,32,sports ball,0.623501,645.713,320.714,664.848,341.204,655.281,330.959,19.135,20.490
youtube_juggling_for_data_analysis_eh1I3SlZn48_075_090.mp4,845,14.097417,32,sports ball,0.474211,609.920,234.336,630.368,255.240,620.144,244.788,20.448,20.904
youtube_juggling_for_data_analysis_eh1I3SlZn48_075_090.mp4,845,14.097417,32,sports ball,0.238758,557.261,221.961,577.806,242.357,567.533,232.159,20.545,20.396
youtube_juggling_for_data_analysis_eh1I3SlZn48_075_090.mp4,845,14.097417,32,sports ball,0.214397,535.636,465.263,558.386,485.253,547.011,475.258,22.751,19.990
youtube_juggling_for_data_analysis_eh1I3SlZn48_075_090.mp4,846,14.114100,32,sports ball,0.567122,608.289,332.474,628.273,352.310,618.281,342.392,19.984,19.836
youtube_juggling_for_data_analysis_eh1I3SlZn48_075_090.mp4,846,14.114100,32,sports ball,0.564658,646.846,329.890,667.600,352.112,657.223,341.001,20.754,22.222
youtube_juggling_for_data_analysis_eh1I3SlZn48_075_090.mp4,847,14.130783,32,sports ball,0.792208,648.565,343.987,668.525,364.724,658.545,354.355,19.960,20.737
youtube_juggling_for_data_analysis_eh1I3SlZn48_075_090.mp4,847,14.130783,32,sports ball,0.742194,607.975,320.740,623.687,342.215,615.831,331.477,15.712,21.475
youtube_juggling_for_data_analysis_eh1I3SlZn48_075_090.mp4,847,14.130783,32,sports ball,0.522794,613.063,227.665,633.746,247.566,623.405,237.615,20.683,19.901
youtube_juggling_for_data_analysis_eh1I3SlZn48_075_090.mp4,847,14.130783,32,sports ball,0.382465,552.740,228.196,574.169,249.419,563.455,238.808,21.429,21.222
youtube_juggling_for_data_analysis_eh1I3SlZn48_075_090.mp4,848,14.147467,32,sports ball,0.817143,650.477,354.311,670.854,376.529,660.665,365.420,20.377,22.219
youtube_juggling_for_data_analysis_eh1I3SlZn48_075_090.mp4,848,14.147467,32,sports ball,0.631521,604.487,309.931,623.422,330.664,613.954,320.297,18.935,20.733
youtube_juggling_for_data_analysis_eh1I3SlZn48_075_090.mp4,848,14.147467,32,sports ball,0.288767,614.702,224.030,635.330,245.738,625.016,234.884,20.628,21.709
youtube_juggling_for_data_analysis_eh1I3SlZn48_075_090.mp4,848,14.147467,32,sports ball,0.211490,550.911,232.879,571.651,253.751,561.281,243.315,20.740,20.873
youtube_juggling_for_data_analysis_eh1I3SlZn48_075_090.mp4,849,14.164150,32,sports ball,0.777849,652.221,367.541,670.927,388.767,661.574,378.154,18.706,21.226
youtube_juggling_for_data_analysis_eh1I3SlZn48_075_090.mp4,849,14.164150,32,sports ball,0.563400,602.502,299.802,622.805,320.312,612.653,310.057,20.303,20.510
youtube_juggling_for_data_analysis_eh1I3SlZn48_075_090.mp4,849,14.164150,32,sports ball,0.191635,549.197,236.992,570.254,259.168,559.726,248.080,21.057,22.176
youtube_juggling_for_data_analysis_eh1I3SlZn48_075_090.mp4,849,14.164150,32,sports ball,0.168294,615.484,221.380,637.865,243.677,626.674,232.528,22.381,22.297
youtube_juggling_for_data_analysis_eh1I3SlZn48_075_090.mp4,850,14.180833,32,sports ball,0.777622,654.102,380.878,672.387,400.825,663.245,390.851,18.284,19.947
youtube_juggling_for_data_analysis_eh1I3SlZn48_075_090.mp4,850,14.180833,32,sports ball,0.619632,600.981,290.868,620.717,311.669,610.849,301.269,19.736,20.800
youtube_juggling_for_data_analysis_eh1I3SlZn48_075_090.mp4,850,14.180833,32,sports ball,0.278857,618.974,218.494,638.587,240.933,628.780,229.714,19.613,22.439
youtube_juggling_for_data_analysis_eh1I3SlZn48_075_090.mp4,850,14.180833,32,sports ball,0.253804,547.520,242.564,568.365,265.048,557.942,253.806,20.845,22.483
youtube_juggling_for_data_analysis_eh1I3SlZn48_075_090.mp4,851,14.197517,32,sports ball,0.706229,619.763,218.388,640.522,239.488,630.142,228.938,20.759,21.100
youtube_juggling_for_data_analysis_eh1I3SlZn48_075_090.mp4,851,14.197517,32,sports ball,0.681884,599.400,281.443,620.007,303.214,609.704,292.329,20.606,21.771
youtube_juggling_for_data_analysis_eh1I3SlZn48_075_090.mp4,851,14.197517,32,sports ball,0.404781,656.338,396.300,673.331,412.812,664.835,404.556,16.994,16.511
youtube_juggling_for_data_analysis_eh1I3SlZn48_075_090.mp4,851,14.197517,32,sports ball,0.385527,655.166,392.885,676.907,412.528,666.037,402.706,21.742,19.643
youtube_juggling_for_data_analysis_eh1I3SlZn48_075_090.mp4,851,14.197517,32,sports ball,0.322021,545.507,249.495,567.276,270.186,556.392,259.841,21.770,20.690
youtube_juggling_for_data_analysis_eh1I3SlZn48_075_090.mp4,852,14.214200,32,sports ball,0.639920,621.051,218.862,640.884,238.648,630.967,228.755,19.833,19.787
youtube_juggling_for_data_analysis_eh1I3SlZn48_075_090.mp4,852,14.214200,32,sports ball,0.567625,545.061,255.466,566.253,277.642,555.657,266.554,21.191,22.176
youtube_juggling_for_data_analysis_eh1I3SlZn48_075_090.mp4,852,14.214200,32,sports ball,0.491526,655.945,401.859,673.612,420.753,664.779,411.306,17.666,18.893
youtube_juggling_for_data_analysis_eh1I3SlZn48_075_090.mp4,852,14.214200,32,sports ball,0.414095,598.219,272.759,620.171,295.387,609.195,284.073,21.952,22.629
youtube_juggling_for_data_analysis_eh1I3SlZn48_075_090.mp4,852,14.214200,32,sports ball,0.182029,566.990,445.904,585.880,463.922,576.435,454.913,18.890,18.018
youtube_juggling_for_data_analysis_eh1I3SlZn48_075_090.mp4,853,14.230883,32,sports ball,0.673010,544.261,263.230,563.673,283.881,553.967,273.555,19.412,20.651
youtube_juggling_for_data_analysis_eh1I3SlZn48_075_090.mp4,853,14.230883,32,sports ball,0.574819,653.335,409.593,672.237,429.824,662.786,419.708,18.902,20.231
youtube_juggling_for_data_analysis_eh1I3SlZn48_075_090.mp4,853,14.230883,32,sports ball,0.550824,623.302,218.819,641.858,238.609,632.580,228.714,18.556,19.790
youtube_juggling_for_data_analysis_eh1I3SlZn48_075_090.mp4,853,14.230883,32,sports ball,0.369819,594.943,267.376,616.910,288.445,605.926,277.910,21.967,21.069
youtube_juggling_for_data_analysis_eh1I3SlZn48_075_090.mp4,853,14.230883,32,sports ball,0.292523,567.865,432.181,589.229,455.130,578.547,443.655,21.364,22.949
youtube_juggling_for_data_analysis_eh1I3SlZn48_075_090.mp4,854,14.247567,32,sports ball,0.519167,574.206,418.245,590.805,435.090,582.505,426.668,16.599,16.845
youtube_juggling_for_data_analysis_eh1I3SlZn48_075_090.mp4,854,14.247567,32,sports ball,0.487747,651.285,417.728,671.479,436.888,661.382,427.308,20.194,19.160
youtube_juggling_for_data_analysis_eh1I3SlZn48_075_090.mp4,854,14.247567,32,sports ball,0.474869,593.384,259.023,616.620,280.789,605.002,269.906,23.236,21.767
youtube_juggling_for_data_analysis_eh1I3SlZn48_075_090.mp4,854,14.247567,32,sports ball,0.454151,540.189,271.443,562.345,291.471,551.267,281.457,22.156,20.028
youtube_juggling_for_data_analysis_eh1I3SlZn48_075_090.mp4,854,14.247567,32,sports ball,0.308624,624.419,219.229,646.007,239.164,635.213,229.196,21.588,19.935
youtube_juggling_for_data_analysis_eh1I3SlZn48_075_090.mp4,855,14.264250,32,sports ball,0.346518,575.646,403.637,592.418,420.407,584.032,412.022,16.772,16.770
youtube_juggling_for_data_analysis_eh1I3SlZn48_075_090.mp4,856,14.280933,32,sports ball,0.531565,537.125,287.681,557.433,309.293,547.279,298.487,20.308,21.612
youtube_juggling_for_data_analysis_eh1I3SlZn48_075_090.mp4,856,14.280933,32,sports ball,0.523421,576.613,389.984,593.095,407.490,584.854,398.737,16.482,17.506
youtube_juggling_for_data_analysis_eh1I3SlZn48_075_090.mp4,856,14.280933,32,sports ball,0.381787,591.916,247.314,612.314,268.454,602.115,257.884,20.398,21.140
youtube_juggling_for_data_analysis_eh1I3SlZn48_075_090.mp4,856,14.280933,32,sports ball,0.299784,628.992,221.022,650.089,241.628,639.541,231.325,21.097,20.605
youtube_juggling_for_data_analysis_eh1I3SlZn48_075_090.mp4,856,14.280933,32,sports ball,0.217451,644.817,432.759,665.985,456.409,655.401,444.584,21.168,23.651
youtube_juggling_for_data_analysis_eh1I3SlZn48_075_090.mp4,857,14.297617,32,sports ball,0.429596,535.949,296.833,556.660,318.001,546.305,307.417,20.711,21.168
youtube_juggling_for_data_analysis_eh1I3SlZn48_075_090.mp4,857,14.297617,32,sports ball,0.382018,589.966,242.013,611.568,263.085,600.767,252.549,21.602,21.072
youtube_juggling_for_data_analysis_eh1I3SlZn48_075_090.mp4,857,14.297617,32,sports ball,0.271668,630.514,223.501,650.377,242.803,640.446,233.152,19.863,19.303
youtube_juggling_for_data_analysis_eh1I3SlZn48_075_090.mp4,857,14.297617,32,sports ball,0.261191,640.842,441.615,663.571,463.786,652.207,452.700,22.729,22.171
youtube_juggling_for_data_analysis_eh1I3SlZn48_075_090.mp4,858,14.314300,32,sports ball,0.640208,535.035,307.778,554.047,328.530,544.541,318.154,19.012,20.752
youtube_juggling_for_data_analysis_eh1I3SlZn48_075_090.mp4,858,14.314300,32,sports ball,0.545477,588.503,237.602,611.148,256.734,599.826,247.168,22.645,19.132
youtube_juggling_for_data_analysis_eh1I3SlZn48_075_090.mp4,858,14.314300,32,sports ball,0.425575,632.857,225.461,653.014,246.481,642.935,235.971,20.157,21.020
youtube_juggling_for_data_analysis_eh1I3SlZn48_075_090.mp4,858,14.314300,32,sports ball,0.207539,578.394,362.213,595.242,385.390,586.818,373.802,16.849,23.177
youtube_juggling_for_data_analysis_eh1I3SlZn48_075_090.mp4,859,14.330983,32,sports ball,0.793349,587.370,233.120,607.471,254.289,597.421,243.704,20.101,21.168
youtube_juggling_for_data_analysis_eh1I3SlZn48_075_090.mp4,859,14.330983,32,sports ball,0.655870,581.484,350.542,598.629,368.751,590.056,359.647,17.144,18.210
youtube_juggling_for_data_analysis_eh1I3SlZn48_075_090.mp4,859,14.330983,32,sports ball,0.497217,532.129,316.868,552.854,339.391,542.492,328.130,20.725,22.524
youtube_juggling_for_data_analysis_eh1I3SlZn48_075_090.mp4,859,14.330983,32,sports ball,0.427907,633.707,228.899,654.638,248.566,644.172,238.733,20.931,19.667
youtube_juggling_for_data_analysis_eh1I3SlZn48_075_090.mp4,860,14.347667,32,sports ball,0.643698,584.823,229.249,605.768,249.733,595.296,239.491,20.945,20.484
youtube_juggling_for_data_analysis_eh1I3SlZn48_075_090.mp4,860,14.347667,32,sports ball,0.534976,530.575,327.807,551.188,350.794,540.881,339.301,20.613,22.988
youtube_juggling_for_data_analysis_eh1I3SlZn48_075_090.mp4,860,14.347667,32,sports ball,0.533664,635.244,231.948,655.932,252.182,645.588,242.065,20.689,20.233
youtube_juggling_for_data_analysis_eh1I3SlZn48_075_090.mp4,860,14.347667,32,sports ball,0.326142,583.294,337.561,599.509,353.919,591.401,345.740,16.215,16.357
youtube_juggling_for_data_analysis_eh1I3SlZn48_075_090.mp4,860,14.347667,32,sports ball,0.195492,631.213,459.527,652.718,479.674,641.965,469.600,21.505,20.146
youtube_juggling_for_data_analysis_eh1I3SlZn48_075_090.mp4,861,14.364350,32,sports ball,0.573001,583.343,226.439,604.775,247.581,594.059,237.010,21.432,21.142
youtube_juggling_for_data_analysis_eh1I3SlZn48_075_090.mp4,861,14.364350,32,sports ball,0.548999,529.038,339.991,549.464,362.968,539.251,351.479,20.425,22.977
youtube_juggling_for_data_analysis_eh1I3SlZn48_075_090.mp4,861,14.364350,32,sports ball,0.537013,635.945,235.893,658.112,257.107,647.028,246.500,22.167,21.214
youtube_juggling_for_data_analysis_eh1I3SlZn48_075_090.mp4,861,14.364350,32,sports ball,0.407717,584.501,327.444,601.718,345.682,593.109,336.563,17.217,18.238
youtube_juggling_for_data_analysis_eh1I3SlZn48_075_090.mp4,861,14.364350,32,sports ball,0.279341,528.879,339.808,549.588,363.385,539.233,351.597,20.709,23.576
youtube_juggling_for_data_analysis_eh1I3SlZn48_075_090.mp4,862,14.381033,32,sports ball,0.699782,527.973,352.956,547.508,375.970,537.741,364.463,19.535,23.015
youtube_juggling_for_data_analysis_eh1I3SlZn48_075_090.mp4,862,14.381033,32,sports ball,0.684868,640.492,240.329,660.115,260.791,650.304,250.560,19.623,20.462
youtube_juggling_for_data_analysis_eh1I3SlZn48_075_090.mp4,862,14.381033,32,sports ball,0.657612,580.955,224.055,602.567,244.037,591.761,234.046,21.612,19.981
youtube_juggling_for_data_analysis_eh1I3SlZn48_075_090.mp4,862,14.381033,32,sports ball,0.455705,585.701,313.323,606.785,334.517,596.243,323.920,21.085,21.194
youtube_juggling_for_data_analysis_eh1I3SlZn48_075_090.mp4,862,14.381033,32,sports ball,0.163500,626.088,460.064,648.030,481.695,637.059,470.880,21.942,21.631
youtube_juggling_for_data_analysis_eh1I3SlZn48_075_090.mp4,863,14.397717,32,sports ball,0.605225,526.388,365.526,544.340,386.745,535.364,376.136,17.952,21.219
youtube_juggling_for_data_analysis_eh1I3SlZn48_075_090.mp4,863,14.397717,32,sports ball,0.274043,641.597,245.348,662.897,267.095,652.247,256.221,21.300,21.747
youtube_juggling_for_data_analysis_eh1I3SlZn48_075_090.mp4,863,14.397717,32,sports ball,0.270397,579.839,222.366,602.071,242.550,590.955,232.458,22.231,20.184
youtube_juggling_for_data_analysis_eh1I3SlZn48_075_090.mp4,863,14.397717,32,sports ball,0.176307,586.600,304.363,607.304,322.183,596.952,313.273,20.704,17.820
youtube_juggling_for_data_analysis_eh1I3SlZn48_075_090.mp4,864,14.414400,32,sports ball,0.758949,523.454,378.915,543.087,399.315,533.271,389.115,19.633,20.401
youtube_juggling_for_data_analysis_eh1I3SlZn48_075_090.mp4,864,14.414400,32,sports ball,0.440913,588.103,294.860,608.324,314.373,598.214,304.617,20.220,19.513
youtube_juggling_for_data_analysis_eh1I3SlZn48_075_090.mp4,864,14.414400,32,sports ball,0.292095,578.562,219.650,600.911,240.205,589.737,229.927,22.349,20.555
youtube_juggling_for_data_analysis_eh1I3SlZn48_075_090.mp4,864,14.414400,32,sports ball,0.227086,643.098,250.797,664.078,271.821,653.588,261.309,20.980,21.024
youtube_juggling_for_data_analysis_eh1I3SlZn48_075_090.mp4,865,14.431083,32,sports ball,0.717077,521.712,393.293,541.986,413.624,531.849,403.459,20.274,20.332
youtube_juggling_for_data_analysis_eh1I3SlZn48_075_090.mp4,865,14.431083,32,sports ball,0.433810,577.073,218.755,599.554,239.506,588.314,229.131,22.481,20.751
youtube_juggling_for_data_analysis_eh1I3SlZn48_075_090.mp4,865,14.431083,32,sports ball,0.222688,589.364,285.764,610.160,306.438,599.762,296.101,20.796,20.673
youtube_juggling_for_data_analysis_eh1I3SlZn48_075_090.mp4,866,14.447767,32,sports ball,0.728441,521.105,403.183,540.814,424.124,530.959,413.653,19.709,20.941
youtube_juggling_for_data_analysis_eh1I3SlZn48_075_090.mp4,866,14.447767,32,sports ball,0.719400,576.256,218.377,598.832,239.382,587.544,228.880,22.576,21.005
youtube_juggling_for_data_analysis_eh1I3SlZn48_075_090.mp4,866,14.447767,32,sports ball,0.437930,615.999,428.285,638.650,449.649,627.325,438.967,22.651,21.364
youtube_juggling_for_data_analysis_eh1I3SlZn48_075_090.mp4,866,14.447767,32,sports ball,0.391567,589.817,275.419,612.146,297.951,600.981,286.685,22.329,22.532
youtube_juggling_for_data_analysis_eh1I3SlZn48_075_090.mp4,866,14.447767,32,sports ball,0.292030,647.195,264.767,668.559,285.956,657.877,275.361,21.364,21.188
youtube_juggling_for_data_analysis_eh1I3SlZn48_075_090.mp4,866,14.447767,32,sports ball,0.209768,521.529,405.348,540.069,424.184,530.799,414.766,18.540,18.835
youtube_juggling_for_data_analysis_eh1I3SlZn48_075_090.mp4,867,14.464450,32,sports ball,0.742490,518.640,411.821,539.703,432.127,529.172,421.974,21.062,20.306
youtube_juggling_for_data_analysis_eh1I3SlZn48_075_090.mp4,867,14.464450,32,sports ball,0.736725,616.257,416.373,635.422,435.688,625.840,426.031,19.166,19.315
youtube_juggling_for_data_analysis_eh1I3SlZn48_075_090.mp4,867,14.464450,32,sports ball,0.589752,574.732,218.429,595.265,239.467,584.999,228.948,20.533,21.039
youtube_juggling_for_data_analysis_eh1I3SlZn48_075_090.mp4,867,14.464450,32,sports ball,0.522658,647.607,272.054,670.336,292.030,658.972,282.042,22.729,19.976
youtube_juggling_for_data_analysis_eh1I3SlZn48_075_090.mp4,867,14.464450,32,sports ball,0.456854,591.942,267.894,612.646,289.562,602.294,278.728,20.704,21.668
youtube_juggling_for_data_analysis_eh1I3SlZn48_075_090.mp4,867,14.464450,32,sports ball,0.234086,616.405,416.373,635.810,433.002,626.107,424.687,19.404,16.630
youtube_juggling_for_data_analysis_eh1I3SlZn48_075_090.mp4,868,14.481133,32,sports ball,0.625666,614.345,401.301,632.987,421.519,623.666,411.410,18.643,20.217
youtube_juggling_for_data_analysis_eh1I3SlZn48_075_090.mp4,868,14.481133,32,sports ball,0.605942,518.675,420.852,540.664,443.050,529.670,431.951,21.990,22.198
youtube_juggling_for_data_analysis_eh1I3SlZn48_075_090.mp4,868,14.481133,32,sports ball,0.357503,649.514,278.556,671.881,301.576,660.698,290.066,22.366,23.020
youtube_juggling_for_data_analysis_eh1I3SlZn48_075_090.mp4,868,14.481133,32,sports ball,0.233474,573.732,218.938,594.496,240.664,584.114,229.801,20.764,21.726
youtube_juggling_for_data_analysis_eh1I3SlZn48_075_090.mp4,868,14.481133,32,sports ball,0.179464,592.940,259.924,614.830,281.692,603.885,270.808,21.890,21.768
youtube_juggling_for_data_analysis_eh1I3SlZn48_075_090.mp4,869,14.497817,32,sports ball,0.709128,612.945,385.761,631.938,406.791,622.442,396.276,18.993,21.030
youtube_juggling_for_data_analysis_eh1I3SlZn48_075_090.mp4,869,14.497817,32,sports ball,0.495039,594.343,255.963,615.944,273.593,605.144,264.778,21.601,17.630
youtube_juggling_for_data_analysis_eh1I3SlZn48_075_090.mp4,869,14.497817,32,sports ball,0.263829,519.794,429.943,540.671,446.607,530.233,438.275,20.877,16.664
youtube_juggling_for_data_analysis_eh1I3SlZn48_075_090.mp4,869,14.497817,32,sports ball,0.184601,651.854,287.733,672.223,309.136,662.038,298.434,20.369,21.403
youtube_juggling_for_data_analysis_eh1I3SlZn48_075_090.mp4,870,14.514500,32,sports ball,0.648903,612.258,373.471,631.597,392.465,621.927,382.968,19.339,18.994
youtube_juggling_for_data_analysis_eh1I3SlZn48_075_090.mp4,870,14.514500,32,sports ball,0.535853,596.309,247.008,617.068,267.591,606.689,257.300,20.758,20.583
youtube_juggling_for_data_analysis_eh1I3SlZn48_075_090.mp4,870,14.514500,32,sports ball,0.466444,655.161,296.724,672.254,318.602,663.707,307.663,17.093,21.878
youtube_juggling_for_data_analysis_eh1I3SlZn48_075_090.mp4,870,14.514500,32,sports ball,0.303243,569.852,223.855,590.370,241.300,580.111,232.578,20.518,17.445
youtube_juggling_for_data_analysis_eh1I3SlZn48_075_090.mp4,870,14.514500,32,sports ball,0.298676,521.316,433.533,544.776,457.802,533.046,445.668,23.459,24.268
youtube_juggling_for_data_analysis_eh1I3SlZn48_075_090.mp4,870,14.514500,32,sports ball,0.254262,611.358,371.423,631.761,392.608,621.559,382.016,20.402,21.185
youtube_juggling_for_data_analysis_eh1I3SlZn48_075_090.mp4,870,14.514500,32,sports ball,0.162793,522.829,437.863,544.034,458.772,533.432,448.317,21.205,20.909
youtube_juggling_for_data_analysis_eh1I3SlZn48_075_090.mp4,871,14.531183,32,sports ball,0.633072,597.240,241.563,618.493,262.463,607.866,252.013,21.253,20.900
youtube_juggling_for_data_analysis_eh1I3SlZn48_075_090.mp4,871,14.531183,32,sports ball,0.445318,611.950,358.802,630.068,378.484,621.009,368.643,18.118,19.681
youtube_juggling_for_data_analysis_eh1I3SlZn48_075_090.mp4,871,14.531183,32,sports ball,0.434606,567.945,224.533,589.291,244.784,578.618,234.659,21.346,20.251
youtube_juggling_for_data_analysis_eh1I3SlZn48_075_090.mp4,871,14.531183,32,sports ball,0.405209,526.246,444.320,547.505,464.502,536.875,454.411,21.259,20.182
youtube_juggling_for_data_analysis_eh1I3SlZn48_075_090.mp4,871,14.531183,32,sports ball,0.375228,655.851,306.576,673.854,327.265,664.853,316.920,18.002,20.689
youtube_juggling_for_data_analysis_eh1I3SlZn48_075_090.mp4,872,14.547867,32,sports ball,0.486029,609.667,345.127,627.912,366.085,618.790,355.606,18.246,20.958
youtube_juggling_for_data_analysis_eh1I3SlZn48_075_090.mp4,872,14.547867,32,sports ball,0.359905,597.572,235.771,622.106,255.846,609.839,245.809,24.534,20.075
youtube_juggling_for_data_analysis_eh1I3SlZn48_075_090.mp4,872,14.547867,32,sports ball,0.305712,566.586,226.797,588.229,248.155,577.407,237.476,21.644,21.358
youtube_juggling_for_data_analysis_eh1I3SlZn48_075_090.mp4,873,14.564550,32,sports ball,0.469755,659.477,326.782,679.183,347.483,669.330,337.132,19.707,20.701
youtube_juggling_for_data_analysis_eh1I3SlZn48_075_090.mp4,873,14.564550,32,sports ball,0.422860,535.129,457.078,555.566,474.901,545.347,465.989,20.437,17.823
youtube_juggling_for_data_analysis_eh1I3SlZn48_075_090.mp4,873,14.564550,32,sports ball,0.323028,599.887,232.188,621.445,250.896,610.666,241.542,21.558,18.707
youtube_juggling_for_data_analysis_eh1I3SlZn48_075_090.mp4,873,14.564550,32,sports ball,0.272966,534.308,456.999,555.981,479.156,545.145,468.078,21.672,22.157
youtube_juggling_for_data_analysis_eh1I3SlZn48_075_090.mp4,874,14.581233,32,sports ball,0.732328,661.210,338.735,681.363,358.282,671.287,348.509,20.153,19.548
youtube_juggling_for_data_analysis_eh1I3SlZn48_075_090.mp4,874,14.581233,32,sports ball,0.556778,608.266,322.029,626.481,345.038,617.373,333.533,18.215,23.009
youtube_juggling_for_data_analysis_eh1I3SlZn48_075_090.mp4,874,14.581233,32,sports ball,0.537252,601.555,227.556,622.436,247.343,611.995,237.450,20.880,19.787
youtube_juggling_for_data_analysis_eh1I3SlZn48_075_090.mp4,874,14.581233,32,sports ball,0.284454,539.553,463.482,560.403,483.213,549.978,473.347,20.850,19.731
youtube_juggling_for_data_analysis_eh1I3SlZn48_075_090.mp4,874,14.581233,32,sports ball,0.264072,562.232,232.540,585.044,255.778,573.638,244.159,22.812,23.238
youtube_juggling_for_data_analysis_eh1I3SlZn48_075_090.mp4,875,14.597917,32,sports ball,0.688989,664.029,349.259,682.562,369.772,673.295,359.516,18.533,20.513
youtube_juggling_for_data_analysis_eh1I3SlZn48_075_090.mp4,875,14.597917,32,sports ball,0.650459,602.223,223.112,624.826,243.501,613.525,233.306,22.603,20.389
youtube_juggling_for_data_analysis_eh1I3SlZn48_075_090.mp4,875,14.597917,32,sports ball,0.626015,604.818,310.076,625.029,331.929,614.923,321.002,20.211,21.854
youtube_juggling_for_data_analysis_eh1I3SlZn48_075_090.mp4,875,14.597917,32,sports ball,0.579923,560.866,237.582,582.146,259.310,571.506,248.446,21.280,21.728
youtube_juggling_for_data_analysis_eh1I3SlZn48_075_090.mp4,875,14.597917,32,sports ball,0.351144,544.842,467.525,564.948,488.725,554.895,478.125,20.106,21.200
youtube_juggling_for_data_analysis_eh1I3SlZn48_075_090.mp4,875,14.597917,32,sports ball,0.328341,544.972,467.794,565.076,488.395,555.024,478.095,20.104,20.601
youtube_juggling_for_data_analysis_eh1I3SlZn48_075_090.mp4,875,14.597917,32,sports ball,0.164243,602.223,222.764,625.086,243.615,613.654,233.189,22.863,20.850
youtube_juggling_for_data_analysis_eh1I3SlZn48_075_090.mp4,876,14.614600,32,sports ball,0.696384,603.114,299.291,623.786,320.451,613.450,309.871,20.672,21.160
youtube_juggling_for_data_analysis_eh1I3SlZn48_075_090.mp4,876,14.614600,32,sports ball,0.690709,665.714,362.598,684.227,382.073,674.970,372.335,18.512,19.475
youtube_juggling_for_data_analysis_eh1I3SlZn48_075_090.mp4,876,14.614600,32,sports ball,0.461512,558.854,243.279,580.273,265.130,569.563,254.204,21.419,21.851
youtube_juggling_for_data_analysis_eh1I3SlZn48_075_090.mp4,876,14.614600,32,sports ball,0.431549,603.258,219.527,625.761,239.310,614.509,229.419,22.503,19.783
youtube_juggling_for_data_analysis_eh1I3SlZn48_075_090.mp4,876,14.614600,32,sports ball,0.185741,665.529,361.881,684.039,382.050,674.784,371.965,18.510,20.169
youtube_juggling_for_data_analysis_eh1I3SlZn48_075_090.mp4,876,14.614600,32,sports ball,0.163328,548.621,468.069,569.584,489.488,559.102,478.778,20.963,21.419
youtube_juggling_for_data_analysis_eh1I3SlZn48_075_090.mp4,877,14.631283,32,sports ball,0.662387,666.564,374.740,686.834,393.607,676.699,384.173,20.271,18.866
youtube_juggling_for_data_analysis_eh1I3SlZn48_075_090.mp4,877,14.631283,32,sports ball,0.554038,558.047,250.291,577.438,270.195,567.743,260.243,19.391,19.904
youtube_juggling_for_data_analysis_eh1I3SlZn48_075_090.mp4,877,14.631283,32,sports ball,0.549672,605.428,216.336,627.910,237.496,616.669,226.916,22.482,21.160
youtube_juggling_for_data_analysis_eh1I3SlZn48_075_090.mp4,877,14.631283,32,sports ball,0.430258,602.087,289.930,623.244,311.270,612.665,300.600,21.157,21.340
youtube_juggling_for_data_analysis_eh1I3SlZn48_075_090.mp4,877,14.631283,32,sports ball,0.222468,666.425,373.093,687.430,393.008,676.927,383.051,21.005,19.915
youtube_juggling_for_data_analysis_eh1I3SlZn48_075_090.mp4,878,14.647967,32,sports ball,0.628172,667.441,380.396,690.353,398.419,678.897,389.408,22.912,18.022
youtube_juggling_for_data_analysis_eh1I3SlZn48_075_090.mp4,878,14.647967,32,sports ball,0.459077,601.404,281.078,621.608,301.744,611.506,291.411,20.204,20.666
youtube_juggling_for_data_analysis_eh1I3SlZn48_075_090.mp4,878,14.647967,32,sports ball,0.253863,557.973,465.043,578.256,482.685,568.115,473.864,20.283,17.641
youtube_juggling_for_data_analysis_eh1I3SlZn48_075_090.mp4,878,14.647967,32,sports ball,0.227917,556.252,255.311,576.327,277.397,566.290,266.354,20.075,22.086
youtube_juggling_for_data_analysis_eh1I3SlZn48_075_090.mp4,878,14.647967,32,sports ball,0.218769,556.448,256.174,575.990,276.578,566.219,266.376,19.542,20.404
youtube_juggling_for_data_analysis_eh1I3SlZn48_075_090.mp4,878,14.647967,32,sports ball,0.204409,607.156,214.795,628.840,235.108,617.998,224.952,21.684,20.313
youtube_juggling_for_data_analysis_eh1I3SlZn48_075_090.mp4,878,14.647967,32,sports ball,0.168084,667.313,380.152,690.328,402.600,678.821,391.376,23.015,22.448
youtube_juggling_for_data_analysis_eh1I3SlZn48_075_090.mp4,879,14.664650,32,sports ball,0.683717,554.773,262.426,575.037,283.420,564.905,272.923,20.264,20.995
youtube_juggling_for_data_analysis_eh1I3SlZn48_075_090.mp4,879,14.664650,32,sports ball,0.548639,599.838,271.513,620.644,291.717,610.241,281.615,20.807,20.203
youtube_juggling_for_data_analysis_eh1I3SlZn48_075_090.mp4,879,14.664650,32,sports ball,0.532938,670.136,388.394,690.825,406.339,680.481,397.366,20.689,17.945
youtube_juggling_for_data_analysis_eh1I3SlZn48_075_090.mp4,879,14.664650,32,sports ball,0.480441,607.275,212.076,629.542,233.443,618.409,222.760,22.267,21.367
youtube_juggling_for_data_analysis_eh1I3SlZn48_075_090.mp4,880,14.681333,32,sports ball,0.628924,671.982,395.885,691.626,416.211,681.804,406.048,19.645,20.326
youtube_juggling_for_data_analysis_eh1I3SlZn48_075_090.mp4,880,14.681333,32,sports ball,0.251559,553.332,269.585,574.090,290.708,563.711,280.147,20.758,21.123
youtube_juggling_for_data_analysis_eh1I3SlZn48_075_090.mp4,880,14.681333,32,sports ball,0.240352,598.558,263.249,619.169,284.592,608.863,273.921,20.610,21.344
youtube_juggling_for_data_analysis_eh1I3SlZn48_075_090.mp4,881,14.698017,32,sports ball,0.651616,671.268,403.554,691.198,422.374,681.233,412.964,19.931,18.820
youtube_juggling_for_data_analysis_eh1I3SlZn48_075_090.mp4,881,14.698017,32,sports ball,0.606608,551.019,277.313,571.773,299.012,561.396,288.163,20.754,21.699
youtube_juggling_for_data_analysis_eh1I3SlZn48_075_090.mp4,881,14.698017,32,sports ball,0.572062,610.869,210.567,632.738,231.206,621.804,220.887,21.870,20.638
youtube_juggling_for_data_analysis_eh1I3SlZn48_075_090.mp4,881,14.698017,32,sports ball,0.564129,597.960,256.258,618.075,276.502,608.018,266.380,20.115,20.244
youtube_juggling_for_data_analysis_eh1I3SlZn48_075_090.mp4,881,14.698017,32,sports ball,0.371610,671.702,405.448,690.590,423.712,681.146,414.580,18.888,18.264
youtube_juggling_for_data_analysis_eh1I3SlZn48_075_090.mp4,881,14.698017,32,sports ball,0.219092,563.975,429.707,587.357,447.489,575.666,438.598,23.382,17.782
youtube_juggling_for_data_analysis_eh1I3SlZn48_075_090.mp4,882,14.714700,32,sports ball,0.826997,569.658,412.599,587.971,432.852,578.814,422.725,18.313,20.253
youtube_juggling_for_data_analysis_eh1I3SlZn48_075_090.mp4,882,14.714700,32,sports ball,0.603067,611.656,210.385,632.800,231.203,622.228,220.794,21.144,20.819
youtube_juggling_for_data_analysis_eh1I3SlZn48_075_090.mp4,882,14.714700,32,sports ball,0.570033,595.520,247.386,617.236,269.539,606.378,258.463,21.716,22.153
youtube_juggling_for_data_analysis_eh1I3SlZn48_075_090.mp4,882,14.714700,32,sports ball,0.547463,669.643,412.342,690.451,431.764,680.047,422.053,20.808,19.422
youtube_juggling_for_data_analysis_eh1I3SlZn48_075_090.mp4,882,14.714700,32,sports ball,0.479218,549.082,285.658,570.762,306.896,559.922,296.277,21.680,21.238
youtube_juggling_for_data_analysis_eh1I3SlZn48_075_090.mp4,882,14.714700,32,sports ball,0.253092,668.424,411.818,690.648,435.118,679.536,423.468,22.223,23.300
youtube_juggling_for_data_analysis_eh1I3SlZn48_075_090.mp4,883,14.731383,32,sports ball,0.692002,571.277,398.712,591.104,416.182,581.191,407.447,19.828,17.470
youtube_juggling_for_data_analysis_eh1I3SlZn48_075_090.mp4,883,14.731383,32,sports ball,0.635006,593.158,240.614,616.537,262.446,604.848,251.530,23.379,21.832
youtube_juggling_for_data_analysis_eh1I3SlZn48_075_090.mp4,883,14.731383,32,sports ball,0.570842,548.365,295.127,568.476,315.620,558.420,305.373,20.110,20.493
youtube_juggling_for_data_analysis_eh1I3SlZn48_075_090.mp4,883,14.731383,32,sports ball,0.525922,612.077,210.548,634.041,231.442,623.059,220.995,21.964,20.895
youtube_juggling_for_data_analysis_eh1I3SlZn48_075_090.mp4,883,14.731383,32,sports ball,0.469280,665.903,421.761,685.717,442.367,675.810,432.064,19.814,20.605
youtube_juggling_for_data_analysis_eh1I3SlZn48_075_090.mp4,884,14.748067,32,sports ball,0.626655,576.293,384.958,591.656,401.415,583.974,393.186,15.364,16.457
youtube_juggling_for_data_analysis_eh1I3SlZn48_075_090.mp4,884,14.748067,32,sports ball,0.387733,663.590,430.848,682.741,449.356,673.165,440.102,19.151,18.508
youtube_juggling_for_data_analysis_eh1I3SlZn48_075_090.mp4,884,14.748067,32,sports ball,0.323664,592.840,234.535,615.398,256.160,604.119,245.347,22.559,21.625
youtube_juggling_for_data_analysis_eh1I3SlZn48_075_090.mp4,884,14.748067,32,sports ball,0.255085,546.350,303.752,566.982,324.072,556.666,313.912,20.632,20.320
youtube_juggling_for_data_analysis_eh1I3SlZn48_075_090.mp4,884,14.748067,32,sports ball,0.221050,613.676,210.278,635.277,232.403,624.477,221.341,21.601,22.124
youtube_juggling_for_data_analysis_eh1I3SlZn48_075_090.mp4,885,14.764750,32,sports ball,0.590722,592.669,228.628,612.074,249.962,602.371,239.295,19.404,21.334
youtube_juggling_for_data_analysis_eh1I3SlZn48_075_090.mp4,885,14.764750,32,sports ball,0.555819,545.620,313.947,565.758,335.701,555.689,324.824,20.139,21.754
youtube_juggling_for_data_analysis_eh1I3SlZn48_075_090.mp4,885,14.764750,32,sports ball,0.516564,615.525,213.386,637.601,232.943,626.563,223.164,22.076,19.557
youtube_juggling_for_data_analysis_eh1I3SlZn48_075_090.mp4,885,14.764750,32,sports ball,0.480177,660.808,439.937,680.200,460.973,670.504,450.455,19.392,21.036
youtube_juggling_for_data_analysis_eh1I3SlZn48_075_090.mp4,885,14.764750,32,sports ball,0.430985,576.763,369.172,593.124,388.312,584.944,378.742,16.360,19.140
youtube_juggling_for_data_analysis_eh1I3SlZn48_075_090.mp4,886,14.781433,32,sports ball,0.686998,545.071,324.920,563.643,346.592,554.357,335.756,18.572,21.672
youtube_juggling_for_data_analysis_eh1I3SlZn48_075_090.mp4,886,14.781433,32,sports ball,0.616783,576.917,355.026,593.908,376.368,585.413,365.697,16.992,21.342
youtube_juggling_for_data_analysis_eh1I3SlZn48_075_090.mp4,886,14.781433,32,sports ball,0.522601,616.421,215.330,638.109,234.683,627.265,225.006,21.688,19.354
youtube_juggling_for_data_analysis_eh1I3SlZn48_075_090.mp4,886,14.781433,32,sports ball,0.515946,592.032,224.391,611.327,246.180,601.679,235.286,19.295,21.789
youtube_juggling_for_data_analysis_eh1I3SlZn48_075_090.mp4,886,14.781433,32,sports ball,0.346520,655.613,448.826,674.071,470.553,664.842,459.690,18.458,21.727
youtube_juggling_for_data_analysis_eh1I3SlZn48_075_090.mp4,887,14.798117,32,sports ball,0.301305,588.821,219.452,610.732,240.155,599.776,229.804,21.911,20.703
youtube_juggling_for_data_analysis_eh1I3SlZn48_075_090.mp4,887,14.798117,32,sports ball,0.222907,618.517,217.739,639.132,237.812,628.824,227.775,20.615,20.073
youtube_juggling_for_data_analysis_eh1I3SlZn48_075_090.mp4,887,14.798117,32,sports ball,0.219598,540.488,335.660,562.874,357.778,551.681,346.719,22.386,22.118
youtube_juggling_for_data_analysis_eh1I3SlZn48_075_090.mp4,887,14.798117,32,sports ball,0.214698,580.833,342.703,595.393,360.102,588.113,351.403,14.560,17.400
youtube_juggling_for_data_analysis_eh1I3SlZn48_075_090.mp4,888,14.814800,32,sports ball,0.710964,620.282,220.654,640.361,240.826,630.322,230.740,20.080,20.172
youtube_juggling_for_data_analysis_eh1I3SlZn48_075_090.mp4,888,14.814800,32,sports ball,0.657486,587.944,214.950,608.783,236.612,598.363,225.781,20.838,21.662
youtube_juggling_for_data_analysis_eh1I3SlZn48_075_090.mp4,888,14.814800,32,sports ball,0.635328,540.567,348.254,559.735,369.509,550.151,358.882,19.168,21.255
youtube_juggling_for_data_analysis_eh1I3SlZn48_075_090.mp4,888,14.814800,32,sports ball,0.480374,581.072,328.315,600.238,346.465,590.655,337.390,19.166,18.150
youtube_juggling_for_data_analysis_eh1I3SlZn48_075_090.mp4,888,14.814800,32,sports ball,0.346065,640.835,463.099,663.810,486.557,652.323,474.828,22.975,23.458
youtube_juggling_for_data_analysis_eh1I3SlZn48_075_090.mp4,889,14.831483,32,sports ball,0.614891,583.955,317.946,601.117,336.675,592.536,327.310,17.162,18.729
youtube_juggling_for_data_analysis_eh1I3SlZn48_075_090.mp4,889,14.831483,32,sports ball,0.492609,620.293,224.127,640.197,244.944,630.245,234.536,19.904,20.817
youtube_juggling_for_data_analysis_eh1I3SlZn48_075_090.mp4,889,14.831483,32,sports ball,0.385459,587.643,211.269,607.867,232.921,597.755,222.095,20.224,21.652
youtube_juggling_for_data_analysis_eh1I3SlZn48_075_090.mp4,889,14.831483,32,sports ball,0.357291,537.035,360.363,558.994,384.173,548.015,372.268,21.959,23.810
youtube_juggling_for_data_analysis_eh1I3SlZn48_075_090.mp4,889,14.831483,32,sports ball,0.333330,537.149,360.450,558.636,383.735,547.892,372.092,21.487,23.285
youtube_juggling_for_data_analysis_eh1I3SlZn48_075_090.mp4,889,14.831483,32,sports ball,0.244578,637.638,464.817,658.154,490.702,647.896,477.759,20.515,25.885
youtube_juggling_for_data_analysis_eh1I3SlZn48_075_090.mp4,890,14.848167,32,sports ball,0.619664,536.547,372.671,556.481,393.046,546.514,382.858,19.934,20.376
youtube_juggling_for_data_analysis_eh1I3SlZn48_075_090.mp4,890,14.848167,32,sports ball,0.467323,585.515,209.605,606.829,228.963,596.172,219.284,21.314,19.358
youtube_juggling_for_data_analysis_eh1I3SlZn48_075_090.mp4,890,14.848167,32,sports ball,0.373914,585.876,304.616,606.408,323.333,596.142,313.975,20.532,18.718
youtube_juggling_for_data_analysis_eh1I3SlZn48_075_090.mp4,890,14.848167,32,sports ball,0.370726,621.514,228.045,641.896,248.229,631.705,238.137,20.382,20.184
youtube_juggling_for_data_analysis_eh1I3SlZn48_075_090.mp4,890,14.848167,32,sports ball,0.180044,631.491,466.221,653.352,492.186,642.421,479.203,21.861,25.965
youtube_juggling_for_data_analysis_eh1I3SlZn48_075_090.mp4,891,14.864850,32,sports ball,0.461909,587.550,294.953,606.988,314.390,597.269,304.671,19.438,19.437
youtube_juggling_for_data_analysis_eh1I3SlZn48_075_090.mp4,891,14.864850,32,sports ball,0.188672,623.896,232.501,644.269,252.962,634.082,242.732,20.373,20.461
youtube_juggling_for_data_analysis_eh1I3SlZn48_075_090.mp4,891,14.864850,32,sports ball,0.175841,583.986,205.847,605.722,226.345,594.854,216.096,21.736,20.498
youtube_juggling_for_data_analysis_eh1I3SlZn48_075_090.mp4,891,14.864850,32,sports ball,0.174044,534.357,384.405,553.385,400.951,543.871,392.678,19.028,16.545
youtube_juggling_for_data_analysis_eh1I3SlZn48_075_090.mp4,892,14.881533,32,sports ball,0.787466,588.712,282.994,608.022,303.958,598.367,293.476,19.311,20.964
youtube_juggling_for_data_analysis_eh1I3SlZn48_075_090.mp4,892,14.881533,32,sports ball,0.653699,584.075,206.064,605.732,224.601,594.904,215.332,21.656,18.537
youtube_juggling_for_data_analysis_eh1I3SlZn48_075_090.mp4,892,14.881533,32,sports ball,0.516580,624.064,238.025,646.350,256.533,635.207,247.279,22.286,18.508
youtube_juggling_for_data_analysis_eh1I3SlZn48_075_090.mp4,892,14.881533,32,sports ball,0.221398,534.137,393.553,552.431,409.020,543.284,401.287,18.294,15.467
youtube_juggling_for_data_analysis_eh1I3SlZn48_075_090.mp4,892,14.881533,32,sports ball,0.197701,624.830,462.579,644.741,483.728,634.785,473.154,19.911,21.150
youtube_juggling_for_data_analysis_eh1I3SlZn48_075_090.mp4,893,14.898217,32,sports ball,0.666752,625.842,241.397,647.442,264.271,636.642,252.834,21.600,22.874
youtube_juggling_for_data_analysis_eh1I3SlZn48_075_090.mp4,893,14.898217,32,sports ball,0.599024,590.783,272.876,610.481,294.503,600.632,283.690,19.698,21.628
youtube_juggling_for_data_analysis_eh1I3SlZn48_075_090.mp4,893,14.898217,32,sports ball,0.583460,582.547,203.520,603.185,224.176,592.866,213.848,20.639,20.655
youtube_juggling_for_data_analysis_eh1I3SlZn48_075_090.mp4,893,14.898217,32,sports ball,0.492764,533.956,399.750,552.694,421.967,543.325,410.858,18.739,22.217
youtube_juggling_for_data_analysis_eh1I3SlZn48_075_090.mp4,893,14.898217,32,sports ball,0.341049,620.598,453.116,640.626,478.195,630.612,465.655,20.028,25.079
youtube_juggling_for_data_analysis_eh1I3SlZn48_075_090.mp4,894,14.914900,32,sports ball,0.697702,627.646,249.771,649.217,269.979,638.432,259.875,21.571,20.207
youtube_juggling_for_data_analysis_eh1I3SlZn48_075_090.mp4,894,14.914900,32,sports ball,0.615725,592.641,264.208,612.165,286.076,602.403,275.142,19.524,21.868
youtube_juggling_for_data_analysis_eh1I3SlZn48_075_090.mp4,894,14.914900,32,sports ball,0.549416,580.578,201.517,602.198,223.720,591.388,212.619,21.619,22.203
youtube_juggling_for_data_analysis_eh1I3SlZn48_075_090.mp4,894,14.914900,32,sports ball,0.480598,617.542,445.008,637.656,466.274,627.599,455.641,20.114,21.266
youtube_juggling_for_data_analysis_eh1I3SlZn48_075_090.mp4,894,14.914900,32,sports ball,0.245351,532.174,407.160,552.047,424.001,542.111,415.580,19.873,16.842
youtube_juggling_for_data_analysis_eh1I3SlZn48_075_090.mp4,894,14.914900,32,sports ball,0.199444,531.869,406.831,551.693,418.400,541.781,412.615,19.824,11.569
youtube_juggling_for_data_analysis_eh1I3SlZn48_075_090.mp4,895,14.931583,32,sports ball,0.599036,594.060,256.405,614.195,277.196,604.127,266.800,20.134,20.791
youtube_juggling_for_data_analysis_eh1I3SlZn48_075_090.mp4,895,14.931583,32,sports ball,0.443259,616.384,433.030,635.338,454.039,625.861,443.535,18.954,21.010
youtube_juggling_for_data_analysis_eh1I3SlZn48_075_090.mp4,895,14.931583,32,sports ball,0.349285,579.679,201.044,601.722,223.728,590.701,212.386,22.043,22.685
youtube_juggling_for_data_analysis_eh1I3SlZn48_075_090.mp4,895,14.931583,32,sports ball,0.333537,628.684,255.885,651.555,277.917,640.119,266.901,22.870,22.032
youtube_juggling_for_data_analysis_eh1I3SlZn48_075_090.mp4,895,14.931583,32,sports ball,0.306774,532.076,412.841,552.082,432.348,542.079,422.594,20.006,19.508
youtube_juggling_for_data_analysis_eh1I3SlZn48_075_090.mp4,895,14.931583,32,sports ball,0.182681,531.431,412.693,552.447,436.512,541.939,424.603,21.016,23.819
youtube_juggling_for_data_analysis_eh1I3SlZn48_075_090.mp4,896,14.948267,32,sports ball,0.574968,614.872,417.542,633.894,439.487,624.383,428.514,19.022,21.945
youtube_juggling_for_data_analysis_eh1I3SlZn48_075_090.mp4,896,14.948267,32,sports ball,0.372203,595.919,247.223,616.224,268.861,606.072,258.042,20.305,21.637
youtube_juggling_for_data_analysis_eh1I3SlZn48_075_090.mp4,896,14.948267,32,sports ball,0.354207,578.779,201.520,600.163,223.645,589.471,212.582,21.384,22.125
youtube_juggling_for_data_analysis_eh1I3SlZn48_075_090.mp4,896,14.948267,32,sports ball,0.339982,532.106,420.267,552.485,439.391,542.295,429.829,20.379,19.124
youtube_juggling_for_data_analysis_eh1I3SlZn48_075_090.mp4,896,14.948267,32,sports ball,0.243921,630.947,263.613,652.041,286.023,641.494,274.818,21.094,22.409
youtube_juggling_for_data_analysis_eh1I3SlZn48_075_090.mp4,897,14.964950,32,sports ball,0.732339,598.130,241.458,618.550,261.383,608.340,251.421,20.419,19.925
youtube_juggling_for_data_analysis_eh1I3SlZn48_075_090.mp4,897,14.964950,32,sports ball,0.638500,612.855,402.961,632.178,424.159,622.516,413.560,19.323,21.198
youtube_juggling_for_data_analysis_eh1I3SlZn48_075_090.mp4,897,14.964950,32,sports ball,0.487463,632.449,272.392,653.924,293.139,643.187,282.766,21.476,20.747
youtube_juggling_for_data_analysis_eh1I3SlZn48_075_090.mp4,897,14.964950,32,sports ball,0.479019,612.807,403.166,632.489,424.244,622.648,413.705,19.682,21.078
youtube_juggling_for_data_analysis_eh1I3SlZn48_075_090.mp4,897,14.964950,32,sports ball,0.448068,576.999,201.685,599.224,224.932,588.112,213.308,22.225,23.247
youtube_juggling_for_data_analysis_eh1I3SlZn48_075_090.mp4,897,14.964950,32,sports ball,0.413262,534.994,425.935,553.896,442.951,544.445,434.443,18.901,17.015
youtube_juggling_for_data_analysis_eh1I3SlZn48_075_090.mp4,897,14.964950,32,sports ball,0.334827,534.760,427.498,554.276,443.429,544.518,435.463,19.516,15.930
youtube_juggling_for_data_analysis_eh1I3SlZn48_075_090.mp4,898,14.981633,32,sports ball,0.720287,611.504,388.825,631.208,409.721,621.356,399.273,19.704,20.896
youtube_juggling_for_data_analysis_eh1I3SlZn48_075_090.mp4,898,14.981633,32,sports ball,0.717708,575.890,204.704,598.561,225.247,587.225,214.975,22.672,20.542
youtube_juggling_for_data_analysis_eh1I3SlZn48_075_090.mp4,898,14.981633,32,sports ball,0.688145,599.200,233.282,619.793,255.205,609.497,244.243,20.593,21.924
youtube_juggling_for_data_analysis_eh1I3SlZn48_075_090.mp4,898,14.981633,32,sports ball,0.688047,633.694,280.682,655.047,302.726,644.370,291.704,21.354,22.043
youtube_juggling_for_data_analysis_eh1I3SlZn48_075_090.mp4,898,14.981633,32,sports ball,0.238304,535.506,434.425,555.342,448.846,545.424,441.635,19.835,14.421
youtube_juggling_for_data_analysis_eh1I3SlZn48_075_090.mp4,899,14.998317,32,sports ball,0.733093,601.679,226.561,622.244,247.693,611.961,237.127,20.565,21.132
youtube_juggling_for_data_analysis_eh1I3SlZn48_075_090.mp4,899,14.998317,32,sports ball,0.728196,634.900,289.690,655.619,312.205,645.260,300.947,20.719,22.515
youtube_juggling_for_data_analysis_eh1I3SlZn48_075_090.mp4,899,14.998317,32,sports ball,0.684728,611.186,375.547,628.559,394.155,619.872,384.851,17.373,18.608
youtube_juggling_for_data_analysis_eh1I3SlZn48_075_090.mp4,899,14.998317,32,sports ball,0.644677,576.352,206.974,596.520,226.035,586.436,216.505,20.168,19.061
youtube_juggling_for_data_analysis_eh1I3SlZn48_075_090.mp4,899,14.998317,32,sports ball,0.225131,537.346,440.493,557.111,456.461,547.228,448.477,19.765,15.968
