frame,time_seconds,track_id,confidence,center_x,center_y,observed
2,0.033367,2,0.691181,635.172,238.255,1
2,0.033367,3,0.532541,534.535,378.973,1
2,0.033367,1,0.674804,581.806,214.705,1
3,0.050050,2,0.512452,636.814,243.073,1
3,0.050050,3,0.350486,533.401,391.148,1
3,0.050050,1,0.304949,580.392,213.003,1
3,0.050050,4,0.353407,586.928,297.774,1
4,0.066733,2,0.161652,638.549,249.019,1
4,0.066733,3,0.391824,531.970,403.248,1
4,0.066733,1,0.161299,579.094,211.823,1
4,0.066733,4,0.316042,588.164,289.110,1
5,0.083417,2,0.655616,640.083,255.256,1
5,0.083417,3,0.186730,530.366,414.801,1
5,0.083417,1,0.451950,577.330,211.030,1
5,0.083417,4,0.449771,589.675,279.228,1
6,0.100100,2,0.705946,642.246,262.578,1
6,0.100100,3,0.372006,529.633,424.178,1
6,0.100100,1,0.286963,575.628,210.488,1
6,0.100100,4,0.636961,591.199,269.364,1
7,0.116783,2,0.628036,644.138,270.589,1
7,0.116783,3,0.372006,528.608,433.482,0
7,0.116783,1,0.209964,573.925,210.642,1
7,0.116783,4,0.356094,592.614,260.027,1
8,0.133467,2,0.509259,646.119,278.207,1
8,0.133467,3,0.295342,529.999,442.373,1
8,0.133467,1,0.441998,572.406,210.991,1
8,0.133467,4,0.639744,594.229,251.504,1
9,0.150150,2,0.189492,648.373,286.737,1
9,0.150150,3,0.295342,529.633,451.564,0
9,0.150150,1,0.337665,570.689,212.419,1
9,0.150150,4,0.561583,595.656,243.653,1
9,0.150150,5,0.170874,617.046,396.107,1
10,0.166833,2,0.791488,649.985,296.504,1
10,0.166833,3,0.183529,533.417,459.197,1
10,0.166833,1,0.722286,569.007,214.215,1
10,0.166833,4,0.779948,596.980,236.661,1
10,0.166833,5,0.275229,615.877,378.884,1
11,0.183517,2,0.770512,651.618,306.478,1
11,0.183517,3,0.183529,534.158,467.973,0
11,0.183517,1,0.696443,567.501,216.931,1
11,0.183517,4,0.782404,598.400,230.705,1
11,0.183517,5,0.662768,614.672,362.383,1
12,0.200200,2,0.803218,653.293,316.947,1
12,0.200200,3,0.206825,539.919,474.388,1
12,0.200200,1,0.772007,566.008,220.103,1
12,0.200200,4,0.757733,599.708,224.843,1
12,0.200200,5,0.525847,613.876,346.961,1
13,0.216883,2,0.803346,654.953,328.047,1
13,0.216883,3,0.210471,545.781,480.661,1
13,0.216883,1,0.706061,564.441,223.835,1
13,0.216883,4,0.745291,600.824,219.890,1
13,0.216883,5,0.206805,612.455,333.259,1
14,0.233567,2,0.816492,656.789,339.369,1
14,0.233567,3,0.231997,551.334,485.355,1
14,0.233567,1,0.815579,563.112,228.167,1
14,0.233567,4,0.775006,602.148,215.563,1
14,0.233567,5,0.388945,610.924,319.558,1
15,0.250250,2,0.655423,658.387,351.811,1
15,0.250250,3,0.275121,556.504,487.940,1
15,0.250250,1,0.737927,561.483,232.913,1
15,0.250250,4,0.632077,603.566,211.972,1
15,0.250250,5,0.453100,609.455,307.320,1
16,0.266933,2,0.246646,660.199,364.739,1
16,0.266933,3,0.275121,560.613,493.676,0
16,0.266933,1,0.541192,560.102,238.314,1
16,0.266933,4,0.322445,604.977,208.954,1
16,0.266933,5,0.453100,608.162,293.834,0
17,0.283617,2,0.703098,662.038,378.023,1
17,0.283617,3,0.179633,564.622,487.977,1
17,0.283617,1,0.535457,558.579,244.150,1
17,0.283617,4,0.584905,606.279,206.584,1
17,0.283617,5,0.286077,606.884,284.226,1
18,0.300300,2,0.365546,663.428,390.508,1
18,0.300300,3,0.212988,567.443,478.402,1
18,0.300300,1,0.525978,556.793,250.854,1
18,0.300300,4,0.275226,607.575,204.675,1
18,0.300300,5,0.236850,605.654,275.271,1
19,0.316983,2,0.252631,664.353,401.274,1
19,0.316983,3,0.212988,571.191,477.847,0
19,0.316983,1,0.292818,555.252,257.564,1
19,0.316983,4,0.233985,608.801,203.263,1
19,0.316983,5,0.236850,604.381,263.737,0
20,0.333667,2,0.252631,665.821,412.921,0
20,0.333667,3,0.212988,574.938,477.292,0
20,0.333667,1,0.421339,553.722,265.403,1
20,0.333667,4,0.268039,609.854,202.373,1
20,0.333667,5,0.294671,603.586,257.068,1
21,0.350350,2,0.174746,664.980,421.389,1
21,0.350350,3,0.212988,578.686,476.736,0
21,0.350350,1,0.563527,551.928,273.378,1
21,0.350350,4,0.386736,611.072,202.108,1
21,0.350350,5,0.201380,602.498,250.566,1
22,0.367033,2,0.265686,662.647,429.570,1
22,0.367033,3,0.212988,582.434,476.181,0
22,0.367033,1,0.248285,550.421,281.937,1
22,0.367033,4,0.247327,612.534,202.278,1
22,0.367033,5,0.232620,601.474,244.495,1
23,0.383717,2,0.255117,659.864,438.558,1
23,0.383717,3,0.212988,586.181,475.626,0
23,0.383717,1,0.529247,548.891,290.918,1
23,0.383717,4,0.443845,613.802,203.220,1
23,0.383717,5,0.445101,600.284,238.667,1
24,0.400400,2,0.255117,659.132,448.368,0
24,0.400400,1,0.247489,547.539,300.298,1
24,0.400400,4,0.364763,615.192,204.507,1
24,0.400400,5,0.168895,599.205,233.216,1
25,0.417083,2,0.255117,658.400,458.179,0
25,0.417083,1,0.224193,546.199,310.102,1
25,0.417083,4,0.351409,616.859,206.135,1
25,0.417083,5,0.168895,598.092,226.096,0
26,0.433767,2,0.255117,657.668,467.989,0
26,0.433767,1,0.348213,544.664,320.806,1
26,0.433767,4,0.490498,618.146,208.440,1
26,0.433767,5,0.206068,596.825,221.532,1
27,0.450450,2,0.255117,656.937,477.800,0
27,0.450450,1,0.605817,542.974,332.534,1
27,0.450450,4,0.788322,619.592,210.925,1
27,0.450450,5,0.685467,595.663,217.427,1
27,0.450450,6,0.563541,583.314,352.819,1
28,0.467133,2,0.186313,647.368,481.259,1
28,0.467133,1,0.676936,541.460,344.664,1
28,0.467133,4,0.709386,621.374,214.116,1
28,0.467133,5,0.685467,594.506,211.605,0
28,0.467133,6,0.402607,584.970,337.814,1
29,0.483817,2,0.186313,644.291,489.384,0
29,0.483817,1,0.761959,539.917,357.511,1
29,0.483817,4,0.742643,622.684,217.837,1
29,0.483817,5,0.473697,593.468,208.839,1
29,0.483817,6,0.164259,586.815,324.027,1
30,0.500500,2,0.186313,641.214,497.508,0
30,0.500500,1,0.791554,538.103,370.854,1
30,0.500500,4,0.686137,623.729,222.419,1
30,0.500500,5,0.493931,592.186,206.950,1
30,0.500500,6,0.164259,588.528,310.826,0
31,0.517183,1,0.670398,536.379,384.293,1
31,0.517183,4,0.732044,625.183,227.465,1
31,0.517183,5,0.620168,590.982,204.945,1
31,0.517183,6,0.627532,590.215,300.097,1
32,0.533867,1,0.691442,534.495,397.785,1
32,0.533867,4,0.507895,626.635,233.057,1
32,0.533867,5,0.348250,589.968,203.738,1
32,0.533867,6,0.244766,591.811,290.207,1
33,0.550550,1,0.706362,533.097,409.345,1
33,0.550550,4,0.670345,627.762,239.008,1
33,0.550550,5,0.563000,588.798,202.584,1
33,0.550550,6,0.419909,593.327,281.318,1
34,0.567233,1,0.178366,532.325,418.987,1
34,0.567233,4,0.196300,628.928,245.713,1
34,0.567233,5,0.432346,587.554,201.768,1
34,0.567233,6,0.477381,594.709,273.359,1
35,0.583917,1,0.518778,532.113,426.556,1
35,0.583917,4,0.331368,630.281,253.240,1
35,0.583917,5,0.221799,586.500,201.269,1
35,0.583917,6,0.596395,596.048,266.041,1
36,0.600600,1,0.645628,532.797,433.977,1
36,0.600600,4,0.739303,631.458,260.984,1
36,0.600600,5,0.328734,585.691,201.285,1
36,0.600600,6,0.731548,597.185,259.439,1
37,0.617283,1,0.497353,534.222,440.689,1
37,0.617283,4,0.449345,632.444,269.338,1
37,0.617283,5,0.469136,584.553,201.845,1
37,0.617283,6,0.545072,598.414,253.302,1
37,0.617283,7,0.209794,613.901,413.516,1
38,0.633967,1,0.497353,534.149,449.583,0
38,0.633967,4,0.449345,633.637,276.171,0
38,0.633967,5,0.469136,583.479,201.115,0
38,0.633967,6,0.383674,599.540,247.179,1
38,0.633967,7,0.209794,612.872,405.645,0
39,0.650650,1,0.297103,537.608,456.609,1
39,0.650650,4,0.486118,635.112,286.113,1
39,0.650650,5,0.304835,582.302,203.642,1
39,0.650650,6,0.560597,600.503,241.562,1
39,0.650650,7,0.406510,610.817,386.540,1
40,0.667333,1,0.297103,538.472,465.008,0
40,0.667333,4,0.486118,636.379,293.772,0
40,0.667333,5,0.151861,581.130,206.845,1
40,0.667333,6,0.155597,602.065,236.328,1
40,0.667333,7,0.276511,609.325,367.788,1
41,0.684017,1,0.297103,539.337,473.406,0
41,0.684017,4,0.611210,637.749,305.188,1
41,0.684017,5,0.627465,579.711,209.986,1
41,0.684017,6,0.611035,603.565,231.865,1
41,0.684017,7,0.276511,607.914,353.938,0
42,0.700700,1,0.297103,540.201,481.804,0
42,0.700700,4,0.619913,639.113,317.723,1
42,0.700700,5,0.443288,578.505,213.403,1
42,0.700700,6,0.711438,604.887,227.972,1
42,0.700700,7,0.276511,606.503,340.088,0
43,0.717383,1,0.279495,548.109,485.050,1
43,0.717383,4,0.748047,640.488,330.001,1
43,0.717383,5,0.692627,577.329,217.538,1
43,0.717383,6,0.697775,606.219,224.561,1
43,0.717383,7,0.206942,604.655,325.093,1
44,0.734067,1,0.173887,555.221,486.993,1
44,0.734067,4,0.640303,641.901,343.030,1
44,0.734067,5,0.386026,576.048,222.137,1
44,0.734067,6,0.713336,607.810,221.792,1
44,0.734067,7,0.418571,603.349,311.736,1
45,0.750750,1,0.173887,559.116,492.674,0
45,0.750750,4,0.757787,643.360,356.770,1
45,0.750750,5,0.635987,574.765,227.086,1
45,0.750750,6,0.755908,609.248,219.350,1
45,0.750750,7,0.558390,601.865,299.965,1
46,0.767433,1,0.173887,563.012,498.354,0
46,0.767433,4,0.579233,644.604,370.595,1
46,0.767433,5,0.476426,573.524,232.387,1
46,0.767433,6,0.410896,610.644,217.513,1
46,0.767433,7,0.609480,600.025,289.818,1
47,0.784117,1,0.173887,566.908,504.035,0
47,0.784117,4,0.229819,646.725,385.132,1
47,0.784117,5,0.273621,572.427,238.309,1
47,0.784117,6,0.453622,612.194,216.381,1
47,0.784117,7,0.469265,598.513,280.598,1
48,0.800800,1,0.291114,572.018,488.852,1
48,0.800800,4,0.229819,648.275,398.045,0
48,0.800800,5,0.406793,571.112,244.711,1
48,0.800800,6,0.494568,613.459,215.626,1
48,0.800800,7,0.515889,597.336,271.581,1
49,0.817483,1,0.583517,575.943,471.736,1
49,0.817483,4,0.229819,649.825,410.958,0
49,0.817483,5,0.667183,569.390,251.912,1
49,0.817483,6,0.732724,615.173,215.186,1
49,0.817483,7,0.702924,595.912,263.440,1
50,0.834167,1,0.574841,578.956,454.224,1
50,0.834167,4,0.229819,651.375,423.871,0
50,0.834167,5,0.648950,568.301,259.406,1
50,0.834167,6,0.700894,616.912,215.356,1
50,0.834167,7,0.670254,594.888,255.717,1
51,0.850850,1,0.661359,580.984,436.255,1
51,0.850850,4,0.368724,649.382,432.831,1
51,0.850850,5,0.727475,567.173,267.781,1
51,0.850850,6,0.759135,618.197,216.234,1
51,0.850850,7,0.588737,594.074,248.594,1
52,0.867533,1,0.755440,582.473,418.839,1
52,0.867533,4,0.515902,646.668,441.406,1
52,0.867533,5,0.628400,566.083,276.497,1
52,0.867533,6,0.690087,619.630,217.648,1
52,0.867533,7,0.510220,592.985,241.703,1
53,0.884217,1,0.506866,583.596,401.630,1
53,0.884217,4,0.248347,643.637,449.740,1
53,0.884217,5,0.440197,564.671,285.561,1
53,0.884217,6,0.702815,621.195,219.191,1
53,0.884217,7,0.542754,591.934,235.436,1
53,0.884217,8,0.318686,641.408,438.796,1
54,0.900900,1,0.445728,584.875,385.333,1
54,0.900900,4,0.412554,640.228,456.053,1
54,0.900900,5,0.494583,563.432,295.452,1
54,0.900900,6,0.604019,622.373,221.516,1
54,0.900900,7,0.678200,590.784,230.046,1
54,0.900900,8,0.318686,640.800,441.259,0
55,0.917583,1,0.567656,585.570,370.090,1
55,0.917583,4,0.446058,636.919,462.595,1
55,0.917583,5,0.690792,562.099,305.479,1
55,0.917583,6,0.739434,623.615,224.246,1
55,0.917583,7,0.617776,589.675,224.932,1
55,0.917583,8,0.318686,640.193,443.723,0
56,0.934267,1,0.666733,586.021,356.714,1
56,0.934267,4,0.446058,634.834,471.112,0
56,0.934267,5,0.689885,560.996,316.250,1
56,0.934267,6,0.767710,625.319,227.820,1
56,0.934267,7,0.568763,588.659,220.508,1
56,0.934267,8,0.318686,639.586,446.187,0
57,0.950950,1,0.374805,586.268,343.680,1
57,0.950950,4,0.224231,631.245,475.282,1
57,0.950950,5,0.795619,559.764,327.315,1
57,0.950950,6,0.758809,626.850,231.729,1
57,0.950950,7,0.751987,587.244,216.650,1
58,0.967633,1,0.589034,586.579,332.253,1
58,0.967633,4,0.300362,627.618,478.063,1
58,0.967633,5,0.554070,558.444,339.036,1
58,0.967633,6,0.728981,628.171,236.232,1
58,0.967633,7,0.675180,586.114,213.234,1
59,0.984317,1,0.472487,588.174,321.239,1
59,0.984317,4,0.315644,624.505,479.153,1
59,0.984317,5,0.758831,557.267,351.394,1
59,0.984317,6,0.758849,629.768,241.289,1
59,0.984317,7,0.684799,585.248,210.338,1
60,1.001000,1,0.472487,589.245,308.563,0
60,1.001000,4,0.315644,621.631,483.958,0
60,1.001000,5,0.600824,556.293,364.238,1
60,1.001000,6,0.713524,630.945,246.909,1
60,1.001000,7,0.672473,583.943,208.061,1
61,1.017683,1,0.741392,590.615,300.057,1
61,1.017683,4,0.320709,618.736,476.285,1
61,1.017683,5,0.567083,555.083,377.295,1
61,1.017683,6,0.701524,632.171,253.333,1
61,1.017683,7,0.742752,582.641,205.940,1
62,1.034367,1,0.657682,591.764,292.072,1
62,1.034367,4,0.320709,615.857,477.778,0
62,1.034367,5,0.595352,553.519,390.730,1
62,1.034367,6,0.758631,633.736,259.803,1
62,1.034367,7,0.743725,581.539,204.628,1
63,1.051050,1,0.603956,592.908,284.323,1
63,1.051050,4,0.437586,614.728,460.634,1
63,1.051050,5,0.595352,552.239,402.976,0
63,1.051050,6,0.777111,635.182,267.157,1
63,1.051050,7,0.751466,580.448,203.807,1
64,1.067733,1,0.690153,594.332,277.098,1
64,1.067733,4,0.262764,614.032,442.732,1
64,1.067733,5,0.453737,551.546,413.805,1
64,1.067733,6,0.739581,636.647,274.822,1
64,1.067733,7,0.756375,579.305,203.409,1
65,1.084417,1,0.750115,595.444,270.458,1
65,1.084417,4,0.426281,612.979,423.785,1
65,1.084417,5,0.196704,550.985,424.147,1
65,1.084417,6,0.717461,638.142,283.114,1
65,1.084417,7,0.711467,578.154,203.332,1
66,1.101100,1,0.668215,596.468,264.097,1
66,1.101100,4,0.235946,611.703,405.138,1
66,1.101100,5,0.336603,550.631,432.397,1
66,1.101100,6,0.616323,639.455,291.818,1
66,1.101100,7,0.754240,577.084,203.746,1
67,1.117783,1,0.541297,597.548,257.626,1
67,1.117783,4,0.410327,610.471,387.759,1
67,1.117783,5,0.537194,550.481,440.061,1
67,1.117783,6,0.724065,640.655,301.424,1
67,1.117783,7,0.609841,575.629,204.599,1
68,1.134467,1,0.210300,598.757,252.221,1
68,1.134467,4,0.307221,609.488,371.841,1
68,1.134467,5,0.272427,550.761,448.135,1
68,1.134467,6,0.154955,642.152,311.197,1
68,1.134467,7,0.602238,574.434,205.944,1
69,1.151150,1,0.442089,599.651,247.245,1
69,1.151150,4,0.439021,608.567,357.673,1
69,1.151150,5,0.272427,550.368,457.498,0
69,1.151150,6,0.362267,643.684,322.014,1
69,1.151150,7,0.163605,573.258,207.860,1
70,1.167833,1,0.471295,600.490,242.518,1
70,1.167833,4,0.439021,607.320,343.336,0
70,1.167833,5,0.272427,549.976,466.861,0
70,1.167833,6,0.362267,645.114,331.063,0
70,1.167833,7,0.570783,572.023,210.246,1
71,1.184517,1,0.526270,601.618,238.445,1
71,1.184517,4,0.439021,606.072,328.998,0
71,1.184517,5,0.272427,549.584,476.225,0
71,1.184517,6,0.567742,646.297,343.436,1
71,1.184517,7,0.675061,570.783,213.402,1
72,1.201200,1,0.498986,602.766,234.976,1
72,1.201200,4,0.439021,604.825,314.661,0
72,1.201200,5,0.272427,549.192,485.588,0
72,1.201200,6,0.638630,647.665,356.351,1
72,1.201200,7,0.669978,569.632,217.273,1
73,1.217883,1,0.746450,603.907,232.130,1
73,1.217883,4,0.441347,604.336,305.698,1
73,1.217883,5,0.168633,553.482,487.545,1
73,1.217883,6,0.560299,648.927,369.850,1
73,1.217883,7,0.768633,568.239,221.660,1
74,1.234567,1,0.421638,604.977,229.610,1
74,1.234567,4,0.532327,603.818,297.634,1
74,1.234567,5,0.168633,554.333,494.943,0
74,1.234567,6,0.386436,650.176,382.768,1
74,1.234567,7,0.644097,566.859,226.557,1
75,1.251250,1,0.209648,605.919,227.248,1
75,1.251250,4,0.466059,603.175,290.183,1
75,1.251250,5,0.168633,555.183,502.341,0
75,1.251250,6,0.183650,651.549,393.775,1
75,1.251250,7,0.338825,565.359,231.961,1
76,1.267933,1,0.209648,606.967,223.762,0
76,1.267933,4,0.466059,602.339,279.665,0
76,1.267933,6,0.294052,652.451,405.439,1
76,1.267933,7,0.538565,563.982,237.672,1
77,1.284617,1,0.209648,608.015,220.276,0
77,1.284617,4,0.271148,601.271,273.368,1
77,1.284617,6,0.294052,653.667,417.073,0
77,1.284617,7,0.300565,562.728,244.083,1
78,1.301300,1,0.216932,608.958,221.316,1
78,1.301300,4,0.165909,600.244,267.153,1
78,1.301300,6,0.294052,654.883,428.707,0
78,1.301300,7,0.537813,561.524,250.833,1
79,1.317983,1,0.180970,609.642,222.705,1
79,1.317983,4,0.165909,599.312,258.600,0
79,1.317983,6,0.164042,653.075,434.471,1
79,1.317983,7,0.469855,560.079,258.187,1
80,1.334667,1,0.180970,610.573,221.396,0
80,1.334667,4,0.165909,598.380,250.047,0
80,1.334667,6,0.164042,653.489,444.547,0
80,1.334667,7,0.324468,558.720,265.961,1
81,1.351350,1,0.333372,611.752,223.942,1
81,1.351350,4,0.566140,597.429,246.157,1
81,1.351350,6,0.155687,650.307,450.786,1
81,1.351350,7,0.701270,557.188,274.538,1
82,1.368033,1,0.383160,612.878,226.926,1
82,1.368033,4,0.597270,596.410,242.349,1
82,1.368033,6,0.198937,646.370,456.142,1
82,1.368033,7,0.529948,555.687,283.678,1
83,1.384717,1,0.672311,613.990,230.104,1
83,1.384717,4,0.737213,595.479,238.687,1
83,1.384717,6,0.438861,642.336,463.171,1
83,1.384717,7,0.657657,554.463,293.402,1
83,1.384717,9,0.438146,579.980,390.112,1
84,1.401400,1,0.451131,614.924,233.297,1
84,1.401400,4,0.312793,594.387,235.144,1
84,1.401400,6,0.438861,640.206,470.968,0
84,1.401400,7,0.564443,553.110,303.630,1
84,1.401400,9,0.217267,581.784,377.517,1
85,1.418083,1,0.635773,616.353,236.694,1
85,1.418083,4,0.601250,593.391,231.867,1
85,1.418083,6,0.438861,638.076,478.766,0
85,1.418083,7,0.670345,551.848,314.510,1
85,1.418083,9,0.322746,583.640,364.239,1
86,1.434767,1,0.610598,617.531,240.577,1
86,1.434767,4,0.655365,592.123,229.459,1
86,1.434767,6,0.438861,635.946,486.564,0
86,1.434767,7,0.513124,550.462,326.074,1
86,1.434767,9,0.185322,585.019,350.591,1
87,1.451450,1,0.574201,618.369,244.776,1
87,1.451450,4,0.715320,591.017,227.192,1
87,1.451450,6,0.438861,633.817,494.361,0
87,1.451450,7,0.704775,548.836,337.760,1
87,1.451450,9,0.326695,587.085,337.552,1
88,1.468133,1,0.674857,619.595,249.691,1
88,1.468133,4,0.732577,590.273,224.987,1
88,1.468133,6,0.438861,631.687,502.159,0
88,1.468133,7,0.761225,547.453,350.027,1
88,1.468133,9,0.518259,589.646,325.576,1
89,1.484817,1,0.603796,620.684,255.028,1
89,1.484817,4,0.491657,589.229,223.437,1
89,1.484817,7,0.768222,546.023,362.964,1
89,1.484817,9,0.518259,591.459,314.215,0
90,1.501500,1,0.457423,621.947,261.002,1
90,1.501500,4,0.473510,588.192,222.375,1
90,1.501500,7,0.662721,544.464,376.636,1
90,1.501500,9,0.346599,594.189,303.400,1
91,1.518183,1,0.690379,622.994,267.752,1
91,1.518183,4,0.604549,587.245,221.992,1
91,1.518183,7,0.352709,542.984,390.520,1
91,1.518183,9,0.572020,596.301,293.735,1
92,1.534867,1,0.684757,623.801,274.967,1
92,1.534867,4,0.411021,586.261,222.038,1
92,1.534867,7,0.215457,541.411,403.916,1
92,1.534867,9,0.203384,598.458,284.686,1
93,1.551550,1,0.728833,625.058,282.183,1
93,1.551550,4,0.642705,585.079,222.517,1
93,1.551550,7,0.358622,539.981,415.653,1
93,1.551550,9,0.708368,600.112,276.316,1
94,1.568233,1,0.734612,626.254,290.336,1
94,1.568233,4,0.639525,583.967,223.596,1
94,1.568233,7,0.358622,538.506,428.130,0
94,1.568233,9,0.601743,602.267,269.005,1
95,1.584917,1,0.699077,627.259,299.206,1
95,1.584917,4,0.527896,583.110,225.436,1
95,1.584917,7,0.187392,539.418,437.250,1
95,1.584917,9,0.721377,604.262,262.420,1
96,1.601600,1,0.305191,628.290,308.084,1
96,1.601600,4,0.469983,582.000,227.705,1
96,1.601600,7,0.187392,538.576,448.837,0
96,1.601600,9,0.477390,606.155,256.214,1
97,1.618283,1,0.334691,629.204,318.093,1
97,1.618283,4,0.674203,580.735,230.626,1
97,1.618283,7,0.159151,542.218,456.486,1
97,1.618283,9,0.514763,608.180,250.477,1
98,1.634967,1,0.338162,630.319,329.024,1
98,1.634967,4,0.613162,579.409,233.809,1
98,1.634967,7,0.159151,542.567,467.028,0
98,1.634967,9,0.581797,609.739,244.948,1
99,1.651650,1,0.531758,631.186,339.926,1
99,1.651650,4,0.628528,578.247,237.400,1
99,1.651650,7,0.159151,542.915,477.569,0
99,1.651650,9,0.451336,611.770,240.558,1
100,1.668333,1,0.458198,632.125,351.921,1
100,1.668333,4,0.505819,577.302,241.692,1
100,1.668333,7,0.159151,543.263,488.111,0
100,1.668333,9,0.433794,613.393,236.639,1
101,1.685017,1,0.451307,633.048,364.103,1
101,1.685017,4,0.457681,576.396,245.919,1
101,1.685017,7,0.159151,543.612,498.653,0
101,1.685017,9,0.616198,615.256,233.439,1
102,1.701700,1,0.524874,633.828,376.256,1
102,1.701700,4,0.381512,575.149,251.013,1
102,1.701700,7,0.277877,555.194,493.650,1
102,1.701700,9,0.562223,617.113,230.858,1
103,1.718383,1,0.524874,634.748,387.340,0
103,1.718383,4,0.209486,573.917,257.208,1
103,1.718383,7,0.277877,558.523,500.067,0
103,1.718383,9,0.425411,618.643,228.637,1
104,1.735067,1,0.524874,635.668,398.423,0
104,1.735067,4,0.549081,572.732,263.841,1
104,1.735067,7,0.277877,561.853,506.483,0
104,1.735067,9,0.565526,620.292,226.819,1
105,1.751750,1,0.524874,636.587,409.507,0
105,1.751750,4,0.460209,571.355,271.318,1
105,1.751750,9,0.708387,621.964,225.486,1
106,1.768433,1,0.524874,637.507,420.590,0
106,1.768433,4,0.402779,570.224,279.206,1
106,1.768433,9,0.718106,623.565,224.428,1
106,1.768433,10,0.290641,598.208,272.901,1
107,1.785117,1,0.524874,638.427,431.673,0
107,1.785117,4,0.367327,568.900,287.289,1
107,1.785117,9,0.686760,625.440,223.835,1
107,1.785117,10,0.609004,596.713,263.683,1
108,1.801800,4,0.420042,567.856,295.882,1
108,1.801800,9,0.593363,627.077,223.898,1
108,1.801800,10,0.716215,595.611,255.152,1
109,1.818483,4,0.672388,566.674,305.012,1
109,1.818483,9,0.640615,628.496,224.264,1
109,1.818483,10,0.651329,594.435,247.266,1
110,1.835167,4,0.807772,565.540,314.875,1
110,1.835167,9,0.738725,630.233,225.424,1
110,1.835167,10,0.745741,593.072,239.953,1
111,1.851850,4,0.763734,564.474,325.006,1
111,1.851850,9,0.767906,631.603,227.133,1
111,1.851850,10,0.820336,591.613,233.508,1
112,1.868533,4,0.389173,563.322,335.970,1
112,1.868533,9,0.661749,633.121,229.572,1
112,1.868533,10,0.807474,590.277,227.973,1
112,1.868533,12,0.668440,593.513,368.000,1
112,1.868533,11,0.179533,635.544,464.492,1
113,1.885217,4,0.627330,562.284,347.363,1
113,1.885217,9,0.674146,634.936,232.040,1
113,1.885217,10,0.691239,588.763,222.996,1
113,1.885217,12,0.668440,593.800,364.699,0
113,1.885217,11,0.169488,634.755,468.195,1
114,1.901900,4,0.643099,561.348,359.422,1
114,1.901900,9,0.682497,636.909,235.241,1
114,1.901900,10,0.638801,587.232,218.653,1
114,1.901900,12,0.668440,594.086,361.399,0
114,1.901900,11,0.169488,634.287,470.358,0
115,1.918583,4,0.769205,560.172,371.576,1
115,1.918583,9,0.447319,639.008,239.058,1
115,1.918583,10,0.738543,586.045,214.991,1
115,1.918583,12,0.668440,594.373,358.099,0
115,1.918583,11,0.251010,633.138,473.158,1
116,1.935267,4,0.390872,559.163,383.973,1
116,1.935267,9,0.743597,640.659,243.282,1
116,1.935267,10,0.737796,584.919,212.118,1
116,1.935267,12,0.358157,597.631,333.787,1
116,1.935267,11,0.251010,632.440,475.536,0
117,1.951950,4,0.390872,558.089,395.284,0
117,1.951950,9,0.769053,642.771,247.921,1
117,1.951950,10,0.802358,583.620,209.615,1
117,1.951950,12,0.664824,600.598,313.688,1
117,1.951950,11,0.713896,630.573,469.127,1
118,1.968633,4,0.511215,557.700,407.313,1
118,1.968633,9,0.770468,644.440,253.214,1
118,1.968633,10,0.754721,582.152,207.782,1
118,1.968633,12,0.266472,603.398,297.934,1
118,1.968633,11,0.713896,629.514,468.791,0
119,1.985317,4,0.511215,556.808,418.814,0
119,1.985317,9,0.643594,646.240,258.636,1
119,1.985317,10,0.489257,580.910,206.342,1
119,1.985317,12,0.552094,605.216,285.101,1
119,1.985317,11,0.181211,626.689,454.407,1
120,2.002000,4,0.167979,557.194,428.329,1
120,2.002000,9,0.580710,648.431,265.008,1
120,2.002000,10,0.713535,579.429,205.644,1
120,2.002000,12,0.664399,606.997,274.639,1
120,2.002000,11,0.463922,624.466,438.697,1
121,2.018683,4,0.167979,556.641,439.303,0
121,2.018683,9,0.650554,649.975,271.733,1
121,2.018683,10,0.756223,577.797,205.359,1
121,2.018683,12,0.673033,608.787,265.723,1
121,2.018683,11,0.463922,622.721,431.234,0
122,2.035367,4,0.189189,556.762,446.176,1
122,2.035367,9,0.688695,651.516,279.178,1
122,2.035367,10,0.734800,576.508,205.609,1
122,2.035367,12,0.744521,610.243,258.580,1
122,2.035367,11,0.463922,620.976,423.771,0
123,2.052050,4,0.523143,557.005,453.254,1
123,2.052050,9,0.720002,653.123,286.980,1
123,2.052050,10,0.676981,575.018,206.291,1
123,2.052050,12,0.639039,611.591,252.238,1
123,2.052050,11,0.246900,619.523,400.546,1
124,2.068733,4,0.211181,558.071,461.058,1
124,2.068733,9,0.639410,654.694,295.445,1
124,2.068733,10,0.697369,573.582,207.715,1
124,2.068733,12,0.418475,612.912,246.667,1
124,2.068733,11,0.799716,618.009,379.869,1
125,2.085417,4,0.515616,559.029,467.795,1
125,2.085417,9,0.475603,656.555,304.267,1
125,2.085417,10,0.349112,572.275,209.450,1
125,2.085417,12,0.398961,614.297,241.718,1
125,2.085417,11,0.746322,616.545,362.397,1
126,2.102100,4,0.515616,559.377,476.038,0
126,2.102100,9,0.549054,658.232,313.914,1
126,2.102100,10,0.575342,570.640,212.056,1
126,2.102100,12,0.339608,615.585,237.331,1
126,2.102100,11,0.658751,615.229,346.517,1
127,2.118783,4,0.515616,559.726,484.280,0
127,2.118783,9,0.713002,660.065,324.015,1
127,2.118783,10,0.543957,569.060,214.888,1
127,2.118783,12,0.601917,617.127,233.617,1
127,2.118783,11,0.658751,613.716,331.320,0
128,2.135467,4,0.515616,560.074,492.522,0
128,2.135467,9,0.550802,661.761,334.817,1
128,2.135467,10,0.240201,567.599,218.249,1
128,2.135467,12,0.673466,618.455,230.158,1
128,2.135467,11,0.346141,612.489,318.381,1
129,2.152150,4,0.309708,563.868,492.253,1
129,2.152150,9,0.774554,663.612,346.377,1
129,2.152150,10,0.647898,565.973,222.498,1
129,2.152150,12,0.707528,619.745,226.893,1
129,2.152150,11,0.439137,611.051,306.449,1
130,2.168833,4,0.614341,567.128,489.885,1
130,2.168833,9,0.824849,665.655,357.818,1
130,2.168833,10,0.774665,564.392,227.036,1
130,2.168833,12,0.740650,621.169,224.177,1
130,2.168833,11,0.548177,609.698,296.127,1
131,2.185517,4,0.597711,570.482,484.977,1
131,2.185517,9,0.518333,667.285,370.395,1
131,2.185517,10,0.663093,563.160,232.317,1
131,2.185517,12,0.620824,622.350,222.252,1
131,2.185517,11,0.548177,608.283,283.183,0
132,2.202200,4,0.440632,573.362,476.891,1
132,2.202200,9,0.156126,668.340,381.247,1
132,2.202200,10,0.716060,561.742,237.936,1
132,2.202200,12,0.727912,623.136,220.965,1
132,2.202200,11,0.642689,607.034,275.552,1
133,2.218883,4,0.440632,575.748,475.822,0
133,2.218883,9,0.805531,668.959,391.360,1
133,2.218883,10,0.578367,560.327,244.125,1
133,2.218883,12,0.656332,624.614,219.791,1
133,2.218883,11,0.634336,605.806,268.368,1
134,2.235567,4,0.418477,578.491,459.305,1
134,2.235567,9,0.606300,669.336,400.696,1
134,2.235567,10,0.729220,559.068,250.967,1
134,2.235567,12,0.708775,626.073,219.243,1
134,2.235567,11,0.442121,604.442,261.620,1
135,2.252250,4,0.685355,581.349,441.438,1
135,2.252250,9,0.842976,668.953,409.456,1
135,2.252250,10,0.697922,557.473,258.299,1
135,2.252250,12,0.786111,627.348,219.181,1
135,2.252250,11,0.611840,603.308,254.994,1
136,2.268933,4,0.612357,584.028,422.816,1
136,2.268933,9,0.779850,668.086,417.805,1
136,2.268933,10,0.699553,555.960,266.371,1
136,2.268933,12,0.663499,628.648,219.655,1
136,2.268933,11,0.582369,601.979,248.684,1
137,2.285617,4,0.304334,585.812,404.841,1
137,2.285617,9,0.544073,666.320,426.631,1
137,2.285617,10,0.751734,554.515,274.896,1
137,2.285617,12,0.737800,630.124,220.685,1
137,2.285617,11,0.618840,600.216,242.569,1
138,2.302300,4,0.213054,587.929,387.664,1
138,2.302300,9,0.376703,663.510,435.771,1
138,2.302300,10,0.711690,553.046,284.072,1
138,2.302300,12,0.702313,631.257,222.371,1
138,2.302300,11,0.640660,598.897,236.907,1
139,2.318983,4,0.401594,589.226,371.347,1
139,2.318983,9,0.247287,659.936,444.366,1
139,2.318983,10,0.604267,551.539,294.043,1
139,2.318983,12,0.648954,632.321,224.152,1
139,2.318983,11,0.483946,597.669,231.980,1
140,2.335667,4,0.189414,591.179,356.372,1
140,2.335667,9,0.165997,655.312,452.979,1
140,2.335667,10,0.689808,550.062,304.271,1
140,2.335667,12,0.714623,633.659,226.721,1
140,2.335667,11,0.780701,596.026,227.434,1
141,2.352350,4,0.189414,593.200,341.600,0
141,2.352350,9,0.377537,650.254,460.955,1
141,2.352350,10,0.834702,548.313,315.192,1
141,2.352350,12,0.699534,635.053,229.383,1
141,2.352350,11,0.810086,594.768,223.495,1
142,2.369033,4,0.189414,595.221,326.827,0
142,2.369033,9,0.451757,645.776,468.235,1
142,2.369033,10,0.798045,546.786,326.596,1
142,2.369033,12,0.735615,636.424,232.448,1
142,2.369033,11,0.659011,593.617,219.901,1
143,2.385717,4,0.189414,597.242,312.055,0
143,2.385717,9,0.239542,641.837,473.329,1
143,2.385717,10,0.830607,545.494,338.804,1
143,2.385717,12,0.721350,637.733,236.105,1
143,2.385717,11,0.606069,592.005,216.775,1
144,2.402400,4,0.457244,599.277,302.397,1
144,2.402400,9,0.239542,638.230,480.795,0
144,2.402400,10,0.773095,544.030,351.604,1
144,2.402400,12,0.768882,639.508,240.574,1
144,2.402400,11,0.687436,590.808,213.912,1
145,2.419083,4,0.476063,601.440,293.541,1
145,2.419083,9,0.195518,635.215,478.783,1
145,2.419083,10,0.773304,542.506,364.574,1
145,2.419083,12,0.685902,640.945,245.370,1
145,2.419083,11,0.703752,589.586,211.888,1
146,2.435767,4,0.495628,603.691,284.672,1
146,2.435767,9,0.504603,631.744,472.362,1
146,2.435767,10,0.626974,540.969,377.766,1
146,2.435767,12,0.376841,642.267,250.821,1
146,2.435767,11,0.654632,588.312,210.130,1
147,2.452450,4,0.693052,605.527,276.434,1
147,2.452450,9,0.283236,629.185,462.500,1
147,2.452450,10,0.486230,539.403,390.348,1
147,2.452450,12,0.464743,643.630,256.778,1
147,2.452450,11,0.216328,587.051,208.805,1
148,2.469133,4,0.430056,607.317,268.281,1
148,2.469133,9,0.153092,626.456,450.011,1
148,2.469133,10,0.268471,538.280,401.774,1
148,2.469133,12,0.270071,644.928,263.246,1
148,2.469133,11,0.184514,585.973,208.562,1
149,2.485817,4,0.699010,609.086,261.495,1
149,2.485817,9,0.185976,624.013,434.710,1
149,2.485817,10,0.268471,536.868,413.747,0
149,2.485817,12,0.469571,646.268,270.594,1
149,2.485817,11,0.470498,584.647,208.768,1
150,2.502500,4,0.647657,610.658,254.611,1
150,2.502500,9,0.721068,621.846,418.896,1
150,2.502500,10,0.364142,536.742,422.118,1
150,2.502500,12,0.742509,647.611,278.489,1
150,2.502500,11,0.547211,583.450,209.457,1
151,2.519183,4,0.485138,612.677,247.938,1
151,2.519183,9,0.328978,620.513,402.258,1
151,2.519183,10,0.364142,535.670,433.135,0
151,2.519183,12,0.644756,649.196,286.894,1
151,2.519183,11,0.405453,582.454,210.540,1
152,2.535867,4,0.485138,614.555,239.937,0
152,2.535867,9,0.328978,618.163,390.906,0
152,2.535867,10,0.364142,534.599,444.152,0
152,2.535867,12,0.526039,650.353,295.692,1
152,2.535867,11,0.405453,581.278,210.214,0
153,2.552550,4,0.320163,616.382,234.609,1
153,2.552550,9,0.328978,615.812,379.553,0
153,2.552550,10,0.364142,533.528,455.169,0
153,2.552550,12,0.725230,651.433,305.060,1
153,2.552550,11,0.201790,579.513,213.158,1
154,2.569233,4,0.669984,618.190,230.072,1
154,2.569233,9,0.339125,615.005,360.551,1
154,2.569233,10,0.349641,539.820,458.711,1
154,2.569233,12,0.807017,652.867,315.228,1
154,2.569233,11,0.680863,578.063,216.821,1
155,2.585917,4,0.655445,619.910,225.973,1
155,2.585917,9,0.333478,614.320,344.181,1
155,2.585917,10,0.349641,540.703,467.745,0
155,2.585917,12,0.839640,653.978,325.813,1
155,2.585917,11,0.645321,576.662,220.858,1
156,2.602600,4,0.806226,621.674,222.067,1
156,2.602600,9,0.234251,613.036,328.482,1
156,2.602600,10,0.349641,541.586,476.778,0
156,2.602600,12,0.499373,655.284,336.480,1
156,2.602600,11,0.701090,575.201,225.102,1
157,2.619283,4,0.622260,623.134,218.676,1
157,2.619283,9,0.515293,611.323,314.980,1
157,2.619283,10,0.176239,549.948,479.289,1
157,2.619283,12,0.687568,656.957,347.819,1
157,2.619283,11,0.418638,573.717,229.751,1
158,2.635967,4,0.718889,624.935,215.572,1
158,2.635967,9,0.701476,609.512,302.636,1
158,2.635967,10,0.520574,556.283,480.863,1
158,2.635967,12,0.734587,658.197,359.894,1
158,2.635967,11,0.719709,572.476,234.846,1
159,2.652650,4,0.727106,626.465,213.154,1
159,2.652650,9,0.687302,607.918,291.480,1
159,2.652650,10,0.504930,561.825,481.152,1
159,2.652650,12,0.584549,658.981,371.939,1
159,2.652650,11,0.555997,571.048,240.358,1
160,2.669333,4,0.546885,628.164,210.974,1
160,2.669333,9,0.254293,606.209,281.293,1
160,2.669333,10,0.230481,566.668,478.470,1
160,2.669333,12,0.290103,660.429,382.614,1
160,2.669333,11,0.256396,569.510,246.568,1
161,2.686017,4,0.685266,629.860,209.449,1
161,2.686017,9,0.663521,604.549,272.092,1
161,2.686017,10,0.230481,571.078,480.935,0
161,2.686017,12,0.620843,661.368,391.380,1
161,2.686017,11,0.663086,568.043,253.109,1
162,2.702700,4,0.410227,631.217,208.769,1
162,2.702700,9,0.694744,603.202,263.795,1
162,2.702700,10,0.696903,574.485,468.956,1
162,2.702700,12,0.840042,662.424,399.045,1
162,2.702700,11,0.706948,566.529,259.982,1
163,2.719383,4,0.456867,633.092,208.517,1
163,2.719383,9,0.538755,601.396,256.026,1
163,2.719383,10,0.658599,577.964,455.215,1
163,2.719383,12,0.501417,662.912,407.142,1
163,2.719383,11,0.696935,565.069,267.639,1
164,2.736067,4,0.430272,634.994,208.697,1
164,2.736067,9,0.317152,599.435,248.969,1
164,2.736067,10,0.740589,580.505,439.616,1
164,2.736067,12,0.595657,662.041,414.007,1
164,2.736067,11,0.633988,563.768,276.035,1
165,2.752750,4,0.435534,636.636,209.157,1
165,2.752750,9,0.647456,597.936,242.278,1
165,2.752750,10,0.663498,582.962,422.516,1
165,2.752750,12,0.189568,660.468,423.225,1
165,2.752750,11,0.646868,562.439,284.703,1
166,2.769433,4,0.589340,638.328,210.073,1
166,2.769433,9,0.640840,596.247,235.986,1
166,2.769433,10,0.214028,585.058,405.633,1
166,2.769433,12,0.439117,658.620,431.796,1
166,2.769433,11,0.717944,560.927,294.265,1
167,2.786117,4,0.154609,639.796,211.765,1
167,2.786117,9,0.646178,594.911,230.576,1
167,2.786117,10,0.255045,586.520,388.524,1
167,2.786117,12,0.511833,656.194,441.032,1
167,2.786117,11,0.568884,559.447,304.173,1
168,2.802800,4,0.609673,641.667,213.516,1
168,2.802800,9,0.708517,593.415,225.227,1
168,2.802800,10,0.255045,589.091,375.248,0
168,2.802800,12,0.511833,655.156,449.877,0
168,2.802800,11,0.742061,558.105,314.805,1
169,2.819483,4,0.469430,643.605,216.103,1
169,2.819483,9,0.730323,591.556,220.382,1
169,2.819483,10,0.343566,589.714,360.340,1
169,2.819483,12,0.173780,651.180,459.098,1
169,2.819483,11,0.790719,556.663,326.008,1
170,2.836167,4,0.653089,645.255,219.251,1
170,2.836167,9,0.761046,590.166,216.137,1
170,2.836167,10,0.150102,590.160,345.577,1
170,2.836167,12,0.173780,649.362,468.043,0
170,2.836167,11,0.744512,555.395,337.763,1
171,2.852850,4,0.615405,647.210,223.078,1
171,2.852850,9,0.633767,588.432,212.547,1
171,2.852850,10,0.150102,591.787,331.588,0
171,2.852850,12,0.199848,644.916,473.509,1
171,2.852850,11,0.712736,554.197,350.037,1
172,2.869533,4,0.759257,649.077,227.690,1
172,2.869533,9,0.556343,586.853,209.333,1
172,2.869533,10,0.408887,593.196,319.696,1
172,2.869533,12,0.157901,640.298,476.115,1
172,2.869533,11,0.713222,552.597,362.775,1
173,2.886217,4,0.747183,650.735,232.710,1
173,2.886217,9,0.375486,585.446,206.679,1
173,2.886217,10,0.258097,594.761,308.207,1
173,2.886217,12,0.219230,636.342,475.437,1
173,2.886217,11,0.731430,551.072,375.704,1
174,2.902900,4,0.786050,652.644,238.385,1
174,2.902900,9,0.709704,583.426,204.675,1
174,2.902900,10,0.553209,596.206,298.135,1
174,2.902900,12,0.430371,632.882,470.925,1
174,2.902900,11,0.752273,549.521,389.375,1
175,2.919583,4,0.436899,654.478,244.323,1
175,2.919583,9,0.564103,581.869,203.275,1
175,2.919583,10,0.553209,597.741,285.974,0
175,2.919583,12,0.430371,629.534,473.149,0
175,2.919583,11,0.526095,548.138,401.557,1
176,2.936267,4,0.686385,656.400,250.675,1
176,2.936267,9,0.661755,580.084,202.051,1
176,2.936267,10,0.564249,599.382,278.201,1
176,2.936267,12,0.791841,627.094,459.024,1
176,2.936267,11,0.510169,546.678,412.092,1
177,2.952950,4,0.727843,658.108,258.058,1
177,2.952950,9,0.657617,578.349,201.447,1
177,2.952950,10,0.750698,600.752,271.042,1
177,2.952950,12,0.712261,625.359,442.549,1
177,2.952950,11,0.199728,545.083,423.222,1
178,2.969633,4,0.681496,659.864,265.678,1
178,2.969633,9,0.562429,576.869,201.222,1
178,2.969633,10,0.610276,602.265,264.418,1
178,2.969633,12,0.552381,623.757,424.715,1
178,2.969633,11,0.261469,544.369,433.679,1
179,2.986317,4,0.681844,661.687,273.718,1
179,2.986317,9,0.547715,575.079,201.863,1
179,2.986317,10,0.321043,604.022,257.891,1
179,2.986317,12,0.523125,622.122,406.137,1
179,2.986317,11,0.154921,544.139,441.589,1
180,3.003000,4,0.437739,663.283,282.612,1
180,3.003000,9,0.602808,573.569,203.020,1
180,3.003000,10,0.388062,605.312,252.067,1
180,3.003000,12,0.567095,621.206,387.949,1
180,3.003000,11,0.154921,543.136,451.985,0
181,3.019683,4,0.643608,664.979,291.670,1
181,3.019683,9,0.518375,571.638,204.561,1
181,3.019683,10,0.434334,606.608,246.238,1
181,3.019683,12,0.752468,620.804,371.193,1
181,3.019683,11,0.338712,544.774,458.637,1
182,3.036367,4,0.489884,666.785,301.307,1
182,3.036367,9,0.378554,569.790,206.662,1
182,3.036367,10,0.151112,590.918,225.862,1
182,3.036367,12,0.668828,620.242,355.582,1
182,3.036367,11,0.338712,544.472,468.040,0
183,3.053050,4,0.489884,668.538,309.547,0
183,3.053050,9,0.365437,568.247,209.149,1
183,3.053050,10,0.342853,597.128,225.660,1
183,3.053050,12,0.283657,618.820,341.751,1
183,3.053050,11,0.338712,544.170,477.443,0
184,3.069733,4,0.598327,670.591,321.238,1
184,3.069733,9,0.519742,566.430,212.434,1
184,3.069733,10,0.598588,602.603,225.369,1
184,3.069733,12,0.283657,617.531,327.344,0
184,3.069733,11,0.338712,543.868,486.846,0
185,3.086417,4,0.697200,672.103,333.460,1
185,3.086417,9,0.685921,564.578,216.168,1
185,3.086417,10,0.707108,607.611,224.471,1
185,3.086417,12,0.650493,616.436,315.590,1
185,3.086417,11,0.351676,549.972,489.710,1
186,3.103100,4,0.833410,673.936,346.005,1
186,3.103100,9,0.781696,562.929,220.081,1
186,3.103100,10,0.659581,611.393,223.224,1
186,3.103100,12,0.621850,615.290,304.270,1
186,3.103100,11,0.351676,551.370,497.377,0
187,3.119783,4,0.823713,675.502,359.051,1
187,3.119783,9,0.716285,561.192,224.743,1
187,3.119783,10,0.525031,614.385,221.759,1
187,3.119783,12,0.619930,614.015,293.705,1
187,3.119783,11,0.451191,557.409,495.530,1
188,3.136467,4,0.565881,677.536,372.605,1
188,3.136467,9,0.653154,559.337,230.447,1
188,3.136467,10,0.399547,616.733,220.514,1
188,3.136467,12,0.183363,612.649,284.033,1
188,3.136467,11,0.451191,560.038,500.672,0
189,3.153150,4,0.781483,679.251,384.674,1
189,3.153150,9,0.549882,557.330,236.237,1
189,3.153150,10,0.539208,618.644,219.110,1
189,3.153150,12,0.605694,611.427,274.893,1
189,3.153150,11,0.288843,565.840,490.351,1
190,3.169833,4,0.683170,680.621,395.193,1
190,3.169833,9,0.720728,555.463,242.524,1
190,3.169833,10,0.569877,620.330,218.151,1
190,3.169833,12,0.585897,610.277,266.474,1
190,3.169833,11,0.385297,570.624,477.794,1
191,3.186517,4,0.720135,681.492,404.690,1
191,3.186517,9,0.583650,553.942,249.825,1
191,3.186517,10,0.707565,621.923,217.575,1
191,3.186517,12,0.648363,609.183,258.441,1
191,3.186517,11,0.356689,574.676,463.260,1
192,3.203200,4,0.578429,681.325,413.412,1
192,3.203200,9,0.408055,552.052,257.167,1
192,3.203200,10,0.603314,623.324,217.389,1
192,3.203200,12,0.475624,608.455,250.764,1
192,3.203200,11,0.356689,578.557,457.515,0
193,3.219883,4,0.702035,679.490,422.312,1
193,3.219883,9,0.700374,550.337,265.352,1
193,3.219883,10,0.696008,624.692,217.744,1
193,3.219883,12,0.660264,607.333,243.754,1
193,3.219883,11,0.751407,580.590,438.000,1
194,3.236567,4,0.605490,676.716,430.713,1
194,3.236567,9,0.776183,548.159,273.939,1
194,3.236567,10,0.430934,626.386,218.416,1
194,3.236567,12,0.674730,606.300,237.559,1
194,3.236567,11,0.499582,582.129,417.686,1
195,3.253250,4,0.605490,676.176,440.293,0
195,3.253250,9,0.474967,546.354,283.134,1
195,3.253250,10,0.394577,627.575,219.600,1
195,3.253250,12,0.724703,605.109,231.668,1
195,3.253250,11,0.629168,583.347,398.975,1
196,3.269933,4,0.605490,675.636,449.873,0
196,3.269933,9,0.732250,544.461,293.320,1
196,3.269933,10,0.532562,628.544,221.868,1
196,3.269933,12,0.716276,603.955,226.757,1
196,3.269933,11,0.538467,584.472,381.159,1
197,3.286617,4,0.605490,675.096,459.453,0
197,3.286617,9,0.233215,542.586,303.715,1
197,3.286617,10,0.530771,630.251,224.476,1
197,3.286617,12,0.716909,603.128,222.251,1
197,3.286617,11,0.267138,585.223,365.377,1
198,3.303300,4,0.605490,674.556,469.033,0
198,3.303300,9,0.762704,540.733,314.785,1
198,3.303300,10,0.753541,631.247,227.848,1
198,3.303300,12,0.771250,602.000,218.074,1
198,3.303300,11,0.711252,585.750,350.265,1
199,3.319983,4,0.605490,674.016,478.612,0
199,3.319983,9,0.789054,538.640,326.526,1
199,3.319983,10,0.668397,632.511,231.818,1
199,3.319983,12,0.542424,600.640,214.025,1
199,3.319983,11,0.414249,586.249,335.839,1
200,3.336667,9,0.741419,536.874,338.590,1
200,3.336667,10,0.370044,633.582,236.157,1
200,3.336667,12,0.671886,599.295,210.766,1
200,3.336667,11,0.414249,587.424,320.853,0
201,3.353350,9,0.712193,534.907,351.532,1
201,3.353350,10,0.197749,634.977,240.762,1
201,3.353350,12,0.700301,598.206,208.381,1
201,3.353350,11,0.159491,589.110,309.213,1
202,3.370033,9,0.729415,533.056,364.991,1
202,3.370033,10,0.310012,636.395,245.676,1
202,3.370033,12,0.747898,596.974,206.294,1
202,3.370033,11,0.711052,590.555,298.862,1
203,3.386717,9,0.681068,531.161,378.664,1
203,3.386717,10,0.617632,638.127,251.512,1
203,3.386717,12,0.510938,595.800,204.762,1
203,3.386717,11,0.565025,591.915,289.497,1
204,3.403400,9,0.429343,528.722,391.242,1
204,3.403400,10,0.645411,639.536,258.108,1
204,3.403400,12,0.700210,594.894,203.803,1
204,3.403400,11,0.603691,593.221,280.674,1
205,3.420083,9,0.429343,526.685,403.622,0
205,3.420083,10,0.650945,640.890,265.158,1
205,3.420083,12,0.671467,593.805,203.309,1
205,3.420083,11,0.668629,594.498,272.206,1
206,3.436767,9,0.429343,524.647,416.001,0
206,3.436767,10,0.723743,642.500,272.812,1
206,3.436767,12,0.683426,592.528,203.222,1
206,3.436767,11,0.649320,595.656,264.406,1
207,3.453450,9,0.465246,524.440,423.937,1
207,3.453450,10,0.451052,643.851,280.931,1
207,3.453450,12,0.687784,591.310,203.548,1
207,3.453450,11,0.683471,596.412,257.014,1
207,3.453450,13,0.523320,624.379,417.620,1
208,3.470133,9,0.249898,525.146,431.761,1
208,3.470133,10,0.479090,645.445,289.889,1
208,3.470133,12,0.661282,590.205,204.266,1
208,3.470133,11,0.570052,597.217,250.140,1
208,3.470133,13,0.470131,622.921,404.634,1
209,3.486817,9,0.249898,524.193,442.065,0
209,3.486817,10,0.426770,647.132,299.084,1
209,3.486817,12,0.646630,588.881,205.679,1
209,3.486817,11,0.412863,598.052,243.380,1
209,3.486817,13,0.470131,622.088,397.709,0
210,3.503500,9,0.369828,528.187,449.715,1
210,3.503500,10,0.692267,648.597,308.460,1
210,3.503500,12,0.629229,587.632,207.822,1
210,3.503500,11,0.636510,598.873,237.247,1
210,3.503500,13,0.755254,619.717,377.752,1
211,3.520183,9,0.199259,532.535,456.573,1
211,3.520183,10,0.775615,649.809,318.676,1
211,3.520183,12,0.634277,586.657,210.241,1
211,3.520183,11,0.785679,599.710,231.954,1
211,3.520183,13,0.598899,617.909,360.380,1
212,3.536867,9,0.386656,537.572,463.951,1
212,3.536867,10,0.738645,650.853,329.571,1
212,3.536867,12,0.686881,585.749,213.184,1
212,3.536867,11,0.603914,600.426,227.168,1
212,3.536867,13,0.568491,616.199,344.336,1
213,3.553550,9,0.386656,539.951,472.426,0
213,3.553550,10,0.815309,652.210,340.295,1
213,3.553550,12,0.499881,584.591,217.220,1
213,3.553550,11,0.607762,601.494,222.904,1
213,3.553550,13,0.568491,614.645,330.329,0
214,3.570233,9,0.386656,542.330,480.902,0
214,3.570233,10,0.792022,653.488,352.550,1
214,3.570233,12,0.582136,583.440,221.421,1
214,3.570233,11,0.606663,602.917,219.027,1
214,3.570233,13,0.568491,613.090,316.322,0
215,3.586917,9,0.386656,544.708,489.377,0
215,3.586917,10,0.763303,654.824,364.882,1
215,3.586917,12,0.726027,582.319,226.353,1
215,3.586917,11,0.722317,604.013,215.310,1
215,3.586917,13,0.666412,610.734,303.615,1
216,3.603600,9,0.386656,547.087,497.853,0
216,3.603600,10,0.702933,656.273,378.177,1
216,3.603600,12,0.651853,581.069,231.655,1
216,3.603600,11,0.674399,604.887,212.336,1
216,3.603600,13,0.376889,609.034,291.981,1
217,3.620283,9,0.386656,549.466,506.328,0
217,3.620283,10,0.618555,657.352,391.102,1
217,3.620283,12,0.631878,579.730,237.293,1
217,3.620283,11,0.200145,606.056,209.448,1
217,3.620283,13,0.516379,607.089,281.408,1
218,3.636967,9,0.160270,557.886,500.071,1
218,3.636967,10,0.356155,657.703,402.172,1
218,3.636967,12,0.609555,578.313,243.875,1
218,3.636967,11,0.409408,607.201,207.770,1
218,3.636967,13,0.355317,605.150,271.849,1
219,3.653650,9,0.162527,565.002,490.950,1
219,3.653650,10,0.377823,657.581,411.374,1
219,3.653650,12,0.667294,577.189,250.847,1
219,3.653650,11,0.693888,608.368,206.449,1
219,3.653650,13,0.617280,603.459,263.071,1
220,3.670333,9,0.362564,570.363,480.052,1
220,3.670333,10,0.151146,657.129,420.110,1
220,3.670333,12,0.601669,575.813,258.039,1
220,3.670333,11,0.635928,609.358,205.700,1
220,3.670333,13,0.569709,601.858,254.896,1
221,3.687017,9,0.529847,574.229,467.013,1
221,3.687017,10,0.213727,655.623,428.156,1
221,3.687017,12,0.716793,574.443,266.164,1
221,3.687017,11,0.653735,610.489,205.465,1
221,3.687017,13,0.612695,599.913,247.654,1
222,3.703700,9,0.320920,577.180,452.352,1
222,3.703700,10,0.276113,653.379,435.724,1
222,3.703700,12,0.638814,573.143,274.667,1
222,3.703700,11,0.501790,611.802,205.670,1
222,3.703700,13,0.544192,598.519,240.726,1
223,3.720383,9,0.320920,581.393,444.728,0
223,3.720383,10,0.321801,650.828,443.891,1
223,3.720383,12,0.497803,572.026,283.710,1
223,3.720383,11,0.474414,612.865,206.471,1
223,3.720383,13,0.293528,597.015,234.375,1
224,3.737067,9,0.320920,585.606,437.104,0
224,3.737067,10,0.321801,649.662,452.814,0
224,3.737067,12,0.678189,570.739,293.483,1
224,3.737067,11,0.403804,614.093,207.921,1
224,3.737067,13,0.660405,595.762,228.558,1
225,3.753750,9,0.650836,585.224,413.734,1
225,3.753750,10,0.321801,648.497,461.738,0
225,3.753750,12,0.457242,569.256,303.605,1
225,3.753750,11,0.403804,615.245,207.804,0
225,3.753750,13,0.177911,594.389,222.964,1
226,3.770433,9,0.533013,584.614,392.561,1
226,3.770433,10,0.321801,647.332,470.661,0
226,3.770433,12,0.600623,568.075,314.659,1
226,3.770433,11,0.661250,616.264,210.749,1
226,3.770433,13,0.620027,592.627,217.753,1
227,3.787117,9,0.453822,584.680,373.174,1
227,3.787117,10,0.331112,642.243,475.485,1
227,3.787117,12,0.265179,566.682,326.245,1
227,3.787117,11,0.696401,617.467,213.755,1
227,3.787117,13,0.508158,590.937,213.123,1
228,3.803800,9,0.526169,584.850,356.115,1
228,3.803800,10,0.331112,640.037,483.321,0
228,3.803800,12,0.587142,565.346,338.580,1
228,3.803800,11,0.690874,618.416,217.646,1
228,3.803800,13,0.553606,589.461,209.224,1
229,3.820483,9,0.526169,586.007,340.096,0
229,3.820483,10,0.331112,637.830,491.156,0
229,3.820483,12,0.514817,564.155,351.341,1
229,3.820483,11,0.440381,619.388,221.919,1
229,3.820483,13,0.401513,587.849,205.879,1
230,3.837167,9,0.526169,587.164,324.078,0
230,3.837167,10,0.331112,635.624,498.991,0
230,3.837167,12,0.279585,563.067,364.377,1
230,3.837167,11,0.306397,620.258,226.627,1
230,3.837167,13,0.401513,586.271,200.982,0
231,3.853850,9,0.526169,588.321,308.060,0
231,3.853850,12,0.199862,561.827,377.094,1
231,3.853850,11,0.630821,621.438,231.893,1
231,3.853850,13,0.316886,584.956,199.234,1
232,3.870533,9,0.184728,589.329,298.575,1
232,3.870533,12,0.199862,560.592,389.022,0
232,3.870533,11,0.216979,622.392,237.350,1
232,3.870533,13,0.316886,583.448,195.173,0
233,3.887217,9,0.486228,590.453,290.112,1
233,3.887217,12,0.199862,559.358,400.951,0
233,3.887217,11,0.530339,623.207,243.521,1
233,3.887217,13,0.218821,582.132,195.057,1
234,3.903900,9,0.401914,591.625,281.513,1
234,3.903900,12,0.182966,557.846,412.152,1
234,3.903900,11,0.324478,623.981,250.113,1
234,3.903900,13,0.165402,580.291,195.439,1
235,3.920583,9,0.485568,593.098,272.983,1
235,3.920583,12,0.182966,556.538,423.888,0
235,3.920583,11,0.296361,625.094,257.085,1
235,3.920583,13,0.165402,578.731,193.326,0
236,3.937267,9,0.441847,594.612,265.119,1
236,3.937267,12,0.192876,555.324,432.974,1
236,3.937267,11,0.607673,626.215,264.851,1
236,3.937267,13,0.165402,577.172,191.213,0
237,3.953950,9,0.450459,595.898,257.504,1
237,3.953950,12,0.449487,554.497,442.541,1
237,3.953950,11,0.534184,627.107,273.220,1
237,3.953950,13,0.269044,575.182,194.408,1
238,3.970633,9,0.496086,597.378,250.382,1
238,3.970633,12,0.384391,554.492,451.243,1
238,3.970633,11,0.515941,627.891,281.846,1
238,3.970633,13,0.220929,573.539,197.330,1
239,3.987317,9,0.550104,598.746,243.468,1
239,3.987317,12,0.557581,554.562,459.830,1
239,3.987317,11,0.480261,628.632,291.188,1
239,3.987317,13,0.525107,571.949,200.216,1
240,4.004000,9,0.471448,600.206,237.130,1
240,4.004000,12,0.557581,553.952,469.550,0
240,4.004000,11,0.361437,629.543,301.202,1
240,4.004000,13,0.456507,570.267,203.614,1
241,4.020683,9,0.719785,601.659,231.303,1
241,4.020683,12,0.557581,553.342,479.269,0
241,4.020683,11,0.427950,630.517,312.067,1
241,4.020683,13,0.601645,568.426,207.084,1
242,4.037367,9,0.650360,603.244,226.150,1
242,4.037367,12,0.188946,555.294,483.181,1
242,4.037367,11,0.589465,631.460,323.135,1
242,4.037367,13,0.412816,566.697,210.571,1
243,4.054050,9,0.155831,604.652,221.274,1
243,4.054050,12,0.188946,555.365,491.360,0
243,4.054050,11,0.788966,632.551,334.673,1
243,4.054050,13,0.184154,564.810,214.207,1
244,4.070733,9,0.552020,605.723,216.829,1
244,4.070733,12,0.188946,555.435,499.538,0
244,4.070733,11,0.676984,633.311,346.792,1
244,4.070733,13,0.712149,563.323,218.520,1
245,4.087417,9,0.469261,607.122,212.972,1
245,4.087417,12,0.188946,555.505,507.716,0
245,4.087417,11,0.709728,634.329,359.488,1
245,4.087417,13,0.594885,561.871,223.637,1
245,4.087417,14,0.691396,604.565,308.004,1
246,4.104100,9,0.503735,608.565,209.752,1
246,4.104100,12,0.188946,555.575,515.894,0
246,4.104100,11,0.633410,635.509,372.265,1
246,4.104100,13,0.540248,560.090,229.081,1
246,4.104100,14,0.298496,602.858,298.998,1
247,4.120783,9,0.310609,609.636,207.458,1
247,4.120783,11,0.633410,636.512,383.875,0
247,4.120783,13,0.458755,558.338,235.256,1
247,4.120783,14,0.415905,600.732,289.541,1
248,4.137467,9,0.474207,610.966,205.310,1
248,4.137467,11,0.345791,637.571,397.835,1
248,4.137467,13,0.584958,556.592,241.888,1
248,4.137467,14,0.494448,599.059,279.862,1
249,4.154150,9,0.344285,612.429,203.878,1
249,4.154150,11,0.345791,638.588,410.069,0
249,4.154150,13,0.455381,555.042,249.348,1
249,4.154150,14,0.182138,597.199,270.221,1
250,4.170833,9,0.515714,613.649,203.112,1
250,4.170833,11,0.345791,639.606,422.302,0
250,4.170833,13,0.327828,553.501,257.207,1
250,4.170833,14,0.413210,595.647,261.628,1
251,4.187517,9,0.586722,614.861,202.587,1
251,4.187517,11,0.632013,638.909,431.469,1
251,4.187517,13,0.621806,551.565,265.768,1
251,4.187517,14,0.201443,593.987,253.467,1
252,4.204200,9,0.568041,616.257,202.538,1
252,4.204200,11,0.632013,639.471,442.888,0
252,4.204200,13,0.528575,549.909,274.691,1
252,4.204200,14,0.354312,592.227,246.207,1
253,4.220883,9,0.529862,617.628,203.292,1
253,4.220883,11,0.632013,640.034,454.308,0
253,4.220883,13,0.409926,548.159,284.358,1
253,4.220883,14,0.169216,590.612,239.982,1
253,4.220883,15,0.516897,574.163,395.011,1
254,4.237567,9,0.579287,618.655,204.339,1
254,4.237567,11,0.632013,640.596,465.728,0
254,4.237567,13,0.542317,546.375,294.947,1
254,4.237567,14,0.186390,588.817,234.768,1
254,4.237567,15,0.746060,575.905,381.702,1
255,4.254250,9,0.586688,619.768,205.771,1
255,4.254250,11,0.440427,637.036,470.772,1
255,4.254250,13,0.751671,544.621,305.406,1
255,4.254250,14,0.641011,587.377,230.285,1
255,4.254250,15,0.160416,577.034,367.198,1
256,4.270933,9,0.682162,620.838,208.312,1
256,4.270933,11,0.440427,636.504,480.500,0
256,4.270933,13,0.683897,542.756,316.463,1
256,4.270933,14,0.253149,586.101,226.443,1
256,4.270933,15,0.261691,578.535,352.437,1
257,4.287617,9,0.688635,622.008,210.717,1
257,4.287617,11,0.440427,635.973,490.228,0
257,4.287617,13,0.751016,540.975,328.066,1
257,4.287617,14,0.496096,584.627,222.842,1
257,4.287617,15,0.450679,580.836,338.738,1
258,4.304300,9,0.199438,623.207,213.693,1
258,4.304300,13,0.609717,538.965,339.865,1
258,4.304300,14,0.293516,582.438,219.639,1
258,4.304300,15,0.427015,582.720,325.662,1
259,4.320983,9,0.658109,624.515,217.334,1
259,4.320983,13,0.744862,537.414,352.695,1
259,4.320983,14,0.237946,580.835,217.155,1
259,4.320983,15,0.194389,584.993,313.763,1
260,4.337667,9,0.556319,625.731,221.766,1
260,4.337667,13,0.791183,535.472,366.307,1
260,4.337667,14,0.356729,579.203,215.360,1
260,4.337667,15,0.649222,586.716,302.301,1
261,4.354350,9,0.688620,626.894,226.735,1
261,4.354350,13,0.707848,533.454,380.482,1
261,4.354350,14,0.257318,577.748,214.300,1
261,4.354350,15,0.271937,588.366,291.783,1
262,4.371033,9,0.335337,628.029,232.160,1
262,4.371033,13,0.508221,531.569,395.044,1
262,4.371033,14,0.178257,576.328,213.397,1
262,4.371033,15,0.201037,590.175,282.203,1
263,4.387717,9,0.417315,629.025,238.060,1
263,4.387717,13,0.619893,530.187,408.292,1
263,4.387717,14,0.339468,574.628,213.313,1
263,4.387717,15,0.482411,591.623,273.227,1
264,4.404400,9,0.677137,630.192,244.821,1
264,4.404400,13,0.665900,529.609,421.118,1
264,4.404400,14,0.645449,573.084,213.598,1
264,4.404400,15,0.590201,593.310,265.127,1
265,4.421083,9,0.684411,631.202,252.126,1
265,4.421083,13,0.436138,529.398,432.279,1
265,4.421083,14,0.560659,571.431,214.271,1
265,4.421083,15,0.560336,595.119,257.723,1
266,4.437767,9,0.695484,632.264,259.661,1
266,4.437767,13,0.424455,529.967,442.114,1
266,4.437767,14,0.535460,569.633,215.704,1
266,4.437767,15,0.733144,596.419,250.710,1
267,4.454450,9,0.517359,633.990,267.932,1
267,4.454450,13,0.424455,529.304,453.922,0
267,4.454450,14,0.362661,568.134,217.543,1
267,4.454450,15,0.580051,597.731,244.203,1
268,4.471133,9,0.478827,635.364,276.829,1
268,4.471133,13,0.165901,532.128,460.714,1
268,4.471133,14,0.470372,566.485,219.949,1
268,4.471133,15,0.516073,599.009,238.813,1
269,4.487817,9,0.298035,636.469,286.318,1
269,4.487817,13,0.165901,532.390,471.191,0
269,4.487817,14,0.224153,564.717,223.133,1
269,4.487817,15,0.326606,600.426,233.938,1
270,4.504500,9,0.548558,637.867,296.241,1
270,4.504500,13,0.165901,532.653,481.668,0
270,4.504500,14,0.530294,563.114,226.557,1
270,4.504500,15,0.684968,601.914,230.097,1
271,4.521183,9,0.579653,639.200,306.784,1
271,4.521183,13,0.165901,532.915,492.145,0
271,4.521183,14,0.649788,561.527,230.615,1
271,4.521183,15,0.477620,603.479,225.857,1
272,4.537867,9,0.639287,640.326,317.746,1
272,4.537867,13,0.165901,533.177,502.622,0
272,4.537867,14,0.445552,559.655,235.143,1
272,4.537867,15,0.399832,605.106,222.215,1
273,4.554550,9,0.649998,641.758,329.484,1
273,4.554550,13,0.165901,533.440,513.099,0
273,4.554550,14,0.223176,557.902,239.891,1
273,4.554550,15,0.505253,606.643,219.132,1
274,4.571233,9,0.619409,643.255,341.499,1
274,4.571233,13,0.399516,544.368,505.752,1
274,4.571233,14,0.265514,555.694,245.186,1
274,4.571233,15,0.449523,608.070,216.701,1
274,4.571233,16,0.484402,601.369,312.410,1
275,4.587917,9,0.736221,644.420,354.209,1
275,4.587917,13,0.460887,552.960,496.600,1
275,4.587917,14,0.645665,554.156,251.754,1
275,4.587917,15,0.710527,609.409,214.825,1
275,4.587917,16,0.642332,600.237,303.454,1
276,4.604600,9,0.182131,645.321,367.622,1
276,4.604600,13,0.417913,559.934,485.483,1
276,4.604600,14,0.737542,552.309,258.624,1
276,4.604600,15,0.693286,610.733,213.152,1
276,4.604600,16,0.683623,598.837,293.607,1
277,4.621283,9,0.760638,647.186,381.441,1
277,4.621283,13,0.336642,565.450,473.118,1
277,4.621283,14,0.592689,550.793,266.124,1
277,4.621283,15,0.561366,612.012,212.368,1
277,4.621283,16,0.666023,597.173,283.801,1
278,4.637967,9,0.264293,648.189,394.854,1
278,4.637967,13,0.336642,570.730,468.637,0
278,4.637967,14,0.667283,549.037,274.059,1
278,4.637967,15,0.555077,613.323,212.071,1
278,4.637967,16,0.631813,595.621,274.707,1
279,4.654650,9,0.244307,648.965,408.880,1
279,4.654650,13,0.229653,572.628,451.675,1
279,4.654650,14,0.617997,547.167,282.421,1
279,4.654650,15,0.645932,614.649,212.354,1
279,4.654650,16,0.704787,593.980,266.390,1
280,4.671333,9,0.460260,649.360,421.436,1
280,4.671333,13,0.554575,574.391,432.590,1
280,4.671333,14,0.784983,545.652,291.278,1
280,4.671333,15,0.779139,616.183,213.060,1
280,4.671333,16,0.771552,592.478,258.982,1
281,4.688017,9,0.156828,648.864,431.779,1
281,4.688017,13,0.469631,575.893,415.050,1
281,4.688017,14,0.398223,543.584,300.571,1
281,4.688017,15,0.646618,617.508,214.341,1
281,4.688017,16,0.647581,590.847,252.102,1
282,4.704700,9,0.216594,646.779,439.557,1
282,4.704700,13,0.469631,579.000,402.469,0
282,4.704700,14,0.791681,541.832,310.833,1
282,4.704700,15,0.771570,618.920,216.457,1
282,4.704700,16,0.791975,589.512,245.574,1
283,4.721383,9,0.153619,644.728,448.352,1
283,4.721383,13,0.630889,580.201,383.656,1
283,4.721383,14,0.643040,539.874,321.741,1
283,4.721383,15,0.699920,620.372,218.741,1
283,4.721383,16,0.742427,588.031,240.382,1
284,4.738067,9,0.430099,642.254,455.051,1
284,4.738067,13,0.497618,580.970,366.499,1
284,4.738067,14,0.793761,538.172,333.294,1
284,4.738067,15,0.846193,621.804,221.377,1
284,4.738067,16,0.767485,586.608,235.818,1
285,4.754750,9,0.248626,639.015,462.663,1
285,4.754750,13,0.579006,582.085,351.126,1
285,4.754750,14,0.729835,536.340,345.194,1
285,4.754750,15,0.802746,623.225,224.624,1
285,4.754750,16,0.734052,585.540,232.088,1
286,4.771433,9,0.255792,635.898,468.621,1
286,4.771433,13,0.797611,583.328,338.206,1
286,4.771433,14,0.818518,534.415,357.812,1
286,4.771433,15,0.769460,624.656,228.626,1
286,4.771433,16,0.776700,583.806,228.855,1
287,4.788117,9,0.255792,633.828,476.782,0
287,4.788117,13,0.486848,584.770,325.721,1
287,4.788117,14,0.725906,532.622,371.089,1
287,4.788117,15,0.767500,626.198,233.032,1
287,4.788117,16,0.707125,582.085,226.054,1
288,4.804800,9,0.255792,631.759,484.942,0
288,4.804800,13,0.481295,586.539,314.693,1
288,4.804800,14,0.824723,530.890,384.439,1
288,4.804800,15,0.716706,627.445,237.675,1
288,4.804800,16,0.634584,580.749,223.835,1
289,4.821483,9,0.255792,629.689,493.103,0
289,4.821483,13,0.655794,588.246,304.059,1
289,4.821483,14,0.536161,528.171,397.529,1
289,4.821483,15,0.659337,628.891,243.334,1
289,4.821483,16,0.798586,579.093,222.381,1
290,4.838167,9,0.255792,627.619,501.264,0
290,4.838167,13,0.693691,589.892,294.532,1
290,4.838167,14,0.610967,526.373,407.941,1
290,4.838167,15,0.641396,630.345,249.669,1
290,4.838167,16,0.818601,577.625,221.329,1
291,4.854850,9,0.255792,625.550,509.424,0
291,4.854850,13,0.564910,591.368,285.518,1
291,4.854850,14,0.654638,525.461,417.843,1
291,4.854850,15,0.720702,631.706,256.026,1
291,4.854850,16,0.750404,576.382,220.867,1
292,4.871533,13,0.492629,592.847,277.181,1
292,4.871533,14,0.605979,525.225,426.432,1
292,4.871533,15,0.764387,633.280,263.157,1
292,4.871533,16,0.695342,574.961,220.761,1
293,4.888217,13,0.587955,594.501,269.696,1
293,4.888217,14,0.605979,523.916,437.018,0
293,4.888217,15,0.583532,634.665,270.955,1
293,4.888217,16,0.609432,573.418,221.057,1
293,4.888217,17,0.249621,616.191,437.308,1
294,4.904900,13,0.595864,596.144,262.943,1
294,4.904900,14,0.605979,522.608,447.604,0
294,4.904900,15,0.676020,636.113,279.251,1
294,4.904900,16,0.637123,572.167,222.144,1
294,4.904900,17,0.652794,614.141,423.655,1
295,4.921583,13,0.672073,597.815,256.537,1
295,4.921583,14,0.605979,521.300,458.191,0
295,4.921583,15,0.723065,637.648,287.964,1
295,4.921583,16,0.657820,570.525,223.590,1
295,4.921583,17,0.439385,612.363,408.533,1
296,4.938267,13,0.715430,599.295,250.846,1
296,4.938267,14,0.216806,527.467,462.986,1
296,4.938267,15,0.723664,639.156,297.388,1
296,4.938267,16,0.705532,568.932,225.499,1
296,4.938267,17,0.481572,610.750,393.110,1
297,4.954950,13,0.414282,600.619,245.053,1
297,4.954950,14,0.216806,528.143,472.035,0
297,4.954950,15,0.579846,640.522,307.304,1
297,4.954950,16,0.530758,567.444,228.210,1
297,4.954950,17,0.481572,609.322,381.656,0
298,4.971633,13,0.351115,602.210,239.755,1
298,4.971633,14,0.216806,528.819,481.085,0
298,4.971633,15,0.549925,642.058,317.614,1
298,4.971633,16,0.530758,565.946,229.320,0
298,4.971633,17,0.481572,607.894,370.201,0
299,4.988317,13,0.669117,603.919,235.145,1
299,4.988317,14,0.216806,529.495,490.134,0
299,4.988317,15,0.516859,643.569,328.924,1
299,4.988317,16,0.697919,564.270,233.691,1
299,4.988317,17,0.481572,606.466,358.746,0
300,5.005000,13,0.631160,605.134,230.892,1
300,5.005000,15,0.641904,644.952,340.071,1
300,5.005000,16,0.700909,562.694,238.306,1
300,5.005000,17,0.481572,605.038,347.291,0
301,5.021683,13,0.590463,606.676,227.430,1
301,5.021683,15,0.682422,646.782,352.535,1
301,5.021683,16,0.663793,561.078,243.341,1
301,5.021683,17,0.207262,602.923,329.235,1
302,5.038367,13,0.644407,608.319,224.312,1
302,5.038367,15,0.825187,648.392,365.306,1
302,5.038367,16,0.624115,559.482,249.365,1
302,5.038367,17,0.492911,601.033,313.376,1
303,5.055050,13,0.617069,609.922,221.894,1
303,5.055050,15,0.720568,649.931,377.495,1
303,5.055050,16,0.727837,557.799,255.396,1
303,5.055050,17,0.302757,599.582,300.242,1
304,5.071733,13,0.314505,611.262,219.912,1
304,5.071733,15,0.484185,651.301,389.717,1
304,5.071733,16,0.473099,556.089,262.288,1
304,5.071733,17,0.302757,597.951,286.448,0
305,5.088417,13,0.311458,612.841,218.209,1
305,5.088417,15,0.484185,652.812,401.380,0
305,5.088417,16,0.621160,554.574,269.196,1
305,5.088417,17,0.480543,596.366,276.780,1
306,5.105100,13,0.410265,614.326,217.136,1
306,5.105100,15,0.484185,654.322,413.043,0
306,5.105100,16,0.558410,552.798,276.814,1
306,5.105100,17,0.450746,595.125,267.949,1
307,5.121783,13,0.601554,615.875,216.785,1
307,5.121783,15,0.317892,653.572,421.416,1
307,5.121783,16,0.567413,551.042,285.184,1
307,5.121783,17,0.445412,593.697,259.942,1
308,5.138467,13,0.606348,617.498,216.974,1
308,5.138467,15,0.190173,651.994,429.187,1
308,5.138467,16,0.639481,549.328,294.103,1
308,5.138467,17,0.282957,592.362,253.009,1
309,5.155150,13,0.690956,619.085,217.540,1
309,5.155150,15,0.268909,649.686,436.670,1
309,5.155150,16,0.689609,547.505,303.578,1
309,5.155150,17,0.646414,590.958,246.151,1
309,5.155150,18,0.434949,573.670,401.145,1
310,5.171833,13,0.682526,620.839,218.933,1
310,5.171833,15,0.268909,649.258,445.994,0
310,5.171833,16,0.656814,545.996,313.465,1
310,5.171833,17,0.493373,589.596,239.888,1
310,5.171833,18,0.434949,574.124,397.765,0
311,5.188517,13,0.761405,622.373,220.532,1
311,5.188517,15,0.268909,648.829,455.318,0
311,5.188517,16,0.763527,544.306,323.893,1
311,5.188517,17,0.671118,588.097,234.073,1
311,5.188517,18,0.740518,576.159,378.939,1
312,5.205200,13,0.793855,624.153,223.033,1
312,5.205200,15,0.213098,644.188,462.532,1
312,5.205200,16,0.462826,542.581,335.123,1
312,5.205200,17,0.498618,586.561,228.710,1
312,5.205200,18,0.696887,577.738,360.111,1
313,5.221883,13,0.810522,625.978,226.252,1
313,5.221883,15,0.189355,639.056,468.165,1
313,5.221883,16,0.816074,541.079,347.267,1
313,5.221883,17,0.623181,585.418,224.007,1
313,5.221883,18,0.294261,579.264,343.851,1
314,5.238567,13,0.748179,627.465,229.860,1
314,5.238567,15,0.189355,636.558,476.098,0
314,5.238567,16,0.755980,539.581,360.367,1
314,5.238567,17,0.439562,584.254,219.881,1
314,5.238567,18,0.419277,582.071,329.527,1
315,5.255250,13,0.579235,628.972,233.905,1
315,5.255250,15,0.189355,634.060,484.031,0
315,5.255250,16,0.750095,537.717,372.854,1
315,5.255250,17,0.587424,582.644,216.029,1
315,5.255250,18,0.333729,584.255,316.901,1
316,5.271933,13,0.740764,630.591,238.223,1
316,5.271933,15,0.189355,631.562,491.964,0
316,5.271933,16,0.645108,535.941,384.939,1
316,5.271933,17,0.458894,581.331,212.778,1
316,5.271933,18,0.629680,586.383,305.162,1
317,5.288617,13,0.612486,631.885,243.380,1
317,5.288617,15,0.189355,629.064,499.897,0
317,5.288617,16,0.572441,533.850,396.711,1
317,5.288617,17,0.643759,579.639,209.936,1
317,5.288617,18,0.539030,588.204,294.630,1
318,5.305300,13,0.557418,633.353,249.300,1
318,5.305300,15,0.189355,626.566,507.830,0
318,5.305300,16,0.517787,532.569,407.757,1
318,5.305300,17,0.581938,578.009,207.946,1
318,5.305300,18,0.304759,589.918,284.871,1
319,5.321983,13,0.567689,634.976,255.373,1
319,5.321983,16,0.476692,531.910,417.380,1
319,5.321983,17,0.503576,576.733,206.213,1
319,5.321983,18,0.438843,591.439,275.729,1
320,5.338667,13,0.668611,636.568,262.321,1
320,5.338667,16,0.397307,531.300,425.758,1
320,5.338667,17,0.430575,575.234,204.844,1
320,5.338667,18,0.403934,593.105,267.425,1
321,5.355350,13,0.447538,638.467,269.336,1
321,5.355350,16,0.397307,530.111,436.050,0
321,5.355350,17,0.301648,573.704,204.255,1
321,5.355350,18,0.360243,594.741,259.588,1
322,5.372033,13,0.336172,640.097,276.726,1
322,5.372033,16,0.397307,528.922,446.342,0
322,5.372033,17,0.301648,572.226,202.141,0
322,5.372033,18,0.285432,596.326,252.881,1
323,5.388717,13,0.659545,641.475,285.489,1
323,5.388717,16,0.397307,527.734,456.635,0
323,5.388717,17,0.391717,570.659,202.974,1
323,5.388717,18,0.501423,597.531,246.793,1
324,5.405400,13,0.728865,643.101,294.963,1
324,5.405400,16,0.397307,526.545,466.927,0
324,5.405400,17,0.521167,569.371,204.163,1
324,5.405400,18,0.527474,598.720,241.130,1
325,5.422083,13,0.674520,644.436,304.645,1
325,5.422083,16,0.397307,525.357,477.219,0
325,5.422083,17,0.239252,568.184,205.779,1
325,5.422083,18,0.593673,600.009,235.970,1
326,5.438767,13,0.235108,645.936,315.202,1
326,5.438767,17,0.239252,566.808,205.721,0
326,5.438767,18,0.593673,601.421,229.115,0
327,5.455450,13,0.340499,647.725,326.093,1
327,5.455450,17,0.166023,565.032,209.148,1
327,5.455450,18,0.289549,603.143,225.627,1
328,5.472133,13,0.854294,649.199,337.931,1
328,5.472133,17,0.341736,563.504,212.810,1
328,5.472133,18,0.300766,604.587,222.563,1
329,5.488817,13,0.726974,650.488,349.940,1
329,5.488817,17,0.543029,561.716,216.865,1
329,5.488817,18,0.615284,605.937,219.571,1
330,5.505500,13,0.857204,652.238,362.562,1
330,5.505500,17,0.766106,560.141,221.431,1
330,5.505500,18,0.559803,607.637,217.387,1
331,5.522183,13,0.718353,653.634,374.813,1
331,5.522183,17,0.388249,558.442,226.368,1
331,5.522183,18,0.430522,608.831,215.353,1
331,5.522183,19,0.474841,602.995,303.126,1
332,5.538867,13,0.312290,655.466,386.165,1
332,5.538867,17,0.384132,556.611,231.707,1
332,5.538867,18,0.159298,610.254,213.623,1
332,5.538867,19,0.591174,600.164,291.040,1
333,5.555550,13,0.312290,657.064,397.549,0
333,5.555550,17,0.321325,555.054,237.433,1
333,5.555550,18,0.255766,611.845,212.589,1
333,5.555550,19,0.545184,598.383,279.997,1
334,5.572233,13,0.214991,657.543,407.977,1
334,5.572233,17,0.199105,553.699,243.756,1
334,5.572233,18,0.193353,613.255,212.153,1
334,5.572233,19,0.354797,597.217,270.089,1
335,5.588917,13,0.161980,657.757,417.138,1
335,5.588917,17,0.460974,552.094,250.498,1
335,5.588917,18,0.448514,614.749,212.303,1
335,5.588917,19,0.371614,596.151,261.171,1
336,5.605600,13,0.161980,658.770,427.746,0
336,5.605600,17,0.346403,550.638,257.853,1
336,5.605600,18,0.473706,616.387,212.882,1
336,5.605600,19,0.259382,595.072,253.346,1
337,5.622283,13,0.161980,659.783,438.354,0
337,5.622283,17,0.479123,549.002,265.884,1
337,5.622283,18,0.541464,617.857,213.679,1
337,5.622283,19,0.532186,594.130,245.852,1
338,5.638967,13,0.161980,660.795,448.961,0
338,5.638967,17,0.775459,547.212,274.287,1
338,5.638967,18,0.587494,619.249,215.136,1
338,5.638967,19,0.651524,593.528,239.453,1
339,5.655650,13,0.272622,655.834,454.886,1
339,5.655650,17,0.613198,545.758,283.627,1
339,5.655650,18,0.662311,620.829,217.364,1
339,5.655650,19,0.657512,592.633,233.902,1
339,5.655650,20,0.752041,575.701,403.179,1
340,5.672333,13,0.272622,655.261,464.250,0
340,5.672333,17,0.721817,544.017,293.457,1
340,5.672333,18,0.775140,622.120,219.759,1
340,5.672333,19,0.808958,591.486,229.403,1
340,5.672333,20,0.509530,577.229,389.741,1
341,5.689017,13,0.272622,654.688,473.615,0
341,5.689017,17,0.484445,542.141,303.798,1
341,5.689017,18,0.694607,623.209,223.024,1
341,5.689017,19,0.616890,590.475,225.077,1
341,5.689017,20,0.676735,578.923,374.724,1
342,5.705700,13,0.272622,654.115,482.980,0
342,5.705700,17,0.742092,540.526,314.793,1
342,5.705700,18,0.740222,624.713,226.697,1
342,5.705700,19,0.720741,589.416,221.234,1
342,5.705700,20,0.756634,580.311,359.620,1
343,5.722383,17,0.693205,538.587,326.607,1
343,5.722383,18,0.724821,626.279,230.953,1
343,5.722383,19,0.557785,588.326,217.891,1
343,5.722383,20,0.408904,582.526,345.181,1
344,5.739067,17,0.714070,537.199,338.848,1
344,5.739067,18,0.655110,627.504,235.772,1
344,5.739067,19,0.662197,587.163,215.514,1
344,5.739067,20,0.329391,584.209,331.488,1
345,5.755750,17,0.553036,535.512,351.804,1
345,5.755750,18,0.592835,628.843,241.071,1
345,5.755750,19,0.377190,586.175,213.430,1
345,5.755750,20,0.224778,586.174,319.003,1
346,5.772433,17,0.784071,533.599,365.081,1
346,5.772433,18,0.778974,630.298,247.173,1
346,5.772433,19,0.742078,584.997,212.375,1
346,5.772433,20,0.744376,588.116,307.332,1
347,5.789117,17,0.615718,532.121,378.826,1
347,5.789117,18,0.593965,631.576,254.053,1
347,5.789117,19,0.679110,583.818,211.751,1
347,5.789117,20,0.638477,590.024,296.788,1
348,5.805800,17,0.690013,530.125,391.998,1
348,5.805800,18,0.555329,633.178,260.996,1
348,5.805800,19,0.615275,582.539,211.116,1
348,5.805800,20,0.636198,591.767,286.707,1
349,5.822483,17,0.603974,528.727,403.972,1
349,5.822483,18,0.699227,634.986,268.274,1
349,5.822483,19,0.640709,581.390,210.853,1
349,5.822483,20,0.614747,593.505,277.671,1
350,5.839167,17,0.572990,528.018,414.526,1
350,5.839167,18,0.813135,636.445,276.299,1
350,5.839167,19,0.798307,579.847,211.713,1
350,5.839167,20,0.816082,595.186,269.452,1
351,5.855850,17,0.406820,527.642,424.691,1
351,5.855850,18,0.750417,638.052,284.791,1
351,5.855850,19,0.759082,578.604,212.702,1
351,5.855850,20,0.707442,596.664,262.076,1
352,5.872533,17,0.649253,528.447,433.377,1
352,5.872533,18,0.736341,639.506,293.978,1
352,5.872533,19,0.677659,577.342,213.761,1
352,5.872533,20,0.583699,597.887,254.895,1
353,5.889217,17,0.649253,527.829,444.084,0
353,5.889217,18,0.657976,641.130,303.614,1
353,5.889217,19,0.460364,576.074,215.521,1
353,5.889217,20,0.276807,599.152,248.702,1
354,5.905900,17,0.316334,531.636,451.284,1
354,5.905900,18,0.740001,642.824,314.180,1
354,5.905900,19,0.635356,574.748,218.235,1
354,5.905900,20,0.749135,600.560,242.621,1
355,5.922583,17,0.316334,532.193,461.060,0
355,5.922583,18,0.636836,644.229,325.757,1
355,5.922583,19,0.215230,573.521,221.896,1
355,5.922583,20,0.755819,601.992,237.120,1
356,5.939267,17,0.316334,532.749,470.836,0
356,5.939267,18,0.806395,645.579,337.624,1
356,5.939267,19,0.652299,572.611,225.947,1
356,5.939267,20,0.754106,603.528,232.540,1
357,5.955950,17,0.316334,533.306,480.612,0
357,5.955950,18,0.668690,647.017,349.973,1
357,5.955950,19,0.654694,571.189,230.359,1
357,5.955950,20,0.653493,604.969,228.213,1
358,5.972633,17,0.201685,542.080,484.523,1
358,5.972633,18,0.822755,648.687,362.862,1
358,5.972633,19,0.757085,569.840,235.285,1
358,5.972633,20,0.782519,606.508,224.347,1
359,5.989317,17,0.259109,549.953,486.926,1
359,5.989317,18,0.823767,650.181,376.037,1
359,5.989317,19,0.778371,568.553,240.684,1
359,5.989317,20,0.811031,608.052,221.247,1
359,5.989317,21,0.715719,604.061,307.439,1
360,6.006000,17,0.458897,556.516,487.704,1
360,6.006000,18,0.672580,651.647,389.556,1
360,6.006000,19,0.698159,567.186,246.492,1
360,6.006000,20,0.258183,609.288,218.498,1
360,6.006000,21,0.673767,602.559,296.343,1
361,6.022683,17,0.366506,562.012,486.709,1
361,6.022683,18,0.185644,653.136,402.484,1
361,6.022683,19,0.649138,565.946,253.328,1
361,6.022683,20,0.587522,610.748,216.477,1
361,6.022683,21,0.653178,600.952,286.668,1
362,6.039367,17,0.175426,566.451,481.909,1
362,6.039367,18,0.248002,654.116,412.913,1
362,6.039367,19,0.709841,564.630,260.167,1
362,6.039367,20,0.701901,612.387,214.968,1
362,6.039367,21,0.708977,599.246,277.951,1
363,6.056050,17,0.343073,569.936,474.351,1
363,6.056050,18,0.248002,655.478,424.817,0
363,6.056050,19,0.789580,563.298,267.688,1
363,6.056050,20,0.711941,613.704,213.680,1
363,6.056050,21,0.798301,597.800,269.879,1
364,6.072733,17,0.438000,572.147,463.168,1
364,6.072733,18,0.203607,654.607,434.245,1
364,6.072733,19,0.714452,561.999,275.814,1
364,6.072733,20,0.364142,615.171,213.184,1
364,6.072733,21,0.548430,596.361,262.355,1
365,6.089417,17,0.348024,573.884,449.779,1
365,6.089417,18,0.203607,655.376,445.493,0
365,6.089417,19,0.609790,560.601,284.534,1
365,6.089417,20,0.686888,616.676,213.343,1
365,6.089417,21,0.636579,595.088,255.373,1
366,6.106100,17,0.802471,575.605,434.756,1
366,6.106100,18,0.355705,652.105,451.104,1
366,6.106100,19,0.751023,559.213,293.860,1
366,6.106100,20,0.641056,618.000,213.711,1
366,6.106100,21,0.768127,593.781,249.332,1
367,6.122783,17,0.802471,578.486,426.137,0
367,6.122783,18,0.355705,651.802,460.856,0
367,6.122783,19,0.649366,557.794,303.734,1
367,6.122783,20,0.725451,619.280,214.599,1
367,6.122783,21,0.691566,592.441,243.497,1
368,6.139467,17,0.620731,579.443,408.079,1
368,6.139467,18,0.355705,651.499,470.608,0
368,6.139467,19,0.671767,556.235,313.945,1
368,6.139467,20,0.778195,620.693,215.835,1
368,6.139467,21,0.749857,590.888,238.229,1
369,6.156150,17,0.651540,579.988,390.286,1
369,6.156150,18,0.308595,645.711,473.405,1
369,6.156150,19,0.383055,554.957,325.011,1
369,6.156150,20,0.766677,622.182,217.949,1
369,6.156150,21,0.669410,589.509,233.457,1
370,6.172833,17,0.436329,580.733,373.380,1
370,6.172833,18,0.301275,640.258,476.132,1
370,6.172833,19,0.651974,553.931,336.572,1
370,6.172833,20,0.792042,623.535,220.327,1
370,6.172833,21,0.702640,587.929,229.471,1
371,6.189517,17,0.646687,581.828,358.041,1
371,6.189517,18,0.301275,637.519,482.663,0
371,6.189517,19,0.641157,552.412,348.370,1
371,6.189517,20,0.805908,625.435,223.343,1
371,6.189517,21,0.728032,586.641,225.558,1
372,6.206200,17,0.431601,582.980,343.507,1
372,6.206200,18,0.301275,634.780,489.195,0
372,6.206200,19,0.579279,551.203,361.143,1
372,6.206200,20,0.779945,626.895,227.038,1
372,6.206200,21,0.372486,585.899,222.243,1
373,6.222883,17,0.430338,584.274,330.796,1
373,6.222883,18,0.301275,632.041,495.726,0
373,6.222883,19,0.705745,549.945,374.464,1
373,6.222883,20,0.540025,628.213,231.002,1
373,6.222883,21,0.603208,584.545,219.490,1
374,6.239567,17,0.408074,585.985,319.153,1
374,6.239567,18,0.301275,629.302,502.258,0
374,6.239567,19,0.699903,548.428,388.085,1
374,6.239567,20,0.476236,629.741,235.726,1
374,6.239567,21,0.286423,582.904,217.182,1
375,6.256250,17,0.502129,587.407,308.020,1
375,6.256250,18,0.477618,624.800,488.864,1
375,6.256250,19,0.686154,546.585,403.033,1
375,6.256250,20,0.674221,631.104,241.065,1
375,6.256250,21,0.658376,581.586,215.653,1
376,6.272933,17,0.561986,588.901,298.033,1
376,6.272933,18,0.477618,621.593,490.108,0
376,6.272933,19,0.317015,544.861,415.991,1
376,6.272933,20,0.645125,632.508,247.069,1
376,6.272933,21,0.693135,579.886,214.611,1
377,6.289617,17,0.351833,590.531,288.928,1
377,6.289617,18,0.477618,618.386,491.351,0
377,6.289617,19,0.169737,543.134,425.239,1
377,6.289617,20,0.390341,633.830,253.143,1
377,6.289617,21,0.658387,578.287,213.938,1
378,6.306300,17,0.337417,591.807,280.457,1
378,6.306300,19,0.169737,541.538,437.193,0
378,6.306300,20,0.700876,635.249,260.059,1
378,6.306300,21,0.736467,576.812,213.813,1
379,6.322983,17,0.434178,593.130,272.610,1
379,6.322983,19,0.169737,539.942,449.147,0
379,6.322983,20,0.232014,636.855,267.495,1
379,6.322983,21,0.189901,575.162,214.087,1
380,6.339667,17,0.290625,594.683,265.596,1
380,6.339667,19,0.169737,538.347,461.101,0
380,6.339667,20,0.635072,638.708,275.217,1
380,6.339667,21,0.545873,573.498,215.175,1
381,6.356350,17,0.546516,595.848,258.839,1
381,6.356350,19,0.169737,536.751,473.055,0
381,6.356350,20,0.514479,640.263,283.666,1
381,6.356350,21,0.466953,572.099,216.937,1
382,6.373033,17,0.629160,596.957,252.839,1
382,6.373033,19,0.339007,540.170,475.903,1
382,6.373033,20,0.641582,641.857,292.676,1
382,6.373033,21,0.681758,570.527,219.027,1
383,6.389717,17,0.650667,598.391,247.558,1
383,6.389717,19,0.238487,543.766,479.024,1
383,6.389717,20,0.584243,643.245,302.371,1
383,6.389717,21,0.592358,569.163,221.743,1
384,6.406400,17,0.409541,600.008,242.303,1
384,6.406400,19,0.238487,544.526,486.858,0
384,6.406400,20,0.162010,644.784,311.794,1
384,6.406400,21,0.542353,567.409,225.052,1
385,6.423083,17,0.565419,601.498,237.747,1
385,6.423083,19,0.154381,549.130,490.717,1
385,6.423083,20,0.634425,646.326,323.304,1
385,6.423083,21,0.656022,565.612,228.976,1
386,6.439767,17,0.729380,602.901,233.712,1
386,6.439767,19,0.398706,553.417,493.210,1
386,6.439767,20,0.425049,647.931,334.996,1
386,6.439767,21,0.766507,564.189,233.319,1
386,6.439767,22,0.699693,609.561,333.176,1
387,6.456450,17,0.561063,604.173,230.402,1
387,6.456450,19,0.657683,557.054,494.360,1
387,6.456450,20,0.786383,649.524,347.345,1
387,6.456450,21,0.766628,562.833,237.993,1
387,6.456450,22,0.497057,607.494,319.225,1
388,6.473133,17,0.695249,605.103,227.327,1
388,6.473133,19,0.566032,561.066,493.549,1
388,6.473133,20,0.652130,651.144,360.540,1
388,6.473133,21,0.722561,561.452,243.669,1
388,6.473133,22,0.544294,605.817,306.744,1
389,6.489817,17,0.728751,606.333,224.711,1
389,6.489817,19,0.498853,564.755,490.220,1
389,6.489817,20,0.819947,653.014,373.453,1
389,6.489817,21,0.558051,559.915,249.911,1
389,6.489817,22,0.217223,604.452,295.897,1
390,6.506500,17,0.685229,607.601,222.775,1
390,6.506500,19,0.659891,567.469,483.769,1
390,6.506500,20,0.709413,654.671,385.990,1
390,6.506500,21,0.768956,558.255,255.976,1
390,6.506500,22,0.716854,602.969,285.434,1
391,6.523183,17,0.482041,608.881,221.461,1
391,6.523183,19,0.659891,570.578,483.056,0
391,6.523183,20,0.383642,656.106,397.105,1
391,6.523183,21,0.581834,556.801,263.079,1
391,6.523183,22,0.484746,601.642,276.092,1
392,6.539867,17,0.705166,609.826,220.667,1
392,6.539867,19,0.342687,572.564,468.932,1
392,6.539867,20,0.593012,656.888,407.654,1
392,6.539867,21,0.819342,555.198,270.700,1
392,6.539867,22,0.602122,599.821,267.673,1
393,6.556550,17,0.658165,611.105,219.989,1
393,6.556550,19,0.342687,575.375,464.659,0
393,6.556550,20,0.154224,657.135,416.764,1
393,6.556550,21,0.674111,553.744,278.009,1
393,6.556550,22,0.424847,598.469,260.294,1
394,6.573233,17,0.709186,612.435,220.052,1
394,6.573233,19,0.755774,576.784,443.515,1
394,6.573233,20,0.192104,656.445,427.565,1
394,6.573233,21,0.705171,552.234,286.577,1
394,6.573233,22,0.740086,597.490,253.782,1
395,6.589917,17,0.723086,613.560,220.928,1
395,6.589917,19,0.209314,578.010,422.502,1
395,6.589917,20,0.458057,654.782,436.139,1
395,6.589917,21,0.556647,550.937,296.047,1
395,6.589917,22,0.691083,596.491,247.715,1
396,6.606600,17,0.714474,614.681,222.009,1
396,6.606600,19,0.507981,579.112,402.461,1
396,6.606600,20,0.458057,654.790,446.343,0
396,6.606600,21,0.760599,549.226,305.887,1
396,6.606600,22,0.761562,595.479,241.733,1
397,6.623283,17,0.611397,616.534,223.895,1
397,6.623283,19,0.214258,580.921,383.157,1
397,6.623283,20,0.458057,654.797,456.547,0
397,6.623283,21,0.825635,547.497,316.266,1
397,6.623283,22,0.756825,594.443,236.785,1
398,6.639967,17,0.770790,617.828,226.120,1
398,6.639967,19,0.736424,582.258,366.494,1
398,6.639967,20,0.458057,654.804,466.751,0
398,6.639967,21,0.799684,545.981,327.401,1
398,6.639967,22,0.721022,593.219,232.434,1
399,6.656650,17,0.873691,618.946,228.642,1
399,6.656650,19,0.712984,583.760,350.956,1
399,6.656650,20,0.458057,654.811,476.955,0
399,6.656650,21,0.797651,544.255,339.010,1
399,6.656650,22,0.215213,591.813,228.622,1
400,6.673333,17,0.844206,620.328,231.852,1
400,6.673333,19,0.434970,585.046,337.418,1
400,6.673333,20,0.175871,646.651,481.156,1
400,6.673333,21,0.799671,542.762,351.384,1
400,6.673333,22,0.763758,590.713,225.428,1
401,6.690017,17,0.610662,621.790,235.553,1
401,6.690017,19,0.294686,586.519,324.495,1
401,6.690017,20,0.315888,639.828,484.875,1
401,6.690017,21,0.795184,541.313,364.180,1
401,6.690017,22,0.775783,589.519,223.073,1
402,6.706700,17,0.351991,622.842,239.949,1
402,6.706700,19,0.362339,588.201,312.774,1
402,6.706700,20,0.254005,634.364,486.151,1
402,6.706700,21,0.750209,539.287,378.125,1
402,6.706700,22,0.713937,588.303,221.070,1
403,6.723383,17,0.642830,624.225,244.575,1
403,6.723383,19,0.303821,589.984,301.906,1
403,6.723383,20,0.611302,629.190,483.753,1
403,6.723383,21,0.746134,537.341,392.179,1
403,6.723383,22,0.707439,587.098,219.505,1
404,6.740067,17,0.593610,625.845,250.063,1
404,6.740067,19,0.480946,591.532,291.802,1
404,6.740067,20,0.611302,624.918,487.312,0
404,6.740067,21,0.654462,535.354,404.864,1
404,6.740067,22,0.583736,586.109,218.560,1
405,6.756750,17,0.699396,627.104,256.233,1
405,6.756750,19,0.706778,593.145,282.087,1
405,6.756750,20,0.611302,620.646,490.870,0
405,6.756750,21,0.719472,533.601,415.227,1
405,6.756750,22,0.707239,585.062,218.001,1
406,6.773433,17,0.521596,628.355,262.958,1
406,6.773433,19,0.509009,594.678,273.067,1
406,6.773433,20,0.611302,616.374,494.429,0
406,6.773433,21,0.616456,532.487,424.861,1
406,6.773433,22,0.474514,583.911,217.913,1
407,6.790117,17,0.746790,629.837,270.233,1
407,6.790117,19,0.683893,596.083,264.850,1
407,6.790117,20,0.611302,612.102,497.988,0
407,6.790117,21,0.662563,532.123,433.890,1
407,6.790117,22,0.513632,582.575,218.372,1
408,6.806800,17,0.372771,630.917,277.489,1
408,6.806800,19,0.562290,597.294,256.987,1
408,6.806800,20,0.611302,607.829,501.546,0
408,6.806800,21,0.454642,532.872,441.783,1
408,6.806800,22,0.309147,581.520,219.103,1
409,6.823483,17,0.517943,631.860,285.775,1
409,6.823483,19,0.511019,598.646,250.015,1
409,6.823483,21,0.454642,532.129,451.762,0
409,6.823483,22,0.456992,580.104,220.117,1
410,6.840167,17,0.331177,632.996,294.666,1
410,6.840167,19,0.448342,599.962,243.337,1
410,6.840167,21,0.285260,535.917,458.572,1
410,6.840167,22,0.296015,578.863,222.103,1
411,6.856850,17,0.467639,634.680,304.227,1
411,6.856850,19,0.745017,601.297,236.832,1
411,6.856850,21,0.401737,539.505,465.398,1
411,6.856850,22,0.618413,577.464,224.405,1
412,6.873533,17,0.282783,636.071,314.304,1
412,6.873533,19,0.716646,602.557,231.293,1
412,6.873533,21,0.235265,543.696,471.675,1
412,6.873533,22,0.698501,576.372,227.632,1
413,6.890217,17,0.256934,637.552,325.048,1
413,6.890217,19,0.490797,603.928,226.250,1
413,6.890217,21,0.235265,545.755,479.603,0
413,6.890217,22,0.325438,575.146,231.173,1
414,6.906900,17,0.299446,638.893,336.136,1
414,6.906900,19,0.578638,605.142,221.649,1
414,6.906900,21,0.235265,547.815,487.530,0
414,6.906900,22,0.352344,573.826,235.226,1
415,6.923583,17,0.753120,639.913,348.000,1
415,6.923583,19,0.656156,606.724,217.272,1
415,6.923583,21,0.235265,549.875,495.458,0
415,6.923583,22,0.577033,572.717,239.705,1
416,6.940267,17,0.551274,641.451,360.998,1
416,6.940267,19,0.689667,608.145,213.297,1
416,6.940267,21,0.235265,551.935,503.386,0
416,6.940267,22,0.370945,571.481,244.689,1
417,6.956950,17,0.291891,643.340,373.428,1
417,6.956950,19,0.445285,609.536,209.988,1
417,6.956950,21,0.235265,553.994,511.314,0
417,6.956950,22,0.376061,570.106,250.442,1
418,6.973633,17,0.474546,645.306,386.171,1
418,6.973633,19,0.648592,611.016,207.782,1
418,6.973633,21,0.332232,561.128,499.673,1
418,6.973633,22,0.606231,568.961,257.026,1
419,6.990317,17,0.152290,646.543,398.015,1
419,6.990317,19,0.539145,612.653,205.875,1
419,6.990317,21,0.175862,566.505,486.438,1
419,6.990317,22,0.546030,567.995,264.378,1
419,6.990317,23,0.542735,600.131,284.956,1
420,7.007000,17,0.152290,648.058,409.762,0
420,7.007000,19,0.333880,613.979,204.758,1
420,7.007000,21,0.175862,570.435,484.934,0
420,7.007000,22,0.234832,566.707,272.192,1
420,7.007000,23,0.551071,598.547,273.667,1
421,7.023683,17,0.220577,647.346,419.441,1
421,7.023683,19,0.562544,615.433,203.850,1
421,7.023683,21,0.175862,574.364,483.431,0
421,7.023683,22,0.542539,565.214,280.490,1
421,7.023683,23,0.371821,596.959,264.396,1
422,7.040367,17,0.376445,646.333,429.178,1
422,7.040367,19,0.673351,617.103,203.697,1
422,7.040367,22,0.748279,563.911,289.184,1
422,7.040367,23,0.562303,595.534,256.428,1
423,7.057050,17,0.152727,644.299,438.756,1
423,7.057050,19,0.679148,618.561,203.842,1
423,7.057050,22,0.668980,562.744,298.471,1
423,7.057050,23,0.734183,594.305,249.198,1
424,7.073733,17,0.152727,644.060,449.239,0
424,7.073733,19,0.497603,620.092,204.337,1
424,7.073733,22,0.752740,561.453,307.866,1
424,7.073733,23,0.507953,593.082,242.916,1
424,7.073733,24,0.565352,577.258,404.768,1
425,7.090417,17,0.152727,643.821,459.722,0
425,7.090417,19,0.400338,621.751,205.551,1
425,7.090417,22,0.647148,560.236,317.899,1
425,7.090417,23,0.319494,591.590,237.464,1
425,7.090417,24,0.565352,577.626,401.079,0
426,7.107100,17,0.343687,640.305,465.380,1
426,7.107100,19,0.675427,623.029,207.144,1
426,7.107100,22,0.805929,559.150,328.819,1
426,7.107100,23,0.758868,590.240,232.451,1
426,7.107100,24,0.648171,579.955,382.487,1
427,7.123783,17,0.343687,639.196,474.582,0
427,7.123783,19,0.569235,624.600,209.254,1
427,7.123783,22,0.731453,557.848,339.793,1
427,7.123783,23,0.674335,589.054,228.445,1
427,7.123783,24,0.595130,582.344,364.652,1
428,7.140467,17,0.343687,638.087,483.785,0
428,7.140467,19,0.772261,626.251,212.243,1
428,7.140467,22,0.677826,556.564,351.688,1
428,7.140467,23,0.695382,587.642,224.563,1
428,7.140467,24,0.438743,583.786,348.272,1
429,7.157150,17,0.217633,634.251,483.529,1
429,7.157150,19,0.755774,627.621,215.292,1
429,7.157150,22,0.832243,555.263,364.624,1
429,7.157150,23,0.698288,586.413,221.240,1
429,7.157150,24,0.490697,585.244,334.032,1
430,7.173833,17,0.217633,632.419,490.222,0
430,7.173833,19,0.758560,629.000,219.239,1
430,7.173833,22,0.684978,553.822,377.808,1
430,7.173833,23,0.706379,585.171,218.299,1
430,7.173833,24,0.666916,587.077,320.904,1
431,7.190517,17,0.217633,630.586,496.914,0
431,7.190517,19,0.792752,630.312,223.684,1
431,7.190517,22,0.259966,552.447,390.841,1
431,7.190517,23,0.730077,583.584,216.022,1
431,7.190517,24,0.737895,589.017,308.798,1
432,7.207200,17,0.217633,628.754,503.607,0
432,7.207200,19,0.685133,631.579,228.859,1
432,7.207200,22,0.538978,551.095,402.341,1
432,7.207200,23,0.714236,582.135,213.970,1
432,7.207200,24,0.657350,590.916,298.096,1
433,7.223883,19,0.585707,633.218,234.470,1
433,7.223883,22,0.218319,549.787,413.293,1
433,7.223883,23,0.558281,580.752,212.546,1
433,7.223883,24,0.196552,592.502,288.023,1
434,7.240567,19,0.639710,634.868,240.436,1
434,7.240567,22,0.229822,548.410,422.307,1
434,7.240567,23,0.662744,579.161,211.656,1
434,7.240567,24,0.623144,594.179,279.147,1
435,7.257250,19,0.584030,636.120,246.723,1
435,7.257250,22,0.340980,546.824,430.584,1
435,7.257250,23,0.687441,577.723,211.103,1
435,7.257250,24,0.569849,595.702,271.002,1
436,7.273933,19,0.459314,637.422,253.746,1
436,7.273933,22,0.340980,545.419,440.802,0
436,7.273933,23,0.710538,576.584,211.068,1
436,7.273933,24,0.596047,596.924,263.571,1
437,7.290617,19,0.570636,638.888,261.378,1
437,7.290617,22,0.340980,544.014,451.019,0
437,7.290617,23,0.750109,574.944,211.687,1
437,7.290617,24,0.714033,598.313,257.020,1
438,7.307300,19,0.739424,640.279,269.824,1
438,7.307300,22,0.340980,542.609,461.237,0
438,7.307300,23,0.727462,573.466,212.832,1
438,7.307300,24,0.700562,599.326,250.851,1
439,7.323983,19,0.608541,642.086,278.358,1
439,7.323983,22,0.340980,541.204,471.454,0
439,7.323983,23,0.631544,572.252,214.486,1
439,7.323983,24,0.709706,600.439,244.986,1
440,7.340667,19,0.692652,643.842,288.075,1
440,7.340667,22,0.340980,539.799,481.672,0
440,7.340667,23,0.640971,570.736,216.996,1
440,7.340667,24,0.639913,601.760,239.834,1
441,7.357350,19,0.755155,645.300,298.457,1
441,7.357350,23,0.740018,569.095,219.666,1
441,7.357350,24,0.725146,603.354,234.826,1
442,7.374033,19,0.690561,646.913,308.691,1
442,7.374033,23,0.761755,567.456,223.194,1
442,7.374033,24,0.720631,604.717,230.654,1
443,7.390717,19,0.738780,648.487,320.488,1
443,7.390717,23,0.764564,566.004,227.299,1
443,7.390717,24,0.706565,605.985,226.632,1
444,7.407400,19,0.782160,649.777,332.470,1
444,7.407400,23,0.444527,564.612,231.839,1
444,7.407400,24,0.690375,607.146,223.091,1
445,7.424083,19,0.825204,651.032,344.845,1
445,7.424083,23,0.719005,563.301,236.841,1
445,7.424083,24,0.780409,608.645,220.114,1
446,7.440767,19,0.844673,652.694,358.102,1
446,7.440767,23,0.771445,561.848,242.163,1
446,7.440767,24,0.750804,609.884,217.798,1
446,7.440767,26,0.486448,603.049,305.086,1
446,7.440767,25,0.546970,562.028,485.419,1
447,7.457450,19,0.740516,653.963,371.525,1
447,7.457450,23,0.663913,560.369,248.067,1
447,7.457450,24,0.709437,611.146,216.295,1
447,7.457450,26,0.513175,601.400,293.350,1
447,7.457450,25,0.281018,564.395,481.350,1
448,7.474133,19,0.465181,655.468,385.142,1
448,7.474133,23,0.680404,558.936,254.633,1
448,7.474133,24,0.628884,612.698,214.760,1
448,7.474133,26,0.340237,599.831,283.369,1
448,7.474133,25,0.220927,566.779,473.459,1
449,7.490817,19,0.301803,656.662,396.815,1
449,7.490817,23,0.740939,557.172,261.812,1
449,7.490817,24,0.641327,614.094,213.934,1
449,7.490817,26,0.522219,598.462,274.815,1
449,7.490817,25,0.220927,568.412,469.657,0
450,7.507500,19,0.190365,657.191,407.723,1
450,7.507500,23,0.719162,555.668,269.021,1
450,7.507500,24,0.593864,615.433,213.591,1
450,7.507500,26,0.455529,597.038,267.225,1
450,7.507500,25,0.179125,570.765,455.240,1
451,7.524183,19,0.253769,656.914,415.623,1
451,7.524183,23,0.550379,554.209,276.994,1
451,7.524183,24,0.576151,617.061,213.680,1
451,7.524183,26,0.642365,595.743,260.261,1
451,7.524183,25,0.612652,572.993,438.703,1
452,7.540867,19,0.253769,657.690,426.450,0
452,7.540867,23,0.607651,552.924,285.837,1
452,7.540867,24,0.452764,618.235,214.733,1
452,7.540867,26,0.409400,594.778,254.206,1
452,7.540867,25,0.188077,575.336,421.921,1
453,7.557550,19,0.253769,658.466,437.277,0
453,7.557550,23,0.613915,551.474,294.979,1
453,7.557550,24,0.704221,619.445,216.284,1
453,7.557550,26,0.566897,593.763,249.008,1
453,7.557550,25,0.237222,577.399,405.722,1
454,7.574233,19,0.253769,659.243,448.104,0
454,7.574233,23,0.545173,549.844,304.865,1
454,7.574233,24,0.373059,621.186,218.258,1
454,7.574233,26,0.356236,592.414,244.071,1
454,7.574233,25,0.250893,578.773,390.265,1
455,7.590917,19,0.210921,652.992,454.493,1
455,7.590917,23,0.524423,547.951,315.365,1
455,7.590917,24,0.455379,622.382,220.855,1
455,7.590917,26,0.474150,591.069,239.837,1
455,7.590917,25,0.250893,580.656,376.689,0
456,7.607600,19,0.168197,647.140,460.788,1
456,7.607600,23,0.716213,546.266,326.293,1
456,7.607600,24,0.625904,623.493,223.626,1
456,7.607600,26,0.543120,589.971,236.008,1
456,7.607600,25,0.626086,582.417,361.420,1
457,7.624283,19,0.228754,641.740,465.700,1
457,7.624283,23,0.802199,544.579,337.970,1
457,7.624283,24,0.799989,624.845,227.335,1
457,7.624283,26,0.791158,588.606,233.348,1
457,7.624283,25,0.683044,583.907,347.260,1
458,7.640967,19,0.228754,638.579,473.438,0
458,7.640967,23,0.708127,542.958,350.574,1
458,7.640967,24,0.765039,626.388,231.495,1
458,7.640967,26,0.547541,587.204,230.992,1
458,7.640967,25,0.630890,585.635,334.043,1
459,7.657650,19,0.155939,634.310,474.994,1
459,7.657650,23,0.729154,541.648,363.441,1
459,7.657650,24,0.718418,627.613,236.078,1
459,7.657650,26,0.427498,586.131,229.173,1
459,7.657650,25,0.495711,587.148,321.939,1
460,7.674333,19,0.155939,630.855,481.092,0
460,7.674333,23,0.688129,540.118,377.042,1
460,7.674333,24,0.310646,628.876,240.765,1
460,7.674333,26,0.263046,584.968,227.704,1
460,7.674333,25,0.495711,588.834,308.563,0
461,7.691017,19,0.245161,627.419,477.044,1
461,7.691017,23,0.583698,538.408,390.769,1
461,7.691017,24,0.616844,630.291,246.460,1
461,7.691017,26,0.563153,583.336,226.955,1
461,7.691017,25,0.648881,590.694,298.882,1
462,7.707700,19,0.428380,624.047,470.892,1
462,7.707700,23,0.648162,536.670,404.591,1
462,7.707700,24,0.542488,631.548,252.877,1
462,7.707700,26,0.540899,582.025,226.510,1
462,7.707700,25,0.497014,592.427,289.759,1
463,7.724383,19,0.428380,620.617,471.761,0
463,7.724383,23,0.648162,535.043,417.353,0
463,7.724383,24,0.320422,632.842,259.703,1
463,7.724383,26,0.385538,580.796,226.387,1
463,7.724383,25,0.231305,594.229,281.282,1
464,7.741067,19,0.289253,618.998,456.646,1
464,7.741067,23,0.648162,533.415,430.115,0
464,7.741067,24,0.396760,633.713,267.676,1
464,7.741067,26,0.526290,579.389,226.966,1
464,7.741067,25,0.464532,596.054,273.438,1
465,7.757750,19,0.297281,616.913,439.466,1
465,7.757750,23,0.272975,533.035,438.550,1
465,7.757750,24,0.631563,635.588,275.230,1
465,7.757750,26,0.536863,578.135,228.340,1
465,7.757750,25,0.566237,597.518,266.067,1
466,7.774433,19,0.192743,615.747,422.418,1
466,7.774433,23,0.163131,533.674,445.925,1
466,7.774433,24,0.605326,637.337,283.297,1
466,7.774433,26,0.629528,577.015,230.158,1
466,7.774433,25,0.577630,599.085,259.482,1
467,7.791117,19,0.192743,613.439,412.724,0
467,7.791117,23,0.418631,535.412,452.700,1
467,7.791117,24,0.366297,638.991,291.941,1
467,7.791117,26,0.313199,575.471,232.128,1
467,7.791117,25,0.314792,600.318,253.534,1
468,7.807800,19,0.192743,611.132,403.031,0
468,7.807800,23,0.257733,537.797,459.946,1
468,7.807800,24,0.676660,640.262,301.223,1
468,7.807800,26,0.470183,574.179,234.898,1
468,7.807800,25,0.567710,601.516,247.929,1
469,7.824483,19,0.192743,608.824,393.337,0
469,7.824483,23,0.257733,538.346,468.850,0
469,7.824483,24,0.461541,641.887,311.077,1
469,7.824483,26,0.217351,573.005,237.863,1
469,7.824483,25,0.446149,603.086,242.414,1
470,7.841167,19,0.192743,606.517,383.643,0
470,7.841167,23,0.257733,538.895,477.754,0
470,7.841167,24,0.478573,643.448,321.545,1
470,7.841167,26,0.216782,571.443,241.750,1
470,7.841167,25,0.438309,604.518,237.441,1
471,7.857850,19,0.192743,604.209,373.949,0
471,7.857850,23,0.257733,539.444,486.659,0
471,7.857850,24,0.634024,644.923,333.014,1
471,7.857850,26,0.618117,569.834,245.844,1
471,7.857850,25,0.720215,605.894,233.158,1
472,7.874533,23,0.257733,539.993,495.563,0
472,7.874533,24,0.463945,646.144,344.733,1
472,7.874533,26,0.309059,568.278,250.746,1
472,7.874533,25,0.442618,607.191,229.337,1
473,7.891217,23,0.257733,540.543,504.467,0
473,7.891217,24,0.757734,647.507,356.779,1
473,7.891217,26,0.682791,566.923,255.990,1
473,7.891217,25,0.740596,608.722,226.001,1
474,7.907900,24,0.236392,648.897,369.108,1
474,7.907900,26,0.656108,565.316,262.061,1
474,7.907900,25,0.437480,610.208,223.094,1
475,7.924583,24,0.222431,650.085,380.435,1
475,7.924583,26,0.693014,563.900,268.382,1
475,7.924583,25,0.453339,611.689,220.857,1
476,7.941267,24,0.386719,651.413,391.516,1
476,7.941267,26,0.594578,562.796,275.362,1
476,7.941267,25,0.576729,613.230,219.097,1
476,7.941267,27,0.248931,603.153,297.362,1
477,7.957950,24,0.323912,652.535,401.301,1
477,7.957950,26,0.491658,561.577,282.690,1
477,7.957950,25,0.576462,614.857,217.696,1
477,7.957950,27,0.266275,601.536,289.210,1
478,7.974633,24,0.387515,653.195,410.261,1
478,7.974633,26,0.660152,560.214,290.673,1
478,7.974633,25,0.750732,616.484,217.094,1
478,7.974633,27,0.662917,600.184,280.017,1
479,7.991317,24,0.194120,653.553,418.974,1
479,7.991317,26,0.410140,558.982,299.512,1
479,7.991317,25,0.728728,617.986,216.904,1
479,7.991317,27,0.319618,598.366,270.939,1
479,7.991317,28,0.240228,575.553,444.973,1
480,8.008000,24,0.281608,652.407,428.102,1
480,8.008000,26,0.733884,557.567,308.133,1
480,8.008000,25,0.791127,619.558,217.210,1
480,8.008000,27,0.738413,596.617,262.572,1
480,8.008000,28,0.518140,577.944,432.516,1
481,8.024683,24,0.193229,650.377,435.296,1
481,8.024683,26,0.672609,556.111,317.759,1
481,8.024683,25,0.659686,621.211,217.748,1
481,8.024683,27,0.512171,595.090,255.065,1
481,8.024683,28,0.256907,580.142,417.013,1
482,8.041367,24,0.293912,648.543,442.927,1
482,8.041367,26,0.662722,554.847,328.299,1
482,8.041367,25,0.780703,622.452,218.980,1
482,8.041367,27,0.670458,593.425,247.960,1
482,8.041367,28,0.497823,581.827,401.415,1
483,8.058050,24,0.293912,647.860,451.578,0
483,8.058050,26,0.662722,553.506,337.032,0
483,8.058050,25,0.551558,623.565,220.823,1
483,8.058050,27,0.446904,591.667,241.787,1
483,8.058050,28,0.497823,583.399,390.050,0
484,8.074733,24,0.293912,647.177,460.229,0
484,8.074733,26,0.324028,552.481,349.039,1
484,8.074733,25,0.712641,625.227,223.167,1
484,8.074733,27,0.610197,590.014,236.543,1
484,8.074733,28,0.316574,584.776,373.523,1
485,8.091417,24,0.203984,643.040,464.796,1
485,8.091417,26,0.638357,551.150,361.476,1
485,8.091417,25,0.798405,626.784,226.327,1
485,8.091417,27,0.785690,588.246,232.043,1
485,8.091417,28,0.503297,585.964,359.262,1
486,8.108100,24,0.512262,638.846,468.977,1
486,8.108100,26,0.752325,549.598,374.490,1
486,8.108100,25,0.769246,628.303,230.170,1
486,8.108100,27,0.791218,586.666,228.281,1
486,8.108100,28,0.157755,587.663,345.114,1
487,8.124783,24,0.512262,636.558,475.645,0
487,8.124783,26,0.772502,548.062,387.868,1
487,8.124783,25,0.772554,629.935,234.083,1
487,8.124783,27,0.270574,585.459,224.590,1
487,8.124783,28,0.153228,590.042,332.537,1
488,8.141467,24,0.512262,634.270,482.314,0
488,8.141467,26,0.418693,546.747,401.554,1
488,8.141467,25,0.696859,631.224,238.470,1
488,8.141467,27,0.495825,584.265,221.815,1
488,8.141467,28,0.282267,591.887,320.921,1
489,8.158150,24,0.158461,631.688,478.230,1
489,8.158150,26,0.418693,545.371,413.762,0
489,8.158150,25,0.595552,632.679,243.640,1
489,8.158150,27,0.385166,582.676,220.037,1
489,8.158150,28,0.282267,593.649,308.111,0
490,8.174833,24,0.158461,629.323,482.046,0
490,8.174833,26,0.418693,543.994,425.971,0
490,8.174833,25,0.570928,634.478,249.412,1
490,8.174833,27,0.667125,581.037,218.371,1
490,8.174833,28,0.660924,595.273,298.674,1
491,8.191517,24,0.158461,626.957,485.861,0
491,8.191517,26,0.277414,542.312,435.048,1
491,8.191517,25,0.768139,635.983,255.306,1
491,8.191517,27,0.668188,579.346,217.245,1
491,8.191517,28,0.622509,596.739,290.090,1
492,8.208200,24,0.158461,624.591,489.676,0
492,8.208200,26,0.498857,540.660,442.796,1
492,8.208200,25,0.792702,637.477,262.012,1
492,8.208200,27,0.806266,577.630,216.739,1
492,8.208200,28,0.756560,598.259,282.207,1
493,8.224883,24,0.158461,622.225,493.491,0
493,8.224883,26,0.188840,540.221,450.377,1
493,8.224883,25,0.658118,639.029,268.787,1
493,8.224883,27,0.752520,575.896,216.845,1
493,8.224883,28,0.531859,599.838,275.075,1
494,8.241567,26,0.188840,538.995,460.039,0
494,8.241567,25,0.701522,640.410,276.417,1
494,8.241567,27,0.748129,574.125,217.267,1
494,8.241567,28,0.648660,601.257,267.948,1
494,8.241567,29,0.648675,622.034,419.705,1
495,8.258250,26,0.188840,537.770,469.702,0
495,8.258250,25,0.698924,641.864,285.037,1
495,8.258250,27,0.686003,572.658,218.080,1
495,8.258250,28,0.768166,602.634,261.563,1
495,8.258250,29,0.298212,621.060,406.996,1
496,8.274933,26,0.188840,536.545,479.364,0
496,8.274933,25,0.766927,643.369,294.346,1
496,8.274933,27,0.580357,571.081,219.473,1
496,8.274933,28,0.653727,604.383,255.305,1
496,8.274933,29,0.298212,620.510,400.308,0
497,8.291617,26,0.188311,539.792,481.617,1
497,8.291617,25,0.571065,644.705,303.869,1
497,8.291617,27,0.387523,569.431,221.773,1
497,8.291617,28,0.653727,605.957,247.658,0
497,8.291617,29,0.298212,619.961,393.619,0
498,8.308300,26,0.153838,543.387,483.996,1
498,8.308300,25,0.733677,646.541,314.191,1
498,8.308300,27,0.578723,567.962,224.436,1
498,8.308300,28,0.665993,607.234,242.985,1
498,8.308300,29,0.751331,617.277,372.587,1
499,8.324983,26,0.153838,544.313,490.281,0
499,8.324983,25,0.659642,648.279,325.474,1
499,8.324983,27,0.552714,566.140,227.672,1
499,8.324983,28,0.646376,608.751,238.758,1
499,8.324983,29,0.537890,615.025,354.073,1
500,8.341667,26,0.153838,545.239,496.566,0
500,8.341667,25,0.745141,649.801,336.578,1
500,8.341667,27,0.264832,564.408,231.490,1
500,8.341667,28,0.271284,610.150,234.853,1
500,8.341667,29,0.316690,613.746,338.050,1
501,8.358350,26,0.153838,546.165,502.851,0
501,8.358350,25,0.826308,651.505,348.422,1
501,8.358350,27,0.508845,562.967,235.632,1
501,8.358350,28,0.638726,611.797,231.598,1
501,8.358350,29,0.310070,611.394,324.259,1
502,8.375033,26,0.153838,547.091,509.136,0
502,8.375033,25,0.826204,653.226,361.319,1
502,8.375033,27,0.372564,561.382,240.057,1
502,8.375033,28,0.386737,613.423,228.791,1
502,8.375033,29,0.310070,609.669,310.058,0
503,8.391717,25,0.764556,654.736,373.834,1
503,8.391717,27,0.530454,559.739,245.479,1
503,8.391717,28,0.519285,614.803,226.227,1
503,8.391717,29,0.286830,608.031,299.998,1
504,8.408400,25,0.717222,656.063,385.302,1
504,8.408400,27,0.705675,558.106,251.532,1
504,8.408400,28,0.665697,616.241,224.099,1
504,8.408400,29,0.286830,606.330,286.902,0
505,8.425083,25,0.698758,656.877,395.658,1
505,8.425083,27,0.618453,556.415,258.032,1
505,8.425083,28,0.565015,617.663,222.500,1
505,8.425083,29,0.177187,604.497,279.739,1
506,8.441767,25,0.747437,657.311,405.298,1
506,8.441767,27,0.564562,554.771,265.027,1
506,8.441767,28,0.644822,618.895,221.643,1
506,8.441767,29,0.567490,602.910,272.956,1
507,8.458450,25,0.690806,656.814,414.453,1
507,8.458450,27,0.464648,553.202,272.802,1
507,8.458450,28,0.511202,620.565,221.359,1
507,8.458450,29,0.293893,601.423,266.475,1
508,8.475133,25,0.582860,655.721,423.186,1
508,8.475133,27,0.678685,551.633,281.105,1
508,8.475133,28,0.737419,621.911,221.470,1
508,8.475133,29,0.481765,599.726,260.607,1
509,8.491817,25,0.535751,653.317,432.013,1
509,8.491817,27,0.613339,550.046,290.058,1
509,8.491817,28,0.663322,623.063,221.965,1
509,8.491817,29,0.489462,598.302,254.958,1
510,8.508500,25,0.476648,650.598,440.848,1
510,8.508500,27,0.642121,548.098,299.432,1
510,8.508500,28,0.677194,625.067,222.992,1
510,8.508500,29,0.628367,596.895,249.501,1
510,8.508500,30,0.674608,579.505,393.427,1
511,8.525183,25,0.404839,646.730,449.945,1
511,8.525183,27,0.467379,546.410,308.820,1
511,8.525183,28,0.432250,626.522,224.106,1
511,8.525183,29,0.442783,595.506,244.573,1
511,8.525183,30,0.169781,582.588,376.753,1
512,8.541867,25,0.181200,643.311,458.911,1
512,8.541867,27,0.661437,544.596,319.596,1
512,8.541867,28,0.562666,627.943,226.195,1
512,8.541867,29,0.539972,594.192,239.849,1
512,8.541867,30,0.352308,584.521,361.729,1
513,8.558550,25,0.163586,639.728,466.565,1
513,8.558550,27,0.642322,542.784,330.955,1
513,8.558550,28,0.654410,629.639,228.991,1
513,8.558550,29,0.586709,592.838,235.776,1
513,8.558550,30,0.439282,585.991,347.384,1
514,8.575233,25,0.495457,636.594,473.525,1
514,8.575233,27,0.759046,541.283,342.910,1
514,8.575233,28,0.726855,631.065,232.337,1
514,8.575233,29,0.691409,591.439,232.019,1
514,8.575233,30,0.532805,587.497,335.622,1
515,8.591917,25,0.264855,633.520,478.354,1
515,8.591917,27,0.685983,539.491,355.140,1
515,8.591917,28,0.356482,632.720,236.121,1
515,8.591917,29,0.609950,590.348,228.998,1
515,8.591917,30,0.532805,589.365,321.911,0
516,8.608600,25,0.314648,630.969,480.259,1
516,8.608600,27,0.419841,538.024,367.706,1
516,8.608600,28,0.235841,634.469,240.761,1
516,8.608600,29,0.229017,588.766,226.389,1
516,8.608600,30,0.532805,591.232,308.200,0
517,8.625283,25,0.189087,628.920,478.142,1
517,8.625283,27,0.774555,536.234,380.632,1
517,8.625283,28,0.576900,636.028,245.401,1
517,8.625283,29,0.650122,587.275,223.912,1
517,8.625283,30,0.329939,593.329,299.191,1
518,8.641967,25,0.189087,626.352,481.942,0
518,8.641967,27,0.439936,534.859,393.855,1
518,8.641967,28,0.405039,637.663,250.907,1
518,8.641967,29,0.401357,586.212,222.363,1
518,8.641967,30,0.329939,595.258,286.723,0
519,8.658650,25,0.235132,623.599,468.850,1
519,8.658650,27,0.191527,532.935,406.171,1
519,8.658650,28,0.468363,639.320,256.897,1
519,8.658650,29,0.441234,584.799,221.599,1
519,8.658650,30,0.318466,596.969,279.718,1
520,8.675333,25,0.235132,620.981,468.167,0
520,8.675333,27,0.191527,531.247,418.318,0
520,8.675333,28,0.701234,640.586,263.476,1
520,8.675333,29,0.559465,583.282,220.978,1
520,8.675333,30,0.598476,598.701,272.787,1
521,8.692017,25,0.513561,619.237,446.474,1
521,8.692017,27,0.152168,531.079,427.656,1
521,8.692017,28,0.746161,642.454,270.784,1
521,8.692017,29,0.673119,581.841,221.006,1
521,8.692017,30,0.629550,600.333,266.141,1
522,8.708700,25,0.152580,617.735,425.134,1
522,8.708700,27,0.152168,529.795,439.058,0
522,8.708700,28,0.578564,644.073,278.356,1
522,8.708700,29,0.678918,580.100,221.410,1
522,8.708700,30,0.321708,602.056,260.354,1
523,8.725383,25,0.152580,615.583,414.873,0
523,8.725383,27,0.152168,528.510,450.460,0
523,8.725383,28,0.425811,645.577,286.610,1
523,8.725383,29,0.541013,578.388,222.200,1
523,8.725383,30,0.430047,603.934,254.232,1
524,8.742067,25,0.152580,613.432,404.611,0
524,8.742067,27,0.152168,527.226,461.862,0
524,8.742067,28,0.520672,647.433,295.512,1
524,8.742067,29,0.663693,577.110,223.634,1
524,8.742067,30,0.430047,605.730,246.584,0
525,8.758750,25,0.666231,613.307,380.398,1
525,8.758750,27,0.152168,525.941,473.264,0
525,8.758750,28,0.678195,649.098,304.846,1
525,8.758750,29,0.160974,575.518,225.916,1
525,8.758750,30,0.438223,607.573,241.333,1
526,8.775433,25,0.666231,611.694,366.434,0
526,8.775433,27,0.152168,524.657,484.666,0
526,8.775433,28,0.592981,650.551,315.140,1
526,8.775433,29,0.683070,574.044,228.461,1
526,8.775433,30,0.580316,609.324,236.748,1
527,8.792117,25,0.271167,612.555,345.290,1
527,8.792117,27,0.211797,534.826,485.176,1
527,8.792117,28,0.348735,652.333,325.838,1
527,8.792117,29,0.511425,572.790,231.669,1
527,8.792117,30,0.691380,610.879,232.676,1
528,8.808800,25,0.250773,611.855,327.627,1
528,8.808800,27,0.211797,536.581,493.688,0
528,8.808800,28,0.784025,653.888,337.227,1
528,8.808800,29,0.658589,571.296,235.550,1
528,8.808800,30,0.717457,612.555,229.161,1
529,8.825483,25,0.250773,610.966,311.281,0
529,8.825483,28,0.657346,655.403,349.082,1
529,8.825483,29,0.630960,569.770,239.885,1
529,8.825483,30,0.593178,614.041,226.094,1
530,8.842167,25,0.200387,609.756,298.294,1
530,8.842167,28,0.744476,657.004,361.792,1
530,8.842167,29,0.568446,568.342,244.465,1
530,8.842167,30,0.490345,615.676,223.287,1
531,8.858850,25,0.192600,608.628,287.273,1
531,8.858850,28,0.429878,658.613,374.139,1
531,8.858850,29,0.568446,566.882,247.748,0
531,8.858850,30,0.412642,617.418,220.627,1
532,8.875533,25,0.201172,607.494,277.769,1
532,8.875533,28,0.493470,659.678,387.565,1
532,8.875533,29,0.357457,565.117,254.100,1
532,8.875533,30,0.412642,619.092,216.888,0
533,8.892217,25,0.390810,606.328,269.017,1
533,8.892217,28,0.493470,661.136,399.425,0
533,8.892217,29,0.656191,563.516,261.057,1
533,8.892217,30,0.357651,620.621,216.211,1
534,8.908900,25,0.661737,605.212,261.358,1
534,8.908900,28,0.261671,662.399,409.396,1
534,8.908900,29,0.759010,562.101,268.268,1
534,8.908900,30,0.645951,622.204,215.904,1
535,8.925583,25,0.675570,604.158,253.992,1
535,8.925583,28,0.592836,662.788,418.667,1
535,8.925583,29,0.748796,560.562,276.041,1
535,8.925583,30,0.674128,623.519,216.124,1
536,8.942267,25,0.723307,602.951,247.259,1
536,8.942267,28,0.490434,661.847,428.221,1
536,8.942267,29,0.784148,559.077,284.191,1
536,8.942267,30,0.751181,625.375,216.846,1
537,8.958950,25,0.727099,601.682,240.688,1
537,8.958950,28,0.571054,660.136,435.977,1
537,8.958950,29,0.751071,557.530,292.927,1
537,8.958950,30,0.788434,627.053,217.816,1
537,8.958950,31,0.674260,578.293,425.550,1
538,8.975633,25,0.728465,600.402,234.580,1
538,8.975633,28,0.423001,657.693,443.328,1
538,8.975633,29,0.805812,555.849,302.237,1
538,8.975633,30,0.724002,628.579,219.112,1
538,8.975633,31,0.642987,580.202,411.944,1
539,8.992317,25,0.705796,599.250,229.533,1
539,8.992317,28,0.224799,654.716,450.713,1
539,8.992317,29,0.774194,554.329,312.095,1
539,8.992317,30,0.793232,630.398,220.909,1
539,8.992317,31,0.167281,582.394,395.304,1
540,9.009000,25,0.693471,597.947,224.262,1
540,9.009000,28,0.224799,653.436,459.368,0
540,9.009000,29,0.744544,552.775,322.349,1
540,9.009000,30,0.756210,631.474,223.368,1
540,9.009000,31,0.475254,584.106,379.593,1
541,9.025683,25,0.760885,596.612,219.643,1
541,9.025683,28,0.224799,652.157,468.024,0
541,9.025683,29,0.672345,551.039,333.196,1
541,9.025683,30,0.750052,633.749,226.160,1
541,9.025683,31,0.475254,585.645,367.573,0
542,9.042367,25,0.810792,595.426,215.545,1
542,9.042367,28,0.224799,650.877,476.679,0
542,9.042367,29,0.748496,549.754,344.299,1
542,9.042367,30,0.732822,635.557,229.368,1
542,9.042367,31,0.299603,587.411,352.079,1
543,9.059050,25,0.727696,594.376,211.823,1
543,9.059050,28,0.224799,649.598,485.335,0
543,9.059050,29,0.646533,547.924,356.264,1
543,9.059050,30,0.716413,637.105,233.259,1
543,9.059050,31,0.299603,589.015,339.063,0
544,9.075733,25,0.741254,593.221,208.842,1
544,9.075733,28,0.191353,642.740,484.086,1
544,9.075733,29,0.819628,546.296,368.912,1
544,9.075733,30,0.645211,638.980,237.414,1
544,9.075733,31,0.598498,590.850,325.467,1
545,9.092417,25,0.627793,592.020,206.118,1
545,9.092417,28,0.328864,637.190,483.622,1
545,9.092417,29,0.838955,544.759,382.264,1
545,9.092417,30,0.627311,640.537,242.274,1
545,9.092417,31,0.598498,592.517,312.293,0
546,9.109100,25,0.556999,590.738,204.116,1
546,9.109100,28,0.157476,633.131,480.903,1
546,9.109100,29,0.613085,542.547,395.780,1
546,9.109100,30,0.664103,642.306,247.846,1
546,9.109100,31,0.517989,594.550,301.612,1
547,9.125783,25,0.645641,589.695,202.323,1
547,9.125783,28,0.239128,630.050,474.727,1
547,9.125783,29,0.504662,540.803,409.072,1
547,9.125783,30,0.725677,644.182,254.202,1
547,9.125783,31,0.625978,595.982,291.664,1
548,9.142467,25,0.586327,588.471,201.174,1
548,9.142467,28,0.239128,626.552,474.880,0
548,9.142467,29,0.341999,539.344,421.844,1
548,9.142467,30,0.701271,645.601,260.958,1
548,9.142467,31,0.510592,597.439,282.491,1
549,9.159150,25,0.439914,587.116,200.774,1
549,9.159150,28,0.239128,623.054,475.034,0
549,9.159150,29,0.228269,537.782,433.017,1
549,9.159150,30,0.255655,647.900,268.228,1
549,9.159150,31,0.397910,598.811,274.061,1
550,9.175833,25,0.498824,586.001,200.851,1
550,9.175833,28,0.374407,621.264,453.826,1
550,9.175833,29,0.350939,536.597,441.481,1
550,9.175833,30,0.520548,649.672,276.195,1
550,9.175833,31,0.323819,600.104,266.121,1
551,9.192517,25,0.542944,584.921,201.517,1
551,9.192517,28,0.374407,618.219,448.311,0
551,9.192517,29,0.350939,535.075,452.663,0
551,9.192517,30,0.530568,651.484,284.506,1
551,9.192517,31,0.603598,601.460,258.906,1
552,9.209200,25,0.679937,583.722,202.666,1
552,9.209200,28,0.157773,618.056,422.821,1
552,9.209200,29,0.200871,537.147,458.397,1
552,9.209200,30,0.724620,653.293,293.400,1
552,9.209200,31,0.666307,603.027,252.158,1
553,9.225883,25,0.659768,582.495,204.513,1
553,9.225883,28,0.157773,615.776,412.005,0
553,9.225883,29,0.200871,536.579,468.134,0
553,9.225883,30,0.506230,654.856,303.046,1
553,9.225883,31,0.503226,604.612,245.819,1
554,9.242567,25,0.599653,581.356,206.568,1
554,9.242567,28,0.416879,616.168,386.734,1
554,9.242567,29,0.200871,536.010,477.870,0
554,9.242567,30,0.418133,656.492,313.100,1
554,9.242567,31,0.611048,605.993,240.075,1
555,9.259250,25,0.666731,579.866,209.343,1
555,9.259250,28,0.311050,615.768,365.373,1
555,9.259250,29,0.279555,540.681,480.957,1
555,9.259250,30,0.616470,658.112,323.871,1
555,9.259250,31,0.661062,607.293,234.970,1
556,9.275933,25,0.774489,578.503,212.457,1
556,9.275933,28,0.611058,615.238,346.191,1
556,9.275933,29,0.279555,541.503,488.929,0
556,9.275933,30,0.773563,659.786,334.996,1
556,9.275933,31,0.742010,608.676,230.479,1
557,9.292617,25,0.800500,577.305,216.210,1
557,9.292617,28,0.154558,614.662,330.441,1
557,9.292617,29,0.285495,548.179,491.617,1
557,9.292617,30,0.735002,661.758,346.849,1
557,9.292617,31,0.666280,610.151,226.047,1
558,9.309300,25,0.777500,576.019,220.369,1
558,9.309300,28,0.745983,613.400,315.928,1
558,9.309300,29,0.577624,554.006,493.250,1
558,9.309300,30,0.824309,663.275,359.659,1
558,9.309300,31,0.673803,611.374,222.327,1
559,9.325983,25,0.758618,574.653,225.108,1
559,9.325983,28,0.609021,612.074,303.471,1
559,9.325983,29,0.577624,557.297,498.510,0
559,9.325983,30,0.823703,664.956,372.354,1
559,9.325983,31,0.719783,612.670,219.123,1
560,9.342667,25,0.683524,573.494,230.655,1
560,9.342667,28,0.731572,610.657,292.663,1
560,9.342667,29,0.577624,560.589,503.770,0
560,9.342667,30,0.775908,666.681,385.781,1
560,9.342667,31,0.490784,613.923,216.599,1
561,9.359350,25,0.633855,572.246,236.514,1
561,9.359350,28,0.191181,609.251,282.291,1
561,9.359350,29,0.293329,565.617,497.204,1
561,9.359350,30,0.622391,668.257,397.938,1
561,9.359350,31,0.167249,615.515,213.723,1
562,9.376033,25,0.638158,570.923,242.693,1
562,9.376033,28,0.540049,607.917,273.167,1
562,9.376033,29,0.476563,570.349,488.497,1
562,9.376033,30,0.610987,669.126,408.709,1
562,9.376033,31,0.666718,617.184,212.168,1
563,9.392717,25,0.580612,569.531,249.885,1
563,9.392717,28,0.612089,606.554,264.932,1
563,9.392717,29,0.159775,574.051,478.353,1
563,9.392717,30,0.697691,669.441,417.894,1
563,9.392717,31,0.671745,618.525,211.318,1
564,9.409400,25,0.699847,568.456,257.371,1
564,9.409400,28,0.638412,605.108,256.988,1
564,9.409400,29,0.165406,576.686,466.013,1
564,9.409400,30,0.202641,669.100,425.981,1
564,9.409400,31,0.700545,620.060,210.751,1
565,9.426083,25,0.766958,567.203,265.503,1
565,9.426083,28,0.765749,603.890,249.550,1
565,9.426083,29,0.587268,579.186,451.744,1
565,9.426083,30,0.448723,668.111,433.703,1
565,9.426083,31,0.754240,621.607,210.493,1
566,9.442767,25,0.753645,565.965,274.000,1
566,9.442767,28,0.746468,602.499,242.861,1
566,9.442767,29,0.757410,581.119,436.093,1
566,9.442767,30,0.407943,666.472,441.266,1
566,9.442767,31,0.766982,622.917,211.226,1
567,9.459450,25,0.537899,564.747,283.254,1
567,9.459450,28,0.759991,600.959,236.356,1
567,9.459450,29,0.576252,583.606,419.912,1
567,9.459450,30,0.361732,664.395,448.974,1
567,9.459450,31,0.732607,624.291,212.277,1
568,9.476133,25,0.219792,563.592,293.054,1
568,9.476133,28,0.802445,599.538,230.708,1
568,9.476133,29,0.404031,585.241,404.022,1
568,9.476133,30,0.324082,661.685,455.878,1
568,9.476133,31,0.759407,625.880,213.637,1
569,9.492817,25,0.751375,562.361,303.330,1
569,9.492817,28,0.774145,598.169,224.960,1
569,9.492817,29,0.404031,587.744,391.259,0
569,9.492817,30,0.324082,660.443,464.089,0
569,9.492817,31,0.738291,627.401,215.740,1
570,9.509500,25,0.291922,561.102,314.004,1
570,9.509500,28,0.795498,596.881,219.880,1
570,9.509500,29,0.315054,587.929,375.817,1
570,9.509500,30,0.396644,655.450,470.185,1
570,9.509500,31,0.757510,628.932,218.240,1
571,9.526183,25,0.612592,559.869,325.374,1
571,9.526183,28,0.789840,595.731,215.247,1
571,9.526183,29,0.670623,589.222,361.391,1
571,9.526183,30,0.241909,650.628,476.103,1
571,9.526183,31,0.764640,630.511,221.668,1
572,9.542867,25,0.787918,558.647,337.296,1
572,9.542867,28,0.799479,594.587,211.068,1
572,9.542867,29,0.670623,590.952,347.664,0
572,9.542867,30,0.150593,645.828,480.543,1
572,9.542867,31,0.659134,631.654,225.378,1
573,9.559550,25,0.699285,557.495,349.781,1
573,9.559550,28,0.755114,593.159,207.758,1
573,9.559550,29,0.670623,592.682,333.938,0
573,9.559550,30,0.272040,641.430,483.306,1
573,9.559550,31,0.699227,633.357,229.941,1
574,9.576233,25,0.682915,556.262,362.813,1
574,9.576233,28,0.684099,591.655,204.930,1
574,9.576233,29,0.171943,594.140,321.834,1
574,9.576233,30,0.409094,636.968,483.470,1
574,9.576233,31,0.738057,634.867,234.794,1
575,9.592917,25,0.408587,555.186,375.596,1
575,9.592917,28,0.432285,590.499,202.296,1
575,9.592917,29,0.171943,595.797,308.538,0
575,9.592917,30,0.461997,633.448,480.999,1
575,9.592917,31,0.503077,636.145,239.795,1
576,9.609600,25,0.587130,553.508,389.644,1
576,9.609600,28,0.271948,589.088,200.452,1
576,9.609600,29,0.339968,597.039,299.482,1
576,9.609600,30,0.461997,629.657,483.332,0
576,9.609600,31,0.503077,637.585,243.613,0
577,9.626283,25,0.161996,552.443,402.136,1
577,9.626283,28,0.528960,587.515,199.242,1
577,9.626283,29,0.573163,598.537,291.285,1
577,9.626283,30,0.461997,625.867,485.665,0
577,9.626283,31,0.369877,639.110,250.549,1
578,9.642967,25,0.379653,551.953,414.247,1
578,9.642967,28,0.639586,586.293,198.349,1
578,9.642967,29,0.603624,600.028,283.185,1
578,9.642967,30,0.785637,624.217,468.160,1
578,9.642967,31,0.759844,640.365,258.000,1
579,9.659650,25,0.187503,551.532,424.516,1
579,9.659650,28,0.373170,585.489,197.962,1
579,9.659650,29,0.394336,601.684,275.704,1
579,9.659650,30,0.785637,620.995,465.228,0
579,9.659650,31,0.354450,642.096,265.994,1
580,9.676333,25,0.411524,551.334,433.719,1
580,9.676333,28,0.735655,584.770,198.297,1
580,9.676333,29,0.731998,603.532,268.498,1
580,9.676333,30,0.714789,619.784,440.891,1
580,9.676333,31,0.746730,643.442,274.429,1
581,9.693017,25,0.411524,550.635,444.830,0
581,9.693017,28,0.739787,583.190,199.096,1
581,9.693017,29,0.625743,604.913,261.851,1
581,9.693017,30,0.249135,619.293,417.777,1
581,9.693017,31,0.650964,644.661,283.015,1
582,9.709700,25,0.411524,549.936,455.942,0
582,9.709700,28,0.740873,581.844,200.322,1
582,9.709700,29,0.559532,606.436,255.269,1
582,9.709700,30,0.250136,618.728,396.553,1
582,9.709700,31,0.492717,646.035,292.335,1
583,9.726383,25,0.411524,549.238,467.054,0
583,9.726383,28,0.583322,580.282,202.048,1
583,9.726383,29,0.384660,607.992,249.660,1
583,9.726383,30,0.250136,617.032,381.767,0
583,9.726383,31,0.382479,647.286,302.008,1
584,9.743067,25,0.203627,551.325,471.015,1
584,9.743067,28,0.666198,578.835,204.274,1
584,9.743067,29,0.709610,609.510,244.170,1
584,9.743067,30,0.642673,616.195,363.608,1
584,9.743067,31,0.697821,648.647,312.349,1
585,9.759750,25,0.161942,553.819,473.342,1
585,9.759750,28,0.709698,577.553,206.839,1
585,9.759750,29,0.597294,610.829,239.591,1
585,9.759750,30,0.735186,615.308,346.642,1
585,9.759750,31,0.702545,649.898,323.311,1
586,9.776433,25,0.195652,556.015,477.254,1
586,9.776433,28,0.665306,575.990,210.012,1
586,9.776433,29,0.661270,612.191,235.515,1
586,9.776433,30,0.165224,614.121,331.769,1
586,9.776433,31,0.743714,651.194,334.737,1
587,9.793117,25,0.372225,558.213,481.703,1
587,9.793117,28,0.690950,574.493,213.884,1
587,9.793117,29,0.731129,613.726,231.752,1
587,9.793117,30,0.334866,612.628,318.116,1
587,9.793117,31,0.773147,652.643,346.769,1
588,9.809800,25,0.197324,560.447,484.242,1
588,9.809800,28,0.735820,573.295,218.340,1
588,9.809800,29,0.682104,615.098,228.684,1
588,9.809800,30,0.555219,610.996,306.035,1
588,9.809800,31,0.853440,653.975,359.217,1
589,9.826483,25,0.240205,563.042,485.089,1
589,9.826483,28,0.719596,572.157,223.475,1
589,9.826483,29,0.750732,616.664,226.471,1
589,9.826483,30,0.594185,609.429,295.217,1
589,9.826483,31,0.827355,655.144,372.090,1
590,9.843167,25,0.567693,565.817,483.289,1
590,9.843167,28,0.296996,570.640,228.967,1
590,9.843167,29,0.678969,618.052,224.239,1
590,9.843167,30,0.445467,607.839,285.252,1
590,9.843167,31,0.776299,656.741,385.362,1
591,9.859850,25,0.257377,568.001,478.355,1
591,9.859850,28,0.453573,569.307,234.995,1
591,9.859850,29,0.434168,619.197,222.594,1
591,9.859850,30,0.450534,606.114,276.290,1
591,9.859850,31,0.451581,657.993,397.425,1
592,9.876533,25,0.257377,570.132,478.810,0
592,9.876533,28,0.516610,567.828,241.679,1
592,9.876533,29,0.625571,620.427,221.582,1
592,9.876533,30,0.456823,604.563,267.770,1
592,9.876533,31,0.299786,658.585,407.705,1
593,9.893217,25,0.478759,571.784,464.935,1
593,9.893217,28,0.679619,566.232,248.967,1
593,9.893217,29,0.731490,621.822,221.089,1
593,9.893217,30,0.646624,602.534,259.952,1
593,9.893217,31,0.179867,658.782,416.728,1
594,9.909900,25,0.386486,573.639,448.831,1
594,9.909900,28,0.721653,564.772,256.484,1
594,9.909900,29,0.749123,623.059,221.093,1
594,9.909900,30,0.575850,600.612,252.571,1
594,9.909900,31,0.261667,658.673,424.222,1
595,9.926583,25,0.797228,575.574,431.380,1
595,9.926583,28,0.768175,563.571,264.915,1
595,9.926583,29,0.731743,624.634,221.467,1
595,9.926583,30,0.650869,599.029,245.736,1
595,9.926583,31,0.261667,659.300,434.198,0
596,9.943267,25,0.797228,577.530,421.803,0
596,9.943267,28,0.627967,562.304,273.830,1
596,9.943267,29,0.531516,626.235,222.271,1
596,9.943267,30,0.517562,597.548,239.436,1
596,9.943267,31,0.261667,659.928,444.173,0
597,9.959950,25,0.797228,579.487,412.225,0
597,9.959950,28,0.678933,560.894,283.153,1
597,9.959950,29,0.395635,627.401,223.641,1
597,9.959950,30,0.241853,595.822,233.549,1
597,9.959950,31,0.261667,660.555,454.149,0
598,9.976633,25,0.797228,581.443,402.648,0
598,9.976633,28,0.634485,559.490,293.387,1
598,9.976633,29,0.392906,628.914,225.647,1
598,9.976633,30,0.383554,594.519,228.076,1
598,9.976633,31,0.261667,661.182,464.125,0
599,9.993317,25,0.797228,583.399,393.070,0
599,9.993317,28,0.676192,557.873,304.094,1
599,9.993317,29,0.626627,630.529,228.228,1
599,9.993317,30,0.370957,592.873,223.279,1
599,9.993317,31,0.261667,661.810,474.101,0
600,10.010000,25,0.680992,584.558,368.918,1
600,10.010000,28,0.830588,556.364,315.430,1
600,10.010000,29,0.759472,631.658,231.381,1
600,10.010000,30,0.622397,591.025,219.057,1
601,10.026683,25,0.247309,585.540,347.042,1
601,10.026683,28,0.639144,555.158,327.253,1
601,10.026683,29,0.459752,633.099,235.104,1
601,10.026683,30,0.301653,589.476,214.675,1
602,10.043367,25,0.558868,586.340,328.633,1
602,10.043367,28,0.729456,553.629,339.479,1
602,10.043367,29,0.504787,634.245,239.143,1
602,10.043367,30,0.428629,587.740,211.142,1
603,10.060050,25,0.175192,587.633,312.852,1
603,10.060050,28,0.598242,552.138,352.368,1
603,10.060050,29,0.404164,635.685,243.713,1
603,10.060050,30,0.458460,586.247,208.437,1
604,10.076733,25,0.680390,589.342,299.494,1
604,10.076733,28,0.814873,550.826,365.811,1
604,10.076733,29,0.720459,637.767,249.035,1
604,10.076733,30,0.736199,584.591,206.185,1
605,10.093417,25,0.648642,590.597,288.420,1
605,10.093417,28,0.417825,548.824,379.467,1
605,10.093417,29,0.635765,639.360,254.711,1
605,10.093417,30,0.716724,582.784,204.765,1
606,10.110100,25,0.541624,591.807,278.692,1
606,10.110100,28,0.295012,546.601,393.539,1
606,10.110100,29,0.284104,641.291,261.113,1
606,10.110100,30,0.663995,581.163,203.742,1
607,10.126783,25,0.612326,593.168,270.073,1
607,10.126783,28,0.295012,544.860,406.355,0
607,10.126783,29,0.473581,643.099,267.906,1
607,10.126783,30,0.531694,579.257,202.988,1
607,10.126783,32,0.423761,623.385,444.971,1
608,10.143467,25,0.212608,594.579,262.443,1
608,10.143467,28,0.295012,543.120,419.171,0
608,10.143467,29,0.503373,644.786,275.392,1
608,10.143467,30,0.342329,577.437,202.587,1
608,10.143467,32,0.717942,621.324,432.786,1
609,10.160150,25,0.614427,595.918,255.284,1
609,10.160150,28,0.295012,541.379,431.987,0
609,10.160150,29,0.633075,646.430,283.355,1
609,10.160150,30,0.606320,575.565,202.829,1
609,10.160150,32,0.203715,618.518,417.095,1
610,10.176833,25,0.560161,597.177,249.032,1
610,10.176833,28,0.295012,539.638,444.803,0
610,10.176833,29,0.331112,647.974,292.056,1
610,10.176833,30,0.436054,573.860,203.752,1
610,10.176833,32,0.203715,616.869,407.788,0
611,10.193517,25,0.364552,598.268,242.867,1
611,10.193517,28,0.295012,537.897,457.618,0
611,10.193517,29,0.631717,649.348,301.291,1
611,10.193517,30,0.360336,572.318,204.974,1
611,10.193517,32,0.332839,615.187,387.991,1
612,10.210200,25,0.554016,599.289,236.962,1
612,10.210200,29,0.374633,650.597,311.070,1
612,10.210200,30,0.366965,570.610,207.057,1
612,10.210200,32,0.459380,614.037,370.684,1
613,10.226883,25,0.619579,600.374,231.912,1
613,10.226883,29,0.391929,652.043,321.529,1
613,10.226883,30,0.214469,568.951,209.426,1
613,10.226883,32,0.459380,612.524,356.773,0
614,10.243567,25,0.629312,601.662,227.383,1
614,10.243567,29,0.636607,653.665,332.372,1
614,10.243567,30,0.562847,567.329,212.557,1
614,10.243567,32,0.459380,611.011,342.862,0
615,10.260250,25,0.677932,602.863,222.860,1
615,10.260250,29,0.786252,655.200,344.107,1
615,10.260250,30,0.193049,565.260,216.284,1
615,10.260250,32,0.459380,609.498,328.951,0
616,10.276933,25,0.717142,604.157,219.079,1
616,10.276933,29,0.755872,657.117,356.482,1
616,10.276933,30,0.768513,563.585,220.293,1
616,10.276933,32,0.459380,607.986,315.041,0
617,10.293617,25,0.737319,605.264,215.813,1
617,10.293617,29,0.747333,658.436,369.349,1
617,10.293617,30,0.645338,561.900,224.610,1
617,10.293617,32,0.599232,606.177,301.774,1
618,10.310300,25,0.358657,606.948,213.047,1
618,10.310300,29,0.783254,659.983,382.503,1
618,10.310300,30,0.674925,559.990,230.001,1
618,10.310300,32,0.599232,604.583,288.040,0
619,10.326983,25,0.425080,608.361,210.454,1
619,10.326983,29,0.681203,661.576,394.792,1
619,10.326983,30,0.528668,558.243,235.504,1
619,10.326983,32,0.567108,603.139,278.251,1
620,10.343667,25,0.315214,609.702,208.760,1
620,10.343667,29,0.567722,662.759,405.627,1
620,10.343667,30,0.564744,556.346,241.771,1
620,10.343667,32,0.538699,601.480,269.312,1
621,10.360350,25,0.619143,610.889,207.831,1
621,10.360350,29,0.700164,662.684,413.909,1
621,10.360350,30,0.690394,554.819,248.743,1
621,10.360350,32,0.661535,600.039,260.543,1
622,10.377033,25,0.582013,612.131,207.369,1
622,10.377033,29,0.274432,661.630,421.527,1
622,10.377033,30,0.651172,553.284,255.977,1
622,10.377033,32,0.466130,598.417,252.486,1
622,10.377033,33,0.313990,570.148,463.475,1
623,10.393717,25,0.533518,613.369,207.337,1
623,10.393717,29,0.678131,660.173,428.909,1
623,10.393717,30,0.742956,551.651,264.100,1
623,10.393717,32,0.403222,596.830,244.570,1
623,10.393717,33,0.499898,571.981,453.322,1
624,10.410400,25,0.426989,614.398,207.810,1
624,10.410400,29,0.360140,657.596,435.242,1
624,10.410400,30,0.713691,550.146,272.786,1
624,10.410400,32,0.594288,595.451,237.841,1
624,10.410400,33,0.535167,574.192,439.568,1
625,10.427083,25,0.563505,615.379,208.772,1
625,10.427083,29,0.413244,655.168,442.153,1
625,10.427083,30,0.596741,548.239,281.885,1
625,10.427083,32,0.646648,594.200,231.420,1
625,10.427083,33,0.795254,576.618,424.110,1
626,10.443767,25,0.782173,616.695,209.881,1
626,10.443767,29,0.426365,651.439,449.492,1
626,10.443767,30,0.814190,546.544,291.304,1
626,10.443767,32,0.752131,592.928,225.546,1
626,10.443767,33,0.736954,578.506,407.942,1
627,10.460450,25,0.740668,617.930,211.771,1
627,10.460450,29,0.189054,647.385,456.917,1
627,10.460450,30,0.803157,544.562,301.169,1
627,10.460450,32,0.711868,591.346,220.061,1
627,10.460450,33,0.494406,580.335,392.528,1
628,10.477133,25,0.703782,618.734,213.866,1
628,10.477133,29,0.186017,643.210,463.677,1
628,10.477133,30,0.601613,542.769,311.803,1
628,10.477133,32,0.686811,590.242,215.206,1
628,10.477133,33,0.494406,582.134,379.585,0
629,10.493817,25,0.802543,619.703,216.709,1
629,10.493817,29,0.551856,638.647,469.557,1
629,10.493817,30,0.733834,541.259,322.784,1
629,10.493817,32,0.758245,588.744,210.836,1
629,10.493817,33,0.743784,583.830,363.815,1
630,10.510500,25,0.838066,620.846,219.946,1
630,10.510500,29,0.184729,634.645,474.904,1
630,10.510500,30,0.767269,539.596,334.578,1
630,10.510500,32,0.783981,587.356,206.910,1
630,10.510500,33,0.505445,585.228,349.463,1
631,10.527183,25,0.690358,621.912,223.907,1
631,10.527183,29,0.184729,631.133,481.508,0
631,10.527183,30,0.733058,537.676,346.926,1
631,10.527183,32,0.571930,586.185,203.629,1
631,10.527183,33,0.496167,586.215,336.170,1
632,10.543867,25,0.667618,622.934,228.436,1
632,10.543867,29,0.184729,627.621,488.113,0
632,10.543867,30,0.756319,535.897,360.302,1
632,10.543867,32,0.566481,584.933,200.861,1
632,10.543867,33,0.468869,588.150,323.429,1
633,10.560550,25,0.491402,624.113,233.479,1
633,10.560550,29,0.184729,624.108,494.717,0
633,10.560550,30,0.675775,534.181,373.559,1
633,10.560550,32,0.613286,583.650,198.843,1
633,10.560550,33,0.468869,589.758,309.970,0
634,10.577233,25,0.470783,625.600,239.190,1
634,10.577233,29,0.184729,620.596,501.321,0
634,10.577233,30,0.815557,532.561,387.608,1
634,10.577233,32,0.384892,582.376,196.933,1
634,10.577233,33,0.233169,591.300,299.315,1
635,10.593917,25,0.499314,626.773,245.176,1
635,10.593917,29,0.184729,617.084,507.925,0
635,10.593917,30,0.422010,530.151,400.103,1
635,10.593917,32,0.511131,580.580,195.685,1
635,10.593917,33,0.297750,592.893,289.629,1
636,10.610600,25,0.291261,627.697,251.666,1
636,10.610600,30,0.678573,528.954,411.040,1
636,10.610600,32,0.523481,578.940,194.897,1
636,10.610600,33,0.615744,594.468,280.613,1
637,10.627283,25,0.633556,628.881,258.861,1
637,10.627283,30,0.336497,528.264,420.464,1
637,10.627283,32,0.629110,577.614,194.459,1
637,10.627283,33,0.664334,595.848,272.099,1
638,10.643967,25,0.731623,630.087,266.957,1
638,10.643967,30,0.299047,528.417,429.323,1
638,10.643967,32,0.711437,576.142,194.586,1
638,10.643967,33,0.309661,597.210,264.365,1
639,10.660650,25,0.789989,631.185,275.399,1
639,10.660650,30,0.277232,529.678,437.752,1
639,10.660650,32,0.741312,574.613,195.143,1
639,10.660650,33,0.629512,598.410,257.068,1
640,10.677333,25,0.737875,632.183,284.184,1
640,10.677333,30,0.419254,531.447,444.836,1
640,10.677333,32,0.753145,573.426,196.241,1
640,10.677333,33,0.385587,599.455,250.401,1
640,10.677333,34,0.300651,611.167,412.902,1
641,10.694017,25,0.654958,633.138,293.815,1
641,10.694017,30,0.505479,534.106,452.020,1
641,10.694017,32,0.619313,571.810,197.825,1
641,10.694017,33,0.668676,600.752,244.132,1
641,10.694017,34,0.268076,610.725,399.438,1
642,10.710700,25,0.560119,634.787,303.870,1
642,10.710700,30,0.376667,537.170,459.434,1
642,10.710700,32,0.649398,570.420,200.093,1
642,10.710700,33,0.412042,602.246,238.344,1
642,10.710700,34,0.390561,609.358,384.573,1
643,10.727383,25,0.667690,635.922,314.409,1
643,10.727383,30,0.205554,540.646,466.088,1
643,10.727383,32,0.615078,569.042,202.618,1
643,10.727383,33,0.676579,603.962,233.042,1
643,10.727383,34,0.582662,607.973,368.070,1
644,10.744067,25,0.391224,637.032,325.492,1
644,10.744067,30,0.205554,542.613,474.016,0
644,10.744067,32,0.558698,567.460,205.521,1
644,10.744067,33,0.703001,605.187,228.167,1
644,10.744067,34,0.582662,607.052,356.307,0
645,10.760750,25,0.657095,638.317,337.080,1
645,10.760750,30,0.205554,544.579,481.943,0
645,10.760750,32,0.167538,566.101,208.968,1
645,10.760750,33,0.642381,606.468,223.730,1
645,10.760750,34,0.582662,606.131,344.543,0
646,10.777433,25,0.494315,639.313,349.362,1
646,10.777433,30,0.205554,546.546,489.871,0
646,10.777433,32,0.560813,564.591,213.226,1
646,10.777433,33,0.487234,608.133,219.887,1
646,10.777433,34,0.582662,605.210,332.779,0
647,10.794117,25,0.777846,640.292,362.266,1
647,10.794117,30,0.184308,552.836,491.174,1
647,10.794117,32,0.732702,563.096,217.833,1
647,10.794117,33,0.753182,609.387,216.726,1
647,10.794117,34,0.476623,603.056,317.125,1
648,10.810800,25,0.409732,641.607,375.150,1
648,10.810800,30,0.184308,555.950,497.344,0
648,10.810800,32,0.642630,561.784,223.103,1
648,10.810800,33,0.456463,610.518,213.609,1
648,10.810800,34,0.364089,601.035,303.831,1
649,10.827483,25,0.409732,642.767,386.859,0
649,10.827483,30,0.184308,559.063,503.514,0
649,10.827483,32,0.670699,560.369,229.296,1
649,10.827483,33,0.628192,612.067,211.553,1
649,10.827483,34,0.532862,599.454,292.068,1
650,10.844167,25,0.409732,643.927,398.568,0
650,10.844167,30,0.184308,562.177,509.683,0
650,10.844167,32,0.452157,558.906,235.838,1
650,10.844167,33,0.378747,613.464,209.497,1
650,10.844167,34,0.244826,598.115,281.567,1
651,10.860850,25,0.409732,645.086,410.276,0
651,10.860850,32,0.522919,557.408,242.402,1
651,10.860850,33,0.279567,614.669,208.285,1
651,10.860850,34,0.506732,596.706,271.957,1
652,10.877533,25,0.409732,646.246,421.985,0
652,10.877533,32,0.472943,555.888,249.717,1
652,10.877533,33,0.536773,615.847,207.764,1
652,10.877533,34,0.554467,595.527,263.282,1
653,10.894217,25,0.170996,645.727,429.460,1
653,10.894217,32,0.531636,554.375,257.438,1
653,10.894217,33,0.197350,617.226,207.735,1
653,10.894217,34,0.619106,594.456,255.394,1
654,10.910900,25,0.170996,646.442,440.045,0
654,10.910900,32,0.678711,553.018,266.352,1
654,10.910900,33,0.735382,618.651,208.387,1
654,10.910900,34,0.606584,593.360,248.260,1
655,10.927583,25,0.621201,643.746,445.100,1
655,10.927583,32,0.706132,551.510,275.040,1
655,10.927583,33,0.557632,620.244,209.184,1
655,10.927583,34,0.644242,591.966,241.447,1
655,10.927583,35,0.754599,577.056,413.468,1
656,10.944267,25,0.621201,643.555,454.217,0
656,10.944267,32,0.478740,550.056,284.256,1
656,10.944267,33,0.715461,621.797,210.463,1
656,10.944267,34,0.634762,590.724,235.404,1
656,10.944267,35,0.350651,578.335,397.705,1
657,10.960950,25,0.178311,640.646,460.032,1
657,10.960950,32,0.705678,548.450,294.250,1
657,10.960950,33,0.746454,623.143,212.441,1
657,10.960950,34,0.557738,589.465,230.005,1
657,10.960950,35,0.393152,579.739,381.305,1
658,10.977633,25,0.349597,637.962,465.176,1
658,10.977633,32,0.736966,546.847,304.531,1
658,10.977633,33,0.745591,624.674,214.824,1
658,10.977633,34,0.621777,588.333,224.983,1
658,10.977633,35,0.390635,580.985,366.647,1
659,10.994317,25,0.294286,635.503,469.470,1
659,10.994317,32,0.765473,545.342,315.814,1
659,10.994317,33,0.159553,626.243,217.895,1
659,10.994317,34,0.798824,587.069,220.632,1
659,10.994317,35,0.790653,582.069,352.563,1
660,11.011000,25,0.294286,633.835,476.060,0
660,11.011000,32,0.389955,543.778,327.907,1
660,11.011000,33,0.789069,627.661,221.720,1
660,11.011000,34,0.726273,585.887,216.745,1
660,11.011000,35,0.559110,583.617,339.929,1
661,11.027683,25,0.224764,632.102,478.432,1
661,11.027683,32,0.744111,542.287,339.646,1
661,11.027683,33,0.755437,628.852,225.810,1
661,11.027683,34,0.642441,584.941,213.257,1
661,11.027683,35,0.388516,584.652,327.471,1
662,11.044367,25,0.224764,630.416,483.902,0
662,11.044367,32,0.464867,540.806,352.693,1
662,11.044367,33,0.675167,630.195,230.653,1
662,11.044367,34,0.569591,583.746,210.224,1
662,11.044367,35,0.263243,585.585,316.570,1
663,11.061050,25,0.224764,628.731,489.373,0
663,11.061050,32,0.778442,539.410,366.003,1
663,11.061050,33,0.622776,631.266,235.833,1
663,11.061050,34,0.701213,582.389,208.052,1
663,11.061050,35,0.588291,586.853,305.943,1
664,11.077733,25,0.224764,627.045,494.843,0
664,11.077733,32,0.770799,537.852,379.790,1
664,11.077733,33,0.692668,632.487,241.570,1
664,11.077733,34,0.685827,581.311,206.054,1
664,11.077733,35,0.684129,587.660,296.476,1
665,11.094417,25,0.224764,625.360,500.313,0
665,11.094417,32,0.200016,536.177,392.720,1
665,11.094417,33,0.430226,633.555,248.005,1
665,11.094417,34,0.540404,579.939,204.900,1
665,11.094417,35,0.473564,588.418,287.605,1
666,11.111100,32,0.200016,534.630,405.218,0
666,11.111100,33,0.576516,634.849,254.777,1
666,11.111100,34,0.521139,578.716,204.504,1
666,11.111100,35,0.523826,589.251,279.422,1
667,11.127783,32,0.200016,533.082,417.716,0
667,11.127783,33,0.658691,636.336,262.190,1
667,11.127783,34,0.627012,577.371,204.279,1
667,11.127783,35,0.570003,590.174,271.798,1
668,11.144467,32,0.255446,532.496,425.931,1
668,11.144467,33,0.775778,638.081,270.085,1
668,11.144467,34,0.710427,575.919,204.590,1
668,11.144467,35,0.641068,591.125,264.675,1
669,11.161150,32,0.588901,531.764,432.181,1
669,11.161150,33,0.648725,639.585,278.321,1
669,11.161150,34,0.780466,574.583,205.339,1
669,11.161150,35,0.714245,591.852,258.049,1
670,11.177833,32,0.244414,532.021,439.544,1
670,11.177833,33,0.736834,641.279,287.250,1
670,11.177833,34,0.720553,573.212,206.424,1
670,11.177833,35,0.719455,592.597,251.910,1
670,11.177833,36,0.262441,617.255,402.493,1
671,11.194517,32,0.244414,531.249,448.848,0
671,11.194517,33,0.506748,642.711,297.024,1
671,11.194517,34,0.427301,571.989,208.158,1
671,11.194517,35,0.314128,593.525,246.654,1
671,11.194517,36,0.262441,617.030,398.866,0
672,11.211200,32,0.312034,533.430,454.817,1
672,11.211200,33,0.623268,644.080,307.109,1
672,11.211200,34,0.327676,570.346,210.413,1
672,11.211200,35,0.267947,594.575,241.431,1
672,11.211200,36,0.262441,616.805,395.239,0
673,11.227883,32,0.312034,533.442,463.236,0
673,11.227883,33,0.585077,645.503,317.797,1
673,11.227883,34,0.199977,568.994,213.263,1
673,11.227883,35,0.223976,595.356,236.706,1
673,11.227883,36,0.262441,616.581,391.612,0
674,11.244567,32,0.312034,533.453,471.655,0
674,11.244567,33,0.486473,646.923,329.396,1
674,11.244567,34,0.530836,567.965,216.716,1
674,11.244567,35,0.372600,596.140,232.487,1
674,11.244567,36,0.195596,613.735,364.369,1
675,11.261250,32,0.312034,533.465,480.074,0
675,11.261250,33,0.744773,648.453,340.937,1
675,11.261250,34,0.724621,566.701,220.574,1
675,11.261250,35,0.333223,597.162,229.126,1
675,11.261250,36,0.195596,612.589,352.441,0
676,11.277933,32,0.312034,533.477,488.493,0
676,11.277933,33,0.772705,649.644,353.627,1
676,11.277933,34,0.677210,565.456,224.806,1
676,11.277933,35,0.696461,598.246,226.273,1
676,11.277933,36,0.346157,608.728,329.629,1
677,11.294617,32,0.253679,543.549,491.733,1
677,11.294617,33,0.852708,650.846,366.906,1
677,11.294617,34,0.767017,564.100,230.031,1
677,11.294617,35,0.783215,599.070,223.913,1
677,11.294617,36,0.786518,605.917,311.922,1
678,11.311300,32,0.504541,551.596,492.715,1
678,11.311300,33,0.701700,652.832,380.430,1
678,11.311300,34,0.630401,562.672,235.623,1
678,11.311300,35,0.649576,600.108,222.060,1
678,11.311300,36,0.467972,603.741,298.273,1
679,11.327983,32,0.504541,555.702,498.151,0
679,11.327983,33,0.491882,653.698,391.159,1
679,11.327983,34,0.279336,561.554,241.656,1
679,11.327983,35,0.455042,600.814,220.982,1
679,11.327983,36,0.187217,601.129,286.883,1
680,11.344667,32,0.504541,559.808,503.587,0
680,11.344667,33,0.491882,655.039,402.869,0
680,11.344667,34,0.238442,560.234,248.050,1
680,11.344667,35,0.339441,601.797,220.263,1
680,11.344667,36,0.342725,599.186,277.075,1
681,11.361350,32,0.504541,563.913,509.022,0
681,11.361350,33,0.491882,656.380,414.579,0
681,11.361350,34,0.435371,558.894,255.007,1
681,11.361350,35,0.545461,602.943,220.110,1
681,11.361350,36,0.433934,597.421,268.508,1
682,11.378033,33,0.491882,657.721,426.289,0
682,11.378033,34,0.577164,557.488,262.773,1
682,11.378033,35,0.560534,603.972,220.534,1
682,11.378033,36,0.334950,595.733,261.227,1
683,11.394717,33,0.491882,659.062,438.000,0
683,11.394717,34,0.643434,556.130,271.265,1
683,11.394717,35,0.656175,604.742,221.499,1
683,11.394717,36,0.651408,594.337,254.731,1
684,11.411400,33,0.491882,660.404,449.710,0
684,11.411400,34,0.679064,554.751,280.173,1
684,11.411400,35,0.554172,605.392,222.787,1
684,11.411400,36,0.541807,592.750,248.653,1
685,11.428083,33,0.240112,655.502,451.912,1
685,11.428083,34,0.756644,553.452,289.525,1
685,11.428083,35,0.571029,606.309,224.436,1
685,11.428083,36,0.605267,591.005,242.829,1
685,11.428083,37,0.495961,571.356,416.073,1
686,11.444767,33,0.240112,655.187,461.099,0
686,11.444767,34,0.682554,552.076,299.445,1
686,11.444767,35,0.507979,607.155,227.115,1
686,11.444767,36,0.552025,589.381,237.398,1
686,11.444767,37,0.443442,573.208,402.596,1
687,11.461450,33,0.411111,648.876,465.163,1
687,11.461450,34,0.734079,550.755,309.174,1
687,11.461450,35,0.761594,608.306,229.502,1
687,11.461450,36,0.754051,587.568,232.737,1
687,11.461450,37,0.651682,575.371,385.577,1
688,11.478133,33,0.554735,643.034,468.510,1
688,11.478133,34,0.603654,549.619,320.184,1
688,11.478133,35,0.801956,609.225,232.812,1
688,11.478133,36,0.718532,586.050,228.523,1
688,11.478133,37,0.755012,577.329,370.271,1
689,11.494817,33,0.626525,637.352,472.254,1
689,11.494817,34,0.741768,548.021,331.759,1
689,11.494817,35,0.750653,609.928,236.267,1
689,11.494817,36,0.744034,584.315,224.609,1
689,11.494817,37,0.758378,578.415,355.014,1
690,11.511500,33,0.396859,632.880,475.791,1
690,11.511500,34,0.720096,546.642,344.033,1
690,11.511500,35,0.324780,610.777,240.540,1
690,11.511500,36,0.814539,582.551,221.179,1
690,11.511500,37,0.696466,580.746,341.551,1
691,11.528183,33,0.396859,628.992,481.043,0
691,11.528183,34,0.755542,545.391,356.813,1
691,11.528183,35,0.429021,611.465,245.562,1
691,11.528183,36,0.592587,581.180,218.451,1
691,11.528183,37,0.696466,582.415,328.506,0
692,11.544867,33,0.396859,625.105,486.294,0
692,11.544867,34,0.449071,544.050,370.293,1
692,11.544867,35,0.299915,612.507,251.113,1
692,11.544867,36,0.312572,579.579,216.368,1
692,11.544867,37,0.696466,584.084,315.461,0
693,11.561550,33,0.396859,621.218,491.545,0
693,11.561550,34,0.791624,542.663,383.914,1
693,11.561550,35,0.692184,613.409,256.949,1
693,11.561550,36,0.646850,577.805,214.269,1
693,11.561550,37,0.485028,586.312,304.090,1
694,11.578233,33,0.396859,617.331,496.796,0
694,11.578233,34,0.547435,541.261,398.066,1
694,11.578233,35,0.577409,613.979,263.396,1
694,11.578233,36,0.337025,575.825,213.095,1
694,11.578233,37,0.506672,588.175,294.010,1
695,11.594917,34,0.507568,540.367,410.682,1
695,11.594917,35,0.466130,614.683,270.694,1
695,11.594917,36,0.553387,573.933,212.539,1
695,11.594917,37,0.405476,589.913,284.189,1
696,11.611600,34,0.381940,538.482,421.584,1
696,11.611600,35,0.359251,615.608,278.057,1
696,11.611600,36,0.589782,572.348,212.449,1
696,11.611600,37,0.426734,591.332,275.320,1
697,11.628283,34,0.551642,537.500,430.662,1
697,11.628283,35,0.210957,617.044,285.662,1
697,11.628283,36,0.383321,570.620,212.992,1
697,11.628283,37,0.432508,592.915,266.889,1
698,11.644967,34,0.175750,536.437,439.494,1
698,11.644967,35,0.407211,618.087,294.309,1
698,11.644967,36,0.371667,568.735,213.774,1
698,11.644967,37,0.565917,594.444,258.749,1
699,11.661650,34,0.175750,535.202,450.213,0
699,11.661650,35,0.479200,618.756,303.630,1
699,11.661650,36,0.370859,566.755,214.979,1
699,11.661650,37,0.427139,595.735,251.613,1
700,11.678333,34,0.457719,535.454,457.207,1
700,11.678333,35,0.626801,619.371,313.662,1
700,11.678333,36,0.363302,564.906,217.012,1
700,11.678333,37,0.565581,597.030,245.126,1
701,11.695017,34,0.269099,536.402,463.382,1
701,11.695017,35,0.823141,620.079,324.484,1
701,11.695017,36,0.608413,563.445,219.270,1
701,11.695017,37,0.756092,598.433,239.113,1
702,11.711700,34,0.328314,538.158,469.768,1
702,11.711700,35,0.644252,621.111,335.545,1
702,11.711700,36,0.665773,561.697,222.341,1
702,11.711700,37,0.692278,599.940,233.461,1
702,11.711700,38,0.708650,609.615,368.611,1
703,11.728383,34,0.328314,538.355,477.917,0
703,11.728383,35,0.152774,622.578,347.123,1
703,11.728383,36,0.685998,560.017,225.900,1
703,11.728383,37,0.715485,601.213,228.430,1
703,11.728383,38,0.252428,616.346,357.196,1
704,11.745067,34,0.328314,538.552,486.067,0
704,11.745067,35,0.452592,623.252,358.790,1
704,11.745067,36,0.457573,558.154,230.036,1
704,11.745067,37,0.589627,602.676,223.803,1
704,11.745067,38,0.252428,618.515,350.975,0
705,11.761750,34,0.200378,543.172,488.183,1
705,11.761750,35,0.662108,623.773,371.265,1
705,11.761750,36,0.645556,556.378,234.554,1
705,11.761750,37,0.681854,604.213,219.556,1
705,11.761750,38,0.741701,611.778,334.834,1
706,11.778433,34,0.267628,547.555,488.532,1
706,11.778433,35,0.662108,624.594,382.282,0
706,11.778433,36,0.643779,554.538,239.485,1
706,11.778433,37,0.621183,605.414,216.267,1
706,11.778433,38,0.395409,606.436,320.244,1
707,11.795117,34,0.267628,549.725,493.435,0
707,11.795117,35,0.662108,625.415,393.298,0
707,11.795117,36,0.261840,552.606,244.916,1
707,11.795117,37,0.716451,606.842,213.143,1
707,11.795117,38,0.757978,602.157,307.650,1
708,11.811800,34,0.213823,554.118,487.367,1
708,11.811800,35,0.662108,626.235,404.315,0
708,11.811800,36,0.693139,550.914,251.091,1
708,11.811800,37,0.664281,608.438,210.677,1
708,11.811800,38,0.771950,599.036,296.655,1
709,11.828483,34,0.617065,557.725,478.243,1
709,11.828483,35,0.186514,625.421,412.953,1
709,11.828483,36,0.482113,548.999,257.866,1
709,11.828483,37,0.224485,609.851,208.629,1
709,11.828483,38,0.458693,596.514,286.562,1
710,11.845167,34,0.159750,560.903,466.376,1
710,11.845167,35,0.180566,624.803,421.440,1
710,11.845167,36,0.467796,547.157,265.215,1
710,11.845167,37,0.406076,611.281,207.333,1
710,11.845167,38,0.717653,594.583,277.448,1
711,11.861850,34,0.159750,563.940,462.522,0
711,11.861850,35,0.180566,624.923,431.321,0
711,11.861850,36,0.573991,545.581,273.028,1
711,11.861850,37,0.254708,612.841,206.128,1
711,11.861850,38,0.616423,593.247,269.016,1
712,11.878533,34,0.209380,567.166,444.194,1
712,11.878533,35,0.180566,625.044,441.203,0
712,11.878533,36,0.276258,543.889,281.720,1
712,11.878533,37,0.321716,613.927,205.501,1
712,11.878533,38,0.616423,591.003,259.037,0
713,11.895217,34,0.347551,569.732,425.544,1
713,11.895217,35,0.180566,625.164,451.084,0
713,11.895217,36,0.703799,542.111,290.640,1
713,11.895217,37,0.573166,615.217,205.507,1
713,11.895217,38,0.630445,589.786,252.522,1
714,11.911900,34,0.263910,571.853,407.273,1
714,11.911900,35,0.180566,625.284,460.966,0
714,11.911900,36,0.539530,540.321,300.204,1
714,11.911900,37,0.723707,616.798,206.244,1
714,11.911900,38,0.555124,588.686,246.566,1
715,11.928583,34,0.226406,573.914,389.945,1
715,11.928583,35,0.151655,625.299,465.405,1
715,11.928583,36,0.692139,538.446,310.424,1
715,11.928583,37,0.716210,618.289,207.765,1
715,11.928583,38,0.570157,587.437,240.978,1
716,11.945267,34,0.420681,576.172,374.536,1
716,11.945267,35,0.151655,625.391,473.843,0
716,11.945267,36,0.783213,536.517,321.124,1
716,11.945267,37,0.699360,619.786,209.429,1
716,11.945267,38,0.685171,586.252,236.067,1
717,11.961950,34,0.522518,577.987,359.826,1
717,11.961950,36,0.505458,534.557,332.408,1
717,11.961950,37,0.748466,621.406,211.748,1
717,11.961950,38,0.788826,585.184,231.558,1
718,11.978633,34,0.719968,579.869,345.721,1
718,11.978633,36,0.746969,532.761,344.088,1
718,11.978633,37,0.697433,622.692,214.276,1
718,11.978633,38,0.728346,583.585,227.734,1
719,11.995317,34,0.227672,581.856,333.246,1
719,11.995317,36,0.652669,530.872,356.535,1
719,11.995317,37,0.749507,624.253,217.511,1
719,11.995317,38,0.626679,582.301,224.511,1
720,12.012000,34,0.227672,583.991,319.415,0
720,12.012000,36,0.656712,529.211,369.513,1
720,12.012000,37,0.738459,625.681,221.340,1
720,12.012000,38,0.589592,580.816,221.825,1
721,12.028683,34,0.227672,586.126,305.583,0
721,12.028683,36,0.524745,527.427,382.767,1
721,12.028683,37,0.646662,627.177,225.610,1
721,12.028683,38,0.443028,578.999,219.215,1
722,12.045367,34,0.227672,588.261,291.752,0
722,12.045367,36,0.524745,525.628,394.659,0
722,12.045367,37,0.588999,628.570,230.554,1
722,12.045367,38,0.199545,577.641,217.151,1
723,12.062050,34,0.227017,589.905,285.698,1
723,12.062050,36,0.605181,524.363,407.397,1
723,12.062050,37,0.600452,630.079,235.879,1
723,12.062050,38,0.651364,576.254,216.154,1
724,12.078733,34,0.489638,591.490,279.306,1
724,12.078733,36,0.474464,522.974,418.575,1
724,12.078733,37,0.513591,631.450,241.761,1
724,12.078733,38,0.681669,574.583,215.664,1
725,12.095417,34,0.461548,593.084,273.085,1
725,12.095417,36,0.226145,521.910,428.636,1
725,12.095417,37,0.523076,632.750,248.674,1
725,12.095417,38,0.686797,573.171,215.465,1
726,12.112100,34,0.473286,594.687,266.930,1
726,12.112100,36,0.318754,521.813,437.298,1
726,12.112100,37,0.323806,634.453,255.507,1
726,12.112100,38,0.532377,571.542,215.631,1
727,12.128783,34,0.723686,596.186,261.255,1
727,12.128783,36,0.416460,522.745,445.323,1
727,12.128783,37,0.587324,635.855,263.080,1
727,12.128783,38,0.704268,569.907,216.548,1
728,12.145467,34,0.671304,597.589,255.267,1
728,12.145467,36,0.416460,522.193,455.287,0
728,12.145467,37,0.400229,637.367,271.258,1
728,12.145467,38,0.572096,568.328,217.675,1
729,12.162150,34,0.432846,599.130,249.847,1
729,12.162150,36,0.416460,521.640,465.251,0
729,12.162150,37,0.371506,638.918,279.550,1
729,12.162150,38,0.469518,566.757,219.053,1
730,12.178833,34,0.212663,600.858,244.869,1
730,12.178833,36,0.416460,521.087,475.215,0
730,12.178833,37,0.336627,640.238,288.828,1
730,12.178833,38,0.307375,564.960,221.311,1
731,12.195517,34,0.569241,602.727,239.920,1
731,12.195517,36,0.416460,520.535,485.179,0
731,12.195517,37,0.202628,641.659,298.556,1
731,12.195517,38,0.471602,563.641,223.892,1
732,12.212200,34,0.682370,604.671,235.437,1
732,12.212200,36,0.416460,519.982,495.143,0
732,12.212200,37,0.635852,643.127,308.506,1
732,12.212200,38,0.669600,562.218,227.109,1
733,12.228883,34,0.556809,606.434,231.474,1
733,12.228883,37,0.709292,644.660,319.802,1
733,12.228883,38,0.585729,560.372,231.159,1
734,12.245567,34,0.562140,608.203,227.887,1
734,12.245567,37,0.603135,645.923,331.322,1
734,12.245567,38,0.425937,558.488,235.724,1
734,12.245567,39,0.580920,601.256,317.284,1
735,12.262250,34,0.532996,610.040,225.092,1
735,12.262250,37,0.669755,647.515,343.453,1
735,12.262250,38,0.579127,556.818,240.709,1
735,12.262250,39,0.359991,599.642,305.137,1
736,12.278933,34,0.522188,611.821,222.780,1
736,12.278933,37,0.827038,648.976,356.242,1
736,12.278933,38,0.480976,555.093,246.306,1
736,12.278933,39,0.155714,598.056,292.703,1
737,12.295617,34,0.594894,613.697,220.987,1
737,12.295617,37,0.212162,650.294,369.818,1
737,12.295617,38,0.287952,553.391,252.532,1
737,12.295617,39,0.297682,596.446,281.655,1
738,12.312300,34,0.694743,615.739,219.619,1
738,12.312300,37,0.476798,651.626,382.761,1
738,12.312300,38,0.627521,551.554,259.138,1
738,12.312300,39,0.650250,595.099,271.528,1
738,12.312300,40,0.385306,567.550,460.884,1
739,12.328983,34,0.276757,617.662,218.711,1
739,12.328983,37,0.205052,652.602,394.320,1
739,12.328983,38,0.610758,550.191,266.657,1
739,12.328983,39,0.617931,593.346,261.962,1
739,12.328983,40,0.430638,570.395,449.416,1
740,12.345667,34,0.674498,619.428,218.689,1
740,12.345667,37,0.268575,653.150,405.667,1
740,12.345667,38,0.621551,548.301,274.289,1
740,12.345667,39,0.686177,591.502,253.215,1
740,12.345667,40,0.542282,573.212,434.238,1
741,12.362350,34,0.776470,621.471,219.052,1
741,12.362350,37,0.223421,653.301,416.274,1
741,12.362350,38,0.683022,546.694,282.557,1
741,12.362350,39,0.640667,589.877,245.505,1
741,12.362350,40,0.510305,575.467,418.230,1
741,12.362350,41,0.256730,652.197,407.143,1
742,12.379033,34,0.769208,623.110,219.824,1
742,12.379033,37,0.223421,654.142,427.747,0
742,12.379033,38,0.613418,544.899,291.097,1
742,12.379033,39,0.668474,588.180,238.051,1
742,12.379033,40,0.497975,577.276,402.419,1
742,12.379033,41,0.256730,652.198,409.500,0
743,12.395717,34,0.799808,625.106,221.543,1
743,12.395717,37,0.306431,652.253,436.350,1
743,12.395717,38,0.771490,543.071,300.497,1
743,12.395717,39,0.676686,586.704,231.641,1
743,12.395717,40,0.769593,578.880,386.864,1
743,12.395717,41,0.256730,652.198,411.858,0
744,12.412400,34,0.815102,626.846,223.706,1
744,12.412400,37,0.306431,652.370,447.061,0
744,12.412400,38,0.649876,541.497,310.509,1
744,12.412400,39,0.697742,585.484,225.921,1
744,12.412400,40,0.156598,580.811,371.240,1
744,12.412400,41,0.256730,652.199,414.215,0
745,12.429083,34,0.735789,628.516,226.166,1
745,12.429083,37,0.306431,652.487,457.773,0
745,12.429083,38,0.726957,539.676,321.318,1
745,12.429083,39,0.598897,584.031,220.913,1
745,12.429083,40,0.721892,582.758,357.523,1
746,12.445767,34,0.750267,630.326,229.709,1
746,12.445767,37,0.175527,646.581,464.796,1
746,12.445767,38,0.801204,538.007,332.597,1
746,12.445767,39,0.772656,582.436,216.396,1
746,12.445767,40,0.343005,584.447,344.216,1
747,12.462450,34,0.751054,631.719,233.370,1
747,12.462450,37,0.175527,645.099,474.529,0
747,12.462450,38,0.794315,535.808,344.424,1
747,12.462450,39,0.766505,580.853,212.464,1
747,12.462450,40,0.343005,586.291,330.494,0
748,12.479133,34,0.638427,633.268,237.371,1
748,12.479133,37,0.267441,639.707,479.756,1
748,12.479133,38,0.811759,533.856,356.989,1
748,12.479133,39,0.743007,579.165,208.862,1
748,12.479133,40,0.488755,588.123,318.090,1
749,12.495817,34,0.738650,635.238,241.899,1
749,12.495817,37,0.164489,635.374,482.254,1
749,12.495817,38,0.800362,532.148,370.057,1
749,12.495817,39,0.733340,577.509,205.835,1
749,12.495817,40,0.561704,589.940,306.930,1
750,12.512500,34,0.361350,637.058,246.830,1
750,12.512500,37,0.164489,632.374,489.189,0
750,12.512500,38,0.550392,530.195,383.055,1
750,12.512500,39,0.586817,575.980,203.739,1
750,12.512500,40,0.170516,591.527,296.930,1
751,12.529183,34,0.623620,638.787,252.565,1
751,12.529183,37,0.164489,629.373,496.123,0
751,12.529183,38,0.697094,528.057,396.002,1
751,12.529183,39,0.675706,574.419,201.694,1
751,12.529183,40,0.454238,593.015,287.400,1
752,12.545867,34,0.696371,640.451,258.693,1
752,12.545867,37,0.164489,626.373,503.057,0
752,12.545867,38,0.541193,526.497,408.104,1
752,12.545867,39,0.622997,573.091,200.159,1
752,12.545867,40,0.527953,594.745,277.710,1
753,12.562550,34,0.713222,642.233,265.791,1
753,12.562550,37,0.164489,623.372,509.992,0
753,12.562550,38,0.566573,525.559,418.594,1
753,12.562550,39,0.777987,571.530,199.406,1
753,12.562550,40,0.768609,596.060,269.300,1
754,12.579233,34,0.752804,644.145,272.961,1
754,12.579233,37,0.164489,620.372,516.926,0
754,12.579233,38,0.528676,524.953,427.963,1
754,12.579233,39,0.683398,569.698,199.230,1
754,12.579233,40,0.269828,597.492,261.786,1
755,12.595917,34,0.549196,645.877,281.312,1
755,12.595917,38,0.213684,525.667,437.179,1
755,12.595917,39,0.551941,568.272,199.343,1
755,12.595917,40,0.711995,599.115,254.466,1
755,12.595917,42,0.395180,619.984,421.921,1
756,12.612600,34,0.655383,647.939,290.121,1
756,12.612600,38,0.267102,526.482,444.845,1
756,12.612600,39,0.676647,566.814,200.007,1
756,12.612600,40,0.696554,600.186,247.757,1
756,12.612600,42,0.266432,618.260,408.412,1
757,12.629283,34,0.696303,649.567,299.331,1
757,12.629283,38,0.176159,528.784,451.827,1
757,12.629283,39,0.546228,565.099,200.892,1
757,12.629283,40,0.692762,602.006,241.297,1
757,12.629283,42,0.204318,616.804,393.862,1
758,12.645967,34,0.674536,651.171,308.505,1
758,12.645967,38,0.264739,532.140,459.912,1
758,12.645967,39,0.633959,563.680,202.409,1
758,12.645967,40,0.657881,603.497,235.600,1
758,12.645967,42,0.204318,615.714,384.399,0
759,12.662650,34,0.743909,652.802,318.822,1
759,12.662650,38,0.170472,536.057,466.457,1
759,12.662650,39,0.622632,562.208,204.575,1
759,12.662650,40,0.743551,604.941,230.338,1
759,12.662650,42,0.607343,614.608,367.123,1
760,12.679333,34,0.558928,654.356,329.786,1
760,12.679333,38,0.247714,540.039,472.149,1
760,12.679333,39,0.596189,560.497,206.873,1
760,12.679333,40,0.690899,606.239,225.510,1
760,12.679333,42,0.668898,613.460,351.587,1
761,12.696017,34,0.795094,656.128,340.597,1
761,12.696017,38,0.247714,542.476,479.685,0
761,12.696017,39,0.365507,558.929,210.017,1
761,12.696017,40,0.381569,607.665,221.066,1
761,12.696017,42,0.339891,612.074,337.284,1
762,12.712700,34,0.777799,657.984,352.331,1
762,12.712700,38,0.247714,544.914,487.221,0
762,12.712700,39,0.567259,557.376,213.697,1
762,12.712700,40,0.739786,609.137,217.047,1
762,12.712700,42,0.339891,610.888,323.982,0
763,12.729383,34,0.793651,659.637,364.696,1
763,12.729383,38,0.170912,551.104,490.745,1
763,12.729383,39,0.707098,555.546,217.767,1
763,12.729383,40,0.735408,610.461,213.639,1
763,12.729383,42,0.533990,609.050,312.521,1
764,12.746067,34,0.707648,661.639,377.468,1
764,12.746067,38,0.204487,556.485,492.206,1
764,12.746067,39,0.183012,554.009,222.398,1
764,12.746067,40,0.629826,611.977,210.689,1
764,12.746067,42,0.665865,607.385,302.050,1
765,12.762750,34,0.182011,663.864,390.537,1
765,12.762750,38,0.160056,561.142,491.455,1
765,12.762750,39,0.641543,552.278,227.918,1
765,12.762750,40,0.419354,613.453,208.544,1
765,12.762750,42,0.531330,605.691,292.307,1
766,12.779433,34,0.153527,665.591,401.713,1
766,12.779433,38,0.294230,565.343,487.468,1
766,12.779433,39,0.387325,550.691,233.531,1
766,12.779433,40,0.435875,614.741,207.054,1
766,12.779433,42,0.431198,604.318,283.268,1
767,12.796117,34,0.331407,666.648,411.779,1
767,12.796117,38,0.294230,569.498,489.038,0
767,12.796117,39,0.150427,549.165,240.026,1
767,12.796117,40,0.453360,616.482,205.889,1
767,12.796117,42,0.577015,602.942,274.943,1
768,12.812800,34,0.402656,666.794,420.542,1
768,12.812800,38,0.294230,573.652,490.608,0
768,12.812800,39,0.305799,547.411,246.870,1
768,12.812800,40,0.541849,618.045,205.411,1
768,12.812800,42,0.443782,601.616,267.342,1
769,12.829483,34,0.217121,666.403,428.541,1
769,12.829483,38,0.182232,575.183,470.148,1
769,12.829483,39,0.655961,545.660,254.300,1
769,12.829483,40,0.729256,619.276,205.390,1
769,12.829483,42,0.463201,600.373,260.408,1
770,12.846167,34,0.217121,667.216,438.421,0
770,12.846167,38,0.342725,576.980,449.749,1
770,12.846167,39,0.381125,543.802,262.512,1
770,12.846167,40,0.564782,621.020,205.828,1
770,12.846167,42,0.632170,599.251,253.937,1
771,12.862850,34,0.217121,668.029,448.301,0
771,12.862850,38,0.699030,578.690,429.693,1
771,12.862850,39,0.742432,542.104,271.324,1
771,12.862850,40,0.613239,622.403,206.752,1
771,12.862850,42,0.595259,597.719,247.932,1
772,12.879533,34,0.207313,663.236,454.055,1
772,12.879533,38,0.699030,581.360,418.086,0
772,12.879533,39,0.627460,540.513,280.704,1
772,12.879533,40,0.625431,623.684,208.415,1
772,12.879533,42,0.595259,596.355,240.312,0
773,12.896217,34,0.207313,662.562,462.841,0
773,12.896217,38,0.699030,584.030,406.479,0
773,12.896217,39,0.513490,538.782,290.460,1
773,12.896217,40,0.479009,625.277,210.238,1
773,12.896217,42,0.558346,595.044,235.789,1
774,12.912900,34,0.207313,661.887,471.626,0
774,12.912900,38,0.699030,586.700,394.871,0
774,12.912900,39,0.469353,537.263,300.604,1
774,12.912900,40,0.729813,626.741,212.984,1
774,12.912900,42,0.590240,593.721,231.699,1
775,12.929583,34,0.207313,661.213,480.411,0
775,12.929583,38,0.699030,589.371,383.264,0
775,12.929583,39,0.341933,535.358,311.595,1
775,12.929583,40,0.608393,628.280,216.041,1
775,12.929583,42,0.610674,592.172,228.131,1
776,12.946267,34,0.207313,660.538,489.196,0
776,12.946267,38,0.386474,588.995,361.795,1
776,12.946267,39,0.720146,533.386,322.790,1
776,12.946267,40,0.695254,629.923,219.559,1
776,12.946267,42,0.652939,590.940,224.912,1
777,12.962950,38,0.545056,589.437,344.374,1
777,12.962950,39,0.736661,531.851,334.897,1
777,12.962950,40,0.760330,631.197,223.746,1
777,12.962950,42,0.746621,589.686,222.415,1
778,12.979633,38,0.545056,590.922,329.302,0
778,12.979633,39,0.789499,530.194,347.412,1
778,12.979633,40,0.715100,632.681,228.559,1
778,12.979633,42,0.586269,588.200,220.220,1
779,12.996317,38,0.427182,591.983,315.366,1
779,12.996317,39,0.674627,528.641,360.861,1
779,12.996317,40,0.691611,634.522,233.698,1
779,12.996317,42,0.618654,586.831,218.533,1
780,13.013000,38,0.705500,593.452,303.117,1
780,13.013000,39,0.741168,526.899,374.629,1
780,13.013000,40,0.628427,636.204,239.532,1
780,13.013000,42,0.697604,585.696,217.268,1
781,13.029683,38,0.543257,595.055,292.780,1
781,13.029683,39,0.652761,525.004,388.697,1
781,13.029683,40,0.378062,637.786,246.075,1
781,13.029683,42,0.637110,584.443,216.702,1
782,13.046367,38,0.721935,596.483,283.545,1
782,13.046367,39,0.750199,523.040,403.939,1
782,13.046367,40,0.700579,639.491,252.935,1
782,13.046367,42,0.653359,582.829,216.534,1
783,13.063050,38,0.672747,597.957,275.317,1
783,13.063050,39,0.155487,521.319,417.360,1
783,13.063050,40,0.656049,640.812,260.053,1
783,13.063050,42,0.564224,581.479,216.755,1
784,13.079733,38,0.704590,599.302,267.921,1
784,13.079733,39,0.155487,519.541,430.749,0
784,13.079733,40,0.615974,642.551,268.171,1
784,13.079733,42,0.674865,580.203,217.631,1
785,13.096417,38,0.639277,600.529,261.349,1
785,13.096417,39,0.595052,519.553,439.457,1
785,13.096417,40,0.677434,644.109,276.940,1
785,13.096417,42,0.686054,578.688,219.017,1
786,13.113100,38,0.726907,602.366,255.182,1
786,13.113100,39,0.235758,520.911,448.653,1
786,13.113100,40,0.754168,645.575,286.308,1
786,13.113100,42,0.700191,577.408,220.770,1
787,13.129783,38,0.583991,604.141,249.684,1
787,13.129783,39,0.229117,523.838,457.305,1
787,13.129783,40,0.628402,647.166,296.388,1
787,13.129783,42,0.639594,575.952,223.089,1
788,13.146467,38,0.630543,605.632,244.386,1
788,13.146467,39,0.229117,524.177,467.949,0
788,13.146467,40,0.611912,648.617,306.767,1
788,13.146467,42,0.648328,574.625,225.761,1
788,13.146467,43,0.634535,616.448,368.082,1
789,13.163150,38,0.517038,607.260,239.565,1
789,13.163150,39,0.229117,524.515,478.593,0
789,13.163150,40,0.841120,650.025,317.509,1
789,13.163150,42,0.786878,573.284,229.791,1
789,13.163150,43,0.573688,615.872,357.190,1
790,13.179833,38,0.793156,608.837,234.994,1
790,13.179833,39,0.229117,524.853,489.237,0
790,13.179833,40,0.711742,651.533,329.197,1
790,13.179833,42,0.641496,571.935,233.852,1
790,13.179833,43,0.155115,614.385,344.772,1
791,13.196517,38,0.804653,610.301,231.379,1
791,13.196517,39,0.229117,525.192,499.881,0
791,13.196517,40,0.818557,652.994,341.378,1
791,13.196517,42,0.737492,570.496,238.525,1
791,13.196517,43,0.260284,612.370,332.077,1
792,13.213200,38,0.682905,612.197,228.077,1
792,13.213200,39,0.229117,525.530,510.524,0
792,13.213200,40,0.786927,654.347,354.223,1
792,13.213200,42,0.688522,568.635,243.670,1
792,13.213200,43,0.438962,610.202,320.345,1
793,13.229883,38,0.772116,613.701,224.981,1
793,13.229883,40,0.470048,655.884,368.042,1
793,13.229883,42,0.694010,567.055,249.832,1
793,13.229883,43,0.804923,608.418,308.883,1
794,13.246567,38,0.682442,615.430,222.775,1
794,13.246567,40,0.805519,657.525,381.383,1
794,13.246567,42,0.659226,565.287,255.978,1
794,13.246567,43,0.728701,606.645,298.699,1
795,13.263250,38,0.726116,616.992,220.948,1
795,13.263250,40,0.420847,659.305,393.771,1
795,13.263250,42,0.558792,563.875,262.845,1
795,13.263250,43,0.413470,605.050,289.241,1
796,13.279933,38,0.802543,618.393,219.606,1
796,13.279933,40,0.178052,661.241,405.159,1
796,13.279933,42,0.753288,562.583,270.288,1
796,13.279933,43,0.578647,603.420,280.677,1
797,13.296617,38,0.740620,620.017,218.553,1
797,13.296617,40,0.178052,662.923,417.214,0
797,13.296617,42,0.693686,561.168,278.061,1
797,13.296617,43,0.588366,601.726,272.919,1
798,13.313300,38,0.497989,621.768,218.177,1
798,13.313300,40,0.178052,664.604,429.269,0
798,13.313300,42,0.622441,559.824,286.470,1
798,13.313300,43,0.546958,600.074,265.834,1
799,13.329983,38,0.733443,623.179,218.357,1
799,13.329983,40,0.249001,662.406,436.552,1
799,13.329983,42,0.767720,558.321,295.573,1
799,13.329983,43,0.767579,598.547,259.148,1
800,13.346667,38,0.728464,624.908,219.036,1
800,13.346667,40,0.249001,663.057,447.341,0
800,13.346667,42,0.751768,556.896,305.315,1
800,13.346667,43,0.581388,596.925,253.285,1
801,13.363350,38,0.782981,626.467,220.557,1
801,13.363350,40,0.249001,663.709,458.130,0
801,13.363350,42,0.821854,555.618,315.902,1
801,13.363350,43,0.783779,595.242,248.181,1
802,13.380033,38,0.405551,628.171,222.236,1
802,13.380033,40,0.249001,664.361,468.918,0
802,13.380033,42,0.254070,554.172,327.022,1
802,13.380033,43,0.292097,593.675,243.896,1
802,13.380033,44,0.255277,582.784,384.947,1
803,13.396717,38,0.638445,629.857,224.927,1
803,13.396717,40,0.177124,656.604,472.753,1
803,13.396717,42,0.714177,552.324,338.718,1
803,13.396717,43,0.632062,591.931,239.806,1
803,13.396717,44,0.372859,585.079,368.344,1
804,13.413400,38,0.533994,631.227,228.120,1
804,13.413400,40,0.175251,650.479,476.911,1
804,13.413400,42,0.734330,550.845,350.837,1
804,13.413400,43,0.602341,590.529,236.108,1
804,13.413400,44,0.372859,586.686,356.632,0
805,13.430083,38,0.429599,632.726,231.793,1
805,13.430083,40,0.175251,647.693,484.585,0
805,13.430083,42,0.604248,549.104,363.411,1
805,13.430083,43,0.672969,588.953,233.082,1
805,13.430083,44,0.283125,589.167,342.650,1
806,13.446767,38,0.628127,634.494,235.897,1
806,13.446767,40,0.234650,641.940,486.128,1
806,13.446767,42,0.754740,547.332,376.303,1
806,13.446767,43,0.451206,587.186,230.750,1
806,13.446767,44,0.165092,591.383,328.736,1
807,13.463450,38,0.163232,635.961,240.263,1
807,13.463450,40,0.381478,637.461,485.585,1
807,13.463450,42,0.744135,545.967,388.624,1
807,13.463450,43,0.470760,585.791,228.452,1
807,13.463450,44,0.224760,593.375,316.368,1
808,13.480133,38,0.595197,638.002,245.038,1
808,13.480133,40,0.231139,633.477,482.202,1
808,13.480133,42,0.470253,544.290,399.804,1
808,13.480133,43,0.179094,584.406,227.514,1
808,13.480133,44,0.673078,595.232,305.022,1
809,13.496817,38,0.575223,639.511,250.876,1
809,13.496817,40,0.192983,630.386,475.445,1
809,13.496817,42,0.504139,543.163,410.072,1
809,13.496817,43,0.255432,582.606,227.073,1
809,13.496817,44,0.406970,596.754,295.348,1
810,13.513500,38,0.656732,641.139,257.248,1
810,13.513500,40,0.192983,626.731,475.312,0
810,13.513500,42,0.528879,542.557,419.510,1
810,13.513500,43,0.598056,580.952,226.692,1
810,13.513500,44,0.681024,598.329,286.312,1
811,13.530183,38,0.783677,643.141,264.456,1
811,13.530183,40,0.192983,623.075,475.179,0
811,13.530183,42,0.507997,542.714,428.367,1
811,13.530183,43,0.695375,579.127,226.900,1
811,13.530183,44,0.677400,599.840,278.016,1
812,13.546867,38,0.717462,644.635,272.222,1
812,13.546867,40,0.192983,619.420,475.045,0
812,13.546867,42,0.507997,541.846,438.632,0
812,13.546867,43,0.635617,577.460,227.555,1
812,13.546867,44,0.246500,601.838,270.687,1
813,13.563550,38,0.615161,646.319,280.343,1
813,13.563550,40,0.192983,615.765,474.912,0
813,13.563550,42,0.208380,543.630,446.096,1
813,13.563550,43,0.680237,575.607,228.606,1
813,13.563550,44,0.627499,603.892,263.597,1
814,13.580233,38,0.406994,648.075,288.910,1
814,13.580233,40,0.192983,612.110,474.778,0
814,13.580233,42,0.395021,545.486,453.622,1
814,13.580233,43,0.670639,573.848,230.243,1
814,13.580233,44,0.576351,605.360,257.232,1
815,13.596917,38,0.658674,649.762,298.238,1
815,13.596917,42,0.217355,547.898,461.690,1
815,13.596917,43,0.664687,572.264,232.451,1
815,13.596917,44,0.379551,606.894,251.535,1
816,13.613600,38,0.608454,651.187,307.608,1
816,13.613600,42,0.217355,548.811,470.436,0
816,13.613600,43,0.446784,570.238,235.477,1
816,13.613600,44,0.609150,608.753,246.429,1
816,13.613600,45,0.207918,617.050,379.005,1
817,13.630283,38,0.734116,652.973,317.872,1
817,13.630283,42,0.217355,549.724,479.183,0
817,13.630283,43,0.749882,568.555,238.877,1
817,13.630283,44,0.769238,610.253,241.999,1
817,13.630283,45,0.713981,615.830,365.135,1
818,13.646967,38,0.723596,654.310,329.029,1
818,13.646967,42,0.367869,553.992,484.199,1
818,13.646967,43,0.696437,566.913,242.714,1
818,13.646967,44,0.611935,612.006,237.644,1
818,13.646967,45,0.401470,614.354,351.297,1
819,13.663650,38,0.712036,655.767,339.943,1
819,13.663650,42,0.468534,558.332,487.840,1
819,13.663650,43,0.507125,564.979,246.976,1
819,13.663650,44,0.570617,613.498,234.028,1
819,13.663650,45,0.219517,612.587,337.828,1
820,13.680333,38,0.788097,657.347,351.790,1
820,13.680333,42,0.548813,562.846,489.426,1
820,13.680333,43,0.598768,563.316,252.112,1
820,13.680333,44,0.639834,615.044,231.021,1
820,13.680333,45,0.219517,611.189,326.040,0
821,13.697017,38,0.753277,658.753,364.518,1
821,13.697017,42,0.548813,565.864,494.742,0
821,13.697017,43,0.619472,561.785,257.784,1
821,13.697017,44,0.744868,616.852,228.740,1
821,13.697017,45,0.209481,609.316,313.570,1
822,13.713700,38,0.717998,660.254,377.834,1
822,13.713700,42,0.164337,570.183,487.871,1
822,13.713700,43,0.604692,560.154,263.945,1
822,13.713700,44,0.294216,618.319,226.757,1
822,13.713700,45,0.209481,607.788,301.596,0
823,13.730383,38,0.703057,662.291,391.045,1
823,13.730383,42,0.220155,574.278,478.394,1
823,13.730383,43,0.584646,558.682,270.409,1
823,13.730383,44,0.675405,619.836,225.050,1
823,13.730383,45,0.487122,605.726,292.096,1
824,13.747067,38,0.663844,663.848,403.796,1
824,13.747067,42,0.275566,578.853,465.960,1
824,13.747067,43,0.706289,556.918,276.991,1
824,13.747067,44,0.694884,621.533,223.942,1
824,13.747067,45,0.507379,603.850,283.294,1
825,13.763750,38,0.437480,664.688,415.398,1
825,13.763750,42,0.275566,582.680,461.937,0
825,13.763750,43,0.442628,555.295,284.639,1
825,13.763750,44,0.509627,622.846,223.645,1
825,13.763750,45,0.310371,601.999,275.180,1
826,13.780433,38,0.437480,666.106,427.447,0
826,13.780433,42,0.597494,585.412,443.322,1
826,13.780433,43,0.380228,553.694,293.001,1
826,13.780433,44,0.355783,624.705,223.711,1
826,13.780433,45,0.212189,600.123,268.008,1
827,13.797117,38,0.437480,667.524,439.497,0
827,13.797117,42,0.272404,587.188,424.187,1
827,13.797117,43,0.590183,552.399,302.073,1
827,13.797117,44,0.479607,626.420,224.274,1
827,13.797117,45,0.569203,598.181,261.055,1
828,13.813800,38,0.437480,668.941,451.547,0
828,13.813800,42,0.272404,590.257,413.308,0
828,13.813800,43,0.189737,551.042,311.400,1
828,13.813800,44,0.402576,627.848,225.450,1
828,13.813800,45,0.451366,596.357,254.410,1
829,13.830483,38,0.510866,664.340,458.267,1
829,13.830483,42,0.151623,592.204,393.983,1
829,13.830483,43,0.664265,549.492,321.662,1
829,13.830483,44,0.540927,629.438,226.942,1
829,13.830483,45,0.740747,594.812,248.662,1
830,13.847167,38,0.510866,664.161,468.902,0
830,13.847167,42,0.346535,593.818,375.667,1
830,13.847167,43,0.569697,547.681,332.210,1
830,13.847167,44,0.606723,630.688,229.076,1
830,13.847167,45,0.620751,593.338,243.590,1
831,13.863850,38,0.510866,663.981,479.537,0
831,13.863850,42,0.271502,595.231,360.336,1
831,13.863850,43,0.368198,546.102,342.983,1
831,13.863850,44,0.648072,631.953,231.837,1
831,13.863850,45,0.588249,591.525,238.945,1
832,13.880533,38,0.425489,656.636,482.025,1
832,13.880533,42,0.271502,597.416,345.616,0
832,13.880533,43,0.700690,544.311,354.956,1
832,13.880533,44,0.734163,633.272,235.444,1
832,13.880533,45,0.808074,589.940,234.820,1
833,13.897217,38,0.425489,654.555,490.498,0
833,13.897217,42,0.271502,599.602,330.896,0
833,13.897217,43,0.364603,542.567,367.220,1
833,13.897217,44,0.542767,635.210,239.167,1
833,13.897217,45,0.329157,587.975,230.920,1
834,13.913900,38,0.425489,652.473,498.971,0
834,13.913900,42,0.257128,600.867,320.065,1
834,13.913900,43,0.660041,541.046,380.811,1
834,13.913900,44,0.610156,636.926,243.489,1
834,13.913900,45,0.479590,586.379,227.885,1
835,13.930583,38,0.319827,644.843,492.412,1
835,13.930583,42,0.490933,602.367,310.109,1
835,13.930583,43,0.754253,539.154,394.401,1
835,13.930583,44,0.689624,638.796,248.358,1
835,13.930583,45,0.770680,584.824,225.500,1
836,13.947267,38,0.335457,638.454,482.897,1
836,13.947267,42,0.666325,604.080,300.740,1
836,13.947267,43,0.677385,537.401,407.617,1
836,13.947267,44,0.670067,640.097,253.547,1
836,13.947267,45,0.658904,583.217,223.427,1
837,13.963950,38,0.335457,634.147,483.666,0
837,13.963950,42,0.559813,605.700,292.324,1
837,13.963950,43,0.506535,535.492,419.577,1
837,13.963950,44,0.669452,641.969,259.336,1
837,13.963950,45,0.179715,581.581,221.751,1
838,13.980633,38,0.335457,629.841,484.434,0
838,13.980633,42,0.225285,607.172,284.258,1
838,13.980633,43,0.506535,533.726,431.824,0
838,13.980633,44,0.504776,643.762,266.065,1
838,13.980633,45,0.151986,579.949,220.876,1
839,13.997317,42,0.638117,609.006,276.389,1
839,13.997317,43,0.152833,531.430,440.488,1
839,13.997317,44,0.669123,645.263,273.243,1
839,13.997317,45,0.714873,577.944,220.608,1
840,14.014000,42,0.485189,610.662,269.826,1
840,14.014000,43,0.184593,530.565,447.514,1
840,14.014000,44,0.432510,646.994,280.951,1
840,14.014000,45,0.343164,576.081,220.807,1
841,14.030683,42,0.516270,612.503,263.290,1
841,14.030683,43,0.184593,528.935,457.677,0
841,14.030683,44,0.467240,648.743,289.274,1
841,14.030683,45,0.337984,574.323,221.280,1
842,14.047367,42,0.516270,614.242,255.122,0
842,14.047367,43,0.184593,527.306,467.840,0
842,14.047367,44,0.439629,650.359,298.174,1
842,14.047367,45,0.545842,572.676,222.293,1
843,14.064050,42,0.516270,615.980,246.955,0
843,14.064050,43,0.184593,525.676,478.002,0
843,14.064050,44,0.518910,652.064,307.279,1
843,14.064050,45,0.421816,570.849,224.020,1
844,14.080733,42,0.155951,617.876,243.453,1
844,14.080733,43,0.184593,524.046,488.165,0
844,14.080733,44,0.661249,653.660,317.263,1
844,14.080733,45,0.615283,569.148,226.394,1
845,14.097417,42,0.714485,619.727,239.994,1
845,14.097417,43,0.331574,533.404,487.867,1
845,14.097417,44,0.760964,655.274,327.982,1
845,14.097417,45,0.750234,567.363,229.473,1
845,14.097417,46,0.554276,619.604,358.334,1
846,14.114100,42,0.499069,621.665,237.136,1
846,14.114100,43,0.331574,534.690,495.254,0
846,14.114100,44,0.708981,657.042,338.764,1
846,14.114100,45,0.368119,565.265,232.714,1
846,14.114100,46,0.519987,617.968,343.313,1
847,14.130783,42,0.580406,623.394,234.400,1
847,14.130783,43,0.331574,535.977,502.641,0
847,14.130783,44,0.683776,658.478,351.069,1
847,14.130783,45,0.463816,563.526,236.522,1
847,14.130783,46,0.323978,616.313,331.203,1
848,14.147467,42,0.615462,625.212,231.942,1
848,14.147467,44,0.699083,660.264,363.099,1
848,14.147467,45,0.470083,561.708,240.774,1
848,14.147467,46,0.323978,614.703,317.661,0
849,14.164150,42,0.259246,626.929,229.828,1
849,14.164150,44,0.790814,661.870,375.838,1
849,14.164150,45,0.393057,560.015,245.565,1
849,14.164150,46,0.337004,612.883,306.931,1
850,14.180833,42,0.532208,628.601,228.227,1
850,14.180833,44,0.802205,663.379,388.773,1
850,14.180833,45,0.607688,558.277,251.145,1
850,14.180833,46,0.353227,611.143,297.469,1
851,14.197517,42,0.532208,630.356,225.244,0
851,14.197517,44,0.802205,664.988,400.463,0
851,14.197517,45,0.315663,556.414,257.015,1
851,14.197517,46,0.245769,609.511,288.622,1
852,14.214200,42,0.205681,631.781,225.551,1
852,14.214200,44,0.241071,665.604,411.590,1
852,14.214200,45,0.318619,554.869,263.605,1
852,14.214200,46,0.258538,608.370,280.477,1
853,14.230883,42,0.205681,633.448,223.441,0
853,14.230883,44,0.232103,665.278,421.062,1
853,14.230883,45,0.191477,553.306,270.888,1
853,14.230883,46,0.236055,606.641,273.487,1
854,14.247567,42,0.150699,635.288,224.991,1
854,14.247567,44,0.167221,664.620,429.383,1
854,14.247567,45,0.415497,551.456,278.763,1
854,14.247567,46,0.224250,605.088,266.868,1
854,14.247567,47,0.404491,581.510,436.943,1
855,14.264250,42,0.342169,637.135,226.579,1
855,14.264250,44,0.167221,665.108,439.666,0
855,14.264250,45,0.156884,549.849,286.802,1
855,14.264250,46,0.224250,603.512,258.181,0
855,14.264250,47,0.170416,583.711,420.213,1
856,14.280933,42,0.178023,639.094,228.541,1
856,14.280933,44,0.167221,665.596,449.949,0
856,14.280933,45,0.511316,547.868,295.579,1
856,14.280933,46,0.475773,601.948,253.132,1
856,14.280933,47,0.170416,585.719,408.947,0
857,14.297617,42,0.426824,640.699,230.954,1
857,14.297617,44,0.167221,666.084,460.232,0
857,14.297617,45,0.736390,546.243,304.887,1
857,14.297617,46,0.498122,600.346,248.720,1
857,14.297617,47,0.226938,586.455,391.262,1
858,14.314300,42,0.667015,642.668,233.608,1
858,14.314300,44,0.167221,666.572,470.515,0
858,14.314300,45,0.636571,544.510,314.950,1
858,14.314300,46,0.641414,598.918,244.192,1
858,14.314300,47,0.226938,588.070,378.014,0
859,14.330983,42,0.556611,644.582,236.726,1
859,14.330983,44,0.167221,667.060,480.798,0
859,14.330983,45,0.569718,542.684,325.479,1
859,14.330983,46,0.364768,597.409,240.438,1
859,14.330983,47,0.516499,589.918,362.626,1
860,14.347667,42,0.321623,646.392,240.059,1
860,14.347667,45,0.602743,540.942,336.503,1
860,14.347667,46,0.654854,595.829,236.991,1
860,14.347667,47,0.516499,591.599,348.764,0
861,14.364350,42,0.568172,648.163,244.330,1
861,14.364350,45,0.803019,539.191,348.303,1
861,14.364350,46,0.633547,594.504,234.289,1
861,14.364350,47,0.516499,593.281,334.902,0
862,14.381033,42,0.471409,649.898,249.222,1
862,14.381033,45,0.728389,537.499,360.973,1
862,14.381033,46,0.583692,592.612,231.747,1
862,14.381033,47,0.516499,594.963,321.041,0
863,14.397717,42,0.346430,651.747,254.181,1
863,14.397717,45,0.529035,535.605,373.614,1
863,14.397717,46,0.334698,590.901,229.817,1
863,14.397717,47,0.516499,596.644,307.179,0
864,14.414400,42,0.631991,653.434,259.694,1
864,14.414400,45,0.789362,533.746,386.668,1
864,14.414400,46,0.536269,589.459,228.150,1
865,14.431083,42,0.434926,655.187,265.939,1
865,14.431083,45,0.445486,531.916,400.450,1
865,14.431083,46,0.426753,587.854,226.983,1
866,14.447767,42,0.689467,657.333,272.528,1
866,14.447767,45,0.361918,530.267,413.119,1
866,14.447767,46,0.449668,586.481,226.488,1
867,14.464450,42,0.395002,659.004,279.767,1
867,14.464450,45,0.734277,528.594,423.964,1
867,14.464450,46,0.459824,584.970,226.864,1
868,14.481133,42,0.427036,660.620,287.361,1
868,14.481133,45,0.782816,527.881,433.863,1
868,14.481133,46,0.462658,583.703,227.733,1
868,14.481133,48,0.478182,624.386,419.368,1
869,14.497817,42,0.502250,662.171,295.686,1
869,14.497817,45,0.782816,526.413,445.292,0
869,14.497817,46,0.214199,582.368,228.629,1
869,14.497817,49,0.219384,604.319,269.782,1
869,14.497817,48,0.478182,623.979,415.850,0
870,14.514500,42,0.612728,663.900,304.849,1
870,14.514500,45,0.782816,524.945,456.721,0
870,14.514500,46,0.710117,580.355,230.222,1
870,14.514500,49,0.247634,606.059,260.717,1
870,14.514500,48,0.179951,622.947,396.558,1
871,14.531183,42,0.180916,665.326,314.369,1
871,14.531183,45,0.782816,523.477,468.151,0
871,14.531183,46,0.513045,578.794,232.357,1
871,14.531183,49,0.247634,607.314,254.168,0
871,14.531183,48,0.220514,621.541,377.587,1
872,14.547867,42,0.194683,667.353,324.416,1
872,14.547867,45,0.782816,522.009,479.580,0
872,14.547867,46,0.513045,577.219,233.069,0
872,14.547867,49,0.247634,608.570,247.618,0
872,14.547867,48,0.220514,620.652,365.182,0
873,14.564550,42,0.194683,669.094,332.948,0
873,14.564550,45,0.782816,520.541,491.009,0
873,14.564550,46,0.349942,575.135,237.075,1
873,14.564550,49,0.343612,610.166,241.405,1
873,14.564550,48,0.220514,619.762,352.778,0
874,14.581233,42,0.194683,670.834,341.480,0
874,14.581233,46,0.250441,573.409,241.322,1
874,14.581233,49,0.341629,611.672,236.033,1
874,14.581233,48,0.220514,618.873,340.374,0
875,14.597917,42,0.579109,672.759,354.258,1
875,14.597917,46,0.423823,571.773,246.212,1
875,14.597917,49,0.630745,613.299,231.648,1
875,14.597917,48,0.334396,616.436,324.487,1
876,14.614600,42,0.363663,674.778,368.238,1
876,14.614600,46,0.594050,569.817,251.304,1
876,14.614600,49,0.672696,614.572,227.853,1
876,14.614600,48,0.390879,614.274,310.311,1
877,14.631283,42,0.793283,676.730,382.322,1
877,14.631283,46,0.404392,567.850,257.038,1
877,14.631283,49,0.705797,616.163,224.526,1
877,14.631283,48,0.606682,612.691,298.401,1
878,14.647967,42,0.572551,678.977,392.788,1
878,14.647967,46,0.404392,566.032,261.161,0
878,14.647967,49,0.249272,617.695,222.129,1
878,14.647967,48,0.159165,611.283,287.756,1
879,14.664650,42,0.538793,680.616,401.446,1
879,14.664650,46,0.628044,564.418,268.526,1
879,14.664650,49,0.568964,618.763,220.211,1
879,14.664650,48,0.423482,609.963,277.939,1
880,14.681333,42,0.738108,682.007,409.602,1
880,14.681333,46,0.386920,563.144,276.422,1
880,14.681333,49,0.459946,619.928,218.865,1
880,14.681333,48,0.206712,608.663,269.518,1
881,14.698017,42,0.734969,682.388,416.530,1
881,14.698017,46,0.482373,561.669,284.632,1
881,14.698017,49,0.647892,621.291,218.300,1
881,14.698017,48,0.407758,607.391,261.869,1
882,14.714700,42,0.741491,681.927,424.120,1
882,14.714700,46,0.685346,560.029,293.303,1
882,14.714700,49,0.641424,622.460,218.040,1
882,14.714700,48,0.527248,606.254,254.631,1
883,14.731383,42,0.661334,680.211,432.298,1
883,14.731383,46,0.684413,558.516,302.623,1
883,14.731383,49,0.545040,623.436,218.389,1
883,14.731383,48,0.625514,604.943,248.208,1
884,14.748067,42,0.578057,677.413,440.508,1
884,14.748067,46,0.168988,556.981,311.634,1
884,14.748067,49,0.155076,624.773,218.943,1
884,14.748067,48,0.359689,603.890,242.211,1
884,14.748067,50,0.196099,582.568,401.613,1
885,14.764750,42,0.592157,673.724,449.452,1
885,14.764750,46,0.349305,555.522,321.810,1
885,14.764750,49,0.410295,626.312,220.267,1
885,14.764750,48,0.670608,602.753,236.682,1
885,14.764750,50,0.196099,583.112,398.053,0
886,14.781433,42,0.474305,668.927,458.112,1
886,14.781433,46,0.611253,553.926,332.721,1
886,14.781433,49,0.563564,627.548,222.524,1
886,14.781433,48,0.736738,601.612,231.930,1
886,14.781433,50,0.217047,584.660,379.343,1
887,14.798117,42,0.423809,663.255,466.261,1
887,14.798117,46,0.738769,552.096,344.141,1
887,14.798117,49,0.561561,628.851,225.239,1
887,14.798117,48,0.765082,600.092,227.636,1
887,14.798117,50,0.429455,586.654,360.615,1
888,14.814800,42,0.489843,657.200,474.238,1
888,14.814800,46,0.719347,550.618,356.336,1
888,14.814800,49,0.825924,630.425,228.316,1
888,14.814800,48,0.773942,598.781,223.636,1
888,14.814800,50,0.429455,587.921,348.410,0
889,14.831483,42,0.489843,653.239,482.599,0
889,14.831483,46,0.578011,548.717,369.143,1
889,14.831483,49,0.739197,631.458,232.009,1
889,14.831483,48,0.638662,597.782,220.193,1
889,14.831483,50,0.429455,589.188,336.205,0
890,14.848167,42,0.183775,646.803,486.549,1
890,14.848167,46,0.704699,547.027,381.473,1
890,14.848167,49,0.194524,632.518,236.074,1
890,14.848167,48,0.325604,596.419,217.261,1
890,14.848167,50,0.429455,590.455,324.000,0
891,14.864850,42,0.183775,642.186,493.740,0
891,14.864850,46,0.177832,544.914,392.458,1
891,14.864850,49,0.579944,634.047,240.301,1
891,14.864850,48,0.398054,595.131,214.458,1
891,14.864850,50,0.514739,594.420,307.989,1
892,14.881533,42,0.183775,637.568,500.931,0
892,14.881533,46,0.201116,543.214,402.716,1
892,14.881533,49,0.277066,635.301,245.170,1
892,14.881533,48,0.271224,594.259,212.696,1
892,14.881533,50,0.238016,597.629,294.500,1
893,14.898217,42,0.160856,631.986,488.979,1
893,14.898217,46,0.229824,541.860,411.035,1
893,14.898217,49,0.288142,636.933,250.663,1
893,14.898217,48,0.274532,593.078,211.440,1
893,14.898217,50,0.626851,600.263,282.673,1
894,14.914900,42,0.172297,627.270,475.324,1
894,14.914900,46,0.188951,540.867,418.631,1
894,14.914900,49,0.571586,638.536,256.883,1
894,14.914900,48,0.528009,591.688,210.353,1
894,14.914900,50,0.637106,602.722,272.113,1
895,14.931583,42,0.172297,622.438,473.251,0
895,14.931583,46,0.285841,540.701,425.561,1
895,14.931583,49,0.665989,639.840,263.976,1
895,14.931583,48,0.542621,590.584,209.924,1
895,14.931583,50,0.651004,604.841,262.849,1
896,14.948267,42,0.632267,620.626,452.191,1
896,14.948267,46,0.432438,540.616,432.658,1
896,14.948267,49,0.703791,641.406,271.670,1
896,14.948267,48,0.642401,589.398,209.957,1
896,14.948267,50,0.632774,606.756,254.235,1
897,14.964950,42,0.470843,619.158,431.139,1
897,14.964950,46,0.432438,539.761,441.063,0
897,14.964950,49,0.558487,643.055,279.834,1
897,14.964950,48,0.494488,588.126,210.752,1
897,14.964950,50,0.624680,608.692,246.921,1
898,14.981633,42,0.272932,618.448,410.527,1
898,14.981633,46,0.266069,542.232,446.037,1
898,14.981633,49,0.486377,644.604,288.477,1
898,14.981633,48,0.507990,586.998,212.126,1
898,14.981633,50,0.634886,610.331,240.137,1
899,14.998317,42,0.272932,615.798,397.114,0
899,14.998317,46,0.266069,542.260,453.532,0
899,14.998317,49,0.653539,645.975,297.999,1
899,14.998317,48,0.386187,586.094,213.757,1
899,14.998317,50,0.615393,611.996,233.860,1
