frame,time_seconds,track_id,confidence,center_x,center_y,observed
2,0.033367,2,0.243781,553.083,346.663,1
2,0.033367,4,0.433725,612.136,441.110,1
2,0.033367,3,0.291227,713.830,392.213,1
2,0.033367,1,0.114695,94.600,669.103,1
3,0.050050,2,0.467954,552.699,368.332,1
3,0.050050,4,0.303718,640.075,442.307,1
3,0.050050,3,0.296935,712.836,368.268,1
3,0.050050,1,0.113305,94.598,669.103,1
4,0.066733,2,0.178689,552.472,395.043,1
4,0.066733,4,0.102655,672.733,445.079,1
4,0.066733,3,0.133509,711.796,341.762,1
4,0.066733,1,0.100817,94.596,669.103,1
5,0.083417,2,0.189342,552.228,424.318,1
5,0.083417,4,0.087914,706.138,450.115,1
5,0.083417,3,0.165926,711.020,315.799,1
5,0.083417,1,0.087016,94.597,669.102,1
6,0.100100,2,0.401331,551.953,455.168,1
6,0.100100,4,0.208788,739.242,456.424,1
6,0.100100,3,0.319709,710.667,291.544,1
6,0.100100,1,0.083797,94.597,669.107,1
7,0.116783,2,0.435688,551.842,486.874,1
7,0.116783,4,0.208788,766.327,459.930,0
7,0.116783,3,0.540852,710.467,269.870,1
7,0.116783,1,0.099608,94.598,669.112,1
8,0.133467,2,0.103755,551.305,520.225,1
8,0.133467,4,0.208788,793.411,463.435,0
8,0.133467,3,0.374482,710.387,250.609,1
8,0.133467,1,0.096422,94.598,669.116,1
9,0.150150,2,0.133272,550.381,549.482,1
9,0.150150,4,0.085340,810.323,475.588,1
9,0.150150,3,0.417347,710.324,233.747,1
9,0.150150,1,0.100452,94.598,669.116,1
10,0.166833,2,0.312164,549.500,575.214,1
10,0.166833,4,0.160903,826.900,487.052,1
10,0.166833,3,0.597475,710.268,219.325,1
10,0.166833,1,0.101264,94.599,669.114,1
11,0.183517,2,0.566768,549.079,598.596,1
11,0.183517,4,0.261329,843.020,497.949,1
11,0.183517,3,0.509165,710.072,207.272,1
11,0.183517,1,0.095249,94.604,669.109,1
12,0.200200,2,0.313866,549.914,618.546,1
12,0.200200,4,0.154248,857.836,509.096,1
12,0.200200,3,0.406248,709.962,197.504,1
12,0.200200,1,0.084924,94.603,669.099,1
13,0.216883,2,0.076865,551.581,634.764,1
13,0.216883,4,0.154248,876.927,518.144,0
13,0.216883,3,0.279758,709.876,189.831,1
13,0.216883,1,0.079704,94.601,669.103,1
14,0.233567,2,0.108244,553.323,646.271,1
14,0.233567,4,0.154248,896.018,527.192,0
14,0.233567,3,0.418743,709.728,184.232,1
14,0.233567,1,0.079704,94.601,669.101,0
15,0.250250,2,0.339084,554.900,652.304,1
15,0.250250,4,0.077921,894.811,535.997,1
15,0.250250,3,0.248773,709.343,180.593,1
15,0.250250,1,0.083146,94.597,669.103,1
16,0.266933,2,0.265304,556.838,652.458,1
16,0.266933,4,0.077921,908.535,544.980,0
16,0.266933,3,0.291230,708.837,179.027,1
16,0.266933,1,0.088555,94.595,669.106,1
17,0.283617,2,0.344003,559.285,646.890,1
17,0.283617,4,0.077921,922.259,553.964,0
17,0.283617,3,0.319502,708.349,179.232,1
17,0.283617,1,0.088782,94.595,669.106,1
18,0.300300,2,0.197281,562.311,635.839,1
18,0.300300,4,0.077921,935.982,562.948,0
18,0.300300,3,0.383031,707.884,181.344,1
18,0.300300,1,0.088782,94.594,669.106,0
19,0.316983,2,0.186350,564.921,620.062,1
19,0.316983,4,0.077921,949.706,571.932,0
19,0.316983,3,0.436216,707.166,185.393,1
19,0.316983,1,0.083788,94.593,669.110,1
19,0.316983,5,0.133020,859.624,519.971,1
20,0.333667,2,0.094435,566.779,599.479,1
20,0.333667,3,0.595228,706.491,191.245,1
20,0.333667,1,0.076682,94.596,669.115,1
20,0.333667,5,0.186973,850.231,511.207,1
21,0.350350,2,0.311498,567.609,574.040,1
21,0.350350,3,0.366356,705.598,199.167,1
21,0.350350,1,0.078404,94.601,669.118,1
21,0.350350,5,0.175542,835.083,499.873,1
22,0.367033,2,0.075102,567.624,544.392,1
22,0.367033,3,0.351864,704.802,208.885,1
22,0.367033,1,0.078404,94.602,669.120,0
22,0.367033,5,0.213135,814.321,487.337,1
23,0.383717,2,0.089562,566.450,511.852,1
23,0.383717,3,0.340533,703.864,220.438,1
23,0.383717,1,0.078404,94.603,669.123,0
23,0.383717,5,0.136531,789.053,474.310,1
24,0.400400,2,0.089562,567.070,490.906,0
24,0.400400,3,0.422428,702.980,233.692,1
24,0.400400,1,0.078404,94.604,669.125,0
24,0.400400,5,0.136531,773.292,464.499,0
25,0.417083,2,0.338833,564.710,454.398,1
25,0.417083,3,0.628555,702.213,248.749,1
25,0.417083,1,0.078404,94.606,669.128,0
25,0.417083,5,0.094117,737.777,451.490,1
26,0.433767,2,0.317822,562.121,420.416,1
26,0.433767,3,0.394964,701.512,265.744,1
26,0.433767,1,0.075672,94.616,669.120,1
26,0.433767,5,0.179722,702.129,440.634,1
27,0.450450,2,0.196643,559.744,389.110,1
27,0.450450,3,0.290104,700.590,284.453,1
27,0.450450,1,0.079452,94.626,669.117,1
27,0.450450,5,0.207335,667.312,431.790,1
28,0.467133,2,0.119756,557.393,361.184,1
28,0.467133,3,0.167178,699.435,305.151,1
28,0.467133,1,0.084855,94.630,669.112,1
28,0.467133,5,0.151011,632.969,425.314,1
29,0.483817,2,0.131820,555.243,336.571,1
29,0.483817,3,0.156744,698.294,327.547,1
29,0.483817,1,0.079067,94.631,669.110,1
29,0.483817,5,0.157906,599.140,421.023,1
30,0.500500,2,0.131820,553.552,309.233,0
30,0.500500,3,0.103514,697.389,351.449,1
30,0.500500,1,0.085119,94.628,669.105,1
30,0.500500,5,0.201800,566.008,419.027,1
31,0.517183,2,0.208342,551.844,291.649,1
31,0.517183,3,0.163298,696.583,377.094,1
31,0.517183,1,0.089963,94.624,669.105,1
31,0.517183,5,0.416125,534.000,419.116,1
32,0.533867,2,0.436370,550.211,275.844,1
32,0.533867,3,0.163298,695.675,397.928,0
32,0.533867,1,0.093378,94.618,669.105,1
32,0.533867,5,0.219611,503.020,420.884,1
33,0.550550,2,0.339328,548.566,262.339,1
33,0.550550,3,0.273823,694.864,429.112,1
33,0.550550,1,0.082450,94.615,669.101,1
33,0.550550,5,0.428335,477.894,422.995,1
34,0.567233,2,0.469234,546.820,250.667,1
34,0.567233,3,0.127968,694.104,461.817,1
34,0.567233,1,0.100074,94.613,669.103,1
34,0.567233,5,0.127474,455.715,425.261,1
35,0.583917,2,0.412870,545.088,240.528,1
35,0.583917,3,0.154475,693.599,492.527,1
35,0.583917,1,0.084502,94.613,669.104,1
35,0.583917,5,0.344140,436.462,428.800,1
36,0.600600,2,0.191375,543.372,232.042,1
36,0.600600,3,0.255148,694.467,520.084,1
36,0.600600,1,0.084502,94.612,669.103,0
36,0.600600,5,0.144116,419.453,433.631,1
37,0.617283,2,0.225733,541.539,225.138,1
37,0.617283,3,0.088800,696.271,544.712,1
37,0.617283,1,0.082639,94.618,669.110,1
37,0.617283,5,0.144116,396.245,435.293,0
38,0.633967,2,0.476346,539.878,220.002,1
38,0.633967,3,0.289688,699.221,566.651,1
38,0.633967,1,0.084757,94.623,669.115,1
38,0.633967,5,0.355560,385.886,445.189,1
39,0.650650,2,0.516299,538.336,216.408,1
39,0.650650,3,0.396345,703.565,585.900,1
39,0.650650,1,0.081399,94.626,669.117,1
39,0.650650,5,0.214027,377.556,455.425,1
40,0.667333,2,0.514162,536.925,214.662,1
40,0.667333,3,0.488233,708.943,601.709,1
40,0.667333,1,0.084535,94.629,669.118,1
40,0.667333,5,0.437083,371.908,465.198,1
41,0.684017,2,0.644789,535.338,214.686,1
41,0.684017,3,0.577830,715.203,613.118,1
41,0.684017,1,0.093915,94.629,669.118,1
41,0.684017,5,0.401447,369.410,473.287,1
42,0.700700,2,0.569494,533.973,216.598,1
42,0.700700,3,0.504603,721.582,619.352,1
42,0.700700,1,0.093948,94.631,669.121,1
42,0.700700,5,0.367454,370.496,478.748,1
43,0.717383,2,0.590049,532.487,220.420,1
43,0.717383,3,0.613695,727.358,620.052,1
43,0.717383,1,0.100878,94.630,669.122,1
43,0.717383,5,0.478346,375.872,480.877,1
44,0.734067,2,0.260157,530.940,225.849,1
44,0.734067,3,0.511962,731.987,614.366,1
44,0.734067,1,0.099600,94.631,669.123,1
44,0.734067,5,0.250859,385.504,479.443,1
44,0.734067,6,0.081310,57.464,679.725,1
45,0.750750,2,0.364092,529.449,233.056,1
45,0.750750,3,0.592438,735.352,602.429,1
45,0.750750,1,0.094357,94.630,669.124,1
45,0.750750,5,0.230196,399.193,474.080,1
45,0.750750,6,0.079397,57.462,679.713,1
46,0.767433,2,0.426552,528.112,242.195,1
46,0.767433,3,0.411349,737.460,584.950,1
46,0.767433,1,0.091401,94.627,669.123,1
46,0.767433,5,0.241145,417.408,466.076,1
46,0.767433,6,0.079397,57.460,679.711,0
47,0.784117,2,0.509327,526.417,253.236,1
47,0.784117,3,0.328439,738.417,562.717,1
47,0.784117,1,0.091534,94.624,669.117,1
47,0.784117,5,0.141366,439.341,456.271,1
47,0.784117,6,0.079397,57.459,679.708,0
48,0.800800,2,0.347307,525.071,265.956,1
48,0.800800,3,0.271611,738.543,535.971,1
48,0.800800,1,0.076926,94.624,669.110,1
48,0.800800,5,0.227119,466.656,445.948,1
48,0.800800,6,0.079397,57.458,679.705,0
49,0.817483,2,0.500126,523.485,280.531,1
49,0.817483,3,0.313956,737.784,506.490,1
49,0.817483,1,0.079820,94.618,669.105,1
49,0.817483,5,0.137393,497.868,435.965,1
49,0.817483,6,0.079397,57.457,679.702,0
50,0.834167,2,0.195067,522.125,296.779,1
50,0.834167,3,0.105793,735.969,475.097,1
50,0.834167,1,0.076720,94.617,669.102,1
50,0.834167,5,0.323400,530.817,427.783,1
51,0.850850,2,0.463961,520.838,315.077,1
51,0.850850,3,0.267216,733.348,443.800,1
51,0.850850,1,0.101482,94.614,669.103,1
51,0.850850,5,0.299317,565.055,421.581,1
52,0.867533,2,0.209931,519.672,335.333,1
52,0.867533,3,0.212612,730.498,414.188,1
52,0.867533,1,0.093454,94.615,669.102,1
52,0.867533,5,0.339851,599.922,417.638,1
53,0.884217,2,0.377887,518.645,357.101,1
53,0.884217,3,0.230589,727.400,386.955,1
53,0.884217,1,0.090734,94.616,669.099,1
53,0.884217,5,0.290394,634.568,416.203,1
54,0.900900,2,0.306026,517.491,380.516,1
54,0.900900,3,0.275540,724.387,362.581,1
54,0.900900,1,0.088105,94.617,669.099,1
54,0.900900,5,0.208200,668.803,416.794,1
54,0.900900,7,0.078748,129.965,664.870,1
55,0.917583,2,0.471141,516.465,405.666,1
55,0.917583,3,0.248774,721.768,340.658,1
55,0.917583,1,0.098873,94.617,669.101,1
55,0.917583,5,0.106420,702.223,419.714,1
55,0.917583,7,0.078748,129.964,664.964,0
56,0.934267,2,0.273458,515.452,432.672,1
56,0.934267,3,0.154330,719.255,321.319,1
56,0.934267,1,0.080443,94.618,669.100,1
56,0.934267,5,0.106420,733.996,418.011,0
56,0.934267,7,0.078748,129.964,665.058,0
57,0.950950,2,0.111658,514.363,461.100,1
57,0.950950,3,0.119038,717.326,304.592,1
57,0.950950,1,0.079706,94.620,669.097,1
57,0.950950,5,0.106420,765.769,416.307,0
57,0.950950,7,0.078748,129.964,665.151,0
58,0.967633,2,0.099647,513.259,491.458,1
58,0.967633,3,0.117839,715.357,289.985,1
58,0.967633,1,0.079706,94.620,669.096,0
58,0.967633,5,0.106420,797.542,414.604,0
59,0.984317,2,0.103723,513.139,521.451,1
59,0.984317,3,0.305849,713.357,277.862,1
59,0.984317,1,0.081073,94.621,669.096,1
59,0.984317,5,0.106420,829.315,412.900,0
60,1.001000,2,0.103723,512.286,548.162,0
60,1.001000,3,0.351798,711.699,267.940,1
60,1.001000,1,0.086696,94.621,669.099,1
60,1.001000,5,0.106420,861.088,411.197,0
61,1.017683,2,0.103723,511.432,574.873,0
61,1.017683,3,0.674212,710.184,259.910,1
61,1.017683,1,0.096375,94.618,669.101,1
62,1.034367,2,0.103723,510.579,601.584,0
62,1.034367,3,0.428931,708.679,253.717,1
62,1.034367,1,0.084426,94.618,669.100,1
63,1.051050,2,0.350651,515.192,618.845,1
63,1.051050,3,0.669081,707.227,249.376,1
63,1.051050,1,0.078325,94.617,669.100,1
64,1.067733,2,0.353554,521.171,633.545,1
64,1.067733,3,0.480180,705.908,246.881,1
64,1.067733,1,0.078325,94.616,669.101,0
64,1.067733,8,0.187277,861.046,510.559,1
65,1.084417,2,0.316573,528.211,644.301,1
65,1.084417,3,0.460800,704.441,246.102,1
65,1.084417,1,0.091774,94.618,669.107,1
65,1.084417,8,0.093355,873.424,523.718,1
66,1.101100,2,0.186780,535.380,649.984,1
66,1.101100,3,0.307248,703.279,247.138,1
66,1.101100,1,0.096632,94.620,669.111,1
66,1.101100,8,0.159316,880.208,532.042,1
67,1.117783,2,0.334980,542.709,649.565,1
67,1.117783,3,0.633140,701.992,250.009,1
67,1.117783,1,0.090841,94.620,669.112,1
67,1.117783,8,0.116367,881.563,534.759,1
68,1.134467,2,0.163679,549.380,642.748,1
68,1.134467,3,0.636506,701.091,254.611,1
68,1.134467,1,0.079673,94.617,669.114,1
68,1.134467,8,0.116367,888.613,542.256,0
69,1.151150,2,0.430285,555.554,629.849,1
69,1.151150,3,0.738816,700.054,261.034,1
69,1.151150,1,0.090523,94.613,669.114,1
69,1.151150,8,0.116367,895.664,549.753,0
70,1.167833,2,0.326771,561.256,611.279,1
70,1.167833,3,0.447859,698.934,269.237,1
70,1.167833,1,0.075178,94.611,669.116,1
70,1.167833,8,0.116367,902.714,557.250,0
71,1.184517,2,0.347280,565.401,588.681,1
71,1.184517,3,0.428327,697.694,279.027,1
71,1.184517,1,0.079035,94.615,669.120,1
71,1.184517,8,0.116367,909.764,564.747,0
72,1.201200,2,0.326026,567.865,561.011,1
72,1.201200,3,0.181570,696.706,290.764,1
72,1.201200,1,0.079035,94.615,669.123,0
72,1.201200,8,0.116367,916.814,572.244,0
73,1.217883,2,0.129308,568.694,529.427,1
73,1.217883,3,0.134556,695.660,304.376,1
73,1.217883,1,0.079035,94.615,669.125,0
73,1.217883,9,0.083957,793.505,476.744,1
74,1.234567,2,0.180358,568.089,496.103,1
74,1.234567,3,0.149564,694.456,319.499,1
74,1.234567,1,0.079035,94.615,669.127,0
74,1.234567,9,0.097468,762.404,466.489,1
75,1.251250,2,0.402584,566.857,462.605,1
75,1.251250,3,0.195777,693.469,336.568,1
75,1.251250,1,0.079035,94.615,669.130,0
75,1.251250,9,0.281794,728.876,458.511,1
76,1.267933,2,0.130586,565.578,430.401,1
76,1.267933,3,0.084665,692.372,355.229,1
76,1.267933,1,0.079035,94.615,669.132,0
76,1.267933,9,0.156938,694.725,452.592,1
77,1.284617,2,0.351856,564.147,400.066,1
77,1.284617,3,0.165873,691.289,375.473,1
77,1.284617,9,0.345529,660.866,448.910,1
78,1.301300,2,0.287843,562.726,372.275,1
78,1.301300,3,0.105193,690.316,397.327,1
78,1.301300,9,0.304903,627.293,447.316,1
79,1.317983,2,0.204965,561.388,347.393,1
79,1.317983,3,0.160315,689.448,421.192,1
79,1.317983,9,0.488481,594.056,447.675,1
80,1.334667,2,0.153249,560.117,325.084,1
80,1.334667,3,0.102397,688.656,446.592,1
80,1.334667,9,0.245988,561.120,450.138,1
80,1.334667,10,0.076562,129.939,665.888,1
81,1.351350,2,0.095206,558.988,305.288,1
81,1.351350,3,0.405580,687.739,473.733,1
81,1.351350,9,0.324105,528.971,453.753,1
81,1.351350,10,0.078624,129.939,666.221,1
82,1.368033,2,0.211815,557.648,287.461,1
82,1.368033,3,0.105929,687.106,502.148,1
82,1.368033,9,0.125323,503.812,456.359,1
82,1.368033,10,0.078624,129.938,666.420,0
83,1.384717,2,0.247625,556.208,271.908,1
83,1.384717,3,0.095118,688.309,526.479,1
83,1.384717,9,0.257004,484.032,459.208,1
83,1.384717,10,0.078624,129.937,666.620,0
84,1.401400,2,0.448101,554.703,258.106,1
84,1.401400,3,0.095118,687.996,550.564,0
84,1.401400,9,0.213657,468.331,461.977,1
84,1.401400,10,0.078624,129.936,666.819,0
85,1.418083,2,0.407037,553.148,246.419,1
85,1.418083,3,0.218751,689.988,568.984,1
85,1.418083,9,0.340306,454.073,464.726,1
85,1.418083,10,0.086521,129.941,666.311,1
86,1.434767,2,0.529176,551.716,236.607,1
86,1.434767,3,0.272317,691.470,586.078,1
86,1.434767,9,0.427676,440.251,468.002,1
86,1.434767,10,0.075268,129.950,665.010,1
87,1.451450,2,0.363539,550.339,228.348,1
87,1.451450,3,0.294730,693.190,601.723,1
87,1.451450,9,0.531345,426.387,472.380,1
87,1.451450,10,0.095509,112.502,666.834,1
88,1.468133,2,0.304703,548.790,221.994,1
88,1.468133,3,0.310549,695.408,615.274,1
88,1.468133,9,0.366354,413.116,477.681,1
88,1.468133,10,0.095509,107.504,667.051,0
89,1.484817,2,0.453654,547.108,217.261,1
89,1.484817,3,0.293673,698.551,625.326,1
89,1.484817,9,0.354458,402.131,483.476,1
89,1.484817,10,0.082143,115.572,666.271,1
90,1.501500,2,0.411459,545.567,214.294,1
90,1.501500,3,0.178815,702.683,631.613,1
90,1.501500,9,0.281680,393.848,489.107,1
90,1.501500,10,0.087687,121.454,666.017,1
91,1.518183,2,0.527928,544.023,213.051,1
91,1.518183,3,0.308856,706.827,633.406,1
91,1.518183,9,0.357777,388.587,493.555,1
91,1.518183,10,0.080105,125.596,665.024,1
92,1.534867,2,0.481239,542.603,213.681,1
92,1.534867,3,0.320520,710.355,630.528,1
92,1.534867,9,0.196838,386.886,496.875,1
92,1.534867,10,0.083147,112.517,666.689,1
93,1.551550,2,0.667277,541.355,216.160,1
93,1.551550,3,0.493650,713.408,622.944,1
93,1.551550,9,0.183155,388.679,498.161,1
93,1.551550,10,0.087389,103.222,667.892,1
94,1.568233,2,0.324015,540.230,220.609,1
94,1.568233,3,0.637879,716.110,610.542,1
94,1.568233,9,0.311875,394.257,497.147,1
94,1.568233,10,0.076626,97.062,668.708,1
95,1.584917,2,0.243323,538.659,226.816,1
95,1.584917,3,0.393211,718.298,593.016,1
95,1.584917,9,0.237978,404.184,493.579,1
95,1.584917,10,0.076626,92.345,669.260,0
96,1.601600,2,0.530793,537.406,234.807,1
96,1.601600,3,0.618450,720.042,570.006,1
96,1.601600,9,0.186016,418.584,487.859,1
96,1.601600,10,0.082342,106.432,667.847,1
97,1.618283,2,0.315800,536.159,244.704,1
97,1.618283,3,0.164711,721.941,543.024,1
97,1.618283,9,0.348365,437.612,479.461,1
97,1.618283,10,0.075301,117.030,666.555,1
98,1.634967,2,0.420343,535.000,256.546,1
98,1.634967,3,0.076799,723.514,512.422,1
98,1.634967,9,0.148385,461.106,469.558,1
98,1.634967,10,0.075301,120.042,666.235,0
99,1.651650,2,0.197945,533.780,270.294,1
99,1.651650,3,0.081648,725.260,479.267,1
99,1.651650,9,0.148385,473.324,464.747,0
99,1.651650,10,0.075301,123.053,665.914,0
100,1.668333,2,0.288002,532.640,285.882,1
100,1.668333,3,0.121224,726.854,446.953,1
100,1.668333,9,0.148385,485.542,459.937,0
100,1.668333,10,0.075301,126.065,665.594,0
101,1.685017,2,0.119874,531.661,303.264,1
101,1.685017,3,0.121224,728.765,421.745,0
101,1.685017,9,0.148385,497.760,455.126,0
101,1.685017,10,0.075301,129.076,665.273,0
102,1.701700,2,0.273766,531.056,322.721,1
102,1.701700,3,0.163099,729.782,390.529,1
102,1.701700,9,0.148385,509.978,450.316,0
102,1.701700,10,0.075301,132.087,664.953,0
102,1.701700,11,0.390715,576.277,431.924,1
103,1.718383,2,0.141018,530.354,343.978,1
103,1.718383,3,0.189297,730.691,361.785,1
103,1.718383,9,0.148385,522.196,445.505,0
103,1.718383,10,0.075780,132.812,665.456,1
103,1.718383,11,0.243402,602.230,426.980,1
104,1.735067,2,0.099200,529.832,367.142,1
104,1.735067,3,0.186436,731.902,335.793,1
104,1.735067,10,0.075780,135.216,665.354,0
104,1.735067,11,0.243402,615.819,424.237,0
105,1.751750,2,0.197456,529.014,392.057,1
105,1.751750,3,0.394088,733.336,312.335,1
105,1.751750,10,0.084743,134.214,665.789,1
105,1.751750,11,0.311415,653.594,421.385,1
106,1.768433,2,0.264169,528.551,418.703,1
106,1.768433,3,0.504154,734.716,291.673,1
106,1.768433,10,0.084743,135.713,665.830,0
106,1.768433,11,0.142656,690.240,420.792,1
107,1.785117,2,0.154493,528.075,447.325,1
107,1.785117,3,0.412906,736.201,273.582,1
107,1.785117,11,0.142656,716.587,418.688,0
108,1.801800,2,0.168285,527.690,477.103,1
108,1.801800,3,0.531812,737.836,257.738,1
108,1.801800,11,0.100123,751.740,423.872,1
109,1.818483,2,0.195950,527.007,504.952,1
109,1.818483,3,0.375570,739.244,244.086,1
109,1.818483,11,0.100123,780.611,423.856,0
110,1.835167,2,0.192879,526.379,529.469,1
110,1.835167,3,0.402330,740.710,232.593,1
110,1.835167,11,0.222961,802.159,433.534,1
111,1.851850,2,0.180801,525.279,550.735,1
111,1.851850,3,0.250515,742.198,223.093,1
111,1.851850,11,0.081133,818.109,441.973,1
112,1.868533,2,0.440788,524.691,568.581,1
112,1.868533,3,0.720339,743.747,215.507,1
112,1.868533,11,0.176110,833.335,449.561,1
113,1.885217,2,0.498420,524.298,581.687,1
113,1.885217,3,0.576285,745.064,209.776,1
113,1.885217,11,0.133518,848.125,456.511,1
114,1.901900,2,0.225564,527.732,594.526,1
114,1.901900,3,0.588606,746.418,205.875,1
114,1.901900,11,0.202481,861.841,463.631,1
115,1.918583,2,0.295160,534.021,606.126,1
115,1.918583,3,0.464060,747.973,203.769,1
115,1.918583,11,0.374594,873.358,470.826,1
115,1.918583,12,0.080159,129.961,666.094,1
116,1.935267,2,0.156882,541.520,615.985,1
116,1.935267,3,0.403072,749.472,203.524,1
116,1.935267,11,0.144896,881.484,477.673,1
116,1.935267,12,0.080569,129.964,665.731,1
117,1.951950,2,0.344894,549.605,622.311,1
117,1.951950,3,0.486135,751.040,205.123,1
117,1.951950,11,0.145415,885.741,483.440,1
117,1.951950,12,0.075924,129.968,664.171,1
118,1.968633,2,0.376157,557.810,624.014,1
118,1.968633,3,0.530020,752.477,208.741,1
118,1.968633,11,0.135829,886.199,486.517,1
118,1.968633,12,0.084738,129.966,664.320,1
119,1.985317,2,0.568801,565.700,620.392,1
119,1.985317,3,0.553565,754.006,214.180,1
119,1.985317,11,0.388238,882.829,485.903,1
119,1.985317,12,0.083505,129.961,665.140,1
120,2.002000,2,0.396886,572.644,610.659,1
120,2.002000,3,0.380121,755.646,221.551,1
120,2.002000,11,0.279879,875.478,481.990,1
120,2.002000,12,0.076382,129.963,664.706,1
121,2.018683,2,0.173242,578.501,595.532,1
121,2.018683,3,0.416119,757.107,230.859,1
121,2.018683,11,0.142549,864.339,474.689,1
121,2.018683,12,0.076382,129.963,664.547,0
122,2.035367,2,0.288691,582.761,574.917,1
122,2.035367,3,0.336164,758.775,242.041,1
122,2.035367,11,0.116930,848.207,465.162,1
122,2.035367,12,0.076382,129.963,664.389,0
123,2.052050,2,0.093331,585.175,549.282,1
123,2.052050,3,0.493313,760.255,255.074,1
123,2.052050,11,0.123427,827.097,454.631,1
123,2.052050,12,0.076382,129.964,664.231,0
124,2.068733,2,0.302828,585.733,518.212,1
124,2.068733,3,0.262647,761.703,270.009,1
124,2.068733,11,0.123427,817.567,449.634,0
124,2.068733,12,0.076382,129.964,664.072,0
125,2.085417,2,0.302828,589.446,500.978,0
125,2.085417,3,0.092710,763.330,286.891,1
125,2.085417,11,0.123427,808.037,444.636,0
125,2.085417,12,0.076382,129.964,663.914,0
126,2.102100,2,0.302828,593.159,483.743,0
126,2.102100,3,0.199338,764.977,305.758,1
126,2.102100,11,0.123427,798.508,439.639,0
127,2.118783,2,0.302828,596.872,466.509,0
127,2.118783,3,0.447543,766.460,326.482,1
127,2.118783,11,0.123427,788.978,434.641,0
128,2.135467,2,0.302828,600.585,449.275,0
128,2.135467,3,0.433263,767.938,349.152,1
128,2.135467,11,0.123427,779.448,429.644,0
128,2.135467,13,0.339111,574.025,393.208,1
129,2.152150,2,0.420955,626.404,430.613,1
129,2.152150,3,0.471146,769.363,373.413,1
129,2.152150,13,0.405863,572.015,368.880,1
130,2.168833,2,0.286779,632.244,421.254,1
130,2.168833,3,0.096095,770.868,399.784,1
130,2.168833,13,0.248074,570.132,341.963,1
131,2.185517,2,0.286779,640.831,405.831,0
131,2.185517,3,0.366206,772.507,428.005,1
131,2.185517,13,0.095468,568.318,315.378,1
132,2.202200,2,0.286779,649.418,390.409,0
132,2.202200,3,0.322170,774.017,458.097,1
132,2.202200,13,0.370421,566.317,290.777,1
133,2.218883,2,0.286779,658.005,374.986,0
133,2.218883,3,0.147101,774.818,489.073,1
133,2.218883,13,0.532247,564.233,268.314,1
133,2.218883,14,0.154569,566.176,444.707,1
134,2.235567,3,0.147101,776.155,515.566,0
134,2.235567,13,0.256408,562.101,248.230,1
134,2.235567,14,0.118873,552.679,448.342,1
135,2.252250,3,0.147101,777.493,542.058,0
135,2.252250,13,0.155996,559.952,230.461,1
135,2.252250,14,0.234821,541.176,453.842,1
136,2.268933,3,0.093546,776.885,563.757,1
136,2.268933,13,0.228785,557.742,214.853,1
136,2.268933,14,0.379381,532.864,461.231,1
137,2.285617,3,0.457912,777.762,582.188,1
137,2.285617,13,0.190999,555.231,201.892,1
137,2.285617,14,0.317437,525.156,473.434,1
138,2.302300,3,0.204668,779.755,597.951,1
138,2.302300,13,0.335905,552.979,191.117,1
138,2.302300,15,0.081558,129.938,666.586,1
138,2.302300,14,0.280066,520.299,491.224,1
139,2.318983,3,0.252215,782.152,610.786,1
139,2.318983,13,0.384321,550.735,182.381,1
139,2.318983,15,0.085619,129.942,666.506,1
139,2.318983,14,0.490815,517.996,512.240,1
140,2.335667,3,0.173592,784.640,619.806,1
140,2.335667,13,0.456764,548.481,175.751,1
140,2.335667,15,0.091409,129.950,666.492,1
140,2.335667,14,0.283929,518.352,534.579,1
141,2.352350,3,0.173592,786.384,636.243,0
141,2.352350,13,0.569714,546.240,171.069,1
141,2.352350,15,0.093947,129.952,666.120,1
141,2.352350,14,0.231152,520.928,556.711,1
142,2.369033,3,0.347870,789.090,635.803,1
142,2.369033,13,0.607563,543.849,168.361,1
142,2.369033,15,0.103175,129.953,666.148,1
142,2.369033,14,0.367723,525.849,577.313,1
143,2.385717,3,0.281194,791.412,632.529,1
143,2.385717,13,0.571734,541.605,167.512,1
143,2.385717,15,0.104475,129.956,665.652,1
143,2.385717,14,0.547582,533.418,592.824,1
143,2.385717,16,0.099713,94.598,669.124,1
144,2.402400,3,0.227597,793.117,627.026,1
144,2.402400,13,0.620717,539.340,168.638,1
144,2.402400,15,0.086435,129.960,664.353,1
144,2.402400,14,0.472987,542.560,603.770,1
144,2.402400,16,0.105654,94.598,669.124,1
145,2.419083,3,0.454417,793.680,618.898,1
145,2.419083,13,0.757178,537.169,171.618,1
145,2.419083,15,0.089178,129.964,663.361,1
145,2.419083,14,0.484418,552.490,609.020,1
145,2.419083,16,0.112932,94.597,669.123,1
146,2.435767,3,0.420857,793.165,608.224,1
146,2.435767,13,0.585438,534.948,176.563,1
146,2.435767,15,0.082229,129.966,662.809,1
146,2.435767,14,0.262578,561.962,607.263,1
146,2.435767,16,0.099765,94.601,669.123,1
147,2.452450,3,0.384788,791.526,595.540,1
147,2.452450,13,0.548329,532.738,183.229,1
147,2.452450,15,0.076586,129.964,662.372,1
147,2.452450,14,0.332207,570.355,598.652,1
147,2.452450,16,0.105077,94.603,669.125,1
148,2.469133,3,0.245038,788.632,580.604,1
148,2.469133,13,0.490089,530.725,191.813,1
148,2.469133,15,0.076586,129.965,661.820,0
148,2.469133,14,0.342498,577.499,582.923,1
148,2.469133,16,0.076430,94.606,669.124,1
149,2.485817,3,0.233716,784.218,563.425,1
149,2.485817,13,0.385698,528.634,202.507,1
149,2.485817,15,0.076586,129.967,661.268,0
149,2.485817,14,0.267928,583.117,561.153,1
149,2.485817,16,0.092591,94.605,669.128,1
150,2.502500,3,0.324454,777.861,543.717,1
150,2.502500,13,0.491088,526.611,215.074,1
150,2.502500,15,0.076586,129.968,660.716,0
150,2.502500,14,0.267928,589.729,554.644,0
150,2.502500,16,0.079361,94.604,669.131,1
151,2.519183,3,0.194783,769.942,521.711,1
151,2.519183,13,0.237236,524.434,229.766,1
151,2.519183,15,0.076586,129.970,660.163,0
151,2.519183,14,0.267928,596.341,548.134,0
151,2.519183,16,0.090108,94.602,669.133,1
152,2.535867,3,0.115396,759.060,498.783,1
152,2.535867,13,0.346816,522.382,246.338,1
152,2.535867,15,0.076586,129.971,659.611,0
152,2.535867,14,0.267928,602.953,541.625,0
152,2.535867,16,0.090108,94.602,669.135,0
152,2.535867,17,0.086438,583.471,456.367,1
153,2.552550,3,0.115396,753.101,481.579,0
153,2.552550,13,0.200788,520.477,264.778,1
153,2.552550,14,0.267928,609.565,535.116,0
153,2.552550,16,0.090108,94.602,669.136,0
153,2.552550,17,0.103075,583.600,424.892,1
154,2.569233,3,0.189566,736.392,458.175,1
154,2.569233,13,0.196721,518.724,285.136,1
154,2.569233,14,0.267928,616.177,528.607,0
154,2.569233,16,0.088816,94.602,669.139,1
154,2.569233,17,0.238446,583.728,389.909,1
155,2.585917,3,0.451052,719.550,437.695,1
155,2.585917,13,0.513944,516.732,307.081,1
155,2.585917,16,0.105017,94.593,669.145,1
155,2.585917,17,0.684067,584.005,355.082,1
156,2.602600,3,0.207903,703.126,419.537,1
156,2.602600,13,0.424172,514.981,331.232,1
156,2.602600,16,0.086602,94.588,669.145,1
156,2.602600,17,0.202870,584.207,321.858,1
157,2.619283,3,0.165772,686.972,404.127,1
157,2.619283,13,0.131109,513.078,357.155,1
157,2.619283,16,0.086602,94.585,669.147,0
157,2.619283,17,0.091534,584.646,290.979,1
158,2.635967,3,0.154342,671.437,391.302,1
158,2.635967,13,0.149391,511.211,385.022,1
158,2.635967,16,0.075644,94.581,669.138,1
158,2.635967,17,0.076347,584.959,262.886,1
159,2.652650,3,0.161828,656.357,381.158,1
159,2.652650,13,0.158888,509.393,414.825,1
159,2.652650,16,0.075644,94.578,669.137,0
159,2.652650,17,0.080399,585.154,236.668,1
160,2.669333,3,0.161121,641.381,373.405,1
160,2.669333,13,0.158888,507.513,439.331,0
160,2.669333,16,0.075644,94.574,669.136,0
160,2.669333,17,0.140340,585.367,212.790,1
161,2.686017,3,0.161121,626.932,360.384,0
161,2.686017,13,0.158888,505.633,463.837,0
161,2.686017,16,0.075644,94.571,669.135,0
161,2.686017,17,0.140340,585.602,185.782,0
162,2.702700,3,0.161121,612.483,347.362,0
162,2.702700,13,0.104869,505.258,499.876,1
162,2.702700,16,0.075644,94.568,669.135,0
162,2.702700,17,0.193393,585.646,168.996,1
163,2.719383,3,0.405564,598.965,352.370,1
163,2.719383,13,0.259015,503.880,525.852,1
163,2.719383,16,0.082383,94.572,669.135,1
163,2.719383,17,0.139764,585.670,154.070,1
164,2.736067,3,0.398885,589.310,357.924,1
164,2.736067,13,0.424929,502.418,545.997,1
164,2.736067,16,0.081316,94.579,669.133,1
164,2.736067,17,0.310599,585.708,141.094,1
165,2.752750,3,0.355101,582.704,363.222,1
165,2.752750,13,0.323026,500.361,562.054,1
165,2.752750,16,0.077754,94.583,669.130,1
165,2.752750,17,0.420559,585.892,129.558,1
166,2.769433,3,0.352685,578.487,367.434,1
166,2.769433,13,0.306732,496.900,574.408,1
166,2.769433,16,0.079545,94.586,669.133,1
166,2.769433,17,0.411172,585.971,120.002,1
167,2.786117,3,0.215316,575.897,370.693,1
167,2.786117,13,0.329088,492.292,583.458,1
167,2.786117,16,0.077389,94.589,669.133,1
167,2.786117,17,0.451279,586.227,112.192,1
168,2.802800,3,0.251861,574.947,373.023,1
168,2.802800,13,0.213146,486.955,589.314,1
168,2.802800,16,0.084495,94.591,669.133,1
168,2.802800,17,0.472542,586.460,106.319,1
169,2.819483,3,0.327389,575.543,374.286,1
169,2.819483,13,0.208409,481.372,592.024,1
169,2.819483,16,0.090468,94.593,669.136,1
169,2.819483,17,0.456943,586.662,102.178,1
170,2.836167,3,0.219193,578.010,374.084,1
170,2.836167,13,0.155880,475.968,591.175,1
170,2.836167,16,0.076240,94.595,669.136,1
170,2.836167,17,0.404199,586.922,100.002,1
171,2.852850,3,0.147788,581.820,372.107,1
171,2.852850,13,0.207207,471.049,586.380,1
171,2.852850,16,0.076240,94.597,669.136,0
171,2.852850,17,0.457698,587.257,99.727,1
172,2.869533,3,0.132328,586.740,369.341,1
172,2.869533,13,0.127684,466.069,577.424,1
172,2.869533,16,0.076240,94.599,669.137,0
172,2.869533,17,0.408667,587.619,101.355,1
173,2.886217,3,0.132328,587.504,368.641,0
173,2.886217,13,0.307096,461.112,563.643,1
173,2.886217,16,0.076240,94.601,669.137,0
173,2.886217,17,0.544506,587.926,105.114,1
174,2.902900,3,0.082071,594.991,367.127,1
174,2.902900,13,0.282087,456.175,544.471,1
174,2.902900,16,0.076240,94.603,669.138,0
174,2.902900,17,0.442037,588.295,110.890,1
175,2.919583,3,0.223566,601.690,367.227,1
175,2.919583,13,0.489521,451.284,519.380,1
175,2.919583,16,0.078519,94.607,669.133,1
175,2.919583,17,0.326833,588.816,118.496,1
176,2.936267,3,0.082794,607.826,369.621,1
176,2.936267,13,0.342647,447.616,488.129,1
176,2.936267,16,0.078519,94.609,669.132,0
176,2.936267,17,0.288181,589.241,128.072,1
177,2.952950,3,0.096525,613.140,374.243,1
177,2.952950,13,0.175038,445.318,451.964,1
177,2.952950,16,0.078519,94.611,669.131,0
177,2.952950,17,0.134647,589.710,139.785,1
178,2.969633,3,0.096525,617.716,375.587,0
178,2.969633,13,0.182894,444.405,414.414,1
178,2.969633,17,0.211373,590.160,153.578,1
179,2.986317,3,0.096525,622.292,376.932,0
179,2.986317,13,0.131383,444.427,376.921,1
179,2.986317,17,0.141084,590.566,169.679,1
180,3.003000,3,0.126867,625.952,392.260,1
180,3.003000,13,0.311737,445.145,340.657,1
180,3.003000,17,0.165947,591.043,187.490,1
181,3.019683,3,0.186334,629.251,408.665,1
181,3.019683,13,0.250711,445.985,306.726,1
181,3.019683,17,0.306029,591.445,207.270,1
182,3.036367,3,0.186334,633.310,416.732,0
182,3.036367,13,0.250711,445.113,274.878,0
182,3.036367,17,0.306029,591.867,221.548,0
183,3.053050,3,0.186334,637.368,424.799,0
183,3.053050,13,0.140084,446.989,245.961,1
183,3.053050,17,0.306029,592.290,235.827,0
184,3.069733,3,0.186334,641.427,432.867,0
184,3.069733,13,0.196517,448.877,219.504,1
184,3.069733,17,0.306029,592.712,250.105,0
185,3.086417,3,0.186334,645.486,440.934,0
185,3.086417,13,0.306708,450.685,195.694,1
185,3.086417,17,0.306029,593.134,264.383,0
186,3.103100,3,0.186334,649.544,449.002,0
186,3.103100,13,0.345689,452.239,174.139,1
186,3.103100,17,0.306029,593.557,278.661,0
187,3.119783,13,0.223106,453.808,154.722,1
188,3.136467,13,0.324259,455.009,137.387,1
189,3.153150,13,0.613503,456.064,121.913,1
189,3.153150,18,0.349482,653.931,566.291,1
190,3.169833,13,0.511222,457.180,108.204,1
190,3.169833,18,0.209584,657.807,583.211,1
191,3.186517,13,0.715057,458.431,96.505,1
191,3.186517,18,0.244150,658.797,597.560,1
192,3.203200,13,0.691577,459.778,86.708,1
192,3.203200,18,0.295783,656.212,609.239,1
193,3.219883,13,0.646575,461.115,78.963,1
193,3.219883,18,0.450480,651.234,620.567,1
194,3.236567,13,0.546829,462.611,72.971,1
194,3.236567,18,0.359584,646.673,630.093,1
194,3.236567,19,0.110895,653.958,538.218,1
195,3.253250,13,0.550488,464.214,68.892,1
195,3.253250,18,0.237949,643.736,638.397,1
195,3.253250,19,0.098453,665.009,550.716,1
196,3.269933,13,0.672591,465.766,66.742,1
196,3.269933,18,0.225380,641.136,646.563,1
196,3.269933,19,0.147207,678.233,563.212,1
197,3.286617,13,0.667774,467.324,66.573,1
197,3.286617,18,0.174551,639.470,652.289,1
197,3.286617,19,0.193557,691.502,574.152,1
198,3.303300,13,0.715023,468.744,68.457,1
198,3.303300,18,0.296437,638.358,654.799,1
198,3.303300,19,0.193557,701.372,583.598,0
199,3.319983,13,0.500042,470.412,72.111,1
199,3.319983,18,0.252184,636.883,654.005,1
199,3.319983,19,0.435854,712.953,589.024,1
200,3.336667,13,0.646257,472.027,77.711,1
200,3.336667,18,0.158368,634.393,650.200,1
200,3.336667,19,0.282961,722.784,591.785,1
201,3.353350,13,0.759538,473.508,85.553,1
201,3.353350,18,0.158368,632.468,652.983,0
201,3.353350,19,0.250095,730.691,592.444,1
202,3.370033,13,0.612699,475.037,95.410,1
202,3.370033,18,0.158368,630.543,655.765,0
202,3.370033,19,0.394630,736.607,590.695,1
203,3.386717,13,0.636989,476.449,107.188,1
203,3.386717,18,0.187817,625.913,636.596,1
203,3.386717,19,0.534719,740.525,586.939,1
204,3.403400,13,0.543421,477.974,121.122,1
204,3.403400,18,0.315923,621.642,614.912,1
204,3.403400,19,0.467309,742.337,580.764,1
205,3.420083,13,0.637966,479.572,136.979,1
205,3.420083,18,0.362174,617.714,589.849,1
205,3.420083,19,0.467523,742.327,572.837,1
206,3.436767,13,0.383186,481.067,154.978,1
206,3.436767,18,0.163977,613.748,560.776,1
206,3.436767,19,0.309548,740.537,562.309,1
207,3.453450,13,0.388346,482.545,175.077,1
207,3.453450,18,0.242912,610.077,527.642,1
207,3.453450,19,0.157090,736.617,548.993,1
208,3.470133,13,0.193014,484.249,196.830,1
208,3.470133,18,0.128105,607.179,490.506,1
208,3.470133,19,0.352798,731.558,532.681,1
209,3.486817,13,0.148112,485.955,220.860,1
209,3.486817,18,0.158709,604.993,450.081,1
209,3.486817,19,0.145991,723.233,514.491,1
210,3.503500,13,0.358461,487.719,246.733,1
210,3.503500,18,0.152573,603.215,408.818,1
210,3.503500,19,0.133160,712.714,493.869,1
211,3.520183,13,0.261020,489.230,274.585,1
211,3.520183,18,0.152573,600.502,376.255,0
211,3.520183,19,0.133160,707.952,479.761,0
212,3.536867,13,0.161775,490.469,304.601,1
212,3.536867,18,0.152573,597.790,343.693,0
212,3.536867,19,0.108815,692.948,459.654,1
213,3.553550,13,0.178865,492.162,336.454,1
213,3.553550,18,0.100748,597.217,302.230,1
213,3.553550,19,0.187413,678.478,442.092,1
214,3.570233,13,0.392187,493.894,370.083,1
214,3.570233,18,0.454188,596.751,264.410,1
214,3.570233,19,0.483638,664.603,427.152,1
215,3.586917,13,0.392187,495.498,398.381,0
215,3.586917,18,0.135579,596.208,229.956,1
215,3.586917,19,0.483638,654.063,411.291,0
216,3.603600,13,0.392187,497.103,426.680,0
216,3.603600,18,0.632423,595.240,198.739,1
216,3.603600,19,0.173404,640.413,403.679,1
217,3.620283,13,0.392187,498.707,454.979,0
217,3.620283,18,0.121312,594.100,170.719,1
217,3.620283,19,0.173404,629.047,390.006,0
218,3.636967,13,0.232115,501.192,502.252,1
218,3.636967,18,0.212836,592.952,145.490,1
218,3.636967,19,0.173404,617.682,376.334,0
219,3.653650,13,0.116461,500.646,536.689,1
219,3.653650,18,0.116875,591.734,123.068,1
219,3.653650,19,0.173404,606.316,362.662,0
220,3.670333,13,0.116461,501.852,570.316,0
220,3.670333,18,0.184112,590.461,102.995,1
220,3.670333,19,0.173404,594.951,348.990,0
221,3.687017,13,0.089439,497.586,583.474,1
221,3.687017,18,0.433654,588.959,84.889,1
221,3.687017,19,0.173404,583.585,335.318,0
222,3.703700,13,0.147245,491.797,591.190,1
222,3.703700,18,0.362102,587.214,68.931,1
223,3.720383,13,0.166392,485.008,594.973,1
223,3.720383,18,0.289091,585.632,54.887,1
224,3.737067,13,0.077684,477.536,596.527,1
224,3.737067,18,0.627382,584.277,42.916,1
225,3.753750,13,0.105333,470.150,596.349,1
225,3.753750,18,0.566017,582.934,32.630,1
226,3.770433,13,0.110716,463.899,594.857,1
226,3.770433,18,0.558851,581.564,24.270,1
226,3.770433,20,0.190495,606.150,401.994,1
227,3.787117,13,0.116400,458.844,591.099,1
227,3.787117,18,0.383349,580.013,17.865,1
227,3.787117,20,0.338442,604.451,396.241,1
228,3.803800,13,0.108996,455.009,585.127,1
228,3.803800,18,0.414966,578.519,13.910,1
228,3.803800,20,0.265882,603.204,388.489,1
229,3.820483,13,0.159986,451.412,576.622,1
229,3.820483,18,0.260028,577.011,12.140,1
229,3.820483,20,0.210016,602.718,380.965,1
230,3.837167,13,0.166021,448.064,564.517,1
230,3.837167,18,0.259145,575.279,12.217,1
230,3.837167,20,0.210016,601.834,375.656,0
231,3.853850,13,0.129941,444.340,548.538,1
231,3.853850,18,0.324852,573.577,13.587,1
231,3.853850,20,0.143795,601.608,368.089,1
232,3.870533,13,0.106035,440.327,527.229,1
232,3.870533,18,0.372653,572.192,16.193,1
232,3.870533,20,0.317293,601.206,363.430,1
233,3.887217,13,0.276463,436.735,500.334,1
233,3.887217,18,0.303777,570.610,20.465,1
233,3.887217,20,0.314555,600.904,361.664,1
234,3.903900,13,0.083176,434.692,467.519,1
234,3.903900,18,0.206903,569.049,27.187,1
234,3.903900,20,0.104618,600.571,362.548,1
235,3.920583,13,0.083176,431.248,447.630,0
235,3.920583,18,0.439395,567.486,35.644,1
235,3.920583,20,0.104618,600.091,359.413,0
236,3.937267,13,0.083176,427.804,427.740,0
236,3.937267,18,0.502341,566.063,46.371,1
236,3.937267,20,0.080954,599.659,367.541,1
237,3.953950,13,0.083176,424.361,407.851,0
237,3.953950,18,0.357884,564.429,59.120,1
237,3.953950,20,0.080954,599.192,367.380,0
238,3.970633,13,0.083176,420.917,387.961,0
238,3.970633,18,0.366660,563.084,73.869,1
238,3.970633,20,0.080954,598.726,367.219,0
239,3.987317,13,0.083176,417.474,368.072,0
239,3.987317,18,0.266950,561.838,90.561,1
239,3.987317,20,0.127140,598.150,387.800,1
240,4.004000,18,0.299193,560.388,109.089,1
240,4.004000,20,0.083344,597.258,408.657,1
241,4.020683,18,0.275051,558.844,129.566,1
241,4.020683,20,0.154946,596.070,430.341,1
242,4.037367,18,0.086160,557.607,151.919,1
242,4.037367,20,0.179692,595.066,451.926,1
242,4.037367,21,0.184894,457.326,211.655,1
243,4.054050,18,0.251538,556.270,176.282,1
243,4.054050,20,0.121786,593.762,473.877,1
243,4.054050,21,0.279627,459.857,189.157,1
244,4.070733,18,0.251538,554.884,195.259,0
244,4.070733,20,0.103353,592.488,496.872,1
244,4.070733,21,0.100844,463.117,164.866,1
245,4.087417,18,0.251538,553.499,214.237,0
245,4.087417,20,0.103353,591.453,515.375,0
245,4.087417,21,0.100844,465.062,148.736,0
246,4.104100,18,0.136315,552.534,249.217,1
246,4.104100,20,0.103353,590.417,533.879,0
246,4.104100,21,0.347151,469.382,124.393,1
247,4.120783,18,0.095899,551.350,285.157,1
247,4.120783,20,0.105500,589.852,555.149,1
247,4.120783,21,0.355214,473.110,103.359,1
248,4.137467,18,0.095899,550.100,311.756,0
248,4.137467,20,0.309364,589.972,570.716,1
248,4.137467,21,0.401134,476.905,85.595,1
249,4.154150,18,0.095899,548.849,338.355,0
249,4.154150,20,0.309364,589.335,588.979,0
249,4.154150,21,0.292415,480.775,70.568,1
250,4.170833,18,0.095899,547.599,364.954,0
250,4.170833,20,0.159502,590.359,598.015,1
250,4.170833,21,0.569017,484.565,58.212,1
251,4.187517,18,0.095899,546.349,391.553,0
251,4.187517,20,0.116033,591.266,604.793,1
251,4.187517,21,0.681073,488.259,48.629,1
252,4.204200,18,0.095899,545.099,418.152,0
252,4.204200,20,0.158655,591.699,612.967,1
252,4.204200,21,0.656222,492.041,41.443,1
252,4.204200,22,0.079727,94.681,669.065,1
253,4.220883,20,0.260987,591.546,621.466,1
253,4.220883,21,0.588234,495.588,36.544,1
253,4.220883,22,0.093411,94.676,669.063,1
254,4.237567,20,0.180607,591.497,631.660,1
254,4.237567,21,0.511027,499.266,33.816,1
254,4.237567,22,0.078390,94.678,669.060,1
254,4.237567,23,0.080905,130.112,665.959,1
255,4.254250,20,0.243421,591.391,641.595,1
255,4.254250,21,0.522078,503.100,32.963,1
255,4.254250,22,0.083227,94.689,669.054,1
255,4.254250,23,0.082706,130.119,665.940,1
256,4.270933,20,0.450987,591.413,649.202,1
256,4.270933,21,0.533930,506.732,34.048,1
256,4.270933,22,0.091773,94.700,669.048,1
256,4.270933,23,0.092593,130.128,665.942,1
257,4.287617,20,0.409728,591.430,653.348,1
257,4.287617,21,0.534931,509.724,36.370,1
257,4.287617,22,0.092713,94.706,669.046,1
257,4.287617,23,0.093485,130.132,665.940,1
258,4.304300,20,0.419189,591.446,654.806,1
258,4.304300,21,0.546453,511.312,38.666,1
258,4.304300,22,0.091401,94.716,669.044,1
258,4.304300,23,0.093687,130.135,665.940,1
258,4.304300,24,0.262584,649.135,535.717,1
259,4.320983,20,0.462210,591.602,654.453,1
259,4.320983,21,0.578785,512.600,41.526,1
259,4.320983,22,0.092537,94.719,669.047,1
259,4.320983,23,0.091759,130.136,665.935,1
259,4.320983,24,0.195530,655.347,539.803,1
260,4.337667,20,0.483292,591.708,653.231,1
260,4.337667,21,0.596434,513.066,43.737,1
260,4.337667,22,0.093584,94.721,669.053,1
260,4.337667,23,0.092072,130.137,665.932,1
260,4.337667,24,0.193774,659.210,542.313,1
261,4.354350,20,0.279499,592.119,650.832,1
261,4.354350,21,0.664799,514.101,46.237,1
261,4.354350,22,0.100911,94.719,669.057,1
261,4.354350,23,0.092114,130.137,665.942,1
261,4.354350,24,0.203098,666.056,546.230,1
262,4.371033,20,0.265852,592.420,648.702,1
262,4.371033,21,0.734547,514.526,47.933,1
262,4.371033,22,0.093189,94.729,669.058,1
262,4.371033,23,0.076275,130.136,665.932,1
262,4.371033,24,0.198115,669.966,548.432,1
263,4.387717,20,0.163174,593.131,645.609,1
263,4.387717,21,0.751904,515.531,50.225,1
263,4.387717,22,0.092077,94.737,669.058,1
263,4.387717,23,0.076638,130.136,665.938,1
263,4.387717,24,0.271925,676.804,551.395,1
264,4.404400,20,0.161371,593.600,643.337,1
264,4.404400,21,0.757236,516.030,51.668,1
264,4.404400,22,0.090448,94.742,669.057,1
264,4.404400,23,0.077323,130.135,665.946,1
264,4.404400,24,0.270794,680.796,553.036,1
265,4.421083,20,0.264981,594.405,640.202,1
265,4.421083,21,0.750717,517.087,53.732,1
265,4.421083,22,0.078402,94.747,669.053,1
265,4.421083,23,0.077323,130.136,665.948,0
265,4.421083,24,0.404465,687.228,555.021,1
266,4.437767,20,0.264874,594.918,638.122,1
266,4.437767,21,0.746534,517.679,54.974,1
266,4.437767,22,0.081776,94.749,669.049,1
266,4.437767,23,0.077323,130.136,665.950,0
266,4.437767,24,0.397454,691.012,556.081,1
267,4.454450,20,0.276760,595.824,634.043,1
267,4.454450,21,0.653095,518.763,57.276,1
267,4.454450,22,0.092171,94.748,669.050,1
267,4.454450,23,0.077818,130.134,665.942,1
267,4.454450,24,0.342922,696.954,557.209,1
268,4.471133,20,0.282080,596.388,631.414,1
268,4.471133,21,0.663482,519.384,58.667,1
268,4.471133,22,0.095730,94.746,669.052,1
268,4.471133,23,0.080999,130.133,665.938,1
268,4.471133,24,0.347330,700.423,557.715,1
269,4.487817,20,0.495092,597.410,627.318,1
269,4.487817,21,0.617165,520.597,61.077,1
269,4.487817,22,0.090277,94.746,669.050,1
269,4.487817,23,0.078142,130.133,665.952,1
269,4.487817,24,0.320468,705.959,557.734,1
270,4.504500,20,0.485006,598.046,624.790,1
270,4.504500,21,0.585459,521.315,62.544,1
270,4.504500,22,0.094734,94.745,669.050,1
270,4.504500,23,0.081132,130.134,665.960,1
270,4.504500,24,0.314136,709.167,557.544,1
271,4.521183,20,0.448285,599.323,620.055,1
271,4.521183,21,0.682740,522.441,65.310,1
271,4.521183,22,0.096387,94.743,669.049,1
271,4.521183,23,0.083018,130.133,665.932,1
271,4.521183,24,0.196599,713.785,556.583,1
272,4.537867,20,0.437912,600.122,617.130,1
272,4.537867,21,0.679796,523.134,67.001,1
272,4.537867,22,0.093763,94.742,669.049,1
272,4.537867,23,0.082948,130.132,665.911,1
272,4.537867,24,0.192251,716.387,555.802,1
273,4.554550,20,0.401146,601.302,611.438,1
273,4.554550,21,0.553033,524.446,70.136,1
273,4.554550,22,0.082286,94.744,669.046,1
273,4.554550,23,0.082948,130.132,665.903,0
273,4.554550,24,0.346412,720.649,554.052,1
274,4.571233,20,0.411118,601.987,607.919,1
274,4.571233,21,0.546447,525.227,72.051,1
274,4.571233,22,0.085220,94.745,669.043,1
274,4.571233,23,0.082948,130.131,665.894,0
274,4.571233,24,0.329859,723.062,552.839,1
275,4.587917,20,0.396535,603.240,601.323,1
275,4.587917,21,0.658451,526.323,75.245,1
275,4.587917,22,0.092329,94.744,669.041,1
275,4.587917,23,0.080217,130.133,665.855,1
275,4.587917,24,0.434752,726.782,550.013,1
276,4.604600,20,0.400106,603.996,597.240,1
276,4.604600,21,0.648287,526.990,77.181,1
276,4.604600,22,0.092812,94.742,669.039,1
276,4.604600,23,0.080431,130.134,665.827,1
276,4.604600,24,0.430344,728.890,548.125,1
277,4.621283,20,0.341811,605.127,589.928,1
277,4.621283,21,0.610475,528.303,81.093,1
277,4.621283,22,0.088974,94.743,669.038,1
277,4.621283,23,0.078056,130.135,665.796,1
277,4.621283,24,0.273857,731.817,544.610,1
278,4.637967,20,0.344171,605.796,585.456,1
278,4.637967,21,0.610831,529.123,83.480,1
278,4.637967,22,0.088368,94.743,669.039,1
278,4.637967,23,0.075099,130.135,665.777,1
278,4.637967,24,0.284089,733.432,542.351,1
279,4.654650,20,0.539496,606.719,576.880,1
279,4.654650,21,0.585724,530.313,87.557,1
279,4.654650,22,0.085201,94.742,669.041,1
279,4.654650,23,0.075099,130.135,665.755,0
279,4.654650,24,0.352773,736.111,537.841,1
280,4.671333,20,0.540461,607.240,571.558,1
280,4.671333,21,0.636816,531.018,90.024,1
280,4.671333,22,0.083674,94.742,669.043,1
280,4.671333,23,0.075099,130.135,665.733,0
280,4.671333,24,0.353729,737.526,534.984,1
281,4.688017,20,0.519423,607.951,561.754,1
281,4.688017,21,0.785958,532.225,94.273,1
281,4.688017,22,0.076117,94.743,669.044,1
281,4.688017,23,0.075099,130.135,665.711,0
281,4.688017,24,0.270906,739.491,529.657,1
282,4.704700,20,0.513106,608.336,555.677,1
282,4.704700,21,0.745838,532.941,96.824,1
282,4.704700,22,0.076117,94.742,669.045,0
282,4.704700,23,0.075099,130.136,665.689,0
282,4.704700,24,0.275522,740.452,526.314,1
283,4.721383,20,0.351449,608.904,545.102,1
283,4.721383,21,0.612900,534.156,101.347,1
283,4.721383,22,0.082982,94.747,669.043,1
283,4.721383,23,0.075099,130.136,665.668,0
283,4.721383,24,0.303044,741.531,520.382,1
284,4.738067,20,0.348239,609.208,538.648,1
284,4.738067,21,0.641167,534.933,104.077,1
284,4.738067,22,0.082982,94.748,669.043,0
284,4.738067,24,0.305319,742.009,516.706,1
285,4.754750,20,0.345223,609.663,526.885,1
285,4.754750,21,0.601241,536.112,108.977,1
285,4.754750,22,0.082982,94.749,669.043,0
285,4.754750,24,0.233283,741.846,510.221,1
286,4.771433,20,0.383759,609.909,519.702,1
286,4.771433,21,0.613243,536.806,111.922,1
286,4.771433,22,0.082982,94.750,669.043,0
286,4.771433,24,0.241505,741.522,506.243,1
287,4.788117,20,0.110044,610.196,506.717,1
287,4.788117,21,0.617832,537.907,116.985,1
287,4.788117,22,0.075377,110.364,667.691,1
287,4.788117,24,0.174710,740.949,499.598,1
288,4.804800,20,0.109172,610.333,498.791,1
288,4.804800,21,0.624072,538.545,120.023,1
288,4.804800,22,0.075377,114.509,667.333,0
288,4.804800,24,0.175189,740.454,495.582,1
289,4.821483,20,0.157159,610.930,485.427,1
289,4.821483,21,0.416210,539.800,125.385,1
289,4.821483,22,0.075377,118.653,666.974,0
289,4.821483,24,0.187126,739.312,488.384,1
290,4.838167,20,0.166184,611.299,477.381,1
290,4.838167,21,0.365824,540.537,128.621,1
290,4.838167,22,0.075377,122.798,666.615,0
290,4.838167,24,0.200048,738.485,483.981,1
291,4.854850,20,0.101261,611.751,464.872,1
291,4.854850,21,0.554286,541.731,134.217,1
291,4.854850,24,0.188122,737.061,476.226,1
292,4.871533,20,0.106003,612.013,457.485,1
292,4.871533,21,0.549251,542.447,137.578,1
292,4.871533,24,0.187018,736.117,471.507,1
293,4.888217,20,0.107728,612.518,445.655,1
293,4.888217,21,0.325454,543.637,143.559,1
293,4.888217,24,0.187018,735.378,465.966,0
294,4.904900,20,0.102397,612.819,438.755,1
294,4.904900,21,0.362323,544.364,147.164,1
294,4.904900,24,0.187018,734.638,460.425,0
295,4.921583,20,0.173267,613.410,427.478,1
295,4.921583,21,0.295099,545.616,153.369,1
295,4.921583,24,0.112980,731.394,451.427,1
296,4.938267,20,0.174551,613.769,420.914,1
296,4.938267,21,0.296202,546.364,157.086,1
296,4.938267,24,0.112878,729.223,445.917,1
297,4.954950,20,0.106324,614.461,409.420,1
297,4.954950,21,0.243305,547.721,163.726,1
297,4.954950,24,0.096525,725.831,437.700,1
297,4.954950,25,0.095675,129.914,666.039,1
298,4.971633,20,0.091566,614.895,402.653,1
298,4.971633,21,0.233646,548.558,167.687,1
298,4.971633,24,0.096525,723.750,430.959,0
298,4.971633,25,0.116011,129.911,666.049,1
299,4.988317,20,0.325670,615.488,391.094,1
299,4.988317,21,0.501717,549.802,174.485,1
299,4.988317,24,0.370447,720.536,423.962,1
299,4.988317,25,0.124980,129.916,666.040,1
300,5.005000,20,0.420770,615.839,384.212,1
300,5.005000,21,0.576028,550.528,178.544,1
300,5.005000,24,0.393201,718.594,420.070,1
300,5.005000,25,0.143576,129.929,666.065,1
301,5.021683,20,0.236024,616.177,373.451,1
301,5.021683,21,0.226946,551.684,185.430,1
301,5.021683,24,0.179232,715.452,413.491,1
301,5.021683,25,0.171649,129.954,666.116,1
302,5.038367,20,0.273670,616.342,367.193,1
302,5.038367,21,0.217676,552.369,189.519,1
302,5.038367,24,0.193369,713.576,409.737,1
302,5.038367,25,0.156902,129.979,666.169,1
302,5.038367,26,0.088872,94.510,669.117,1
303,5.055050,20,0.233882,616.766,356.498,1
303,5.055050,21,0.318955,553.541,196.848,1
303,5.055050,24,0.240884,710.961,403.289,1
303,5.055050,25,0.116391,129.991,666.244,1
303,5.055050,26,0.088872,94.496,669.117,0
304,5.071733,20,0.235051,617.003,350.244,1
304,5.071733,21,0.317801,554.224,201.221,1
304,5.071733,24,0.248994,709.466,399.574,1
304,5.071733,25,0.128107,129.998,666.288,1
304,5.071733,26,0.078539,94.453,669.123,1
305,5.088417,20,0.373210,617.300,339.615,1
305,5.088417,21,0.423154,555.221,208.816,1
305,5.088417,24,0.569428,706.847,393.402,1
305,5.088417,25,0.156776,129.997,666.303,1
305,5.088417,26,0.093501,94.426,669.128,1
306,5.105100,20,0.397939,617.465,333.360,1
306,5.105100,21,0.452765,555.793,213.379,1
306,5.105100,24,0.592953,705.336,389.844,1
306,5.105100,25,0.169393,129.996,666.306,1
306,5.105100,26,0.100365,94.412,669.130,1
307,5.121783,20,0.272729,617.745,322.806,1
307,5.121783,21,0.549825,556.605,221.283,1
307,5.121783,24,0.458088,702.610,383.671,1
307,5.121783,25,0.157197,129.995,666.315,1
307,5.121783,26,0.078849,94.418,669.148,1
308,5.138467,20,0.283897,617.900,316.599,1
308,5.138467,21,0.557921,557.050,226.018,1
308,5.138467,24,0.475595,701.002,380.058,1
308,5.138467,25,0.168669,129.997,666.318,1
308,5.138467,26,0.082260,94.428,669.161,1
309,5.155150,20,0.197042,618.238,306.132,1
309,5.155150,21,0.180851,558.353,234.060,1
309,5.155150,24,0.265142,698.286,374.080,1
309,5.155150,25,0.146828,129.998,666.316,1
309,5.155150,26,0.082260,94.420,669.170,0
310,5.171833,20,0.214718,618.441,299.981,1
310,5.171833,21,0.171720,559.252,238.785,1
310,5.171833,24,0.280304,696.687,370.592,1
310,5.171833,25,0.144824,129.999,666.312,1
310,5.171833,26,0.082260,94.413,669.179,0
311,5.188517,20,0.180047,619.200,289.583,1
311,5.188517,21,0.159271,560.706,247.365,1
311,5.188517,24,0.294338,693.927,365.176,1
311,5.188517,25,0.118344,129.997,666.317,1
311,5.188517,26,0.082260,94.405,669.188,0
312,5.205200,20,0.179180,619.698,283.464,1
312,5.205200,21,0.176046,561.542,252.524,1
312,5.205200,24,0.307079,692.287,362.063,1
312,5.205200,25,0.128880,129.994,666.314,1
312,5.205200,26,0.082260,94.398,669.197,0
313,5.221883,20,0.439616,620.405,273.429,1
313,5.221883,21,0.326842,562.876,261.120,1
313,5.221883,24,0.301664,689.447,356.876,1
313,5.221883,25,0.122200,129.994,666.313,1
313,5.221883,26,0.082260,94.390,669.206,0
314,5.238567,20,0.431261,620.783,267.536,1
314,5.238567,21,0.300954,563.662,266.265,1
314,5.238567,24,0.301303,687.752,353.896,1
314,5.238567,25,0.123202,129.992,666.312,1
315,5.255250,20,0.263374,621.370,258.065,1
315,5.255250,21,0.195219,564.934,275.221,1
315,5.255250,24,0.244033,684.936,349.095,1
315,5.255250,25,0.122239,129.989,666.310,1
316,5.271933,20,0.250317,621.715,252.560,1
316,5.271933,21,0.187418,565.699,280.570,1
316,5.271933,24,0.227734,683.279,346.332,1
316,5.271933,25,0.127650,129.993,666.307,1
317,5.288617,20,0.250317,622.171,245.021,0
317,5.288617,21,0.232443,566.866,289.338,1
317,5.288617,24,0.121419,680.453,342.052,1
317,5.288617,25,0.105838,130.005,666.314,1
318,5.305300,20,0.250317,622.627,237.482,0
318,5.305300,21,0.247321,567.537,294.497,1
318,5.305300,24,0.134780,678.773,339.619,1
318,5.305300,25,0.105015,130.065,666.315,1
319,5.321983,20,0.265867,623.220,228.831,1
319,5.321983,21,0.151764,568.644,304.252,1
319,5.321983,24,0.218804,676.011,335.432,1
319,5.321983,25,0.113498,130.138,666.270,1
320,5.338667,20,0.267531,623.566,223.858,1
320,5.338667,21,0.153598,569.280,310.134,1
320,5.338667,24,0.225322,674.385,333.020,1
320,5.338667,25,0.106737,130.188,666.131,1
321,5.355350,20,0.079957,623.906,215.320,1
321,5.355350,21,0.153598,570.171,317.189,0
321,5.355350,24,0.225322,672.253,329.621,0
321,5.355350,25,0.112017,130.216,666.020,1
322,5.372033,20,0.101539,624.056,210.257,1
322,5.372033,21,0.153598,571.063,324.243,0
322,5.372033,24,0.225322,670.122,326.222,0
322,5.372033,25,0.114298,130.233,665.943,1
323,5.388717,20,0.249830,624.457,201.737,1
323,5.388717,21,0.153598,571.955,331.298,0
323,5.388717,24,0.183276,666.926,322.753,1
323,5.388717,25,0.109491,130.238,665.895,1
324,5.405400,20,0.246435,624.687,196.753,1
324,5.405400,21,0.153598,572.847,338.353,0
324,5.405400,24,0.181150,664.993,320.814,1
324,5.405400,25,0.113110,130.237,665.872,1
325,5.422083,20,0.249523,625.025,188.413,1
325,5.422083,21,0.112684,573.806,349.551,1
325,5.422083,24,0.126056,662.245,317.704,1
325,5.422083,25,0.102136,130.232,665.867,1
326,5.438767,20,0.318269,625.232,183.561,1
326,5.438767,21,0.154240,574.361,356.324,1
326,5.438767,24,0.142855,660.657,315.946,1
326,5.438767,25,0.099670,130.226,665.872,1
327,5.455450,20,0.163767,625.766,175.632,1
327,5.455450,21,0.136728,575.334,367.298,1
327,5.455450,24,0.142855,658.466,313.240,0
327,5.455450,25,0.097859,130.220,665.877,1
328,5.472133,20,0.160434,626.095,171.012,1
328,5.472133,21,0.146172,575.904,373.869,1
328,5.472133,24,0.142855,656.275,310.535,0
328,5.472133,25,0.091432,130.229,665.880,1
329,5.488817,20,0.109908,626.565,163.578,1
329,5.488817,21,0.146172,576.684,381.955,0
329,5.488817,24,0.142855,654.083,307.829,0
329,5.488817,25,0.091412,130.236,665.896,1
330,5.505500,20,0.137462,626.825,159.246,1
330,5.505500,21,0.078963,577.285,389.531,1
330,5.505500,24,0.142855,651.892,305.124,0
330,5.505500,25,0.089879,130.238,665.914,1
331,5.522183,20,0.205472,627.192,151.991,1
331,5.522183,21,0.157274,578.494,400.747,1
331,5.522183,24,0.142855,649.701,302.418,0
331,5.522183,25,0.090182,130.237,665.944,1
332,5.538867,20,0.211140,627.394,147.770,1
332,5.538867,21,0.154352,579.236,407.463,1
332,5.538867,25,0.095708,130.238,665.952,1
333,5.555550,20,0.301590,627.749,140.664,1
333,5.555550,21,0.088135,580.645,418.955,1
333,5.555550,25,0.111192,130.240,665.949,1
334,5.572233,20,0.328549,627.943,136.513,1
334,5.572233,21,0.126063,581.510,425.797,1
334,5.572233,25,0.116346,130.241,665.941,1
335,5.588917,20,0.272231,628.251,129.786,1
335,5.588917,21,0.100304,582.908,437.408,1
335,5.588917,25,0.107637,130.245,665.918,1
336,5.605600,20,0.267345,628.422,125.885,1
336,5.605600,21,0.096715,583.754,444.322,1
336,5.605600,25,0.114235,130.247,665.912,1
337,5.622283,20,0.296178,628.760,119.578,1
337,5.622283,21,0.096715,584.764,453.014,0
337,5.622283,25,0.092864,130.251,665.914,1
338,5.638967,20,0.313988,628.966,115.890,1
338,5.638967,21,0.096715,585.774,461.707,0
338,5.638967,25,0.090435,130.254,665.915,1
339,5.655650,20,0.131055,629.358,109.777,1
339,5.655650,21,0.096715,586.785,470.400,0
339,5.655650,25,0.090273,130.252,665.913,1
340,5.672333,20,0.134578,629.602,106.236,1
340,5.672333,21,0.096715,587.795,479.093,0
340,5.672333,25,0.089932,130.250,665.914,1
341,5.689017,20,0.396882,630.079,100.435,1
341,5.689017,21,0.093172,588.987,490.123,1
341,5.689017,25,0.095133,130.249,665.930,1
342,5.705700,20,0.376421,630.393,97.033,1
342,5.705700,21,0.083269,589.662,496.618,1
342,5.705700,25,0.094827,130.247,665.933,1
343,5.722383,20,0.406829,630.843,91.493,1
343,5.722383,21,0.164086,591.025,503.854,1
343,5.722383,25,0.097056,130.247,665.938,1
344,5.739067,20,0.423154,631.100,88.283,1
344,5.739067,21,0.162628,591.842,507.681,1
344,5.739067,25,0.104143,130.242,665.938,1
345,5.755750,20,0.395348,631.521,82.949,1
345,5.755750,21,0.162628,592.840,514.729,0
345,5.755750,25,0.091742,130.245,665.939,1
346,5.772433,20,0.338830,631.760,79.826,1
346,5.772433,21,0.162628,593.839,521.778,0
346,5.772433,25,0.092265,130.243,665.942,1
347,5.789117,20,0.401405,632.125,74.624,1
347,5.789117,21,0.162628,594.838,528.826,0
347,5.789117,25,0.095695,130.239,665.942,1
348,5.805800,20,0.416986,632.323,71.597,1
348,5.805800,21,0.162628,595.837,535.875,0
348,5.805800,25,0.100047,130.233,665.938,1
349,5.822483,20,0.285243,632.604,66.698,1
349,5.822483,21,0.162628,596.836,542.923,0
349,5.822483,25,0.108465,130.228,665.931,1
350,5.839167,20,0.294337,632.739,63.848,1
350,5.839167,25,0.113408,130.226,665.923,1
351,5.855850,20,0.236120,633.028,59.503,1
351,5.855850,25,0.103493,130.229,665.922,1
352,5.872533,20,0.232088,633.204,57.037,1
352,5.872533,25,0.106142,130.230,665.918,1
353,5.889217,20,0.559676,633.566,52.814,1
353,5.889217,25,0.103064,130.234,665.923,1
354,5.905900,20,0.558625,633.818,50.397,1
354,5.905900,25,0.099463,130.237,665.932,1
355,5.922583,20,0.480094,634.304,46.524,1
355,5.922583,25,0.105363,130.240,665.938,1
356,5.939267,20,0.457392,634.601,44.292,1
356,5.939267,25,0.103785,130.245,665.966,1
357,5.955950,20,0.398177,635.143,40.846,1
357,5.955950,25,0.107405,130.248,666.010,1
358,5.972633,20,0.438074,635.581,38.944,1
358,5.972633,25,0.121138,130.250,666.058,1
359,5.989317,20,0.339393,635.931,35.632,1
359,5.989317,25,0.117295,130.249,666.111,1
360,6.006000,20,0.364875,636.122,33.724,1
360,6.006000,25,0.127680,130.252,666.166,1
361,6.022683,20,0.451598,636.562,30.580,1
361,6.022683,25,0.120758,130.258,666.203,1
362,6.039367,20,0.439892,636.807,28.761,1
362,6.039367,25,0.118335,130.264,666.224,1
363,6.056050,20,0.307832,637.047,26.077,1
363,6.056050,25,0.122906,130.274,666.225,1
364,6.072733,20,0.312902,637.172,24.560,1
364,6.072733,25,0.125043,130.280,666.220,1
365,6.089417,20,0.383835,637.447,22.892,1
365,6.089417,25,0.125554,130.283,666.209,1
366,6.106100,20,0.360734,637.613,22.006,1
366,6.106100,25,0.120773,130.285,666.198,1
367,6.122783,20,0.323373,637.886,20.978,1
367,6.122783,25,0.125459,130.287,666.189,1
368,6.139467,20,0.326200,638.036,20.522,1
368,6.139467,25,0.122474,130.288,666.175,1
369,6.156150,20,0.164118,638.390,19.716,1
369,6.156150,25,0.119451,130.284,666.162,1
370,6.172833,20,0.150891,638.634,19.340,1
370,6.172833,25,0.117669,130.282,666.154,1
371,6.189517,20,0.133999,639.014,18.907,1
371,6.189517,25,0.120069,130.282,666.157,1
372,6.206200,20,0.132275,639.241,18.730,1
372,6.206200,25,0.121725,130.283,666.165,1
373,6.222883,20,0.095072,639.470,18.315,1
373,6.222883,25,0.125004,130.286,666.170,1
374,6.239567,20,0.098207,639.594,18.117,1
374,6.239567,25,0.126207,130.288,666.177,1
375,6.256250,20,0.141541,640.005,17.752,1
375,6.256250,25,0.126065,130.288,666.182,1
376,6.272933,20,0.141050,640.275,17.567,1
376,6.272933,25,0.127440,130.287,666.183,1
377,6.289617,20,0.143824,640.636,17.351,1
377,6.289617,25,0.130326,130.285,666.181,1
377,6.289617,27,0.161546,599.329,588.617,1
378,6.306300,20,0.148667,640.846,17.252,1
378,6.306300,25,0.134646,130.284,666.177,1
378,6.306300,27,0.147332,598.927,589.791,1
379,6.322983,20,0.150452,641.181,17.121,1
379,6.322983,25,0.134553,130.285,666.173,1
379,6.322983,27,0.172222,597.908,591.677,1
380,6.339667,20,0.130240,641.392,17.048,1
380,6.339667,25,0.137029,130.286,666.169,1
380,6.339667,27,0.173771,597.307,592.755,1
381,6.356350,20,0.146051,641.779,17.059,1
381,6.356350,25,0.136477,130.285,666.161,1
381,6.356350,27,0.247030,596.287,594.310,1
382,6.373033,20,0.148169,642.004,17.102,1
382,6.373033,25,0.137938,130.285,666.156,1
382,6.373033,27,0.247679,595.697,595.183,1
383,6.389717,20,0.147769,642.291,17.281,1
383,6.389717,25,0.130480,130.283,666.157,1
383,6.389717,27,0.229719,594.629,596.103,1
383,6.389717,28,0.102204,648.245,265.007,1
384,6.406400,20,0.148531,642.459,17.421,1
384,6.406400,25,0.126133,130.282,666.162,1
384,6.406400,27,0.222547,593.995,596.577,1
384,6.406400,28,0.105735,648.659,264.662,1
385,6.423083,20,0.108749,642.783,17.861,1
385,6.423083,25,0.124350,130.282,666.163,1
385,6.423083,27,0.205909,592.943,596.786,1
385,6.423083,28,0.103516,649.465,263.592,1
386,6.439767,20,0.101114,642.983,18.173,1
386,6.439767,25,0.127595,130.281,666.163,1
386,6.439767,27,0.206536,592.221,596.792,1
386,6.439767,28,0.122893,650.137,262.954,1
387,6.456450,20,0.101114,643.236,18.354,0
387,6.456450,25,0.129337,130.283,666.162,1
387,6.456450,27,0.237025,590.841,596.337,1
387,6.456450,28,0.122893,650.659,262.401,0
388,6.473133,20,0.101114,643.488,18.535,0
388,6.473133,25,0.127713,130.284,666.163,1
388,6.473133,27,0.243891,589.989,595.939,1
388,6.473133,28,0.122893,651.181,261.848,0
389,6.489817,20,0.087125,643.824,19.284,1
389,6.489817,25,0.135396,130.287,666.161,1
389,6.489817,27,0.243891,589.067,596.038,0
389,6.489817,28,0.122893,651.703,261.294,0
390,6.506500,20,0.086263,644.021,19.782,1
390,6.506500,25,0.142791,130.289,666.158,1
390,6.506500,27,0.091606,587.796,594.645,1
390,6.506500,28,0.122893,652.226,260.741,0
391,6.523183,20,0.080961,644.364,20.684,1
391,6.523183,25,0.141470,130.289,666.148,1
391,6.523183,27,0.105422,585.754,592.305,1
391,6.523183,28,0.122893,652.748,260.188,0
392,6.539867,20,0.076301,644.568,21.268,1
392,6.539867,25,0.142032,130.287,666.164,1
392,6.539867,27,0.107589,584.467,590.705,1
393,6.556550,20,0.261529,644.959,22.153,1
393,6.556550,25,0.136237,130.284,666.177,1
393,6.556550,27,0.107589,583.179,589.664,0
394,6.573233,20,0.264974,645.269,22.682,1
394,6.573233,25,0.136854,130.284,666.181,1
394,6.573233,27,0.107589,581.892,588.623,0
395,6.589917,20,0.382903,645.726,24.074,1
395,6.589917,25,0.124334,130.284,666.172,1
395,6.589917,27,0.107589,580.605,587.581,0
396,6.606600,20,0.372124,646.001,24.949,1
396,6.606600,25,0.126675,130.283,666.166,1
396,6.606600,27,0.107589,579.318,586.540,0
397,6.623283,20,0.479390,646.573,26.649,1
397,6.623283,25,0.123292,130.282,666.160,1
397,6.623283,27,0.107589,578.030,585.499,0
397,6.623283,29,0.081458,94.613,673.704,1
398,6.639967,20,0.475837,646.852,27.705,1
398,6.639967,25,0.122479,130.282,666.155,1
398,6.639967,29,0.084708,94.613,673.736,1
399,6.656650,20,0.557184,647.253,30.297,1
399,6.656650,25,0.118733,130.283,666.154,1
399,6.656650,29,0.086949,94.618,673.759,1
399,6.656650,30,0.139801,662.156,262.632,1
400,6.673333,20,0.575942,647.501,31.962,1
400,6.673333,25,0.122200,130.281,666.153,1
400,6.673333,29,0.081914,94.621,673.757,1
400,6.673333,30,0.147481,662.625,262.917,1
401,6.690017,20,0.439132,647.635,35.229,1
401,6.690017,25,0.136912,130.280,666.151,1
401,6.690017,29,0.091237,94.622,673.765,1
401,6.690017,30,0.227347,663.792,264.189,1
402,6.706700,20,0.470120,647.741,37.428,1
402,6.706700,25,0.135505,130.278,666.150,1
402,6.706700,29,0.093463,94.624,673.779,1
402,6.706700,30,0.277536,664.506,264.972,1
403,6.723383,20,0.657509,647.978,40.977,1
403,6.723383,25,0.143383,130.279,666.149,1
403,6.723383,29,0.086673,94.621,673.653,1
403,6.723383,30,0.417076,665.950,266.441,1
404,6.740067,20,0.674169,648.125,43.178,1
404,6.740067,25,0.154046,130.277,666.147,1
404,6.740067,29,0.120988,94.629,673.594,1
404,6.740067,30,0.433676,666.793,267.308,1
405,6.756750,20,0.632853,648.389,46.957,1
405,6.756750,25,0.156992,130.274,666.136,1
405,6.756750,29,0.083345,94.628,673.435,1
405,6.756750,30,0.196765,668.342,269.082,1
406,6.773433,20,0.630747,648.582,49.241,1
406,6.773433,25,0.161606,130.270,666.124,1
406,6.773433,29,0.083345,94.629,673.368,0
406,6.773433,30,0.199870,669.307,270.154,1
407,6.790117,20,0.611112,648.851,53.556,1
407,6.790117,25,0.144713,130.268,666.119,1
407,6.790117,29,0.096340,94.630,673.469,1
407,6.790117,30,0.239421,670.285,272.177,1
408,6.806800,20,0.614718,648.999,56.207,1
408,6.806800,25,0.147359,130.267,666.118,1
408,6.806800,29,0.081064,94.631,673.389,1
408,6.806800,30,0.232916,670.817,273.425,1
409,6.823483,20,0.345394,649.124,60.543,1
409,6.823483,25,0.147163,130.267,666.113,1
409,6.823483,29,0.109161,94.634,673.544,1
409,6.823483,30,0.192069,671.901,275.762,1
410,6.840167,20,0.337464,649.205,63.152,1
410,6.840167,25,0.147903,130.268,666.109,1
410,6.840167,29,0.108551,94.637,673.659,1
410,6.840167,30,0.198800,672.468,277.203,1
411,6.856850,20,0.288276,649.534,67.875,1
411,6.856850,25,0.137900,130.267,666.105,1
411,6.856850,29,0.108551,94.638,673.699,0
411,6.856850,30,0.147684,673.544,279.880,1
412,6.873533,20,0.267366,649.747,70.685,1
412,6.873533,25,0.140353,130.266,666.103,1
412,6.873533,29,0.108551,94.640,673.739,0
412,6.873533,30,0.139728,674.160,281.536,1
413,6.890217,20,0.455423,650.035,75.851,1
413,6.890217,25,0.148540,130.262,666.096,1
413,6.890217,29,0.108551,94.642,673.779,0
413,6.890217,30,0.184519,675.310,284.298,1
413,6.890217,31,0.202000,544.974,480.103,1
414,6.906900,20,0.459710,650.205,78.997,1
414,6.906900,25,0.142026,130.254,666.088,1
414,6.906900,29,0.108551,94.644,673.819,0
414,6.906900,30,0.151286,676.188,285.965,1
414,6.906900,31,0.222939,543.748,472.065,1
415,6.923583,20,0.382798,650.795,84.464,1
415,6.923583,25,0.141018,130.258,666.097,1
415,6.923583,29,0.108551,94.646,673.860,0
415,6.923583,30,0.108144,677.383,288.884,1
415,6.923583,31,0.222939,542.197,463.324,0
416,6.940267,20,0.362723,651.129,87.644,1
416,6.940267,25,0.143486,130.271,666.101,1
416,6.940267,30,0.093539,678.105,290.643,1
416,6.940267,31,0.222939,540.646,454.583,0
417,6.956950,20,0.588392,651.529,93.173,1
417,6.956950,25,0.158830,130.285,666.112,1
417,6.956950,30,0.105960,679.320,294.169,1
417,6.956950,31,0.222939,539.094,445.842,0
418,6.973633,20,0.579356,651.769,96.486,1
418,6.973633,25,0.163131,130.296,666.124,1
418,6.973633,30,0.109848,680.039,296.343,1
418,6.973633,31,0.222939,537.543,437.101,0
419,6.990317,20,0.375467,652.407,102.456,1
419,6.990317,25,0.151175,130.293,666.134,1
419,6.990317,30,0.125549,681.106,300.149,1
420,7.007000,20,0.376409,652.778,106.084,1
420,7.007000,25,0.151954,130.281,666.136,1
420,7.007000,30,0.124426,681.719,302.473,1
421,7.023683,20,0.501409,653.378,112.549,1
421,7.023683,25,0.153369,130.263,666.134,1
421,7.023683,30,0.167690,682.711,306.520,1
422,7.040367,20,0.513360,653.651,116.461,1
422,7.040367,25,0.155916,130.244,666.133,1
422,7.040367,30,0.167690,683.611,309.541,0
423,7.057050,20,0.493868,653.948,123.040,1
423,7.057050,25,0.154221,130.230,666.132,1
423,7.057050,30,0.083929,684.628,313.675,1
424,7.073733,20,0.471912,654.152,126.984,1
424,7.073733,25,0.157910,130.223,666.133,1
424,7.073733,30,0.084446,685.214,316.142,1
425,7.090417,20,0.408322,654.434,134.010,1
425,7.090417,25,0.167267,130.218,666.132,1
425,7.090417,30,0.084446,686.053,319.233,0
426,7.107100,20,0.417414,654.599,138.236,1
426,7.107100,25,0.167477,130.217,666.133,1
426,7.107100,30,0.094145,686.713,322.373,1
427,7.123783,20,0.225661,655.064,145.505,1
427,7.123783,25,0.152637,130.221,666.143,1
427,7.123783,30,0.094145,687.504,325.477,0
428,7.140467,20,0.213052,655.346,149.874,1
428,7.140467,25,0.150391,130.226,666.157,1
428,7.140467,30,0.094145,688.296,328.581,0
429,7.157150,20,0.279279,655.895,157.104,1
429,7.157150,25,0.135202,130.230,666.173,1
429,7.157150,30,0.096032,689.347,334.501,1
429,7.157150,32,0.091076,94.605,673.781,1
430,7.173833,20,0.275286,656.234,161.401,1
430,7.173833,25,0.137320,130.234,666.188,1
430,7.173833,30,0.104412,689.982,338.192,1
430,7.173833,32,0.086629,94.603,673.765,1
431,7.190517,20,0.456232,656.581,169.085,1
431,7.190517,25,0.159057,130.235,666.195,1
431,7.190517,30,0.124914,691.071,344.055,1
431,7.190517,32,0.086629,94.602,673.784,0
431,7.190517,33,0.300324,534.214,331.039,1
432,7.207200,20,0.457620,656.774,173.700,1
432,7.207200,25,0.146850,130.236,666.180,1
432,7.207200,30,0.128931,691.722,347.613,1
432,7.207200,32,0.113141,94.603,673.785,1
432,7.207200,33,0.302530,533.753,326.209,1
433,7.223883,20,0.373105,657.073,181.991,1
433,7.223883,25,0.134798,130.234,666.155,1
433,7.223883,30,0.174565,692.801,353.213,1
433,7.223883,32,0.112982,94.610,673.638,1
433,7.223883,33,0.308676,532.845,315.550,1
434,7.240567,20,0.366817,657.225,186.986,1
434,7.240567,25,0.130323,130.233,666.150,1
434,7.240567,30,0.171856,693.439,356.544,1
434,7.240567,32,0.110068,94.613,673.507,1
434,7.240567,33,0.291937,532.331,309.289,1
435,7.257250,20,0.499829,657.820,195.798,1
435,7.257250,25,0.156466,130.227,666.141,1
435,7.257250,30,0.371087,694.487,362.631,1
435,7.257250,32,0.126284,94.608,673.531,1
435,7.257250,33,0.383775,531.565,299.002,1
436,7.273933,20,0.496891,658.198,201.113,1
436,7.273933,25,0.162153,130.227,666.145,1
436,7.273933,30,0.359112,695.105,366.291,1
436,7.273933,32,0.129218,94.607,673.547,1
436,7.273933,33,0.376074,531.131,293.082,1
437,7.290617,20,0.395671,658.569,209.857,1
437,7.290617,25,0.158740,130.228,666.147,1
437,7.290617,30,0.356645,696.167,372.597,1
437,7.290617,32,0.129218,94.606,673.523,0
437,7.290617,33,0.476055,530.396,283.537,1
438,7.307300,20,0.409678,658.788,215.065,1
438,7.307300,25,0.156535,130.231,666.152,1
438,7.307300,30,0.362574,696.797,376.395,1
438,7.307300,32,0.129218,94.606,673.498,0
438,7.307300,33,0.492952,530.078,278.056,1
439,7.323983,20,0.398895,659.258,223.944,1
439,7.323983,25,0.142226,130.225,666.162,1
439,7.323983,30,0.239785,697.771,382.796,1
439,7.323983,32,0.129218,94.606,673.473,0
439,7.323983,33,0.480364,529.561,269.172,1
440,7.340667,20,0.387655,659.540,229.232,1
440,7.340667,25,0.144765,130.222,666.169,1
440,7.340667,30,0.240064,698.338,386.615,1
440,7.340667,32,0.129218,94.606,673.448,0
440,7.340667,33,0.480863,529.278,263.983,1
441,7.357350,20,0.570121,660.122,238.386,1
441,7.357350,25,0.150379,130.217,666.185,1
441,7.357350,30,0.319150,699.353,393.216,1
441,7.357350,32,0.129218,94.605,673.424,0
441,7.357350,33,0.502279,528.621,255.312,1
442,7.374033,20,0.609661,660.524,243.822,1
442,7.374033,25,0.155277,130.213,666.200,1
442,7.374033,30,0.343247,699.955,397.155,1
442,7.374033,33,0.514813,528.221,250.240,1
443,7.390717,20,0.363788,660.938,253.962,1
443,7.390717,25,0.141933,130.207,666.220,1
443,7.390717,30,0.279912,701.175,403.918,1
443,7.390717,33,0.534162,527.842,242.195,1
444,7.407400,20,0.403020,661.178,260.085,1
444,7.407400,25,0.158656,130.207,666.229,1
444,7.407400,30,0.315547,701.917,407.960,1
444,7.407400,33,0.569204,527.658,237.524,1
445,7.424083,20,0.232664,661.726,270.233,1
445,7.424083,25,0.175157,130.201,666.233,1
445,7.424083,30,0.264456,702.698,415.007,1
445,7.424083,33,0.472414,527.310,229.736,1
446,7.440767,20,0.223637,662.063,276.336,1
446,7.440767,25,0.172016,130.197,666.231,1
446,7.440767,30,0.251645,703.125,419.218,1
446,7.440767,33,0.490661,527.066,225.208,1
446,7.440767,34,0.094598,94.681,669.075,1
447,7.457450,20,0.177164,662.310,286.384,1
447,7.457450,25,0.174384,130.193,666.225,1
447,7.457450,30,0.130329,704.086,426.845,1
447,7.457450,33,0.345847,526.659,217.535,1
447,7.457450,34,0.094421,94.687,669.084,1
448,7.474133,20,0.184410,662.496,292.338,1
448,7.474133,25,0.176533,130.184,666.218,1
448,7.474133,30,0.134702,704.653,431.435,1
448,7.474133,33,0.347452,526.423,213.061,1
448,7.474133,34,0.095084,94.697,669.103,1
449,7.490817,20,0.104390,662.805,302.910,1
449,7.490817,25,0.155441,130.178,666.214,1
449,7.490817,30,0.173533,705.704,439.026,1
449,7.490817,33,0.424235,525.929,205.636,1
449,7.490817,34,0.081348,94.701,669.137,1
450,7.507500,20,0.118375,662.984,309.211,1
450,7.507500,25,0.153024,130.173,666.209,1
450,7.507500,30,0.179561,706.329,443.546,1
450,7.507500,33,0.460010,525.649,201.268,1
450,7.507500,34,0.080516,94.705,669.166,1
451,7.524183,20,0.118375,663.258,317.047,0
451,7.524183,25,0.169257,130.173,666.194,1
451,7.524183,30,0.195482,707.471,451.448,1
451,7.524183,33,0.230676,525.297,194.043,1
451,7.524183,34,0.091818,94.726,669.178,1
452,7.540867,20,0.118375,663.532,324.882,0
452,7.540867,25,0.177711,130.172,666.183,1
452,7.540867,30,0.200006,708.160,456.172,1
452,7.540867,33,0.240614,525.096,189.821,1
452,7.540867,34,0.097872,94.743,669.180,1
453,7.557550,20,0.100700,663.917,337.061,1
453,7.557550,25,0.172460,130.169,666.165,1
453,7.557550,30,0.254828,709.245,464.575,1
453,7.557550,33,0.614227,524.757,182.949,1
453,7.557550,34,0.097640,94.748,669.184,1
454,7.574233,20,0.125135,664.138,344.418,1
454,7.574233,25,0.175746,130.161,666.155,1
454,7.574233,30,0.268369,709.882,469.611,1
454,7.574233,33,0.615790,524.559,178.947,1
454,7.574233,34,0.099985,94.750,669.180,1
455,7.590917,20,0.125135,664.420,352.973,0
455,7.590917,25,0.152078,130.150,666.135,1
455,7.590917,30,0.137756,710.705,478.174,1
455,7.590917,33,0.347346,524.174,172.389,1
455,7.590917,34,0.090726,94.749,669.176,1
456,7.607600,20,0.125135,664.701,361.528,0
456,7.607600,25,0.154679,130.145,666.128,1
456,7.607600,30,0.125970,711.165,483.297,1
456,7.607600,33,0.349478,523.952,168.593,1
456,7.607600,34,0.095238,94.752,669.168,1
457,7.624283,20,0.125135,664.983,370.083,0
457,7.624283,25,0.168074,130.137,666.118,1
457,7.624283,30,0.242444,711.862,492.091,1
457,7.624283,33,0.401829,523.523,162.067,1
457,7.624283,34,0.107239,94.754,669.153,1
458,7.640967,20,0.125135,665.265,378.639,0
458,7.640967,25,0.159875,130.128,666.117,1
458,7.640967,30,0.239802,712.243,497.326,1
458,7.640967,33,0.377116,523.240,158.257,1
458,7.640967,34,0.103188,94.753,669.128,1
459,7.657650,20,0.125135,665.547,387.194,0
459,7.657650,25,0.180970,130.124,666.118,1
459,7.657650,30,0.275288,713.253,506.329,1
459,7.657650,33,0.299014,522.923,152.261,1
459,7.657650,34,0.121607,94.751,669.120,1
460,7.674333,25,0.186055,130.126,666.136,1
460,7.674333,30,0.273028,713.871,511.694,1
460,7.674333,33,0.296045,522.739,148.800,1
460,7.674333,34,0.119636,94.754,669.105,1
461,7.691017,25,0.181601,130.124,666.150,1
461,7.691017,30,0.347497,714.844,520.736,1
461,7.691017,33,0.536501,522.234,142.846,1
461,7.691017,34,0.113507,94.756,669.112,1
462,7.707700,25,0.181606,130.125,666.162,1
462,7.707700,30,0.359303,715.416,526.098,1
462,7.707700,33,0.581471,521.993,139.343,1
462,7.707700,34,0.111112,94.758,669.120,1
463,7.724383,25,0.210865,130.125,666.156,1
463,7.724383,30,0.178989,716.377,535.408,1
463,7.724383,33,0.378102,521.719,133.877,1
463,7.724383,34,0.120891,94.761,669.129,1
464,7.741067,25,0.212296,130.125,666.151,1
464,7.741067,30,0.187025,716.938,540.955,1
464,7.741067,33,0.380201,521.579,130.722,1
464,7.741067,34,0.119279,94.761,669.134,1
465,7.757750,25,0.237222,130.126,666.146,1
465,7.757750,30,0.418446,717.264,549.836,1
465,7.757750,33,0.225794,521.389,125.306,1
465,7.757750,34,0.133742,94.762,669.136,1
466,7.774433,25,0.230396,130.127,666.144,1
466,7.774433,30,0.421811,717.377,555.031,1
466,7.774433,33,0.213994,521.279,122.139,1
466,7.774433,34,0.132353,94.762,669.138,1
467,7.791117,25,0.227887,130.127,666.142,1
467,7.791117,30,0.339000,716.105,561.938,1
467,7.791117,33,0.528508,521.025,117.175,1
467,7.791117,34,0.141509,94.763,669.139,1
467,7.791117,35,0.141337,677.690,442.695,1
468,7.807800,25,0.221176,130.129,666.138,1
468,7.807800,30,0.330928,715.139,565.786,1
468,7.807800,33,0.531658,520.863,114.313,1
468,7.807800,34,0.133225,94.762,669.133,1
468,7.807800,35,0.130909,679.672,448.986,1
469,7.824483,25,0.205806,130.131,666.141,1
469,7.824483,30,0.216550,713.282,570.364,1
469,7.824483,33,0.487912,520.518,109.290,1
469,7.824483,34,0.121507,94.758,669.131,1
469,7.824483,35,0.185110,683.174,458.132,1
470,7.841167,25,0.206226,130.133,666.145,1
470,7.841167,30,0.230785,712.015,572.696,1
470,7.841167,33,0.487243,520.315,106.362,1
470,7.841167,34,0.120054,94.754,669.132,1
470,7.841167,35,0.173237,685.194,463.158,1
471,7.857850,25,0.203002,130.135,666.153,1
471,7.857850,30,0.166317,710.554,575.731,1
471,7.857850,33,0.538093,520.044,101.760,1
471,7.857850,34,0.113524,94.751,669.135,1
471,7.857850,35,0.173237,687.510,470.152,0
472,7.874533,25,0.204960,130.137,666.160,1
472,7.874533,30,0.169622,709.649,577.160,1
472,7.874533,33,0.549902,519.890,99.105,1
472,7.874533,34,0.117175,94.752,669.145,1
472,7.874533,35,0.173237,689.826,477.147,0
473,7.891217,25,0.220473,130.136,666.160,1
473,7.891217,30,0.276468,708.673,579.874,1
473,7.891217,33,0.796675,519.680,94.834,1
473,7.891217,34,0.120315,94.754,669.157,1
473,7.891217,35,0.372841,693.078,482.976,1
474,7.907900,25,0.221112,130.137,666.156,1
474,7.907900,30,0.275273,708.141,581.258,1
474,7.907900,33,0.804044,519.578,92.381,1
474,7.907900,34,0.119974,94.758,669.165,1
474,7.907900,35,0.376395,694.967,486.012,1
475,7.924583,25,0.188235,130.137,666.161,1
475,7.924583,30,0.113595,707.336,584.464,1
475,7.924583,33,0.648956,519.327,88.552,1
475,7.924583,34,0.106163,94.764,669.169,1
475,7.924583,35,0.251115,697.502,491.417,1
476,7.941267,25,0.184423,130.120,666.166,1
476,7.941267,30,0.115414,706.895,586.300,1
476,7.941267,33,0.647294,519.173,86.372,1
476,7.941267,34,0.104451,94.768,669.173,1
476,7.941267,35,0.239308,698.929,494.366,1
476,7.941267,36,0.077545,57.459,680.142,1
477,7.957950,25,0.199690,130.100,666.160,1
477,7.957950,30,0.431013,705.344,590.893,1
477,7.957950,33,0.574606,518.882,82.675,1
477,7.957950,34,0.105725,94.758,669.184,1
477,7.957950,35,0.306877,701.108,499.640,1
477,7.957950,36,0.082538,57.464,680.187,1
478,7.974633,25,0.209951,130.083,666.163,1
478,7.974633,30,0.413103,704.462,593.772,1
478,7.974633,33,0.591044,518.688,80.526,1
478,7.974633,34,0.108436,94.748,669.195,1
478,7.974633,35,0.322202,702.346,502.636,1
478,7.974633,36,0.082538,57.468,680.204,0
479,7.991317,25,0.184389,130.066,666.178,1
479,7.991317,30,0.274272,702.723,597.447,1
479,7.991317,33,0.697743,518.268,77.145,1
479,7.991317,34,0.101272,94.731,669.196,1
479,7.991317,35,0.445082,704.135,507.334,1
479,7.991317,36,0.082538,57.472,680.221,0
480,8.008000,25,0.179462,130.057,666.191,1
480,8.008000,30,0.277140,701.634,599.577,1
480,8.008000,33,0.684121,518.047,75.212,1
480,8.008000,34,0.100544,94.719,669.197,1
480,8.008000,35,0.434568,705.110,509.969,1
480,8.008000,36,0.082538,57.476,680.239,0
481,8.024683,25,0.190952,130.050,666.173,1
481,8.024683,30,0.375736,699.787,603.219,1
481,8.024683,33,0.726639,517.691,72.137,1
481,8.024683,34,0.106762,94.709,669.196,1
481,8.024683,35,0.299831,706.437,514.528,1
481,8.024683,36,0.076021,77.049,676.632,1
482,8.041367,25,0.184624,130.046,666.147,1
482,8.041367,30,0.365041,698.665,605.335,1
482,8.041367,33,0.727597,517.421,70.390,1
482,8.041367,34,0.100519,94.704,669.196,1
482,8.041367,35,0.314195,707.128,517.131,1
482,8.041367,36,0.076021,83.652,675.428,0
483,8.058050,25,0.173221,130.041,666.122,1
483,8.058050,30,0.279539,697.003,609.288,1
483,8.058050,33,0.732927,517.033,67.522,1
483,8.058050,34,0.097281,94.709,669.196,1
483,8.058050,35,0.241478,708.173,521.601,1
483,8.058050,36,0.076021,90.256,674.223,0
484,8.074733,25,0.163708,130.037,666.112,1
484,8.074733,30,0.265786,696.024,611.638,1
484,8.074733,33,0.723910,516.806,65.881,1
484,8.074733,34,0.095023,94.702,669.184,1
484,8.074733,35,0.227963,708.720,524.189,1
485,8.091417,25,0.147131,130.037,666.105,1
485,8.091417,30,0.214300,694.232,615.884,1
485,8.091417,33,0.758960,516.484,63.271,1
485,8.091417,34,0.089813,94.685,669.168,1
485,8.091417,35,0.408594,709.602,528.357,1
486,8.108100,25,0.145086,130.039,666.107,1
486,8.108100,30,0.223563,693.102,618.461,1
486,8.108100,33,0.733993,516.241,61.784,1
486,8.108100,34,0.085432,94.660,669.160,1
486,8.108100,35,0.397294,710.053,530.742,1
487,8.124783,25,0.145763,130.041,666.103,1
487,8.124783,30,0.316180,691.545,622.683,1
487,8.124783,33,0.643256,515.821,59.554,1
487,8.124783,34,0.084039,94.639,669.155,1
487,8.124783,35,0.173048,710.629,534.770,1
488,8.141467,25,0.142295,130.043,666.100,1
488,8.141467,30,0.320658,690.623,625.196,1
488,8.141467,33,0.635572,515.572,58.309,1
488,8.141467,34,0.082542,94.636,669.146,1
488,8.141467,35,0.172296,710.906,537.105,1
489,8.158150,25,0.160037,130.045,666.103,1
489,8.158150,30,0.217579,688.213,629.191,1
489,8.158150,33,0.759178,515.156,56.630,1
489,8.158150,34,0.090295,94.645,669.143,1
489,8.158150,35,0.339502,711.249,540.090,1
490,8.174833,25,0.153851,130.047,666.104,1
490,8.174833,30,0.205439,686.693,631.534,1
490,8.174833,33,0.772063,514.919,55.723,1
490,8.174833,34,0.091950,94.659,669.143,1
490,8.174833,35,0.336207,711.368,541.704,1
491,8.191517,25,0.149034,130.052,666.127,1
491,8.191517,30,0.324995,684.454,633.892,1
491,8.191517,33,0.788072,514.646,54.065,1
491,8.191517,34,0.086186,94.676,669.144,1
491,8.191517,35,0.113747,711.648,544.404,1
492,8.208200,25,0.134513,130.066,666.141,1
492,8.208200,30,0.108728,683.074,636.567,1
492,8.208200,33,0.781225,514.502,53.137,1
492,8.208200,34,0.083852,94.687,669.139,1
492,8.208200,35,0.121390,711.778,545.894,1
493,8.224883,25,0.141944,130.069,666.151,1
493,8.224883,30,0.167516,680.459,640.674,1
493,8.224883,33,0.814994,514.287,51.779,1
493,8.224883,34,0.086070,94.683,669.149,1
493,8.224883,35,0.212950,712.242,547.881,1
494,8.241567,25,0.134575,130.071,666.160,1
494,8.241567,30,0.150528,678.893,643.087,1
494,8.241567,33,0.815491,514.177,51.038,1
494,8.241567,34,0.082238,94.677,669.152,1
494,8.241567,35,0.213855,712.509,548.971,1
495,8.258250,25,0.147693,130.061,666.159,1
495,8.258250,30,0.335438,676.001,646.017,1
495,8.258250,33,0.761791,513.768,50.025,1
495,8.258250,34,0.084765,94.669,669.159,1
495,8.258250,35,0.289141,713.035,550.166,1
496,8.274933,25,0.145209,130.053,666.158,1
496,8.274933,30,0.323597,674.242,647.656,1
496,8.274933,33,0.771080,513.509,49.492,1
496,8.274933,34,0.082513,94.648,669.169,1
496,8.274933,35,0.284663,713.348,550.717,1
497,8.291617,25,0.153015,130.051,666.146,1
497,8.291617,30,0.323597,672.234,650.269,0
497,8.291617,33,0.789028,513.024,48.749,1
497,8.291617,34,0.091351,94.617,669.168,1
497,8.291617,35,0.475694,714.199,551.489,1
498,8.308300,25,0.160758,130.050,666.126,1
498,8.308300,30,0.323597,670.225,652.881,0
498,8.308300,33,0.806726,512.626,48.362,1
498,8.308300,34,0.090887,94.580,669.171,1
498,8.308300,35,0.480999,714.732,551.827,1
499,8.324983,25,0.150860,130.048,666.119,1
499,8.324983,30,0.114256,666.979,654.323,1
499,8.324983,33,0.813652,512.129,47.999,1
499,8.324983,34,0.092795,94.540,669.176,1
499,8.324983,35,0.422804,715.805,552.224,1
500,8.341667,25,0.117160,130.044,666.192,1
500,8.341667,30,0.078328,665.011,654.979,1
500,8.341667,33,0.293109,511.856,47.882,1
500,8.341667,34,0.091451,94.532,669.127,1
500,8.341667,35,0.393371,716.540,552.385,1
501,8.358350,25,0.130429,130.046,666.254,1
501,8.358350,30,0.163152,661.745,656.039,1
501,8.358350,33,0.763692,511.530,47.872,1
501,8.358350,34,0.094611,94.541,669.098,1
501,8.358350,35,0.463883,717.628,552.404,1
502,8.375033,25,0.131249,130.053,666.289,1
502,8.375033,30,0.167410,659.776,656.507,1
502,8.375033,33,0.777063,511.377,47.939,1
502,8.375033,34,0.095867,94.570,669.065,1
502,8.375033,35,0.462301,718.289,552.330,1
503,8.391717,25,0.113974,130.062,666.320,1
503,8.391717,30,0.182865,656.772,656.785,1
503,8.391717,33,0.749915,511.114,48.323,1
503,8.391717,34,0.080059,94.601,669.037,1
503,8.391717,35,0.342894,719.508,551.988,1
504,8.408400,25,0.103692,130.073,666.322,1
504,8.408400,30,0.179899,655.010,656.792,1
504,8.408400,33,0.659113,510.961,48.652,1
504,8.408400,34,0.082916,94.647,669.004,1
504,8.408400,35,0.339430,720.258,551.697,1
505,8.425083,25,0.105305,130.079,666.312,1
505,8.425083,30,0.201801,652.070,656.096,1
505,8.425083,33,0.776923,510.588,49.254,1
505,8.425083,34,0.085434,94.650,668.984,1
505,8.425083,35,0.356322,721.350,551.054,1
506,8.441767,25,0.103950,130.082,666.303,1
506,8.441767,30,0.208531,650.407,655.493,1
506,8.441767,33,0.769194,510.349,49.677,1
506,8.441767,34,0.085582,94.641,668.975,1
506,8.441767,35,0.377227,722.008,550.650,1
507,8.458450,25,0.106995,130.085,666.294,1
507,8.458450,30,0.173768,647.655,654.012,1
507,8.458450,33,0.810293,509.945,50.579,1
507,8.458450,34,0.087702,94.619,668.974,1
507,8.458450,35,0.326793,722.983,549.674,1
508,8.475133,25,0.107525,130.087,666.290,1
508,8.475133,30,0.173744,646.049,652.951,1
508,8.475133,33,0.810321,509.679,51.190,1
508,8.475133,34,0.086660,94.585,668.975,1
508,8.475133,35,0.317998,723.549,549.018,1
509,8.491817,25,0.116657,130.085,666.281,1
509,8.491817,30,0.192130,643.717,650.765,1
509,8.491817,33,0.790566,509.237,52.444,1
509,8.491817,34,0.096843,94.561,668.975,1
509,8.491817,35,0.269646,724.455,547.530,1
510,8.508500,25,0.117371,130.084,666.276,1
510,8.508500,30,0.197705,642.414,649.305,1
510,8.508500,33,0.791045,508.957,53.255,1
510,8.508500,34,0.097974,94.545,668.977,1
510,8.508500,35,0.274555,724.975,546.553,1
511,8.525183,25,0.115487,130.085,666.276,1
511,8.525183,30,0.226037,640.496,646.002,1
511,8.525183,33,0.708046,508.555,54.908,1
511,8.525183,34,0.096038,94.538,668.983,1
511,8.525183,35,0.116756,725.728,544.941,1
512,8.541867,25,0.112200,130.089,666.275,1
512,8.541867,30,0.225381,639.428,643.839,1
512,8.541867,33,0.703078,508.324,55.944,1
512,8.541867,34,0.095822,94.534,668.989,1
512,8.541867,35,0.116187,726.146,543.924,1
513,8.558550,25,0.104432,130.091,666.271,1
513,8.558550,30,0.196252,637.737,639.707,1
513,8.558550,33,0.448435,507.915,57.788,1
513,8.558550,34,0.085795,94.534,668.995,1
513,8.558550,35,0.212709,726.679,541.837,1
514,8.575233,25,0.105039,130.091,666.269,1
514,8.575233,30,0.189214,636.812,637.087,1
514,8.575233,33,0.434432,507.602,58.934,1
514,8.575233,34,0.085116,94.535,668.999,1
514,8.575233,35,0.212053,726.952,540.514,1
515,8.591917,25,0.103216,130.091,666.264,1
515,8.591917,30,0.098364,635.220,632.247,1
515,8.591917,33,0.574750,507.188,61.058,1
515,8.591917,34,0.084847,94.536,669.004,1
515,8.591917,35,0.198651,727.235,538.327,1
516,8.608600,25,0.103927,130.090,666.261,1
516,8.608600,30,0.097851,634.322,629.207,1
516,8.608600,33,0.566077,506.995,62.394,1
516,8.608600,34,0.089146,94.537,669.008,1
516,8.608600,35,0.189044,727.371,536.995,1
517,8.625283,25,0.089874,130.096,666.281,1
517,8.625283,30,0.218036,632.727,623.556,1
517,8.625283,33,0.541901,506.548,64.975,1
517,8.625283,34,0.076142,94.537,669.005,1
517,8.625283,35,0.161034,727.464,534.519,1
518,8.641967,25,0.088772,130.101,666.286,1
518,8.641967,30,0.219823,631.819,620.045,1
518,8.641967,33,0.512464,506.187,66.581,1
518,8.641967,34,0.075136,94.535,669.003,1
518,8.641967,35,0.162922,727.475,532.978,1
519,8.658650,25,0.085907,130.106,666.299,1
519,8.658650,30,0.202777,630.336,613.891,1
519,8.658650,33,0.396448,505.640,69.579,1
519,8.658650,34,0.075136,94.533,669.004,0
519,8.658650,35,0.331029,727.265,529.872,1
520,8.675333,25,0.094418,130.106,666.293,1
520,8.675333,30,0.204122,629.483,610.109,1
520,8.675333,33,0.399631,505.347,71.395,1
520,8.675333,34,0.075795,94.528,668.997,1
520,8.675333,35,0.329814,727.086,527.941,1
521,8.692017,25,0.094238,130.109,666.299,1
521,8.692017,30,0.216386,628.020,602.963,1
521,8.692017,33,0.678629,504.749,74.626,1
521,8.692017,34,0.075795,94.526,668.996,0
521,8.692017,35,0.323910,726.813,524.901,1
522,8.708700,25,0.089810,130.111,666.299,1
522,8.708700,30,0.205057,627.074,598.575,1
522,8.708700,33,0.678907,504.382,76.603,1
522,8.708700,34,0.075795,94.523,668.995,0
522,8.708700,35,0.328340,726.614,523.061,1
523,8.725383,25,0.086824,130.112,666.292,1
523,8.725383,30,0.171627,625.872,590.469,1
523,8.725383,33,0.539768,504.061,80.184,1
523,8.725383,34,0.075795,94.521,668.993,0
523,8.725383,35,0.307306,726.111,519.276,1
524,8.742067,25,0.088679,130.108,666.281,1
524,8.742067,30,0.186143,625.210,585.516,1
524,8.742067,33,0.538869,503.904,82.372,1
524,8.742067,34,0.075795,94.518,668.992,0
524,8.742067,35,0.310565,725.772,516.932,1
525,8.758750,25,0.096440,130.141,666.301,1
525,8.758750,30,0.268994,624.226,576.036,1
525,8.758750,33,0.641508,503.488,86.430,1
525,8.758750,34,0.075795,94.515,668.991,0
525,8.758750,35,0.326206,725.063,513.103,1
526,8.775433,25,0.097892,130.177,666.331,1
526,8.775433,30,0.263755,623.685,570.187,1
526,8.775433,33,0.647934,503.233,88.916,1
526,8.775433,35,0.330082,724.590,510.776,1
527,8.792117,25,0.084094,130.187,666.360,1
527,8.792117,30,0.204989,622.783,560.337,1
527,8.792117,33,0.720000,502.916,92.915,1
527,8.792117,35,0.205488,723.379,506.258,1
528,8.808800,25,0.084053,130.145,666.372,1
528,8.808800,30,0.209123,622.298,554.362,1
528,8.808800,33,0.721139,502.708,95.316,1
528,8.808800,35,0.178937,722.591,503.472,1
529,8.825483,25,0.091265,130.155,666.402,1
529,8.825483,30,0.142396,621.248,543.334,1
529,8.825483,33,0.412389,502.306,99.845,1
529,8.825483,35,0.093320,721.229,498.545,1
530,8.842167,25,0.095057,130.167,666.432,1
530,8.842167,30,0.155208,620.604,536.632,1
530,8.842167,33,0.462384,502.000,102.580,1
530,8.842167,35,0.083393,720.365,495.615,1
531,8.858850,25,0.080654,130.129,666.459,1
531,8.858850,30,0.271832,619.593,524.681,1
531,8.858850,33,0.634909,501.462,107.447,1
531,8.858850,35,0.108052,718.888,489.777,1
532,8.875533,25,0.080654,130.122,666.482,0
532,8.875533,30,0.280382,619.001,517.461,1
532,8.875533,33,0.635575,501.143,110.413,1
532,8.875533,35,0.124244,717.979,486.205,1
533,8.892217,25,0.081528,130.065,666.475,1
533,8.892217,30,0.264939,618.223,505.404,1
533,8.892217,33,0.558145,500.750,115.527,1
533,8.892217,35,0.363309,716.669,480.031,1
534,8.908900,25,0.075759,130.032,666.469,1
534,8.908900,30,0.265479,617.777,498.192,1
534,8.908900,33,0.575174,500.542,118.665,1
534,8.908900,35,0.327514,715.914,476.258,1
535,8.925583,25,0.075759,130.008,666.479,0
535,8.925583,30,0.107049,617.291,486.088,1
535,8.925583,33,0.436925,500.102,124.062,1
535,8.925583,35,0.097596,714.474,469.821,1
536,8.942267,25,0.075759,129.985,666.489,0
536,8.942267,30,0.111892,617.047,478.889,1
536,8.942267,33,0.459592,499.846,127.330,1
536,8.942267,35,0.100449,713.606,465.940,1
537,8.958950,25,0.075759,129.961,666.498,0
537,8.958950,30,0.137360,616.534,466.521,1
537,8.958950,33,0.498871,499.597,133.290,1
537,8.958950,35,0.100449,712.561,461.322,0
538,8.975633,25,0.075759,129.938,666.508,0
538,8.975633,30,0.117211,616.231,459.168,1
538,8.975633,33,0.493937,499.460,136.949,1
538,8.975633,35,0.100449,711.517,456.704,0
539,8.992317,25,0.075759,129.915,666.517,0
539,8.992317,30,0.350916,615.856,447.769,1
539,8.992317,33,0.303766,499.070,143.096,1
539,8.992317,35,0.308596,708.094,449.733,1
540,9.009000,30,0.361769,615.657,441.115,1
540,9.009000,33,0.311024,498.832,146.876,1
540,9.009000,35,0.310957,705.836,445.502,1
541,9.025683,30,0.381451,615.500,430.259,1
541,9.025683,33,0.321973,498.440,153.451,1
541,9.025683,35,0.284787,702.895,439.410,1
542,9.042367,30,0.398389,615.444,423.869,1
542,9.042367,33,0.337959,498.194,157.391,1
542,9.042367,35,0.292708,701.101,435.871,1
543,9.059050,30,0.125442,615.179,413.043,1
543,9.059050,33,0.268713,497.814,164.299,1
543,9.059050,35,0.292708,699.063,431.060,0
544,9.075733,30,0.122419,615.029,406.721,1
544,9.075733,33,0.250214,497.612,168.467,1
544,9.075733,35,0.292708,697.026,426.249,0
545,9.092417,30,0.167585,614.703,396.050,1
545,9.092417,33,0.412813,497.196,175.811,1
545,9.092417,35,0.098421,694.295,420.924,1
546,9.109100,30,0.149577,614.504,389.789,1
546,9.109100,33,0.405819,497.026,180.203,1
546,9.109100,35,0.098324,692.658,417.803,1
547,9.125783,30,0.100186,614.218,379.161,1
547,9.125783,33,0.158069,496.765,187.687,1
547,9.125783,35,0.223783,690.262,412.181,1
548,9.142467,30,0.102051,614.050,372.930,1
548,9.142467,33,0.153080,496.545,192.164,1
548,9.142467,35,0.230502,688.883,408.884,1
549,9.159150,30,0.196210,613.616,362.796,1
549,9.159150,33,0.551624,496.125,199.980,1
549,9.159150,35,0.367039,686.505,404.294,1
550,9.175833,30,0.196802,613.342,356.864,1
550,9.175833,33,0.555333,495.848,204.641,1
550,9.175833,35,0.381797,685.137,401.731,1
551,9.192517,30,0.324054,612.732,346.825,1
551,9.192517,33,0.446634,495.542,212.965,1
551,9.192517,35,0.504072,682.615,397.586,1
552,9.209200,30,0.338298,612.345,340.941,1
552,9.209200,33,0.451873,495.364,217.966,1
552,9.209200,35,0.518363,681.118,395.251,1
553,9.225883,30,0.137727,611.741,330.863,1
553,9.225883,33,0.352001,494.982,226.430,1
553,9.225883,35,0.306568,678.710,391.335,1
554,9.242567,30,0.124378,611.347,324.934,1
554,9.242567,33,0.340131,494.743,231.497,1
554,9.242567,35,0.295458,677.298,389.077,1
555,9.259250,30,0.219140,610.702,314.898,1
555,9.259250,33,0.531180,494.388,240.434,1
555,9.259250,35,0.368870,674.872,385.170,1
556,9.275933,30,0.196967,610.307,309.005,1
556,9.275933,33,0.509567,494.179,245.796,1
556,9.275933,35,0.347709,673.443,382.903,1
557,9.292617,30,0.201080,609.637,299.030,1
557,9.292617,33,0.344311,493.809,254.916,1
557,9.292617,35,0.271055,671.079,379.189,1
558,9.309300,30,0.199927,609.230,293.154,1
558,9.309300,33,0.336381,493.591,260.406,1
558,9.309300,35,0.274346,669.690,377.023,1
559,9.325983,30,0.228445,608.818,283.461,1
559,9.325983,33,0.275499,493.243,269.813,1
559,9.325983,35,0.210536,667.237,373.627,1
560,9.342667,30,0.243600,608.604,277.763,1
560,9.342667,33,0.273046,493.025,275.426,1
560,9.342667,35,0.215368,665.784,371.680,1
561,9.359350,30,0.324868,608.159,267.975,1
561,9.359350,33,0.460644,492.747,285.202,1
561,9.359350,35,0.342116,663.500,368.558,1
562,9.376033,30,0.322022,607.907,262.190,1
562,9.376033,33,0.469045,492.589,291.038,1
562,9.376033,35,0.349088,662.225,366.807,1
563,9.392717,30,0.394667,607.597,253.171,1
563,9.392717,33,0.529517,492.227,301.125,1
563,9.392717,35,0.446892,659.867,364.206,1
564,9.409400,30,0.386772,607.434,247.938,1
564,9.409400,33,0.527512,492.004,307.118,1
564,9.409400,35,0.445158,658.470,362.762,1
565,9.426083,30,0.398533,606.932,239.177,1
565,9.426083,33,0.335703,491.758,317.674,1
565,9.426083,35,0.241163,655.997,360.336,1
566,9.442767,30,0.441771,606.603,234.067,1
566,9.442767,33,0.368332,491.558,323.999,1
566,9.442767,35,0.277608,654.523,358.969,1
567,9.459450,30,0.421177,606.089,225.562,1
567,9.459450,33,0.290973,491.129,335.049,1
567,9.459450,35,0.228306,652.040,356.798,1
568,9.476133,30,0.423273,605.778,220.610,1
568,9.476133,33,0.305854,490.879,341.689,1
568,9.476133,35,0.236263,650.568,355.577,1
569,9.492817,30,0.416292,605.320,212.183,1
569,9.492817,33,0.291544,490.455,352.922,1
569,9.492817,35,0.348860,648.197,353.739,1
570,9.509500,30,0.403969,605.065,207.283,1
570,9.509500,33,0.294060,490.220,359.633,1
570,9.509500,35,0.357186,646.803,352.727,1
571,9.526183,30,0.423298,604.393,199.561,1
571,9.526183,33,0.324297,489.955,371.171,1
571,9.526183,35,0.359596,644.615,351.257,1
572,9.542867,30,0.424103,603.971,195.107,1
572,9.542867,33,0.321489,489.818,378.054,1
572,9.542867,35,0.362669,643.343,350.492,1
573,9.559550,30,0.258869,603.493,187.234,1
573,9.559550,33,0.127314,489.570,389.644,1
573,9.559550,35,0.362669,641.586,349.122,0
574,9.576233,30,0.259325,603.222,182.604,1
574,9.576233,33,0.128528,489.416,396.493,1
574,9.576233,35,0.362669,639.829,347.751,0
575,9.592917,30,0.251705,602.539,174.791,1
575,9.592917,33,0.140083,489.305,408.687,1
575,9.592917,35,0.362669,638.072,346.381,0
576,9.609600,30,0.229632,602.114,170.175,1
576,9.609600,33,0.132851,489.268,415.961,1
576,9.609600,35,0.362669,636.314,345.010,0
577,9.626283,30,0.147832,601.403,162.934,1
577,9.626283,33,0.110155,489.092,428.259,1
577,9.626283,35,0.089517,633.822,344.717,1
578,9.642967,30,0.149014,601.000,158.723,1
578,9.642967,33,0.108481,488.993,435.579,1
578,9.642967,35,0.089097,632.419,344.697,1
579,9.659650,30,0.198488,600.516,151.931,1
579,9.659650,33,0.108481,488.850,444.780,0
579,9.659650,35,0.126541,630.803,344.752,1
580,9.676333,30,0.209921,600.246,147.975,1
580,9.676333,33,0.108481,488.708,453.981,0
580,9.676333,35,0.131881,629.932,344.909,1
581,9.693017,30,0.495700,599.776,141.260,1
581,9.693017,33,0.157948,488.542,467.674,1
581,9.693017,35,0.341070,629.391,345.000,1
582,9.709700,30,0.483457,599.499,137.350,1
582,9.709700,33,0.152959,488.442,475.923,1
582,9.709700,35,0.339600,629.235,345.118,1
583,9.726383,30,0.335695,598.944,130.926,1
583,9.726383,33,0.078433,488.457,488.073,1
583,9.726383,35,0.181611,628.952,344.848,1
584,9.743067,30,0.321512,598.623,127.180,1
584,9.743067,33,0.080339,488.503,495.154,1
584,9.743067,35,0.173913,628.929,344.692,1
585,9.759750,30,0.528863,598.063,121.149,1
585,9.759750,33,0.114650,489.025,504.526,1
585,9.759750,35,0.079668,628.407,344.305,1
586,9.776433,30,0.543216,597.768,117.589,1
586,9.776433,33,0.128071,489.429,509.735,1
586,9.776433,35,0.086265,628.125,344.032,1
587,9.793117,30,0.451083,597.190,111.609,1
587,9.793117,33,0.286233,489.731,513.957,1
587,9.793117,35,0.152551,627.735,346.758,1
588,9.809800,30,0.507478,596.812,108.110,1
588,9.809800,33,0.314850,489.917,515.694,1
588,9.809800,35,0.161826,627.534,348.714,1
589,9.826483,30,0.447136,596.181,102.523,1
589,9.826483,33,0.116697,488.937,518.234,1
589,9.826483,35,0.161826,627.139,349.632,0
590,9.843167,30,0.427746,595.790,99.249,1
590,9.843167,33,0.113314,488.276,519.176,1
590,9.843167,35,0.161826,626.745,350.551,0
591,9.859850,30,0.584555,595.264,94.041,1
591,9.859850,33,0.113314,488.019,523.049,0
591,9.859850,35,0.161826,626.350,351.470,0
592,9.876533,30,0.571917,594.955,91.045,1
592,9.876533,33,0.113314,487.763,526.923,0
592,9.876533,35,0.161826,625.955,352.389,0
593,9.893217,30,0.653650,594.381,86.058,1
593,9.893217,33,0.083771,485.102,526.756,1
593,9.893217,35,0.192427,625.618,348.445,1
594,9.909900,30,0.619714,594.046,83.172,1
594,9.909900,33,0.081226,483.267,526.071,1
594,9.909900,35,0.179768,625.445,345.531,1
595,9.926583,30,0.511570,593.413,78.331,1
595,9.926583,33,0.081226,482.123,527.947,0
595,9.926583,35,0.179768,625.121,344.484,0
596,9.943267,30,0.516566,593.043,75.529,1
596,9.943267,33,0.081226,480.979,529.823,0
596,9.943267,35,0.179768,624.796,343.438,0
597,9.959950,30,0.330328,592.485,70.973,1
597,9.959950,33,0.081226,479.835,531.699,0
597,9.959950,35,0.193993,624.705,341.424,1
598,9.976633,30,0.334841,592.158,68.338,1
598,9.976633,33,0.081226,478.691,533.575,0
598,9.976633,35,0.195376,624.691,340.192,1
599,9.993317,30,0.503495,591.712,64.114,1
599,9.993317,33,0.081226,477.547,535.451,0
599,9.993317,35,0.195376,624.495,338.907,0
600,10.010000,30,0.530864,591.448,61.672,1
600,10.010000,33,0.080471,474.068,535.977,1
600,10.010000,35,0.195376,624.298,337.623,0
601,10.026683,30,0.469583,590.794,58.018,1
601,10.026683,33,0.112120,470.271,537.336,1
601,10.026683,35,0.195376,624.101,336.339,0
602,10.043367,30,0.516023,590.408,55.910,1
602,10.043367,33,0.119190,467.864,538.072,1
603,10.060050,30,0.692289,589.701,52.239,1
603,10.060050,33,0.102164,464.816,539.565,1
604,10.076733,30,0.673234,589.270,50.119,1
604,10.076733,33,0.101482,463.017,540.427,1
605,10.093417,30,0.605406,588.564,46.853,1
605,10.093417,33,0.168609,460.551,541.923,1
606,10.110100,30,0.602848,588.141,44.992,1
606,10.110100,33,0.170016,459.161,542.796,1
607,10.126783,30,0.436392,587.582,42.187,1
607,10.126783,33,0.301746,457.008,544.254,1
608,10.143467,30,0.426499,587.268,40.620,1
608,10.143467,33,0.300574,455.805,545.106,1
609,10.160150,30,0.389281,586.791,37.998,1
609,10.160150,33,0.145096,453.574,546.107,1
609,10.160150,37,0.091075,623.175,335.915,1
610,10.176833,30,0.430912,586.524,36.479,1
610,10.176833,33,0.148991,452.279,546.639,1
610,10.176833,37,0.092793,623.925,336.415,1
611,10.193517,30,0.606526,586.021,34.163,1
611,10.193517,33,0.090359,450.293,547.073,1
611,10.193517,37,0.092793,624.419,336.744,0
612,10.210200,30,0.614342,585.747,32.856,1
612,10.210200,33,0.096331,449.159,547.234,1
612,10.210200,37,0.092793,624.912,337.072,0
613,10.226883,30,0.650717,585.081,30.775,1
613,10.226883,33,0.164375,447.357,547.363,1
613,10.226883,37,0.137140,625.395,336.005,1
614,10.243567,30,0.639199,584.670,29.605,1
614,10.243567,33,0.162828,446.340,547.360,1
614,10.243567,37,0.136930,625.634,335.378,1
615,10.260250,30,0.430360,584.118,27.900,1
615,10.260250,33,0.153692,444.561,546.981,1
615,10.260250,37,0.136930,626.047,335.086,0
616,10.276933,30,0.429304,583.802,26.969,1
616,10.276933,33,0.157019,443.535,546.656,1
616,10.276933,37,0.136930,626.460,334.794,0
617,10.293617,30,0.401800,583.260,25.803,1
617,10.293617,33,0.136877,441.769,545.928,1
617,10.293617,37,0.169474,626.630,333.159,1
618,10.310300,30,0.384633,582.947,25.209,1
618,10.310300,33,0.131741,440.735,545.408,1
618,10.310300,37,0.163612,626.688,332.148,1
619,10.326983,30,0.481286,582.374,24.608,1
619,10.326983,33,0.310681,439.147,544.177,1
619,10.326983,37,0.092440,626.109,327.389,1
620,10.343667,30,0.471273,582.032,24.360,1
620,10.343667,33,0.300569,438.238,543.349,1
620,10.343667,37,0.086610,625.669,324.264,1
621,10.360350,30,0.354304,581.404,24.131,1
621,10.360350,33,0.182310,436.939,541.649,1
621,10.360350,37,0.086610,625.583,322.090,0
622,10.377033,30,0.365090,581.027,24.009,1
622,10.377033,33,0.194316,436.216,540.531,1
622,10.377033,37,0.086610,625.496,319.916,0
623,10.393717,30,0.325417,580.558,23.967,1
623,10.393717,33,0.116461,435.012,538.038,1
623,10.393717,37,0.264441,624.507,319.157,1
624,10.410400,30,0.332617,580.348,24.012,1
624,10.410400,33,0.122629,434.333,536.423,1
624,10.410400,37,0.259493,623.827,318.893,1
625,10.427083,30,0.360191,579.749,24.125,1
625,10.427083,33,0.105206,433.301,533.256,1
625,10.427083,37,0.310904,622.329,317.667,1
626,10.443767,30,0.347208,579.347,24.246,1
626,10.443767,33,0.107569,432.727,531.240,1
626,10.443767,37,0.316396,621.343,317.012,1
627,10.460450,30,0.306489,578.607,24.383,1
627,10.460450,33,0.089500,431.400,527.347,1
627,10.460450,37,0.080357,620.118,315.444,1
628,10.477133,30,0.302442,578.146,24.496,1
628,10.477133,33,0.090210,430.604,524.892,1
628,10.477133,37,0.094578,619.397,314.478,1
629,10.493817,30,0.289029,577.512,24.829,1
629,10.493817,33,0.156325,429.367,520.043,1
629,10.493817,37,0.122510,619.075,313.372,1
630,10.510500,30,0.305500,577.125,25.070,1
630,10.510500,33,0.157539,428.639,516.997,1
630,10.510500,37,0.122316,618.975,312.770,1
631,10.527183,30,0.357473,576.626,25.534,1
631,10.527183,33,0.186258,427.462,511.788,1
631,10.527183,37,0.122316,618.427,311.752,0
632,10.543867,30,0.348785,576.342,25.840,1
632,10.543867,33,0.194187,426.775,508.578,1
632,10.543867,37,0.145369,617.894,311.397,1
633,10.560550,30,0.470424,575.807,26.517,1
633,10.560550,33,0.132395,425.666,502.457,1
633,10.560550,37,0.093944,617.321,311.279,1
634,10.577233,30,0.469546,575.498,26.957,1
634,10.577233,33,0.126453,425.017,498.666,1
634,10.577233,37,0.098611,617.001,311.325,1
635,10.593917,30,0.595752,574.974,28.029,1
635,10.593917,33,0.274057,423.786,491.752,1
635,10.593917,37,0.389101,616.329,311.409,1
636,10.610600,30,0.592324,574.611,28.722,1
636,10.610600,33,0.259739,423.056,487.516,1
636,10.610600,37,0.372890,615.929,311.558,1
637,10.627283,30,0.561251,574.008,30.521,1
637,10.627283,33,0.225986,421.994,479.366,1
637,10.627283,37,0.294572,615.463,311.938,1
638,10.643967,30,0.548522,573.644,31.690,1
638,10.643967,33,0.211821,421.391,474.328,1
638,10.643967,37,0.285201,615.206,312.238,1
639,10.660650,30,0.545319,572.944,33.954,1
639,10.660650,33,0.218498,420.319,465.380,1
639,10.660650,37,0.253938,614.937,313.048,1
640,10.677333,30,0.537282,572.491,35.446,1
640,10.677333,33,0.215784,419.677,459.889,1
640,10.677333,37,0.244962,614.813,313.604,1
641,10.694017,30,0.390048,571.786,38.068,1
641,10.694017,33,0.101278,418.912,450.147,1
641,10.694017,37,0.192667,614.562,314.704,1
642,10.710700,30,0.386718,571.363,39.714,1
642,10.710700,33,0.088741,418.510,444.211,1
642,10.710700,37,0.184684,614.424,315.422,1
643,10.727383,30,0.632120,570.923,42.629,1
643,10.727383,33,0.093319,418.151,433.992,1
643,10.727383,37,0.215029,614.208,316.944,1
644,10.744067,30,0.609005,570.642,44.424,1
644,10.744067,33,0.097943,417.999,427.802,1
644,10.744067,37,0.207865,614.102,317.929,1
645,10.760750,30,0.583245,570.095,47.719,1
645,10.760750,33,0.097943,417.505,420.502,0
645,10.760750,37,0.130761,613.834,319.661,1
646,10.777433,30,0.583996,569.775,49.753,1
646,10.777433,33,0.078740,417.472,413.310,1
646,10.777433,37,0.140463,613.674,320.752,1
647,10.794117,30,0.591942,569.319,53.574,1
647,10.794117,33,0.129481,417.515,401.898,1
647,10.794117,37,0.093471,613.358,322.699,1
648,10.810800,30,0.608484,569.004,55.931,1
648,10.810800,33,0.131813,417.603,394.941,1
648,10.810800,37,0.093409,613.169,323.906,1
649,10.827483,30,0.441969,568.265,59.990,1
649,10.827483,33,0.133527,417.790,384.107,1
649,10.827483,37,0.093409,612.945,325.199,0
650,10.844167,30,0.462173,567.857,62.464,1
650,10.844167,33,0.136373,417.951,377.737,1
650,10.844167,37,0.093409,612.722,326.492,0
651,10.860850,30,0.414419,567.130,66.773,1
651,10.860850,33,0.098391,418.023,367.888,1
651,10.860850,37,0.093409,612.498,327.785,0
652,10.877533,30,0.382238,566.706,69.391,1
652,10.877533,33,0.086532,418.079,362.171,1
652,10.877533,37,0.093409,612.274,329.077,0
653,10.894217,30,0.477028,566.243,74.120,1
653,10.894217,33,0.086532,418.102,354.354,0
653,10.894217,37,0.093409,612.051,330.370,0
654,10.910900,30,0.481267,566.006,76.998,1
654,10.910900,33,0.086532,418.125,346.536,0
655,10.927583,30,0.572439,565.585,82.183,1
655,10.927583,33,0.165312,418.511,338.491,1
656,10.944267,30,0.560363,565.340,85.301,1
656,10.944267,33,0.165892,418.777,333.989,1
657,10.960950,30,0.599042,565.014,90.638,1
657,10.960950,33,0.093045,418.880,325.844,1
657,10.960950,38,0.083399,130.062,666.585,1
658,10.977633,30,0.598161,564.844,93.835,1
658,10.977633,33,0.095552,418.932,321.138,1
658,10.977633,38,0.085443,130.064,666.589,1
659,10.994317,30,0.532334,564.195,99.851,1
659,10.994317,33,0.125642,418.959,312.313,1
659,10.994317,38,0.083561,130.061,666.579,1
660,11.011000,30,0.522963,563.797,103.505,1
660,11.011000,33,0.124727,418.927,307.084,1
660,11.011000,38,0.078609,130.060,666.583,1
661,11.027683,30,0.511419,563.195,109.659,1
661,11.027683,33,0.276073,418.959,298.773,1
661,11.027683,38,0.078411,130.060,666.577,1
662,11.044367,30,0.513896,562.823,113.365,1
662,11.044367,33,0.273555,418.975,293.924,1
662,11.044367,38,0.078397,130.062,666.572,1
663,11.061050,30,0.414651,562.142,120.039,1
663,11.061050,33,0.404091,419.071,285.835,1
663,11.061050,38,0.078397,130.062,666.569,0
664,11.077733,30,0.404516,561.727,124.092,1
664,11.077733,33,0.386935,419.132,281.104,1
664,11.077733,38,0.078397,130.062,666.567,0
665,11.094417,30,0.451696,561.268,130.998,1
665,11.094417,33,0.407763,419.207,273.228,1
665,11.094417,39,0.208866,609.891,370.638,1
665,11.094417,38,0.077981,130.058,666.564,1
666,11.111100,30,0.428867,561.013,135.155,1
666,11.111100,33,0.412158,419.257,268.617,1
666,11.111100,39,0.206347,609.680,373.657,1
666,11.111100,38,0.077734,130.056,666.563,1
667,11.127783,30,0.390060,560.518,142.423,1
667,11.127783,33,0.386249,419.238,261.221,1
667,11.127783,39,0.094895,609.380,378.692,1
667,11.127783,38,0.077734,130.055,666.561,0
668,11.144467,30,0.370620,560.176,146.795,1
668,11.144467,33,0.382505,419.202,256.941,1
668,11.144467,39,0.090014,609.203,381.582,1
668,11.144467,38,0.077734,130.054,666.558,0
669,11.161150,30,0.256975,559.626,154.439,1
669,11.161150,33,0.408495,419.126,249.521,1
669,11.161150,39,0.123201,608.940,386.639,1
669,11.161150,38,0.077734,130.053,666.556,0
670,11.177833,30,0.257866,559.289,159.067,1
670,11.177833,33,0.397597,419.073,245.174,1
670,11.177833,39,0.118537,608.790,389.605,1
670,11.177833,38,0.077734,130.051,666.554,0
671,11.194517,30,0.443985,558.639,167.242,1
671,11.194517,33,0.501022,419.091,238.126,1
671,11.194517,39,0.252050,608.581,394.876,1
671,11.194517,38,0.077734,130.050,666.552,0
672,11.211200,30,0.429600,558.245,172.170,1
672,11.211200,33,0.497511,419.099,234.025,1
672,11.211200,39,0.258473,608.463,398.009,1
673,11.227883,30,0.555620,557.623,180.757,1
673,11.227883,33,0.475302,419.100,227.471,1
673,11.227883,39,0.464736,608.395,403.404,1
674,11.244567,30,0.530790,557.252,185.917,1
674,11.244567,33,0.488935,419.083,223.685,1
674,11.244567,39,0.458589,608.376,406.617,1
675,11.261250,30,0.336188,556.718,194.471,1
675,11.261250,33,0.221858,419.188,217.354,1
675,11.261250,39,0.269360,608.445,412.444,1
676,11.277933,30,0.354659,556.411,199.569,1
676,11.277933,33,0.231800,419.269,213.679,1
676,11.277933,39,0.268452,608.509,415.947,1
677,11.294617,30,0.524381,555.954,208.756,1
677,11.294617,33,0.489667,419.257,207.591,1
677,11.294617,39,0.370219,608.166,422.098,1
678,11.311300,30,0.538864,555.707,214.270,1
678,11.311300,33,0.504220,419.240,204.054,1
678,11.311300,39,0.383573,607.929,425.798,1
679,11.327983,30,0.276680,555.217,224.018,1
679,11.327983,33,0.277694,419.446,198.368,1
679,11.327983,39,0.215861,607.529,432.624,1
680,11.344667,30,0.259607,554.952,229.878,1
680,11.344667,33,0.263346,419.599,195.087,1
680,11.344667,39,0.206268,607.269,436.722,1
681,11.361350,30,0.237385,554.430,240.000,1
681,11.361350,33,0.088472,419.848,189.747,1
681,11.361350,39,0.166425,606.973,443.774,1
682,11.378033,30,0.232682,554.126,246.071,1
682,11.378033,33,0.081354,420.024,186.669,1
682,11.378033,39,0.163721,606.797,448.021,1
683,11.394717,30,0.371123,553.675,256.600,1
683,11.394717,33,0.352769,420.220,181.786,1
683,11.394717,39,0.461086,606.447,455.232,1
684,11.411400,30,0.370177,553.412,262.907,1
684,11.411400,33,0.345038,420.336,178.992,1
684,11.411400,39,0.477116,606.235,459.572,1
685,11.428083,30,0.345821,552.874,273.581,1
685,11.428083,33,0.347866,420.491,174.208,1
685,11.428083,39,0.380462,605.957,466.905,1
686,11.444767,30,0.357408,552.551,279.951,1
686,11.444767,33,0.358448,420.569,171.438,1
686,11.444767,39,0.377527,605.799,471.279,1
687,11.461450,30,0.585082,551.955,291.111,1
687,11.461450,33,0.414498,420.600,167.071,1
687,11.461450,39,0.370850,605.620,478.674,1
688,11.478133,30,0.579277,551.587,297.789,1
688,11.478133,33,0.422171,420.600,164.570,1
688,11.478133,39,0.383120,605.528,483.070,1
689,11.494817,30,0.172202,550.857,309.358,1
689,11.494817,33,0.482395,420.710,160.338,1
689,11.494817,39,0.219888,605.195,490.704,1
690,11.511500,30,0.171305,550.409,316.277,1
690,11.511500,33,0.481016,420.771,157.891,1
690,11.511500,39,0.211763,604.981,495.245,1
691,11.528183,30,0.139347,549.756,327.632,1
691,11.528183,33,0.296733,420.833,154.111,1
691,11.528183,39,0.097501,604.729,503.321,1
692,11.544867,30,0.130357,549.370,334.360,1
692,11.544867,33,0.281994,420.866,151.957,1
692,11.544867,39,0.088087,604.585,508.145,1
693,11.561550,30,0.279177,548.817,346.155,1
693,11.561550,33,0.495405,421.076,148.416,1
693,11.561550,39,0.587232,604.230,516.357,1
694,11.578233,30,0.238210,548.507,353.160,1
694,11.578233,33,0.476628,421.214,146.387,1
694,11.578233,39,0.568501,604.010,521.257,1
695,11.594917,30,0.228165,548.040,365.742,1
695,11.594917,33,0.550139,421.364,143.100,1
695,11.594917,39,0.370217,603.660,529.993,1
695,11.594917,41,0.093663,94.434,669.040,1
695,11.594917,40,0.091833,130.054,666.566,1
696,11.611600,30,0.221786,547.777,373.294,1
696,11.611600,33,0.544947,421.484,141.217,1
696,11.611600,39,0.359474,603.446,535.236,1
696,11.611600,41,0.089624,94.441,669.041,1
696,11.611600,40,0.089253,130.054,666.570,1
697,11.628283,30,0.307867,548.251,383.476,1
697,11.628283,33,0.618401,421.655,138.357,1
697,11.628283,39,0.432256,603.014,544.060,1
697,11.628283,41,0.085210,94.445,669.039,1
697,11.628283,40,0.090443,130.056,666.572,1
698,11.644967,30,0.314246,548.651,389.268,1
698,11.644967,33,0.614421,421.749,136.756,1
698,11.644967,39,0.427165,602.749,549.308,1
698,11.644967,41,0.084147,94.447,669.038,1
698,11.644967,40,0.089802,130.056,666.570,1
699,11.661650,30,0.190817,549.727,397.116,1
699,11.661650,33,0.564375,421.846,134.242,1
699,11.661650,39,0.233457,602.238,558.310,1
699,11.661650,41,0.091602,94.446,669.038,1
699,11.661650,40,0.101083,130.058,666.568,1
700,11.678333,30,0.203241,550.493,401.386,1
700,11.678333,33,0.568111,421.893,132.827,1
700,11.678333,39,0.242607,601.921,563.674,1
700,11.678333,41,0.090160,94.443,669.042,1
700,11.678333,40,0.097514,130.059,666.566,1
701,11.695017,30,0.203241,550.894,408.632,0
701,11.695017,33,0.737202,422.176,130.462,1
701,11.695017,39,0.157757,601.730,571.887,1
701,11.695017,41,0.104715,94.438,669.047,1
701,11.695017,40,0.111941,130.060,666.554,1
702,11.711700,30,0.203241,551.296,415.877,0
702,11.711700,33,0.736176,422.323,129.116,1
702,11.711700,39,0.161218,601.647,576.673,1
702,11.711700,41,0.105619,94.439,669.052,1
702,11.711700,40,0.109102,130.064,666.533,1
703,11.728383,30,0.196024,552.777,422.110,1
703,11.728383,33,0.726496,422.405,127.168,1
703,11.728383,39,0.382785,601.014,580.563,1
703,11.728383,41,0.111553,94.433,669.049,1
703,11.728383,40,0.107665,130.065,666.516,1
704,11.745067,30,0.205002,553.759,425.424,1
704,11.745067,33,0.717967,422.431,126.062,1
704,11.745067,39,0.391956,600.605,582.340,1
704,11.745067,41,0.109592,94.433,669.033,1
704,11.745067,40,0.106508,130.066,666.501,1
705,11.761750,30,0.247923,555.047,432.424,1
705,11.761750,33,0.610517,422.487,124.447,1
705,11.761750,39,0.165402,599.301,583.798,1
705,11.761750,41,0.106526,94.431,669.012,1
705,11.761750,40,0.108317,130.066,666.502,1
706,11.778433,30,0.263723,555.842,436.494,1
706,11.778433,33,0.610778,422.593,123.566,1
706,11.778433,39,0.170856,598.437,584.126,1
706,11.778433,41,0.108339,94.427,668.987,1
706,11.778433,40,0.104035,130.062,666.486,1
707,11.795117,30,0.127259,557.293,444.136,1
707,11.795117,33,0.719089,422.754,122.218,1
707,11.795117,39,0.101392,597.078,584.748,1
707,11.795117,41,0.111940,94.426,668.961,1
707,11.795117,40,0.107964,130.062,666.487,1
708,11.811800,30,0.122492,558.186,448.659,1
708,11.811800,33,0.703625,422.865,121.487,1
708,11.811800,39,0.092480,596.221,584.758,1
708,11.811800,41,0.111885,94.429,668.957,1
708,11.811800,40,0.107026,130.062,666.485,1
709,11.828483,30,0.286065,560.304,456.121,1
709,11.828483,33,0.825889,423.016,120.577,1
709,11.828483,39,0.349124,594.344,585.557,1
709,11.828483,41,0.128154,94.429,668.971,1
709,11.828483,40,0.120057,130.062,666.481,1
710,11.845167,30,0.302053,561.596,460.508,1
710,11.845167,33,0.825255,423.172,120.120,1
710,11.845167,39,0.337540,593.151,585.884,1
710,11.845167,41,0.122606,94.431,668.986,1
710,11.845167,40,0.120718,130.063,666.482,1
711,11.861850,30,0.284253,563.712,468.189,1
711,11.861850,33,0.815500,423.356,119.374,1
711,11.861850,39,0.178574,591.215,587.865,1
711,11.861850,41,0.101438,94.437,668.984,1
711,11.861850,40,0.115118,130.065,666.483,1
712,11.878533,30,0.282262,565.012,472.749,1
712,11.878533,33,0.818340,423.517,118.983,1
712,11.878533,39,0.183627,590.023,589.088,1
712,11.878533,41,0.110784,94.441,668.986,1
712,11.878533,40,0.122139,130.067,666.497,1
713,11.895217,30,0.448412,567.652,480.682,1
713,11.895217,33,0.797840,423.687,118.825,1
713,11.895217,39,0.220201,588.263,591.661,1
713,11.895217,41,0.111612,94.443,668.984,1
713,11.895217,40,0.122481,130.071,666.503,1
714,11.911900,30,0.452696,569.294,485.409,1
714,11.911900,33,0.802209,423.822,118.827,1
714,11.911900,39,0.222853,587.219,593.273,1
714,11.911900,41,0.111538,94.444,668.981,1
714,11.911900,40,0.121404,130.074,666.532,1
715,11.928583,30,0.341856,572.046,492.606,1
715,11.928583,33,0.816783,423.942,118.898,1
715,11.928583,39,0.280161,585.600,596.582,1
715,11.928583,41,0.120195,94.442,668.984,1
715,11.928583,40,0.125103,130.077,666.544,1
716,11.945267,30,0.339703,573.727,496.795,1
716,11.945267,33,0.802033,424.087,119.027,1
716,11.945267,39,0.281788,584.657,598.668,1
716,11.945267,41,0.116365,94.445,668.996,1
716,11.945267,40,0.128058,130.079,666.553,1
717,11.961950,30,0.161411,576.463,503.646,1
717,11.961950,33,0.749836,424.286,119.260,1
717,11.961950,39,0.079132,583.017,603.877,1
717,11.961950,41,0.106376,94.449,669.002,1
717,11.961950,40,0.121534,130.076,666.562,1
718,11.978633,30,0.162248,578.115,507.623,1
718,11.978633,33,0.756645,424.465,119.454,1
718,11.978633,39,0.076726,582.047,607.224,1
718,11.978633,41,0.097144,94.455,669.002,1
718,11.978633,40,0.116709,130.075,666.569,1
719,11.995317,30,0.122456,580.342,514.055,1
719,11.995317,33,0.709183,424.717,120.175,1
719,11.995317,39,0.095737,580.753,610.736,1
719,11.995317,41,0.093725,94.487,669.000,1
719,11.995317,40,0.116364,130.073,666.566,1
720,12.012000,30,0.118813,581.613,517.771,1
720,12.012000,33,0.695818,424.855,120.677,1
720,12.012000,39,0.095142,580.029,612.769,1
720,12.012000,41,0.094947,94.479,669.008,1
720,12.012000,40,0.114450,130.056,666.563,1
721,12.028683,30,0.211101,583.855,524.238,1
721,12.028683,33,0.732372,425.001,121.693,1
721,12.028683,39,0.095142,578.900,615.629,0
721,12.028683,41,0.101315,94.458,669.014,1
721,12.028683,40,0.123736,130.031,666.556,1
722,12.045367,30,0.198106,585.152,528.015,1
722,12.045367,33,0.736749,425.126,122.364,1
722,12.045367,39,0.095142,577.770,618.490,0
722,12.045367,41,0.101858,94.427,669.019,1
722,12.045367,40,0.121926,130.002,666.552,1
723,12.062050,30,0.091060,587.449,534.225,1
723,12.062050,33,0.745089,425.385,123.755,1
723,12.062050,39,0.143420,576.372,622.905,1
723,12.062050,41,0.102694,94.394,669.021,1
723,12.062050,40,0.117575,129.973,666.563,1
724,12.078733,30,0.094554,588.800,537.842,1
724,12.078733,33,0.745080,425.537,124.645,1
724,12.078733,39,0.166463,575.536,625.607,1
724,12.078733,41,0.107026,94.372,669.019,1
724,12.078733,40,0.122150,129.953,666.565,1
725,12.095417,30,0.293599,591.162,543.629,1
725,12.095417,33,0.819243,425.762,126.219,1
725,12.095417,39,0.130425,574.000,629.743,1
725,12.095417,41,0.105959,94.361,669.015,1
725,12.095417,40,0.123271,129.942,666.564,1
726,12.112100,30,0.289939,592.561,546.980,1
726,12.112100,33,0.814886,425.877,127.210,1
726,12.112100,39,0.126624,573.078,632.214,1
726,12.112100,41,0.109659,94.354,669.013,1
726,12.112100,40,0.127439,129.936,666.562,1
727,12.128783,30,0.244978,595.151,552.878,1
727,12.128783,33,0.783159,426.193,129.310,1
727,12.128783,39,0.109235,571.250,635.270,1
727,12.128783,41,0.099167,94.353,669.011,1
727,12.128783,40,0.115841,129.934,666.566,1
728,12.145467,30,0.240410,596.688,556.341,1
728,12.145467,33,0.743000,426.352,130.655,1
728,12.145467,39,0.105738,570.122,638.795,1
728,12.145467,41,0.094434,94.356,669.010,1
728,12.145467,40,0.110370,129.935,666.574,1
729,12.162150,30,0.318512,599.390,561.207,1
729,12.162150,33,0.799290,426.564,133.009,1
729,12.162150,39,0.557616,568.035,643.496,1
729,12.162150,41,0.109482,94.357,669.009,1
729,12.162150,40,0.132278,129.941,666.584,1
730,12.178833,30,0.307378,601.012,563.936,1
730,12.178833,33,0.795346,426.687,134.507,1
730,12.178833,39,0.559189,566.755,646.327,1
730,12.178833,41,0.112573,94.360,669.008,1
730,12.178833,40,0.136383,129.946,666.610,1
731,12.195517,30,0.260006,603.103,568.441,1
731,12.195517,33,0.791366,427.104,137.113,1
731,12.195517,39,0.155805,564.425,650.520,1
731,12.195517,41,0.110888,94.366,669.014,1
731,12.195517,40,0.131889,129.949,666.642,1
732,12.212200,30,0.274044,604.281,570.981,1
732,12.212200,33,0.788606,427.337,138.704,1
732,12.212200,39,0.170442,563.004,652.967,1
732,12.212200,41,0.095942,94.358,669.002,1
732,12.212200,40,0.130864,129.959,666.653,1
733,12.228883,30,0.278775,606.576,575.428,1
733,12.228883,33,0.697917,427.555,141.547,1
733,12.228883,39,0.422626,560.335,656.209,1
733,12.228883,41,0.094116,94.343,668.986,1
733,12.228883,40,0.115428,129.979,666.649,1
734,12.245567,30,0.278354,607.924,577.989,1
734,12.245567,33,0.704462,427.688,143.290,1
734,12.245567,39,0.423744,558.694,658.000,1
734,12.245567,41,0.085981,94.332,668.955,1
734,12.245567,40,0.112485,130.000,666.656,1
735,12.262250,30,0.312138,609.638,580.909,1
735,12.262250,33,0.718251,428.169,146.561,1
735,12.262250,39,0.353606,556.161,660.505,1
735,12.262250,41,0.085854,94.308,668.933,1
735,12.262250,40,0.107629,129.962,666.654,1
736,12.278933,30,0.306649,610.581,582.430,1
736,12.278933,33,0.701784,428.455,148.610,1
736,12.278933,39,0.352493,554.649,661.809,1
736,12.278933,41,0.089311,94.322,668.925,1
736,12.278933,40,0.115655,129.956,666.652,1
737,12.295617,30,0.267697,612.215,585.203,1
737,12.295617,33,0.591523,428.699,152.289,1
737,12.295617,39,0.140127,552.326,663.625,1
737,12.295617,41,0.088841,94.356,668.937,1
737,12.295617,40,0.110091,129.967,666.634,1
738,12.312300,30,0.272966,613.138,586.727,1
738,12.312300,33,0.605031,428.771,154.537,1
738,12.312300,39,0.143918,550.963,664.546,1
738,12.312300,41,0.094421,94.403,668.964,1
738,12.312300,40,0.109977,129.954,666.616,1
739,12.328983,30,0.285226,614.750,588.693,1
739,12.328983,33,0.714733,429.229,158.515,1
739,12.328983,39,0.228706,548.666,665.327,1
739,12.328983,41,0.085227,94.458,669.002,1
739,12.328983,40,0.108051,130.009,666.615,1
740,12.345667,30,0.295642,615.678,589.708,1
740,12.345667,33,0.698529,429.539,160.930,1
740,12.345667,39,0.230009,547.324,665.596,1
740,12.345667,41,0.082728,94.498,669.028,1
740,12.345667,40,0.105242,130.039,666.606,1
741,12.362350,30,0.183370,617.190,591.065,1
741,12.362350,33,0.431147,429.827,165.382,1
741,12.362350,39,0.280504,545.188,665.182,1
741,12.362350,41,0.082922,94.529,669.046,1
741,12.362350,40,0.109763,130.052,666.599,1
742,12.379033,30,0.182566,618.062,591.753,1
742,12.379033,33,0.421305,429.993,168.104,1
742,12.379033,39,0.286725,543.956,664.717,1
742,12.379033,41,0.085290,94.547,669.053,1
742,12.379033,40,0.109942,130.054,666.586,1
743,12.395717,30,0.249459,619.452,592.244,1
743,12.395717,33,0.569368,430.313,172.701,1
743,12.395717,39,0.256615,542.060,663.215,1
743,12.395717,41,0.090748,94.555,669.055,1
743,12.395717,40,0.120248,130.043,666.569,1
744,12.412400,30,0.246851,620.245,592.369,1
744,12.412400,33,0.560947,430.491,175.471,1
744,12.412400,39,0.250736,540.989,662.090,1
744,12.412400,41,0.083615,94.558,669.050,1
744,12.412400,40,0.113307,130.025,666.566,1
745,12.429083,30,0.352771,621.397,591.383,1
745,12.429083,33,0.531990,430.770,180.714,1
745,12.429083,39,0.266073,539.396,659.507,1
745,12.429083,41,0.080890,94.558,669.044,1
745,12.429083,40,0.107072,130.003,666.562,1
746,12.445767,30,0.358099,622.038,590.547,1
746,12.445767,33,0.541707,430.929,183.911,1
746,12.445767,39,0.267940,538.507,657.741,1
746,12.445767,41,0.078054,94.554,669.038,1
746,12.445767,40,0.104458,129.979,666.563,1
747,12.462450,30,0.380410,623.161,589.282,1
747,12.462450,33,0.485558,431.288,189.247,1
747,12.462450,39,0.281599,536.975,653.994,1
747,12.462450,41,0.078624,94.554,669.035,1
747,12.462450,40,0.104669,129.955,666.563,1
748,12.479133,30,0.391066,623.800,588.375,1
748,12.479133,33,0.487121,431.504,192.448,1
748,12.479133,39,0.305528,536.095,651.523,1
748,12.479133,41,0.081876,94.552,669.034,1
748,12.479133,40,0.109166,129.946,666.564,1
749,12.495817,30,0.503486,624.922,585.813,1
749,12.495817,33,0.567470,431.923,198.088,1
749,12.495817,39,0.381722,534.985,646.993,1
749,12.495817,41,0.076798,94.550,669.034,1
749,12.495817,40,0.109394,129.941,666.566,1
750,12.512500,30,0.508773,625.525,583.994,1
750,12.512500,33,0.511568,432.224,201.447,1
750,12.512500,39,0.418816,534.345,644.160,1
750,12.512500,41,0.076798,94.552,669.034,0
750,12.512500,40,0.100728,129.953,666.531,1
751,12.529183,30,0.389006,626.176,580.631,1
751,12.529183,33,0.320096,432.637,207.511,1
751,12.529183,39,0.341989,533.138,638.194,1
751,12.529183,41,0.076798,94.554,669.033,0
751,12.529183,40,0.098267,129.963,666.504,1
752,12.545867,30,0.398879,626.507,578.448,1
752,12.545867,33,0.335767,432.867,211.203,1
752,12.545867,39,0.345404,532.452,634.414,1
752,12.545867,41,0.076798,94.557,669.033,0
752,12.545867,40,0.098104,129.970,666.487,1
753,12.562550,30,0.540652,626.998,574.436,1
753,12.562550,33,0.515133,433.309,217.430,1
753,12.562550,39,0.448961,531.453,627.732,1
753,12.562550,41,0.076798,94.559,669.033,0
753,12.562550,40,0.098904,129.975,666.481,1
754,12.579233,30,0.537792,627.246,571.873,1
754,12.579233,33,0.523556,433.559,221.155,1
754,12.579233,39,0.433765,530.893,623.547,1
754,12.579233,41,0.076798,94.561,669.032,0
754,12.579233,40,0.095048,129.978,666.483,1
755,12.595917,30,0.509453,627.715,566.794,1
755,12.595917,33,0.525684,434.116,227.986,1
755,12.595917,39,0.477883,529.806,615.300,1
755,12.595917,40,0.093464,129.989,666.483,1
756,12.612600,30,0.511146,627.965,563.586,1
756,12.612600,33,0.529509,434.454,232.126,1
756,12.612600,39,0.475206,529.167,610.141,1
756,12.612600,40,0.095653,129.997,666.489,1
757,12.629283,30,0.276300,628.169,557.843,1
757,12.629283,33,0.518331,434.969,238.976,1
757,12.629283,39,0.591797,528.144,600.303,1
757,12.629283,40,0.081695,130.041,666.492,1
758,12.645967,30,0.287525,628.206,554.324,1
758,12.645967,33,0.528516,435.269,243.076,1
758,12.645967,39,0.597406,527.550,594.162,1
758,12.645967,40,0.082191,130.097,666.492,1
759,12.662650,30,0.224731,628.007,548.052,1
759,12.662650,33,0.421362,435.749,250.432,1
759,12.662650,39,0.187065,526.507,583.670,1
759,12.662650,40,0.082191,130.123,666.490,0
760,12.679333,30,0.237715,627.830,544.233,1
760,12.679333,33,0.425716,436.036,254.815,1
760,12.679333,39,0.208015,525.884,577.229,1
760,12.679333,40,0.076074,130.149,666.499,1
761,12.696017,30,0.275481,627.256,537.215,1
761,12.696017,33,0.461821,436.410,262.374,1
761,12.696017,39,0.197063,525.092,565.293,1
761,12.696017,40,0.083001,130.162,666.507,1
762,12.712700,30,0.262504,626.845,532.907,1
762,12.712700,33,0.462586,436.620,266.896,1
762,12.712700,39,0.201310,524.704,558.055,1
762,12.712700,40,0.086429,130.168,666.511,1
763,12.729383,30,0.534910,625.379,524.851,1
763,12.729383,33,0.469466,436.887,274.973,1
763,12.729383,39,0.459800,524.370,549.176,1
763,12.729383,40,0.098448,130.168,666.499,1
764,12.746067,30,0.528844,624.374,519.904,1
764,12.746067,33,0.446824,437.031,279.837,1
764,12.746067,39,0.458474,524.218,544.103,1
764,12.746067,40,0.100386,130.164,666.485,1
765,12.762750,30,0.200802,622.667,512.166,1
765,12.762750,33,0.245728,437.367,288.412,1
765,12.762750,39,0.256585,524.427,532.130,1
765,12.762750,40,0.083503,130.158,666.483,1
766,12.779433,30,0.207920,621.563,507.577,1
766,12.779433,33,0.262291,437.562,293.560,1
766,12.779433,39,0.253219,524.619,524.801,1
766,12.779433,40,0.082230,130.158,666.498,1
767,12.796117,30,0.283232,619.646,500.208,1
767,12.796117,33,0.256408,437.980,302.108,1
767,12.796117,39,0.243274,525.289,511.403,1
767,12.796117,40,0.079158,130.149,666.508,1
768,12.812800,30,0.277368,618.441,495.865,1
768,12.812800,33,0.250573,438.232,307.200,1
768,12.812800,39,0.230316,525.804,503.241,1
768,12.812800,40,0.077690,130.136,666.535,1
769,12.829483,30,0.169525,616.397,489.361,1
769,12.829483,33,0.206778,438.670,316.089,1
769,12.829483,39,0.241594,526.558,489.654,1
769,12.829483,40,0.077690,130.132,666.545,0
770,12.846167,30,0.161855,615.169,485.616,1
770,12.846167,33,0.192458,438.936,321.400,1
770,12.846167,39,0.214617,527.066,481.515,1
770,12.846167,40,0.077690,130.129,666.555,0
771,12.862850,30,0.136068,613.329,479.583,1
771,12.862850,33,0.235575,439.462,330.649,1
771,12.862850,39,0.214617,527.443,471.707,0
771,12.862850,40,0.077690,130.126,666.565,0
772,12.879533,30,0.142685,612.243,476.130,1
772,12.879533,33,0.236238,439.787,336.180,1
772,12.879533,39,0.214617,527.820,461.899,0
772,12.879533,40,0.077690,130.122,666.575,0
773,12.896217,30,0.609834,609.131,466.382,1
773,12.896217,33,0.451599,440.562,352.596,1
773,12.896217,39,0.332075,529.038,441.692,1
773,12.896217,40,0.077690,130.119,666.585,0
774,12.912900,30,0.240432,604.600,453.263,1
774,12.912900,33,0.465311,441.758,377.690,1
774,12.912900,39,0.672928,530.479,412.998,1
774,12.912900,40,0.081694,130.107,666.670,1
775,12.929583,30,0.631695,599.182,438.715,1
775,12.929583,33,0.340644,442.960,409.531,1
775,12.929583,39,0.354999,532.126,379.217,1
775,12.929583,40,0.075699,130.100,666.729,1
776,12.946267,30,0.376448,593.464,424.435,1
776,12.946267,33,0.370694,444.421,446.241,1
776,12.946267,39,0.278711,533.983,343.301,1
776,12.946267,40,0.075699,130.094,666.767,0
777,12.962950,30,0.388478,587.532,411.442,1
777,12.962950,33,0.272773,446.138,486.659,1
777,12.962950,39,0.293460,535.740,306.945,1
777,12.962950,40,0.075699,130.087,666.804,0
778,12.979633,30,0.129670,581.615,400.189,1
778,12.979633,33,0.340770,447.933,529.709,1
778,12.979633,39,0.173347,537.389,271.239,1
779,12.996317,30,0.645470,575.918,391.192,1
779,12.996317,33,0.362748,449.854,574.491,1
779,12.996317,39,0.538300,539.066,237.274,1
780,13.013000,30,0.165552,570.676,384.555,1
780,13.013000,33,0.362748,451.348,609.777,0
780,13.013000,39,0.534172,540.493,205.240,1
781,13.029683,30,0.144465,566.387,380.252,1
781,13.029683,33,0.362748,452.842,645.063,0
781,13.029683,39,0.459388,542.183,175.944,1
782,13.046367,30,0.369692,565.312,376.521,1
782,13.046367,33,0.362748,454.336,680.349,0
782,13.046367,39,0.338355,543.514,149.058,1
783,13.063050,30,0.559840,566.961,372.339,1
783,13.063050,33,0.362748,455.830,715.636,0
783,13.063050,39,0.528712,544.696,124.537,1
784,13.079733,30,0.347519,570.367,367.838,1
784,13.079733,33,0.362748,457.323,750.922,0
784,13.079733,39,0.571965,545.877,102.180,1
785,13.096417,30,0.171661,574.992,363.372,1
785,13.096417,39,0.566518,547.043,82.089,1
786,13.113100,30,0.099026,578.907,360.049,1
786,13.113100,39,0.595515,548.143,64.149,1
786,13.113100,42,0.333434,409.548,651.261,1
787,13.129783,30,0.493345,582.618,357.959,1
787,13.129783,39,0.520325,549.538,48.329,1
787,13.129783,42,0.143662,405.746,650.552,1
788,13.146467,30,0.475260,586.021,357.573,1
788,13.146467,39,0.678630,550.896,34.383,1
788,13.146467,42,0.306525,402.755,647.962,1
789,13.163150,30,0.530168,588.792,359.214,1
789,13.163150,39,0.659761,552.364,22.224,1
789,13.163150,42,0.378735,399.744,643.533,1
790,13.179833,30,0.458423,590.749,360.803,1
790,13.179833,39,0.502112,553.810,13.362,1
790,13.179833,42,0.341259,396.663,637.665,1
791,13.196517,30,0.439337,591.726,361.215,1
791,13.196517,39,0.188123,555.100,7.846,1
791,13.196517,42,0.155171,393.363,630.217,1
792,13.213200,30,0.460828,592.104,360.190,1
792,13.213200,39,0.343365,556.370,4.920,1
792,13.213200,42,0.224047,389.736,621.161,1
793,13.229883,30,0.379311,592.389,356.728,1
793,13.229883,39,0.414659,557.981,3.768,1
793,13.229883,42,0.256442,385.777,610.678,1
794,13.246567,30,0.142314,592.298,352.965,1
794,13.246567,39,0.438303,559.653,4.126,1
794,13.246567,42,0.164323,381.545,598.199,1
795,13.263250,30,0.208094,591.499,347.123,1
795,13.263250,39,0.462294,561.387,5.540,1
795,13.263250,42,0.142094,378.246,583.281,1
796,13.279933,30,0.420975,590.384,342.064,1
796,13.279933,39,0.386674,563.039,7.911,1
796,13.279933,42,0.285802,374.799,564.954,1
797,13.296617,30,0.518131,588.989,338.824,1
797,13.296617,39,0.206259,564.848,11.207,1
797,13.296617,42,0.189924,371.105,542.325,1
798,13.313300,30,0.435310,587.793,337.859,1
798,13.313300,39,0.303670,566.615,15.441,1
798,13.313300,42,0.225802,368.278,514.667,1
799,13.329983,30,0.498063,586.764,339.177,1
799,13.329983,39,0.526891,568.744,20.584,1
799,13.329983,42,0.123548,366.476,481.591,1
800,13.346667,30,0.272322,585.694,343.035,1
800,13.346667,39,0.433076,570.781,28.623,1
800,13.346667,42,0.297745,366.272,443.268,1
801,13.363350,30,0.106849,584.673,349.282,1
801,13.363350,39,0.620661,572.606,40.152,1
801,13.363350,42,0.472546,367.137,404.493,1
802,13.380033,30,0.102284,583.812,358.029,1
802,13.380033,39,0.415436,575.010,54.981,1
802,13.380033,42,0.075138,368.917,367.475,1
803,13.396717,30,0.111452,582.861,368.947,1
803,13.396717,39,0.402445,576.970,73.202,1
803,13.396717,42,0.119772,371.127,331.579,1
804,13.413400,30,0.159807,581.705,382.205,1
804,13.413400,39,0.250076,579.280,94.017,1
804,13.413400,42,0.540678,373.533,296.951,1
805,13.430083,30,0.318145,580.805,396.808,1
805,13.430083,39,0.283826,581.597,117.321,1
805,13.430083,42,0.392885,376.224,264.326,1
806,13.446767,30,0.193523,579.826,413.646,1
806,13.446767,39,0.157066,584.307,143.610,1
806,13.446767,42,0.270155,378.972,234.364,1
807,13.463450,30,0.193523,578.876,425.002,0
807,13.463450,39,0.304438,587.337,172.543,1
807,13.463450,42,0.155038,382.277,207.237,1
808,13.480133,30,0.163324,577.369,447.801,1
808,13.480133,39,0.116324,589.636,204.046,1
808,13.480133,42,0.283316,385.589,181.719,1
809,13.496817,30,0.163324,576.270,462.193,0
809,13.496817,39,0.116324,592.072,228.175,0
809,13.496817,42,0.148968,389.005,159.140,1
810,13.513500,30,0.233696,574.851,490.651,1
810,13.513500,39,0.362053,594.711,267.321,1
810,13.513500,42,0.377301,392.608,138.670,1
811,13.530183,30,0.177765,573.827,520.206,1
811,13.530183,39,0.166695,597.443,308.775,1
811,13.530183,42,0.289754,396.562,120.044,1
812,13.546867,30,0.263574,572.721,549.047,1
812,13.546867,39,0.140789,599.981,351.921,1
812,13.546867,42,0.489658,400.601,103.264,1
813,13.563550,30,0.569989,573.333,570.095,1
813,13.563550,39,0.687934,604.000,396.343,1
813,13.563550,42,0.782100,404.778,88.638,1
814,13.580233,30,0.542038,576.445,585.679,1
814,13.580233,39,0.796319,610.842,434.352,1
814,13.580233,42,0.728414,409.148,76.119,1
815,13.596917,30,0.368915,581.030,597.411,1
815,13.596917,39,0.363163,620.055,466.555,1
815,13.596917,42,0.766065,413.388,65.537,1
816,13.613600,30,0.682854,584.904,607.048,1
816,13.613600,39,0.549869,631.022,494.464,1
816,13.613600,42,0.680501,417.529,57.019,1
816,13.613600,43,0.106325,130.538,666.442,1
817,13.630283,30,0.393690,585.353,616.918,1
817,13.630283,39,0.656556,641.245,518.760,1
817,13.630283,42,0.723397,421.796,50.745,1
817,13.630283,43,0.108459,130.561,666.417,1
818,13.646967,30,0.645920,584.074,627.359,1
818,13.646967,39,0.394478,650.729,540.478,1
818,13.646967,42,0.785877,426.141,46.616,1
818,13.646967,43,0.106538,130.576,666.357,1
819,13.663650,30,0.330697,583.273,636.161,1
819,13.663650,39,0.278397,658.428,558.948,1
819,13.663650,42,0.839503,430.329,44.497,1
819,13.663650,43,0.091627,130.583,666.326,1
820,13.680333,30,0.371508,583.235,642.752,1
820,13.680333,39,0.149546,664.489,575.422,1
820,13.680333,42,0.844907,434.422,44.480,1
820,13.680333,43,0.098792,130.587,666.307,1
821,13.697017,30,0.322680,583.613,647.975,1
821,13.697017,39,0.149546,672.027,598.936,0
821,13.697017,42,0.808400,438.484,46.521,1
821,13.697017,43,0.091756,130.594,666.350,1
822,13.713700,30,0.515779,583.474,652.137,1
822,13.713700,39,0.303337,675.156,604.687,1
822,13.713700,42,0.740158,442.691,50.656,1
822,13.713700,43,0.095580,130.599,666.431,1
823,13.730383,30,0.591605,582.630,654.134,1
823,13.730383,39,0.564425,677.208,605.143,1
823,13.730383,42,0.852537,446.725,56.901,1
823,13.730383,43,0.097045,130.601,666.504,1
823,13.730383,44,0.101699,94.852,673.684,1
824,13.747067,30,0.369122,581.368,652.645,1
824,13.747067,39,0.271536,678.814,602.229,1
824,13.747067,42,0.754502,450.670,65.467,1
824,13.747067,43,0.075298,130.593,666.579,1
824,13.747067,44,0.101699,94.822,674.649,0
825,13.763750,30,0.373441,580.713,646.431,1
825,13.763750,39,0.146769,680.245,597.290,1
825,13.763750,42,0.709304,454.536,76.351,1
825,13.763750,43,0.075298,130.596,666.622,0
825,13.763750,44,0.101699,94.792,675.613,0
826,13.780433,30,0.282656,580.410,634.579,1
826,13.780433,39,0.128699,681.282,588.185,1
826,13.780433,42,0.724944,458.568,89.222,1
826,13.780433,43,0.075298,130.599,666.665,0
826,13.780433,44,0.101699,94.763,676.577,0
827,13.797117,30,0.559907,579.973,616.378,1
827,13.797117,39,0.206675,681.807,574.275,1
827,13.797117,42,0.683040,462.682,104.436,1
827,13.797117,43,0.075298,130.602,666.709,0
828,13.813800,30,0.140617,579.002,592.230,1
828,13.813800,39,0.198882,682.129,555.315,1
828,13.813800,42,0.748520,466.690,121.484,1
828,13.813800,43,0.093536,114.545,669.704,1
829,13.830483,30,0.254888,577.652,560.869,1
829,13.830483,39,0.151354,682.361,533.782,1
829,13.830483,42,0.573698,470.678,140.941,1
829,13.830483,43,0.093536,110.301,670.528,0
830,13.847167,30,0.282439,576.809,522.709,1
830,13.847167,39,0.442259,679.863,509.303,1
830,13.847167,42,0.658542,474.666,162.269,1
830,13.847167,43,0.093772,100.855,672.325,1
831,13.863850,30,0.095222,577.054,479.204,1
831,13.863850,39,0.128252,676.454,484.430,1
831,13.863850,42,0.401132,478.721,185.895,1
831,13.863850,43,0.126862,94.827,673.283,1
832,13.880533,30,0.236075,578.143,434.404,1
832,13.880533,39,0.227078,671.817,461.294,1
832,13.880533,42,0.626420,482.718,211.547,1
832,13.880533,43,0.111785,91.408,673.784,1
833,13.897217,30,0.539509,579.735,390.648,1
833,13.897217,39,0.541245,666.865,440.212,1
833,13.897217,42,0.561488,486.850,239.493,1
833,13.897217,43,0.128697,89.847,673.981,1
834,13.913900,30,0.546239,581.486,348.619,1
834,13.913900,39,0.490017,662.155,421.691,1
834,13.913900,42,0.744589,490.940,269.475,1
834,13.913900,43,0.143246,89.501,673.932,1
835,13.930583,30,0.449642,583.027,308.883,1
835,13.930583,39,0.375185,657.730,406.050,1
835,13.930583,42,0.699504,495.314,301.581,1
835,13.930583,43,0.111654,89.877,673.837,1
836,13.947267,30,0.306948,584.611,271.534,1
836,13.947267,39,0.208850,653.420,393.443,1
836,13.947267,42,0.450817,499.485,335.545,1
836,13.947267,43,0.107601,90.614,673.738,1
837,13.963950,30,0.139194,585.939,236.588,1
837,13.963950,39,0.252490,649.519,383.807,1
837,13.963950,42,0.267933,503.318,371.292,1
837,13.963950,43,0.107601,89.180,673.970,0
838,13.980633,30,0.230514,587.122,204.142,1
838,13.980633,39,0.445873,645.667,376.548,1
838,13.980633,42,0.401209,507.458,409.191,1
838,13.980633,43,0.075139,90.651,673.739,1
839,13.997317,30,0.083597,588.139,174.482,1
839,13.997317,39,0.078050,642.147,371.885,1
839,13.997317,42,0.142637,511.711,449.034,1
839,13.997317,43,0.075139,89.988,673.848,0
840,14.014000,30,0.117546,588.933,147.102,1
840,14.014000,39,0.078050,638.435,361.222,0
840,14.014000,42,0.142637,515.841,483.324,0
840,14.014000,43,0.075139,89.324,673.958,0
841,14.030683,30,0.347064,589.314,121.815,1
841,14.030683,39,0.172500,637.164,361.464,1
841,14.030683,42,0.157246,518.421,515.792,1
841,14.030683,43,0.087205,91.156,673.648,1
842,14.047367,30,0.403036,589.515,98.550,1
842,14.047367,39,0.172500,634.100,353.695,0
842,14.047367,42,0.174682,518.208,536.793,1
842,14.047367,43,0.087205,91.155,673.646,0
843,14.064050,30,0.517914,589.711,77.562,1
843,14.064050,39,0.143421,635.863,357.009,1
843,14.064050,42,0.223071,515.297,550.995,1
843,14.064050,43,0.087205,91.154,673.644,0
844,14.080733,30,0.287536,589.797,58.352,1
844,14.080733,39,0.143421,634.080,352.181,0
844,14.080733,42,0.201630,510.402,560.114,1
844,14.080733,43,0.087205,91.153,673.642,0
845,14.097417,30,0.424757,589.828,41.193,1
845,14.097417,39,0.109752,638.485,357.511,1
845,14.097417,42,0.141521,504.452,565.471,1
845,14.097417,43,0.087205,91.152,673.640,0
846,14.114100,30,0.315954,589.839,25.975,1
846,14.114100,39,0.275329,642.634,361.416,1
846,14.114100,42,0.139581,497.572,568.996,1
847,14.130783,30,0.316415,589.829,13.880,1
847,14.130783,39,0.247924,646.396,363.718,1
847,14.130783,42,0.210331,490.663,571.782,1
848,14.147467,30,0.096567,589.791,5.877,1
848,14.147467,39,0.096572,649.985,363.998,1
848,14.147467,42,0.236407,484.412,573.529,1
849,14.164150,30,0.472037,589.817,0.889,1
849,14.164150,39,0.322548,653.430,363.236,1
849,14.164150,42,0.180505,478.563,574.389,1
850,14.180833,30,0.562694,590.145,-1.922,1
850,14.180833,39,0.234199,656.587,360.573,1
850,14.180833,42,0.197931,473.372,573.461,1
851,14.197517,30,0.347417,590.203,-2.957,1
851,14.197517,39,0.234199,659.297,359.846,0
851,14.197517,42,0.237653,468.651,570.594,1
851,14.197517,45,0.087662,94.287,672.968,1
852,14.214200,30,0.299826,590.322,-3.065,1
852,14.214200,39,0.108980,660.931,353.110,1
852,14.214200,42,0.158032,464.813,565.548,1
852,14.214200,45,0.087662,94.288,672.960,0
853,14.230883,30,0.233737,590.427,-2.025,1
853,14.230883,39,0.108980,663.356,350.789,0
853,14.230883,42,0.158032,460.135,566.044,0
853,14.230883,45,0.087662,94.289,672.952,0
854,14.247567,30,0.282883,590.516,-0.305,1
854,14.247567,39,0.431451,663.311,344.502,1
854,14.247567,42,0.116898,456.854,552.927,1
854,14.247567,45,0.087662,94.290,672.943,0
855,14.264250,30,0.541326,591.176,2.421,1
855,14.264250,39,0.457199,663.386,341.007,1
855,14.264250,42,0.370171,453.821,536.618,1
855,14.264250,45,0.081382,94.514,672.956,1
856,14.280933,30,0.760479,591.797,5.900,1
856,14.280933,39,0.454832,663.749,340.576,1
856,14.280933,42,0.371835,451.274,516.551,1
856,14.280933,45,0.082179,94.701,672.972,1
857,14.297617,30,0.488704,592.130,10.228,1
857,14.297617,39,0.361585,664.178,343.098,1
857,14.297617,42,0.275884,449.016,491.510,1
857,14.297617,45,0.088011,94.805,672.976,1
858,14.314300,30,0.120114,592.459,15.524,1
858,14.314300,39,0.224280,664.724,348.547,1
858,14.314300,42,0.432600,447.165,461.082,1
858,14.314300,45,0.092108,94.859,673.019,1
859,14.330983,30,0.216986,592.668,22.012,1
859,14.330983,39,0.252180,665.339,356.531,1
859,14.330983,42,0.383335,446.417,426.504,1
859,14.330983,45,0.079481,94.880,673.037,1
860,14.347667,30,0.370893,593.088,32.089,1
860,14.347667,39,0.239904,666.068,366.833,1
860,14.347667,42,0.313845,446.496,391.728,1
860,14.347667,45,0.086510,94.887,673.031,1
861,14.364350,30,0.484938,593.564,46.388,1
861,14.364350,39,0.239904,666.815,371.407,0
861,14.364350,42,0.118549,447.494,358.779,1
861,14.364350,45,0.086510,94.944,673.041,0
862,14.381033,30,0.379772,594.317,64.106,1
862,14.381033,39,0.150679,667.941,388.612,1
862,14.381033,42,0.078404,448.661,328.152,1
862,14.381033,45,0.081624,94.918,673.070,1
863,14.397717,30,0.510751,595.125,85.297,1
863,14.397717,39,0.136969,668.261,407.894,1
863,14.397717,42,0.192314,449.389,299.568,1
863,14.397717,45,0.076851,94.884,673.195,1
864,14.414400,30,0.302959,595.999,109.200,1
864,14.414400,39,0.136834,668.812,428.417,1
864,14.414400,42,0.086117,449.902,273.821,1
864,14.414400,45,0.076851,94.901,673.239,0
865,14.431083,30,0.146066,596.818,135.812,1
865,14.431083,39,0.089013,669.244,449.981,1
865,14.431083,42,0.211848,450.354,250.641,1
865,14.431083,45,0.076851,94.918,673.283,0
866,14.447767,30,0.267332,597.693,165.237,1
866,14.447767,39,0.236674,669.627,472.662,1
866,14.447767,42,0.276860,450.576,230.260,1
866,14.447767,45,0.076851,94.935,673.327,0
867,14.464450,30,0.168506,598.651,196.900,1
867,14.464450,39,0.230168,669.786,496.861,1
867,14.464450,42,0.264885,450.795,212.416,1
867,14.464450,45,0.076851,94.952,673.372,0
868,14.481133,30,0.131057,599.646,230.298,1
868,14.481133,39,0.230168,670.229,516.139,0
868,14.481133,42,0.196484,450.921,196.914,1
868,14.481133,45,0.076851,94.969,673.416,0
869,14.497817,30,0.131057,600.496,257.017,0
869,14.497817,39,0.162875,670.214,545.236,1
869,14.497817,42,0.249657,451.135,183.710,1
870,14.514500,30,0.080620,602.013,298.803,1
870,14.514500,39,0.328582,670.221,575.588,1
870,14.514500,42,0.462413,451.482,172.636,1
871,14.531183,30,0.189749,603.315,342.627,1
871,14.531183,39,0.337174,669.811,605.142,1
871,14.531183,42,0.550887,452.069,163.481,1
872,14.547867,30,0.207244,604.460,387.032,1
872,14.547867,39,0.111051,667.276,628.734,1
872,14.547867,42,0.401377,452.629,156.472,1
872,14.547867,46,0.078926,94.729,672.156,1
873,14.564550,30,0.244755,606.497,432.128,1
873,14.564550,39,0.195676,663.845,646.180,1
873,14.564550,42,0.740914,453.350,151.393,1
873,14.564550,46,0.089767,113.452,669.078,1
874,14.581233,30,0.093385,611.151,470.696,1
874,14.581233,39,0.195676,662.476,669.209,0
874,14.581233,42,0.550206,453.916,148.279,1
874,14.581233,46,0.089604,125.567,667.091,1
874,14.581233,47,0.099843,57.989,678.739,1
875,14.597917,30,0.280279,617.922,504.319,1
875,14.597917,39,0.195676,661.107,692.237,0
875,14.597917,42,0.589422,454.722,147.229,1
875,14.597917,46,0.081866,132.270,666.000,1
875,14.597917,47,0.092288,58.058,678.698,1
876,14.614600,30,0.237807,626.164,533.418,1
876,14.614600,39,0.195676,659.737,715.266,0
876,14.614600,42,0.774728,455.525,148.087,1
876,14.614600,46,0.083203,135.477,665.483,1
876,14.614600,47,0.087277,58.124,678.674,1
877,14.631283,30,0.190372,635.161,559.085,1
877,14.631283,39,0.195676,658.368,738.294,0
877,14.631283,42,0.704856,456.473,150.987,1
877,14.631283,46,0.103617,136.654,665.297,1
877,14.631283,47,0.107418,58.137,678.691,1
878,14.647967,30,0.439577,644.136,581.059,1
878,14.647967,39,0.195676,656.999,761.323,0
878,14.647967,42,0.548895,457.674,155.886,1
878,14.647967,46,0.091804,136.697,665.310,1
878,14.647967,47,0.090842,58.128,678.750,1
879,14.664650,30,0.225074,653.915,598.754,1
879,14.664650,42,0.491908,458.831,162.845,1
879,14.664650,46,0.091804,140.440,664.676,0
879,14.664650,47,0.090842,58.155,678.759,0
880,14.681333,30,0.152536,663.142,611.524,1
880,14.681333,42,0.580732,460.248,172.024,1
880,14.681333,46,0.091804,144.183,664.042,0
880,14.681333,47,0.090842,58.182,678.767,0
880,14.681333,48,0.140445,634.353,685.750,1
881,14.698017,30,0.076148,671.560,617.261,1
881,14.698017,42,0.565299,461.794,183.051,1
881,14.698017,46,0.091804,147.926,663.409,0
881,14.698017,47,0.099330,75.582,676.199,1
881,14.698017,48,0.209662,627.286,679.625,1
882,14.714700,30,0.472107,678.272,614.937,1
882,14.714700,42,0.512838,463.318,196.167,1
882,14.714700,46,0.091804,151.670,662.775,0
882,14.714700,47,0.095771,86.944,674.429,1
882,14.714700,48,0.165519,620.465,667.964,1
883,14.731383,30,0.472107,685.990,627.832,0
883,14.731383,42,0.625123,465.005,211.625,1
883,14.731383,46,0.091804,155.413,662.141,0
883,14.731383,47,0.109724,93.967,673.317,1
883,14.731383,48,0.199693,614.492,649.813,1
884,14.748067,30,0.472107,693.708,640.727,0
884,14.748067,42,0.426290,466.657,229.113,1
884,14.748067,47,0.086304,97.877,672.664,1
884,14.748067,48,0.300329,608.457,625.818,1
885,14.764750,30,0.472107,701.426,653.622,0
885,14.764750,42,0.558635,468.229,248.801,1
885,14.764750,47,0.121515,99.686,672.340,1
885,14.764750,48,0.122623,602.200,595.732,1
885,14.764750,49,0.078685,679.002,546.237,1
886,14.781433,30,0.472107,709.144,666.517,0
886,14.781433,42,0.354969,469.671,270.649,1
886,14.781433,47,0.119145,100.126,672.181,1
886,14.781433,48,0.078559,596.410,559.146,1
886,14.781433,49,0.078685,679.699,535.654,0
887,14.798117,30,0.472107,716.862,679.412,0
887,14.798117,42,0.293736,471.189,294.277,1
887,14.798117,47,0.115528,99.722,672.388,1
887,14.798117,48,0.114851,591.799,521.046,1
887,14.798117,49,0.096224,674.770,502.072,1
888,14.814800,42,0.358837,472.852,320.091,1
888,14.814800,47,0.115528,102.317,672.000,0
888,14.814800,48,0.184684,588.628,481.351,1
888,14.814800,49,0.145229,669.096,471.606,1
889,14.831483,42,0.296549,474.383,348.139,1
889,14.831483,47,0.115528,104.912,671.612,0
889,14.831483,48,0.489862,585.754,441.223,1
889,14.831483,49,0.399263,663.123,445.428,1
890,14.848167,42,0.560739,475.780,378.102,1
890,14.848167,47,0.115528,107.507,671.224,0
890,14.848167,48,0.763656,583.119,402.302,1
890,14.848167,49,0.415415,657.456,422.705,1
891,14.864850,42,0.296476,477.183,410.056,1
891,14.864850,47,0.115528,110.102,670.835,0
891,14.864850,48,0.202559,580.247,365.224,1
891,14.864850,49,0.358079,652.058,403.417,1
892,14.881533,42,0.273772,479.043,444.151,1
892,14.881533,47,0.115528,112.696,670.447,0
892,14.881533,48,0.547275,577.081,330.110,1
892,14.881533,49,0.477565,646.958,387.217,1
893,14.898217,42,0.232761,480.726,480.158,1
893,14.898217,48,0.172298,573.743,297.352,1
893,14.898217,49,0.177648,642.281,373.767,1
894,14.914900,42,0.166068,482.356,518.163,1
894,14.914900,48,0.172298,570.299,262.816,0
894,14.914900,49,0.353138,637.872,363.077,1
895,14.931583,42,0.158228,483.965,557.949,1
895,14.931583,48,0.131929,565.894,235.824,1
895,14.931583,49,0.353138,633.288,346.522,0
896,14.948267,42,0.158228,485.575,592.318,0
896,14.948267,48,0.093700,561.488,210.479,1
896,14.948267,49,0.353138,628.704,329.966,0
897,14.964950,42,0.158228,487.186,626.687,0
897,14.964950,48,0.123761,556.519,186.954,1
897,14.964950,49,0.353138,624.120,313.410,0
898,14.981633,42,0.158228,488.796,661.056,0
898,14.981633,48,0.376815,551.735,164.914,1
898,14.981633,49,0.353138,619.537,296.855,0
899,14.998317,42,0.158228,490.406,695.425,0
899,14.998317,48,0.221279,546.521,144.795,1
899,14.998317,49,0.353138,614.953,280.299,0
900,15.015000,42,0.158228,492.016,729.794,0
900,15.015000,48,0.457577,541.235,126.269,1
901,15.031683,48,0.535877,536.039,109.555,1
902,15.048367,48,0.461688,530.818,94.605,1
903,15.065050,48,0.504215,525.348,81.551,1
904,15.081733,48,0.554821,520.132,70.278,1
905,15.098417,48,0.464316,514.980,61.110,1
906,15.115100,48,0.560380,509.964,53.687,1
907,15.131783,48,0.505979,505.101,48.483,1
907,15.131783,50,0.173004,612.443,326.336,1
908,15.148467,48,0.693877,500.333,45.451,1
908,15.148467,50,0.160215,611.332,321.506,1
909,15.165150,48,0.691094,495.617,44.711,1
909,15.165150,50,0.139113,609.329,316.164,1
910,15.181833,48,0.676026,490.916,45.935,1
910,15.181833,50,0.139113,608.289,312.703,0
911,15.198517,48,0.610511,486.274,49.568,1
911,15.198517,50,0.171552,605.540,311.288,1
912,15.215200,48,0.672111,481.865,55.322,1
912,15.215200,50,0.142022,602.321,311.897,1
913,15.231883,48,0.741752,477.791,63.510,1
913,15.231883,50,0.222177,598.808,314.342,1
913,15.231883,51,0.136701,351.673,526.490,1
914,15.248567,48,0.433986,473.750,73.896,1
914,15.248567,50,0.102357,595.238,318.341,1
914,15.248567,51,0.103670,347.769,494.504,1
915,15.265250,48,0.554067,469.596,86.535,1
915,15.265250,50,0.288878,591.384,324.152,1
915,15.265250,51,0.172273,346.325,458.150,1
916,15.281933,48,0.465102,465.660,101.437,1
916,15.281933,50,0.176304,587.227,331.760,1
916,15.281933,51,0.290177,347.185,420.578,1
917,15.298617,48,0.500717,461.861,118.631,1
917,15.298617,50,0.176304,583.894,335.209,0
917,15.298617,51,0.315460,348.725,383.501,1
918,15.315300,48,0.516571,457.948,138.624,1
918,15.315300,50,0.176304,580.562,338.659,0
918,15.315300,51,0.284497,350.942,349.226,1
919,15.331983,48,0.298885,454.402,160.723,1
919,15.331983,50,0.159110,576.359,356.248,1
919,15.331983,51,0.228050,353.833,317.272,1
920,15.348667,48,0.444092,450.959,185.038,1
920,15.348667,50,0.122412,572.400,374.208,1
920,15.348667,51,0.172904,356.718,287.436,1
921,15.365350,48,0.340745,447.058,211.580,1
921,15.365350,50,0.084972,568.615,393.322,1
921,15.365350,51,0.156728,359.611,259.743,1
922,15.382033,48,0.233264,443.222,240.647,1
922,15.382033,50,0.137834,565.460,413.626,1
922,15.382033,51,0.205360,362.785,234.225,1
923,15.398717,48,0.148145,439.096,272.042,1
923,15.398717,50,0.110203,562.215,435.342,1
923,15.398717,51,0.083820,366.432,210.769,1
924,15.415400,48,0.182594,435.580,305.750,1
924,15.415400,50,0.320456,559.695,458.250,1
924,15.415400,51,0.353380,369.903,189.885,1
925,15.432083,48,0.182594,431.777,333.006,0
925,15.432083,50,0.213727,557.321,481.909,1
925,15.432083,51,0.552247,373.440,171.034,1
926,15.448767,48,0.182594,427.974,360.262,0
926,15.448767,50,0.374060,554.920,507.036,1
926,15.448767,51,0.403592,376.959,154.110,1
927,15.465450,48,0.097782,426.267,393.505,1
927,15.465450,50,0.393100,553.130,533.107,1
927,15.465450,51,0.498733,380.557,139.293,1
928,15.482133,48,0.291235,429.548,419.366,1
928,15.482133,50,0.418372,553.696,552.797,1
928,15.482133,51,0.374003,384.231,126.539,1
929,15.498817,48,0.221926,438.297,439.481,1
929,15.498817,50,0.221064,554.851,565.906,1
929,15.498817,51,0.514549,388.097,115.163,1
930,15.515500,48,0.159561,452.048,455.654,1
930,15.515500,50,0.204776,555.324,573.617,1
930,15.515500,51,0.616339,392.125,106.225,1
931,15.532183,48,0.216047,470.538,469.407,1
931,15.532183,50,0.333787,553.548,576.567,1
931,15.532183,51,0.663878,396.393,99.129,1
932,15.548867,48,0.151258,493.413,481.340,1
932,15.548867,50,0.164386,549.914,578.112,1
932,15.548867,51,0.714646,400.807,94.269,1
933,15.565550,48,0.357049,519.094,491.948,1
933,15.565550,50,0.287148,545.389,579.295,1
933,15.565550,51,0.851318,405.173,91.325,1
934,15.582233,48,0.387197,546.958,502.483,1
934,15.582233,50,0.199063,541.015,581.280,1
934,15.582233,51,0.773556,409.679,90.511,1
935,15.598917,48,0.131557,574.104,513.326,1
935,15.598917,50,0.239285,538.616,584.603,1
935,15.598917,51,0.781219,414.180,91.586,1
935,15.598917,52,0.085645,57.596,678.947,1
936,15.615600,48,0.170996,600.446,524.484,1
936,15.615600,50,0.266176,538.640,589.683,1
936,15.615600,51,0.577953,418.765,94.780,1
936,15.615600,52,0.089782,57.593,678.868,1
937,15.632283,48,0.170996,622.952,537.557,0
937,15.632283,50,0.148978,541.588,596.557,1
937,15.632283,51,0.520067,423.457,99.953,1
937,15.632283,52,0.090294,57.587,678.834,1
938,15.648967,48,0.170996,645.459,550.630,0
938,15.648967,50,0.162600,546.239,602.277,1
938,15.648967,51,0.693597,428.207,107.144,1
938,15.648967,52,0.090294,57.583,678.804,0
939,15.665650,48,0.124384,669.473,561.267,1
939,15.665650,50,0.200488,551.507,605.574,1
939,15.665650,51,0.585178,433.159,116.400,1
939,15.665650,52,0.077793,57.576,678.921,1
940,15.682333,48,0.248395,691.318,572.981,1
940,15.682333,50,0.229952,556.936,607.393,1
940,15.682333,51,0.765546,437.975,127.649,1
940,15.682333,52,0.079717,57.574,678.986,1
941,15.699017,48,0.165201,709.634,585.743,1
941,15.699017,50,0.340275,561.935,607.761,1
941,15.699017,51,0.446540,442.776,141.050,1
941,15.699017,52,0.087755,57.572,679.031,1
942,15.715700,48,0.275935,723.291,599.336,1
942,15.715700,50,0.427505,565.102,607.586,1
942,15.715700,51,0.384491,447.656,156.334,1
942,15.715700,52,0.076001,57.578,679.046,1
943,15.732383,48,0.148604,733.271,614.868,1
943,15.732383,50,0.409971,567.076,605.816,1
943,15.732383,51,0.377650,452.320,173.673,1
943,15.732383,52,0.076001,57.577,679.075,0
944,15.749067,48,0.209625,738.919,630.207,1
944,15.749067,50,0.265010,568.782,602.423,1
944,15.749067,51,0.245801,456.794,192.953,1
944,15.749067,52,0.076001,57.576,679.104,0
945,15.765750,48,0.308707,740.638,643.831,1
945,15.765750,50,0.134657,570.820,595.371,1
945,15.765750,51,0.316879,461.374,214.075,1
945,15.765750,52,0.076001,57.575,679.133,0
946,15.782433,48,0.308707,751.317,657.696,0
946,15.782433,50,0.134657,573.306,593.493,0
946,15.782433,51,0.247405,465.997,237.261,1
946,15.782433,52,0.076001,57.573,679.161,0
947,15.799117,48,0.308707,761.997,671.561,0
947,15.799117,50,0.162691,575.765,579.297,1
947,15.799117,51,0.234184,470.831,262.258,1
947,15.799117,52,0.076001,57.572,679.190,0
948,15.815800,48,0.308707,772.676,685.426,0
948,15.815800,50,0.189092,580.334,562.999,1
948,15.815800,51,0.234184,475.521,281.886,0
949,15.832483,48,0.308707,783.355,699.291,0
949,15.832483,50,0.189092,583.367,554.893,0
949,15.832483,51,0.102396,479.960,313.014,1
950,15.849167,48,0.308707,794.035,713.156,0
950,15.849167,50,0.102862,594.837,538.755,1
950,15.849167,51,0.104880,484.394,345.436,1
951,15.865850,50,0.102862,600.109,528.518,0
951,15.865850,51,0.104880,488.967,370.701,0
952,15.882533,50,0.159364,616.376,516.528,1
952,15.882533,51,0.079540,493.276,408.578,1
953,15.899217,50,0.159364,624.566,505.825,0
953,15.899217,51,0.079540,497.779,437.191,0
954,15.915900,50,0.083648,642.546,500.007,1
954,15.915900,51,0.131090,502.086,479.433,1
955,15.932583,50,0.083648,653.334,490.601,0
955,15.932583,51,0.109370,506.469,522.830,1
956,15.949267,50,0.113710,670.914,491.601,1
956,15.949267,51,0.105792,511.113,566.695,1
957,15.965950,50,0.113710,683.505,484.956,0
957,15.965950,51,0.096154,515.337,610.842,1
958,15.982633,50,0.137227,699.681,492.354,1
958,15.982633,51,0.231605,518.080,651.125,1
958,15.982633,53,0.367421,722.977,413.419,1
959,15.999317,50,0.087656,711.965,499.328,1
959,15.999317,51,0.233056,521.942,682.785,1
959,15.999317,53,0.238844,722.130,390.522,1
959,15.999317,54,0.091668,57.283,678.762,1
960,16.016000,50,0.120255,719.402,504.252,1
960,16.016000,51,0.081979,526.231,707.182,1
960,16.016000,53,0.395061,721.362,369.185,1
960,16.016000,54,0.091123,57.276,678.786,1
961,16.032683,50,0.085038,723.781,507.040,1
961,16.032683,51,0.081979,530.267,741.163,0
961,16.032683,53,0.382981,720.557,350.216,1
961,16.032683,54,0.091123,57.272,678.804,0
962,16.049367,50,0.085038,733.521,508.582,0
962,16.049367,51,0.081979,534.303,775.143,0
962,16.049367,53,0.179708,719.729,334.096,1
962,16.049367,54,0.091123,57.268,678.821,0
963,16.066050,50,0.085038,743.260,510.124,0
963,16.066050,51,0.081979,538.339,809.123,0
963,16.066050,53,0.179952,718.825,320.714,1
963,16.066050,54,0.091123,57.264,678.839,0
964,16.082733,50,0.113579,741.863,508.972,1
964,16.082733,51,0.081979,542.375,843.104,0
964,16.082733,53,0.347238,717.813,309.423,1
964,16.082733,54,0.091123,57.260,678.856,0
964,16.082733,55,0.673946,544.343,709.470,1
965,16.099417,50,0.113579,748.647,509.799,0
965,16.099417,51,0.081979,546.411,877.084,0
965,16.099417,53,0.575383,716.966,300.610,1
965,16.099417,55,0.573461,548.291,710.019,1
966,16.116100,50,0.113579,755.432,510.626,0
966,16.116100,53,0.274235,716.049,293.909,1
966,16.116100,55,0.643813,552.385,709.249,1
967,16.132783,50,0.076290,753.005,504.340,1
967,16.132783,53,0.374749,715.059,289.606,1
967,16.132783,55,0.348719,556.012,706.877,1
968,16.149467,50,0.172559,750.758,498.413,1
968,16.149467,53,0.135445,713.997,287.369,1
968,16.149467,55,0.526175,558.783,702.222,1
968,16.149467,56,0.083872,57.279,678.818,1
969,16.166150,50,0.176626,748.245,493.439,1
969,16.166150,53,0.301362,712.973,287.286,1
969,16.166150,55,0.435741,561.196,690.774,1
969,16.166150,56,0.094205,57.277,678.820,1
970,16.182833,50,0.154069,744.261,489.940,1
970,16.182833,53,0.398104,711.914,289.304,1
970,16.182833,55,0.435003,563.326,672.445,1
970,16.182833,56,0.086637,57.280,678.817,1
971,16.199517,50,0.154069,744.113,486.772,0
971,16.199517,53,0.276102,710.881,293.387,1
971,16.199517,55,0.172346,564.521,647.822,1
971,16.199517,56,0.085880,57.276,678.836,1
971,16.199517,57,0.078590,129.962,666.438,1
972,16.216200,50,0.154069,743.964,483.605,0
972,16.216200,53,0.380086,709.919,299.313,1
972,16.216200,55,0.149872,564.800,615.543,1
972,16.216200,56,0.085880,57.275,678.842,0
972,16.216200,57,0.078590,129.962,666.438,0
973,16.232883,50,0.154069,743.816,480.437,0
973,16.232883,53,0.476897,709.080,307.189,1
973,16.232883,55,0.417714,563.799,578.612,1
973,16.232883,56,0.078562,57.277,678.846,1
973,16.232883,57,0.078590,129.961,666.437,0
974,16.249567,50,0.154069,743.667,477.269,0
974,16.249567,53,0.232655,707.956,317.000,1
974,16.249567,55,0.116239,561.638,539.535,1
974,16.249567,56,0.078562,57.276,678.851,0
974,16.249567,57,0.078590,129.961,666.436,0
975,16.266250,50,0.154069,743.519,474.102,0
975,16.266250,53,0.128970,707.008,328.617,1
975,16.266250,55,0.116239,561.807,512.420,0
975,16.266250,56,0.078562,57.276,678.856,0
976,16.282933,53,0.290962,705.873,341.739,1
976,16.282933,55,0.191443,558.688,472.308,1
976,16.282933,56,0.082478,57.288,678.820,1
977,16.299617,53,0.237930,704.674,356.913,1
977,16.299617,55,0.234734,555.894,434.180,1
977,16.299617,56,0.090396,57.319,678.780,1
977,16.299617,58,0.414643,626.409,495.715,1
978,16.316300,53,0.118836,703.572,373.953,1
978,16.316300,55,0.106079,553.356,398.706,1
978,16.316300,56,0.083337,57.353,678.793,1
978,16.316300,58,0.405334,599.135,502.529,1
979,16.332983,53,0.107226,702.352,392.608,1
979,16.332983,55,0.206866,551.358,366.216,1
979,16.332983,56,0.092923,57.397,678.769,1
979,16.332983,58,0.194883,573.041,510.837,1
980,16.349667,53,0.210501,701.170,413.378,1
980,16.349667,55,0.413910,549.622,337.096,1
980,16.349667,56,0.092923,57.420,678.757,0
980,16.349667,58,0.622510,550.630,518.393,1
981,16.366350,53,0.201981,699.918,435.905,1
981,16.366350,55,0.514920,547.891,310.153,1
981,16.366350,56,0.088037,57.447,678.782,1
981,16.366350,58,0.735666,532.816,524.417,1
982,16.383033,53,0.321511,698.676,460.248,1
982,16.383033,55,0.554021,546.266,286.044,1
982,16.383033,56,0.078343,57.463,678.801,1
982,16.383033,58,0.466561,519.896,528.625,1
983,16.399717,53,0.095002,697.611,486.264,1
983,16.399717,55,0.258481,544.681,264.009,1
983,16.399717,56,0.076678,57.469,678.823,1
983,16.399717,58,0.381064,513.561,529.813,1
984,16.416400,53,0.332290,696.483,513.165,1
984,16.416400,55,0.239472,543.336,244.065,1
984,16.416400,56,0.075153,57.472,678.839,1
984,16.416400,58,0.129155,508.284,528.641,1
985,16.433083,53,0.435484,694.856,536.078,1
985,16.433083,55,0.150889,541.928,226.226,1
985,16.433083,56,0.083322,57.472,678.846,1
985,16.433083,58,0.227993,502.808,526.162,1
986,16.449767,53,0.372377,693.786,555.722,1
986,16.449767,55,0.235557,540.587,210.368,1
986,16.449767,56,0.083778,57.469,678.848,1
986,16.449767,58,0.353096,497.977,523.706,1
987,16.466450,53,0.167392,692.884,573.455,1
987,16.466450,55,0.303262,539.039,196.412,1
987,16.466450,56,0.083778,57.476,678.855,0
987,16.466450,58,0.423418,493.498,522.561,1
988,16.483133,53,0.279633,692.314,590.055,1
988,16.483133,55,0.409979,537.608,184.347,1
988,16.483133,56,0.083778,57.483,678.862,0
988,16.483133,58,0.434740,489.841,523.395,1
989,16.499817,53,0.228288,692.168,605.440,1
989,16.499817,55,0.764935,536.322,174.091,1
989,16.499817,56,0.083806,57.475,678.818,1
989,16.499817,58,0.321526,486.938,525.603,1
990,16.516500,53,0.618980,692.729,619.821,1
990,16.516500,55,0.743273,534.841,165.726,1
990,16.516500,56,0.091390,57.465,678.799,1
990,16.516500,58,0.299599,485.241,529.728,1
991,16.533183,53,0.497627,693.455,632.901,1
991,16.533183,55,0.431872,533.335,159.268,1
991,16.533183,56,0.084666,57.461,678.779,1
991,16.533183,58,0.261489,484.432,535.753,1
992,16.549867,53,0.399542,693.851,644.320,1
992,16.549867,55,0.374554,531.905,154.720,1
992,16.549867,56,0.083746,57.455,678.765,1
992,16.549867,58,0.261489,480.778,538.565,0
993,16.566550,53,0.384641,694.350,653.734,1
993,16.566550,55,0.640249,530.645,151.838,1
993,16.566550,56,0.090525,57.462,678.749,1
993,16.566550,58,0.207699,483.805,550.687,1
994,16.583233,53,0.482563,694.679,660.866,1
994,16.583233,55,0.707693,529.328,151.006,1
994,16.583233,56,0.097963,57.477,678.680,1
994,16.583233,58,0.514513,490.866,560.404,1
995,16.599917,53,0.258856,695.379,664.839,1
995,16.599917,55,0.715359,527.995,152.203,1
995,16.599917,56,0.107164,57.491,678.635,1
995,16.599917,58,0.273558,499.810,567.141,1
995,16.599917,59,0.099750,129.991,666.394,1
996,16.616600,53,0.253733,696.936,665.280,1
996,16.616600,55,0.575662,526.485,155.360,1
996,16.616600,56,0.090318,57.508,678.596,1
996,16.616600,58,0.201193,508.534,571.680,1
996,16.616600,59,0.084510,130.000,666.398,1
997,16.633283,53,0.237280,699.273,661.216,1
997,16.633283,55,0.718271,525.046,160.391,1
997,16.633283,56,0.106188,57.522,678.526,1
997,16.633283,58,0.229060,515.823,574.440,1
997,16.633283,59,0.102240,130.001,666.395,1
998,16.649967,53,0.236050,702.082,652.538,1
998,16.649967,55,0.629574,523.753,167.524,1
998,16.649967,56,0.111910,57.529,678.512,1
998,16.649967,58,0.321482,521.245,575.097,1
998,16.649967,59,0.106769,130.003,666.390,1
999,16.666650,53,0.236050,703.637,653.365,0
999,16.666650,55,0.470863,522.327,176.612,1
999,16.666650,56,0.085563,57.535,678.484,1
999,16.666650,58,0.193619,523.692,573.754,1
999,16.666650,59,0.082741,130.006,666.391,1
1000,16.683333,53,0.236050,705.192,654.192,0
1000,16.683333,55,0.327613,520.961,187.760,1
1000,16.683333,56,0.085563,57.543,678.450,0
1000,16.683333,58,0.578531,525.190,569.966,1
1000,16.683333,59,0.082741,130.009,666.390,0
1001,16.700017,53,0.236050,706.747,655.019,0
1001,16.700017,55,0.234261,519.854,201.013,1
1001,16.700017,56,0.085563,57.552,678.416,0
1001,16.700017,58,0.729208,527.049,563.486,1
1001,16.700017,59,0.082741,130.012,666.389,0
1002,16.716700,53,0.236050,708.303,655.846,0
1002,16.716700,55,0.458836,518.869,216.007,1
1002,16.716700,56,0.085563,57.561,678.382,0
1002,16.716700,58,0.332962,531.256,554.548,1
1002,16.716700,59,0.082741,130.015,666.388,0
1002,16.716700,60,0.278860,706.914,563.077,1
1003,16.733383,53,0.236050,709.858,656.673,0
1003,16.733383,55,0.269211,517.801,233.335,1
1003,16.733383,56,0.085563,57.569,678.348,0
1003,16.733383,58,0.177543,539.016,544.334,1
1003,16.733383,59,0.082741,130.019,666.387,0
1003,16.733383,60,0.108458,705.845,535.274,1
1004,16.750067,55,0.315463,516.657,252.628,1
1004,16.750067,56,0.085563,57.578,678.314,0
1004,16.750067,58,0.196708,552.124,532.729,1
1004,16.750067,59,0.082741,130.022,666.386,0
1004,16.750067,60,0.277807,704.363,503.340,1
1005,16.766750,55,0.292759,515.606,273.823,1
1005,16.766750,58,0.163439,569.040,520.443,1
1005,16.766750,60,0.170444,702.193,470.683,1
1006,16.783433,55,0.349582,514.622,296.809,1
1006,16.783433,58,0.091894,588.803,508.107,1
1006,16.783433,60,0.156112,699.849,439.336,1
1007,16.800117,55,0.378883,513.578,321.988,1
1007,16.800117,58,0.091894,601.048,498.778,0
1007,16.800117,60,0.138572,697.535,410.180,1
1008,16.816800,55,0.147450,512.565,349.457,1
1008,16.816800,58,0.091894,613.293,489.450,0
1008,16.816800,60,0.150449,695.130,383.115,1
1009,16.833483,55,0.472574,511.596,378.439,1
1009,16.833483,58,0.255903,638.958,481.608,1
1009,16.833483,60,0.409798,692.738,358.490,1
1010,16.850167,55,0.220976,510.788,409.159,1
1010,16.850167,58,0.177976,663.587,475.367,1
1010,16.850167,60,0.170652,690.380,336.450,1
1011,16.866850,55,0.177088,510.045,441.692,1
1011,16.866850,58,0.133010,682.423,470.767,1
1011,16.866850,60,0.159425,688.175,316.408,1
1012,16.883533,55,0.084631,509.263,477.250,1
1012,16.883533,58,0.396669,696.129,466.685,1
1012,16.883533,60,0.141745,686.001,298.755,1
1013,16.900217,55,0.084631,508.382,506.799,0
1013,16.900217,58,0.396669,713.232,460.270,0
1013,16.900217,60,0.187308,683.929,283.018,1
1014,16.916900,55,0.078368,507.892,547.166,1
1014,16.916900,58,0.216292,721.811,461.962,1
1014,16.916900,60,0.257774,681.507,269.753,1
1015,16.933583,55,0.147954,507.267,583.101,1
1015,16.933583,58,0.107279,732.010,466.437,1
1015,16.933583,60,0.638309,679.322,258.601,1
1016,16.950267,55,0.228262,506.870,611.269,1
1016,16.950267,58,0.154842,744.235,472.521,1
1016,16.950267,60,0.454061,677.278,249.390,1
1017,16.966950,55,0.134694,506.760,631.619,1
1017,16.966950,58,0.112099,758.400,479.934,1
1017,16.966950,60,0.467444,675.089,242.199,1
1018,16.983633,55,0.177725,506.818,645.827,1
1018,16.983633,58,0.202722,773.698,488.161,1
1018,16.983633,60,0.392026,673.127,236.831,1
1019,17.000317,55,0.184647,507.871,655.325,1
1019,17.000317,58,0.380380,788.763,496.491,1
1019,17.000317,60,0.524001,671.127,233.341,1
1020,17.017000,55,0.190452,510.037,661.794,1
1020,17.017000,58,0.251477,803.012,504.017,1
1020,17.017000,60,0.361500,669.316,231.621,1
1021,17.033683,55,0.435623,513.495,664.372,1
1021,17.033683,58,0.260743,814.137,508.946,1
1021,17.033683,60,0.477796,667.735,231.529,1
1022,17.050367,55,0.254994,517.395,664.769,1
1022,17.050367,58,0.216983,821.532,513.489,1
1022,17.050367,60,0.464568,665.828,233.330,1
1023,17.067050,55,0.251059,521.388,661.996,1
1023,17.067050,58,0.223866,824.205,516.005,1
1023,17.067050,60,0.587524,664.001,237.254,1
1024,17.083733,55,0.195851,524.578,655.364,1
1024,17.083733,58,0.197484,821.139,515.270,1
1024,17.083733,60,0.529308,662.055,242.879,1
1025,17.100417,55,0.282463,526.845,644.149,1
1025,17.100417,58,0.189696,811.975,511.346,1
1025,17.100417,60,0.685594,660.336,250.135,1
1026,17.117100,55,0.181641,528.068,628.326,1
1026,17.117100,58,0.479042,796.174,504.707,1
1026,17.117100,60,0.381533,658.453,259.351,1
1027,17.133783,55,0.112358,527.943,607.215,1
1027,17.133783,58,0.090056,773.755,495.384,1
1027,17.133783,60,0.281082,656.434,270.674,1
1028,17.150467,55,0.117727,526.220,579.540,1
1028,17.150467,58,0.089540,745.126,485.690,1
1028,17.150467,60,0.132767,654.512,283.639,1
1029,17.167150,55,0.143564,524.031,547.252,1
1029,17.167150,58,0.102597,712.231,476.003,1
1029,17.167150,60,0.127559,652.569,298.449,1
1030,17.183833,55,0.181021,521.844,513.267,1
1030,17.183833,58,0.180819,676.828,467.007,1
1030,17.183833,60,0.101990,650.622,315.317,1
1031,17.200517,55,0.133213,520.128,478.885,1
1031,17.200517,58,0.139410,640.811,459.766,1
1031,17.200517,60,0.109133,648.828,333.893,1
1032,17.217200,55,0.186175,518.454,445.346,1
1032,17.217200,58,0.189184,604.645,454.491,1
1032,17.217200,60,0.109133,646.939,347.354,0
1033,17.233883,55,0.240065,516.749,413.901,1
1033,17.233883,58,0.291978,568.771,451.368,1
1033,17.233883,60,0.109133,645.049,360.814,0
1034,17.250567,55,0.162087,515.199,384.724,1
1034,17.250567,58,0.282208,533.559,450.749,1
1034,17.250567,60,0.107169,643.743,389.118,1
1035,17.267250,55,0.131500,513.667,358.283,1
1035,17.267250,58,0.198788,499.657,452.522,1
1035,17.267250,60,0.117086,642.376,418.311,1
1036,17.283933,55,0.131500,512.273,329.992,0
1036,17.283933,58,0.198788,467.136,449.835,0
1036,17.283933,60,0.352684,641.069,448.409,1
1037,17.300617,55,0.131500,510.879,301.700,0
1037,17.300617,58,0.198788,434.616,447.148,0
1037,17.300617,60,0.266479,639.557,479.215,1
1038,17.317300,55,0.084409,509.359,285.647,1
1038,17.317300,58,0.198788,402.096,444.461,0
1038,17.317300,60,0.116460,638.196,508.474,1
1039,17.333983,55,0.108059,507.819,271.318,1
1039,17.333983,58,0.198788,369.575,441.774,0
1039,17.333983,60,0.116460,636.704,534.694,0
1040,17.350667,55,0.204992,506.052,258.441,1
1040,17.350667,58,0.198788,337.055,439.088,0
1040,17.350667,60,0.155549,640.948,557.747,1
1041,17.367350,55,0.536426,504.241,246.733,1
1041,17.367350,60,0.249165,646.337,578.285,1
1041,17.367350,61,0.099535,57.397,678.248,1
1042,17.384033,55,0.377490,502.443,236.548,1
1042,17.384033,60,0.196036,652.717,595.961,1
1042,17.384033,61,0.077385,57.403,678.056,1
1042,17.384033,62,0.115864,387.604,501.293,1
1043,17.400717,55,0.438202,500.558,227.959,1
1043,17.400717,60,0.328772,660.544,609.765,1
1043,17.400717,61,0.075995,57.391,678.084,1
1043,17.400717,62,0.222785,378.484,506.661,1
1044,17.417400,55,0.217978,498.690,220.916,1
1044,17.417400,60,0.438685,669.934,619.530,1
1044,17.417400,61,0.086869,57.372,678.276,1
1044,17.417400,62,0.092548,372.070,511.494,1
1045,17.434083,55,0.637624,496.618,215.467,1
1045,17.434083,60,0.325432,680.169,623.693,1
1045,17.434083,61,0.090507,57.344,678.452,1
1045,17.434083,62,0.086899,368.886,514.292,1
1046,17.450767,55,0.428229,494.734,211.611,1
1046,17.450767,60,0.391404,690.047,621.804,1
1046,17.450767,61,0.080317,57.335,678.503,1
1046,17.450767,62,0.329394,369.788,514.605,1
1047,17.467450,55,0.509590,492.600,209.680,1
1047,17.467450,60,0.277873,698.695,613.732,1
1047,17.467450,61,0.084951,57.330,678.334,1
1047,17.467450,62,0.295332,375.434,512.939,1
1048,17.484133,55,0.497098,490.535,209.608,1
1048,17.484133,60,0.192721,705.954,599.562,1
1048,17.484133,61,0.076369,57.332,678.076,1
1048,17.484133,62,0.148002,384.313,509.135,1
1049,17.500817,55,0.646331,488.493,211.335,1
1049,17.500817,60,0.336119,711.255,580.027,1
1049,17.500817,61,0.076369,57.325,678.018,0
1049,17.500817,62,0.304334,397.053,503.535,1
1050,17.517500,55,0.578547,486.586,215.122,1
1050,17.517500,60,0.535918,714.830,554.806,1
1050,17.517500,61,0.076369,57.318,677.959,0
1050,17.517500,62,0.252533,415.062,496.372,1
1051,17.534183,55,0.365555,484.521,220.989,1
1051,17.534183,60,0.118190,716.972,526.062,1
1051,17.534183,61,0.076369,57.311,677.901,0
1051,17.534183,62,0.133139,438.566,487.172,1
1052,17.550867,55,0.429056,482.519,228.848,1
1052,17.550867,60,0.149072,717.955,493.921,1
1052,17.550867,61,0.076369,57.303,677.842,0
1052,17.550867,62,0.248118,468.360,476.925,1
1053,17.567550,55,0.324871,480.522,238.862,1
1053,17.567550,60,0.149072,721.948,474.089,0
1053,17.567550,61,0.076369,57.296,677.784,0
1053,17.567550,62,0.200684,502.540,466.984,1
1054,17.584233,55,0.437085,478.745,250.907,1
1054,17.584233,60,0.174356,719.417,438.494,1
1054,17.584233,62,0.466537,539.561,459.371,1
1055,17.600917,55,0.367166,476.805,264.885,1
1055,17.600917,60,0.124081,716.597,406.027,1
1055,17.600917,62,0.285366,577.681,453.704,1
1056,17.617600,55,0.367452,475.084,280.729,1
1056,17.617600,60,0.205372,713.839,376.664,1
1056,17.617600,62,0.122856,615.643,450.369,1
1057,17.634283,55,0.496229,473.254,298.708,1
1057,17.634283,60,0.283237,711.567,350.403,1
1057,17.634283,62,0.101246,653.277,449.169,1
1058,17.650967,55,0.315661,471.686,318.664,1
1058,17.650967,60,0.387049,709.767,327.376,1
1058,17.650967,62,0.155784,689.915,450.171,1
1059,17.667650,55,0.198453,470.104,340.916,1
1059,17.667650,60,0.220509,708.664,307.189,1
1059,17.667650,62,0.155784,723.878,447.015,0
1060,17.684333,55,0.345428,468.416,364.926,1
1060,17.684333,60,0.217004,707.910,289.653,1
1060,17.684333,62,0.095927,756.080,449.399,1
1061,17.701017,55,0.160439,466.903,391.061,1
1061,17.701017,60,0.435075,707.322,274.751,1
1061,17.701017,62,0.191109,781.497,452.762,1
1062,17.717700,55,0.188746,465.735,419.121,1
1062,17.717700,60,0.476024,706.979,262.348,1
1062,17.717700,62,0.075311,803.699,458.838,1
1063,17.734383,55,0.085395,464.294,449.180,1
1063,17.734383,60,0.351678,706.682,252.153,1
1063,17.734383,62,0.350718,824.173,466.864,1
1064,17.751067,55,0.090965,463.327,480.349,1
1064,17.751067,60,0.193981,706.540,243.759,1
1064,17.751067,62,0.539319,843.391,475.937,1
1065,17.767750,55,0.090965,461.961,506.637,0
1065,17.767750,60,0.487389,706.479,237.227,1
1065,17.767750,62,0.259876,860.443,485.996,1
1066,17.784433,55,0.090965,460.596,532.925,0
1066,17.784433,60,0.508539,706.518,232.620,1
1066,17.784433,62,0.309745,873.534,494.719,1
1067,17.801117,55,0.153108,467.585,560.459,1
1067,17.801117,60,0.481420,706.620,229.852,1
1067,17.801117,62,0.327980,883.608,502.762,1
1068,17.817800,55,0.153108,468.436,587.077,0
1068,17.817800,60,0.373295,706.749,228.778,1
1068,17.817800,62,0.127278,890.920,510.044,1
1069,17.834483,55,0.190599,480.745,609.928,1
1069,17.834483,60,0.417094,706.942,229.586,1
1069,17.834483,62,0.204240,894.233,515.262,1
1070,17.851167,55,0.250657,493.968,629.490,1
1070,17.851167,60,0.409102,707.235,232.286,1
1070,17.851167,62,0.102675,893.804,517.757,1
1071,17.867850,55,0.232973,507.427,643.788,1
1071,17.867850,60,0.613640,707.483,236.792,1
1071,17.867850,62,0.163970,889.483,516.548,1
1072,17.884533,55,0.522803,519.192,650.379,1
1072,17.884533,60,0.417776,707.723,243.031,1
1072,17.884533,62,0.342776,881.402,512.618,1
1073,17.901217,55,0.462641,528.853,648.815,1
1073,17.901217,60,0.351809,708.163,250.997,1
1073,17.901217,62,0.212641,869.356,506.047,1
1074,17.917900,55,0.354993,535.889,639.798,1
1074,17.917900,60,0.534767,708.532,261.050,1
1074,17.917900,62,0.237096,853.208,496.957,1
1075,17.934583,55,0.354993,544.595,646.541,0
1075,17.934583,60,0.330890,708.804,272.925,1
1075,17.934583,62,0.346163,832.437,483.810,1
1076,17.951267,55,0.354993,553.302,653.285,0
1076,17.951267,60,0.227894,708.914,286.379,1
1076,17.951267,62,0.346163,822.685,478.289,0
1077,17.967950,55,0.354993,562.008,660.028,0
1077,17.967950,60,0.178631,709.330,301.749,1
1077,17.967950,62,0.346163,812.934,472.768,0
1078,17.984633,55,0.354993,570.715,666.771,0
1078,17.984633,60,0.230757,709.588,318.715,1
1078,17.984633,62,0.346163,803.183,467.247,0
