frame,time_seconds,track_id,confidence,center_x,center_y,observed
2,0.033367,2,0.859863,714.143,392.103,1
2,0.033367,3,0.770030,612.066,441.108,1
2,0.033367,1,0.862108,553.159,346.496,1
3,0.050050,2,0.846039,713.128,368.126,1
3,0.050050,3,0.807366,639.988,442.275,1
3,0.050050,1,0.907805,552.856,368.266,1
4,0.066733,2,0.763674,712.080,341.970,1
4,0.066733,3,0.834973,672.584,445.273,1
4,0.066733,1,0.845199,552.577,395.018,1
5,0.083417,2,0.639293,711.203,316.374,1
5,0.083417,3,0.854303,706.124,450.091,1
5,0.083417,1,0.864460,552.328,424.464,1
6,0.100100,2,0.768792,710.706,292.360,1
6,0.100100,3,0.860582,739.487,456.453,1
6,0.100100,1,0.860652,551.958,454.797,1
7,0.116783,2,0.823090,710.488,270.615,1
7,0.116783,3,0.789473,765.790,464.524,1
7,0.116783,1,0.850476,551.818,486.631,1
7,0.116783,4,0.070568,94.679,673.197,1
7,0.116783,5,0.080880,57.608,680.011,1
8,0.133467,2,0.732186,710.344,251.135,1
8,0.133467,3,0.419657,787.472,473.813,1
8,0.133467,1,0.719713,551.233,519.886,1
8,0.133467,4,0.052155,94.681,673.200,1
8,0.133467,5,0.053643,57.608,680.002,1
9,0.150150,2,0.788151,710.308,234.310,1
9,0.150150,3,0.205125,806.683,482.441,1
9,0.150150,1,0.680325,550.384,549.671,1
9,0.150150,4,0.052155,94.681,673.203,0
9,0.150150,5,0.053643,57.606,680.005,0
10,0.166833,2,0.697005,710.248,219.687,1
10,0.166833,3,0.729276,824.724,490.903,1
10,0.166833,1,0.763062,549.645,575.208,1
10,0.166833,4,0.052155,94.681,673.205,0
10,0.166833,5,0.053643,57.604,680.009,0
11,0.183517,2,0.825128,710.041,207.656,1
11,0.183517,3,0.752746,841.854,500.032,1
11,0.183517,1,0.826085,549.264,597.940,1
11,0.183517,4,0.053254,94.678,673.203,1
11,0.183517,5,0.053425,57.611,680.014,1
12,0.200200,2,0.721086,709.858,197.916,1
12,0.200200,3,0.786783,857.450,509.682,1
12,0.200200,1,0.644457,550.033,618.268,1
12,0.200200,4,0.053254,94.677,673.204,0
12,0.200200,5,0.053425,57.612,680.017,0
13,0.216883,2,0.656948,709.754,190.110,1
13,0.216883,3,0.645428,870.284,519.774,1
13,0.216883,1,0.628259,551.638,634.612,1
13,0.216883,4,0.053254,94.676,673.205,0
13,0.216883,5,0.053425,57.614,680.021,0
14,0.233567,2,0.587350,709.614,184.439,1
14,0.233567,3,0.622960,877.887,529.234,1
14,0.233567,1,0.638552,553.301,646.432,1
14,0.233567,4,0.053254,94.675,673.206,0
14,0.233567,5,0.053425,57.615,680.025,0
15,0.250250,2,0.659454,709.183,180.740,1
15,0.250250,3,0.682225,882.515,536.736,1
15,0.250250,1,0.620537,554.870,652.475,1
16,0.266933,2,0.626560,708.696,179.120,1
16,0.266933,3,0.611377,883.838,540.673,1
16,0.266933,1,0.540898,556.773,652.792,1
17,0.283617,2,0.638098,708.187,179.306,1
17,0.283617,3,0.696854,882.177,540.365,1
17,0.283617,1,0.609495,558.965,647.240,1
18,0.300300,2,0.525913,707.650,181.480,1
18,0.300300,3,0.711836,877.318,535.900,1
18,0.300300,1,0.423157,562.028,636.047,1
19,0.316983,2,0.765264,706.994,185.582,1
19,0.316983,3,0.795952,869.645,528.093,1
19,0.316983,1,0.733569,565.021,620.139,1
19,0.316983,6,0.064307,57.628,680.022,1
19,0.316983,7,0.058939,94.631,672.980,1
20,0.333667,2,0.694238,706.383,191.539,1
20,0.333667,3,0.611787,858.147,517.661,1
20,0.333667,1,0.644355,567.003,599.314,1
20,0.333667,6,0.055124,57.619,680.014,1
20,0.333667,7,0.053417,94.629,672.965,1
21,0.350350,2,0.637780,705.594,199.429,1
21,0.350350,3,0.669937,842.030,505.364,1
21,0.350350,1,0.709138,567.872,573.532,1
21,0.350350,6,0.055124,57.616,680.013,0
21,0.350350,7,0.053417,94.628,672.954,0
22,0.367033,2,0.817256,704.944,209.018,1
22,0.367033,3,0.624051,821.005,491.766,1
22,0.367033,1,0.620526,567.709,544.088,1
22,0.367033,6,0.055124,57.613,680.012,0
22,0.367033,7,0.053417,94.626,672.943,0
23,0.383717,2,0.635797,703.985,220.530,1
23,0.383717,3,0.706080,795.156,477.736,1
23,0.383717,1,0.753117,566.623,511.210,1
23,0.383717,6,0.061759,57.598,679.963,1
23,0.383717,7,0.058060,94.636,672.940,1
24,0.400400,2,0.831638,703.018,233.752,1
24,0.400400,3,0.704716,765.461,463.788,1
24,0.400400,1,0.654185,564.671,477.907,1
24,0.400400,6,0.069644,57.601,679.935,1
24,0.400400,7,0.061820,94.645,672.940,1
25,0.417083,2,0.886329,702.243,248.891,1
25,0.417083,3,0.887041,733.341,450.896,1
25,0.417083,1,0.888415,562.904,445.275,1
25,0.417083,6,0.076470,57.600,679.924,1
25,0.417083,7,0.065136,94.656,672.943,1
26,0.433767,2,0.827506,701.475,265.951,1
26,0.433767,3,0.780209,699.761,440.087,1
26,0.433767,1,0.751792,560.912,414.391,1
26,0.433767,6,0.060654,57.611,679.915,1
26,0.433767,7,0.054526,94.665,672.942,1
27,0.450450,2,0.694195,700.574,284.647,1
27,0.450450,3,0.735667,666.041,431.261,1
27,0.450450,1,0.806431,558.984,385.522,1
27,0.450450,6,0.050958,57.617,679.909,1
27,0.450450,7,0.054526,94.672,672.939,0
28,0.467133,2,0.350560,699.581,305.265,1
28,0.467133,3,0.369607,632.234,424.966,1
28,0.467133,1,0.637415,556.990,359.468,1
28,0.467133,6,0.050958,57.619,679.896,0
28,0.467133,7,0.054526,94.679,672.936,0
29,0.483817,2,0.438328,698.418,327.574,1
29,0.483817,3,0.341514,598.798,420.750,1
29,0.483817,1,0.426824,555.095,336.167,1
29,0.483817,6,0.050958,57.621,679.883,0
29,0.483817,7,0.054526,94.686,672.933,0
30,0.500500,2,0.711303,697.478,351.347,1
30,0.500500,3,0.834239,566.013,418.923,1
30,0.500500,1,0.640136,553.596,315.100,1
30,0.500500,6,0.050958,57.623,679.870,0
30,0.500500,7,0.054526,94.693,672.931,0
31,0.517183,2,0.609939,696.477,376.892,1
31,0.517183,3,0.840161,534.043,419.042,1
31,0.517183,1,0.459211,551.975,296.246,1
31,0.517183,6,0.050958,57.625,679.857,0
31,0.517183,7,0.054526,94.700,672.928,0
32,0.533867,2,0.643538,695.645,404.398,1
32,0.533867,3,0.752871,503.227,420.836,1
32,0.533867,1,0.764633,550.518,279.387,1
32,0.533867,6,0.050958,57.627,679.844,0
33,0.550550,2,0.696442,694.950,433.633,1
33,0.550550,3,0.882615,477.987,423.137,1
33,0.550550,1,0.798929,548.761,264.695,1
34,0.567233,2,0.729916,694.128,464.734,1
34,0.567233,3,0.840481,455.949,425.654,1
34,0.567233,1,0.866990,546.862,252.106,1
35,0.583917,2,0.766308,693.789,494.157,1
35,0.583917,3,0.876794,436.451,428.841,1
35,0.583917,1,0.859904,545.157,241.316,1
36,0.600600,2,0.845065,694.669,520.812,1
36,0.600600,3,0.867821,419.094,433.516,1
36,0.600600,1,0.808899,543.436,232.326,1
37,0.617283,2,0.834763,696.439,544.730,1
37,0.617283,3,0.755001,403.405,440.179,1
37,0.617283,1,0.814133,541.405,225.216,1
38,0.633967,2,0.743968,699.460,566.312,1
38,0.633967,3,0.770807,390.777,448.522,1
38,0.633967,1,0.852092,539.706,219.979,1
39,0.650650,2,0.892067,703.634,585.515,1
39,0.650650,3,0.845393,380.776,457.609,1
39,0.650650,1,0.896762,538.129,216.426,1
39,0.650650,8,0.077301,57.620,679.864,1
39,0.650650,9,0.067488,94.666,673.032,1
40,0.667333,2,0.843491,709.038,601.286,1
40,0.667333,3,0.820973,373.850,466.426,1
40,0.667333,1,0.840664,536.604,214.684,1
40,0.667333,8,0.087868,57.621,679.874,1
40,0.667333,9,0.079115,94.667,673.034,1
41,0.684017,2,0.897171,715.245,612.932,1
41,0.684017,3,0.887688,370.174,473.863,1
41,0.684017,1,0.877792,535.049,214.697,1
41,0.684017,8,0.084664,57.623,679.887,1
41,0.684017,9,0.076524,94.667,673.035,1
42,0.700700,2,0.859056,721.437,619.197,1
42,0.700700,3,0.830479,370.367,478.780,1
42,0.700700,1,0.857137,533.797,216.653,1
42,0.700700,8,0.074659,57.626,679.895,1
42,0.700700,9,0.071868,94.669,673.039,1
43,0.717383,2,0.896970,727.109,620.108,1
43,0.717383,3,0.870697,375.915,480.847,1
43,0.717383,1,0.888250,532.283,220.464,1
43,0.717383,8,0.083367,57.628,679.900,1
43,0.717383,9,0.074520,94.669,673.044,1
44,0.734067,2,0.851527,731.695,614.362,1
44,0.734067,3,0.863637,385.252,479.160,1
44,0.734067,1,0.869261,530.756,225.900,1
44,0.734067,8,0.074815,57.630,679.900,1
44,0.734067,9,0.067680,94.671,673.046,1
45,0.750750,2,0.910755,735.130,602.593,1
45,0.750750,3,0.749850,398.777,473.842,1
45,0.750750,1,0.922603,529.314,233.116,1
45,0.750750,8,0.075691,57.633,679.909,1
45,0.750750,9,0.065556,94.671,673.046,1
46,0.767433,2,0.757497,737.298,585.009,1
46,0.767433,3,0.777905,416.906,465.868,1
46,0.767433,1,0.883269,528.056,242.192,1
46,0.767433,8,0.059759,57.632,679.906,1
46,0.767433,9,0.055530,94.674,673.041,1
47,0.784117,2,0.751421,738.257,562.761,1
47,0.784117,3,0.714081,438.857,456.015,1
47,0.784117,1,0.889903,526.394,253.223,1
47,0.784117,8,0.078477,57.634,679.906,1
47,0.784117,9,0.060511,94.674,673.037,1
48,0.800800,2,0.764852,738.430,535.927,1
48,0.800800,3,0.453875,466.049,445.870,1
48,0.800800,1,0.760749,525.083,265.970,1
48,0.800800,8,0.078477,57.635,679.909,0
48,0.800800,9,0.060511,94.675,673.035,0
49,0.817483,2,0.815668,737.732,506.430,1
49,0.817483,3,0.814947,497.199,435.958,1
49,0.817483,1,0.795299,523.566,280.681,1
49,0.817483,8,0.078477,57.637,679.912,0
49,0.817483,9,0.060511,94.676,673.033,0
50,0.834167,2,0.831608,735.904,475.275,1
50,0.834167,3,0.887779,530.509,427.768,1
50,0.834167,1,0.877769,522.229,296.999,1
50,0.834167,8,0.066072,57.633,679.903,1
50,0.834167,9,0.056320,94.676,673.029,1
51,0.850850,2,0.917218,733.309,444.001,1
51,0.850850,3,0.836087,564.861,421.563,1
51,0.850850,1,0.830847,520.916,315.505,1
51,0.850850,8,0.059634,57.637,679.890,1
51,0.850850,9,0.053547,94.677,673.021,1
52,0.867533,2,0.840394,730.603,414.316,1
52,0.867533,3,0.744568,599.796,417.683,1
52,0.867533,1,0.845149,519.729,335.871,1
52,0.867533,8,0.059634,57.638,679.886,0
52,0.867533,9,0.053547,94.677,673.017,0
53,0.884217,2,0.759033,727.531,386.799,1
53,0.884217,3,0.672351,634.517,416.251,1
53,0.884217,1,0.767874,518.665,357.481,1
53,0.884217,8,0.059634,57.639,679.883,0
53,0.884217,9,0.053547,94.678,673.012,0
54,0.900900,2,0.776256,724.497,362.375,1
54,0.900900,3,0.833689,668.864,417.005,1
54,0.900900,1,0.859311,517.486,380.853,1
54,0.900900,8,0.054319,57.644,679.876,1
54,0.900900,9,0.050390,94.676,673.013,1
55,0.917583,2,0.674145,721.870,340.572,1
55,0.917583,3,0.825883,702.517,419.920,1
55,0.917583,1,0.740017,516.257,405.856,1
55,0.917583,8,0.054319,57.647,679.872,0
55,0.917583,9,0.050390,94.676,673.010,0
56,0.934267,2,0.740457,719.301,321.420,1
56,0.934267,3,0.908754,735.689,424.980,1
56,0.934267,1,0.883560,515.099,432.852,1
56,0.934267,8,0.054319,57.649,679.867,0
56,0.934267,9,0.050390,94.676,673.007,0
57,0.950950,2,0.313059,717.258,304.778,1
57,0.950950,3,0.275960,765.296,431.683,1
57,0.950950,1,0.689119,513.952,461.364,1
57,0.950950,8,0.054319,57.651,679.863,0
57,0.950950,9,0.050390,94.676,673.005,0
58,0.967633,2,0.492077,715.366,290.272,1
58,0.967633,3,0.452096,789.480,441.019,1
58,0.967633,1,0.494346,513.129,491.433,1
58,0.967633,8,0.050789,57.650,679.860,1
58,0.967633,9,0.050390,94.676,673.002,0
59,0.984317,2,0.687834,713.439,278.312,1
59,0.984317,3,0.492338,809.808,452.377,1
59,0.984317,1,0.425112,513.058,521.524,1
59,0.984317,8,0.051988,57.649,679.859,1
60,1.001000,2,0.761879,711.739,268.331,1
60,1.001000,3,0.598957,826.507,464.176,1
60,1.001000,1,0.735584,512.973,548.664,1
60,1.001000,8,0.062278,57.647,679.871,1
61,1.017683,2,0.781470,710.189,260.257,1
61,1.017683,3,0.544737,841.353,476.595,1
61,1.017683,1,0.543323,513.414,573.083,1
61,1.017683,8,0.053856,57.641,679.880,1
62,1.034367,2,0.817615,708.638,254.049,1
62,1.034367,3,0.758244,855.445,489.880,1
62,1.034367,1,0.661244,514.813,595.040,1
62,1.034367,8,0.056173,57.630,679.883,1
62,1.034367,10,0.053512,94.674,673.058,1
63,1.051050,2,0.799183,707.047,249.700,1
63,1.051050,3,0.597170,868.639,503.792,1
63,1.051050,1,0.231576,518.163,614.115,1
63,1.051050,8,0.050862,57.624,679.893,1
63,1.051050,10,0.053512,94.674,673.060,0
64,1.067733,2,0.649049,705.753,247.191,1
64,1.067733,3,0.391271,879.356,517.185,1
64,1.067733,1,0.197805,522.944,630.279,1
64,1.067733,8,0.050862,57.619,679.898,0
64,1.067733,10,0.053512,94.675,673.061,0
65,1.084417,2,0.789912,704.308,246.405,1
65,1.084417,3,0.662951,886.724,528.604,1
65,1.084417,1,0.744670,529.077,642.301,1
65,1.084417,8,0.066333,57.612,679.918,1
65,1.084417,10,0.060612,94.679,673.061,1
66,1.101100,2,0.591513,703.161,247.481,1
66,1.101100,3,0.549286,889.923,535.969,1
66,1.101100,1,0.509599,536.012,649.262,1
66,1.101100,8,0.066333,57.607,679.927,0
66,1.101100,10,0.060612,94.681,673.062,0
67,1.117783,2,0.832989,701.937,250.393,1
67,1.117783,3,0.416645,888.570,538.206,1
67,1.117783,1,0.518342,542.908,649.458,1
67,1.117783,8,0.058587,57.601,679.928,1
67,1.117783,10,0.051454,94.684,673.050,1
68,1.134467,2,0.788824,700.957,254.976,1
68,1.134467,3,0.489330,883.419,535.461,1
68,1.134467,1,0.594999,549.252,642.846,1
68,1.134467,8,0.058587,57.596,679.935,0
68,1.134467,10,0.051454,94.686,673.047,0
69,1.151150,2,0.753396,699.967,261.355,1
69,1.151150,3,0.304251,874.746,528.049,1
69,1.151150,1,0.732641,555.399,630.078,1
69,1.151150,8,0.058587,57.590,679.942,0
69,1.151150,10,0.051454,94.689,673.044,0
70,1.167833,2,0.780115,698.897,269.454,1
70,1.167833,3,0.430544,862.472,517.588,1
70,1.167833,1,0.809826,561.057,611.704,1
70,1.167833,8,0.058587,57.585,679.949,0
70,1.167833,10,0.051264,94.688,673.028,1
71,1.184517,2,0.689917,697.599,279.272,1
71,1.184517,3,0.558045,845.863,505.254,1
71,1.184517,1,0.660657,565.165,588.922,1
71,1.184517,8,0.058587,57.580,679.955,0
71,1.184517,10,0.051264,94.689,673.021,0
72,1.201200,2,0.637648,696.517,290.937,1
72,1.201200,3,0.688126,823.982,491.897,1
72,1.201200,1,0.710656,567.731,561.274,1
72,1.201200,8,0.058587,57.574,679.962,0
73,1.217883,2,0.515311,695.505,304.584,1
73,1.217883,3,0.613480,797.136,478.395,1
73,1.217883,1,0.646282,568.447,529.621,1
74,1.234567,2,0.331969,694.479,319.811,1
74,1.234567,3,0.565784,766.481,466.833,1
74,1.234567,1,0.731010,567.963,496.029,1
75,1.251250,2,0.798168,693.498,336.801,1
75,1.251250,3,0.779797,733.330,457.685,1
75,1.251250,1,0.808503,566.852,462.563,1
76,1.267933,2,0.679791,692.350,355.380,1
76,1.267933,3,0.891445,698.851,451.255,1
76,1.267933,1,0.863042,565.612,430.264,1
77,1.284617,2,0.818058,691.215,375.738,1
77,1.284617,3,0.769448,663.916,447.228,1
77,1.284617,1,0.831106,564.207,400.062,1
78,1.301300,2,0.712363,690.246,397.661,1
78,1.301300,3,0.580195,629.202,445.678,1
78,1.301300,1,0.848091,562.812,372.279,1
79,1.317983,2,0.730461,689.404,421.405,1
79,1.317983,3,0.681775,595.152,446.226,1
79,1.317983,1,0.773047,561.522,347.365,1
80,1.334667,2,0.782831,688.624,446.671,1
80,1.334667,3,0.715126,561.497,449.000,1
80,1.334667,1,0.793339,560.129,325.269,1
81,1.351350,2,0.688342,687.684,473.633,1
81,1.351350,3,0.717124,528.951,452.756,1
81,1.351350,1,0.721529,558.980,305.320,1
82,1.368033,2,0.364309,687.054,501.691,1
82,1.368033,3,0.658116,503.149,455.680,1
82,1.368033,1,0.757576,557.566,287.460,1
83,1.384717,2,0.556522,688.050,526.302,1
83,1.384717,3,0.724260,483.134,458.979,1
83,1.384717,1,0.802100,556.166,272.026,1
84,1.401400,2,0.543179,689.788,547.971,1
84,1.401400,3,0.600388,467.015,461.612,1
84,1.401400,1,0.744899,554.865,258.295,1
85,1.418083,2,0.701572,691.342,567.257,1
85,1.418083,3,0.755375,452.490,464.424,1
85,1.418083,1,0.806031,553.312,246.576,1
86,1.434767,2,0.789782,692.504,585.137,1
86,1.434767,3,0.888681,439.103,467.936,1
86,1.434767,1,0.833306,551.872,236.758,1
87,1.451450,2,0.866267,693.819,601.106,1
87,1.451450,3,0.887987,425.741,472.355,1
87,1.451450,1,0.876885,550.433,228.604,1
88,1.468133,2,0.715204,695.831,614.538,1
88,1.468133,3,0.730201,412.729,477.863,1
88,1.468133,1,0.788016,548.860,222.145,1
89,1.484817,2,0.855114,699.031,624.789,1
89,1.484817,3,0.830648,401.765,483.793,1
89,1.484817,1,0.859977,547.061,217.463,1
90,1.501500,2,0.758936,702.800,631.323,1
90,1.501500,3,0.660022,393.792,489.312,1
90,1.501500,1,0.818612,545.431,214.554,1
91,1.518183,2,0.860930,706.777,633.430,1
91,1.518183,3,0.796288,388.676,493.932,1
91,1.518183,1,0.851135,543.950,213.339,1
91,1.518183,11,0.065766,94.670,672.980,1
91,1.518183,12,0.066157,57.658,679.917,1
92,1.534867,2,0.747968,710.453,630.670,1
92,1.534867,3,0.787197,386.912,497.089,1
92,1.534867,1,0.856711,542.587,214.036,1
92,1.534867,11,0.063900,94.670,672.983,1
92,1.534867,12,0.059762,57.656,679.926,1
93,1.551550,2,0.920112,713.456,623.156,1
93,1.551550,3,0.876146,388.704,498.219,1
93,1.551550,1,0.870278,541.140,216.541,1
93,1.551550,11,0.067899,94.666,672.984,1
93,1.551550,12,0.068833,57.652,679.930,1
94,1.568233,2,0.853678,716.204,610.819,1
94,1.568233,3,0.817646,394.204,497.069,1
94,1.568233,1,0.864253,539.892,220.846,1
94,1.568233,11,0.066579,94.670,672.981,1
94,1.568233,12,0.065651,57.653,679.934,1
95,1.584917,2,0.918244,718.437,593.223,1
95,1.584917,3,0.911109,403.996,493.482,1
95,1.584917,1,0.895726,538.466,227.078,1
95,1.584917,11,0.060696,94.671,672.984,1
95,1.584917,12,0.061863,57.657,679.930,1
96,1.601600,2,0.904119,720.310,570.058,1
96,1.601600,3,0.833598,418.573,487.727,1
96,1.601600,1,0.866113,537.144,235.154,1
96,1.601600,11,0.050288,94.673,672.987,1
96,1.601600,12,0.061863,57.657,679.932,0
97,1.618283,2,0.699524,722.138,543.226,1
97,1.618283,3,0.742454,437.589,479.304,1
97,1.618283,1,0.812277,535.873,244.976,1
97,1.618283,11,0.050288,94.674,672.988,0
97,1.618283,12,0.061863,57.657,679.934,0
98,1.634967,2,0.629587,723.693,512.387,1
98,1.634967,3,0.618670,461.149,469.209,1
98,1.634967,1,0.816330,534.847,256.735,1
98,1.634967,11,0.050288,94.675,672.990,0
98,1.634967,12,0.061863,57.657,679.935,0
99,1.651650,2,0.563472,725.220,479.244,1
99,1.651650,3,0.429234,488.922,458.039,1
99,1.651650,1,0.832720,533.745,270.522,1
99,1.651650,11,0.050288,94.676,672.991,0
99,1.651650,12,0.061863,57.657,679.937,0
100,1.668333,2,0.885813,726.660,446.690,1
100,1.668333,3,0.744951,518.945,447.052,1
100,1.668333,1,0.864757,532.697,285.968,1
100,1.668333,11,0.050288,94.677,672.992,0
100,1.668333,12,0.061863,57.657,679.939,0
101,1.685017,2,0.789987,728.134,415.326,1
101,1.685017,3,0.807068,550.273,436.992,1
101,1.685017,1,0.777677,531.803,303.315,1
101,1.685017,11,0.050288,94.677,672.994,0
102,1.701700,2,0.879824,729.371,385.832,1
102,1.701700,3,0.792196,581.401,428.553,1
102,1.701700,1,0.724141,531.149,323.009,1
103,1.718383,2,0.748720,730.418,358.574,1
103,1.718383,3,0.553381,612.251,421.947,1
103,1.718383,1,0.579713,530.473,344.265,1
104,1.735067,2,0.638370,731.711,333.840,1
104,1.735067,3,0.431272,642.721,417.407,1
104,1.735067,1,0.651186,529.799,367.250,1
105,1.751750,2,0.815424,733.208,311.374,1
105,1.751750,3,0.672777,672.674,415.384,1
105,1.751750,1,0.699212,528.971,391.899,1
106,1.768433,2,0.695515,734.694,291.504,1
106,1.768433,3,0.545798,702.682,415.580,1
106,1.768433,1,0.783921,528.434,418.634,1
107,1.785117,2,0.884947,736.300,273.754,1
107,1.785117,3,0.841368,731.971,418.175,1
107,1.785117,1,0.746350,528.094,447.311,1
108,1.801800,2,0.877621,737.925,258.141,1
108,1.801800,3,0.655980,760.639,422.650,1
108,1.801800,1,0.703690,527.838,476.958,1
109,1.818483,2,0.878996,739.184,244.619,1
109,1.818483,3,0.667599,785.477,429.411,1
109,1.818483,1,0.648555,527.144,504.512,1
109,1.818483,13,0.053458,57.670,679.896,1
110,1.835167,2,0.890699,740.592,233.064,1
110,1.835167,3,0.707700,804.471,437.060,1
110,1.835167,1,0.783850,526.394,528.847,1
110,1.835167,13,0.053742,57.671,679.912,1
111,1.851850,2,0.747274,742.030,223.511,1
111,1.851850,3,0.521125,818.874,444.112,1
111,1.851850,1,0.683539,525.534,550.158,1
111,1.851850,13,0.053742,57.673,679.918,0
112,1.868533,2,0.772749,743.509,215.909,1
112,1.868533,3,0.255458,832.908,450.670,1
112,1.868533,1,0.688075,525.392,567.134,1
112,1.868533,13,0.053742,57.675,679.925,0
113,1.885217,2,0.796542,744.898,210.020,1
113,1.885217,3,0.255458,853.170,455.437,0
113,1.885217,1,0.339173,524.633,581.001,1
113,1.885217,13,0.053742,57.676,679.931,0
114,1.901900,2,0.784396,746.478,206.174,1
114,1.901900,3,0.394623,864.860,462.839,1
114,1.901900,1,0.211330,527.763,593.940,1
114,1.901900,13,0.053742,57.678,679.938,0
115,1.918583,2,0.781984,748.006,204.039,1
115,1.918583,3,0.409679,874.355,470.240,1
115,1.918583,1,0.700603,533.825,605.933,1
116,1.935267,2,0.768078,749.434,203.711,1
116,1.935267,3,0.595925,881.713,477.256,1
116,1.935267,1,0.658203,541.217,615.701,1
117,1.951950,2,0.823514,751.014,205.325,1
117,1.951950,3,0.757225,885.438,483.259,1
117,1.951950,1,0.664206,549.271,622.020,1
118,1.968633,2,0.862586,752.502,208.887,1
118,1.968633,3,0.813532,885.486,486.295,1
118,1.968633,1,0.813042,557.565,623.682,1
119,1.985317,2,0.729673,753.970,214.344,1
119,1.985317,3,0.679189,881.929,485.794,1
119,1.985317,1,0.730868,565.510,619.961,1
120,2.002000,2,0.781773,755.599,221.703,1
120,2.002000,3,0.699918,874.705,481.813,1
120,2.002000,1,0.732538,572.565,610.392,1
121,2.018683,2,0.769678,757.102,230.948,1
121,2.018683,3,0.712934,863.634,474.517,1
121,2.018683,1,0.681334,578.524,595.389,1
121,2.018683,14,0.058615,57.663,679.925,1
122,2.035367,2,0.763838,758.728,242.001,1
122,2.035367,3,0.554277,847.653,464.998,1
122,2.035367,1,0.798158,582.785,574.929,1
122,2.035367,14,0.058615,57.663,679.915,0
123,2.052050,2,0.861742,760.140,255.107,1
123,2.052050,3,0.580580,826.678,454.454,1
123,2.052050,1,0.703510,585.198,549.230,1
123,2.052050,14,0.052681,57.658,679.916,1
124,2.068733,2,0.851762,761.565,270.114,1
124,2.068733,3,0.710266,801.441,444.322,1
124,2.068733,1,0.843347,585.637,517.969,1
124,2.068733,14,0.058492,57.657,679.922,1
125,2.085417,2,0.869738,763.216,287.085,1
125,2.085417,3,0.633090,773.983,435.743,1
125,2.085417,1,0.763876,584.440,483.087,1
125,2.085417,14,0.053575,57.652,679.927,1
126,2.102100,2,0.819188,764.712,305.873,1
126,2.102100,3,0.849553,745.714,428.895,1
126,2.102100,1,0.708045,582.146,447.870,1
126,2.102100,14,0.053575,57.649,679.926,0
127,2.118783,2,0.798640,766.306,326.692,1
127,2.118783,3,0.720262,716.927,424.441,1
127,2.118783,1,0.575384,579.562,414.691,1
127,2.118783,14,0.053575,57.646,679.926,0
128,2.135467,2,0.844568,767.983,349.290,1
128,2.135467,3,0.751091,688.244,422.249,1
128,2.135467,1,0.775515,576.709,383.260,1
128,2.135467,14,0.053575,57.644,679.925,0
129,2.152150,2,0.851202,769.500,373.658,1
129,2.152150,3,0.653511,659.517,422.358,1
129,2.152150,1,0.769403,573.650,353.560,1
129,2.152150,14,0.056954,57.642,679.893,1
130,2.168833,2,0.844858,771.000,399.867,1
130,2.168833,3,0.492268,631.209,424.466,1
130,2.168833,1,0.744641,570.990,326.621,1
130,2.168833,14,0.051204,57.631,679.870,1
131,2.185517,2,0.868316,772.462,428.165,1
131,2.185517,3,0.671630,603.208,428.794,1
131,2.185517,1,0.823528,568.595,302.017,1
131,2.185517,14,0.051204,57.626,679.857,0
132,2.202200,2,0.908656,773.866,458.273,1
132,2.202200,3,0.827070,575.650,434.906,1
132,2.202200,1,0.830101,566.389,279.744,1
132,2.202200,14,0.055759,57.614,679.847,1
133,2.218883,2,0.753408,774.569,489.365,1
133,2.218883,3,0.606173,551.419,441.095,1
133,2.218883,1,0.863562,564.228,259.918,1
133,2.218883,14,0.055759,57.607,679.834,0
134,2.235567,2,0.721085,773.323,517.761,1
134,2.235567,3,0.539580,534.097,446.637,1
134,2.235567,1,0.802872,561.999,242.109,1
134,2.235567,14,0.055759,57.601,679.822,0
135,2.252250,2,0.789816,772.665,542.487,1
135,2.252250,3,0.855346,522.672,453.136,1
135,2.252250,1,0.838319,559.758,226.351,1
135,2.252250,14,0.055759,57.594,679.810,0
136,2.268933,2,0.826146,773.772,563.924,1
136,2.268933,3,0.720990,514.891,460.736,1
136,2.268933,1,0.812050,557.364,212.418,1
136,2.268933,14,0.055759,57.587,679.798,0
137,2.285617,2,0.784743,775.888,582.133,1
137,2.285617,3,0.870983,510.574,472.474,1
137,2.285617,1,0.727888,555.031,200.668,1
138,2.302300,2,0.653974,778.929,597.734,1
138,2.302300,3,0.841978,509.103,489.575,1
138,2.302300,1,0.820151,552.613,190.784,1
139,2.318983,2,0.727175,781.964,610.101,1
139,2.318983,3,0.798019,510.469,510.709,1
139,2.318983,1,0.823762,550.357,182.563,1
140,2.335667,2,0.471208,784.940,619.161,1
140,2.335667,3,0.794143,513.281,533.517,1
140,2.335667,1,0.738521,548.178,176.163,1
141,2.352350,2,0.450694,787.770,625.373,1
141,2.352350,3,0.470236,517.929,556.053,1
141,2.352350,1,0.772940,545.920,171.660,1
142,2.369033,2,0.760820,790.175,628.316,1
142,2.369033,3,0.603381,524.508,575.814,1
142,2.369033,1,0.817851,543.737,169.075,1
142,2.369033,16,0.095966,57.605,679.929,1
142,2.369033,15,0.071070,94.675,673.207,1
143,2.385717,2,0.380652,792.170,627.930,1
143,2.385717,3,0.474988,533.223,592.153,1
143,2.385717,1,0.866111,541.412,168.247,1
143,2.385717,16,0.087809,57.613,679.934,1
143,2.385717,15,0.062919,94.678,673.190,1
144,2.402400,2,0.603216,793.508,624.363,1
144,2.402400,3,0.695163,542.879,603.394,1
144,2.402400,1,0.851667,539.130,169.290,1
144,2.402400,16,0.108857,57.615,679.963,1
144,2.402400,15,0.076412,94.684,673.170,1
145,2.419083,2,0.775650,793.892,617.695,1
145,2.419083,3,0.695555,552.799,608.753,1
145,2.419083,1,0.825867,536.919,172.121,1
145,2.419083,16,0.092666,57.624,679.976,1
145,2.419083,15,0.068545,94.695,673.144,1
146,2.435767,2,0.527208,793.421,608.379,1
146,2.435767,3,0.490066,562.453,606.987,1
146,2.435767,1,0.689056,534.799,176.980,1
146,2.435767,16,0.058514,57.628,679.962,1
146,2.435767,15,0.068545,94.700,673.130,0
147,2.452450,2,0.770608,791.675,596.051,1
147,2.452450,3,0.644079,570.958,598.188,1
147,2.452450,1,0.801584,532.662,183.488,1
147,2.452450,16,0.107171,57.627,679.964,1
147,2.452450,15,0.072496,94.708,673.105,1
148,2.469133,2,0.503040,788.719,580.991,1
148,2.469133,3,0.478833,578.047,582.887,1
148,2.469133,1,0.767668,530.585,192.111,1
148,2.469133,16,0.055384,57.631,679.956,1
148,2.469133,15,0.072496,94.714,673.087,0
149,2.485817,2,0.574602,784.039,563.804,1
149,2.485817,3,0.454842,583.129,560.812,1
149,2.485817,1,0.858478,528.506,202.772,1
149,2.485817,16,0.069460,57.630,679.947,1
149,2.485817,15,0.054952,94.719,673.077,1
150,2.502500,2,0.730317,777.728,543.944,1
150,2.502500,3,0.454842,589.788,554.328,0
150,2.502500,1,0.804600,526.462,215.154,1
150,2.502500,16,0.068175,57.617,679.922,1
150,2.502500,15,0.055315,94.715,673.072,1
151,2.519183,2,0.742198,770.035,522.126,1
151,2.519183,3,0.454842,596.448,547.843,0
151,2.519183,1,0.897959,524.341,229.922,1
151,2.519183,16,0.078033,57.606,679.904,1
151,2.519183,15,0.061394,94.710,673.062,1
152,2.535867,2,0.692422,759.194,499.297,1
152,2.535867,3,0.454842,603.107,541.358,0
152,2.535867,1,0.863332,522.473,246.545,1
152,2.535867,16,0.063709,57.599,679.888,1
152,2.535867,15,0.051043,94.710,673.057,1
152,2.535867,17,0.702030,583.500,456.961,1
153,2.552550,2,0.728296,745.707,476.840,1
153,2.552550,3,0.454842,609.767,534.873,0
153,2.552550,1,0.859546,520.507,265.041,1
153,2.552550,16,0.057112,57.596,679.875,1
153,2.552550,15,0.051043,94.710,673.047,0
153,2.552550,17,0.781564,583.685,425.213,1
154,2.569233,2,0.851239,731.113,454.853,1
154,2.569233,3,0.454842,616.426,528.388,0
154,2.569233,1,0.895774,518.667,285.349,1
154,2.569233,16,0.091539,57.592,679.870,1
154,2.569233,15,0.061934,94.710,673.047,1
154,2.569233,17,0.901954,583.960,390.237,1
155,2.585917,2,0.695505,716.086,435.459,1
155,2.585917,1,0.861429,516.695,307.258,1
155,2.585917,16,0.060657,57.603,679.863,1
155,2.585917,15,0.061934,94.710,673.040,0
155,2.585917,17,0.887040,584.150,355.268,1
156,2.602600,2,0.720742,701.151,418.215,1
156,2.602600,1,0.835446,514.903,331.457,1
156,2.602600,16,0.060657,57.603,679.854,0
156,2.602600,15,0.061934,94.710,673.033,0
156,2.602600,17,0.436782,584.458,321.823,1
157,2.619283,2,0.674210,686.025,403.325,1
157,2.619283,1,0.783565,513.015,357.258,1
157,2.619283,16,0.058872,57.609,679.852,1
157,2.619283,15,0.061934,94.711,673.025,0
157,2.619283,17,0.618277,584.894,290.992,1
158,2.635967,2,0.431474,671.047,390.921,1
158,2.635967,1,0.835091,511.343,385.107,1
158,2.635967,16,0.058872,57.611,679.844,0
158,2.635967,15,0.061934,94.711,673.018,0
158,2.635967,17,0.799594,585.175,262.964,1
159,2.652650,2,0.767171,656.414,381.142,1
159,2.652650,1,0.843398,509.547,415.020,1
159,2.652650,16,0.051093,57.610,679.858,1
159,2.652650,15,0.061934,94.711,673.011,0
159,2.652650,17,0.681556,585.237,236.621,1
160,2.669333,2,0.767029,641.656,373.368,1
160,2.669333,1,0.717774,508.131,446.847,1
160,2.669333,16,0.051651,57.606,679.915,1
160,2.669333,17,0.801562,585.436,212.941,1
161,2.686017,2,0.743413,627.583,367.863,1
161,2.686017,1,0.809227,506.952,480.124,1
161,2.686017,16,0.056926,57.592,679.979,1
161,2.686017,17,0.846576,585.544,192.080,1
162,2.702700,2,0.580437,613.137,364.753,1
162,2.702700,1,0.715950,505.923,511.013,1
162,2.702700,16,0.056926,57.588,680.006,0
162,2.702700,17,0.704683,585.747,173.555,1
163,2.719383,2,0.823779,599.728,364.244,1
163,2.719383,1,0.291696,504.447,532.682,1
163,2.719383,16,0.056926,57.585,680.033,0
163,2.719383,17,0.730812,585.735,157.257,1
164,2.736067,2,0.858172,589.903,365.470,1
164,2.736067,1,0.618308,502.864,549.758,1
164,2.736067,16,0.056926,57.581,680.060,0
164,2.736067,17,0.814242,585.810,143.074,1
165,2.752750,2,0.786909,582.954,367.166,1
165,2.752750,1,0.285110,500.449,563.537,1
165,2.752750,16,0.056926,57.577,680.087,0
165,2.752750,17,0.620572,586.067,130.676,1
166,2.769433,2,0.779963,578.458,369.077,1
166,2.769433,1,0.533493,496.675,574.479,1
166,2.769433,16,0.050408,57.581,680.068,1
166,2.769433,17,0.786403,586.221,120.530,1
167,2.786117,2,0.827322,575.727,371.049,1
167,2.786117,1,0.368228,492.054,582.725,1
167,2.786117,16,0.057882,57.584,680.036,1
167,2.786117,17,0.763012,586.466,112.446,1
168,2.802800,2,0.880180,574.572,372.485,1
168,2.802800,1,0.641409,486.764,588.357,1
168,2.802800,16,0.056372,57.588,679.979,1
168,2.802800,17,0.737303,586.635,106.205,1
169,2.819483,2,0.784528,575.156,373.309,1
169,2.819483,1,0.678381,480.944,590.891,1
169,2.819483,16,0.071208,57.593,679.930,1
169,2.819483,17,0.847457,586.769,102.157,1
170,2.836167,2,0.786961,577.610,372.704,1
170,2.836167,1,0.787814,475.670,590.223,1
170,2.836167,16,0.064015,57.601,679.912,1
170,2.836167,17,0.852865,586.969,100.012,1
171,2.852850,2,0.855484,581.332,370.939,1
171,2.852850,1,0.750401,470.764,585.690,1
171,2.852850,16,0.070133,57.603,679.850,1
171,2.852850,17,0.868914,587.225,99.792,1
172,2.869533,2,0.708689,586.279,368.598,1
172,2.869533,1,0.442971,466.017,576.895,1
172,2.869533,16,0.054690,57.598,679.730,1
172,2.869533,17,0.849327,587.497,101.529,1
173,2.886217,2,0.666320,592.169,366.659,1
173,2.886217,1,0.307019,461.158,563.396,1
173,2.886217,16,0.058744,57.604,679.724,1
173,2.886217,17,0.847378,587.648,105.224,1
174,2.902900,2,0.567794,598.427,365.839,1
174,2.902900,1,0.834645,456.215,544.423,1
174,2.902900,16,0.066879,57.601,679.731,1
174,2.902900,17,0.824944,587.918,110.917,1
175,2.919583,2,0.439362,604.001,366.365,1
175,2.919583,1,0.668343,451.133,519.304,1
175,2.919583,16,0.069138,57.599,679.738,1
175,2.919583,17,0.854207,588.412,118.604,1
176,2.936267,2,0.376727,609.122,369.063,1
176,2.936267,1,0.745477,447.483,488.170,1
176,2.936267,16,0.066486,57.602,679.751,1
176,2.936267,17,0.712674,588.905,128.194,1
177,2.952950,2,0.316396,613.711,374.121,1
177,2.952950,1,0.689207,445.346,451.978,1
177,2.952950,16,0.068774,57.602,679.765,1
177,2.952950,17,0.599865,589.407,139.947,1
178,2.969633,2,0.109045,618.052,381.172,1
178,2.969633,1,0.757998,444.522,414.500,1
178,2.969633,16,0.068774,57.603,679.761,0
178,2.969633,17,0.411645,589.904,153.758,1
179,2.986317,2,0.069649,621.977,390.251,1
179,2.986317,1,0.820704,444.635,376.959,1
179,2.986317,16,0.068774,57.604,679.756,0
179,2.986317,17,0.793448,590.232,169.710,1
180,3.003000,2,0.631655,625.549,401.394,1
180,3.003000,1,0.883583,445.174,340.861,1
180,3.003000,16,0.067903,57.595,679.756,1
180,3.003000,17,0.892824,590.758,187.535,1
181,3.019683,2,0.550219,628.949,414.437,1
181,3.019683,1,0.764269,445.963,306.958,1
181,3.019683,16,0.052494,57.587,679.778,1
181,3.019683,17,0.827154,591.207,207.619,1
182,3.036367,2,0.582761,632.397,429.102,1
182,3.036367,1,0.788058,447.011,275.485,1
182,3.036367,16,0.070316,57.587,679.800,1
182,3.036367,17,0.770312,591.666,229.547,1
183,3.053050,2,0.444143,635.658,445.732,1
183,3.053050,1,0.790361,448.432,246.364,1
183,3.053050,16,0.070316,57.585,679.808,0
183,3.053050,17,0.802391,591.813,253.637,1
184,3.069733,2,0.393560,638.728,464.473,1
184,3.069733,1,0.808245,449.710,219.921,1
184,3.069733,16,0.051761,57.581,679.820,1
184,3.069733,17,0.560961,592.215,279.309,1
185,3.086417,2,0.641854,641.755,484.443,1
185,3.086417,1,0.845117,451.310,196.016,1
185,3.086417,16,0.051761,57.578,679.829,0
185,3.086417,17,0.823311,592.510,307.218,1
186,3.103100,2,0.752554,644.946,505.488,1
186,3.103100,1,0.855807,452.450,174.441,1
186,3.103100,16,0.051761,57.575,679.838,0
186,3.103100,17,0.856673,592.833,337.255,1
187,3.119783,2,0.542912,648.342,528.401,1
187,3.119783,1,0.841404,453.743,155.039,1
187,3.119783,16,0.051761,57.572,679.847,0
187,3.119783,17,0.791188,593.145,369.174,1
188,3.136467,2,0.751851,651.817,553.157,1
188,3.136467,1,0.794508,454.772,137.627,1
188,3.136467,16,0.055237,57.740,679.803,1
188,3.136467,17,0.785771,594.460,401.970,1
189,3.153150,2,0.506370,655.884,575.139,1
189,3.153150,1,0.854417,455.742,122.125,1
189,3.153150,16,0.072361,57.860,679.801,1
189,3.153150,17,0.630413,598.245,432.635,1
190,3.169833,2,0.674736,659.339,591.874,1
190,3.169833,1,0.840526,456.960,108.404,1
190,3.169833,16,0.150466,57.915,679.819,1
190,3.169833,17,0.869148,604.800,462.028,1
191,3.186517,2,0.743623,660.259,605.350,1
191,3.186517,1,0.782793,458.298,96.737,1
191,3.186517,16,0.086774,57.966,679.840,1
191,3.186517,17,0.730808,614.219,490.401,1
191,3.186517,18,0.060500,94.973,672.657,1
192,3.203200,2,0.749309,657.931,615.953,1
192,3.203200,1,0.851866,459.637,86.919,1
192,3.203200,16,0.087182,57.976,679.866,1
192,3.203200,17,0.789591,626.364,517.004,1
192,3.203200,18,0.064306,94.996,672.536,1
193,3.219883,2,0.801951,652.779,625.769,1
193,3.219883,1,0.894666,460.882,79.125,1
193,3.219883,16,0.084447,57.978,679.876,1
193,3.219883,17,0.883354,639.957,539.642,1
193,3.219883,18,0.063343,95.003,672.509,1
194,3.236567,2,0.775873,647.963,634.014,1
194,3.236567,1,0.861498,462.330,73.188,1
194,3.236567,16,0.096894,57.947,679.909,1
194,3.236567,17,0.769262,653.648,557.509,1
194,3.236567,18,0.066630,94.979,672.504,1
195,3.253250,2,0.485301,644.544,641.089,1
195,3.253250,1,0.833018,463.920,69.192,1
195,3.253250,16,0.084914,57.930,679.922,1
195,3.253250,17,0.723344,667.451,571.473,1
195,3.253250,18,0.061616,94.982,672.499,1
196,3.269933,2,0.625196,641.715,648.323,1
196,3.269933,1,0.815790,465.402,67.129,1
196,3.269933,16,0.056891,57.934,679.834,1
196,3.269933,17,0.826955,681.169,582.065,1
196,3.269933,18,0.061616,94.982,672.484,0
197,3.286617,2,0.519724,639.690,653.233,1
197,3.286617,1,0.844850,467.046,67.003,1
197,3.286617,16,0.072889,57.888,679.670,1
197,3.286617,17,0.820416,694.231,589.795,1
197,3.286617,18,0.061616,94.982,672.469,0
198,3.303300,2,0.690985,638.422,655.333,1
198,3.303300,1,0.820153,468.520,68.835,1
198,3.303300,16,0.070769,57.832,679.510,1
198,3.303300,17,0.787484,706.219,594.738,1
198,3.303300,18,0.061616,94.983,672.453,0
199,3.319983,2,0.725852,636.782,654.438,1
199,3.319983,1,0.815893,470.151,72.514,1
199,3.319983,16,0.050400,57.745,679.393,1
199,3.319983,17,0.868591,716.613,597.237,1
199,3.319983,18,0.061616,94.983,672.438,0
200,3.336667,2,0.835667,634.291,650.464,1
200,3.336667,1,0.847563,471.767,78.006,1
200,3.336667,16,0.052085,57.649,679.247,1
200,3.336667,17,0.885443,725.599,597.558,1
200,3.336667,18,0.061616,94.984,672.423,0
201,3.353350,2,0.385841,631.290,643.993,1
201,3.353350,1,0.834939,473.198,85.667,1
201,3.353350,16,0.052085,57.596,679.142,0
201,3.353350,17,0.831669,732.769,596.012,1
202,3.370033,2,0.726910,627.657,634.802,1
202,3.370033,1,0.777710,474.712,95.426,1
202,3.370033,16,0.052085,57.543,679.036,0
202,3.370033,17,0.881874,738.023,592.671,1
203,3.386717,2,0.657582,623.858,622.525,1
203,3.386717,1,0.802186,476.150,107.194,1
203,3.386717,16,0.052085,57.490,678.931,0
203,3.386717,17,0.772699,741.515,587.518,1
204,3.403400,2,0.758985,620.235,605.805,1
204,3.403400,1,0.813522,477.819,121.194,1
204,3.403400,16,0.052085,57.436,678.826,0
204,3.403400,17,0.803385,743.003,580.990,1
205,3.420083,2,0.675794,616.868,584.815,1
205,3.420083,1,0.814751,479.512,137.146,1
205,3.420083,16,0.052085,57.383,678.721,0
205,3.420083,17,0.507484,742.698,572.727,1
206,3.436767,2,0.759255,613.154,558.285,1
206,3.436767,1,0.840675,481.227,155.098,1
206,3.436767,17,0.857654,740.591,561.916,1
207,3.453450,2,0.763618,609.874,526.934,1
207,3.453450,1,0.751730,482.668,175.167,1
207,3.453450,17,0.581378,736.539,548.459,1
208,3.470133,2,0.754092,607.274,490.830,1
208,3.470133,1,0.788722,484.321,197.125,1
208,3.470133,17,0.749668,731.059,532.346,1
209,3.486817,2,0.526664,605.117,451.265,1
209,3.486817,1,0.736332,485.855,221.252,1
209,3.486817,17,0.202370,722.794,514.402,1
210,3.503500,2,0.654281,603.255,410.212,1
210,3.503500,1,0.793369,487.598,247.105,1
210,3.503500,17,0.784973,712.257,493.712,1
211,3.520183,2,0.788326,601.826,370.239,1
211,3.520183,1,0.858286,489.074,275.040,1
211,3.520183,17,0.737820,700.233,473.212,1
212,3.536867,2,0.839306,600.385,331.188,1
212,3.536867,1,0.886779,490.577,305.021,1
212,3.536867,17,0.839646,687.587,455.065,1
213,3.553550,2,0.551523,598.915,294.196,1
213,3.553550,1,0.866576,492.210,336.870,1
213,3.553550,17,0.372132,675.054,439.143,1
214,3.570233,2,0.549117,597.733,259.630,1
214,3.570233,1,0.803211,493.863,370.604,1
214,3.570233,17,0.656781,662.667,425.434,1
215,3.586917,2,0.723683,596.602,227.341,1
215,3.586917,1,0.818026,495.357,406.045,1
215,3.586917,17,0.592246,650.709,414.138,1
216,3.603600,2,0.786925,595.266,197.837,1
216,3.603600,1,0.621577,497.087,443.535,1
216,3.603600,17,0.708750,638.582,406.034,1
217,3.620283,2,0.740130,594.002,171.093,1
217,3.620283,1,0.407933,499.147,483.161,1
217,3.620283,17,0.217789,629.490,399.193,1
218,3.636967,2,0.527818,592.692,146.421,1
218,3.636967,1,0.491052,501.645,520.928,1
218,3.636967,17,0.217789,618.943,387.982,0
219,3.653650,2,0.797337,591.509,124.217,1
219,3.653650,1,0.431820,500.834,548.107,1
219,3.653650,17,0.064088,617.325,385.969,1
220,3.670333,2,0.677593,590.140,104.122,1
220,3.670333,1,0.149207,498.846,566.567,1
220,3.670333,17,0.114712,616.384,386.810,1
221,3.687017,2,0.755348,588.580,86.028,1
221,3.687017,1,0.464062,495.534,578.764,1
221,3.687017,17,0.273714,614.611,389.785,1
222,3.703700,2,0.719982,587.132,70.005,1
222,3.703700,1,0.233500,490.516,586.580,1
222,3.703700,17,0.179465,612.433,392.895,1
223,3.720383,2,0.836994,585.610,56.026,1
223,3.720383,1,0.580588,484.527,591.134,1
223,3.720383,17,0.711656,609.873,398.492,1
223,3.720383,19,0.147992,614.180,412.733,1
224,3.737067,2,0.763154,584.134,43.736,1
224,3.737067,1,0.588997,477.358,593.544,1
224,3.737067,17,0.711656,606.035,398.544,0
224,3.737067,19,0.739836,610.268,409.661,1
225,3.753750,2,0.822099,582.620,33.316,1
225,3.753750,1,0.350541,470.261,594.228,1
225,3.753750,17,0.883870,604.456,400.314,1
225,3.753750,19,0.739836,606.675,409.424,0
226,3.770433,2,0.720707,581.158,24.832,1
226,3.770433,1,0.361978,464.072,593.279,1
226,3.770433,17,0.651241,603.169,399.727,1
226,3.770433,19,0.739836,603.082,409.187,0
227,3.787117,2,0.638504,579.666,18.477,1
227,3.787117,1,0.396262,459.135,590.146,1
227,3.787117,17,0.550345,601.667,395.905,1
227,3.787117,19,0.739836,599.490,408.949,0
228,3.803800,2,0.630981,578.193,14.250,1
228,3.803800,1,0.407353,455.043,584.686,1
228,3.803800,17,0.747043,600.754,389.623,1
228,3.803800,19,0.739836,595.897,408.712,0
229,3.820483,2,0.614266,576.794,12.293,1
229,3.820483,1,0.324344,451.425,576.471,1
229,3.820483,17,0.711061,600.718,382.812,1
230,3.837167,2,0.486105,575.101,12.183,1
230,3.837167,1,0.288766,448.060,564.815,1
230,3.837167,17,0.711061,599.236,379.318,0
231,3.853850,2,0.743075,573.199,13.536,1
231,3.853850,1,0.655100,444.178,548.835,1
231,3.853850,17,0.297634,599.835,371.445,1
232,3.870533,2,0.752903,571.636,16.118,1
232,3.870533,1,0.296392,440.190,527.595,1
232,3.870533,17,0.397175,600.163,366.053,1
233,3.887217,2,0.804172,570.108,20.570,1
233,3.887217,1,0.721540,436.816,500.853,1
233,3.887217,17,0.458518,600.339,363.395,1
234,3.903900,2,0.815928,568.593,27.081,1
234,3.903900,1,0.705151,434.646,467.858,1
234,3.903900,17,0.496182,600.348,363.606,1
235,3.920583,2,0.828564,567.106,35.765,1
235,3.920583,1,0.698542,434.699,430.274,1
235,3.920583,17,0.351809,600.135,366.909,1
236,3.937267,2,0.662247,565.800,46.486,1
236,3.937267,1,0.754857,436.760,391.522,1
236,3.937267,17,0.300698,599.786,372.569,1
237,3.953950,2,0.875971,564.272,59.345,1
237,3.953950,1,0.847707,440.062,353.251,1
237,3.953950,17,0.238435,599.368,380.995,1
238,3.970633,2,0.835740,562.907,74.011,1
238,3.970633,1,0.726563,443.745,316.376,1
238,3.970633,17,0.390456,598.619,391.502,1
239,3.987317,2,0.867009,561.413,90.691,1
239,3.987317,1,0.835733,447.678,281.252,1
239,3.987317,17,0.568252,598.117,403.886,1
240,4.004000,2,0.818975,560.097,109.349,1
240,4.004000,1,0.747341,451.283,248.751,1
240,4.004000,17,0.261260,597.271,418.577,1
241,4.020683,2,0.805921,558.644,129.825,1
241,4.020683,1,0.747158,454.605,219.029,1
241,4.020683,17,0.187440,595.975,435.428,1
242,4.037367,2,0.796353,557.421,152.282,1
242,4.037367,1,0.871794,457.857,191.658,1
242,4.037367,17,0.595811,594.886,453.762,1
243,4.054050,2,0.796426,556.083,176.657,1
243,4.054050,1,0.860112,460.973,166.976,1
243,4.054050,17,0.389393,593.582,473.842,1
244,4.070733,2,0.734840,554.992,202.398,1
244,4.070733,1,0.847820,464.252,144.817,1
244,4.070733,17,0.553513,592.485,495.631,1
245,4.087417,2,0.730533,553.935,230.483,1
245,4.087417,1,0.867596,467.738,125.044,1
245,4.087417,17,0.464586,591.352,519.260,1
246,4.104100,2,0.788523,552.841,260.455,1
246,4.104100,1,0.865576,471.021,107.300,1
246,4.104100,17,0.675456,590.173,543.817,1
247,4.120783,2,0.691656,551.714,292.371,1
247,4.120783,1,0.766694,474.084,91.599,1
247,4.120783,17,0.615824,589.752,561.477,1
248,4.137467,2,0.792460,550.570,325.489,1
248,4.137467,1,0.868592,477.357,78.051,1
248,4.137467,17,0.627192,590.018,574.579,1
248,4.137467,20,0.069719,94.712,672.537,1
249,4.154150,2,0.824192,549.684,360.103,1
249,4.154150,1,0.840853,480.925,66.258,1
249,4.154150,17,0.714619,590.888,584.508,1
249,4.154150,20,0.074016,94.718,672.546,1
250,4.170833,2,0.666850,550.956,394.054,1
250,4.170833,1,0.836688,484.541,56.204,1
250,4.170833,17,0.431401,591.320,593.426,1
250,4.170833,20,0.065713,94.795,672.580,1
250,4.170833,21,0.055609,57.779,679.560,1
251,4.187517,2,0.852658,555.817,425.939,1
251,4.187517,1,0.793663,487.930,48.117,1
251,4.187517,17,0.525798,591.702,601.309,1
251,4.187517,20,0.067315,94.842,672.619,1
251,4.187517,21,0.058246,57.855,679.467,1
252,4.204200,2,0.688635,564.231,454.037,1
252,4.204200,1,0.770937,491.633,41.868,1
252,4.204200,17,0.730507,591.922,610.313,1
252,4.204200,20,0.066500,94.865,672.642,1
252,4.204200,21,0.058246,57.903,679.406,0
253,4.220883,2,0.688525,575.911,479.172,1
253,4.220883,1,0.792157,495.354,37.586,1
253,4.220883,17,0.711517,591.766,619.855,1
253,4.220883,20,0.069244,94.875,672.657,1
253,4.220883,21,0.055216,57.929,679.400,1
254,4.237567,2,0.734942,590.851,501.115,1
254,4.237567,1,0.830254,498.933,35.202,1
254,4.237567,17,0.635719,591.732,630.517,1
254,4.237567,20,0.078346,94.874,672.682,1
254,4.237567,21,0.066142,57.926,679.383,1
255,4.254250,2,0.731781,608.692,520.825,1
255,4.254250,1,0.829618,502.762,34.407,1
255,4.254250,17,0.549678,591.568,640.816,1
255,4.254250,20,0.078862,94.872,672.691,1
255,4.254250,21,0.068865,57.920,679.381,1
256,4.270933,2,0.767084,628.638,537.914,1
256,4.270933,1,0.839943,506.456,35.486,1
256,4.270933,17,0.723571,591.492,648.731,1
256,4.270933,20,0.066776,94.871,672.677,1
256,4.270933,21,0.055353,57.926,679.385,1
257,4.287617,2,0.694847,645.391,549.971,1
257,4.287617,1,0.798207,509.271,37.646,1
257,4.287617,17,0.737130,591.473,652.955,1
257,4.287617,20,0.063465,94.870,672.661,1
257,4.287617,21,0.051949,57.934,679.385,1
258,4.304300,2,0.677044,655.240,555.088,1
258,4.304300,1,0.799313,510.770,39.749,1
258,4.304300,17,0.698755,591.468,654.440,1
258,4.304300,20,0.059541,94.872,672.645,1
258,4.304300,21,0.051949,57.947,679.373,0
259,4.320983,2,0.713523,664.460,558.335,1
259,4.320983,1,0.853225,512.175,42.440,1
259,4.320983,17,0.728790,591.730,654.116,1
259,4.320983,20,0.068187,94.868,672.636,1
259,4.320983,21,0.070761,57.943,679.373,1
260,4.337667,2,0.804541,669.042,558.244,1
260,4.337667,1,0.855349,512.716,44.500,1
260,4.337667,17,0.721711,591.922,652.919,1
260,4.337667,20,0.071089,94.866,672.633,1
260,4.337667,21,0.074025,57.925,679.403,1
261,4.354350,2,0.615379,674.968,559.043,1
261,4.354350,1,0.844213,513.878,46.876,1
261,4.354350,17,0.511429,592.373,650.677,1
261,4.354350,20,0.072303,94.864,672.632,1
261,4.354350,21,0.074851,57.907,679.416,1
262,4.371033,2,0.632074,677.668,558.224,1
262,4.371033,1,0.846765,514.394,48.475,1
262,4.371033,17,0.501624,592.656,648.635,1
262,4.371033,20,0.062410,94.880,672.646,1
262,4.371033,21,0.064970,57.883,679.423,1
263,4.387717,2,0.903440,682.562,557.933,1
263,4.387717,1,0.886302,515.276,50.514,1
263,4.387717,17,0.659088,593.196,645.531,1
263,4.387717,20,0.067757,94.889,672.648,1
263,4.387717,21,0.082710,57.836,679.380,1
264,4.404400,2,0.902867,684.938,556.994,1
264,4.404400,1,0.888123,515.690,51.784,1
264,4.404400,17,0.656199,593.543,643.241,1
264,4.404400,20,0.067582,94.894,672.650,1
264,4.404400,21,0.083802,57.805,679.339,1
265,4.421083,2,0.853195,690.044,557.333,1
265,4.421083,1,0.851387,516.700,53.860,1
265,4.421083,17,0.669815,594.148,639.804,1
265,4.421083,20,0.067470,94.901,672.656,1
265,4.421083,21,0.081635,57.759,679.310,1
266,4.437767,2,0.852936,692.827,557.257,1
266,4.437767,1,0.844685,517.254,55.116,1
266,4.437767,17,0.668474,594.529,637.507,1
266,4.437767,20,0.066410,94.905,672.649,1
266,4.437767,21,0.078082,57.731,679.278,1
267,4.454450,2,0.906169,697.821,557.387,1
267,4.454450,1,0.862673,518.411,57.447,1
267,4.454450,17,0.767825,595.641,633.805,1
267,4.454450,20,0.073525,94.903,672.648,1
267,4.454450,21,0.088651,57.699,679.258,1
268,4.471133,2,0.905258,700.637,557.283,1
268,4.471133,1,0.864280,519.088,58.874,1
268,4.471133,17,0.764506,596.365,631.454,1
268,4.471133,20,0.074981,94.902,672.651,1
268,4.471133,21,0.091735,57.683,679.250,1
269,4.487817,2,0.899184,705.527,557.190,1
269,4.487817,1,0.836525,520.334,61.369,1
269,4.487817,17,0.816796,597.445,627.353,1
269,4.487817,20,0.061186,94.901,672.651,1
269,4.487817,21,0.067116,57.674,679.245,1
270,4.504500,2,0.901704,708.337,557.022,1
270,4.504500,1,0.844369,521.067,62.892,1
270,4.504500,17,0.825409,598.114,624.800,1
270,4.504500,20,0.060151,94.901,672.645,1
270,4.504500,21,0.060813,57.667,679.251,1
271,4.521183,2,0.897763,713.069,556.148,1
271,4.521183,1,0.897976,522.327,65.639,1
271,4.521183,17,0.822863,599.313,620.183,1
271,4.521183,20,0.071039,94.897,672.638,1
271,4.521183,21,0.080478,57.661,679.256,1
272,4.537867,2,0.896389,715.813,555.486,1
272,4.537867,1,0.897895,523.132,67.313,1
272,4.537867,17,0.821840,600.049,617.336,1
272,4.537867,20,0.071466,94.890,672.632,1
272,4.537867,21,0.080453,57.658,679.263,1
273,4.554550,2,0.834868,720.293,553.972,1
273,4.554550,1,0.861470,524.364,70.491,1
273,4.554550,17,0.735455,601.194,611.619,1
273,4.554550,20,0.056523,94.888,672.623,1
273,4.554550,21,0.054272,57.666,679.244,1
274,4.571233,2,0.843142,722.893,552.956,1
274,4.571233,1,0.865679,525.086,72.440,1
274,4.571233,17,0.755635,601.822,608.082,1
274,4.571233,20,0.058207,94.884,672.613,1
274,4.571233,21,0.056092,57.674,679.229,1
275,4.587917,2,0.807660,726.560,550.200,1
275,4.587917,1,0.871252,526.194,75.613,1
275,4.587917,17,0.743272,603.146,601.488,1
275,4.587917,20,0.050335,94.882,672.597,1
275,4.587917,21,0.056092,57.671,679.220,0
276,4.604600,2,0.802000,728.620,548.369,1
276,4.604600,1,0.863985,526.865,77.535,1
276,4.604600,17,0.738021,603.959,597.400,1
276,4.604600,20,0.051358,94.882,672.591,1
276,4.604600,21,0.056092,57.669,679.211,0
277,4.621283,2,0.764449,731.839,544.763,1
277,4.621283,1,0.858578,528.175,81.321,1
277,4.621283,17,0.756286,604.950,589.797,1
277,4.621283,20,0.055463,94.884,672.596,1
277,4.621283,21,0.057062,57.675,679.207,1
278,4.637967,2,0.769417,733.660,542.418,1
278,4.637967,1,0.871065,528.996,83.668,1
278,4.637967,17,0.768486,605.514,585.120,1
278,4.637967,20,0.059450,94.883,672.604,1
278,4.637967,21,0.062990,57.678,679.210,1
279,4.654650,2,0.879550,736.120,537.784,1
279,4.654650,1,0.908864,530.089,87.762,1
279,4.654650,17,0.829542,606.593,576.347,1
279,4.654650,20,0.069314,94.881,672.606,1
279,4.654650,21,0.089746,57.690,679.229,1
280,4.671333,2,0.872991,737.416,534.832,1
280,4.671333,1,0.905926,530.722,90.306,1
280,4.671333,17,0.828097,607.228,570.917,1
280,4.671333,20,0.070549,94.879,672.609,1
280,4.671333,21,0.092144,57.705,679.236,1
281,4.688017,2,0.523748,739.254,529.406,1
281,4.688017,1,0.845972,531.918,94.557,1
281,4.688017,17,0.578501,607.952,561.370,1
281,4.688017,20,0.054350,94.878,672.603,1
281,4.688017,21,0.058043,57.703,679.212,1
282,4.704700,2,0.532875,740.146,526.007,1
282,4.704700,1,0.850608,532.620,97.128,1
282,4.704700,17,0.600512,608.343,555.520,1
282,4.704700,20,0.054157,94.876,672.587,1
282,4.704700,21,0.055868,57.684,679.181,1
283,4.721383,2,0.848607,741.128,520.067,1
283,4.721383,1,0.838214,533.890,101.704,1
283,4.721383,17,0.687614,609.087,544.976,1
283,4.721383,20,0.053204,94.871,672.554,1
283,4.721383,21,0.050041,57.658,679.175,1
284,4.738067,2,0.845781,741.538,516.408,1
284,4.738067,1,0.837952,534.700,104.471,1
284,4.738067,17,0.682301,609.510,538.550,1
284,4.738067,20,0.054450,94.871,672.503,1
284,4.738067,21,0.050572,57.627,679.194,1
285,4.754750,2,0.681415,741.474,510.032,1
285,4.754750,1,0.868592,535.796,109.385,1
285,4.754750,17,0.546165,610.037,526.570,1
285,4.754750,20,0.054450,94.869,672.481,0
285,4.754750,21,0.050572,57.613,679.191,0
286,4.771433,2,0.693994,741.237,506.169,1
286,4.771433,1,0.869045,536.420,112.326,1
286,4.771433,17,0.537622,610.338,519.225,1
286,4.771433,20,0.054450,94.867,672.458,0
286,4.771433,21,0.050572,57.598,679.189,0
287,4.788117,2,0.747637,740.573,499.363,1
287,4.788117,1,0.871752,537.531,117.386,1
287,4.788117,17,0.647907,610.637,506.317,1
287,4.788117,20,0.054450,94.865,672.435,0
287,4.788117,21,0.050572,57.584,679.187,0
288,4.804800,2,0.744378,740.015,495.231,1
288,4.804800,1,0.871309,538.175,120.432,1
288,4.804800,17,0.651147,610.768,498.454,1
288,4.804800,20,0.054450,94.864,672.412,0
288,4.804800,21,0.050572,57.570,679.184,0
289,4.821483,2,0.735638,739.101,488.146,1
289,4.821483,1,0.867691,539.454,125.698,1
289,4.821483,17,0.646887,611.277,485.202,1
289,4.821483,20,0.054450,94.862,672.390,0
289,4.821483,21,0.050572,57.555,679.182,0
290,4.838167,2,0.706414,738.449,483.849,1
290,4.838167,1,0.866743,540.191,128.846,1
290,4.838167,17,0.610988,611.579,477.240,1
291,4.854850,2,0.721988,737.155,476.570,1
291,4.854850,1,0.822390,541.404,134.567,1
291,4.854850,17,0.804088,611.977,464.856,1
292,4.871533,2,0.730310,736.293,472.176,1
292,4.871533,1,0.833139,542.148,138.019,1
292,4.871533,17,0.812511,612.201,457.560,1
293,4.888217,2,0.824474,733.913,463.823,1
293,4.888217,1,0.873303,543.513,143.854,1
293,4.888217,17,0.806933,612.649,446.009,1
294,4.904900,2,0.825535,732.345,458.740,1
294,4.904900,1,0.870514,544.375,147.354,1
294,4.904900,17,0.805022,612.918,439.288,1
295,4.921583,2,0.782500,730.003,450.572,1
295,4.921583,1,0.897283,545.643,153.542,1
295,4.921583,17,0.071720,613.439,427.909,1
296,4.938267,2,0.771207,728.550,445.693,1
296,4.938267,1,0.897838,546.395,157.255,1
296,4.938267,17,0.321898,613.748,421.242,1
297,4.954950,2,0.893432,725.394,437.601,1
297,4.954950,1,0.885520,547.620,163.837,1
297,4.954950,17,0.782463,614.281,409.550,1
298,4.971633,2,0.893645,723.433,432.802,1
298,4.971633,1,0.882272,548.371,167.746,1
298,4.971633,17,0.778921,614.597,402.629,1
299,4.988317,2,0.907853,720.442,425.248,1
299,4.988317,1,0.892685,549.748,174.584,1
299,4.988317,17,0.849382,615.137,391.110,1
300,5.005000,2,0.915288,718.600,420.869,1
300,5.005000,1,0.900484,550.562,178.691,1
300,5.005000,17,0.870241,615.437,384.339,1
301,5.021683,2,0.918270,715.677,413.897,1
301,5.021683,1,0.893996,551.759,185.487,1
301,5.021683,17,0.792231,615.900,373.456,1
302,5.038367,2,0.919379,713.955,409.832,1
302,5.038367,1,0.898611,552.440,189.570,1
302,5.038367,17,0.890413,616.149,367.127,1
302,5.038367,23,0.088539,94.521,672.846,1
302,5.038367,22,0.072827,57.540,680.130,1
303,5.055050,2,0.855862,711.207,403.041,1
303,5.055050,1,0.884726,553.537,197.090,1
303,5.055050,17,0.787513,616.619,356.605,1
303,5.055050,23,0.060104,94.501,672.989,1
303,5.055050,22,0.072827,57.555,680.159,0
304,5.071733,2,0.849946,709.596,399.095,1
304,5.071733,1,0.882291,554.165,201.608,1
304,5.071733,17,0.780387,616.893,350.469,1
304,5.071733,23,0.062652,94.495,673.069,1
304,5.071733,22,0.072827,57.569,680.188,0
305,5.088417,2,0.736544,706.903,392.942,1
305,5.088417,1,0.783385,555.168,209.229,1
305,5.088417,17,0.616547,617.257,339.838,1
305,5.088417,23,0.056603,94.496,673.114,1
305,5.088417,22,0.072827,57.583,680.217,0
306,5.105100,2,0.736453,705.353,389.416,1
306,5.105100,1,0.787913,555.746,213.801,1
306,5.105100,17,0.624829,617.461,333.600,1
306,5.105100,23,0.055854,94.498,673.130,1
307,5.121783,2,0.729596,702.498,383.162,1
307,5.121783,1,0.843812,556.853,221.681,1
307,5.121783,17,0.183827,617.935,322.926,1
307,5.121783,23,0.051000,94.530,673.060,1
308,5.138467,2,0.715917,700.804,379.508,1
308,5.138467,1,0.836018,557.511,226.396,1
308,5.138467,17,0.172988,618.221,316.632,1
308,5.138467,23,0.051000,94.535,673.077,0
309,5.155150,2,0.683260,698.106,373.772,1
309,5.155150,1,0.789816,558.680,234.741,1
309,5.155150,17,0.289432,618.515,306.416,1
309,5.155150,23,0.051000,94.541,673.095,0
310,5.171833,2,0.673645,696.523,370.464,1
310,5.171833,1,0.775167,559.518,239.623,1
310,5.171833,17,0.245726,618.674,300.456,1
310,5.171833,23,0.051000,94.546,673.112,0
311,5.188517,2,0.396112,693.815,365.148,1
311,5.188517,1,0.707032,560.910,247.986,1
311,5.188517,17,0.369864,619.180,290.316,1
311,5.188517,23,0.051000,94.552,673.129,0
312,5.205200,2,0.426369,692.215,362.095,1
312,5.205200,1,0.712643,561.700,252.975,1
312,5.205200,17,0.387147,619.494,284.363,1
312,5.205200,23,0.051000,94.558,673.147,0
313,5.221883,2,0.489191,689.503,356.952,1
313,5.221883,1,0.684912,562.894,261.660,1
313,5.221883,17,0.442296,620.132,274.209,1
314,5.238567,2,0.487082,687.914,353.978,1
314,5.238567,1,0.667777,563.587,266.878,1
314,5.238567,17,0.451107,620.535,268.258,1
315,5.255250,2,0.598478,685.059,349.123,1
315,5.255250,1,0.331196,564.963,275.649,1
315,5.255250,17,0.430081,621.131,258.493,1
316,5.271933,2,0.617248,683.369,346.321,1
316,5.271933,1,0.348365,565.820,280.863,1
316,5.271933,17,0.449928,621.490,252.773,1
317,5.288617,2,0.267562,680.605,342.133,1
317,5.288617,1,0.219060,566.941,289.617,1
317,5.288617,17,0.225601,622.038,243.493,1
318,5.305300,2,0.282708,678.975,339.765,1
318,5.305300,1,0.241824,567.580,294.772,1
318,5.305300,17,0.275470,622.355,238.094,1
319,5.321983,2,0.306591,676.215,335.552,1
319,5.321983,1,0.483650,568.664,304.763,1
319,5.321983,17,0.560114,622.993,229.406,1
320,5.338667,2,0.306841,674.587,333.110,1
320,5.338667,1,0.483651,569.288,310.813,1
320,5.338667,17,0.561974,623.378,224.387,1
321,5.355350,2,0.287589,671.640,329.354,1
321,5.355350,1,0.245760,570.328,320.863,1
321,5.355350,17,0.684405,623.769,215.633,1
322,5.372033,2,0.324797,669.925,327.190,1
322,5.372033,1,0.270837,570.924,326.913,1
322,5.372033,17,0.725757,623.980,210.442,1
323,5.388717,2,0.436177,666.844,323.417,1
323,5.388717,1,0.676897,572.051,336.361,1
323,5.388717,17,0.530398,624.427,201.948,1
324,5.405400,2,0.438206,664.998,321.227,1
324,5.405400,1,0.675033,572.722,341.914,1
324,5.405400,17,0.526514,624.688,196.985,1
325,5.422083,2,0.724075,662.190,317.678,1
325,5.422083,1,0.505713,573.637,351.655,1
325,5.422083,17,0.715994,624.996,188.759,1
326,5.438767,2,0.699360,660.550,315.589,1
326,5.438767,1,0.449213,574.169,357.415,1
326,5.438767,17,0.686458,625.170,183.963,1
327,5.455450,2,0.134794,657.455,312.681,1
327,5.455450,1,0.293103,575.165,367.618,1
327,5.455450,17,0.433825,625.628,176.163,1
328,5.472133,2,0.130963,655.595,311.058,1
328,5.472133,1,0.291022,575.754,373.708,1
328,5.472133,17,0.413652,625.902,171.626,1
329,5.488817,2,0.239963,652.807,308.650,1
329,5.488817,1,0.531196,576.838,384.758,1
329,5.488817,17,0.307365,626.341,164.094,1
330,5.505500,2,0.179684,651.156,307.270,1
330,5.505500,1,0.459262,577.465,391.375,1
330,5.505500,17,0.295261,626.608,159.705,1
331,5.522183,2,0.408719,649.374,305.176,1
331,5.522183,1,0.380517,578.547,401.787,1
331,5.522183,17,0.662789,626.959,152.412,1
332,5.538867,2,0.413022,648.448,304.030,1
332,5.538867,1,0.389422,579.189,407.923,1
332,5.538867,17,0.651364,627.148,148.165,1
333,5.555550,2,0.456011,647.270,302.188,1
333,5.555550,1,0.538559,580.660,418.884,1
333,5.555550,17,0.652315,627.523,141.147,1
334,5.572233,2,0.429426,646.747,301.171,1
334,5.572233,1,0.525419,581.512,425.371,1
334,5.572233,17,0.668540,627.745,137.055,1
335,5.588917,2,0.504457,646.129,299.190,1
335,5.588917,1,0.545556,582.891,437.352,1
335,5.588917,17,0.781409,628.141,130.226,1
336,5.605600,2,0.518183,645.889,298.042,1
336,5.605600,1,0.559100,583.722,444.577,1
336,5.605600,17,0.784510,628.372,126.244,1
337,5.622283,2,0.451726,645.660,296.480,1
337,5.622283,1,0.463782,585.121,456.047,1
337,5.622283,17,0.745221,628.836,119.875,1
337,5.622283,24,0.059947,94.831,672.413,1
338,5.638967,2,0.466773,645.635,295.599,1
338,5.638967,1,0.458349,585.960,462.744,1
338,5.638967,17,0.741476,629.114,116.144,1
338,5.638967,24,0.060088,94.827,672.430,1
339,5.655650,2,0.218662,645.723,294.261,1
339,5.655650,1,0.447142,587.115,474.041,1
339,5.655650,17,0.698593,629.496,110.062,1
339,5.655650,24,0.052428,94.825,672.456,1
340,5.672333,2,0.232694,645.868,293.524,1
340,5.672333,1,0.456779,587.777,480.705,1
340,5.672333,17,0.698774,629.719,106.541,1
340,5.672333,24,0.051492,94.826,672.483,1
341,5.689017,2,0.258156,646.146,292.719,1
341,5.689017,1,0.615100,588.739,490.962,1
341,5.689017,17,0.699699,630.140,100.640,1
341,5.689017,24,0.051492,94.825,672.502,0
342,5.705700,2,0.256908,646.372,292.338,1
342,5.705700,1,0.642029,589.223,496.908,1
342,5.705700,17,0.713760,630.383,97.206,1
342,5.705700,24,0.051492,94.824,672.521,0
343,5.722383,2,0.066500,646.377,291.233,1
343,5.722383,1,0.634020,590.569,503.934,1
343,5.722383,17,0.773240,630.778,91.724,1
343,5.722383,24,0.051492,94.823,672.540,0
344,5.739067,2,0.069175,646.383,290.590,1
344,5.739067,1,0.636383,591.396,507.661,1
344,5.739067,17,0.764603,631.007,88.561,1
344,5.739067,24,0.051492,94.823,672.559,0
345,5.755750,2,0.159762,645.989,289.665,1
345,5.755750,1,0.577417,592.145,512.247,1
345,5.755750,17,0.778090,631.295,83.224,1
345,5.755750,24,0.051492,94.822,672.578,0
346,5.772433,2,0.205423,645.689,289.148,1
346,5.772433,1,0.614667,592.537,514.455,1
346,5.772433,17,0.773207,631.482,80.088,1
346,5.772433,24,0.050355,94.833,672.697,1
347,5.789117,2,0.282721,645.263,288.268,1
347,5.789117,1,0.518174,593.056,517.879,1
347,5.789117,17,0.779899,631.807,74.765,1
347,5.789117,24,0.050355,94.836,672.745,0
348,5.805800,2,0.281055,644.988,287.764,1
348,5.805800,1,0.517428,593.311,519.527,1
348,5.805800,17,0.781178,631.994,71.653,1
349,5.822483,2,0.593548,644.127,287.148,1
349,5.822483,1,0.738084,593.881,522.577,1
349,5.822483,17,0.872390,632.214,66.902,1
350,5.839167,2,0.594384,643.554,286.822,1
350,5.839167,1,0.734679,594.185,524.153,1
350,5.839167,17,0.868567,632.301,64.165,1
351,5.855850,2,0.387899,642.708,286.292,1
351,5.855850,1,0.208344,595.143,526.502,1
351,5.855850,17,0.737465,632.639,59.939,1
352,5.872533,2,0.419753,642.195,286.010,1
352,5.872533,1,0.194770,595.743,527.687,1
352,5.872533,17,0.751075,632.849,57.539,1
353,5.889217,2,0.410006,641.228,285.519,1
353,5.889217,1,0.292902,597.159,529.996,1
353,5.889217,17,0.743512,633.261,53.118,1
354,5.905900,2,0.502807,640.610,285.173,1
354,5.905900,1,0.332004,598.058,531.238,1
354,5.905900,17,0.769278,633.562,50.565,1
355,5.922583,2,0.609380,639.971,284.248,1
355,5.922583,1,0.624556,599.447,533.693,1
355,5.922583,17,0.800821,634.028,46.726,1
356,5.939267,2,0.611417,639.618,283.665,1
356,5.939267,1,0.622004,600.298,535.087,1
356,5.939267,17,0.801877,634.311,44.533,1
357,5.955950,2,0.537704,638.933,282.827,1
357,5.955950,1,0.311417,601.552,538.255,1
357,5.955950,17,0.661401,634.814,40.935,1
357,5.955950,25,0.055810,94.848,672.660,1
358,5.972633,2,0.581950,638.472,282.325,1
358,5.972633,1,0.337774,602.229,540.245,1
358,5.972633,17,0.700259,635.221,38.971,1
358,5.972633,25,0.055025,94.847,672.660,1
358,5.972633,26,0.055085,57.789,680.077,1
359,5.989317,2,0.507040,638.050,281.489,1
359,5.989317,1,0.306820,602.889,543.708,1
359,5.989317,17,0.690882,635.486,35.647,1
359,5.989317,25,0.055718,94.845,672.656,1
359,5.989317,26,0.056287,57.783,680.085,1
360,6.006000,2,0.512979,637.836,280.993,1
360,6.006000,1,0.289281,603.228,545.826,1
360,6.006000,17,0.695051,635.623,33.738,1
360,6.006000,25,0.061561,94.845,672.654,1
360,6.006000,26,0.059132,57.771,680.082,1
361,6.022683,2,0.611598,637.424,280.066,1
361,6.022683,1,0.292576,603.646,549.282,1
361,6.022683,17,0.695229,635.931,30.683,1
361,6.022683,25,0.061609,94.850,672.632,1
361,6.022683,26,0.061704,57.764,680.070,1
362,6.039367,2,0.660464,637.201,279.495,1
362,6.039367,1,0.319851,603.814,551.409,1
362,6.039367,17,0.701717,636.090,28.939,1
362,6.039367,25,0.061915,94.848,672.622,1
362,6.039367,26,0.064055,57.759,680.068,1
363,6.056050,2,0.718221,637.070,278.611,1
363,6.056050,1,0.548672,603.674,555.042,1
363,6.056050,17,0.688932,636.310,26.493,1
363,6.056050,25,0.062451,94.845,672.575,1
363,6.056050,26,0.068295,57.764,680.064,1
364,6.072733,2,0.711521,637.034,278.087,1
364,6.072733,1,0.543307,603.500,557.216,1
364,6.072733,17,0.684219,636.429,25.154,1
364,6.072733,25,0.058007,94.842,672.541,1
364,6.072733,26,0.058352,57.765,680.069,1
365,6.089417,2,0.784564,636.988,277.294,1
365,6.089417,1,0.564879,603.201,560.836,1
365,6.089417,17,0.780654,636.768,23.367,1
365,6.089417,25,0.068584,94.839,672.516,1
365,6.089417,26,0.067572,57.788,680.080,1
366,6.106100,2,0.798699,636.962,276.885,1
366,6.106100,1,0.551609,602.972,562.967,1
366,6.106100,17,0.783079,636.983,22.374,1
366,6.106100,25,0.066218,94.837,672.498,1
366,6.106100,26,0.066196,57.800,680.083,1
367,6.122783,2,0.791683,636.932,275.910,1
367,6.122783,1,0.411058,602.549,566.712,1
367,6.122783,17,0.715994,637.324,21.191,1
367,6.122783,25,0.066459,94.836,672.497,1
367,6.122783,26,0.071258,57.795,680.069,1
368,6.139467,2,0.793419,636.929,275.317,1
368,6.139467,1,0.411028,602.258,568.946,1
368,6.139467,17,0.711874,637.527,20.623,1
368,6.139467,25,0.063469,94.856,672.508,1
368,6.139467,26,0.064492,57.775,680.068,1
369,6.156150,2,0.815890,637.069,274.373,1
369,6.156150,1,0.505536,601.908,572.282,1
369,6.156150,17,0.789876,637.941,19.936,1
369,6.156150,25,0.068996,94.870,672.514,1
369,6.156150,26,0.070384,57.779,680.072,1
370,6.172833,2,0.811538,637.190,273.803,1
370,6.172833,1,0.501806,601.680,574.214,1
370,6.172833,17,0.788746,638.218,19.654,1
370,6.172833,25,0.072168,94.879,672.522,1
370,6.172833,26,0.078995,57.791,680.078,1
371,6.189517,2,0.803877,637.672,272.945,1
371,6.189517,1,0.419341,601.374,577.513,1
371,6.189517,17,0.760971,638.781,19.142,1
371,6.189517,25,0.079066,94.882,672.531,1
371,6.189517,26,0.092599,57.775,680.071,1
372,6.206200,2,0.796843,638.009,272.447,1
372,6.206200,1,0.405838,601.196,579.438,1
372,6.206200,17,0.777772,639.130,18.930,1
372,6.206200,25,0.076468,94.884,672.538,1
372,6.206200,26,0.088607,57.764,680.063,1
373,6.222883,2,0.742484,638.620,271.641,1
373,6.222883,1,0.683718,600.708,582.182,1
373,6.222883,17,0.743273,639.540,18.413,1
373,6.222883,25,0.070254,94.886,672.541,1
373,6.222883,26,0.079506,57.755,680.055,1
374,6.239567,2,0.741907,639.027,271.182,1
374,6.239567,1,0.678621,600.413,583.728,1
374,6.239567,17,0.744855,639.780,18.146,1
374,6.239567,25,0.072488,94.886,672.540,1
374,6.239567,26,0.082937,57.750,680.047,1
375,6.256250,2,0.730012,640.173,270.368,1
375,6.256250,1,0.767318,600.103,586.499,1
375,6.256250,17,0.755695,640.290,17.774,1
375,6.256250,25,0.074797,94.885,672.541,1
375,6.256250,26,0.086783,57.747,680.041,1
376,6.272933,2,0.719870,640.927,269.891,1
376,6.272933,1,0.740971,599.927,588.108,1
376,6.272933,17,0.748701,640.608,17.584,1
376,6.272933,25,0.072969,94.884,672.543,1
376,6.272933,26,0.084719,57.748,680.035,1
377,6.289617,2,0.762742,642.260,269.083,1
377,6.289617,1,0.672871,599.319,590.271,1
377,6.289617,17,0.777295,640.976,17.301,1
377,6.289617,25,0.079442,94.882,672.542,1
377,6.289617,26,0.096661,57.749,680.031,1
378,6.306300,2,0.760110,643.117,268.604,1
378,6.306300,1,0.671508,598.937,591.472,1
378,6.306300,17,0.780896,641.178,17.160,1
378,6.306300,25,0.080173,94.879,672.541,1
378,6.306300,26,0.096500,57.751,680.028,1
379,6.322983,2,0.696861,644.412,267.590,1
379,6.322983,1,0.742840,598.041,593.186,1
379,6.322983,17,0.746270,641.439,17.034,1
379,6.322983,25,0.072576,94.878,672.537,1
379,6.322983,26,0.084405,57.754,680.024,1
380,6.339667,2,0.716137,645.207,267.031,1
380,6.339667,1,0.737424,597.465,594.107,1
380,6.339667,17,0.735293,641.577,16.957,1
380,6.339667,25,0.072735,94.878,672.542,1
380,6.339667,26,0.084743,57.755,680.023,1
381,6.356350,2,0.643517,646.774,266.131,1
381,6.356350,1,0.565079,596.407,595.247,1
381,6.356350,17,0.742706,641.892,16.951,1
381,6.356350,25,0.067542,94.878,672.551,1
381,6.356350,26,0.078061,57.756,680.022,1
382,6.373033,2,0.673781,647.749,265.598,1
382,6.373033,1,0.591514,595.742,595.832,1
382,6.373033,17,0.755279,642.073,16.977,1
382,6.373033,25,0.069495,94.879,672.560,1
382,6.373033,26,0.082534,57.756,680.022,1
383,6.389717,2,0.822183,649.037,264.689,1
383,6.389717,1,0.506159,594.683,596.503,1
383,6.389717,17,0.741857,642.337,17.161,1
383,6.389717,25,0.069062,94.880,672.565,1
383,6.389717,26,0.077996,57.756,680.019,1
384,6.406400,2,0.828446,649.797,264.139,1
384,6.406400,1,0.504737,594.038,596.793,1
384,6.406400,17,0.736130,642.491,17.307,1
384,6.406400,25,0.066749,94.881,672.568,1
384,6.406400,26,0.078233,57.756,680.017,1
385,6.423083,2,0.751316,650.777,263.349,1
385,6.423083,1,0.425467,592.963,596.934,1
385,6.423083,17,0.691067,642.869,17.724,1
385,6.423083,25,0.062927,94.881,672.577,1
385,6.423083,26,0.073513,57.754,680.020,1
386,6.439767,2,0.759656,651.441,262.883,1
386,6.439767,1,0.453234,592.241,596.897,1
386,6.439767,17,0.693415,643.109,18.012,1
386,6.439767,25,0.064869,94.881,672.583,1
386,6.439767,26,0.077619,57.752,680.018,1
387,6.456450,2,0.669078,652.008,262.226,1
387,6.456450,1,0.342015,590.953,596.266,1
387,6.456450,17,0.091676,643.376,18.594,1
387,6.456450,25,0.058078,94.880,672.589,1
387,6.456450,26,0.065127,57.753,680.026,1
388,6.473133,2,0.660963,652.279,261.855,1
388,6.473133,1,0.322670,590.163,595.751,1
388,6.473133,17,0.580402,643.530,18.967,1
388,6.473133,25,0.054708,94.869,672.597,1
388,6.473133,26,0.057910,57.752,680.032,1
389,6.489817,2,0.736713,652.962,261.595,1
389,6.489817,1,0.437695,588.572,594.465,1
389,6.489817,17,0.675679,643.777,19.681,1
389,6.489817,25,0.060300,94.860,672.600,1
389,6.489817,26,0.065213,57.750,680.037,1
390,6.506500,2,0.766486,653.342,261.461,1
390,6.506500,1,0.455669,587.596,593.572,1
390,6.506500,17,0.678325,643.917,20.139,1
390,6.506500,25,0.063006,94.852,672.589,1
390,6.506500,26,0.066900,57.746,680.039,1
391,6.523183,2,0.742142,654.197,261.259,1
391,6.523183,1,0.272367,585.622,591.608,1
391,6.523183,17,0.597099,644.111,20.965,1
391,6.523183,25,0.072423,94.843,672.558,1
391,6.523183,26,0.077568,57.745,680.041,1
392,6.539867,2,0.745676,654.708,261.193,1
392,6.539867,1,0.276197,584.388,590.296,1
392,6.539867,17,0.598629,644.219,21.487,1
392,6.539867,25,0.072838,94.838,672.571,1
392,6.539867,26,0.078958,57.740,680.044,1
393,6.556550,2,0.731087,655.695,261.021,1
393,6.556550,1,0.553420,582.326,587.722,1
393,6.556550,17,0.704858,644.514,22.295,1
393,6.556550,25,0.087077,94.832,672.586,1
393,6.556550,26,0.102778,57.729,680.045,1
394,6.573233,2,0.753246,656.304,260.951,1
394,6.573233,1,0.541942,581.097,586.085,1
394,6.573233,17,0.728119,644.791,22.790,1
394,6.573233,25,0.092442,94.828,672.594,1
394,6.573233,26,0.109423,57.729,680.041,1
395,6.589917,2,0.755452,657.666,260.944,1
395,6.589917,1,0.434078,578.892,582.555,1
395,6.589917,17,0.714934,645.116,23.990,1
395,6.589917,25,0.093537,94.827,672.601,1
395,6.589917,26,0.108367,57.744,680.035,1
396,6.606600,2,0.738553,658.514,261.010,1
396,6.606600,1,0.448383,577.547,580.291,1
396,6.606600,17,0.711623,645.311,24.748,1
396,6.606600,25,0.093435,94.827,672.608,1
396,6.606600,26,0.110117,57.755,680.038,1
397,6.623283,2,0.707211,660.107,261.312,1
397,6.623283,1,0.461225,575.139,576.019,1
397,6.623283,17,0.719441,645.735,26.693,1
397,6.623283,25,0.079207,94.827,672.615,1
397,6.623283,26,0.092606,57.760,680.040,1
398,6.639967,2,0.673747,661.102,261.581,1
398,6.639967,1,0.491422,573.617,573.282,1
398,6.639967,17,0.582159,645.914,27.948,1
398,6.639967,25,0.081127,94.826,672.619,1
398,6.639967,26,0.094961,57.766,680.040,1
399,6.656650,2,0.491887,662.712,262.302,1
399,6.656650,1,0.381198,571.048,568.427,1
399,6.656650,17,0.731190,646.337,30.478,1
399,6.656650,25,0.074862,94.827,672.623,1
399,6.656650,26,0.082667,57.777,680.033,1
400,6.673333,2,0.501072,663.686,262.786,1
400,6.673333,1,0.388883,569.494,565.403,1
400,6.673333,17,0.727217,646.620,32.088,1
400,6.673333,25,0.073649,94.829,672.618,1
400,6.673333,26,0.080155,57.785,680.023,1
401,6.690017,2,0.693915,664.898,264.119,1
401,6.690017,1,0.435307,566.788,559.723,1
401,6.690017,17,0.826912,646.813,35.479,1
401,6.690017,25,0.079728,94.827,672.614,1
401,6.690017,26,0.088993,57.789,680.017,1
402,6.706700,2,0.689276,665.583,264.999,1
402,6.706700,1,0.421931,565.157,556.102,1
402,6.706700,17,0.817971,646.986,37.710,1
402,6.706700,25,0.081386,94.823,672.613,1
402,6.706700,26,0.091102,57.790,680.013,1
403,6.723383,2,0.519848,666.757,266.514,1
403,6.723383,1,0.168046,562.288,549.543,1
403,6.723383,17,0.770524,647.340,41.260,1
403,6.723383,25,0.075014,94.824,672.564,1
403,6.723383,26,0.079762,57.789,680.005,1
404,6.740067,2,0.523135,667.435,267.479,1
404,6.740067,1,0.164109,560.559,545.489,1
404,6.740067,17,0.768701,647.573,43.448,1
404,6.740067,25,0.069580,94.828,672.576,1
404,6.740067,26,0.067302,57.792,679.991,1
405,6.756750,2,0.527528,668.758,269.078,1
405,6.756750,1,0.730921,557.644,537.790,1
405,6.756750,17,0.844818,647.855,47.328,1
405,6.756750,25,0.073313,94.829,672.586,1
405,6.756750,26,0.071614,57.795,679.987,1
406,6.773433,2,0.582248,669.614,270.066,1
406,6.773433,1,0.745834,555.903,533.021,1
406,6.773433,17,0.848212,648.073,49.700,1
406,6.773433,25,0.074074,94.830,672.588,1
406,6.773433,26,0.071839,57.815,679.991,1
407,6.790117,2,0.738014,670.706,271.989,1
407,6.790117,1,0.731928,553.566,524.681,1
407,6.790117,17,0.817138,648.420,53.936,1
407,6.790117,25,0.068812,94.832,672.583,1
407,6.790117,26,0.063944,57.824,679.988,1
408,6.806800,2,0.725868,671.328,273.172,1
408,6.806800,1,0.723107,552.238,519.572,1
408,6.806800,17,0.813501,648.618,56.524,1
408,6.806800,25,0.066834,94.834,672.576,1
408,6.806800,26,0.063833,57.826,679.967,1
409,6.823483,2,0.728238,672.423,275.593,1
409,6.823483,1,0.591825,549.815,510.157,1
409,6.823483,17,0.833746,648.841,60.772,1
409,6.823483,25,0.072005,94.835,672.576,1
409,6.823483,26,0.075447,57.824,679.946,1
410,6.840167,2,0.734903,673.027,277.118,1
410,6.840167,1,0.593801,548.414,504.386,1
410,6.840167,17,0.833061,649.025,63.321,1
410,6.840167,25,0.072277,94.836,672.577,1
410,6.840167,26,0.076636,57.822,679.923,1
411,6.856850,2,0.789016,673.963,279.798,1
411,6.856850,1,0.828320,546.375,494.132,1
411,6.856850,17,0.889133,649.442,68.195,1
411,6.856850,25,0.075798,94.837,672.578,1
411,6.856850,26,0.082333,57.818,679.926,1
412,6.873533,2,0.802578,674.487,281.458,1
412,6.873533,1,0.832506,545.218,487.877,1
412,6.873533,17,0.904779,649.681,71.131,1
412,6.873533,25,0.077133,94.837,672.573,1
412,6.873533,26,0.083798,57.815,679.929,1
413,6.890217,2,0.602632,675.494,284.265,1
413,6.890217,1,0.625961,543.905,477.218,1
413,6.890217,17,0.833717,650.098,76.268,1
413,6.890217,25,0.061692,94.840,672.564,1
413,6.890217,26,0.061533,57.811,679.931,1
414,6.906900,2,0.576144,676.211,285.971,1
414,6.906900,1,0.621462,543.270,470.756,1
414,6.906900,17,0.832504,650.372,79.388,1
414,6.906900,25,0.063275,94.841,672.549,1
414,6.906900,26,0.063643,57.806,679.928,1
415,6.923583,2,0.328887,677.316,288.966,1
415,6.923583,1,0.515478,542.396,459.427,1
415,6.923583,17,0.816703,650.827,84.765,1
415,6.923583,25,0.063275,94.842,672.542,0
415,6.923583,26,0.063643,57.804,679.924,0
416,6.940267,2,0.329173,678.003,290.771,1
416,6.940267,1,0.522422,541.981,452.592,1
416,6.940267,17,0.828782,651.116,87.917,1
416,6.940267,25,0.063275,94.843,672.535,0
416,6.940267,26,0.063643,57.802,679.920,0
417,6.956950,2,0.600975,679.268,294.325,1
417,6.956950,1,0.295868,541.552,441.999,1
417,6.956950,17,0.776737,651.426,93.400,1
417,6.956950,25,0.063275,94.844,672.528,0
417,6.956950,26,0.063643,57.800,679.916,0
418,6.973633,2,0.588022,680.034,296.517,1
418,6.973633,1,0.269710,541.403,435.773,1
418,6.973633,17,0.764130,651.598,96.693,1
418,6.973633,25,0.063275,94.845,672.521,0
418,6.973633,26,0.063643,57.798,679.912,0
419,6.990317,2,0.285390,681.221,300.312,1
419,6.990317,1,0.706169,540.918,424.738,1
419,6.990317,17,0.759716,652.055,102.573,1
419,6.990317,25,0.052461,94.841,672.612,1
419,6.990317,26,0.051128,57.792,679.888,1
420,7.007000,2,0.260569,681.911,302.621,1
420,7.007000,1,0.698187,540.675,418.175,1
420,7.007000,17,0.753462,652.301,106.153,1
420,7.007000,25,0.050380,94.842,672.677,1
420,7.007000,26,0.051128,57.789,679.879,0
421,7.023683,2,0.407969,682.975,306.706,1
421,7.023683,1,0.730228,540.237,407.483,1
421,7.023683,17,0.822015,652.807,112.525,1
421,7.023683,25,0.056607,94.841,672.716,1
421,7.023683,26,0.057952,57.773,679.859,1
422,7.040367,2,0.370918,683.592,309.225,1
422,7.040367,1,0.692564,539.962,401.127,1
422,7.040367,17,0.817601,653.031,116.377,1
422,7.040367,25,0.053878,94.840,672.737,1
422,7.040367,26,0.055493,57.781,679.854,1
423,7.057050,2,0.322626,684.556,313.349,1
423,7.057050,1,0.524992,539.256,390.324,1
423,7.057050,17,0.803474,653.382,123.063,1
423,7.057050,25,0.053878,94.839,672.768,0
423,7.057050,26,0.055493,57.779,679.844,0
424,7.073733,2,0.329299,685.109,315.821,1
424,7.073733,1,0.545266,538.829,383.927,1
424,7.073733,17,0.795431,653.586,127.093,1
424,7.073733,25,0.053878,94.838,672.798,0
424,7.073733,26,0.055493,57.776,679.833,0
425,7.090417,2,0.463386,686.131,320.304,1
425,7.090417,1,0.631227,537.877,373.397,1
425,7.090417,17,0.830844,653.910,134.223,1
425,7.090417,25,0.053878,94.838,672.828,0
425,7.090417,26,0.055493,57.774,679.823,0
426,7.107100,2,0.534659,686.730,323.016,1
426,7.107100,1,0.677048,537.278,367.251,1
426,7.107100,17,0.843463,654.107,138.529,1
426,7.107100,25,0.053878,94.837,672.858,0
427,7.123783,2,0.485358,687.827,328.128,1
427,7.123783,1,0.482866,536.366,357.251,1
427,7.123783,17,0.728733,654.681,145.702,1
427,7.123783,25,0.053878,94.837,672.888,0
428,7.140467,2,0.479330,688.482,331.248,1
428,7.140467,1,0.464472,535.806,351.425,1
428,7.140467,17,0.722029,655.043,149.993,1
429,7.157150,2,0.321914,689.573,336.161,1
429,7.157150,1,0.415314,535.053,341.861,1
429,7.157150,17,0.340960,655.666,157.306,1
430,7.173833,2,0.301678,690.220,339.107,1
430,7.173833,1,0.440334,534.623,336.280,1
430,7.173833,17,0.341928,656.054,161.666,1
431,7.190517,2,0.616171,691.106,344.463,1
431,7.190517,1,0.449367,533.777,326.808,1
431,7.190517,17,0.666854,656.302,169.428,1
432,7.207200,2,0.615676,691.608,347.681,1
432,7.207200,1,0.449939,533.272,321.263,1
432,7.207200,17,0.665917,656.411,174.097,1
433,7.223883,2,0.547720,692.648,353.208,1
433,7.223883,1,0.746643,532.447,311.716,1
433,7.223883,17,0.836951,656.671,182.348,1
434,7.240567,2,0.558098,693.266,356.537,1
434,7.240567,1,0.750394,531.954,306.060,1
434,7.240567,17,0.839364,656.778,187.307,1
435,7.257250,2,0.602026,694.370,362.454,1
435,7.257250,1,0.881540,531.225,296.804,1
435,7.257250,17,0.783081,657.479,195.957,1
435,7.257250,27,0.063837,57.770,679.868,1
436,7.273933,2,0.608832,695.034,366.013,1
436,7.273933,1,0.882850,530.803,291.348,1
436,7.273933,17,0.788203,657.938,201.165,1
436,7.273933,27,0.066723,57.775,679.858,1
437,7.290617,2,0.686875,696.051,372.297,1
437,7.290617,1,0.853652,530.058,282.566,1
437,7.290617,17,0.856241,658.403,209.977,1
437,7.290617,27,0.060665,57.789,679.847,1
437,7.290617,28,0.059149,94.843,672.631,1
438,7.307300,2,0.670605,696.654,376.091,1
438,7.307300,1,0.853960,529.651,277.593,1
438,7.307300,17,0.850125,658.692,215.244,1
438,7.307300,27,0.060842,57.798,679.831,1
438,7.307300,28,0.059264,94.834,672.617,1
439,7.323983,2,0.814358,697.690,382.386,1
439,7.323983,1,0.837561,529.217,269.042,1
439,7.323983,17,0.813070,659.158,224.117,1
439,7.323983,27,0.052653,57.804,679.805,1
439,7.323983,28,0.054004,94.829,672.580,1
440,7.340667,2,0.806485,698.304,386.147,1
440,7.340667,1,0.836327,528.997,264.050,1
440,7.340667,17,0.813585,659.427,229.393,1
440,7.340667,27,0.058641,57.800,679.788,1
440,7.340667,28,0.061470,94.830,672.485,1
441,7.357350,2,0.797667,699.280,392.879,1
441,7.357350,1,0.879403,528.426,255.793,1
441,7.357350,17,0.348714,660.144,238.479,1
441,7.357350,27,0.067140,57.798,679.784,1
441,7.357350,28,0.066268,94.834,672.407,1
442,7.374033,2,0.797660,699.849,396.932,1
442,7.374033,1,0.877012,528.093,250.980,1
442,7.374033,17,0.857179,660.600,243.916,1
442,7.374033,27,0.063352,57.795,679.780,1
442,7.374033,28,0.065108,94.842,672.365,1
443,7.390717,2,0.772837,701.062,403.735,1
443,7.390717,1,0.883894,527.771,242.815,1
443,7.390717,17,0.873184,661.106,253.991,1
443,7.390717,27,0.079690,57.790,679.780,1
443,7.390717,28,0.078683,94.849,672.333,1
444,7.407400,2,0.768644,701.803,407.777,1
444,7.407400,1,0.884782,527.619,238.029,1
444,7.407400,17,0.875982,661.398,260.072,1
444,7.407400,27,0.078784,57.771,679.776,1
444,7.407400,28,0.079821,94.852,672.313,1
445,7.424083,2,0.540338,702.538,414.771,1
445,7.424083,1,0.870913,527.378,230.096,1
445,7.424083,17,0.641240,661.683,270.117,1
445,7.424083,27,0.086104,57.759,679.773,1
445,7.424083,28,0.090647,94.853,672.319,1
446,7.440767,2,0.568274,702.935,418.950,1
446,7.440767,1,0.870842,527.116,225.452,1
446,7.440767,17,0.650222,661.829,276.166,1
446,7.440767,27,0.084999,57.749,679.770,1
446,7.440767,28,0.091934,94.857,672.334,1
447,7.457450,2,0.526013,703.923,426.529,1
447,7.457450,1,0.859108,526.634,217.831,1
447,7.457450,17,0.521714,662.066,286.388,1
447,7.457450,27,0.062980,57.746,679.766,1
447,7.457450,28,0.077499,94.871,672.346,1
448,7.474133,2,0.517078,704.514,431.091,1
448,7.474133,1,0.858007,526.333,213.387,1
448,7.474133,17,0.513717,662.262,292.486,1
448,7.474133,27,0.058261,57.747,679.789,1
448,7.474133,28,0.075504,94.880,672.374,1
449,7.490817,2,0.542993,705.499,438.790,1
449,7.490817,1,0.885339,525.779,205.976,1
449,7.490817,17,0.593948,662.745,303.019,1
449,7.490817,27,0.069786,57.750,679.810,1
449,7.490817,28,0.090310,94.890,672.404,1
450,7.507500,2,0.544641,706.090,443.403,1
450,7.507500,1,0.891509,525.449,201.606,1
450,7.507500,17,0.568735,663.062,309.294,1
450,7.507500,27,0.074390,57.753,679.835,1
450,7.507500,28,0.096018,94.895,672.432,1
451,7.524183,2,0.685137,707.148,451.315,1
451,7.524183,1,0.893103,524.947,194.373,1
451,7.524183,17,0.796328,663.414,320.334,1
451,7.524183,27,0.105616,57.762,679.864,1
451,7.524183,28,0.121051,94.898,672.452,1
452,7.540867,2,0.681703,707.780,456.040,1
452,7.540867,1,0.892593,524.647,190.141,1
452,7.540867,17,0.794125,663.618,326.941,1
452,7.540867,27,0.106697,57.780,679.867,1
452,7.540867,28,0.120748,94.900,672.463,1
453,7.557550,2,0.601470,708.916,464.215,1
453,7.557550,1,0.853964,524.316,183.216,1
453,7.557550,17,0.782632,663.961,338.472,1
453,7.557550,27,0.080511,57.793,679.866,1
453,7.557550,28,0.099301,94.905,672.455,1
454,7.574233,2,0.625090,709.600,469.101,1
454,7.574233,1,0.852346,524.141,179.189,1
454,7.574233,17,0.786581,664.147,345.392,1
454,7.574233,27,0.078528,57.805,679.854,1
454,7.574233,28,0.099320,94.909,672.437,1
455,7.590917,2,0.848962,710.542,477.901,1
455,7.590917,1,0.890064,523.887,172.635,1
455,7.590917,17,0.801581,664.459,356.814,1
455,7.590917,27,0.075545,57.848,679.844,1
455,7.590917,28,0.095679,94.914,672.396,1
456,7.607600,2,0.852770,711.088,483.201,1
456,7.607600,1,0.891721,523.735,168.835,1
456,7.607600,17,0.804598,664.643,363.618,1
456,7.607600,27,0.076582,57.874,679.813,1
456,7.607600,28,0.092367,94.914,672.392,1
457,7.624283,2,0.809353,711.754,492.208,1
457,7.624283,1,0.865416,523.454,162.364,1
457,7.624283,17,0.821009,665.031,375.084,1
457,7.624283,27,0.087493,57.886,679.754,1
457,7.624283,28,0.101417,94.909,672.409,1
458,7.640967,2,0.797247,712.106,497.585,1
458,7.640967,1,0.868457,523.226,158.610,1
458,7.640967,17,0.827868,665.265,381.917,1
458,7.640967,27,0.077529,57.893,679.759,1
458,7.640967,28,0.090867,94.902,672.418,1
459,7.657650,2,0.845524,713.137,506.502,1
459,7.657650,1,0.879005,522.969,152.645,1
459,7.657650,17,0.885625,666.362,392.126,1
459,7.657650,27,0.075847,57.891,679.794,1
459,7.657650,28,0.093527,94.892,672.409,1
460,7.674333,2,0.841507,713.767,511.795,1
460,7.674333,1,0.878893,522.827,149.201,1
460,7.674333,17,0.881912,667.089,398.020,1
460,7.674333,27,0.088280,57.861,679.832,1
460,7.674333,28,0.099336,94.892,672.442,1
461,7.691017,2,0.781160,714.942,520.974,1
461,7.691017,1,0.842599,522.393,143.301,1
461,7.691017,17,0.752092,668.245,407.255,1
461,7.691017,27,0.067581,57.828,679.859,1
461,7.691017,28,0.076397,94.891,672.471,1
462,7.707700,2,0.802326,715.655,526.430,1
462,7.707700,1,0.848087,522.190,139.802,1
462,7.707700,17,0.777825,668.975,412.488,1
462,7.707700,27,0.076950,57.813,679.898,1
462,7.707700,28,0.082935,94.892,672.494,1
463,7.724383,2,0.718779,716.733,535.586,1
463,7.724383,1,0.904954,521.914,134.293,1
463,7.724383,17,0.778010,670.566,421.339,1
463,7.724383,27,0.161060,57.832,679.928,1
463,7.724383,28,0.132132,94.876,672.555,1
464,7.741067,2,0.722050,717.367,541.016,1
464,7.741067,1,0.907485,521.750,131.113,1
464,7.741067,17,0.802521,671.585,426.442,1
464,7.741067,27,0.157859,57.847,679.949,1
464,7.741067,28,0.131221,94.865,672.604,1
465,7.757750,2,0.817074,717.694,549.978,1
465,7.757750,1,0.894743,521.458,125.761,1
465,7.757750,17,0.876364,673.734,434.477,1
465,7.757750,27,0.203367,57.852,679.961,1
465,7.757750,28,0.153849,94.855,672.635,1
466,7.774433,2,0.831176,717.764,555.188,1
466,7.774433,1,0.891906,521.209,122.636,1
466,7.774433,17,0.872037,675.105,439.045,1
466,7.774433,27,0.212946,57.856,679.963,1
466,7.774433,28,0.162652,94.848,672.655,1
467,7.791117,2,0.862183,716.371,562.145,1
467,7.791117,1,0.903475,520.894,117.546,1
467,7.791117,17,0.902974,678.017,446.412,1
467,7.791117,27,0.226234,57.860,679.971,1
467,7.791117,28,0.176273,94.838,672.683,1
467,7.791117,29,0.074190,129.948,666.322,1
468,7.807800,2,0.861455,715.316,566.037,1
468,7.807800,1,0.903220,520.684,114.598,1
468,7.807800,17,0.904363,679.835,450.619,1
468,7.807800,27,0.253598,57.853,679.969,1
468,7.807800,28,0.189108,94.836,672.657,1
468,7.807800,29,0.081881,129.948,666.337,1
469,7.824483,2,0.702948,713.324,570.578,1
469,7.824483,1,0.908274,520.228,109.635,1
469,7.824483,17,0.883833,683.020,458.388,1
469,7.824483,27,0.266421,57.849,679.973,1
469,7.824483,28,0.194153,94.832,672.636,1
469,7.824483,29,0.081357,129.950,666.343,1
470,7.841167,2,0.698715,711.964,572.887,1
470,7.841167,1,0.905577,519.956,106.785,1
470,7.841167,17,0.882007,684.996,462.930,1
470,7.841167,27,0.280460,57.835,679.974,1
470,7.841167,28,0.198868,94.828,672.622,1
470,7.841167,29,0.083421,129.952,666.350,1
471,7.857850,2,0.756660,710.553,575.751,1
471,7.857850,1,0.902528,519.631,102.367,1
471,7.857850,17,0.907693,688.195,470.313,1
471,7.857850,27,0.262910,57.825,679.977,1
471,7.857850,28,0.183906,94.824,672.616,1
471,7.857850,29,0.078376,129.951,666.359,1
472,7.874533,2,0.751910,709.694,577.061,1
472,7.874533,1,0.901845,519.448,99.839,1
472,7.874533,17,0.907014,690.130,474.615,1
472,7.874533,27,0.281840,57.824,679.969,1
472,7.874533,28,0.191554,94.825,672.614,1
472,7.874533,29,0.082214,129.952,666.367,1
473,7.891217,2,0.792404,708.681,579.793,1
473,7.891217,1,0.901223,519.215,95.368,1
473,7.891217,17,0.894562,693.108,481.004,1
473,7.891217,27,0.332463,57.824,679.959,1
473,7.891217,28,0.224291,94.821,672.612,1
473,7.891217,29,0.117062,129.950,666.378,1
474,7.907900,2,0.790397,708.135,581.168,1
474,7.907900,1,0.898851,519.105,92.763,1
474,7.907900,17,0.890822,694.860,484.608,1
474,7.907900,27,0.326095,57.833,679.946,1
474,7.907900,28,0.217643,94.821,672.613,1
474,7.907900,29,0.110118,129.946,666.386,1
475,7.924583,2,0.745467,707.328,584.430,1
475,7.924583,1,0.887305,518.873,88.892,1
475,7.924583,17,0.812301,697.233,490.509,1
475,7.924583,27,0.248781,57.857,679.947,1
475,7.924583,28,0.175643,94.821,672.626,1
475,7.924583,29,0.083158,129.937,666.392,1
476,7.941267,2,0.749319,706.886,586.317,1
476,7.941267,1,0.886624,518.743,86.691,1
476,7.941267,17,0.814674,698.569,493.873,1
476,7.941267,27,0.259763,57.844,679.930,1
476,7.941267,28,0.177220,94.827,672.639,1
476,7.941267,29,0.083247,129.918,666.399,1
477,7.957950,2,0.795550,705.372,590.421,1
477,7.957950,1,0.904240,518.339,82.977,1
477,7.957950,17,0.788154,700.753,499.520,1
477,7.957950,27,0.299666,57.811,679.953,1
477,7.957950,28,0.197755,94.821,672.647,1
477,7.957950,29,0.104715,129.901,666.417,1
478,7.974633,2,0.781443,704.400,592.909,1
478,7.974633,1,0.903873,518.051,80.856,1
478,7.974633,17,0.790480,702.021,502.778,1
478,7.974633,27,0.294993,57.826,679.946,1
478,7.974633,28,0.189241,94.822,672.648,1
478,7.974633,29,0.099890,129.885,666.441,1
479,7.991317,2,0.494263,702.484,596.759,1
479,7.991317,1,0.844092,517.595,77.499,1
479,7.991317,17,0.813805,703.596,507.721,1
479,7.991317,27,0.211314,57.866,679.953,1
479,7.991317,28,0.149551,94.818,672.642,1
479,7.991317,29,0.069142,129.860,666.470,1
480,8.008000,2,0.503478,701.272,599.042,1
480,8.008000,1,0.847446,517.364,75.586,1
480,8.008000,17,0.818091,704.431,510.514,1
480,8.008000,27,0.205122,57.900,679.958,1
480,8.008000,28,0.147310,94.825,672.622,1
480,8.008000,29,0.067166,129.842,666.485,1
481,8.024683,2,0.706180,699.593,602.861,1
481,8.024683,1,0.898345,517.002,72.409,1
481,8.024683,17,0.834927,705.816,514.930,1
481,8.024683,27,0.195537,57.920,679.964,1
481,8.024683,28,0.139035,94.827,672.595,1
481,8.024683,29,0.062533,129.829,666.469,1
482,8.041367,2,0.735113,698.565,605.124,1
482,8.041367,1,0.899873,516.748,70.586,1
482,8.041367,17,0.844668,706.572,517.416,1
482,8.041367,27,0.219066,57.927,679.973,1
482,8.041367,28,0.149394,94.832,672.575,1
482,8.041367,29,0.066193,129.819,666.446,1
483,8.058050,2,0.797872,697.051,609.296,1
483,8.058050,1,0.895256,516.443,67.717,1
483,8.058050,17,0.873914,707.564,521.855,1
483,8.058050,27,0.259885,57.930,679.979,1
483,8.058050,28,0.173935,94.830,672.592,1
483,8.058050,29,0.081585,129.812,666.453,1
484,8.074733,2,0.804216,696.173,611.800,1
484,8.074733,1,0.898727,516.276,66.089,1
484,8.074733,17,0.878912,708.070,524.406,1
484,8.074733,27,0.255553,57.929,679.963,1
484,8.074733,28,0.171618,94.832,672.576,1
484,8.074733,29,0.080045,129.813,666.446,1
485,8.091417,2,0.827168,694.324,616.001,1
485,8.091417,1,0.885814,516.104,63.472,1
485,8.091417,17,0.843697,708.911,528.491,1
485,8.091417,27,0.269247,57.906,679.961,1
485,8.091417,28,0.177248,94.827,672.578,1
485,8.091417,29,0.084245,129.816,666.444,1
486,8.108100,2,0.825428,693.135,618.508,1
486,8.108100,1,0.882701,515.924,61.995,1
486,8.108100,17,0.829979,709.347,530.846,1
486,8.108100,27,0.239121,57.882,679.963,1
486,8.108100,28,0.167709,94.818,672.578,1
486,8.108100,29,0.077320,129.819,666.445,1
487,8.124783,2,0.775562,691.500,622.755,1
487,8.124783,1,0.832303,515.601,59.936,1
487,8.124783,17,0.839696,710.097,534.756,1
487,8.124783,27,0.161177,57.858,679.969,1
487,8.124783,28,0.132664,94.822,672.585,1
487,8.124783,29,0.058317,129.829,666.435,1
488,8.141467,2,0.782054,690.522,625.281,1
488,8.141467,1,0.837950,515.408,58.821,1
488,8.141467,17,0.844231,710.502,537.010,1
488,8.141467,27,0.159316,57.812,679.988,1
488,8.141467,28,0.133730,94.837,672.595,1
488,8.141467,29,0.058497,129.836,666.431,1
489,8.158150,2,0.725445,688.234,629.387,1
489,8.158150,1,0.866175,515.074,56.986,1
489,8.158150,17,0.877667,711.138,540.159,1
489,8.158150,27,0.191328,57.762,679.989,1
489,8.158150,28,0.149228,94.852,672.594,1
489,8.158150,29,0.067397,129.835,666.431,1
490,8.174833,2,0.732878,686.807,631.815,1
490,8.174833,1,0.867484,514.888,55.947,1
490,8.174833,17,0.874184,711.468,541.914,1
490,8.174833,27,0.194872,57.727,679.990,1
490,8.174833,28,0.149653,94.864,672.594,1
490,8.174833,29,0.068487,129.832,666.440,1
491,8.191517,2,0.776812,684.656,635.527,1
491,8.191517,1,0.869845,514.564,54.157,1
491,8.191517,17,0.797357,711.976,544.419,1
491,8.191517,27,0.180355,57.694,680.007,1
491,8.191517,28,0.146994,94.878,672.603,1
491,8.191517,29,0.069099,129.830,666.446,1
492,8.208200,2,0.769130,683.367,637.675,1
492,8.208200,1,0.869312,514.372,53.136,1
492,8.208200,17,0.795738,712.243,545.773,1
492,8.208200,27,0.178013,57.674,680.014,1
492,8.208200,28,0.147614,94.877,672.604,1
492,8.208200,29,0.067536,129.827,666.456,1
493,8.224883,2,0.694769,680.780,641.285,1
493,8.224883,1,0.885339,514.053,51.793,1
493,8.224883,17,0.739294,712.569,547.717,1
493,8.224883,27,0.195497,57.666,680.016,1
493,8.224883,28,0.163155,94.857,672.609,1
493,8.224883,29,0.071097,129.809,666.458,1
494,8.241567,2,0.683261,679.215,643.329,1
494,8.241567,1,0.884714,513.861,51.065,1
494,8.241567,17,0.734874,712.716,548.749,1
494,8.241567,27,0.189958,57.663,680.019,1
494,8.241567,28,0.159609,94.833,672.609,1
494,8.241567,29,0.070698,129.795,666.454,1
495,8.258250,2,0.751950,676.238,645.887,1
495,8.258250,1,0.843237,513.479,50.076,1
495,8.258250,17,0.442958,713.141,550.277,1
495,8.258250,27,0.167658,57.668,680.039,1
495,8.258250,28,0.150328,94.803,672.621,1
495,8.258250,29,0.063773,129.782,666.449,1
496,8.274933,2,0.764184,674.427,647.267,1
496,8.274933,1,0.846153,513.238,49.571,1
496,8.274933,17,0.805569,713.382,551.067,1
496,8.274933,27,0.169994,57.658,680.047,1
496,8.274933,28,0.149841,94.769,672.631,1
496,8.274933,29,0.063790,129.777,666.453,1
497,8.291617,2,0.788166,671.374,649.786,1
497,8.291617,1,0.865119,512.836,49.022,1
497,8.291617,17,0.765773,714.160,552.123,1
497,8.291617,27,0.153295,57.620,680.049,1
497,8.291617,28,0.135198,94.733,672.644,1
497,8.291617,29,0.056183,129.778,666.445,1
498,8.308300,2,0.781569,669.524,651.237,1
498,8.308300,1,0.866769,512.514,48.778,1
498,8.308300,17,0.773119,714.656,552.690,1
498,8.308300,27,0.154865,57.579,680.050,1
498,8.308300,28,0.138778,94.695,672.647,1
498,8.308300,29,0.058553,129.782,666.455,1
499,8.324983,2,0.563468,666.608,653.304,1
499,8.324983,1,0.826738,512.102,48.508,1
499,8.324983,17,0.626884,715.519,553.092,1
499,8.324983,27,0.106751,57.516,680.035,1
499,8.324983,28,0.110017,94.665,672.656,1
499,8.324983,29,0.058553,129.779,666.456,0
500,8.341667,2,0.582255,664.827,654.471,1
500,8.341667,1,0.866155,511.897,48.423,1
500,8.341667,17,0.590207,716.090,553.335,1
500,8.341667,27,0.082110,57.742,680.192,1
500,8.341667,28,0.121847,94.631,672.660,1
500,8.341667,29,0.064213,129.703,666.558,1
501,8.358350,2,0.544196,661.704,655.761,1
501,8.358350,1,0.885823,511.572,48.461,1
501,8.358350,17,0.758792,717.134,553.376,1
501,8.358350,27,0.104247,57.931,680.318,1
501,8.358350,28,0.127160,94.629,672.660,1
501,8.358350,29,0.072744,129.647,666.637,1
502,8.375033,2,0.527015,659.835,656.391,1
502,8.375033,1,0.886176,511.368,48.550,1
502,8.375033,17,0.763151,717.784,553.290,1
502,8.375033,27,0.098375,58.034,680.407,1
502,8.375033,28,0.115867,94.647,672.671,1
502,8.375033,29,0.066802,129.616,666.684,1
503,8.391717,2,0.657054,656.796,656.634,1
503,8.391717,1,0.883500,511.046,48.923,1
503,8.391717,17,0.801617,718.981,552.813,1
503,8.391717,27,0.088667,58.090,680.443,1
503,8.391717,28,0.105330,94.675,672.678,1
503,8.391717,29,0.060608,129.601,666.704,1
504,8.408400,2,0.682786,654.997,656.595,1
504,8.408400,1,0.885986,510.835,49.262,1
504,8.408400,17,0.811294,719.725,552.419,1
504,8.408400,27,0.091167,58.076,680.453,1
504,8.408400,28,0.103909,94.723,672.703,1
504,8.408400,29,0.064958,129.601,666.720,1
505,8.425083,2,0.670435,652.092,656.125,1
505,8.425083,1,0.894432,510.443,49.782,1
505,8.425083,17,0.869262,720.842,551.669,1
505,8.425083,27,0.080030,58.047,680.447,1
505,8.425083,28,0.101954,94.728,672.715,1
505,8.425083,29,0.058414,129.606,666.722,1
506,8.441767,2,0.662376,650.444,655.674,1
506,8.441767,1,0.876157,510.189,50.082,1
506,8.441767,17,0.874276,721.546,551.157,1
506,8.441767,27,0.073847,58.017,680.431,1
506,8.441767,28,0.099741,94.717,672.719,1
506,8.441767,29,0.055998,129.612,666.720,1
507,8.458450,2,0.662992,648.025,654.105,1
507,8.458450,1,0.860301,509.663,50.800,1
507,8.458450,17,0.823766,722.359,550.098,1
507,8.458450,27,0.075247,57.955,680.408,1
507,8.458450,28,0.102557,94.691,672.717,1
507,8.458450,29,0.058737,129.618,666.715,1
508,8.475133,2,0.662513,646.649,652.974,1
508,8.475133,1,0.863802,509.323,51.277,1
508,8.475133,17,0.820517,722.808,549.388,1
508,8.475133,27,0.079604,57.886,680.390,1
508,8.475133,28,0.104448,94.648,672.718,1
508,8.475133,29,0.060094,129.625,666.710,1
509,8.491817,2,0.869731,644.268,650.604,1
509,8.491817,1,0.867308,508.841,52.553,1
509,8.491817,17,0.890710,723.722,547.540,1
509,8.491817,27,0.079027,57.842,680.374,1
509,8.491817,28,0.103627,94.618,672.717,1
509,8.491817,29,0.057320,129.631,666.701,1
510,8.508500,2,0.867857,642.899,649.011,1
510,8.508500,1,0.865270,508.548,53.401,1
510,8.508500,17,0.890181,724.258,546.317,1
510,8.508500,27,0.080628,57.814,680.361,1
510,8.508500,28,0.104350,94.600,672.715,1
510,8.508500,29,0.057602,129.636,666.695,1
511,8.525183,2,0.794744,640.807,645.854,1
511,8.525183,1,0.871012,508.084,54.991,1
511,8.525183,17,0.868879,725.082,544.570,1
511,8.525183,27,0.073747,57.801,680.354,1
511,8.525183,28,0.101088,94.590,672.720,1
511,8.525183,29,0.052575,129.642,666.691,1
512,8.541867,2,0.797012,639.610,643.802,1
512,8.541867,1,0.866999,507.809,56.049,1
512,8.541867,17,0.871969,725.564,543.485,1
512,8.541867,27,0.072217,57.798,680.350,1
512,8.541867,28,0.099612,94.586,672.718,1
512,8.541867,29,0.052575,129.644,666.690,0
513,8.558550,2,0.698900,637.896,639.488,1
513,8.558550,1,0.856620,507.338,58.067,1
513,8.558550,17,0.916220,726.118,541.590,1
513,8.558550,27,0.068326,57.790,680.352,1
513,8.558550,28,0.096880,94.583,672.719,1
513,8.558550,29,0.051400,129.654,666.685,1
514,8.575233,2,0.669442,636.953,636.726,1
514,8.575233,1,0.847085,507.058,59.346,1
514,8.575233,17,0.918214,726.415,540.423,1
514,8.575233,27,0.058932,57.792,680.353,1
514,8.575233,28,0.090610,94.584,672.718,1
514,8.575233,29,0.051400,129.659,666.683,0
515,8.591917,2,0.511268,635.506,631.859,1
515,8.591917,1,0.866336,506.730,61.437,1
515,8.591917,17,0.864813,726.855,538.249,1
515,8.591917,27,0.058740,57.793,680.355,1
515,8.591917,28,0.093263,94.587,672.717,1
515,8.591917,29,0.051400,129.663,666.681,0
516,8.608600,2,0.495503,634.719,628.813,1
516,8.608600,1,0.857477,506.608,62.733,1
516,8.608600,17,0.873488,727.093,536.909,1
516,8.608600,27,0.054573,57.804,680.364,1
516,8.608600,28,0.091326,94.592,672.715,1
516,8.608600,29,0.051400,129.668,666.679,0
517,8.625283,2,0.810895,633.047,623.460,1
517,8.625283,1,0.899759,506.191,65.235,1
517,8.625283,17,0.853763,727.289,534.326,1
517,8.625283,27,0.080879,57.795,680.381,1
517,8.625283,28,0.110503,94.594,672.693,1
517,8.625283,29,0.053384,129.666,666.686,1
518,8.641967,2,0.822573,632.072,620.158,1
518,8.641967,1,0.896929,505.925,66.767,1
518,8.641967,17,0.854490,727.360,532.717,1
518,8.641967,27,0.081019,57.793,680.397,1
518,8.641967,28,0.110166,94.595,672.674,1
518,8.641967,29,0.052895,129.667,666.684,1
519,8.658650,2,0.798380,630.437,614.066,1
519,8.658650,1,0.891995,505.445,69.743,1
519,8.658650,17,0.888503,727.275,529.861,1
519,8.658650,27,0.083079,57.790,680.408,1
519,8.658650,28,0.111574,94.597,672.659,1
519,8.658650,29,0.051804,129.668,666.682,1
520,8.675333,2,0.804287,629.480,610.314,1
520,8.675333,1,0.899117,505.193,71.570,1
520,8.675333,17,0.889888,727.168,528.109,1
520,8.675333,27,0.080207,57.779,680.392,1
520,8.675333,28,0.108698,94.595,672.650,1
520,8.675333,29,0.051804,129.670,666.682,0
521,8.692017,2,0.777748,628.013,603.265,1
521,8.692017,1,0.896213,504.668,74.890,1
521,8.692017,17,0.904208,726.884,525.102,1
521,8.692017,27,0.068248,57.777,680.379,1
521,8.692017,28,0.099560,94.602,672.643,1
521,8.692017,29,0.051804,129.672,666.681,0
522,8.708700,2,0.767535,627.125,598.886,1
522,8.708700,1,0.894587,504.350,76.938,1
522,8.708700,17,0.904274,726.674,523.283,1
522,8.708700,27,0.070124,57.776,680.370,1
522,8.708700,28,0.099786,94.606,672.640,1
522,8.708700,29,0.051804,129.674,666.680,0
523,8.725383,2,0.674097,626.054,590.681,1
523,8.725383,1,0.870647,504.043,80.399,1
523,8.725383,17,0.890356,725.931,519.530,1
523,8.725383,27,0.050799,57.856,680.361,1
523,8.725383,28,0.076661,94.687,672.646,1
523,8.725383,29,0.051804,129.676,666.680,0
524,8.742067,2,0.665431,625.468,585.630,1
524,8.742067,1,0.868756,503.891,82.495,1
524,8.742067,17,0.887514,725.416,517.202,1
524,8.742067,27,0.050799,57.875,680.356,0
524,8.742067,28,0.076227,94.687,672.654,1
524,8.742067,29,0.051804,129.679,666.679,0
525,8.758750,2,0.806994,624.314,576.166,1
525,8.758750,1,0.892144,503.426,86.488,1
525,8.758750,17,0.770054,724.518,513.142,1
525,8.758750,27,0.080249,57.876,680.357,1
525,8.758750,28,0.093683,94.698,672.663,1
526,8.775433,2,0.803384,623.654,570.344,1
526,8.775433,1,0.894405,503.147,88.965,1
526,8.775433,17,0.754431,723.942,510.656,1
526,8.775433,27,0.089683,57.894,680.363,1
526,8.775433,28,0.097383,94.723,672.668,1
527,8.792117,2,0.783811,622.677,560.318,1
527,8.792117,1,0.840661,502.736,92.987,1
527,8.792117,17,0.701793,722.885,506.119,1
527,8.792117,27,0.068282,57.930,680.366,1
527,8.792117,28,0.076869,94.757,672.669,1
528,8.808800,2,0.767254,622.134,554.205,1
528,8.808800,1,0.841037,502.479,95.415,1
528,8.808800,17,0.641725,722.190,503.351,1
528,8.808800,27,0.078115,57.970,680.365,1
528,8.808800,28,0.083392,94.798,672.666,1
529,8.825483,2,0.766670,621.109,543.092,1
529,8.825483,1,0.880663,502.115,100.100,1
529,8.825483,17,0.842559,720.820,498.348,1
529,8.825483,27,0.079996,57.985,680.354,1
529,8.825483,28,0.084764,94.780,672.675,1
530,8.842167,2,0.775394,620.502,536.302,1
530,8.842167,1,0.885286,501.847,102.965,1
530,8.842167,17,0.850490,719.965,495.327,1
530,8.842167,27,0.072869,57.959,680.339,1
530,8.842167,28,0.077768,94.737,672.724,1
531,8.858850,2,0.246356,619.547,527.023,1
531,8.858850,1,0.909783,501.336,107.907,1
531,8.858850,17,0.850807,718.528,489.529,1
531,8.858850,27,0.068308,57.907,680.311,1
531,8.858850,28,0.076587,94.662,672.785,1
532,8.875533,2,0.782711,618.910,519.040,1
532,8.875533,1,0.907874,501.010,110.879,1
532,8.875533,17,0.826241,717.638,486.067,1
532,8.875533,27,0.056978,57.829,680.285,1
532,8.875533,28,0.068253,94.579,672.872,1
533,8.892217,2,0.861945,618.147,506.488,1
533,8.892217,1,0.889103,500.638,115.986,1
533,8.892217,17,0.910167,716.336,479.797,1
533,8.892217,27,0.114477,57.755,679.958,1
533,8.892217,28,0.074487,94.539,672.923,1
534,8.908900,2,0.866332,617.720,498.938,1
534,8.908900,1,0.885522,500.432,119.066,1
534,8.908900,17,0.908406,715.570,475.977,1
534,8.908900,27,0.109536,57.699,679.883,1
534,8.908900,28,0.073823,94.518,672.977,1
535,8.925583,2,0.720210,617.162,486.495,1
535,8.925583,1,0.866560,499.979,124.387,1
535,8.925583,17,0.822807,714.250,470.017,1
535,8.925583,27,0.073892,57.675,679.741,1
535,8.925583,28,0.053481,94.512,673.019,1
536,8.942267,2,0.714756,616.875,479.059,1
536,8.942267,1,0.864180,499.710,127.602,1
536,8.942267,17,0.829667,713.461,466.469,1
536,8.942267,27,0.073224,57.663,679.596,1
536,8.942267,28,0.051231,94.513,673.042,1
537,8.958950,2,0.699059,616.286,466.649,1
537,8.958950,1,0.890033,499.459,133.491,1
537,8.958950,17,0.639092,710.876,460.119,1
537,8.958950,27,0.066756,57.671,679.504,1
537,8.958950,28,0.051231,94.495,673.083,0
538,8.975633,2,0.702761,615.952,459.261,1
538,8.975633,1,0.891387,499.332,137.088,1
538,8.975633,17,0.647214,709.176,456.335,1
538,8.975633,27,0.066198,57.680,679.457,1
538,8.975633,28,0.051231,94.476,673.123,0
539,8.992317,2,0.661823,615.575,447.602,1
539,8.992317,1,0.874669,499.000,143.370,1
539,8.992317,17,0.749335,706.508,449.750,1
539,8.992317,27,0.054108,57.690,679.436,1
539,8.992317,28,0.051231,94.457,673.163,0
540,9.009000,2,0.663644,615.381,440.774,1
540,9.009000,1,0.877625,498.809,147.215,1
540,9.009000,17,0.745675,704.869,445.804,1
540,9.009000,27,0.055121,57.688,679.436,1
540,9.009000,28,0.051231,94.438,673.203,0
541,9.025683,2,0.846081,615.189,429.910,1
541,9.025683,1,0.907917,498.375,153.961,1
541,9.025683,17,0.874366,702.324,439.466,1
541,9.025683,27,0.082726,57.687,679.452,1
541,9.025683,28,0.051770,94.450,673.204,1
542,9.042367,2,0.851038,615.114,423.559,1
542,9.042367,1,0.909802,498.133,158.035,1
542,9.042367,17,0.873892,700.788,435.727,1
542,9.042367,27,0.088588,57.674,679.463,1
542,9.042367,28,0.057212,94.468,673.154,1
543,9.059050,2,0.745120,614.922,412.965,1
543,9.059050,1,0.883836,497.674,164.905,1
543,9.059050,17,0.706071,698.389,430.053,1
543,9.059050,27,0.068647,57.672,679.478,1
543,9.059050,28,0.057212,94.465,673.163,0
544,9.075733,2,0.750531,614.827,406.837,1
544,9.075733,1,0.885064,497.429,169.008,1
544,9.075733,17,0.714711,696.971,426.774,1
544,9.075733,27,0.076925,57.655,679.487,1
544,9.075733,28,0.057212,94.462,673.172,0
545,9.092417,2,0.791014,614.516,395.852,1
545,9.092417,1,0.869112,497.015,176.225,1
545,9.092417,17,0.694734,694.442,421.202,1
545,9.092417,27,0.058200,57.647,679.494,1
545,9.092417,28,0.057212,94.459,673.180,0
546,9.109100,2,0.796000,614.328,389.378,1
546,9.109100,1,0.872499,496.813,180.527,1
546,9.109100,17,0.713096,692.934,417.972,1
546,9.109100,27,0.059805,57.644,679.500,1
547,9.125783,2,0.836354,613.952,378.868,1
547,9.125783,1,0.836403,496.497,187.837,1
547,9.125783,17,0.831139,690.468,412.433,1
547,9.125783,27,0.063540,57.657,679.503,1
548,9.142467,2,0.836493,613.726,372.726,1
548,9.142467,1,0.840762,496.281,192.205,1
548,9.142467,17,0.831050,689.011,409.184,1
548,9.142467,27,0.064724,57.658,679.511,1
549,9.159150,2,0.819161,613.289,362.643,1
549,9.159150,1,0.841562,495.742,200.146,1
549,9.159150,17,0.756113,686.586,404.387,1
549,9.159150,27,0.055883,57.663,679.510,1
550,9.175833,2,0.823156,613.021,356.750,1
550,9.175833,1,0.850141,495.403,204.907,1
550,9.175833,17,0.752643,685.178,401.658,1
550,9.175833,27,0.058267,57.670,679.502,1
551,9.192517,2,0.878859,612.468,346.878,1
551,9.192517,1,0.877902,495.117,213.162,1
551,9.192517,17,0.777383,682.803,397.400,1
551,9.192517,27,0.050018,57.673,679.496,1
552,9.209200,2,0.876630,612.124,341.110,1
552,9.209200,1,0.882782,494.995,218.132,1
552,9.209200,17,0.766614,681.407,394.992,1
552,9.209200,27,0.051608,57.672,679.496,1
553,9.225883,2,0.871807,611.604,330.921,1
553,9.225883,1,0.872627,494.709,226.806,1
553,9.225883,17,0.875587,678.858,391.223,1
553,9.225883,27,0.066931,57.670,679.498,1
554,9.242567,2,0.862609,611.258,324.925,1
554,9.242567,1,0.871271,494.547,231.995,1
554,9.242567,17,0.869983,677.342,389.093,1
554,9.242567,27,0.064194,57.669,679.498,1
555,9.259250,2,0.666199,610.615,314.914,1
555,9.259250,1,0.800968,494.162,240.671,1
555,9.259250,17,0.753579,674.900,385.044,1
555,9.259250,27,0.064194,57.669,679.497,0
556,9.275933,2,0.658499,610.224,309.034,1
556,9.275933,1,0.804146,493.931,245.845,1
556,9.275933,17,0.754511,673.464,382.675,1
556,9.275933,27,0.064194,57.669,679.496,0
557,9.292617,2,0.516626,609.554,298.976,1
557,9.292617,1,0.789112,493.629,254.995,1
557,9.292617,17,0.434917,671.119,379.135,1
557,9.292617,27,0.064194,57.669,679.496,0
558,9.309300,2,0.455405,609.153,293.027,1
558,9.309300,1,0.796494,493.464,260.514,1
558,9.309300,17,0.420800,669.741,377.085,1
558,9.309300,27,0.064194,57.670,679.495,0
559,9.325983,2,0.610098,608.762,283.307,1
559,9.325983,1,0.849875,493.130,270.086,1
559,9.325983,17,0.710807,667.280,373.595,1
559,9.325983,27,0.057470,57.673,679.468,1
560,9.342667,2,0.595031,608.557,277.597,1
560,9.342667,1,0.843785,492.924,275.825,1
560,9.342667,17,0.700982,665.818,371.575,1
560,9.342667,27,0.062721,57.677,679.446,1
561,9.359350,2,0.756526,608.088,267.927,1
561,9.359350,1,0.867109,492.665,285.617,1
561,9.359350,17,0.700102,663.340,368.474,1
561,9.359350,27,0.056462,57.678,679.443,1
562,9.376033,2,0.760047,607.808,262.236,1
562,9.376033,1,0.871292,492.518,291.465,1
562,9.376033,17,0.705906,661.883,366.713,1
562,9.376033,27,0.060901,57.676,679.442,1
563,9.392717,2,0.819622,607.463,253.349,1
563,9.392717,1,0.872173,492.198,301.647,1
563,9.392717,17,0.594743,659.492,364.200,1
563,9.392717,27,0.052176,57.678,679.444,1
564,9.409400,2,0.817198,607.279,248.217,1
564,9.409400,1,0.869876,492.005,307.669,1
564,9.409400,17,0.592793,658.087,362.807,1
564,9.409400,27,0.052800,57.680,679.446,1
565,9.426083,2,0.859049,606.775,239.521,1
565,9.426083,1,0.872456,491.739,318.131,1
565,9.426083,17,0.647556,655.790,360.400,1
565,9.426083,27,0.056439,57.666,679.438,1
566,9.442767,2,0.860028,606.450,234.449,1
566,9.442767,1,0.872665,491.546,324.386,1
566,9.442767,17,0.635460,654.445,359.032,1
566,9.442767,27,0.059215,57.662,679.430,1
567,9.459450,2,0.776316,605.944,225.779,1
567,9.459450,1,0.773985,491.094,335.228,1
567,9.459450,17,0.481076,652.024,356.774,1
567,9.459450,27,0.059215,57.659,679.425,0
568,9.476133,2,0.782035,605.638,220.695,1
568,9.476133,1,0.835138,490.797,341.712,1
568,9.476133,17,0.516967,650.589,355.485,1
568,9.476133,27,0.059215,57.656,679.420,0
569,9.492817,2,0.810660,605.145,211.996,1
569,9.492817,1,0.735008,490.491,352.994,1
569,9.492817,17,0.573156,648.224,353.718,1
569,9.492817,27,0.059215,57.653,679.414,0
570,9.509500,2,0.829540,604.849,206.881,1
570,9.509500,1,0.745749,490.331,359.775,1
570,9.509500,17,0.585351,646.824,352.745,1
570,9.509500,27,0.059215,57.650,679.409,0
571,9.526183,2,0.683214,604.277,199.212,1
571,9.526183,1,0.830500,490.032,371.387,1
571,9.526183,17,0.614283,644.546,351.295,1
571,9.526183,27,0.059215,57.646,679.404,0
572,9.542867,2,0.694346,603.929,194.833,1
572,9.542867,1,0.833336,489.863,378.330,1
572,9.542867,17,0.621397,643.204,350.538,1
573,9.559550,2,0.599364,603.357,187.375,1
573,9.559550,1,0.627263,489.673,389.910,1
573,9.559550,17,0.204962,640.870,349.133,1
574,9.576233,2,0.606401,603.004,183.049,1
574,9.576233,1,0.623602,489.560,396.780,1
574,9.576233,17,0.224665,639.491,348.321,1
575,9.592917,2,0.691685,602.375,175.560,1
575,9.592917,1,0.537386,489.427,408.996,1
575,9.592917,17,0.181484,637.537,347.140,1
576,9.609600,2,0.667241,601.995,171.149,1
576,9.609600,1,0.582719,489.349,416.350,1
576,9.609600,17,0.172627,636.426,346.487,1
577,9.626283,2,0.411127,601.311,163.889,1
577,9.626283,1,0.659804,489.186,428.746,1
577,9.626283,17,0.191786,633.693,345.706,1
578,9.642967,2,0.399843,600.923,159.608,1
578,9.642967,1,0.645844,489.098,436.123,1
578,9.642967,17,0.188800,632.067,345.271,1
579,9.659650,2,0.763358,600.429,152.571,1
579,9.659650,1,0.744196,488.913,449.042,1
579,9.659650,17,0.491944,630.502,345.001,1
580,9.676333,2,0.755703,600.157,148.434,1
580,9.676333,1,0.736836,488.806,456.749,1
580,9.676333,17,0.483850,629.675,344.935,1
581,9.693017,2,0.805782,599.757,141.655,1
581,9.693017,1,0.699213,488.717,469.642,1
581,9.693017,17,0.705017,628.940,344.965,1
582,9.709700,2,0.799824,599.505,137.710,1
582,9.709700,1,0.698924,488.674,477.280,1
582,9.709700,17,0.710731,628.654,345.058,1
583,9.726383,2,0.815165,598.953,131.287,1
583,9.726383,1,0.533246,488.751,488.846,1
583,9.726383,17,0.790853,628.331,344.634,1
584,9.743067,2,0.822099,598.623,127.561,1
584,9.743067,1,0.542125,488.821,495.539,1
584,9.743067,17,0.788473,628.269,344.375,1
585,9.759750,2,0.700626,597.940,121.396,1
585,9.759750,1,0.169886,489.098,504.781,1
585,9.759750,17,0.220717,628.007,343.898,1
586,9.776433,2,0.709857,597.563,117.763,1
586,9.776433,1,0.181038,489.318,509.931,1
586,9.776433,17,0.230384,627.916,343.604,1
587,9.793117,2,0.777369,596.933,111.950,1
587,9.793117,1,0.428115,489.765,514.215,1
587,9.793117,17,0.114160,627.512,343.384,1
588,9.809800,2,0.780053,596.551,108.586,1
588,9.809800,1,0.429899,490.067,516.028,1
588,9.809800,17,0.109121,627.290,343.276,1
589,9.826483,2,0.832337,595.897,103.064,1
589,9.826483,1,0.546864,488.957,518.397,1
589,9.826483,17,0.185992,626.903,343.507,1
590,9.843167,2,0.841794,595.506,99.863,1
590,9.843167,1,0.559085,488.204,519.216,1
590,9.843167,17,0.221965,626.677,343.718,1
591,9.859850,2,0.824311,594.955,94.612,1
591,9.859850,1,0.764585,486.702,521.019,1
591,9.859850,17,0.332992,626.271,343.600,1
592,9.876533,2,0.821719,594.638,91.577,1
592,9.876533,1,0.763090,485.679,521.749,1
592,9.876533,17,0.320031,626.038,343.516,1
593,9.893217,2,0.831839,594.100,86.487,1
593,9.893217,1,0.658205,483.556,523.669,1
593,9.893217,17,0.612442,625.551,342.927,1
594,9.909900,2,0.835941,593.784,83.522,1
594,9.909900,1,0.675436,482.169,524.636,1
594,9.909900,17,0.631800,625.256,342.524,1
595,9.926583,2,0.771061,593.112,78.715,1
595,9.926583,1,0.555661,479.768,526.725,1
595,9.926583,17,0.584808,625.047,341.512,1
596,9.943267,2,0.765059,592.701,75.934,1
596,9.943267,1,0.551188,478.251,527.888,1
596,9.943267,17,0.580951,624.953,340.833,1
597,9.959950,2,0.851375,592.110,71.444,1
597,9.959950,1,0.689386,475.810,530.137,1
597,9.959950,17,0.671636,624.729,339.485,1
598,9.976633,2,0.854503,591.767,68.856,1
598,9.976633,1,0.712467,474.327,531.467,1
598,9.976633,17,0.678477,624.600,338.598,1
599,9.993317,2,0.763687,591.308,64.582,1
599,9.993317,1,0.691287,472.208,533.641,1
599,9.993317,17,0.393909,624.200,337.332,1
600,10.010000,2,0.789133,591.070,61.979,1
600,10.010000,1,0.670427,470.849,534.893,1
600,10.010000,17,0.370438,623.934,336.487,1
601,10.026683,2,0.760159,590.524,58.327,1
601,10.026683,1,0.632143,468.573,537.022,1
601,10.026683,17,0.404439,622.961,335.371,1
601,10.026683,30,0.070229,626.231,346.270,1
602,10.043367,2,0.761871,590.209,56.233,1
602,10.043367,1,0.619544,467.220,538.266,1
602,10.043367,17,0.405953,622.329,334.734,1
602,10.043367,30,0.077066,625.977,345.640,1
602,10.043367,31,0.055765,57.571,679.780,1
603,10.060050,2,0.764513,589.609,52.502,1
603,10.060050,1,0.564927,464.806,540.022,1
603,10.060050,17,0.459014,621.513,334.179,1
603,10.060050,30,0.074864,625.474,345.196,1
603,10.060050,31,0.072684,57.503,680.018,1
604,10.076733,2,0.765271,589.246,50.341,1
604,10.076733,1,0.565329,463.363,541.011,1
604,10.076733,17,0.446720,621.023,333.925,1
604,10.076733,30,0.075831,625.180,344.982,1
604,10.076733,31,0.067404,57.462,680.137,1
604,10.076733,32,0.055342,94.492,672.905,1
605,10.093417,2,0.845089,588.635,47.204,1
605,10.093417,1,0.416178,460.993,542.682,1
605,10.093417,17,0.457566,620.741,333.212,1
605,10.093417,30,0.075831,624.896,344.613,0
605,10.093417,31,0.072003,57.447,680.190,1
605,10.093417,32,0.059153,94.488,672.905,1
606,10.110100,2,0.844631,588.267,45.439,1
606,10.110100,1,0.416525,459.588,543.633,1
606,10.110100,17,0.457073,620.635,332.808,1
606,10.110100,30,0.075831,624.611,344.245,0
606,10.110100,31,0.070276,57.437,680.203,1
606,10.110100,32,0.057722,94.484,672.904,1
607,10.126783,2,0.752948,587.637,42.565,1
607,10.126783,1,0.535973,457.414,544.807,1
607,10.126783,17,0.428445,619.725,331.774,1
607,10.126783,30,0.187709,624.361,342.250,1
607,10.126783,31,0.088845,57.435,680.112,1
607,10.126783,32,0.070544,94.481,672.898,1
608,10.143467,2,0.744232,587.254,40.946,1
608,10.143467,1,0.535185,456.152,545.424,1
608,10.143467,17,0.421948,619.378,331.144,1
608,10.143467,30,0.177099,624.264,341.026,1
608,10.143467,31,0.080734,57.439,680.037,1
608,10.143467,32,0.064910,94.479,672.889,1
609,10.160150,2,0.817652,586.689,38.354,1
609,10.160150,1,0.530385,453.915,546.462,1
609,10.160150,17,0.422272,619.699,329.854,1
609,10.160150,30,0.082869,624.058,339.462,1
609,10.160150,31,0.088853,57.445,679.970,1
609,10.160150,32,0.069341,94.479,672.885,1
610,10.176833,2,0.831786,586.368,36.876,1
610,10.176833,1,0.515127,452.601,547.022,1
610,10.176833,17,0.410411,619.962,329.035,1
610,10.176833,30,0.076660,623.939,338.518,1
610,10.176833,31,0.083183,57.453,679.928,1
610,10.176833,32,0.067399,94.481,672.876,1
611,10.193517,2,0.756615,585.793,34.372,1
611,10.193517,1,0.226133,450.485,547.214,1
611,10.193517,17,0.484567,621.095,328.603,1
611,10.193517,30,0.076660,623.745,337.454,0
611,10.193517,31,0.064556,57.463,679.903,1
611,10.193517,32,0.058387,94.485,672.869,1
612,10.210200,2,0.761825,585.468,32.943,1
612,10.210200,1,0.229686,449.251,547.211,1
612,10.210200,17,0.476771,622.012,328.803,1
612,10.210200,30,0.076660,623.551,336.391,0
612,10.210200,31,0.063650,57.473,679.893,1
612,10.210200,32,0.056182,94.486,672.870,1
613,10.226883,2,0.776291,584.984,30.879,1
613,10.226883,1,0.353003,447.412,547.258,1
613,10.226883,17,0.564329,623.008,329.628,1
613,10.226883,30,0.076660,623.357,335.327,0
613,10.226883,31,0.074069,57.479,679.882,1
613,10.226883,32,0.063366,94.486,672.872,1
614,10.243567,2,0.776740,584.704,29.733,1
614,10.243567,1,0.349378,446.363,547.207,1
614,10.243567,17,0.559006,623.654,330.258,1
614,10.243567,30,0.076660,623.163,334.263,0
614,10.243567,31,0.072808,57.479,679.880,1
614,10.243567,32,0.061947,94.485,672.873,1
615,10.260250,2,0.132843,584.116,28.092,1
615,10.260250,1,0.159951,444.534,546.943,1
615,10.260250,17,0.715060,624.626,329.679,1
615,10.260250,30,0.076660,622.969,333.199,0
615,10.260250,31,0.074393,57.479,679.896,1
615,10.260250,32,0.061354,94.482,672.877,1
616,10.276933,2,0.765387,583.725,27.229,1
616,10.276933,1,0.169353,443.475,546.714,1
616,10.276933,17,0.726812,625.221,329.148,1
616,10.276933,31,0.081712,57.488,679.909,1
616,10.276933,32,0.063869,94.479,672.873,1
617,10.293617,2,0.821103,583.022,26.151,1
617,10.293617,1,0.417591,441.887,545.938,1
617,10.293617,17,0.762280,625.686,327.232,1
617,10.293617,31,0.098327,57.505,679.916,1
617,10.293617,32,0.070788,94.475,672.882,1
618,10.310300,2,0.824244,582.594,25.620,1
618,10.310300,1,0.421022,440.987,545.383,1
618,10.310300,17,0.763891,625.916,325.903,1
618,10.310300,31,0.101000,57.523,679.926,1
618,10.310300,32,0.073349,94.469,672.900,1
619,10.326983,2,0.739580,581.787,24.963,1
619,10.326983,1,0.334780,439.412,544.200,1
619,10.326983,17,0.720946,626.010,323.855,1
619,10.326983,31,0.093697,57.541,679.937,1
619,10.326983,32,0.068014,94.469,672.891,1
620,10.343667,2,0.742957,581.290,24.671,1
620,10.343667,1,0.339900,438.503,543.408,1
620,10.343667,17,0.732454,626.002,322.538,1
620,10.343667,31,0.097937,57.525,679.922,1
620,10.343667,32,0.066826,94.467,672.885,1
621,10.360350,2,0.781877,580.617,24.339,1
621,10.360350,1,0.471911,437.079,541.740,1
621,10.360350,17,0.743863,625.010,319.081,1
621,10.360350,31,0.114950,57.487,679.897,1
621,10.360350,32,0.074941,94.465,672.878,1
622,10.377033,2,0.788614,580.226,24.147,1
622,10.377033,1,0.475422,436.266,540.664,1
622,10.377033,17,0.743175,624.266,316.824,1
622,10.377033,31,0.112929,57.485,679.887,1
622,10.377033,32,0.072039,94.463,672.873,1
623,10.393717,2,0.723616,579.742,24.039,1
623,10.393717,1,0.610531,435.029,538.121,1
623,10.393717,17,0.645966,623.228,314.297,1
623,10.393717,31,0.110502,57.503,679.880,1
623,10.393717,32,0.067851,94.464,672.870,1
624,10.410400,2,0.736498,579.521,24.032,1
624,10.410400,1,0.630157,434.331,536.472,1
624,10.410400,17,0.663838,622.531,312.892,1
624,10.410400,31,0.112180,57.516,679.880,1
624,10.410400,32,0.069591,94.465,672.866,1
625,10.427083,2,0.692673,579.026,24.088,1
625,10.427083,1,0.630600,433.235,533.335,1
625,10.427083,17,0.673789,621.579,313.585,1
625,10.427083,31,0.105067,57.525,679.888,1
625,10.427083,32,0.066174,94.469,672.852,1
626,10.443767,2,0.705698,578.711,24.171,1
626,10.443767,1,0.636493,432.621,531.339,1
626,10.443767,17,0.668830,620.985,314.352,1
626,10.443767,31,0.105656,57.530,679.900,1
626,10.443767,32,0.066547,94.472,672.842,1
627,10.460450,2,0.684373,578.225,24.295,1
627,10.460450,1,0.773993,431.424,527.389,1
627,10.460450,17,0.821567,619.949,314.315,1
627,10.460450,31,0.085095,57.534,679.935,1
627,10.460450,32,0.062639,94.475,672.827,1
628,10.477133,2,0.696279,577.945,24.403,1
628,10.477133,1,0.785892,430.722,524.894,1
628,10.477133,17,0.833919,619.360,314.361,1
628,10.477133,31,0.083521,57.532,679.960,1
628,10.477133,32,0.060136,94.476,672.824,1
629,10.493817,2,0.665767,577.398,24.809,1
629,10.493817,1,0.810853,429.359,520.345,1
629,10.493817,17,0.331637,619.511,313.571,1
629,10.493817,31,0.071241,57.534,679.972,1
629,10.493817,32,0.051612,94.477,672.822,1
630,10.510500,2,0.666404,577.064,25.100,1
630,10.510500,1,0.811664,428.536,517.511,1
630,10.510500,17,0.331814,619.719,313.071,1
630,10.510500,31,0.071670,57.534,679.977,1
630,10.510500,32,0.051239,94.477,672.824,1
631,10.527183,2,0.639391,576.437,25.626,1
631,10.527183,1,0.690697,427.341,512.060,1
631,10.527183,17,0.237987,618.832,312.270,1
631,10.527183,31,0.064024,57.536,679.981,1
631,10.527183,32,0.051239,94.478,672.820,0
632,10.543867,2,0.638226,576.054,25.979,1
632,10.543867,1,0.684778,426.647,508.670,1
632,10.543867,17,0.220532,618.259,311.745,1
632,10.543867,31,0.065243,57.548,679.967,1
632,10.543867,32,0.051239,94.479,672.816,0
633,10.560550,2,0.749727,575.408,26.720,1
633,10.560550,1,0.766591,425.626,502.252,1
633,10.560550,17,0.328204,617.503,311.444,1
633,10.560550,31,0.067092,57.547,679.946,1
633,10.560550,32,0.050712,94.473,672.802,1
634,10.577233,2,0.752896,575.020,27.201,1
634,10.577233,1,0.772311,425.046,498.269,1
634,10.577233,17,0.346653,617.038,311.320,1
634,10.577233,31,0.065065,57.533,679.916,1
634,10.577233,32,0.050712,94.472,672.795,0
635,10.593917,2,0.788597,574.439,28.272,1
635,10.593917,1,0.813316,423.819,491.361,1
635,10.593917,17,0.310684,616.429,311.387,1
635,10.593917,31,0.059758,57.511,679.884,1
635,10.593917,32,0.050712,94.472,672.788,0
636,10.610600,2,0.790905,574.054,28.961,1
636,10.610600,1,0.806722,423.087,487.128,1
636,10.610600,17,0.311396,616.082,311.504,1
636,10.610600,31,0.059859,57.492,679.863,1
636,10.610600,32,0.050712,94.471,672.781,0
637,10.627283,2,0.764929,573.525,30.768,1
637,10.627283,1,0.723980,421.916,479.181,1
637,10.627283,17,0.365666,615.495,311.916,1
637,10.627283,31,0.058748,57.478,679.848,1
637,10.627283,32,0.050712,94.470,672.774,0
638,10.643967,2,0.766349,573.212,31.947,1
638,10.643967,1,0.709354,421.216,474.292,1
638,10.643967,17,0.347110,615.158,312.238,1
638,10.643967,31,0.055999,57.472,679.841,1
639,10.660650,2,0.761832,572.480,34.199,1
639,10.660650,1,0.390780,420.062,465.466,1
639,10.660650,17,0.259499,614.868,313.015,1
639,10.660650,31,0.055999,57.462,679.827,0
640,10.677333,2,0.748640,572.005,35.638,1
640,10.677333,1,0.400167,419.356,460.056,1
640,10.677333,17,0.259884,614.733,313.552,1
640,10.677333,31,0.055999,57.452,679.813,0
641,10.694017,2,0.830305,571.442,38.224,1
641,10.694017,1,0.747101,418.600,450.377,1
641,10.694017,17,0.540876,614.442,314.728,1
641,10.694017,31,0.070524,57.460,679.786,1
642,10.710700,2,0.798081,571.116,39.849,1
642,10.710700,1,0.743754,418.216,444.475,1
642,10.710700,17,0.540062,614.285,315.495,1
642,10.710700,31,0.073122,57.474,679.765,1
643,10.727383,2,0.862620,570.621,42.791,1
643,10.727383,1,0.793351,417.882,434.280,1
643,10.727383,17,0.638504,614.043,317.015,1
643,10.727383,31,0.074797,57.487,679.763,1
643,10.727383,33,0.058859,94.486,672.837,1
644,10.744067,2,0.859793,570.241,44.619,1
644,10.744067,1,0.796280,417.755,428.111,1
644,10.744067,17,0.643503,613.920,317.995,1
644,10.744067,31,0.080186,57.518,679.755,1
644,10.744067,33,0.060703,94.485,672.841,1
645,10.760750,2,0.857933,569.706,47.986,1
645,10.760750,1,0.811489,417.541,417.654,1
645,10.760750,17,0.643886,613.626,319.741,1
645,10.760750,31,0.078821,57.551,679.742,1
645,10.760750,33,0.061697,94.487,672.839,1
646,10.777433,2,0.857928,569.400,50.074,1
646,10.777433,1,0.809874,417.462,411.373,1
646,10.777433,17,0.644394,613.456,320.842,1
646,10.777433,31,0.078529,57.584,679.730,1
646,10.777433,33,0.062855,94.490,672.840,1
647,10.794117,2,0.795593,568.937,53.897,1
647,10.794117,1,0.723426,417.640,400.893,1
647,10.794117,17,0.486966,613.181,322.901,1
647,10.794117,31,0.078906,57.627,679.743,1
647,10.794117,33,0.064075,94.493,672.841,1
648,10.810800,2,0.785026,568.626,56.248,1
648,10.810800,1,0.705376,417.806,394.645,1
648,10.810800,17,0.455290,613.016,324.183,1
648,10.810800,31,0.073831,57.670,679.747,1
648,10.810800,33,0.061233,94.498,672.839,1
649,10.827483,2,0.823993,568.007,60.375,1
649,10.827483,1,0.808106,417.985,384.215,1
649,10.827483,17,0.610467,612.828,326.472,1
649,10.827483,31,0.092946,57.693,679.755,1
649,10.827483,33,0.072475,94.498,672.841,1
650,10.844167,2,0.819454,567.699,62.905,1
650,10.844167,1,0.800722,418.125,378.067,1
650,10.844167,17,0.602558,612.737,327.891,1
650,10.844167,31,0.089396,57.705,679.760,1
650,10.844167,33,0.070616,94.498,672.840,1
651,10.860850,2,0.843427,566.971,67.136,1
651,10.860850,1,0.730120,418.200,368.297,1
651,10.860850,17,0.453190,612.481,330.512,1
651,10.860850,31,0.067176,57.726,679.779,1
651,10.860850,33,0.061925,94.500,672.837,1
652,10.877533,2,0.844342,566.524,69.686,1
652,10.877533,1,0.726047,418.249,362.594,1
652,10.877533,17,0.464432,612.360,332.120,1
652,10.877533,31,0.078321,57.736,679.778,1
652,10.877533,33,0.066500,94.500,672.842,1
653,10.894217,2,0.691237,566.090,74.388,1
653,10.894217,1,0.604820,418.603,353.546,1
653,10.894217,17,0.242505,612.243,334.983,1
653,10.894217,31,0.057860,57.740,679.777,1
653,10.894217,33,0.050612,94.500,672.849,1
654,10.910900,2,0.694955,565.781,77.244,1
654,10.910900,1,0.616523,418.846,348.297,1
654,10.910900,17,0.248857,612.190,336.732,1
654,10.910900,31,0.062367,57.740,679.774,1
654,10.910900,33,0.052390,94.498,672.860,1
655,10.927583,2,0.784757,565.300,82.244,1
655,10.927583,1,0.591871,418.876,339.725,1
655,10.927583,17,0.321584,611.860,339.736,1
655,10.927583,31,0.054342,57.740,679.780,1
655,10.927583,33,0.052390,94.498,672.864,0
656,10.944267,2,0.795084,565.020,85.237,1
656,10.944267,1,0.610468,418.880,334.775,1
656,10.944267,17,0.337052,611.642,341.548,1
656,10.944267,31,0.057359,57.744,679.787,1
656,10.944267,33,0.052390,94.498,672.869,0
657,10.960950,2,0.867170,564.442,90.727,1
657,10.960950,1,0.692382,418.885,326.347,1
657,10.960950,17,0.364028,611.373,344.955,1
657,10.960950,31,0.057670,57.746,679.785,1
657,10.960950,33,0.052390,94.498,672.873,0
658,10.977633,2,0.864929,564.108,94.077,1
658,10.977633,1,0.681782,418.879,321.439,1
658,10.977633,17,0.334305,611.214,347.039,1
658,10.977633,31,0.055667,57.745,679.782,1
658,10.977633,33,0.052390,94.498,672.878,0
659,10.994317,2,0.892270,563.580,100.125,1
659,10.994317,1,0.816837,418.862,312.630,1
659,10.994317,17,0.432587,610.919,350.498,1
659,10.994317,31,0.054551,57.739,679.802,1
659,10.994317,33,0.052390,94.498,672.883,0
660,11.011000,2,0.893794,563.289,103.820,1
660,11.011000,1,0.822701,418.849,307.422,1
660,11.011000,17,0.441196,610.741,352.582,1
660,11.011000,31,0.054828,57.703,679.791,1
661,11.027683,2,0.909978,562.690,110.048,1
661,11.027683,1,0.870204,418.873,298.981,1
661,11.027683,17,0.444806,610.622,356.575,1
661,11.027683,31,0.060805,57.627,679.779,1
662,11.044367,2,0.908519,562.330,113.790,1
662,11.044367,1,0.871363,418.886,294.036,1
662,11.044367,17,0.446526,610.570,359.014,1
662,11.044367,31,0.056643,57.588,679.771,1
663,11.061050,2,0.904999,561.789,120.565,1
663,11.061050,1,0.859452,418.921,285.885,1
663,11.061050,17,0.311786,610.298,363.297,1
663,11.061050,31,0.052816,57.553,679.773,1
664,11.077733,2,0.903775,561.473,124.677,1
664,11.077733,1,0.859087,418.940,281.125,1
664,11.077733,17,0.310805,610.129,365.898,1
664,11.077733,31,0.062582,57.552,679.775,1
665,11.094417,2,0.916959,561.070,131.542,1
665,11.094417,1,0.819637,418.995,273.344,1
665,11.094417,17,0.318490,609.817,370.411,1
665,11.094417,31,0.074427,57.553,679.774,1
666,11.111100,2,0.916990,560.839,135.662,1
666,11.111100,1,0.820520,419.023,268.813,1
666,11.111100,17,0.320234,609.624,373.138,1
666,11.111100,31,0.066734,57.558,679.751,1
667,11.127783,2,0.874356,560.339,142.910,1
667,11.127783,1,0.837577,419.016,261.339,1
667,11.127783,17,0.394783,609.409,377.945,1
667,11.127783,31,0.066734,57.547,679.745,0
668,11.144467,2,0.876758,560.031,147.268,1
668,11.144467,1,0.847899,419.007,256.989,1
668,11.144467,17,0.415138,609.289,380.855,1
668,11.144467,31,0.053751,57.563,679.725,1
669,11.161150,2,0.798223,559.419,154.807,1
669,11.161150,1,0.838203,419.023,249.587,1
669,11.161150,17,0.351624,609.024,385.929,1
669,11.161150,31,0.053751,57.560,679.714,0
670,11.177833,2,0.777170,559.029,159.337,1
670,11.177833,1,0.836480,419.031,245.250,1
670,11.177833,17,0.339831,608.867,388.985,1
670,11.177833,31,0.053751,57.556,679.704,0
671,11.194517,2,0.698871,558.502,167.470,1
671,11.194517,1,0.836181,419.096,238.239,1
671,11.194517,17,0.233129,608.713,394.308,1
671,11.194517,31,0.053751,57.552,679.694,0
672,11.211200,2,0.712207,558.192,172.381,1
672,11.211200,1,0.840657,419.138,234.161,1
672,11.211200,17,0.246902,608.634,397.512,1
672,11.211200,31,0.053751,57.549,679.684,0
673,11.227883,2,0.796929,557.675,180.996,1
673,11.227883,1,0.877325,419.266,227.519,1
673,11.227883,17,0.335589,608.486,403.045,1
673,11.227883,31,0.053751,57.545,679.673,0
674,11.244567,2,0.775331,557.369,186.194,1
674,11.244567,1,0.870844,419.332,223.667,1
674,11.244567,17,0.336284,608.408,406.363,1
675,11.261250,2,0.738718,556.775,194.757,1
675,11.261250,1,0.885675,419.460,217.417,1
675,11.261250,17,0.366002,608.522,412.539,1
676,11.277933,2,0.750587,556.416,199.864,1
676,11.277933,1,0.888162,419.547,213.795,1
676,11.277933,17,0.378798,608.620,416.285,1
677,11.294617,2,0.757796,555.935,208.926,1
677,11.294617,1,0.868160,419.645,207.690,1
677,11.294617,17,0.443569,608.356,422.498,1
678,11.311300,2,0.771651,555.665,214.355,1
678,11.311300,1,0.873161,419.696,204.133,1
678,11.311300,17,0.453812,608.173,426.220,1
679,11.327983,2,0.748950,555.166,224.083,1
679,11.327983,1,0.871054,419.836,198.266,1
679,11.327983,17,0.517811,607.803,432.940,1
680,11.344667,2,0.753904,554.873,229.935,1
680,11.344667,1,0.870431,419.940,194.858,1
680,11.344667,17,0.518119,607.556,436.971,1
681,11.361350,2,0.520213,554.272,239.944,1
681,11.361350,1,0.857111,420.068,189.607,1
681,11.361350,17,0.487750,607.234,443.927,1
682,11.378033,2,0.491060,553.922,245.951,1
682,11.378033,1,0.851545,420.201,186.588,1
682,11.378033,17,0.503602,607.037,448.105,1
683,11.394717,2,0.584808,553.488,256.474,1
683,11.394717,1,0.806029,420.225,181.717,1
683,11.394717,17,0.591439,606.677,455.294,1
684,11.411400,2,0.587385,553.239,262.792,1
684,11.411400,1,0.806950,420.226,178.946,1
684,11.411400,17,0.594853,606.463,459.617,1
685,11.428083,2,0.337216,552.626,273.355,1
685,11.428083,1,0.846900,420.172,174.307,1
685,11.428083,17,0.564633,606.087,466.927,1
686,11.444767,2,0.338843,552.250,279.653,1
686,11.444767,1,0.846459,420.125,171.636,1
686,11.444767,17,0.563742,605.859,471.292,1
687,11.461450,2,0.712419,551.792,291.078,1
687,11.461450,1,0.805514,420.140,167.452,1
687,11.461450,17,0.545729,605.580,478.588,1
688,11.478133,2,0.708905,551.517,297.948,1
688,11.478133,1,0.807290,420.150,165.072,1
688,11.478133,17,0.554734,605.424,482.919,1
689,11.494817,2,0.695327,550.983,309.493,1
689,11.494817,1,0.796775,420.200,160.862,1
689,11.494817,17,0.723459,604.985,490.557,1
690,11.511500,2,0.699479,550.670,316.376,1
690,11.511500,1,0.801373,420.233,158.416,1
690,11.511500,17,0.725282,604.710,495.113,1
691,11.528183,2,0.797233,550.100,327.620,1
691,11.528183,1,0.892685,420.255,154.528,1
691,11.528183,17,0.841231,604.533,503.254,1
691,11.528183,34,0.068340,94.514,672.513,1
692,11.544867,2,0.795660,549.757,334.263,1
692,11.544867,1,0.891364,420.265,152.296,1
692,11.544867,17,0.838868,604.454,508.138,1
692,11.544867,34,0.070286,94.514,672.506,1
693,11.561550,2,0.887419,549.254,346.077,1
693,11.561550,1,0.873162,420.506,148.617,1
693,11.561550,17,0.879290,604.166,516.370,1
693,11.561550,34,0.064831,94.518,672.496,1
693,11.561550,35,0.052659,57.701,680.068,1
694,11.578233,2,0.882567,548.962,353.118,1
694,11.578233,1,0.872213,420.667,146.500,1
694,11.578233,17,0.876809,603.995,521.276,1
694,11.578233,34,0.061715,94.521,672.494,1
694,11.578233,35,0.052659,57.703,680.067,0
695,11.594917,2,0.881540,548.380,365.798,1
695,11.594917,1,0.888571,420.787,143.238,1
695,11.594917,17,0.747862,603.683,529.813,1
695,11.594917,34,0.062721,94.529,672.507,1
695,11.594917,35,0.054389,57.688,680.102,1
696,11.611600,2,0.881038,548.028,373.417,1
696,11.611600,1,0.886972,420.906,141.376,1
696,11.611600,17,0.746426,603.495,534.914,1
696,11.611600,34,0.062950,94.532,672.520,1
696,11.611600,35,0.054494,57.675,680.130,1
697,11.628283,2,0.787759,548.666,383.400,1
697,11.628283,1,0.856191,421.029,138.603,1
697,11.628283,17,0.515857,603.168,543.831,1
697,11.628283,34,0.071801,94.533,672.526,1
697,11.628283,35,0.063731,57.666,680.152,1
698,11.644967,2,0.792103,549.175,389.066,1
698,11.644967,1,0.858335,421.093,137.061,1
698,11.644967,17,0.520098,602.973,549.170,1
698,11.644967,34,0.072127,94.534,672.529,1
698,11.644967,35,0.064726,57.660,680.166,1
699,11.661650,2,0.767302,550.255,396.878,1
699,11.661650,1,0.893621,421.195,134.641,1
699,11.661650,17,0.526778,602.567,558.122,1
699,11.661650,34,0.056305,94.532,672.532,1
699,11.661650,35,0.064726,57.652,680.183,0
700,11.678333,2,0.772629,551.009,401.130,1
700,11.678333,1,0.893550,421.253,133.297,1
700,11.678333,17,0.530496,602.317,563.450,1
700,11.678333,34,0.058246,94.533,672.521,1
700,11.678333,35,0.064726,57.645,680.200,0
701,11.695017,2,0.752400,552.200,408.467,1
701,11.695017,1,0.891412,421.594,130.785,1
701,11.695017,17,0.543529,602.072,571.767,1
701,11.695017,34,0.075671,94.532,672.483,1
701,11.695017,35,0.062370,57.645,680.203,1
702,11.711700,2,0.734968,552.978,412.565,1
702,11.711700,1,0.889857,421.762,129.338,1
702,11.711700,17,0.528911,601.941,576.627,1
702,11.711700,34,0.069181,94.542,672.455,1
702,11.711700,35,0.058330,57.645,680.208,1
703,11.728383,2,0.800498,554.064,419.719,1
703,11.728383,1,0.856695,421.945,127.322,1
703,11.728383,17,0.497967,601.109,580.483,1
703,11.728383,34,0.070737,94.549,672.414,1
703,11.728383,35,0.060678,57.648,680.213,1
704,11.745067,2,0.787569,554.729,423.808,1
704,11.745067,1,0.843501,422.065,126.154,1
704,11.745067,17,0.483538,600.555,582.232,1
704,11.745067,34,0.064881,94.553,672.405,1
704,11.745067,35,0.056915,57.655,680.228,1
705,11.761750,2,0.778971,555.501,431.343,1
705,11.761750,1,0.842628,422.162,124.583,1
705,11.761750,17,0.422528,599.391,583.645,1
705,11.761750,34,0.074294,94.547,672.421,1
705,11.761750,35,0.072416,57.658,680.244,1
706,11.778433,2,0.779002,555.931,435.774,1
706,11.778433,1,0.841318,422.296,123.745,1
706,11.778433,17,0.430729,598.636,583.941,1
706,11.778433,34,0.071361,94.544,672.432,1
706,11.778433,35,0.071270,57.658,680.249,1
707,11.795117,2,0.581102,557.114,443.585,1
707,11.795117,1,0.742708,422.466,122.539,1
707,11.795117,17,0.330916,597.127,584.580,1
707,11.795117,34,0.058973,94.541,672.449,1
707,11.795117,35,0.054480,57.662,680.247,1
707,11.795117,36,0.063913,555.859,452.667,1
708,11.811800,2,0.611543,557.847,448.205,1
708,11.811800,1,0.768927,422.581,121.914,1
708,11.811800,17,0.341119,596.161,584.611,1
708,11.811800,34,0.072628,94.545,672.461,1
708,11.811800,35,0.068734,57.678,680.223,1
708,11.811800,36,0.061090,556.138,456.155,1
709,11.828483,2,0.611543,558.633,454.110,0
709,11.828483,1,0.798828,422.791,120.980,1
709,11.828483,17,0.508811,594.164,585.509,1
709,11.828483,34,0.086930,94.549,672.484,1
709,11.828483,35,0.088497,57.689,680.224,1
709,11.828483,36,0.787748,558.986,458.739,1
710,11.845167,2,0.783255,560.244,459.501,1
710,11.845167,1,0.797020,422.983,120.492,1
710,11.845167,17,0.504888,592.889,585.890,1
710,11.845167,34,0.084688,94.554,672.509,1
710,11.845167,35,0.084475,57.699,680.250,1
710,11.845167,36,0.787748,560.066,461.146,0
711,11.861850,2,0.837375,562.815,467.866,1
711,11.861850,1,0.795325,423.219,119.716,1
711,11.861850,17,0.640306,591.190,587.762,1
711,11.861850,34,0.097648,94.570,672.459,1
711,11.861850,35,0.100834,57.703,680.292,1
711,11.861850,36,0.787748,561.145,463.554,0
712,11.878533,2,0.835774,564.475,472.912,1
712,11.878533,1,0.808431,423.450,119.297,1
712,11.878533,17,0.647256,590.176,588.902,1
712,11.878533,34,0.099310,94.583,672.436,1
712,11.878533,35,0.107274,57.705,680.309,1
712,11.878533,36,0.787748,562.225,465.961,0
713,11.895217,2,0.863972,567.413,480.751,1
713,11.895217,1,0.837139,423.657,119.131,1
713,11.895217,17,0.621832,588.386,591.557,1
713,11.895217,34,0.105285,94.593,672.427,1
713,11.895217,35,0.121192,57.712,680.318,1
713,11.895217,36,0.787748,563.305,468.368,0
714,11.911900,2,0.865144,569.262,485.363,1
714,11.911900,1,0.833351,423.808,119.122,1
714,11.911900,17,0.611835,587.308,593.230,1
714,11.911900,34,0.106145,94.598,672.413,1
714,11.911900,35,0.119292,57.721,680.317,1
714,11.911900,36,0.787748,564.385,470.776,0
715,11.928583,2,0.866252,572.041,492.337,1
715,11.928583,1,0.790178,423.920,119.191,1
715,11.928583,17,0.426716,585.677,596.479,1
715,11.928583,34,0.089250,94.599,672.410,1
715,11.928583,35,0.088558,57.735,680.288,1
716,11.945267,2,0.867172,573.720,496.355,1
716,11.945267,1,0.784440,424.086,119.326,1
716,11.945267,17,0.422488,584.721,598.513,1
716,11.945267,34,0.098321,94.594,672.424,1
716,11.945267,35,0.104484,57.730,680.198,1
717,11.961950,2,0.802491,576.322,503.535,1
717,11.961950,1,0.756965,424.366,119.632,1
717,11.961950,17,0.149614,583.122,602.119,1
717,11.961950,34,0.092341,94.581,672.445,1
717,11.961950,35,0.099043,57.710,680.137,1
718,11.978633,2,0.800454,577.867,507.738,1
718,11.978633,1,0.735111,424.569,119.878,1
718,11.978633,17,0.145835,582.181,604.344,1
718,11.978633,34,0.091191,94.573,672.449,1
718,11.978633,35,0.101626,57.666,680.099,1
719,11.995317,2,0.845097,580.224,514.515,1
719,11.995317,1,0.654135,424.857,120.614,1
719,11.995317,17,0.262624,580.840,608.608,1
719,11.995317,34,0.079747,94.584,672.421,1
719,11.995317,35,0.088998,57.620,680.074,1
720,12.012000,2,0.846294,581.587,518.456,1
720,12.012000,1,0.659262,425.026,121.132,1
720,12.012000,17,0.259635,580.076,611.212,1
720,12.012000,34,0.073607,94.554,672.420,1
720,12.012000,35,0.083711,57.578,680.057,1
721,12.028683,2,0.830374,583.931,524.433,1
721,12.028683,1,0.589002,425.150,122.254,1
721,12.028683,17,0.132483,578.599,615.316,1
721,12.028683,34,0.071583,94.519,672.424,1
721,12.028683,35,0.075572,57.532,680.044,1
722,12.045367,2,0.827206,585.302,527.858,1
722,12.045367,1,0.572760,425.261,123.002,1
722,12.045367,17,0.122873,577.732,617.790,1
722,12.045367,34,0.079745,94.471,672.436,1
722,12.045367,35,0.085127,57.489,680.045,1
723,12.062050,2,0.839281,587.478,534.281,1
723,12.062050,1,0.727291,425.483,124.260,1
723,12.062050,17,0.228731,576.083,622.124,1
723,12.062050,34,0.072188,94.433,672.451,1
723,12.062050,35,0.085887,57.418,680.011,1
724,12.078733,2,0.840290,588.736,538.068,1
724,12.078733,1,0.761881,425.648,125.052,1
724,12.078733,17,0.234419,575.095,624.753,1
724,12.078733,34,0.077414,94.411,672.460,1
724,12.078733,35,0.094248,57.369,679.991,1
725,12.095417,2,0.900050,590.941,543.900,1
725,12.095417,1,0.814564,425.865,126.532,1
725,12.095417,17,0.304510,573.645,629.538,1
725,12.095417,34,0.083930,94.398,672.466,1
725,12.095417,35,0.109620,57.340,679.984,1
726,12.112100,2,0.902059,592.231,547.266,1
726,12.112100,1,0.818510,426.003,127.483,1
726,12.112100,17,0.327299,572.797,632.438,1
726,12.112100,34,0.081635,94.392,672.467,1
726,12.112100,35,0.104823,57.331,679.970,1
727,12.128783,2,0.775299,594.697,552.118,1
727,12.128783,1,0.804549,426.297,129.477,1
727,12.128783,17,0.332417,571.219,636.906,1
727,12.128783,34,0.063535,94.394,672.454,1
727,12.128783,35,0.074143,57.323,679.953,1
728,12.145467,2,0.784733,596.182,554.855,1
728,12.145467,1,0.810205,426.441,130.752,1
728,12.145467,17,0.335862,570.277,639.541,1
728,12.145467,34,0.059631,94.400,672.446,1
728,12.145467,35,0.067434,57.328,679.937,1
729,12.162150,2,0.861909,598.577,560.411,1
729,12.162150,1,0.831626,426.567,133.149,1
729,12.162150,17,0.597372,568.166,643.556,1
729,12.162150,34,0.061167,94.409,672.436,1
729,12.162150,35,0.070149,57.332,679.931,1
730,12.178833,2,0.860226,600.023,563.699,1
730,12.178833,1,0.827283,426.628,134.681,1
730,12.178833,17,0.591513,566.854,645.871,1
730,12.178833,34,0.061291,94.420,672.430,1
730,12.178833,35,0.069685,57.335,679.921,1
731,12.195517,2,0.887675,602.519,568.167,1
731,12.195517,1,0.745698,426.924,137.406,1
731,12.195517,17,0.275581,564.355,650.188,1
731,12.195517,34,0.057603,94.438,672.425,1
731,12.195517,35,0.057872,57.345,679.907,1
732,12.212200,2,0.887821,604.001,570.675,1
732,12.212200,1,0.753379,427.111,139.089,1
732,12.212200,17,0.283479,562.808,652.747,1
732,12.212200,34,0.056966,94.435,672.426,1
732,12.212200,35,0.056414,57.364,679.891,1
733,12.228883,2,0.750821,606.310,574.851,1
733,12.228883,1,0.724119,427.415,142.048,1
733,12.228883,17,0.287778,560.218,656.138,1
733,12.228883,34,0.053293,94.415,672.416,1
733,12.228883,35,0.055994,57.366,679.860,1
734,12.245567,2,0.750538,607.659,577.221,1
734,12.245567,1,0.726029,427.612,143.849,1
734,12.245567,17,0.288319,558.639,658.040,1
734,12.245567,34,0.050268,94.395,672.428,1
734,12.245567,35,0.050944,57.380,679.833,1
735,12.262250,2,0.797176,609.446,580.302,1
735,12.262250,1,0.694230,428.142,147.069,1
735,12.262250,17,0.231308,556.036,660.656,1
735,12.262250,34,0.050268,94.387,672.428,0
735,12.262250,35,0.054232,57.382,679.794,1
736,12.278933,2,0.798264,610.440,581.943,1
736,12.278933,1,0.713801,428.463,149.118,1
736,12.278933,17,0.254667,554.463,662.027,1
736,12.278933,34,0.053647,94.396,672.378,1
736,12.278933,35,0.060752,57.403,679.762,1
737,12.295617,2,0.845929,612.142,585.091,1
737,12.295617,1,0.781746,428.828,152.731,1
737,12.295617,17,0.277709,552.205,663.872,1
737,12.295617,34,0.070131,94.429,672.340,1
737,12.295617,35,0.085791,57.434,679.736,1
738,12.312300,2,0.847102,613.104,586.873,1
738,12.312300,1,0.789305,428.981,154.942,1
738,12.312300,17,0.291653,550.893,664.806,1
738,12.312300,34,0.068979,94.490,672.312,1
738,12.312300,35,0.085344,57.469,679.732,1
739,12.328983,2,0.845478,614.745,588.868,1
739,12.328983,1,0.821553,429.408,158.964,1
739,12.328983,17,0.478917,548.663,665.701,1
739,12.328983,34,0.074403,94.573,672.347,1
739,12.328983,35,0.089972,57.503,679.739,1
740,12.345667,2,0.840542,615.688,589.889,1
740,12.345667,1,0.816872,429.669,161.412,1
740,12.345667,17,0.475066,547.363,666.042,1
740,12.345667,34,0.069731,94.629,672.372,1
740,12.345667,35,0.084295,57.526,679.750,1
741,12.362350,2,0.802015,617.224,591.090,1
741,12.362350,1,0.877625,429.897,165.795,1
741,12.362350,17,0.364912,545.422,665.659,1
741,12.362350,34,0.084495,94.665,672.392,1
741,12.362350,35,0.114935,57.538,679.764,1
742,12.379033,2,0.801542,618.105,591.583,1
742,12.379033,1,0.879679,430.017,168.473,1
742,12.379033,17,0.371213,544.329,665.200,1
742,12.379033,34,0.084100,94.685,672.407,1
742,12.379033,35,0.115875,57.548,679.772,1
743,12.395717,2,0.784871,619.382,592.112,1
743,12.395717,1,0.892111,430.332,173.151,1
743,12.395717,17,0.350609,542.520,663.766,1
743,12.395717,34,0.073896,94.694,672.417,1
743,12.395717,35,0.097692,57.541,679.780,1
744,12.412400,2,0.787382,620.091,592.266,1
744,12.412400,1,0.890971,430.505,175.988,1
744,12.412400,17,0.361877,541.481,662.680,1
744,12.412400,34,0.068167,94.702,672.384,1
744,12.412400,35,0.089819,57.524,679.800,1
745,12.429083,2,0.857073,621.175,591.549,1
745,12.429083,1,0.891670,430.735,181.121,1
745,12.429083,17,0.347174,539.698,660.303,1
745,12.429083,34,0.077734,94.699,672.361,1
745,12.429083,35,0.108137,57.505,679.834,1
746,12.445767,2,0.858967,621.774,590.904,1
746,12.445767,1,0.892905,430.862,184.233,1
746,12.445767,17,0.352861,538.661,658.672,1
746,12.445767,34,0.079143,94.693,672.349,1
746,12.445767,35,0.111120,57.486,679.871,1
747,12.462450,2,0.861036,623.068,589.302,1
747,12.462450,1,0.867824,431.175,189.524,1
747,12.462450,17,0.503260,537.184,654.941,1
747,12.462450,34,0.076134,94.687,672.343,1
747,12.462450,35,0.109830,57.474,679.908,1
748,12.479133,2,0.858881,623.835,588.142,1
748,12.479133,1,0.865355,431.362,192.704,1
748,12.479133,17,0.499517,536.351,652.462,1
748,12.479133,34,0.077582,94.682,672.343,1
748,12.479133,35,0.111605,57.468,679.934,1
749,12.495817,2,0.866743,624.943,585.872,1
749,12.495817,1,0.871816,431.749,198.292,1
749,12.495817,17,0.411005,535.055,647.721,1
749,12.495817,34,0.063493,94.678,672.341,1
749,12.495817,35,0.091642,57.465,679.944,1
750,12.512500,2,0.859402,625.572,584.288,1
750,12.512500,1,0.887514,431.958,201.585,1
750,12.512500,17,0.379858,534.291,644.693,1
750,12.512500,34,0.079759,94.637,672.533,1
750,12.512500,35,0.087696,57.584,679.879,1
751,12.529183,2,0.809192,626.337,580.547,1
751,12.529183,1,0.896533,432.378,207.696,1
751,12.529183,17,0.336003,532.938,638.461,1
751,12.529183,34,0.068942,94.610,672.675,1
751,12.529183,35,0.070477,57.670,679.823,1
752,12.545867,2,0.824880,626.740,578.082,1
752,12.545867,1,0.903349,432.629,211.406,1
752,12.545867,17,0.358401,532.156,634.510,1
752,12.545867,34,0.069958,94.594,672.767,1
752,12.545867,35,0.071830,57.726,679.785,1
753,12.562550,2,0.829005,627.224,574.151,1
753,12.562550,1,0.900514,433.110,217.873,1
753,12.562550,17,0.436536,531.182,627.909,1
753,12.562550,34,0.065300,94.583,672.821,1
753,12.562550,35,0.066699,57.763,679.754,1
754,12.579233,2,0.829668,627.453,571.667,1
754,12.579233,1,0.901870,433.396,221.760,1
754,12.579233,17,0.432183,530.661,623.828,1
754,12.579233,34,0.062867,94.583,672.796,1
754,12.579233,35,0.062251,57.782,679.729,1
755,12.595917,2,0.848423,627.846,566.827,1
755,12.595917,1,0.899639,433.965,228.604,1
755,12.595917,17,0.396306,529.697,615.673,1
755,12.595917,34,0.062023,94.585,672.764,1
755,12.595917,35,0.063110,57.790,679.715,1
756,12.612600,2,0.845739,628.041,563.794,1
756,12.612600,1,0.902860,434.305,232.738,1
756,12.612600,17,0.406056,529.155,610.578,1
756,12.612600,34,0.060883,94.588,672.730,1
756,12.612600,35,0.060145,57.793,679.710,1
757,12.629283,2,0.559579,628.122,557.208,1
757,12.629283,1,0.849838,434.706,239.636,1
757,12.629283,17,0.436557,528.275,601.389,1
757,12.629283,34,0.060883,94.583,672.739,0
757,12.629283,35,0.060145,57.816,679.693,0
758,12.645967,2,0.545803,628.106,553.104,1
758,12.645967,1,0.838995,434.923,243.770,1
758,12.645967,17,0.429349,527.783,595.687,1
758,12.645967,34,0.051410,94.592,672.713,1
758,12.645967,35,0.060145,57.838,679.675,0
759,12.662650,2,0.707494,628.004,546.953,1
759,12.662650,1,0.870176,435.403,251.039,1
759,12.662650,17,0.796043,526.757,584.746,1
759,12.662650,34,0.066143,94.600,672.680,1
759,12.662650,35,0.067359,57.823,679.709,1
760,12.679333,2,0.700421,627.909,543.253,1
760,12.679333,1,0.864772,435.688,255.350,1
760,12.679333,17,0.782901,526.135,577.940,1
760,12.679333,34,0.065203,94.608,672.656,1
760,12.679333,35,0.065840,57.807,679.730,1
761,12.696017,2,0.538560,627.428,536.325,1
761,12.696017,1,0.839404,436.065,262.815,1
761,12.696017,17,0.787482,525.233,569.144,1
761,12.696017,34,0.069068,94.612,672.631,1
761,12.696017,35,0.065409,57.796,679.748,1
762,12.712700,2,0.631484,627.081,532.109,1
762,12.712700,1,0.840432,436.278,267.244,1
762,12.712700,17,0.133946,524.829,561.476,1
762,12.712700,34,0.072214,94.619,672.617,1
762,12.712700,35,0.067636,57.793,679.752,1
763,12.729383,2,0.891977,625.596,524.703,1
763,12.729383,1,0.896979,436.611,275.376,1
763,12.729383,17,0.821948,524.236,550.977,1
763,12.729383,34,0.092718,94.621,672.603,1
763,12.729383,35,0.128119,57.769,679.664,1
763,12.729383,37,0.197903,524.647,552.717,1
764,12.746067,2,0.890122,624.570,520.250,1
764,12.746067,1,0.893243,436.803,280.291,1
764,12.746067,17,0.198323,523.822,541.916,1
764,12.746067,34,0.089538,94.618,672.589,1
764,12.746067,35,0.124546,57.764,679.579,1
764,12.746067,37,0.819416,524.397,548.349,1
765,12.762750,2,0.665024,622.762,512.672,1
765,12.762750,1,0.794499,437.202,288.613,1
765,12.762750,17,0.720141,524.034,529.733,1
765,12.762750,34,0.059340,94.618,672.570,1
765,12.762750,35,0.067605,57.767,679.512,1
765,12.762750,37,0.819416,524.210,544.606,0
766,12.779433,2,0.659702,621.583,508.157,1
766,12.779433,1,0.798601,437.447,293.601,1
766,12.779433,17,0.711411,524.245,522.472,1
766,12.779433,34,0.058898,94.616,672.558,1
766,12.779433,35,0.066945,57.763,679.478,1
766,12.779433,37,0.819416,524.023,540.863,0
767,12.796117,2,0.726513,619.814,500.400,1
767,12.796117,1,0.825841,437.863,302.410,1
767,12.796117,17,0.733667,525.046,509.439,1
767,12.796117,34,0.058898,94.616,672.543,0
767,12.796117,35,0.058620,57.767,679.333,1
767,12.796117,37,0.819416,523.836,537.121,0
768,12.812800,2,0.718388,618.721,495.757,1
768,12.812800,1,0.823272,438.111,307.708,1
768,12.812800,17,0.731622,525.661,501.678,1
768,12.812800,34,0.058898,94.616,672.528,0
768,12.812800,35,0.058758,57.773,679.217,1
768,12.812800,37,0.819416,523.649,533.378,0
769,12.829483,2,0.514800,616.592,489.258,1
769,12.829483,1,0.811123,438.532,316.549,1
769,12.829483,17,0.650722,526.410,489.035,1
769,12.829483,34,0.058898,94.616,672.513,0
769,12.829483,35,0.058097,57.781,679.151,1
770,12.846167,2,0.498798,615.253,485.532,1
770,12.846167,1,0.808349,438.788,321.817,1
770,12.846167,17,0.626495,526.904,481.617,1
770,12.846167,34,0.058898,94.617,672.498,0
770,12.846167,35,0.058097,57.784,679.073,0
771,12.862850,2,0.182370,613.507,479.398,1
771,12.862850,1,0.774048,439.367,331.103,1
771,12.862850,17,0.525561,527.611,469.390,1
771,12.862850,34,0.058898,94.617,672.484,0
771,12.862850,35,0.058097,57.786,678.996,0
772,12.879533,2,0.147158,612.499,475.871,1
772,12.879533,1,0.780604,439.742,336.672,1
772,12.879533,17,0.530925,528.055,462.123,1
772,12.879533,35,0.058097,57.788,678.918,0
773,12.896217,2,0.406866,609.209,466.400,1
773,12.896217,1,0.844050,440.623,353.109,1
773,12.896217,17,0.796481,529.080,442.137,1
773,12.896217,35,0.058097,57.791,678.841,0
774,12.912900,2,0.604537,604.622,453.348,1
774,12.912900,1,0.870344,441.756,378.182,1
774,12.912900,17,0.729450,530.623,413.477,1
774,12.912900,35,0.058097,57.793,678.763,0
775,12.929583,2,0.636635,599.097,438.810,1
775,12.929583,1,0.880889,442.940,410.091,1
775,12.929583,17,0.620012,532.189,379.474,1
776,12.946267,2,0.618978,593.373,424.360,1
776,12.946267,1,0.820667,444.376,446.877,1
776,12.946267,17,0.529838,533.902,343.371,1
777,12.962950,2,0.547427,587.434,411.389,1
777,12.962950,1,0.824357,445.960,487.248,1
777,12.962950,17,0.714163,535.711,307.113,1
778,12.979633,2,0.370795,581.513,400.168,1
778,12.979633,1,0.791449,447.814,530.309,1
778,12.979633,17,0.837661,537.406,271.397,1
779,12.996317,2,0.597682,575.786,391.260,1
779,12.996317,1,0.804491,449.825,575.159,1
779,12.996317,17,0.751517,539.109,237.429,1
780,13.013000,2,0.445769,570.631,384.455,1
780,13.013000,1,0.328577,446.606,616.036,1
780,13.013000,17,0.592628,540.427,205.719,1
781,13.029683,2,0.745479,566.228,380.521,1
781,13.029683,1,0.661632,440.034,643.843,1
781,13.029683,17,0.865839,541.953,176.341,1
782,13.046367,2,0.866184,565.217,376.742,1
782,13.046367,1,0.554163,432.684,660.893,1
782,13.046367,17,0.896444,543.315,149.508,1
783,13.063050,2,0.126368,566.170,368.705,1
783,13.063050,1,0.465583,424.610,670.239,1
783,13.063050,17,0.862771,544.740,124.956,1
784,13.079733,2,0.059441,569.955,365.111,1
784,13.079733,1,0.548565,417.234,674.487,1
784,13.079733,17,0.906750,546.021,102.767,1
784,13.079733,38,0.071182,57.746,678.880,1
785,13.096417,2,0.668773,574.792,361.697,1
785,13.096417,1,0.792488,411.049,674.874,1
785,13.096417,17,0.902904,547.218,82.898,1
785,13.096417,38,0.096578,57.738,678.884,1
786,13.113100,2,0.586837,578.998,358.906,1
786,13.113100,1,0.804929,405.848,672.219,1
786,13.113100,17,0.883916,548.292,64.734,1
786,13.113100,38,0.087688,57.733,678.887,1
787,13.129783,2,0.792364,582.928,357.192,1
787,13.129783,1,0.799887,402.059,667.154,1
787,13.129783,17,0.879605,549.374,48.798,1
787,13.129783,38,0.083671,57.758,678.896,1
788,13.146467,2,0.118396,585.875,354.436,1
788,13.146467,1,0.732532,399.429,660.408,1
788,13.146467,17,0.847349,550.622,34.795,1
788,13.146467,38,0.080923,57.800,678.918,1
789,13.163150,2,0.771552,588.640,355.037,1
789,13.163150,1,0.437684,397.167,652.362,1
789,13.163150,17,0.799725,552.183,22.487,1
789,13.163150,38,0.084073,57.827,678.929,1
790,13.179833,2,0.135400,590.273,355.470,1
790,13.179833,1,0.675517,394.615,643.385,1
790,13.179833,17,0.684659,553.602,13.363,1
790,13.179833,38,0.074377,57.845,678.935,1
791,13.196517,2,0.727419,591.550,357.112,1
791,13.196517,1,0.714314,391.921,633.579,1
791,13.196517,17,0.762397,554.927,7.806,1
791,13.196517,38,0.069491,57.853,678.950,1
792,13.213200,2,0.748827,591.825,357.218,1
792,13.213200,1,0.778929,388.826,622.867,1
792,13.213200,17,0.849829,556.442,4.804,1
792,13.213200,38,0.064152,57.853,678.962,1
793,13.229883,2,0.719691,592.117,355.190,1
793,13.229883,1,0.880277,385.148,611.025,1
793,13.229883,17,0.872975,558.050,3.836,1
793,13.229883,38,0.056494,57.877,678.970,1
794,13.246567,2,0.350761,592.415,352.366,1
794,13.246567,1,0.514580,381.247,597.715,1
794,13.246567,17,0.855306,559.612,4.116,1
794,13.246567,38,0.051600,57.974,678.926,1
795,13.263250,2,0.637420,591.406,347.242,1
795,13.263250,1,0.761243,377.028,582.098,1
795,13.263250,17,0.878672,561.393,5.477,1
795,13.263250,38,0.064053,58.068,678.916,1
796,13.279933,2,0.559064,590.427,342.392,1
796,13.279933,1,0.630417,373.276,563.703,1
796,13.279933,17,0.846418,563.326,7.930,1
796,13.279933,38,0.064053,58.120,678.911,0
797,13.296617,2,0.425873,589.100,339.044,1
797,13.296617,1,0.537060,370.145,541.239,1
797,13.296617,17,0.825503,565.065,11.139,1
797,13.296617,38,0.064053,58.172,678.905,0
798,13.313300,2,0.441933,587.964,338.122,1
798,13.313300,1,0.589051,367.786,514.084,1
798,13.313300,17,0.846305,566.770,15.342,1
798,13.313300,38,0.064053,58.224,678.899,0
799,13.329983,2,0.477242,586.968,339.381,1
799,13.329983,1,0.547219,366.327,481.256,1
799,13.329983,17,0.863432,568.586,20.706,1
799,13.329983,38,0.064053,58.275,678.894,0
800,13.346667,2,0.499282,586.018,343.265,1
800,13.346667,1,0.816149,366.366,443.122,1
800,13.346667,17,0.886957,570.411,28.719,1
800,13.346667,38,0.064053,58.327,678.888,0
801,13.363350,2,0.501458,584.900,349.692,1
801,13.363350,1,0.841749,367.328,404.285,1
801,13.363350,17,0.879212,572.227,40.415,1
802,13.380033,2,0.532696,583.779,358.314,1
802,13.380033,1,0.859361,369.060,367.206,1
802,13.380033,17,0.884099,574.475,55.382,1
803,13.396717,2,0.659052,582.748,369.162,1
803,13.396717,1,0.881694,371.281,331.380,1
803,13.396717,17,0.899004,576.655,73.377,1
804,13.413400,2,0.645600,581.682,382.137,1
804,13.413400,1,0.905918,373.707,297.041,1
804,13.413400,17,0.887620,579.011,94.297,1
804,13.413400,39,0.056802,58.181,678.722,1
805,13.430083,2,0.663977,580.627,396.685,1
805,13.430083,1,0.900165,376.392,264.518,1
805,13.430083,17,0.901392,581.330,117.495,1
805,13.430083,39,0.056802,58.181,678.719,0
806,13.446767,2,0.552885,579.625,413.603,1
806,13.446767,1,0.903423,378.916,234.375,1
806,13.446767,17,0.795854,583.923,143.746,1
806,13.446767,39,0.056802,58.181,678.716,0
807,13.463450,2,0.508388,578.193,432.614,1
807,13.463450,1,0.883287,382.306,207.351,1
807,13.463450,17,0.864414,586.907,172.963,1
807,13.463450,39,0.056802,58.181,678.713,0
808,13.480133,2,0.268807,576.941,453.159,1
808,13.480133,1,0.799726,385.487,182.067,1
808,13.480133,17,0.082517,588.277,188.532,1
809,13.496817,2,0.470352,575.781,475.608,1
809,13.496817,1,0.923734,388.869,159.427,1
809,13.496817,17,0.820407,591.353,227.122,1
810,13.513500,2,0.735677,574.437,499.656,1
810,13.513500,1,0.904389,392.467,138.919,1
810,13.513500,17,0.722634,594.325,267.298,1
811,13.530183,2,0.334911,573.574,525.710,1
811,13.530183,1,0.899483,396.324,120.489,1
811,13.530183,17,0.744686,597.297,309.382,1
811,13.530183,40,0.055767,58.250,678.833,1
812,13.546867,2,0.693824,572.535,552.073,1
812,13.546867,1,0.904120,400.437,103.766,1
812,13.546867,17,0.782942,599.986,352.718,1
812,13.546867,40,0.057475,58.244,678.902,1
813,13.563550,2,0.671076,573.246,571.416,1
813,13.563550,1,0.887040,404.638,89.009,1
813,13.563550,17,0.838207,604.416,396.657,1
813,13.563550,40,0.086347,58.249,678.942,1
814,13.580233,2,0.845382,576.182,585.874,1
814,13.580233,1,0.919365,408.993,76.279,1
814,13.580233,17,0.883447,611.045,434.247,1
814,13.580233,40,0.106155,58.250,679.002,1
815,13.596917,2,0.792580,581.094,596.778,1
815,13.596917,1,0.899763,413.245,65.632,1
815,13.596917,17,0.845602,620.400,466.358,1
815,13.596917,40,0.105497,58.277,679.025,1
815,13.596917,41,0.083552,94.919,672.248,1
816,13.613600,2,0.867422,585.131,605.958,1
816,13.613600,1,0.918087,417.576,57.130,1
816,13.613600,17,0.133006,630.457,498.234,1
816,13.613600,40,0.180617,58.375,678.952,1
816,13.613600,41,0.107639,95.012,672.205,1
817,13.630283,2,0.667873,585.618,615.719,1
817,13.630283,1,0.908533,421.651,50.888,1
817,13.630283,17,0.077800,638.340,524.176,1
817,13.630283,40,0.104589,58.452,678.878,1
817,13.630283,41,0.076232,95.100,672.176,1
817,13.630283,42,0.055838,130.302,666.477,1
818,13.646967,2,0.796536,583.914,626.371,1
818,13.646967,1,0.860126,426.005,46.865,1
818,13.646967,17,0.801035,648.582,543.588,1
818,13.646967,40,0.100651,58.529,678.825,1
818,13.646967,41,0.075130,95.182,672.158,1
818,13.646967,42,0.053605,130.311,666.421,1
819,13.663650,2,0.559893,583.066,635.347,1
819,13.663650,1,0.862343,430.198,44.634,1
819,13.663650,17,0.511164,657.156,562.180,1
819,13.663650,40,0.110755,58.526,678.792,1
819,13.663650,41,0.069506,95.193,672.210,1
819,13.663650,42,0.059382,130.313,666.406,1
820,13.680333,2,0.721676,583.075,642.209,1
820,13.680333,1,0.816192,434.336,44.560,1
820,13.680333,17,0.676621,663.804,577.110,1
820,13.680333,40,0.087488,58.501,678.760,1
820,13.680333,41,0.069506,95.243,672.211,0
820,13.680333,42,0.059382,130.318,666.383,0
821,13.697017,2,0.542310,583.609,647.627,1
821,13.697017,1,0.785291,438.394,46.739,1
821,13.697017,17,0.059354,669.294,591.579,1
821,13.697017,40,0.106766,58.456,678.754,1
821,13.697017,41,0.058737,95.213,672.275,1
821,13.697017,42,0.050236,130.304,666.372,1
822,13.713700,2,0.432059,583.407,652.136,1
822,13.713700,1,0.832938,442.433,51.075,1
822,13.713700,17,0.770006,673.345,598.319,1
822,13.713700,40,0.093298,58.422,678.767,1
822,13.713700,41,0.053716,95.186,672.320,1
822,13.713700,42,0.050236,130.304,666.352,0
823,13.730383,2,0.613711,582.218,654.266,1
823,13.730383,1,0.857163,446.417,57.397,1
823,13.730383,17,0.093568,676.388,606.146,1
823,13.730383,40,0.129526,58.391,678.799,1
823,13.730383,41,0.071345,95.168,672.364,1
823,13.730383,42,0.057983,130.305,666.411,1
824,13.747067,2,0.448985,580.995,653.071,1
824,13.747067,1,0.851223,450.478,65.883,1
824,13.747067,17,0.063620,678.728,605.119,1
824,13.747067,40,0.087784,58.289,678.885,1
824,13.747067,41,0.055473,95.045,672.447,1
824,13.747067,42,0.057983,130.305,666.414,0
825,13.763750,2,0.491577,580.395,647.018,1
825,13.763750,1,0.861375,454.364,76.514,1
825,13.763750,17,0.690371,680.437,599.034,1
825,13.763750,40,0.104502,58.224,678.937,1
825,13.763750,41,0.066060,94.961,672.506,1
825,13.763750,42,0.052333,130.264,666.479,1
826,13.780433,2,0.534209,580.179,635.137,1
826,13.780433,1,0.807213,458.386,89.508,1
826,13.780433,17,0.868636,681.723,589.607,1
826,13.780433,40,0.082117,58.193,679.009,1
826,13.780433,41,0.058422,94.885,672.532,1
826,13.780433,42,0.052333,130.253,666.499,0
827,13.797117,2,0.673407,579.801,617.041,1
827,13.797117,1,0.830398,462.433,104.556,1
827,13.797117,17,0.725811,682.379,575.085,1
827,13.797117,40,0.082096,58.178,679.062,1
827,13.797117,41,0.059727,94.845,672.537,1
827,13.797117,42,0.052333,130.242,666.519,0
828,13.813800,2,0.068217,578.868,593.073,1
828,13.813800,1,0.827705,466.541,121.870,1
828,13.813800,17,0.224473,683.112,555.200,1
828,13.813800,40,0.082096,58.144,679.106,0
828,13.813800,41,0.059727,94.796,672.569,0
828,13.813800,42,0.052333,130.231,666.539,0
829,13.830483,2,0.600298,577.644,561.178,1
829,13.830483,1,0.830914,470.506,141.305,1
829,13.830483,17,0.539491,683.104,531.766,1
829,13.830483,40,0.082096,58.111,679.150,0
829,13.830483,41,0.059727,94.747,672.602,0
829,13.830483,42,0.052333,130.219,666.559,0
830,13.847167,2,0.818369,576.948,522.468,1
830,13.847167,1,0.871900,474.390,162.864,1
830,13.847167,17,0.654974,680.302,507.167,1
830,13.847167,40,0.082096,58.077,679.195,0
830,13.847167,41,0.059727,94.698,672.634,0
830,13.847167,42,0.052333,130.208,666.579,0
831,13.863850,2,0.700225,577.251,479.558,1
831,13.863850,1,0.909677,478.436,186.465,1
831,13.863850,17,0.485152,676.517,483.204,1
831,13.863850,40,0.082096,58.043,679.239,0
831,13.863850,41,0.059727,94.649,672.667,0
832,13.880533,2,0.703859,578.475,434.592,1
832,13.880533,1,0.850075,482.566,212.128,1
832,13.880533,17,0.608723,671.814,460.534,1
832,13.880533,40,0.082096,58.009,679.283,0
832,13.880533,41,0.059727,94.601,672.699,0
833,13.897217,2,0.823302,580.009,390.660,1
833,13.897217,1,0.897612,486.627,240.031,1
833,13.897217,17,0.651156,666.766,439.676,1
834,13.913900,2,0.811006,581.618,348.633,1
834,13.913900,1,0.867359,490.776,269.810,1
834,13.913900,17,0.760435,662.171,421.466,1
835,13.930583,2,0.872958,583.219,308.860,1
835,13.930583,1,0.868948,495.178,301.866,1
835,13.930583,17,0.810163,657.587,406.042,1
836,13.947267,2,0.869466,584.892,271.642,1
836,13.947267,1,0.883559,499.456,335.795,1
836,13.947267,17,0.752888,653.370,393.518,1
837,13.963950,2,0.800006,586.142,236.435,1
837,13.963950,1,0.834014,503.268,371.710,1
837,13.963950,17,0.605029,649.465,383.913,1
838,13.980633,2,0.819432,587.258,203.955,1
838,13.980633,1,0.758783,507.444,409.378,1
838,13.980633,17,0.712099,645.653,376.567,1
839,13.997317,2,0.740207,588.359,174.742,1
839,13.997317,1,0.571254,511.777,449.330,1
839,13.997317,17,0.665492,642.177,371.934,1
840,14.014000,2,0.843952,589.058,147.463,1
840,14.014000,1,0.539172,515.911,490.950,1
840,14.014000,17,0.333256,639.012,369.013,1
841,14.030683,2,0.857702,589.390,122.091,1
841,14.030683,1,0.410488,518.689,521.022,1
841,14.030683,17,0.735762,637.696,367.020,1
842,14.047367,2,0.796957,589.548,98.938,1
842,14.047367,1,0.135800,518.313,540.279,1
842,14.047367,17,0.406766,637.287,365.524,1
843,14.064050,2,0.832160,589.662,77.783,1
843,14.064050,1,0.452281,515.147,553.675,1
843,14.064050,17,0.854994,638.303,364.985,1
844,14.080733,2,0.822007,589.736,58.802,1
844,14.080733,1,0.686177,510.422,561.702,1
844,14.080733,17,0.807220,640.547,365.268,1
845,14.097417,2,0.741414,589.772,41.584,1
845,14.097417,1,0.477962,504.400,566.410,1
845,14.097417,17,0.872548,642.822,365.710,1
846,14.114100,2,0.663719,589.833,26.407,1
846,14.114100,1,0.601033,497.501,569.528,1
846,14.114100,17,0.799069,645.379,365.887,1
847,14.130783,2,0.690076,589.757,14.054,1
847,14.130783,1,0.504011,490.669,571.996,1
847,14.130783,17,0.842999,647.912,365.407,1
848,14.147467,2,0.599110,589.722,5.915,1
848,14.147467,1,0.538405,484.389,573.619,1
848,14.147467,17,0.870752,650.535,363.743,1
849,14.164150,2,0.853980,589.779,0.846,1
849,14.164150,1,0.566444,478.592,574.288,1
849,14.164150,17,0.811318,653.560,362.004,1
850,14.180833,2,0.823301,590.106,-1.837,1
850,14.180833,1,0.628106,473.361,573.410,1
850,14.180833,17,0.709353,656.394,358.965,1
851,14.197517,2,0.103182,590.407,-2.987,1
851,14.197517,1,0.772438,468.564,570.444,1
851,14.197517,17,0.822755,658.718,354.715,1
852,14.214200,2,0.291353,590.852,-3.007,1
852,14.214200,1,0.220912,464.200,565.244,1
852,14.214200,17,0.478326,660.452,349.082,1
853,14.230883,2,0.287195,591.186,-1.909,1
853,14.230883,1,0.208061,460.320,557.635,1
853,14.230883,17,0.256205,661.395,343.476,1
854,14.247567,2,0.347676,591.437,-0.109,1
854,14.247567,1,0.230031,456.965,546.812,1
854,14.247567,17,0.392594,662.019,339.500,1
855,14.264250,2,0.743685,591.839,2.535,1
855,14.264250,1,0.845842,453.824,532.787,1
855,14.264250,17,0.760277,662.512,337.888,1
856,14.280933,2,0.917901,591.990,6.005,1
856,14.280933,1,0.879470,451.157,514.295,1
856,14.280933,17,0.901036,663.100,338.822,1
857,14.297617,2,0.870946,591.939,10.376,1
857,14.297617,1,0.861715,448.823,490.588,1
857,14.297617,17,0.799218,663.718,342.347,1
858,14.314300,2,0.807113,592.143,15.712,1
858,14.314300,1,0.763335,447.052,461.176,1
858,14.314300,17,0.385595,664.535,348.361,1
859,14.330983,2,0.906647,592.195,22.182,1
859,14.330983,1,0.772657,446.370,426.949,1
859,14.330983,17,0.762090,665.344,356.761,1
860,14.347667,2,0.848171,592.612,32.446,1
860,14.347667,1,0.838396,446.609,392.374,1
860,14.347667,17,0.589484,666.169,367.185,1
861,14.364350,2,0.866110,593.129,46.767,1
861,14.364350,1,0.830223,447.664,359.435,1
861,14.364350,17,0.608091,666.968,379.889,1
862,14.381033,2,0.869548,593.869,64.566,1
862,14.381033,1,0.867316,448.821,328.818,1
862,14.381033,17,0.507044,667.924,394.672,1
863,14.397717,2,0.889410,594.671,85.815,1
863,14.397717,1,0.816142,449.510,300.350,1
863,14.397717,17,0.638575,668.200,411.972,1
864,14.414400,2,0.866291,595.642,109.904,1
864,14.414400,1,0.769987,449.968,274.457,1
864,14.414400,17,0.675303,668.557,430.787,1
865,14.431083,2,0.732584,596.436,136.255,1
865,14.431083,1,0.748350,450.507,251.224,1
865,14.431083,17,0.649895,668.878,451.297,1
866,14.447767,2,0.846252,597.560,165.657,1
866,14.447767,1,0.805982,450.771,230.851,1
866,14.447767,17,0.503664,669.099,473.386,1
867,14.464450,2,0.775464,598.602,197.157,1
867,14.464450,1,0.741254,450.804,212.847,1
867,14.464450,17,0.580403,669.331,496.973,1
868,14.481133,2,0.825159,599.820,230.510,1
868,14.481133,1,0.826629,450.839,197.244,1
868,14.481133,17,0.366835,669.474,522.330,1
869,14.497817,2,0.666899,600.817,267.133,1
869,14.497817,1,0.871632,451.062,183.975,1
869,14.497817,17,0.681721,669.639,549.277,1
870,14.514500,2,0.795150,602.163,306.129,1
870,14.514500,1,0.850677,451.443,172.778,1
870,14.514500,17,0.577064,669.882,578.164,1
871,14.531183,2,0.837946,603.325,347.333,1
871,14.531183,1,0.884822,451.984,163.747,1
871,14.531183,17,0.622093,669.597,606.514,1
872,14.547867,2,0.728607,604.472,389.514,1
872,14.547867,1,0.762894,452.477,156.812,1
872,14.547867,17,0.328827,667.251,628.834,1
873,14.564550,2,0.678701,606.359,433.007,1
873,14.564550,1,0.804458,453.186,151.703,1
873,14.564550,17,0.524144,663.740,645.468,1
874,14.581233,2,0.669600,611.039,470.802,1
874,14.581233,1,0.847376,453.670,148.491,1
874,14.581233,17,0.570611,660.151,658.334,1
875,14.597917,2,0.630573,617.818,503.961,1
875,14.597917,1,0.885128,454.428,147.409,1
875,14.597917,17,0.236008,657.515,668.417,1
876,14.614600,2,0.664744,626.057,532.855,1
876,14.614600,1,0.865212,455.283,148.271,1
876,14.614600,17,0.644741,655.944,677.310,1
877,14.631283,2,0.716474,634.964,558.250,1
877,14.631283,1,0.824454,456.357,151.157,1
877,14.631283,17,0.421286,653.482,685.853,1
878,14.647967,2,0.845143,644.394,580.493,1
878,14.647967,1,0.756563,457.509,156.130,1
878,14.647967,17,0.443887,649.295,692.716,1
879,14.664650,2,0.908558,653.571,598.523,1
879,14.664650,1,0.886494,458.709,163.164,1
879,14.664650,17,0.486282,642.870,697.162,1
880,14.681333,2,0.850547,662.770,611.150,1
880,14.681333,1,0.729273,460.142,172.243,1
880,14.681333,17,0.512689,635.073,696.781,1
881,14.698017,2,0.710638,671.455,616.934,1
881,14.698017,1,0.854219,461.702,183.317,1
881,14.698017,17,0.613491,626.935,690.800,1
882,14.714700,2,0.784390,678.250,615.115,1
882,14.714700,1,0.829383,463.139,196.434,1
882,14.714700,17,0.353136,619.782,678.748,1
883,14.731383,2,0.784390,686.002,628.085,0
883,14.731383,1,0.864598,464.774,211.870,1
883,14.731383,17,0.720099,613.451,660.319,1
884,14.748067,2,0.784390,693.755,641.055,0
884,14.748067,1,0.859548,466.407,229.471,1
884,14.748067,17,0.699113,607.505,635.606,1
885,14.764750,2,0.784390,701.507,654.024,0
885,14.764750,1,0.866520,468.043,249.077,1
885,14.764750,17,0.608360,601.297,603.912,1
885,14.764750,43,0.761174,679.180,544.791,1
886,14.781433,2,0.784390,709.259,666.994,0
886,14.781433,1,0.884030,469.634,270.924,1
886,14.781433,17,0.765577,595.668,565.772,1
886,14.781433,43,0.808477,677.094,521.582,1
887,14.798117,2,0.784390,717.012,679.964,0
887,14.798117,1,0.888800,471.271,294.793,1
887,14.798117,17,0.804278,591.278,525.914,1
887,14.798117,43,0.632656,672.716,494.866,1
888,14.814800,1,0.876691,473.004,320.512,1
888,14.814800,17,0.822834,588.293,484.456,1
888,14.814800,43,0.604117,667.556,469.017,1
889,14.831483,1,0.886599,474.458,348.689,1
889,14.831483,17,0.857398,585.427,442.857,1
889,14.831483,43,0.618680,662.200,445.419,1
890,14.848167,1,0.884306,475.731,378.614,1
890,14.848167,17,0.822776,583.066,403.108,1
890,14.848167,43,0.783400,656.887,424.063,1
891,14.864850,1,0.849027,477.163,410.694,1
891,14.864850,17,0.868685,580.482,365.357,1
891,14.864850,43,0.688350,651.707,405.276,1
892,14.881533,1,0.862890,478.869,444.934,1
892,14.881533,17,0.793880,577.285,329.902,1
892,14.881533,43,0.764917,646.836,389.254,1
893,14.898217,1,0.379340,480.598,480.620,1
893,14.898217,17,0.461119,573.796,297.020,1
893,14.898217,43,0.205967,642.248,375.670,1
894,14.914900,1,0.679436,482.317,518.735,1
894,14.914900,17,0.702121,569.993,266.640,1
894,14.914900,43,0.457897,637.914,364.653,1
895,14.931583,1,0.409737,484.119,558.389,1
895,14.931583,17,0.667557,565.673,238.516,1
895,14.931583,43,0.270551,633.824,356.017,1
896,14.948267,1,0.263301,484.322,598.866,1
896,14.948267,17,0.515029,561.299,212.344,1
896,14.948267,43,0.051609,632.647,349.391,1
897,14.964950,1,0.446046,478.538,627.257,1
897,14.964950,17,0.749983,556.657,188.132,1
897,14.964950,43,0.329402,635.457,344.483,1
898,14.981633,1,0.436544,470.542,644.951,1
898,14.981633,17,0.825567,551.639,165.780,1
898,14.981633,43,0.694039,639.249,342.356,1
899,14.998317,1,0.296064,459.700,655.126,1
899,14.998317,17,0.841304,546.499,145.313,1
899,14.998317,43,0.283350,642.241,341.513,1
900,15.015000,1,0.765988,448.213,660.251,1
900,15.015000,17,0.868121,541.078,126.599,1
900,15.015000,43,0.064852,643.454,341.939,1
901,15.031683,1,0.630623,437.297,661.475,1
901,15.031683,17,0.795938,535.672,109.810,1
901,15.031683,43,0.195647,641.785,340.076,1
901,15.031683,44,0.152912,642.496,353.429,1
902,15.048367,1,0.396396,427.746,659.490,1
902,15.048367,17,0.854736,530.496,94.738,1
902,15.048367,43,0.058937,637.352,337.559,1
902,15.048367,44,0.152912,641.612,352.554,0
903,15.065050,1,0.527177,419.357,655.282,1
903,15.065050,17,0.816890,525.131,81.837,1
903,15.065050,43,0.260092,630.928,334.784,1
903,15.065050,44,0.152912,640.727,351.678,0
904,15.081733,1,0.710437,412.159,649.610,1
904,15.081733,17,0.868884,519.902,70.658,1
904,15.081733,43,0.712773,623.742,334.319,1
904,15.081733,44,0.152912,639.843,350.803,0
905,15.098417,1,0.643311,405.204,642.951,1
905,15.098417,17,0.876667,514.825,61.434,1
905,15.098417,43,0.623539,617.264,332.696,1
906,15.115100,1,0.525530,397.915,635.084,1
906,15.115100,17,0.813288,509.853,54.066,1
906,15.115100,43,0.535227,612.787,329.622,1
906,15.115100,45,0.053055,58.286,678.803,1
907,15.131783,1,0.430630,390.205,626.389,1
907,15.131783,17,0.834537,504.948,48.962,1
907,15.131783,43,0.559055,610.089,325.202,1
907,15.131783,45,0.066036,58.304,678.867,1
908,15.148467,1,0.536388,381.954,616.490,1
908,15.148467,17,0.800133,500.070,45.905,1
908,15.148467,43,0.774593,608.047,320.471,1
908,15.148467,45,0.059491,58.336,678.921,1
909,15.165150,1,0.575542,373.192,604.396,1
909,15.165150,17,0.826896,495.199,44.971,1
909,15.165150,43,0.649251,605.995,315.606,1
909,15.165150,45,0.059491,58.351,678.969,0
910,15.181833,1,0.691791,364.635,589.910,1
910,15.181833,17,0.800903,490.624,46.177,1
910,15.181833,43,0.594306,604.671,312.564,1
910,15.181833,45,0.059491,58.365,679.016,0
911,15.198517,1,0.670995,356.789,572.226,1
911,15.198517,17,0.874614,485.934,49.970,1
911,15.198517,43,0.661438,602.932,310.926,1
911,15.198517,45,0.059491,58.380,679.063,0
912,15.215200,1,0.702583,349.968,550.795,1
912,15.215200,17,0.829662,481.678,55.622,1
912,15.215200,43,0.610843,600.712,311.269,1
912,15.215200,45,0.059491,58.395,679.111,0
913,15.231883,1,0.876263,345.068,524.789,1
913,15.231883,17,0.889506,477.509,63.636,1
913,15.231883,43,0.780202,597.880,313.654,1
913,15.231883,45,0.059764,58.365,678.992,1
914,15.248567,1,0.720700,342.034,494.367,1
914,15.248567,17,0.850124,473.445,73.852,1
914,15.248567,43,0.765443,594.621,317.746,1
914,15.248567,45,0.059764,58.366,678.989,0
915,15.265250,1,0.849964,341.483,459.786,1
915,15.265250,17,0.863874,469.290,86.456,1
915,15.265250,43,0.684901,591.169,323.769,1
915,15.265250,45,0.059764,58.367,678.985,0
916,15.281933,1,0.801691,343.232,422.995,1
916,15.281933,17,0.870596,465.419,101.657,1
916,15.281933,43,0.540325,587.450,331.461,1
917,15.298617,1,0.559144,345.643,386.394,1
917,15.298617,17,0.822137,461.660,118.905,1
917,15.298617,43,0.406709,583.374,340.827,1
918,15.315300,1,0.857318,348.911,351.717,1
918,15.315300,17,0.868084,457.747,138.700,1
918,15.315300,43,0.331422,579.400,352.046,1
919,15.331983,1,0.754626,352.647,318.721,1
919,15.331983,17,0.850105,454.087,160.781,1
919,15.331983,43,0.163560,575.563,365.264,1
920,15.348667,1,0.815847,356.043,288.222,1
920,15.348667,17,0.869709,450.710,185.393,1
920,15.348667,43,0.534011,571.856,379.986,1
921,15.365350,1,0.838880,359.474,260.162,1
921,15.365350,17,0.772917,446.895,211.996,1
921,15.365350,43,0.532426,568.307,396.615,1
922,15.382033,1,0.907488,363.032,234.344,1
922,15.382033,17,0.935215,442.972,240.971,1
922,15.382033,43,0.771269,565.269,415.062,1
923,15.398717,1,0.852239,366.639,210.870,1
923,15.398717,17,0.814870,438.934,272.407,1
923,15.398717,43,0.624726,562.339,435.682,1
924,15.415400,1,0.752033,370.231,189.973,1
924,15.415400,17,0.777775,435.486,306.112,1
924,15.415400,43,0.553369,559.836,457.762,1
925,15.432083,1,0.804699,373.709,170.913,1
925,15.432083,17,0.756707,431.997,341.198,1
925,15.432083,43,0.490145,557.475,480.988,1
926,15.448767,1,0.781887,377.038,154.123,1
926,15.448767,17,0.563102,427.527,375.395,1
926,15.448767,43,0.458739,555.110,506.051,1
927,15.465450,1,0.883224,380.541,139.293,1
927,15.465450,17,0.863660,426.061,403.914,1
927,15.465450,43,0.779269,553.265,532.087,1
928,15.482133,1,0.917523,384.323,126.544,1
928,15.482133,17,0.821554,429.523,425.984,1
928,15.482133,43,0.641137,553.747,551.832,1
929,15.498817,1,0.845344,387.966,115.350,1
929,15.498817,17,0.706239,437.932,443.427,1
929,15.498817,43,0.790706,555.029,565.022,1
929,15.498817,46,0.055803,58.054,678.918,1
930,15.515500,1,0.892237,392.140,106.403,1
930,15.515500,17,0.803758,451.647,457.319,1
930,15.515500,43,0.760978,555.418,572.615,1
930,15.515500,46,0.068113,57.999,678.986,1
931,15.532183,1,0.853204,396.434,99.340,1
931,15.532183,17,0.870021,469.991,469.870,1
931,15.532183,43,0.768447,553.607,576.148,1
931,15.532183,46,0.110491,57.950,679.000,1
932,15.548867,1,0.895089,400.655,94.534,1
932,15.548867,17,0.853741,492.904,480.965,1
932,15.548867,43,0.714780,549.769,577.999,1
932,15.548867,46,0.128291,57.890,679.018,1
933,15.565550,1,0.909184,404.952,91.735,1
933,15.565550,17,0.880011,518.834,491.190,1
933,15.565550,43,0.731152,545.273,579.344,1
933,15.565550,46,0.142541,57.851,678.992,1
933,15.565550,47,0.092882,94.945,672.731,1
934,15.582233,1,0.916468,409.383,91.017,1
934,15.582233,17,0.893665,546.718,501.397,1
934,15.582233,43,0.864588,540.943,581.283,1
934,15.582233,46,0.220487,57.808,678.982,1
934,15.582233,47,0.142292,94.914,672.713,1
935,15.598917,1,0.902336,413.866,92.174,1
935,15.598917,17,0.749270,574.168,512.659,1
935,15.598917,43,0.769577,538.812,584.790,1
935,15.598917,46,0.216039,57.785,678.980,1
935,15.598917,47,0.136702,94.898,672.691,1
936,15.615600,1,0.893481,418.560,95.249,1
936,15.615600,17,0.845759,600.759,523.614,1
936,15.615600,43,0.768959,538.904,589.874,1
936,15.615600,46,0.193973,57.776,678.966,1
936,15.615600,47,0.122167,94.896,672.685,1
936,15.615600,48,0.068509,130.106,666.317,1
937,15.632283,1,0.861340,423.215,100.419,1
937,15.632283,17,0.577171,626.031,537.263,1
937,15.632283,43,0.800286,541.610,596.809,1
937,15.632283,46,0.098781,57.769,678.959,1
937,15.632283,47,0.070722,94.891,672.686,1
937,15.632283,48,0.068509,130.102,666.320,0
938,15.648967,1,0.755038,427.964,107.559,1
938,15.648967,17,0.592126,649.904,549.571,1
938,15.648967,43,0.531500,546.209,602.464,1
938,15.648967,46,0.068355,57.786,678.944,1
938,15.648967,47,0.055586,94.893,672.688,1
938,15.648967,48,0.068509,130.099,666.323,0
939,15.665650,1,0.738976,432.848,116.751,1
939,15.665650,17,0.075486,672.383,560.759,1
939,15.665650,43,0.463874,551.555,605.791,1
939,15.665650,46,0.069589,57.796,678.900,1
939,15.665650,47,0.052003,94.880,672.690,1
939,15.665650,48,0.068509,130.095,666.325,0
940,15.682333,1,0.717632,437.520,127.897,1
940,15.682333,17,0.184984,693.141,572.659,1
940,15.682333,43,0.761235,557.126,607.502,1
940,15.682333,46,0.069589,57.789,678.884,0
940,15.682333,47,0.052003,94.871,672.686,0
940,15.682333,49,0.315744,679.180,569.142,1
941,15.699017,1,0.819882,442.380,141.152,1
941,15.699017,17,0.470098,710.617,585.373,1
941,15.699017,43,0.611367,562.129,607.593,1
941,15.699017,46,0.054799,57.806,678.812,1
941,15.699017,47,0.052003,94.863,672.683,0
941,15.699017,49,0.315744,684.273,573.599,0
942,15.715700,1,0.698076,447.643,156.547,1
942,15.715700,17,0.498608,724.039,599.139,1
942,15.715700,43,0.701106,565.303,606.978,1
942,15.715700,46,0.054799,57.805,678.780,0
942,15.715700,47,0.052003,94.854,672.679,0
942,15.715700,49,0.315744,689.366,578.056,0
943,15.732383,1,0.795956,452.541,173.759,1
943,15.732383,17,0.607373,733.397,614.573,1
943,15.732383,43,0.701763,567.399,605.212,1
943,15.732383,46,0.054799,57.804,678.749,0
943,15.732383,47,0.052003,94.846,672.675,0
943,15.732383,49,0.315744,694.459,582.514,0
944,15.749067,1,0.766416,457.024,193.193,1
944,15.749067,17,0.291746,738.732,630.025,1
944,15.749067,43,0.802895,569.096,600.929,1
944,15.749067,46,0.052880,57.814,678.761,1
944,15.749067,47,0.052003,94.838,672.672,0
945,15.765750,1,0.785195,461.536,214.360,1
945,15.765750,17,0.784531,740.337,644.021,1
945,15.765750,43,0.725805,571.095,594.533,1
945,15.765750,46,0.061514,57.816,678.776,1
945,15.765750,47,0.051816,94.848,672.698,1
946,15.782433,1,0.833531,466.056,237.617,1
946,15.782433,17,0.811818,739.337,655.015,1
946,15.782433,43,0.593900,573.209,585.547,1
946,15.782433,46,0.061514,57.818,678.766,0
946,15.782433,47,0.051816,94.845,672.702,0
947,15.799117,1,0.783944,470.825,262.669,1
947,15.799117,17,0.705258,737.171,660.952,1
947,15.799117,43,0.213637,575.731,573.849,1
947,15.799117,46,0.061514,57.820,678.755,0
948,15.815800,1,0.804308,475.284,289.645,1
948,15.815800,17,0.812686,734.536,659.945,1
948,15.815800,43,0.667696,580.348,559.586,1
948,15.815800,46,0.061514,57.822,678.745,0
949,15.832483,1,0.813446,479.800,318.633,1
949,15.832483,17,0.790753,732.225,650.426,1
949,15.832483,43,0.544337,587.798,545.754,1
949,15.832483,46,0.061514,57.825,678.734,0
950,15.849167,1,0.665573,484.299,349.143,1
950,15.849167,17,0.760314,730.385,632.439,1
950,15.849167,43,0.514383,598.200,532.650,1
950,15.849167,46,0.061514,57.827,678.724,0
951,15.865850,1,0.727345,488.747,381.588,1
951,15.865850,17,0.760314,730.988,630.132,0
951,15.865850,43,0.201708,609.759,521.514,1
952,15.882533,1,0.665968,493.113,415.846,1
952,15.882533,17,0.760314,731.590,627.825,0
952,15.882533,43,0.469535,622.927,512.396,1
953,15.899217,1,0.725129,497.376,451.855,1
953,15.899217,17,0.760314,732.193,625.518,0
953,15.899217,43,0.661320,636.510,505.490,1
953,15.899217,50,0.728554,724.278,537.087,1
954,15.915900,1,0.662037,501.933,489.261,1
954,15.915900,17,0.760314,732.796,623.211,0
954,15.915900,43,0.616017,650.258,500.492,1
954,15.915900,50,0.612095,724.175,510.370,1
955,15.932583,1,0.704951,506.456,528.772,1
955,15.932583,17,0.760314,733.399,620.903,0
955,15.932583,43,0.519772,663.925,497.885,1
955,15.932583,50,0.837712,723.869,481.035,1
956,15.949267,1,0.535889,511.216,569.889,1
956,15.949267,43,0.687223,677.422,497.193,1
956,15.949267,50,0.761122,723.633,451.979,1
957,15.965950,1,0.519296,515.340,611.953,1
957,15.965950,43,0.730887,690.438,498.303,1
957,15.965950,50,0.574230,723.365,425.458,1
958,15.982633,1,0.594370,517.821,650.864,1
958,15.982633,43,0.760051,703.345,501.515,1
958,15.982633,50,0.713230,722.868,401.433,1
959,15.999317,1,0.141362,521.872,681.227,1
959,15.999317,43,0.815202,713.466,505.293,1
959,15.999317,50,0.779701,722.158,379.745,1
959,15.999317,51,0.058169,57.496,678.932,1
960,16.016000,1,0.418870,526.214,704.794,1
960,16.016000,43,0.896179,719.562,507.641,1
960,16.016000,50,0.859783,721.433,360.346,1
960,16.016000,51,0.078851,57.503,678.950,1
961,16.032683,1,0.347559,530.866,721.373,1
961,16.032683,43,0.782050,723.186,508.323,1
961,16.032683,50,0.147065,720.643,343.296,1
961,16.032683,51,0.065188,57.506,678.970,1
962,16.049367,1,0.470597,536.181,730.450,1
962,16.049367,43,0.535702,725.333,508.434,1
962,16.049367,50,0.752217,719.780,328.790,1
962,16.049367,51,0.065188,57.510,678.982,0
963,16.066050,1,0.216953,541.407,733.945,1
963,16.066050,43,0.129654,728.035,508.377,1
963,16.066050,50,0.612589,718.845,316.832,1
963,16.066050,51,0.065188,57.514,678.994,0
964,16.082733,1,0.450993,546.591,733.513,1
964,16.082733,43,0.403459,730.710,507.457,1
964,16.082733,50,0.624607,717.760,306.816,1
964,16.082733,51,0.065188,57.518,679.007,0
965,16.099417,1,0.316248,550.860,730.349,1
965,16.099417,43,0.266913,735.284,505.235,1
965,16.099417,50,0.661752,716.746,299.054,1
965,16.099417,51,0.065188,57.522,679.019,0
966,16.116100,1,0.564662,554.873,725.402,1
966,16.116100,43,0.518274,739.419,502.092,1
966,16.116100,50,0.678154,715.875,293.338,1
966,16.116100,51,0.065188,57.526,679.031,0
967,16.132783,1,0.452956,558.228,718.912,1
967,16.132783,43,0.249065,743.104,498.235,1
967,16.132783,50,0.586618,714.992,289.560,1
968,16.149467,1,0.799074,560.892,710.749,1
968,16.149467,43,0.251068,745.044,494.490,1
968,16.149467,50,0.521435,714.098,287.685,1
969,16.166150,1,0.900563,563.002,696.635,1
969,16.166150,43,0.591221,745.804,491.498,1
969,16.166150,50,0.689706,713.100,287.766,1
970,16.182833,1,0.889125,564.874,676.316,1
970,16.182833,43,0.623316,743.652,489.154,1
970,16.182833,50,0.821154,712.072,289.792,1
971,16.199517,1,0.810911,565.824,650.013,1
971,16.199517,43,0.612641,737.496,487.062,1
971,16.199517,50,0.836723,711.002,294.006,1
972,16.216200,1,0.856824,565.682,616.290,1
972,16.216200,43,0.803943,726.319,484.718,1
972,16.216200,50,0.783778,709.886,299.883,1
972,16.216200,52,0.051574,57.500,678.954,1
973,16.232883,1,0.811357,564.278,578.304,1
973,16.232883,43,0.787053,709.515,482.701,1
973,16.232883,50,0.790179,708.955,307.561,1
973,16.232883,52,0.055391,57.486,678.928,1
974,16.249567,1,0.773509,561.779,539.136,1
974,16.249567,43,0.805238,690.003,483.625,1
974,16.249567,50,0.794674,707.811,317.314,1
974,16.249567,52,0.054804,57.474,678.904,1
975,16.266250,1,0.658932,559.202,501.188,1
975,16.266250,43,0.797359,667.316,485.541,1
975,16.266250,50,0.714449,706.895,328.704,1
975,16.266250,52,0.054804,57.466,678.889,0
976,16.282933,1,0.696575,556.852,464.137,1
976,16.282933,43,0.804373,643.754,488.952,1
976,16.282933,50,0.562901,705.626,342.094,1
976,16.282933,52,0.054804,57.459,678.874,0
977,16.299617,1,0.857967,554.677,428.659,1
977,16.299617,43,0.830016,619.961,493.626,1
977,16.299617,50,0.502568,704.476,357.360,1
977,16.299617,52,0.054804,57.451,678.860,0
978,16.316300,1,0.764266,552.722,395.431,1
978,16.316300,43,0.669926,595.636,500.044,1
978,16.316300,50,0.843508,703.431,374.312,1
978,16.316300,52,0.054804,57.443,678.845,0
979,16.332983,1,0.880526,550.987,364.351,1
979,16.332983,43,0.886270,571.828,508.281,1
979,16.332983,50,0.826554,702.261,392.861,1
979,16.332983,52,0.054804,57.435,678.830,0
980,16.349667,1,0.658432,549.415,336.382,1
980,16.349667,43,0.685331,549.961,516.252,1
980,16.349667,50,0.755562,701.107,413.525,1
981,16.366350,1,0.864996,547.820,310.116,1
981,16.366350,43,0.889368,532.276,522.893,1
981,16.366350,50,0.810574,699.960,435.896,1
982,16.383033,1,0.800241,546.367,286.395,1
982,16.383033,43,0.881868,520.114,527.568,1
982,16.383033,50,0.836671,698.694,460.062,1
983,16.399717,1,0.823605,544.902,264.607,1
983,16.399717,43,0.740193,513.908,529.093,1
983,16.399717,50,0.821630,697.470,486.285,1
984,16.416400,1,0.859426,543.644,244.790,1
984,16.416400,43,0.801673,508.433,528.415,1
984,16.416400,50,0.867198,696.228,513.324,1
985,16.433083,1,0.770961,542.145,226.980,1
985,16.433083,43,0.827431,503.271,525.992,1
985,16.433083,50,0.775503,694.653,536.323,1
986,16.449767,1,0.879793,540.644,211.050,1
986,16.449767,43,0.885025,498.376,523.761,1
986,16.449767,50,0.766490,693.682,555.263,1
987,16.466450,1,0.774520,539.035,197.073,1
987,16.466450,43,0.816919,493.847,522.718,1
987,16.466450,50,0.791825,692.636,573.231,1
988,16.483133,1,0.696996,537.514,184.963,1
988,16.483133,43,0.590908,489.839,523.559,1
988,16.483133,50,0.516903,691.954,590.090,1
989,16.499817,1,0.728913,536.089,174.571,1
989,16.499817,43,0.496959,486.801,525.820,1
989,16.499817,50,0.637848,692.102,605.507,1
990,16.516500,1,0.862716,534.717,166.247,1
990,16.516500,43,0.712524,485.094,530.031,1
990,16.516500,50,0.694421,692.675,619.821,1
991,16.533183,1,0.825723,533.225,159.635,1
991,16.533183,43,0.727947,484.415,535.875,1
991,16.533183,50,0.618484,693.477,632.965,1
992,16.549867,1,0.743246,531.702,155.007,1
992,16.549867,43,0.665796,484.695,543.852,1
992,16.549867,50,0.488381,694.025,644.436,1
993,16.566550,1,0.808267,530.319,152.061,1
993,16.566550,43,0.885308,486.537,554.206,1
993,16.566550,50,0.367737,694.374,653.790,1
993,16.566550,53,0.050949,57.634,678.947,1
994,16.583233,1,0.838508,528.941,151.139,1
994,16.583233,43,0.821821,492.594,562.574,1
994,16.583233,50,0.479471,694.786,660.830,1
994,16.583233,53,0.059498,57.644,678.947,1
995,16.599917,1,0.853551,527.658,152.360,1
995,16.599917,43,0.840149,500.797,568.301,1
995,16.599917,50,0.467175,695.581,664.844,1
995,16.599917,53,0.061970,57.663,678.943,1
996,16.616600,1,0.754748,526.320,155.530,1
996,16.616600,43,0.823754,509.025,572.072,1
996,16.616600,50,0.534218,697.099,665.079,1
996,16.616600,53,0.053249,57.683,678.936,1
997,16.633283,1,0.817074,524.815,160.582,1
997,16.633283,43,0.856846,516.625,574.243,1
997,16.633283,50,0.753470,699.336,661.170,1
997,16.633283,53,0.057684,57.695,678.927,1
998,16.649967,1,0.887357,523.603,167.687,1
998,16.649967,43,0.837434,521.546,574.556,1
998,16.649967,50,0.749388,702.265,652.312,1
998,16.649967,53,0.068376,57.696,678.929,1
999,16.666650,1,0.701714,522.207,176.888,1
999,16.666650,43,0.782659,523.938,573.243,1
999,16.666650,50,0.527083,705.117,639.195,1
999,16.666650,53,0.068376,57.706,678.926,0
1000,16.683333,1,0.801760,520.898,188.063,1
1000,16.683333,43,0.764222,525.230,569.380,1
1000,16.683333,50,0.651065,707.158,620.853,1
1000,16.683333,53,0.052839,57.664,678.984,1
1001,16.700017,1,0.793617,519.881,201.222,1
1001,16.700017,43,0.797551,527.030,562.892,1
1001,16.700017,50,0.776473,708.152,597.224,1
1001,16.700017,53,0.052982,57.633,679.025,1
1002,16.716700,1,0.863521,518.854,216.298,1
1002,16.716700,43,0.905191,531.200,554.019,1
1002,16.716700,50,0.869780,708.313,568.697,1
1002,16.716700,53,0.066065,57.609,679.056,1
1003,16.733383,1,0.876805,517.651,233.529,1
1003,16.733383,43,0.905461,539.138,543.389,1
1003,16.733383,50,0.820450,707.577,536.236,1
1003,16.733383,53,0.066065,57.594,679.079,0
1004,16.750067,1,0.897472,516.466,252.939,1
1004,16.750067,43,0.844098,552.277,532.013,1
1004,16.750067,50,0.870845,706.178,502.891,1
1004,16.750067,53,0.066065,57.580,679.102,0
1005,16.766750,1,0.876686,515.459,274.130,1
1005,16.766750,43,0.684824,569.156,519.932,1
1005,16.766750,50,0.853528,703.972,470.104,1
1005,16.766750,53,0.050398,57.580,679.075,1
1006,16.783433,1,0.874107,514.542,297.271,1
1006,16.783433,43,0.519711,588.712,507.864,1
1006,16.783433,50,0.826044,701.396,438.519,1
1006,16.783433,53,0.050398,57.570,679.084,0
1007,16.800117,1,0.823935,513.529,322.586,1
1007,16.800117,43,0.717644,608.397,497.148,1
1007,16.800117,50,0.621049,698.733,409.030,1
1007,16.800117,53,0.050398,57.559,679.094,0
1008,16.816800,1,0.727992,512.569,349.882,1
1008,16.816800,43,0.581431,629.081,488.033,1
1008,16.816800,50,0.645025,696.009,381.946,1
1008,16.816800,53,0.050398,57.548,679.104,0
1009,16.833483,1,0.847411,511.508,378.715,1
1009,16.833483,43,0.752874,649.943,480.712,1
1009,16.833483,50,0.798792,693.257,357.225,1
1009,16.833483,53,0.050398,57.538,679.113,0
1010,16.850167,1,0.744494,510.699,409.213,1
1010,16.850167,43,0.852787,670.463,474.754,1
1010,16.850167,50,0.860455,690.679,335.323,1
1011,16.866850,1,0.575588,509.942,441.829,1
1011,16.866850,43,0.867749,686.253,470.380,1
1011,16.866850,50,0.544097,688.274,315.723,1
1012,16.883533,1,0.788690,509.137,477.287,1
1012,16.883533,43,0.844843,697.668,466.455,1
1012,16.883533,50,0.722059,685.867,298.417,1
1013,16.900217,1,0.745083,508.472,514.407,1
1013,16.900217,43,0.708024,707.199,462.801,1
1013,16.900217,50,0.532960,683.817,282.819,1
1014,16.916900,1,0.805016,507.746,552.724,1
1014,16.916900,43,0.100913,716.884,461.487,1
1014,16.916900,50,0.710961,681.361,269.878,1
1015,16.933583,1,0.309701,507.201,586.838,1
1015,16.933583,43,0.672236,728.120,465.478,1
1015,16.933583,50,0.648058,679.107,258.832,1
1016,16.950267,1,0.729100,506.929,613.258,1
1016,16.950267,43,0.614690,741.450,471.644,1
1016,16.950267,50,0.742130,676.977,249.706,1
1017,16.966950,1,0.537862,506.944,632.653,1
1017,16.966950,43,0.209754,756.444,479.338,1
1017,16.966950,50,0.475548,674.801,242.390,1
1018,16.983633,1,0.536218,507.149,646.237,1
1018,16.983633,43,0.051883,772.922,482.993,1
1018,16.983633,50,0.511433,672.953,236.982,1
1019,17.000317,1,0.320919,508.019,655.210,1
1019,17.000317,43,0.489044,788.458,490.046,1
1019,17.000317,50,0.583846,670.988,233.447,1
1020,17.017000,1,0.568612,510.165,661.168,1
1020,17.017000,43,0.711139,802.682,499.598,1
1020,17.017000,50,0.471196,669.197,231.713,1
1021,17.033683,1,0.522222,513.478,663.769,1
1021,17.033683,43,0.750075,813.852,506.049,1
1021,17.033683,50,0.430815,667.686,231.788,1
1022,17.050367,1,0.813895,517.481,663.900,1
1022,17.050367,43,0.644692,821.223,511.797,1
1022,17.050367,50,0.686686,665.641,233.562,1
1023,17.067050,1,0.729031,521.291,661.259,1
1023,17.067050,43,0.685578,823.807,515.184,1
1023,17.067050,50,0.569635,663.836,237.368,1
1024,17.083733,1,0.412731,524.519,654.613,1
1024,17.083733,43,0.580161,821.152,515.138,1
1024,17.083733,50,0.423779,662.032,242.833,1
1025,17.100417,1,0.698152,526.621,643.491,1
1025,17.100417,43,0.392139,811.828,511.895,1
1025,17.100417,50,0.757138,660.232,250.178,1
1026,17.117100,1,0.656312,527.839,628.266,1
1026,17.117100,43,0.651851,796.039,505.211,1
1026,17.117100,50,0.331921,658.333,259.434,1
1027,17.133783,1,0.755641,527.696,606.912,1
1027,17.133783,43,0.643891,773.830,495.953,1
1027,17.133783,50,0.456612,656.405,270.555,1
1028,17.150467,1,0.638237,526.291,579.165,1
1028,17.150467,43,0.798037,745.327,486.116,1
1028,17.150467,50,0.319819,654.417,283.700,1
1029,17.167150,1,0.758285,524.248,547.132,1
1029,17.167150,43,0.897541,712.161,476.378,1
1029,17.167150,50,0.454025,652.583,298.612,1
1030,17.183833,1,0.766577,522.015,513.254,1
1030,17.183833,43,0.842441,676.751,467.395,1
1030,17.183833,50,0.539509,650.873,315.545,1
1031,17.200517,1,0.627828,520.178,478.895,1
1031,17.200517,43,0.218099,640.811,460.043,1
1031,17.200517,50,0.344421,648.999,333.979,1
1032,17.217200,1,0.789582,518.449,445.587,1
1032,17.217200,43,0.537965,604.614,454.819,1
1032,17.217200,50,0.553968,647.259,354.117,1
1033,17.233883,1,0.698339,516.611,414.083,1
1033,17.233883,43,0.527080,568.736,451.746,1
1033,17.233883,50,0.775195,645.770,375.936,1
1034,17.250567,1,0.793372,514.964,384.780,1
1034,17.250567,43,0.665584,533.577,451.026,1
1034,17.250567,50,0.476482,644.145,399.564,1
1035,17.267250,1,0.485136,513.492,358.205,1
1035,17.267250,43,0.387885,499.724,452.861,1
1035,17.267250,50,0.581238,642.524,424.847,1
1036,17.283933,1,0.402241,512.254,334.585,1
1036,17.283933,43,0.544919,473.651,455.940,1
1036,17.283933,50,0.431073,641.164,451.999,1
1037,17.300617,1,0.585314,510.779,313.130,1
1037,17.300617,43,0.723691,452.055,461.345,1
1037,17.300617,50,0.576429,639.495,480.653,1
1038,17.317300,1,0.741644,509.188,293.664,1
1038,17.317300,43,0.801206,433.801,468.253,1
1038,17.317300,50,0.599197,638.321,508.754,1
1039,17.333983,1,0.871058,507.654,276.579,1
1039,17.333983,43,0.785187,417.138,476.440,1
1039,17.333983,50,0.680554,639.347,533.679,1
1040,17.350667,1,0.815644,505.891,261.601,1
1040,17.350667,43,0.840726,400.764,484.922,1
1040,17.350667,50,0.769557,642.646,556.777,1
1041,17.367350,1,0.873231,504.081,248.239,1
1041,17.367350,43,0.885529,385.286,493.884,1
1041,17.367350,50,0.756972,647.263,577.243,1
1042,17.384033,1,0.813591,502.331,237.059,1
1042,17.384033,43,0.837481,371.818,502.286,1
1042,17.384033,50,0.679283,653.064,595.124,1
1042,17.384033,54,0.069111,57.537,679.150,1
1043,17.400717,1,0.837106,500.363,227.917,1
1043,17.400717,43,0.593182,362.450,509.381,1
1043,17.400717,50,0.804611,660.579,609.118,1
1043,17.400717,54,0.065103,57.527,679.155,1
1044,17.417400,1,0.749211,498.488,220.517,1
1044,17.417400,43,0.386052,356.887,514.968,1
1044,17.417400,50,0.661362,669.859,618.844,1
1044,17.417400,54,0.051196,57.527,679.151,1
1045,17.434083,1,0.783814,496.424,214.833,1
1045,17.434083,43,0.347282,355.604,518.011,1
1045,17.434083,50,0.785109,679.979,623.266,1
1045,17.434083,54,0.063147,57.483,679.178,1
1046,17.450767,1,0.806551,494.455,211.097,1
1046,17.450767,43,0.491468,358.560,518.186,1
1046,17.450767,50,0.779325,689.850,621.695,1
1046,17.450767,54,0.068168,57.464,679.204,1
1047,17.467450,1,0.816618,492.380,209.305,1
1047,17.467450,43,0.538482,366.084,516.248,1
1047,17.467450,50,0.758995,698.468,613.896,1
1047,17.467450,54,0.074170,57.444,679.179,1
1048,17.484133,1,0.857689,490.458,209.431,1
1048,17.484133,43,0.669152,377.539,511.889,1
1048,17.484133,50,0.773119,705.653,599.882,1
1048,17.484133,54,0.090172,57.429,679.187,1
1049,17.500817,1,0.847586,488.497,211.424,1
1049,17.500817,43,0.383978,392.424,505.720,1
1049,17.500817,50,0.659154,710.888,580.268,1
1049,17.500817,54,0.075086,57.417,679.213,1
1050,17.517500,1,0.867871,486.378,215.157,1
1050,17.517500,43,0.744358,412.223,497.905,1
1050,17.517500,50,0.838796,714.440,555.219,1
1050,17.517500,54,0.084920,57.420,679.228,1
1051,17.534183,1,0.898360,484.308,221.179,1
1051,17.534183,43,0.810939,437.308,488.370,1
1051,17.534183,50,0.782733,716.859,526.455,1
1051,17.534183,54,0.081602,57.428,679.236,1
1052,17.550867,1,0.902663,482.444,229.103,1
1052,17.550867,43,0.874974,468.101,477.399,1
1052,17.550867,50,0.820374,717.964,494.339,1
1052,17.550867,54,0.088974,57.437,679.251,1
1053,17.567550,1,0.873628,480.568,239.051,1
1053,17.567550,43,0.818385,502.874,467.253,1
1053,17.567550,50,0.818925,717.908,461.222,1
1053,17.567550,54,0.065964,57.440,679.250,1
1054,17.584233,1,0.888849,478.705,251.050,1
1054,17.584233,43,0.813993,539.972,459.581,1
1054,17.584233,50,0.853894,716.674,429.588,1
1054,17.584233,54,0.074158,57.442,679.253,1
1055,17.600917,1,0.890761,476.767,265.078,1
1055,17.600917,43,0.824368,578.061,453.883,1
1055,17.600917,50,0.781546,714.691,400.142,1
1055,17.600917,54,0.075233,57.439,679.261,1
1056,17.617600,1,0.839468,474.970,281.109,1
1056,17.617600,43,0.602956,616.267,450.409,1
1056,17.617600,50,0.627233,712.552,373.121,1
1056,17.617600,54,0.063474,57.434,679.253,1
1057,17.634283,1,0.883344,473.136,298.956,1
1057,17.634283,43,0.824855,653.793,449.111,1
1057,17.634283,50,0.645703,710.751,348.667,1
1057,17.634283,54,0.065154,57.438,679.232,1
1058,17.650967,1,0.818777,471.535,318.869,1
1058,17.650967,43,0.828354,690.581,450.065,1
1058,17.650967,50,0.644283,709.277,327.039,1
1058,17.650967,54,0.065154,57.438,679.229,0
1059,17.667650,1,0.811099,469.991,341.115,1
1059,17.667650,43,0.839378,725.724,452.260,1
1059,17.667650,50,0.502510,708.319,307.509,1
1059,17.667650,54,0.065154,57.438,679.226,0
1060,17.684333,1,0.702615,468.394,365.207,1
1060,17.684333,43,0.757619,756.852,453.257,1
1060,17.684333,50,0.609115,707.698,290.439,1
1060,17.684333,54,0.065154,57.437,679.223,0
1061,17.701017,1,0.866898,466.876,391.330,1
1061,17.701017,43,0.383098,781.978,455.618,1
1061,17.701017,50,0.840409,707.206,275.647,1
1061,17.701017,54,0.065154,57.437,679.220,0
1062,17.717700,1,0.826457,465.602,419.666,1
1062,17.717700,43,0.169889,803.611,454.207,1
1062,17.717700,50,0.744806,706.872,263.184,1
1062,17.717700,54,0.065154,57.437,679.217,0
1063,17.734383,1,0.698048,464.130,449.593,1
1063,17.734383,43,0.836086,824.136,463.573,1
1063,17.734383,50,0.806374,706.633,252.799,1
1064,17.751067,1,0.706134,463.149,480.735,1
1064,17.751067,43,0.165495,843.432,466.787,1
1064,17.751067,50,0.752812,706.505,244.373,1
1065,17.767750,1,0.529052,464.326,510.259,1
1065,17.767750,43,0.432520,860.401,477.988,1
1065,17.767750,50,0.632203,706.487,237.724,1
1066,17.784433,1,0.644572,467.610,537.805,1
1066,17.784433,43,0.731153,873.520,489.047,1
1066,17.784433,50,0.757230,706.480,232.938,1
1067,17.801117,1,0.839679,472.494,563.718,1
1067,17.801117,43,0.630117,883.697,499.518,1
1067,17.801117,50,0.747909,706.559,230.102,1
1068,17.817800,1,0.692664,478.977,588.048,1
1068,17.817800,43,0.714989,890.567,508.293,1
1068,17.817800,50,0.772934,706.681,229.069,1
1069,17.834483,1,0.915830,487.702,610.470,1
1069,17.834483,43,0.733590,893.775,514.628,1
1069,17.834483,50,0.813586,706.811,229.877,1
1069,17.834483,55,0.071905,57.412,679.044,1
1070,17.851167,1,0.874582,498.143,629.775,1
1070,17.851167,43,0.663518,893.247,517.693,1
1070,17.851167,50,0.834488,707.006,232.462,1
1070,17.851167,55,0.077449,57.424,679.089,1
1071,17.867850,1,0.880243,509.427,643.778,1
1071,17.867850,43,0.654263,888.851,516.876,1
1071,17.867850,50,0.840132,707.162,236.949,1
1071,17.867850,55,0.082355,57.430,679.141,1
1072,17.884533,1,0.814747,519.908,650.408,1
1072,17.884533,43,0.852302,881.029,513.212,1
1072,17.884533,50,0.827664,707.387,243.122,1
1072,17.884533,55,0.096206,57.435,679.121,1
1073,17.901217,1,0.779899,528.603,648.889,1
1073,17.901217,43,0.198241,869.038,506.713,1
1073,17.901217,50,0.835561,707.933,251.221,1
1073,17.901217,55,0.094465,57.443,679.114,1
1074,17.917900,1,0.773229,535.041,639.963,1
1074,17.917900,43,0.805249,852.773,497.478,1
1074,17.917900,50,0.816803,708.385,261.220,1
1074,17.917900,55,0.083815,57.447,679.108,1
1075,17.934583,1,0.773229,542.885,646.607,0
1075,17.934583,43,0.728346,832.206,484.288,1
1075,17.934583,50,0.786074,708.834,272.982,1
1075,17.934583,55,0.068821,57.447,679.096,1
1076,17.951267,1,0.773229,550.729,653.250,0
1076,17.951267,43,0.718973,806.815,472.126,1
1076,17.951267,50,0.740490,709.032,286.391,1
1076,17.951267,55,0.064435,57.446,679.088,1
1077,17.967950,1,0.773229,558.573,659.894,0
1077,17.967950,43,0.775438,777.606,459.308,1
1077,17.967950,50,0.330613,709.489,301.874,1
1077,17.967950,55,0.065801,57.490,679.095,1
1077,17.967950,56,0.626382,535.205,558.994,1
1078,17.984633,1,0.773229,566.418,666.537,0
1078,17.984633,43,0.856380,745.672,446.866,1
1078,17.984633,50,0.648851,709.619,318.842,1
1078,17.984633,55,0.061540,57.576,679.174,1
1078,17.984633,56,0.759245,535.382,530.982,1
