frame,time_seconds,track_id,confidence,center_x,center_y,observed
2,0.033367,2,0.640353,634.852,238.092,1
2,0.033367,4,0.437297,534.507,378.816,1
2,0.033367,3,0.620014,585.701,307.544,1
2,0.033367,1,0.681837,581.599,214.712,1
3,0.050050,2,0.718778,636.631,242.902,1
3,0.050050,4,0.379463,533.502,391.182,1
3,0.050050,3,0.597590,586.813,298.542,1
3,0.050050,1,0.394773,580.309,212.576,1
4,0.066733,2,0.512204,638.507,248.808,1
4,0.066733,4,0.512830,532.198,403.382,1
4,0.066733,3,0.284997,588.162,288.255,1
4,0.066733,1,0.217164,579.000,210.974,1
5,0.083417,2,0.767453,640.099,255.354,1
5,0.083417,4,0.554880,530.758,414.353,1
5,0.083417,3,0.705964,589.687,277.894,1
5,0.083417,1,0.613679,577.131,210.299,1
5,0.083417,5,0.643535,623.786,449.588,1
6,0.100100,2,0.608291,642.239,262.696,1
6,0.100100,4,0.377765,529.781,424.318,1
6,0.100100,3,0.625489,591.156,268.188,1
6,0.100100,1,0.649153,575.413,210.099,1
6,0.100100,5,0.561480,621.916,437.768,1
7,0.116783,2,0.777900,644.138,270.783,1
7,0.116783,4,0.198430,529.947,433.656,1
7,0.116783,3,0.585886,592.587,259.143,1
7,0.116783,1,0.629572,573.808,210.378,1
7,0.116783,5,0.052211,619.228,422.346,1
8,0.133467,2,0.310465,645.899,278.335,1
8,0.133467,4,0.468392,530.655,442.672,1
8,0.133467,3,0.610442,594.216,250.831,1
8,0.133467,1,0.563372,572.306,210.855,1
8,0.133467,5,0.369363,617.313,405.900,1
9,0.150150,2,0.628855,648.172,286.573,1
9,0.150150,4,0.229235,532.317,452.117,1
9,0.150150,3,0.647391,595.744,243.043,1
9,0.150150,1,0.553011,570.544,212.296,1
9,0.150150,5,0.317165,615.877,389.990,1
10,0.166833,2,0.851187,649.792,296.353,1
10,0.166833,4,0.606857,534.865,459.510,1
10,0.166833,3,0.142393,597.073,236.278,1
10,0.166833,1,0.765563,568.864,214.303,1
10,0.166833,5,0.351779,615.040,374.824,1
11,0.183517,2,0.696357,651.516,306.426,1
11,0.183517,4,0.212775,538.173,466.678,1
11,0.183517,3,0.737699,598.328,230.419,1
11,0.183517,1,0.558144,567.318,216.959,1
11,0.183517,5,0.696186,613.391,360.053,1
12,0.200200,2,0.664938,653.248,316.912,1
12,0.200200,4,0.212775,539.650,475.057,0
12,0.200200,3,0.504124,599.570,224.608,1
12,0.200200,1,0.407752,565.810,219.988,1
12,0.200200,5,0.058828,612.828,345.485,1
13,0.216883,2,0.602483,654.940,327.992,1
13,0.216883,4,0.130427,544.830,481.028,1
13,0.216883,3,0.548139,600.724,219.343,1
13,0.216883,1,0.596145,564.247,223.716,1
13,0.216883,5,0.141715,611.744,332.285,1
14,0.233567,2,0.628393,656.815,339.424,1
14,0.233567,4,0.572392,550.402,485.841,1
14,0.233567,3,0.693392,601.980,215.149,1
14,0.233567,1,0.680149,562.938,227.941,1
14,0.233567,5,0.415434,610.357,319.085,1
15,0.250250,2,0.668449,658.450,351.848,1
15,0.250250,4,0.177386,555.535,487.910,1
15,0.250250,3,0.698470,603.244,211.701,1
15,0.250250,1,0.593983,561.235,232.691,1
15,0.250250,5,0.541304,609.035,307.423,1
16,0.266933,2,0.574019,660.129,364.897,1
16,0.266933,4,0.252535,559.960,487.405,1
16,0.266933,3,0.100660,604.752,208.656,1
16,0.266933,1,0.257913,559.918,238.187,1
16,0.266933,5,0.303669,607.918,296.269,1
17,0.283617,2,0.783797,661.803,378.366,1
17,0.283617,4,0.219986,563.966,483.809,1
17,0.283617,3,0.671784,606.155,206.394,1
17,0.283617,1,0.518345,558.382,244.059,1
17,0.283617,5,0.631726,606.629,286.057,1
18,0.300300,2,0.639223,663.159,390.905,1
18,0.300300,4,0.484445,567.087,476.329,1
18,0.300300,3,0.712950,607.549,204.717,1
18,0.300300,1,0.423645,556.575,250.395,1
18,0.300300,5,0.355121,605.332,276.449,1
19,0.316983,2,0.336899,664.130,401.855,1
19,0.316983,4,0.166948,569.654,466.030,1
19,0.316983,3,0.485192,608.865,203.468,1
19,0.316983,1,0.532802,555.134,257.634,1
19,0.316983,5,0.374862,604.429,267.959,1
20,0.333667,2,0.053352,663.917,413.467,1
20,0.333667,4,0.308663,571.199,453.500,1
20,0.333667,3,0.389019,609.905,202.552,1
20,0.333667,1,0.494111,553.611,265.288,1
20,0.333667,5,0.233032,603.592,259.924,1
21,0.350350,2,0.053352,664.922,425.182,0
21,0.350350,4,0.570374,573.793,437.958,1
21,0.350350,3,0.555378,611.065,202.385,1
21,0.350350,1,0.082674,551.782,273.230,1
21,0.350350,5,0.493607,602.314,252.331,1
22,0.367033,2,0.101968,663.038,434.077,1
22,0.367033,4,0.141772,576.178,422.097,1
22,0.367033,3,0.451187,612.476,202.500,1
22,0.367033,1,0.441397,550.196,281.806,1
22,0.367033,5,0.459592,601.195,245.354,1
23,0.383717,2,0.131397,660.199,441.855,1
23,0.383717,4,0.163935,577.929,405.625,1
23,0.383717,3,0.535279,613.616,203.237,1
23,0.383717,1,0.393546,548.670,290.889,1
23,0.383717,5,0.299752,599.994,239.198,1
24,0.400400,2,0.131397,659.621,451.975,0
24,0.400400,4,0.163935,580.391,393.711,0
24,0.400400,3,0.348874,614.986,204.445,1
24,0.400400,1,0.365393,547.242,300.368,1
24,0.400400,5,0.272182,598.895,233.113,1
25,0.417083,2,0.131397,659.043,462.095,0
25,0.417083,4,0.084956,581.603,377.382,1
25,0.417083,3,0.516825,616.596,206.026,1
25,0.417083,1,0.192550,545.867,310.228,1
25,0.417083,5,0.233903,597.752,227.352,1
26,0.433767,2,0.053623,652.407,467.601,1
26,0.433767,4,0.692039,583.103,362.235,1
26,0.433767,3,0.455908,617.921,208.188,1
26,0.433767,1,0.582182,544.355,320.972,1
26,0.433767,5,0.417912,596.509,222.148,1
27,0.450450,2,0.079524,646.144,472.644,1
27,0.450450,4,0.654817,584.630,347.739,1
27,0.450450,3,0.466519,619.430,210.746,1
27,0.450450,1,0.637362,542.733,332.769,1
27,0.450450,5,0.437919,595.377,217.760,1
28,0.467133,2,0.301327,639.907,476.403,1
28,0.467133,4,0.538132,585.736,334.425,1
28,0.467133,3,0.384775,621.301,213.937,1
28,0.467133,1,0.468353,541.372,344.920,1
28,0.467133,5,0.208636,594.348,213.441,1
29,0.483817,2,0.186417,634.857,480.763,1
29,0.483817,4,0.557430,587.091,321.883,1
29,0.483817,3,0.451661,622.692,217.933,1
29,0.483817,1,0.673769,539.997,357.585,1
29,0.483817,5,0.652297,593.356,210.154,1
30,0.500500,2,0.094730,630.468,482.926,1
30,0.500500,4,0.495158,588.760,310.297,1
30,0.500500,3,0.718788,623.672,222.409,1
30,0.500500,1,0.808038,538.157,370.876,1
30,0.500500,5,0.710165,592.189,207.822,1
31,0.517183,2,0.197405,626.462,481.345,1
31,0.517183,4,0.694117,590.298,299.966,1
31,0.517183,3,0.705776,625.017,227.473,1
31,0.517183,1,0.665128,536.349,384.910,1
31,0.517183,5,0.709813,590.810,205.554,1
32,0.533867,2,0.105404,622.997,476.589,1
32,0.533867,4,0.470125,591.737,290.429,1
32,0.533867,3,0.554311,626.427,233.003,1
32,0.533867,1,0.730144,534.375,398.270,1
32,0.533867,5,0.417383,589.851,203.878,1
33,0.550550,2,0.768812,619.997,469.234,1
33,0.550550,4,0.664270,593.060,281.737,1
33,0.550550,3,0.741240,627.498,239.132,1
33,0.550550,1,0.513970,532.905,410.234,1
33,0.550550,5,0.609072,588.681,202.449,1
34,0.567233,2,0.547774,617.176,458.665,1
34,0.567233,4,0.630728,594.517,273.802,1
34,0.567233,3,0.678242,628.791,245.858,1
34,0.567233,1,0.621958,532.032,419.494,1
34,0.567233,5,0.543382,587.472,201.546,1
35,0.583917,2,0.799130,615.095,446.056,1
35,0.583917,4,0.723932,595.774,266.415,1
35,0.583917,3,0.644890,630.112,253.194,1
35,0.583917,1,0.056807,531.917,428.033,1
35,0.583917,5,0.748072,586.482,201.154,1
36,0.600600,2,0.094701,613.887,431.423,1
36,0.600600,4,0.665192,596.868,259.793,1
36,0.600600,3,0.512049,631.188,261.071,1
36,0.600600,1,0.544988,532.688,435.284,1
36,0.600600,5,0.662210,585.675,201.169,1
37,0.617283,2,0.322995,612.189,415.386,1
37,0.617283,4,0.350575,598.094,253.509,1
37,0.617283,3,0.541785,632.174,269.397,1
37,0.617283,1,0.507720,534.181,441.734,1
37,0.617283,5,0.576882,584.490,201.767,1
38,0.633967,2,0.322995,609.811,405.042,0
38,0.633967,4,0.366092,599.163,247.249,1
38,0.633967,3,0.076519,633.535,277.531,1
38,0.633967,1,0.237912,536.674,449.156,1
38,0.633967,5,0.088659,583.605,203.549,1
39,0.650650,2,0.149265,608.497,386.296,1
39,0.650650,4,0.401084,600.153,241.584,1
39,0.650650,3,0.560598,634.800,287.030,1
39,0.650650,1,0.219745,539.407,456.384,1
39,0.650650,5,0.262714,582.443,205.279,1
40,0.667333,2,0.313710,607.619,367.938,1
40,0.667333,4,0.213728,601.751,236.358,1
40,0.667333,3,0.218569,635.720,297.297,1
40,0.667333,1,0.219745,540.595,464.571,0
40,0.667333,5,0.196076,580.916,207.886,1
41,0.684017,2,0.313710,605.847,353.829,0
41,0.684017,4,0.599061,603.287,231.900,1
41,0.684017,3,0.642562,637.204,307.629,1
41,0.684017,1,0.176883,544.528,470.577,1
41,0.684017,5,0.317318,579.517,210.515,1
42,0.700700,2,0.054566,605.061,338.318,1
42,0.700700,4,0.773097,604.745,227.940,1
42,0.700700,3,0.801220,638.722,319.138,1
42,0.700700,1,0.189161,548.938,476.226,1
42,0.700700,5,0.500612,578.223,213.698,1
43,0.717383,2,0.184748,604.160,324.234,1
43,0.717383,4,0.628944,606.210,224.420,1
43,0.717383,3,0.581467,640.239,330.733,1
43,0.717383,1,0.229429,553.660,481.171,1
43,0.717383,5,0.472140,577.087,217.674,1
44,0.734067,2,0.254775,603.063,311.165,1
44,0.734067,4,0.472656,607.824,221.556,1
44,0.734067,3,0.560113,641.781,343.372,1
44,0.734067,1,0.225518,558.722,485.049,1
44,0.734067,5,0.316963,575.885,222.087,1
45,0.750750,2,0.559220,601.791,299.530,1
45,0.750750,4,0.712417,609.154,219.341,1
45,0.750750,3,0.762946,643.266,356.679,1
45,0.750750,1,0.374452,563.216,486.707,1
45,0.750750,5,0.443075,574.666,227.100,1
46,0.767433,2,0.490477,600.070,289.563,1
46,0.767433,4,0.498693,610.536,217.512,1
46,0.767433,3,0.506957,644.779,370.450,1
46,0.767433,1,0.124602,567.043,485.556,1
46,0.767433,5,0.298683,573.511,232.162,1
47,0.784117,2,0.608219,598.527,280.248,1
47,0.784117,4,0.683284,612.057,216.613,1
47,0.784117,3,0.094033,646.836,384.451,1
47,0.784117,1,0.071602,570.234,481.261,1
47,0.784117,5,0.202603,572.371,238.038,1
48,0.800800,2,0.637660,597.350,271.503,1
48,0.800800,4,0.641689,613.322,215.949,1
48,0.800800,3,0.094033,648.449,397.044,0
48,0.800800,1,0.178809,573.412,472.899,1
48,0.800800,5,0.437811,570.903,244.405,1
49,0.817483,2,0.692067,596.036,263.355,1
49,0.817483,4,0.738553,615.036,215.472,1
49,0.817483,3,0.094033,650.063,409.637,0
49,0.817483,1,0.152327,575.685,462.079,1
49,0.817483,5,0.671793,569.277,251.613,1
50,0.834167,2,0.672563,595.000,255.675,1
50,0.834167,4,0.764306,616.840,215.630,1
50,0.834167,3,0.175182,649.041,419.380,1
50,0.834167,1,0.514146,577.952,449.548,1
50,0.834167,5,0.675677,568.026,259.379,1
51,0.850850,2,0.653771,594.171,248.613,1
51,0.850850,4,0.772111,618.229,216.544,1
51,0.850850,3,0.057211,647.360,430.640,1
51,0.850850,1,0.679498,579.582,434.550,1
51,0.850850,5,0.690639,566.834,267.851,1
52,0.867533,2,0.302674,592.968,241.672,1
52,0.867533,4,0.631980,619.572,217.769,1
52,0.867533,3,0.212421,645.051,440.024,1
52,0.867533,1,0.755630,581.126,419.175,1
52,0.867533,5,0.504077,565.759,276.496,1
53,0.884217,2,0.468544,591.807,235.544,1
53,0.884217,4,0.724253,621.182,219.365,1
53,0.884217,3,0.541423,642.487,448.756,1
53,0.884217,1,0.633833,582.403,403.102,1
53,0.884217,5,0.592124,564.558,285.667,1
54,0.900900,2,0.264368,590.807,229.970,1
54,0.900900,4,0.682027,622.468,221.592,1
54,0.900900,3,0.193188,639.880,455.177,1
54,0.900900,1,0.468213,584.217,387.307,1
54,0.900900,5,0.500910,563.391,295.221,1
55,0.917583,2,0.657195,589.645,224.849,1
55,0.917583,4,0.735597,623.592,224.339,1
55,0.917583,3,0.580280,636.558,462.315,1
55,0.917583,1,0.541572,585.321,371.899,1
55,0.917583,5,0.621450,562.082,305.222,1
56,0.934267,2,0.284641,588.537,220.354,1
56,0.934267,4,0.765314,625.166,227.548,1
56,0.934267,3,0.580280,634.623,471.102,0
56,0.934267,1,0.587088,585.984,358.489,1
56,0.934267,5,0.157768,560.923,315.905,1
57,0.950950,2,0.612783,587.126,216.736,1
57,0.950950,4,0.300536,626.570,231.257,1
57,0.950950,3,0.077819,631.099,474.521,1
57,0.950950,1,0.085204,586.320,345.012,1
57,0.950950,5,0.105930,559.779,327.114,1
57,0.950950,6,0.052610,588.049,222.758,1
58,0.967633,2,0.612783,585.925,211.321,0
58,0.967633,4,0.737423,627.978,235.897,1
58,0.967633,3,0.079350,627.827,476.704,1
58,0.967633,1,0.373135,586.542,333.194,1
58,0.967633,5,0.262542,558.353,338.884,1
58,0.967633,6,0.535203,586.632,217.618,1
59,0.984317,2,0.612783,584.724,205.906,0
59,0.984317,4,0.454439,629.331,240.860,1
59,0.984317,3,0.079350,625.228,482.692,0
59,0.984317,1,0.383464,588.115,321.727,1
59,0.984317,5,0.490844,557.033,351.264,1
59,0.984317,6,0.597949,585.509,213.333,1
60,1.001000,2,0.612783,583.522,200.491,0
60,1.001000,4,0.668335,630.487,246.629,1
60,1.001000,3,0.079350,622.628,488.680,0
60,1.001000,1,0.300053,589.518,310.763,1
60,1.001000,5,0.544721,555.929,364.352,1
60,1.001000,6,0.584982,584.056,209.846,1
61,1.017683,2,0.612783,582.321,195.076,0
61,1.017683,4,0.574730,631.815,252.901,1
61,1.017683,3,0.511178,620.294,479.411,1
61,1.017683,1,0.651276,590.853,301.476,1
61,1.017683,5,0.375585,554.600,378.866,1
61,1.017683,6,0.587051,582.600,207.096,1
62,1.034367,2,0.612783,581.120,189.662,0
62,1.034367,4,0.769784,633.439,259.670,1
62,1.034367,3,0.161486,618.505,467.920,1
62,1.034367,1,0.698954,591.947,292.995,1
62,1.034367,5,0.332594,553.109,391.903,1
62,1.034367,6,0.689570,581.469,205.168,1
63,1.051050,4,0.662915,634.780,267.111,1
63,1.051050,3,0.549564,616.692,453.725,1
63,1.051050,1,0.567555,592.936,284.911,1
63,1.051050,5,0.332594,551.790,404.366,0
63,1.051050,6,0.722270,580.346,203.909,1
64,1.067733,4,0.549972,636.257,274.830,1
64,1.067733,3,0.180418,615.372,438.054,1
64,1.067733,1,0.633103,594.274,277.522,1
64,1.067733,5,0.134868,551.268,417.455,1
64,1.067733,6,0.636391,579.205,203.232,1
65,1.084417,4,0.742238,637.930,283.099,1
65,1.084417,3,0.050785,614.222,422.971,1
65,1.084417,1,0.806822,595.346,270.773,1
65,1.084417,5,0.725876,550.510,426.831,1
65,1.084417,6,0.678443,577.975,203.096,1
66,1.101100,4,0.685361,639.358,291.889,1
66,1.101100,3,0.235854,612.315,405.160,1
66,1.101100,1,0.778268,596.366,264.126,1
66,1.101100,5,0.604218,550.135,435.216,1
66,1.101100,6,0.783739,576.874,203.611,1
67,1.117783,4,0.755583,640.633,301.542,1
67,1.117783,3,0.076057,609.151,388.266,1
67,1.117783,1,0.203562,597.503,257.805,1
67,1.117783,5,0.582236,550.017,442.174,1
67,1.117783,6,0.630080,575.525,204.620,1
68,1.134467,4,0.379380,642.189,311.558,1
68,1.134467,3,0.248707,608.501,372.377,1
68,1.134467,1,0.396587,598.431,251.936,1
68,1.134467,5,0.521479,550.359,449.238,1
68,1.134467,6,0.526958,574.333,205.908,1
69,1.151150,4,0.535716,643.725,322.413,1
69,1.151150,3,0.295956,607.696,358.034,1
69,1.151150,1,0.670071,599.389,246.912,1
69,1.151150,5,0.198668,551.148,456.349,1
69,1.151150,6,0.698153,573.175,208.045,1
70,1.167833,4,0.555541,644.867,333.723,1
70,1.167833,3,0.335466,607.374,344.185,1
70,1.167833,1,0.366233,600.231,242.272,1
70,1.167833,5,0.198668,551.072,464.919,0
70,1.167833,6,0.234492,571.835,210.233,1
71,1.184517,4,0.399325,646.034,345.371,1
71,1.184517,3,0.081158,606.577,331.047,1
71,1.184517,1,0.596163,601.436,238.308,1
71,1.184517,5,0.222237,553.034,470.092,1
71,1.184517,6,0.765328,570.520,213.426,1
72,1.201200,4,0.645212,647.436,357.535,1
72,1.201200,3,0.248304,605.643,319.217,1
72,1.201200,1,0.600846,602.524,234.818,1
72,1.201200,5,0.126800,555.302,474.484,1
72,1.201200,6,0.700681,569.480,217.224,1
73,1.217883,4,0.510888,648.795,370.505,1
73,1.217883,3,0.574377,604.787,308.880,1
73,1.217883,1,0.690051,603.743,231.914,1
73,1.217883,5,0.063848,557.650,479.819,1
73,1.217883,6,0.615847,568.014,221.433,1
74,1.234567,4,0.422627,650.333,383.422,1
74,1.234567,3,0.545948,604.050,299.738,1
74,1.234567,1,0.714996,604.805,229.335,1
74,1.234567,5,0.132833,559.809,482.505,1
74,1.234567,6,0.749674,566.482,226.070,1
75,1.251250,4,0.404648,651.594,394.704,1
75,1.251250,3,0.541840,603.097,291.294,1
75,1.251250,1,0.703833,605.893,227.458,1
75,1.251250,5,0.125051,562.266,483.080,1
75,1.251250,6,0.645770,565.117,231.504,1
76,1.267933,4,0.165914,652.160,406.077,1
76,1.267933,3,0.140141,601.991,283.237,1
76,1.267933,1,0.591550,606.867,226.554,1
76,1.267933,5,0.125051,564.049,487.215,0
76,1.267933,6,0.562178,563.843,237.421,1
77,1.284617,4,0.302690,652.476,415.800,1
77,1.284617,3,0.513307,600.903,275.467,1
77,1.284617,1,0.667681,608.222,225.828,1
77,1.284617,5,0.129739,566.450,477.783,1
77,1.284617,6,0.571125,562.665,243.882,1
78,1.301300,4,0.326693,652.143,424.901,1
78,1.301300,3,0.451496,599.890,268.298,1
78,1.301300,1,0.663615,609.151,225.255,1
78,1.301300,5,0.066908,568.954,466.311,1
78,1.301300,6,0.568516,561.519,250.721,1
79,1.317983,4,0.156897,651.133,433.482,1
79,1.317983,3,0.429694,598.663,261.745,1
79,1.317983,1,0.739782,609.856,225.344,1
79,1.317983,5,0.066908,571.049,463.659,0
79,1.317983,6,0.549197,560.178,258.232,1
80,1.334667,4,0.135586,649.757,441.190,1
80,1.334667,3,0.393937,597.965,255.171,1
80,1.334667,1,0.670487,610.950,225.846,1
80,1.334667,5,0.067452,573.807,444.896,1
80,1.334667,6,0.476417,558.721,266.120,1
81,1.351350,4,0.295063,647.124,447.959,1
81,1.351350,3,0.627425,597.107,249.332,1
81,1.351350,1,0.693220,611.890,226.782,1
81,1.351350,5,0.473962,576.288,425.585,1
81,1.351350,6,0.669304,557.173,274.692,1
82,1.368033,4,0.295063,646.248,456.669,0
82,1.368033,3,0.546576,596.142,244.220,1
82,1.368033,1,0.471883,612.973,228.396,1
82,1.368033,5,0.767212,578.687,407.056,1
82,1.368033,6,0.368319,555.577,283.839,1
83,1.384717,4,0.587610,642.521,463.765,1
83,1.384717,3,0.320784,595.322,239.449,1
83,1.384717,1,0.394121,614.029,230.581,1
83,1.384717,5,0.296102,581.411,389.294,1
83,1.384717,6,0.081945,554.314,293.529,1
84,1.401400,4,0.117187,638.366,469.627,1
84,1.401400,3,0.111249,594.019,235.268,1
84,1.401400,1,0.291057,614.996,233.266,1
84,1.401400,5,0.085410,583.607,373.852,1
84,1.401400,6,0.710206,553.117,303.801,1
85,1.418083,4,0.117187,636.064,477.266,0
85,1.418083,3,0.344839,593.177,231.531,1
85,1.418083,1,0.328238,616.384,236.445,1
85,1.418083,5,0.331702,585.263,359.197,1
85,1.418083,6,0.642916,551.932,314.619,1
86,1.434767,4,0.117187,633.762,484.906,0
86,1.434767,3,0.500242,592.028,228.776,1
86,1.434767,1,0.564158,617.653,240.002,1
86,1.434767,5,0.304753,586.525,345.413,1
86,1.434767,6,0.176813,550.522,326.009,1
87,1.451450,4,0.063094,629.699,483.099,1
87,1.451450,3,0.667689,590.936,226.529,1
87,1.451450,1,0.637194,618.454,244.244,1
87,1.451450,5,0.498885,588.235,332.879,1
87,1.451450,6,0.704649,548.858,337.856,1
88,1.468133,4,0.063094,626.929,488.232,0
88,1.468133,3,0.715988,590.137,224.455,1
88,1.468133,1,0.616560,619.494,249.122,1
88,1.468133,5,0.696728,590.431,321.603,1
88,1.468133,6,0.756537,547.461,350.039,1
89,1.484817,4,0.063094,624.160,493.365,0
89,1.484817,3,0.528209,589.132,222.788,1
89,1.484817,1,0.521264,620.584,254.507,1
89,1.484817,5,0.473640,592.734,311.109,1
89,1.484817,6,0.616825,545.913,362.890,1
90,1.501500,4,0.211776,621.037,480.904,1
90,1.501500,3,0.440756,588.058,221.791,1
90,1.501500,1,0.583158,621.801,260.676,1
90,1.501500,5,0.241701,594.918,301.224,1
90,1.501500,6,0.600520,544.283,376.794,1
91,1.518183,4,0.424786,618.294,466.964,1
91,1.518183,3,0.624539,587.106,221.585,1
91,1.518183,1,0.699130,622.827,267.531,1
91,1.518183,5,0.497756,596.758,292.235,1
91,1.518183,6,0.540262,542.873,390.672,1
92,1.534867,4,0.096751,615.713,451.326,1
92,1.534867,3,0.411319,586.137,221.770,1
92,1.534867,1,0.430178,623.725,274.835,1
92,1.534867,5,0.074274,598.335,283.620,1
92,1.534867,6,0.051968,541.452,404.175,1
93,1.551550,4,0.379501,614.237,433.945,1
93,1.551550,3,0.599810,585.071,222.252,1
93,1.551550,1,0.329473,624.918,282.248,1
93,1.551550,5,0.147287,599.874,275.537,1
93,1.551550,6,0.149229,540.373,417.965,1
94,1.568233,4,0.094679,612.413,415.759,1
94,1.568233,3,0.636915,583.935,223.290,1
94,1.568233,1,0.537994,626.239,290.614,1
94,1.568233,5,0.517552,601.970,268.619,1
94,1.568233,6,0.056684,539.976,427.556,1
95,1.584917,4,0.094679,610.149,403.973,0
95,1.584917,3,0.646291,583.118,225.208,1
95,1.584917,1,0.639882,627.216,299.435,1
95,1.584917,5,0.725516,604.063,262.326,1
95,1.584917,6,0.205144,540.364,438.156,1
96,1.601600,4,0.094679,607.885,392.187,0
96,1.601600,3,0.532015,582.057,227.527,1
96,1.601600,1,0.597649,628.223,308.365,1
96,1.601600,5,0.623476,605.940,256.190,1
96,1.601600,6,0.281172,541.573,447.338,1
97,1.618283,4,0.094679,605.621,380.401,0
97,1.618283,3,0.067036,580.851,230.448,1
97,1.618283,1,0.508445,629.164,318.231,1
97,1.618283,5,0.523583,607.975,250.513,1
97,1.618283,6,0.281172,541.374,458.391,0
98,1.634967,4,0.172260,605.975,360.764,1
98,1.634967,3,0.467990,579.574,233.678,1
98,1.634967,1,0.621475,630.019,328.987,1
98,1.634967,5,0.464280,609.531,245.173,1
98,1.634967,6,0.281172,541.175,469.445,0
99,1.651650,4,0.172260,604.406,346.894,0
99,1.651650,3,0.365667,578.307,237.434,1
99,1.651650,1,0.498162,630.942,339.987,1
99,1.651650,5,0.366769,611.549,240.555,1
99,1.651650,6,0.086635,547.391,473.465,1
100,1.668333,4,0.256661,603.673,330.071,1
100,1.668333,3,0.415253,577.274,241.561,1
100,1.668333,1,0.681951,631.903,351.928,1
100,1.668333,5,0.477970,613.236,236.968,1
100,1.668333,6,0.086635,548.895,482.652,0
101,1.685017,4,0.363438,602.788,315.072,1
101,1.685017,3,0.484524,576.269,246.003,1
101,1.685017,1,0.396920,632.773,364.361,1
101,1.685017,5,0.555148,615.078,233.517,1
101,1.685017,6,0.052175,556.340,482.207,1
102,1.701700,4,0.278044,602.146,302.382,1
102,1.701700,3,0.503338,575.062,250.996,1
102,1.701700,1,0.264008,633.822,376.664,1
102,1.701700,5,0.787077,617.007,230.826,1
102,1.701700,6,0.112752,563.455,482.456,1
103,1.718383,4,0.646757,601.064,291.368,1
103,1.718383,3,0.540190,573.797,257.429,1
103,1.718383,1,0.264008,634.793,387.827,0
103,1.718383,5,0.683379,618.543,228.793,1
103,1.718383,6,0.295135,569.833,479.942,1
104,1.735067,4,0.492380,600.169,280.957,1
104,1.735067,3,0.467019,572.664,264.010,1
104,1.735067,1,0.264008,635.764,398.989,0
104,1.735067,5,0.669745,620.230,227.185,1
104,1.735067,6,0.295135,574.576,482.902,0
105,1.751750,4,0.416109,598.811,271.540,1
105,1.751750,3,0.495716,571.208,271.312,1
105,1.751750,1,0.069461,637.491,410.204,1
105,1.751750,5,0.694792,621.864,225.904,1
105,1.751750,6,0.053971,579.173,471.489,1
106,1.768433,4,0.522847,597.477,263.368,1
106,1.768433,3,0.629734,570.057,279.371,1
106,1.768433,1,0.069461,638.663,421.380,0
106,1.768433,5,0.731837,623.447,224.670,1
106,1.768433,6,0.053971,583.877,470.635,0
107,1.785117,4,0.606371,596.195,255.988,1
107,1.785117,3,0.574751,568.859,287.149,1
107,1.785117,1,0.115545,639.409,430.903,1
107,1.785117,5,0.633500,625.271,224.032,1
107,1.785117,6,0.252371,586.743,451.756,1
108,1.801800,4,0.744862,595.169,249.139,1
108,1.801800,3,0.076670,567.756,295.461,1
108,1.801800,1,0.089475,639.973,440.562,1
108,1.801800,5,0.708579,626.879,224.009,1
108,1.801800,6,0.079385,588.989,431.495,1
109,1.818483,4,0.637653,594.115,243.036,1
109,1.818483,3,0.710015,566.380,304.642,1
109,1.818483,1,0.268279,640.015,449.427,1
109,1.818483,5,0.686058,628.582,224.451,1
109,1.818483,6,0.259441,591.600,411.936,1
110,1.835167,4,0.678276,592.800,237.154,1
110,1.835167,3,0.714294,565.234,314.493,1
110,1.835167,1,0.645177,639.445,457.724,1
110,1.835167,5,0.770097,630.069,225.612,1
110,1.835167,6,0.504578,593.950,393.748,1
111,1.851850,4,0.844767,591.365,231.764,1
111,1.851850,3,0.771920,564.253,324.738,1
111,1.851850,1,0.600520,638.605,465.047,1
111,1.851850,5,0.738856,631.290,227.158,1
111,1.851850,6,0.248495,595.115,378.317,1
112,1.868533,4,0.666921,590.186,226.918,1
112,1.868533,3,0.664643,563.313,335.856,1
112,1.868533,1,0.221419,636.554,472.352,1
112,1.868533,5,0.496098,632.829,229.290,1
112,1.868533,6,0.499014,596.217,362.318,1
113,1.885217,4,0.483889,588.752,222.435,1
113,1.885217,3,0.620964,562.365,347.478,1
113,1.885217,1,0.136580,634.852,476.301,1
113,1.885217,5,0.119227,634.818,231.748,1
113,1.885217,6,0.499014,598.424,347.629,0
114,1.901900,4,0.600105,587.268,218.600,1
114,1.901900,3,0.566044,561.414,359.549,1
114,1.901900,1,0.136580,634.022,483.616,0
114,1.901900,5,0.590228,636.798,235.043,1
114,1.901900,6,0.067190,599.513,334.550,1
115,1.918583,4,0.755856,586.179,215.431,1
115,1.918583,3,0.798004,560.166,371.761,1
115,1.918583,1,0.399333,632.996,482.292,1
115,1.918583,5,0.829528,638.964,239.092,1
115,1.918583,6,0.618645,600.356,322.502,1
116,1.935267,4,0.565107,584.955,212.662,1
116,1.935267,3,0.629081,558.961,383.769,1
116,1.935267,1,0.133346,631.529,478.574,1
116,1.935267,5,0.731652,640.694,243.327,1
116,1.935267,6,0.337424,601.258,311.430,1
117,1.951950,4,0.829470,583.689,210.095,1
117,1.951950,3,0.726899,558.027,396.633,1
117,1.951950,1,0.812480,629.821,472.344,1
117,1.951950,5,0.771466,642.834,248.137,1
117,1.951950,6,0.442889,602.469,301.424,1
118,1.968633,4,0.782974,582.226,208.239,1
118,1.968633,3,0.499287,557.810,408.339,1
118,1.968633,1,0.084184,628.333,463.691,1
118,1.968633,5,0.757105,644.423,253.386,1
118,1.968633,6,0.639449,603.985,292.258,1
119,1.985317,4,0.595310,580.926,206.786,1
119,1.985317,3,0.178686,557.599,420.640,1
119,1.985317,1,0.524460,626.027,451.842,1
119,1.985317,5,0.662754,646.077,258.749,1
119,1.985317,6,0.689745,605.186,283.474,1
120,2.002000,4,0.606819,579.314,205.919,1
120,2.002000,3,0.121886,557.772,429.080,1
120,2.002000,1,0.395252,624.038,437.578,1
120,2.002000,5,0.182126,648.188,264.370,1
120,2.002000,6,0.451997,606.532,275.316,1
121,2.018683,4,0.698342,577.747,205.689,1
121,2.018683,3,0.128607,557.208,438.100,1
121,2.018683,1,0.252027,622.010,421.981,1
121,2.018683,5,0.673015,649.692,271.306,1
121,2.018683,6,0.538986,608.021,267.637,1
122,2.035367,4,0.633434,576.413,205.945,1
122,2.035367,3,0.257118,556.774,445.362,1
122,2.035367,1,0.142427,620.908,405.629,1
122,2.035367,5,0.546417,651.301,279.031,1
122,2.035367,6,0.614172,609.446,260.864,1
123,2.052050,4,0.695381,574.913,206.696,1
123,2.052050,3,0.109644,556.596,453.876,1
123,2.052050,1,0.142427,619.318,394.362,0
123,2.052050,5,0.657133,652.972,286.871,1
123,2.052050,6,0.600730,610.884,254.478,1
124,2.068733,4,0.791044,573.533,208.145,1
124,2.068733,3,0.270334,557.541,461.350,1
124,2.068733,1,0.262281,617.916,376.653,1
124,2.068733,5,0.783907,654.689,295.439,1
124,2.068733,6,0.566087,612.315,248.694,1
125,2.085417,4,0.543193,572.244,209.709,1
125,2.085417,3,0.100117,558.555,468.782,1
125,2.085417,1,0.621952,616.710,361.111,1
125,2.085417,5,0.685692,656.562,304.506,1
125,2.085417,6,0.535352,613.778,243.394,1
126,2.102100,4,0.608460,570.510,212.029,1
126,2.102100,3,0.100117,558.797,477.234,0
126,2.102100,1,0.699716,615.466,346.511,1
126,2.102100,5,0.616728,658.359,313.995,1
126,2.102100,6,0.478102,615.188,238.738,1
127,2.118783,4,0.741996,569.008,214.979,1
127,2.118783,3,0.127723,560.986,480.735,1
127,2.118783,1,0.224460,614.424,333.087,1
127,2.118783,5,0.640383,660.176,324.077,1
127,2.118783,6,0.622174,616.906,234.700,1
128,2.135467,4,0.628291,567.498,218.448,1
128,2.135467,3,0.149271,563.792,484.696,1
128,2.135467,1,0.134137,612.894,320.251,1
128,2.135467,5,0.374969,661.696,334.752,1
128,2.135467,6,0.067508,618.214,230.694,1
129,2.152150,4,0.732518,565.860,222.467,1
129,2.152150,3,0.676258,566.030,486.860,1
129,2.152150,1,0.662351,611.312,308.227,1
129,2.152150,5,0.731224,663.487,346.197,1
129,2.152150,6,0.747517,619.519,227.305,1
130,2.168833,4,0.796427,564.418,227.122,1
130,2.168833,3,0.613512,568.392,486.516,1
130,2.168833,1,0.683794,609.884,297.473,1
130,2.168833,5,0.703965,665.601,357.682,1
130,2.168833,6,0.729255,621.009,224.540,1
131,2.185517,4,0.669390,563.207,232.238,1
131,2.185517,3,0.410954,570.999,483.131,1
131,2.185517,1,0.510535,608.534,287.589,1
131,2.185517,5,0.603855,667.201,370.282,1
131,2.185517,6,0.615298,622.145,222.491,1
132,2.202200,4,0.691657,561.701,237.901,1
132,2.202200,3,0.324563,573.397,476.186,1
132,2.202200,1,0.734222,607.129,278.661,1
132,2.202200,5,0.732252,668.237,381.525,1
132,2.202200,6,0.796960,622.960,221.137,1
133,2.218883,4,0.677766,560.161,244.065,1
133,2.218883,3,0.117881,576.312,466.009,1
133,2.218883,1,0.766752,605.891,270.392,1
133,2.218883,5,0.699334,668.837,391.712,1
133,2.218883,6,0.774211,624.438,219.862,1
134,2.235567,4,0.649545,558.949,250.797,1
134,2.235567,3,0.479367,578.450,452.734,1
134,2.235567,1,0.654586,604.505,262.784,1
134,2.235567,5,0.487253,669.126,400.969,1
134,2.235567,6,0.720637,625.935,219.192,1
135,2.252250,4,0.686164,557.361,258.300,1
135,2.252250,3,0.619811,581.131,437.446,1
135,2.252250,1,0.672397,603.173,255.479,1
135,2.252250,5,0.685214,668.776,409.653,1
135,2.252250,6,0.730976,627.251,219.082,1
136,2.268933,4,0.584114,555.859,266.329,1
136,2.268933,3,0.510318,583.717,420.912,1
136,2.268933,1,0.559358,601.866,248.773,1
136,2.268933,5,0.690364,667.922,417.900,1
136,2.268933,6,0.739833,628.573,219.254,1
137,2.285617,4,0.721282,554.450,274.907,1
137,2.285617,3,0.341038,585.323,403.845,1
137,2.285617,1,0.483635,600.047,242.290,1
137,2.285617,5,0.758328,666.218,426.574,1
137,2.285617,6,0.312664,629.819,220.268,1
138,2.302300,4,0.719422,552.933,283.963,1
138,2.302300,3,0.341038,587.537,391.614,0
138,2.302300,1,0.531298,598.658,236.715,1
138,2.302300,5,0.263594,663.461,435.851,1
138,2.302300,6,0.533870,630.858,221.925,1
139,2.318983,4,0.146324,551.460,293.859,1
139,2.318983,3,0.285899,589.104,374.445,1
139,2.318983,1,0.366791,597.322,231.521,1
139,2.318983,5,0.221151,659.728,445.061,1
139,2.318983,6,0.562633,631.910,223.742,1
140,2.335667,4,0.811967,549.886,304.270,1
140,2.335667,3,0.304911,590.918,358.023,1
140,2.335667,1,0.769714,595.763,226.965,1
140,2.335667,5,0.378083,654.627,454.026,1
140,2.335667,6,0.760308,633.327,226.355,1
141,2.352350,4,0.768141,548.153,315.140,1
141,2.352350,3,0.196534,592.832,343.698,1
141,2.352350,1,0.759921,594.454,223.034,1
141,2.352350,5,0.582564,649.826,461.935,1
141,2.352350,6,0.767699,634.768,229.029,1
142,2.369033,4,0.051560,546.630,326.542,1
142,2.369033,3,0.355662,595.167,329.940,1
142,2.369033,1,0.770469,593.285,219.565,1
142,2.369033,5,0.289468,645.406,468.893,1
142,2.369033,6,0.198473,636.134,232.088,1
143,2.385717,4,0.622179,545.300,338.797,1
143,2.385717,3,0.129144,597.162,317.441,1
143,2.385717,1,0.723123,591.671,216.770,1
143,2.385717,5,0.129854,641.319,474.022,1
143,2.385717,6,0.641560,637.676,236.062,1
144,2.402400,4,0.771792,543.934,351.541,1
144,2.402400,3,0.381242,599.126,306.119,1
144,2.402400,1,0.771274,590.457,213.923,1
144,2.402400,5,0.077149,637.254,475.812,1
144,2.402400,6,0.701254,639.437,240.464,1
145,2.419083,4,0.713567,542.432,364.752,1
145,2.419083,3,0.568028,601.402,295.854,1
145,2.419083,1,0.764551,589.288,211.912,1
145,2.419083,5,0.124238,634.203,475.230,1
145,2.419083,6,0.745030,641.028,245.444,1
146,2.435767,4,0.378846,541.089,378.098,1
146,2.435767,3,0.427401,603.550,285.956,1
146,2.435767,1,0.182640,588.058,210.001,1
146,2.435767,5,0.687100,631.001,469.953,1
146,2.435767,6,0.580622,642.240,250.835,1
147,2.452450,4,0.066365,539.428,391.082,1
147,2.452450,3,0.654395,605.426,276.963,1
147,2.452450,1,0.498402,586.814,208.859,1
147,2.452450,5,0.469872,627.922,461.253,1
147,2.452450,6,0.729699,643.716,256.897,1
148,2.469133,4,0.104256,537.886,405.239,1
148,2.469133,3,0.610199,607.319,268.636,1
148,2.469133,1,0.526403,585.765,208.391,1
148,2.469133,5,0.299266,625.780,449.243,1
148,2.469133,6,0.565401,645.069,263.434,1
149,2.485817,4,0.437351,537.043,415.450,1
149,2.485817,3,0.530002,608.966,261.495,1
149,2.485817,1,0.098299,584.681,208.613,1
149,2.485817,5,0.135372,623.910,434.437,1
149,2.485817,6,0.696370,646.244,270.797,1
150,2.502500,4,0.398645,536.809,424.998,1
150,2.502500,3,0.692946,610.491,254.195,1
150,2.502500,1,0.645811,583.618,209.395,1
150,2.502500,5,0.627678,621.924,419.014,1
150,2.502500,6,0.723670,647.660,278.705,1
151,2.519183,4,0.278672,537.737,433.657,1
151,2.519183,3,0.545305,612.548,247.606,1
151,2.519183,1,0.396496,582.742,210.387,1
151,2.519183,5,0.216977,620.411,402.428,1
151,2.519183,6,0.498688,649.213,286.908,1
152,2.535867,4,0.278672,537.219,444.361,0
152,2.535867,3,0.069076,614.161,241.628,1
152,2.535867,1,0.315984,581.700,212.421,1
152,2.535867,5,0.216977,618.147,391.329,0
152,2.535867,6,0.488008,650.354,295.647,1
152,2.535867,7,0.053815,580.854,214.398,1
153,2.552550,4,0.278672,536.701,455.066,0
153,2.552550,3,0.327390,616.196,235.789,1
153,2.552550,1,0.315984,580.632,212.709,0
153,2.552550,5,0.113495,616.802,373.208,1
153,2.552550,6,0.587488,651.335,305.060,1
153,2.552550,7,0.490384,578.913,216.361,1
154,2.569233,4,0.355903,541.589,459.278,1
154,2.569233,3,0.554979,618.039,230.565,1
154,2.569233,1,0.060966,596.661,221.984,1
154,2.569233,5,0.148949,615.915,356.003,1
154,2.569233,6,0.162181,652.766,315.196,1
154,2.569233,7,0.512400,577.458,219.004,1
155,2.585917,4,0.263136,546.832,463.354,1
155,2.585917,3,0.721797,619.734,225.816,1
155,2.585917,1,0.539653,589.637,224.337,1
155,2.585917,5,0.221184,614.918,341.109,1
155,2.585917,6,0.658083,653.937,325.849,1
155,2.585917,7,0.168582,576.227,222.165,1
156,2.602600,4,0.123145,551.331,467.773,1
156,2.602600,3,0.640819,621.524,221.768,1
156,2.602600,1,0.539653,590.321,226.924,0
156,2.602600,5,0.178501,613.450,326.804,1
156,2.602600,6,0.526434,655.196,336.515,1
156,2.602600,7,0.523004,574.972,226.000,1
157,2.619283,4,0.183518,556.217,472.934,1
157,2.619283,3,0.702923,623.073,218.333,1
157,2.619283,1,0.539653,591.006,229.512,0
157,2.619283,5,0.471361,611.440,314.080,1
157,2.619283,6,0.636317,656.766,347.881,1
157,2.619283,7,0.701445,573.589,230.227,1
158,2.635967,4,0.269274,560.179,476.673,1
158,2.635967,3,0.672008,624.870,215.369,1
158,2.635967,1,0.539653,591.690,232.099,0
158,2.635967,5,0.613794,609.570,302.526,1
158,2.635967,6,0.703165,658.173,359.741,1
158,2.635967,7,0.620894,572.438,235.025,1
159,2.652650,4,0.478356,563.573,478.925,1
159,2.652650,3,0.611507,626.511,212.916,1
159,2.652650,1,0.539653,592.374,234.687,0
159,2.652650,5,0.531652,607.912,291.878,1
159,2.652650,6,0.523594,658.989,371.753,1
159,2.652650,7,0.483033,571.025,240.345,1
160,2.669333,4,0.248134,566.865,477.764,1
160,2.669333,3,0.660701,628.264,210.717,1
160,2.669333,1,0.539653,593.059,237.275,0
160,2.669333,5,0.459706,606.144,281.929,1
160,2.669333,6,0.449498,660.156,382.204,1
160,2.669333,7,0.534478,569.531,246.116,1
161,2.686017,4,0.095185,570.204,472.601,1
161,2.686017,3,0.489230,629.798,209.122,1
161,2.686017,1,0.094646,598.518,256.030,1
161,2.686017,5,0.461142,604.478,272.709,1
161,2.686017,6,0.433714,661.320,391.605,1
161,2.686017,7,0.404888,567.938,252.581,1
162,2.702700,4,0.320381,573.015,463.340,1
162,2.702700,3,0.419826,631.046,208.258,1
162,2.702700,1,0.586091,601.759,265.014,1
162,2.702700,5,0.461142,602.778,261.538,0
162,2.702700,6,0.490743,662.270,399.293,1
162,2.702700,7,0.581277,566.348,259.658,1
163,2.719383,4,0.774597,576.301,451.912,1
163,2.719383,3,0.704175,632.992,208.024,1
163,2.719383,1,0.586091,604.052,272.451,0
163,2.719383,5,0.655738,601.077,254.488,1
163,2.719383,6,0.262868,662.477,407.688,1
163,2.719383,7,0.596198,564.982,267.429,1
164,2.736067,4,0.664672,579.038,438.158,1
164,2.736067,3,0.670223,634.907,208.244,1
164,2.736067,1,0.586091,606.346,279.888,0
164,2.736067,5,0.313884,599.147,248.066,1
164,2.736067,6,0.538784,661.716,414.592,1
164,2.736067,7,0.444482,563.623,275.773,1
165,2.752750,4,0.539392,581.586,422.688,1
165,2.752750,3,0.079769,636.506,208.784,1
165,2.752750,5,0.542303,597.681,241.757,1
165,2.752750,6,0.364121,660.383,423.678,1
165,2.752750,7,0.605116,562.358,284.523,1
166,2.769433,4,0.391161,584.091,406.032,1
166,2.769433,3,0.127264,638.251,209.743,1
166,2.769433,5,0.581140,595.987,235.975,1
166,2.769433,6,0.388669,658.735,432.210,1
166,2.769433,7,0.728266,560.814,294.064,1
167,2.786117,4,0.193603,585.990,389.421,1
167,2.786117,3,0.583336,639.846,211.552,1
167,2.786117,5,0.773286,594.725,230.579,1
167,2.786117,6,0.500692,655.807,441.993,1
167,2.786117,7,0.574950,559.470,304.118,1
168,2.802800,4,0.120380,586.906,373.696,1
168,2.802800,3,0.640079,641.546,213.624,1
168,2.802800,5,0.634585,593.161,225.414,1
168,2.802800,6,0.500692,654.694,451.001,0
168,2.802800,7,0.605848,558.152,314.727,1
169,2.819483,4,0.478492,588.541,359.283,1
169,2.819483,3,0.791353,643.434,216.240,1
169,2.819483,5,0.068984,591.370,220.588,1
169,2.819483,6,0.064966,650.484,459.997,1
169,2.819483,7,0.701474,556.412,326.030,1
170,2.836167,4,0.170996,589.404,344.962,1
170,2.836167,3,0.762329,645.065,219.422,1
170,2.836167,5,0.670532,590.023,216.517,1
170,2.836167,6,0.053776,646.700,468.217,1
170,2.836167,7,0.485601,555.009,337.849,1
171,2.852850,4,0.118044,590.954,331.581,1
171,2.852850,3,0.610833,647.008,223.217,1
171,2.852850,5,0.334304,588.396,212.818,1
171,2.852850,6,0.083437,642.824,473.819,1
171,2.852850,7,0.630632,553.806,350.178,1
172,2.869533,4,0.585831,592.551,319.418,1
172,2.869533,3,0.745257,648.935,227.684,1
172,2.869533,5,0.237894,586.723,209.441,1
172,2.869533,6,0.077191,638.779,475.702,1
172,2.869533,7,0.718671,552.228,362.931,1
173,2.886217,4,0.724986,594.448,308.086,1
173,2.886217,3,0.776955,650.688,232.579,1
173,2.886217,5,0.696025,585.323,206.761,1
173,2.886217,6,0.173918,635.417,474.985,1
173,2.886217,7,0.596233,550.594,375.996,1
174,2.902900,4,0.733197,595.981,298.198,1
174,2.902900,3,0.717533,652.563,238.144,1
174,2.902900,5,0.700510,583.256,204.734,1
174,2.902900,6,0.487491,632.327,470.252,1
174,2.902900,7,0.795418,549.148,389.725,1
175,2.919583,4,0.228753,597.588,289.118,1
175,2.919583,3,0.550767,654.371,244.146,1
175,2.919583,5,0.524991,581.633,203.352,1
175,2.919583,6,0.093625,629.739,462.605,1
175,2.919583,7,0.346611,547.737,402.121,1
176,2.936267,4,0.418284,599.257,280.455,1
176,2.936267,3,0.695992,656.238,250.574,1
176,2.936267,5,0.621475,579.843,202.035,1
176,2.936267,6,0.813931,627.454,451.660,1
176,2.936267,7,0.407673,546.051,414.770,1
177,2.952950,4,0.468950,600.750,272.479,1
177,2.952950,3,0.714658,657.952,258.034,1
177,2.952950,5,0.621169,578.165,201.354,1
177,2.952950,6,0.870307,625.655,437.961,1
177,2.952950,7,0.685032,544.761,425.471,1
178,2.969633,4,0.634460,602.138,265.311,1
178,2.969633,3,0.669456,659.696,265.668,1
178,2.969633,5,0.563790,576.690,201.160,1
178,2.969633,6,0.717908,624.170,423.006,1
178,2.969633,7,0.592746,544.093,435.399,1
179,2.986317,4,0.655939,603.931,258.816,1
179,2.986317,3,0.644573,661.514,273.746,1
179,2.986317,5,0.777742,574.890,201.837,1
179,2.986317,6,0.660438,622.398,405.380,1
179,2.986317,7,0.107331,544.106,444.461,1
180,3.003000,4,0.732971,605.259,252.539,1
180,3.003000,3,0.732544,662.872,282.453,1
180,3.003000,5,0.754934,573.397,202.924,1
180,3.003000,6,0.625454,621.304,388.271,1
180,3.003000,7,0.479625,544.346,451.574,1
181,3.019683,4,0.623748,606.568,246.685,1
181,3.019683,3,0.629758,664.643,291.598,1
181,3.019683,5,0.649825,571.474,204.469,1
181,3.019683,6,0.329079,620.787,371.700,1
181,3.019683,7,0.637344,545.360,458.615,1
182,3.036367,4,0.206661,608.176,241.344,1
182,3.036367,3,0.570360,666.465,301.555,1
182,3.036367,5,0.558876,569.630,206.707,1
182,3.036367,6,0.436431,620.213,356.339,1
182,3.036367,7,0.078805,547.153,465.718,1
183,3.053050,4,0.239745,609.497,236.656,1
183,3.053050,3,0.102388,668.336,311.290,1
183,3.053050,5,0.551359,568.152,209.141,1
183,3.053050,6,0.689060,618.824,342.630,1
183,3.053050,7,0.084657,549.145,472.958,1
184,3.069733,4,0.600970,610.686,232.408,1
184,3.069733,3,0.704587,670.509,322.570,1
184,3.069733,5,0.404946,566.331,212.340,1
184,3.069733,6,0.316352,617.529,328.513,1
184,3.069733,7,0.053164,552.184,478.620,1
185,3.086417,4,0.707881,612.417,228.531,1
185,3.086417,3,0.659594,672.105,334.307,1
185,3.086417,5,0.729624,564.614,216.219,1
185,3.086417,6,0.642814,616.391,316.161,1
185,3.086417,7,0.671722,555.338,484.227,1
186,3.103100,4,0.663524,613.572,225.259,1
186,3.103100,3,0.587500,673.882,346.433,1
186,3.103100,5,0.152624,563.010,220.267,1
186,3.103100,6,0.596282,615.515,304.836,1
186,3.103100,7,0.204022,558.522,487.157,1
187,3.119783,4,0.646306,614.983,222.269,1
187,3.119783,3,0.679789,675.437,359.096,1
187,3.119783,5,0.725499,561.221,224.946,1
187,3.119783,6,0.682487,614.123,294.247,1
187,3.119783,7,0.349838,561.635,488.463,1
188,3.136467,4,0.522085,616.443,220.082,1
188,3.136467,3,0.652750,677.544,372.531,1
188,3.136467,5,0.623393,559.380,230.593,1
188,3.136467,6,0.436214,612.684,284.359,1
188,3.136467,7,0.160468,564.879,487.085,1
189,3.153150,4,0.669466,617.836,218.389,1
189,3.153150,3,0.755863,679.307,384.351,1
189,3.153150,5,0.547080,557.359,236.575,1
189,3.153150,6,0.584463,611.346,275.175,1
189,3.153150,7,0.331800,568.059,481.650,1
190,3.169833,4,0.630998,619.348,217.230,1
190,3.169833,3,0.710884,680.822,394.951,1
190,3.169833,5,0.430820,555.461,242.728,1
190,3.169833,6,0.600068,610.176,266.641,1
190,3.169833,7,0.516130,571.078,472.790,1
191,3.186517,4,0.707034,620.970,216.667,1
191,3.186517,3,0.687391,681.733,404.520,1
191,3.186517,5,0.539382,553.843,249.862,1
191,3.186517,6,0.513009,609.105,258.714,1
191,3.186517,7,0.413662,573.386,460.996,1
192,3.203200,4,0.680669,622.449,216.569,1
192,3.203200,3,0.480573,681.728,413.507,1
192,3.203200,5,0.492683,551.954,257.334,1
192,3.203200,6,0.643010,608.364,251.069,1
192,3.203200,7,0.413662,576.096,456.586,0
193,3.219883,4,0.685605,623.963,216.991,1
193,3.219883,3,0.733034,679.927,422.326,1
193,3.219883,5,0.657913,550.171,265.482,1
193,3.219883,6,0.695632,607.144,244.107,1
193,3.219883,7,0.596396,578.403,437.699,1
194,3.236567,4,0.683485,625.844,217.930,1
194,3.236567,3,0.600473,676.943,431.037,1
194,3.236567,5,0.470332,548.012,274.045,1
194,3.236567,6,0.691336,606.174,237.741,1
194,3.236567,7,0.570858,580.384,418.382,1
195,3.253250,4,0.572348,627.179,219.307,1
195,3.253250,3,0.275616,671.986,439.958,1
195,3.253250,5,0.601511,546.175,283.050,1
195,3.253250,6,0.502538,604.935,231.705,1
195,3.253250,7,0.571840,582.095,399.904,1
196,3.269933,4,0.536894,628.406,221.577,1
196,3.269933,3,0.169063,665.846,450.010,1
196,3.269933,5,0.751552,544.195,293.226,1
196,3.269933,6,0.461727,603.697,226.679,1
196,3.269933,7,0.586435,583.597,382.108,1
197,3.286617,4,0.624048,629.953,224.315,1
197,3.286617,3,0.270489,659.429,458.318,1
197,3.286617,5,0.636992,542.394,303.800,1
197,3.286617,6,0.393498,602.828,221.992,1
197,3.286617,7,0.443797,584.789,366.241,1
198,3.303300,4,0.757915,630.885,227.422,1
198,3.303300,3,0.192371,653.755,465.695,1
198,3.303300,5,0.710942,540.814,314.677,1
198,3.303300,6,0.753490,601.678,217.812,1
198,3.303300,7,0.694560,585.619,351.088,1
199,3.319983,4,0.682327,632.132,231.552,1
199,3.319983,3,0.072580,648.290,472.528,1
199,3.319983,5,0.694309,538.602,326.369,1
199,3.319983,6,0.389549,600.242,213.810,1
199,3.319983,7,0.355564,586.121,336.489,1
200,3.336667,4,0.605671,633.245,236.073,1
200,3.336667,3,0.072580,643.670,480.783,0
200,3.336667,5,0.716854,536.884,338.571,1
200,3.336667,6,0.610326,598.912,210.656,1
200,3.336667,7,0.450858,587.195,323.556,1
201,3.353350,4,0.524943,634.721,240.876,1
201,3.353350,3,0.072580,639.049,489.039,0
201,3.353350,5,0.659350,534.834,351.379,1
201,3.353350,6,0.549492,597.829,208.227,1
201,3.353350,7,0.301553,589.033,311.292,1
202,3.370033,4,0.243058,635.882,245.729,1
202,3.370033,3,0.072580,634.428,497.294,0
202,3.370033,5,0.572308,532.805,364.915,1
202,3.370033,6,0.546236,596.719,206.294,1
202,3.370033,7,0.523961,590.509,300.401,1
203,3.386717,4,0.532772,637.731,251.534,1
203,3.386717,3,0.083080,630.964,485.383,1
203,3.386717,5,0.575786,530.849,378.887,1
203,3.386717,6,0.657403,595.624,204.860,1
203,3.386717,7,0.478557,591.936,290.495,1
204,3.403400,4,0.699284,639.306,258.343,1
204,3.403400,3,0.551615,628.466,471.853,1
204,3.403400,5,0.707481,528.526,391.342,1
204,3.403400,6,0.689858,594.706,203.814,1
204,3.403400,7,0.482653,593.076,281.151,1
205,3.420083,4,0.733654,640.715,265.262,1
205,3.420083,3,0.797230,625.758,456.461,1
205,3.420083,5,0.431333,526.441,402.303,1
205,3.420083,6,0.751527,593.535,203.240,1
205,3.420083,7,0.700497,594.348,272.369,1
206,3.436767,4,0.758212,642.320,272.818,1
206,3.436767,3,0.056117,624.105,441.528,1
206,3.436767,5,0.468258,525.143,411.994,1
206,3.436767,6,0.742201,592.195,203.133,1
206,3.436767,7,0.630835,595.535,264.316,1
207,3.453450,4,0.592728,643.760,281.144,1
207,3.453450,3,0.290551,622.217,424.197,1
207,3.453450,5,0.614022,524.816,420.942,1
207,3.453450,6,0.741067,590.999,203.522,1
207,3.453450,7,0.643300,596.308,256.860,1
208,3.470133,4,0.655954,645.243,289.887,1
208,3.470133,3,0.423402,620.577,405.935,1
208,3.470133,5,0.430848,525.487,429.848,1
208,3.470133,6,0.754325,589.922,204.292,1
208,3.470133,7,0.548755,597.129,249.825,1
209,3.486817,4,0.604185,647.141,298.934,1
209,3.486817,3,0.423402,618.136,393.528,0
209,3.486817,5,0.418935,527.725,438.595,1
209,3.486817,6,0.663028,588.746,205.681,1
209,3.486817,7,0.137517,598.068,243.203,1
210,3.503500,4,0.690961,648.578,308.256,1
210,3.503500,3,0.393670,616.791,374.089,1
210,3.503500,5,0.420458,530.542,447.512,1
210,3.503500,6,0.631337,587.528,207.609,1
210,3.503500,7,0.617304,598.841,237.336,1
211,3.520183,4,0.693120,649.828,318.399,1
211,3.520183,3,0.637873,615.963,357.455,1
211,3.520183,5,0.224818,534.378,456.197,1
211,3.520183,6,0.694961,586.526,209.929,1
211,3.520183,7,0.602814,599.710,231.971,1
212,3.536867,4,0.625673,650.907,329.185,1
212,3.536867,3,0.487759,615.004,342.396,1
212,3.536867,5,0.441566,538.871,464.131,1
212,3.536867,6,0.543686,585.524,212.940,1
212,3.536867,7,0.625555,600.231,227.205,1
213,3.553550,4,0.603108,652.205,340.128,1
213,3.553550,3,0.491691,614.133,327.574,1
213,3.553550,5,0.107042,544.075,471.012,1
213,3.553550,6,0.542392,584.436,216.946,1
213,3.553550,7,0.477259,601.384,222.701,1
214,3.570233,4,0.781838,653.507,352.207,1
214,3.570233,3,0.331943,612.349,313.672,1
214,3.570233,5,0.107042,547.162,479.438,0
214,3.570233,6,0.411833,583.443,221.066,1
214,3.570233,7,0.333188,602.845,218.377,1
215,3.586917,4,0.696865,654.876,364.867,1
215,3.586917,3,0.641427,610.430,301.758,1
215,3.586917,5,0.107042,550.248,487.864,0
215,3.586917,6,0.569318,582.232,226.208,1
215,3.586917,7,0.627111,603.904,214.887,1
216,3.603600,4,0.667981,656.432,377.916,1
216,3.603600,3,0.558968,608.827,290.789,1
216,3.603600,5,0.107042,553.334,496.290,0
216,3.603600,6,0.473361,581.071,231.668,1
216,3.603600,7,0.610263,604.707,212.131,1
217,3.620283,4,0.532092,657.820,390.990,1
217,3.620283,3,0.685612,607.087,280.662,1
217,3.620283,5,0.107042,556.420,504.717,0
217,3.620283,6,0.602165,579.755,237.464,1
217,3.620283,7,0.537454,605.918,209.581,1
218,3.636967,4,0.362339,658.459,401.911,1
218,3.636967,3,0.701524,605.298,271.394,1
218,3.636967,5,0.107042,559.506,513.143,0
218,3.636967,6,0.580179,578.260,243.740,1
218,3.636967,7,0.720506,607.094,207.884,1
219,3.653650,4,0.159315,658.675,412.764,1
219,3.653650,3,0.588992,603.579,262.881,1
219,3.653650,5,0.098262,565.034,501.186,1
219,3.653650,6,0.519612,577.027,250.577,1
219,3.653650,7,0.712903,608.288,206.611,1
220,3.670333,4,0.294343,657.869,420.770,1
220,3.670333,3,0.479580,601.931,254.885,1
220,3.670333,5,0.190799,569.586,487.472,1
220,3.670333,6,0.568204,575.596,258.219,1
220,3.670333,7,0.648740,609.283,205.936,1
221,3.687017,4,0.181175,655.712,428.896,1
221,3.687017,3,0.642354,599.846,247.741,1
221,3.687017,5,0.363535,572.966,471.815,1
221,3.687017,6,0.593640,574.154,266.179,1
221,3.687017,7,0.729744,610.501,205.723,1
222,3.703700,4,0.340053,653.198,436.674,1
222,3.703700,3,0.647247,598.355,240.759,1
222,3.703700,5,0.635803,575.633,455.133,1
222,3.703700,6,0.653864,572.958,274.669,1
222,3.703700,7,0.733086,611.730,205.830,1
223,3.720383,4,0.346811,650.734,445.307,1
223,3.720383,3,0.692828,596.829,234.523,1
223,3.720383,5,0.344207,578.169,436.929,1
223,3.720383,6,0.144477,571.876,283.784,1
223,3.720383,7,0.725088,612.720,206.479,1
224,3.737067,4,0.346811,649.469,454.452,0
224,3.737067,3,0.586949,595.478,228.329,1
224,3.737067,5,0.092744,579.825,418.140,1
224,3.737067,6,0.749161,570.637,293.621,1
224,3.737067,7,0.642947,613.665,207.861,1
225,3.753750,4,0.346811,648.204,463.597,0
225,3.753750,3,0.350468,594.131,222.673,1
225,3.753750,5,0.193205,581.071,400.429,1
225,3.753750,6,0.543502,569.214,303.847,1
225,3.753750,7,0.074472,615.267,209.439,1
226,3.770433,4,0.053209,644.150,469.800,1
226,3.770433,3,0.327116,592.389,217.599,1
226,3.770433,5,0.388315,582.364,383.750,1
226,3.770433,6,0.605869,568.043,314.750,1
226,3.770433,7,0.552486,616.327,211.665,1
227,3.787117,4,0.423561,640.085,474.878,1
227,3.787117,3,0.214392,590.723,213.058,1
227,3.787117,5,0.351602,583.357,367.948,1
227,3.787117,6,0.483598,566.694,326.396,1
227,3.787117,7,0.374443,617.635,214.485,1
228,3.803800,4,0.059535,636.295,478.121,1
228,3.803800,3,0.112242,589.254,209.155,1
228,3.803800,5,0.411448,584.165,353.546,1
228,3.803800,6,0.599680,565.201,338.809,1
228,3.803800,7,0.659868,618.578,217.871,1
229,3.820483,4,0.059535,633.414,484.486,0
229,3.820483,3,0.582795,587.711,205.829,1
229,3.820483,5,0.272483,585.049,340.039,1
229,3.820483,6,0.575185,563.884,351.481,1
229,3.820483,7,0.475010,619.515,221.820,1
230,3.837167,4,0.059535,630.534,490.851,0
230,3.837167,3,0.360475,586.394,203.161,1
230,3.837167,5,0.239173,585.916,326.988,1
230,3.837167,6,0.470278,562.823,364.630,1
230,3.837167,7,0.617942,620.287,226.501,1
231,3.853850,4,0.059535,627.654,497.215,0
231,3.853850,3,0.529777,585.054,200.724,1
231,3.853850,5,0.214707,587.246,314.848,1
231,3.853850,6,0.238381,561.442,377.415,1
231,3.853850,7,0.682284,621.398,231.616,1
232,3.870533,4,0.059535,624.773,503.580,0
232,3.870533,3,0.414045,583.360,199.011,1
232,3.870533,5,0.385255,588.736,303.626,1
232,3.870533,6,0.238381,560.149,389.384,0
232,3.870533,7,0.449782,622.315,237.153,1
233,3.887217,4,0.059535,621.893,509.944,0
233,3.887217,3,0.200842,582.092,197.684,1
233,3.887217,5,0.592529,590.165,293.674,1
233,3.887217,6,0.120236,558.601,403.394,1
233,3.887217,7,0.453580,623.058,243.495,1
234,3.903900,3,0.270451,580.431,197.056,1
234,3.903900,5,0.377937,591.551,283.876,1
234,3.903900,6,0.329733,556.992,414.467,1
234,3.903900,7,0.653679,623.889,250.189,1
235,3.920583,3,0.304124,578.559,196.830,1
235,3.920583,5,0.595483,593.227,274.537,1
235,3.920583,6,0.050680,555.716,424.297,1
235,3.920583,7,0.520761,624.925,257.411,1
235,3.920583,8,0.234883,620.076,434.331,1
236,3.937267,3,0.155569,576.810,197.174,1
236,3.937267,5,0.422747,594.814,265.965,1
236,3.937267,6,0.102373,554.318,434.989,1
236,3.937267,7,0.442301,626.137,265.132,1
236,3.937267,8,0.234883,619.462,430.975,0
237,3.953950,3,0.678763,574.878,197.980,1
237,3.953950,5,0.698586,596.106,258.095,1
237,3.953950,6,0.738707,553.713,444.768,1
237,3.953950,7,0.712214,627.093,273.203,1
237,3.953950,8,0.171328,617.468,412.188,1
238,3.970633,3,0.659258,573.342,199.235,1
238,3.970633,5,0.588363,597.496,250.438,1
238,3.970633,6,0.577108,553.759,454.102,1
238,3.970633,7,0.550288,627.976,281.916,1
238,3.970633,8,0.267192,615.835,393.010,1
239,3.987317,3,0.407373,571.639,200.915,1
239,3.987317,5,0.386522,598.748,243.369,1
239,3.987317,6,0.279060,553.928,461.855,1
239,3.987317,7,0.444191,628.674,291.469,1
239,3.987317,8,0.149582,614.837,375.596,1
240,4.004000,3,0.512093,569.991,203.594,1
240,4.004000,5,0.241997,600.181,236.954,1
240,4.004000,6,0.279060,553.344,471.613,0
240,4.004000,7,0.231826,629.536,301.699,1
240,4.004000,8,0.075687,613.208,360.830,1
241,4.020683,3,0.255782,568.241,206.568,1
241,4.020683,5,0.146195,601.623,231.025,1
241,4.020683,6,0.279060,552.760,481.370,0
241,4.020683,7,0.296657,630.339,312.420,1
241,4.020683,8,0.075687,611.891,346.703,0
242,4.037367,3,0.377550,566.495,209.791,1
242,4.037367,5,0.562448,603.159,225.739,1
242,4.037367,6,0.158121,554.994,484.369,1
242,4.037367,7,0.360762,631.140,323.480,1
242,4.037367,8,0.154591,609.532,332.914,1
243,4.054050,3,0.176713,564.818,213.754,1
243,4.054050,5,0.366012,604.528,220.930,1
243,4.054050,6,0.069708,557.204,486.800,1
243,4.054050,7,0.562222,632.232,334.712,1
243,4.054050,8,0.448569,607.356,320.371,1
244,4.070733,3,0.190174,563.317,218.018,1
244,4.070733,5,0.353647,605.565,216.732,1
244,4.070733,6,0.069708,557.911,493.296,0
244,4.070733,7,0.353811,633.114,346.858,1
244,4.070733,8,0.366420,605.341,309.025,1
245,4.087417,3,0.402692,561.916,223.071,1
245,4.087417,5,0.510199,606.961,213.035,1
245,4.087417,6,0.069708,558.618,499.791,0
245,4.087417,7,0.759230,634.224,359.527,1
245,4.087417,8,0.566046,603.522,299.190,1
246,4.104100,3,0.392371,560.201,228.556,1
246,4.104100,5,0.368639,608.381,209.885,1
246,4.104100,6,0.069708,559.325,506.286,0
246,4.104100,7,0.318673,635.309,372.350,1
246,4.104100,8,0.567406,601.703,289.884,1
247,4.120783,3,0.307472,558.338,234.733,1
247,4.120783,5,0.429915,609.524,207.409,1
247,4.120783,6,0.069708,560.032,512.782,0
247,4.120783,7,0.318673,636.301,383.943,0
247,4.120783,8,0.471928,599.716,281.342,1
248,4.137467,3,0.095423,556.539,241.525,1
248,4.137467,5,0.566305,610.872,205.366,1
248,4.137467,6,0.069708,560.739,519.277,0
248,4.137467,7,0.104315,637.682,397.460,1
248,4.137467,8,0.234321,598.074,273.263,1
249,4.154150,3,0.442475,554.987,248.991,1
249,4.154150,5,0.650660,612.288,203.980,1
249,4.154150,7,0.202112,638.437,409.983,1
249,4.154150,8,0.431922,596.424,265.294,1
250,4.170833,3,0.501781,553.467,257.567,1
250,4.170833,5,0.630193,613.467,203.168,1
250,4.170833,7,0.157195,638.460,421.512,1
250,4.170833,8,0.525906,595.106,258.436,1
251,4.187517,3,0.494262,551.417,266.004,1
251,4.187517,5,0.601872,614.519,202.634,1
251,4.187517,7,0.806062,637.617,432.914,1
251,4.187517,8,0.450111,593.651,251.420,1
252,4.204200,3,0.539690,549.725,274.824,1
252,4.204200,5,0.600113,615.936,202.530,1
252,4.204200,7,0.456842,636.644,441.454,1
252,4.204200,8,0.456561,591.906,244.954,1
253,4.220883,3,0.499626,547.942,284.399,1
253,4.220883,5,0.694315,617.244,203.364,1
253,4.220883,7,0.604872,634.836,450.254,1
253,4.220883,8,0.442637,590.197,239.315,1
253,4.220883,9,0.224518,573.646,395.319,1
254,4.237567,3,0.613346,546.156,294.765,1
254,4.237567,5,0.461423,618.361,204.540,1
254,4.237567,7,0.201486,633.592,458.942,1
254,4.237567,8,0.128348,588.760,234.371,1
254,4.237567,9,0.122860,575.552,381.922,1
255,4.254250,3,0.756257,544.280,305.296,1
255,4.254250,5,0.637630,619.682,206.014,1
255,4.254250,7,0.314940,632.438,466.041,1
255,4.254250,8,0.274985,587.274,230.101,1
255,4.254250,9,0.069658,576.678,367.352,1
256,4.270933,3,0.670461,542.537,316.256,1
256,4.270933,5,0.623554,620.807,208.266,1
256,4.270933,7,0.314940,631.622,475.233,0
256,4.270933,8,0.602383,585.909,226.438,1
256,4.270933,9,0.185812,578.301,352.590,1
257,4.287617,3,0.604640,540.928,327.875,1
257,4.287617,5,0.235406,621.991,210.503,1
257,4.287617,7,0.314940,630.806,484.425,0
257,4.287617,8,0.351520,584.487,222.708,1
257,4.287617,9,0.415890,580.578,338.819,1
258,4.304300,3,0.699751,538.966,339.867,1
258,4.304300,5,0.536639,623.100,213.465,1
258,4.304300,7,0.061141,628.624,484.968,1
258,4.304300,8,0.473149,582.368,219.437,1
258,4.304300,9,0.626627,582.571,325.893,1
259,4.320983,3,0.498361,537.280,352.802,1
259,4.320983,5,0.355235,624.505,217.277,1
259,4.320983,7,0.061141,627.446,491.865,0
259,4.320983,8,0.065812,580.895,217.225,1
259,4.320983,9,0.266930,584.889,314.209,1
260,4.337667,3,0.655294,535.291,366.481,1
260,4.337667,5,0.553228,625.822,221.734,1
260,4.337667,7,0.060041,625.396,486.591,1
260,4.337667,8,0.375524,579.469,215.818,1
260,4.337667,9,0.626999,586.707,302.721,1
261,4.354350,3,0.759017,533.146,380.343,1
261,4.354350,5,0.660640,626.958,226.751,1
261,4.354350,7,0.060041,623.986,490.258,0
261,4.354350,8,0.533035,578.069,214.696,1
261,4.354350,9,0.600809,588.255,292.072,1
262,4.371033,3,0.583457,531.135,394.636,1
262,4.371033,5,0.638038,628.080,232.097,1
262,4.371033,7,0.084670,621.247,476.795,1
262,4.371033,8,0.542415,576.451,213.855,1
262,4.371033,9,0.427483,589.990,282.369,1
263,4.387717,3,0.400700,529.933,408.124,1
263,4.387717,5,0.611613,629.100,238.181,1
263,4.387717,7,0.407444,618.511,461.304,1
263,4.387717,8,0.617284,574.616,213.648,1
263,4.387717,9,0.079736,591.427,273.421,1
264,4.404400,3,0.508873,529.500,421.104,1
264,4.404400,5,0.737972,630.109,244.930,1
264,4.404400,7,0.177787,616.614,444.605,1
264,4.404400,8,0.597661,573.024,213.859,1
264,4.404400,9,0.567306,592.980,265.228,1
265,4.421083,3,0.469355,529.101,432.084,1
265,4.421083,5,0.618404,630.927,251.617,1
265,4.421083,7,0.102371,615.108,428.768,1
265,4.421083,8,0.674713,571.123,214.467,1
265,4.421083,9,0.573423,594.823,257.866,1
266,4.437767,3,0.299333,529.705,441.732,1
266,4.437767,5,0.481082,632.019,259.437,1
266,4.437767,7,0.102371,613.248,418.742,0
266,4.437767,8,0.433601,569.248,215.741,1
266,4.437767,9,0.538096,596.186,250.734,1
267,4.454450,3,0.299333,529.036,453.473,0
267,4.454450,5,0.451331,633.687,267.760,1
267,4.454450,7,0.102371,611.388,408.717,0
267,4.454450,8,0.379804,567.764,217.586,1
267,4.454450,9,0.304360,597.654,244.152,1
268,4.471133,3,0.149834,531.748,461.766,1
268,4.471133,5,0.641289,635.022,276.635,1
268,4.471133,7,0.074174,609.652,387.855,1
268,4.471133,8,0.369485,566.062,219.790,1
268,4.471133,9,0.319615,598.825,238.511,1
269,4.487817,3,0.187240,534.832,468.300,1
269,4.487817,5,0.273211,636.134,286.147,1
269,4.487817,7,0.510121,608.287,368.595,1
269,4.487817,8,0.273517,564.169,222.683,1
269,4.487817,9,0.253809,600.117,233.775,1
270,4.504500,3,0.087108,538.372,474.190,1
270,4.504500,5,0.659855,637.673,295.995,1
270,4.504500,7,0.093732,606.750,352.626,1
270,4.504500,8,0.546827,562.710,226.284,1
270,4.504500,9,0.750949,601.703,229.835,1
271,4.521183,3,0.087108,540.035,482.869,0
271,4.521183,5,0.439433,639.025,306.577,1
271,4.521183,7,0.093732,605.090,337.671,0
271,4.521183,8,0.310469,561.466,230.318,1
271,4.521183,9,0.518557,603.329,225.620,1
272,4.537867,3,0.087108,541.699,491.549,0
272,4.537867,5,0.526654,640.143,317.651,1
272,4.537867,7,0.232004,603.704,324.649,1
272,4.537867,8,0.281262,559.574,234.871,1
272,4.537867,9,0.572314,605.055,221.958,1
273,4.554550,3,0.087108,543.363,500.228,0
273,4.554550,5,0.483972,641.652,329.264,1
273,4.554550,7,0.369363,602.016,313.025,1
273,4.554550,8,0.130726,557.861,239.689,1
273,4.554550,9,0.576306,606.644,218.883,1
274,4.571233,3,0.156723,550.489,497.465,1
274,4.571233,5,0.656533,643.148,341.326,1
274,4.571233,7,0.518364,600.305,302.564,1
274,4.571233,8,0.202435,555.824,245.117,1
274,4.571233,9,0.528478,608.124,216.466,1
275,4.587917,3,0.103382,556.236,491.751,1
275,4.587917,5,0.646839,644.334,354.290,1
275,4.587917,7,0.354879,598.940,293.250,1
275,4.587917,8,0.474278,554.241,251.603,1
275,4.587917,9,0.525898,609.334,214.785,1
276,4.604600,3,0.409721,561.317,483.649,1
276,4.604600,5,0.687703,645.386,368.006,1
276,4.604600,7,0.634123,597.597,284.792,1
276,4.604600,8,0.539585,552.350,258.757,1
276,4.604600,9,0.638074,610.602,213.334,1
277,4.621283,3,0.056243,565.549,472.991,1
277,4.621283,5,0.521643,647.131,381.291,1
277,4.621283,7,0.542874,596.119,277.040,1
277,4.621283,8,0.502174,550.819,266.271,1
277,4.621283,9,0.623158,611.884,212.570,1
278,4.637967,3,0.375419,568.782,459.922,1
278,4.637967,5,0.071328,648.158,396.482,1
278,4.637967,7,0.606386,594.765,269.713,1
278,4.637967,8,0.621309,549.003,274.061,1
278,4.637967,9,0.605127,613.099,212.255,1
279,4.654650,3,0.386989,570.451,446.209,1
279,4.654650,5,0.572309,648.917,410.385,1
279,4.654650,7,0.724888,593.349,262.933,1
279,4.654650,8,0.680147,546.978,282.502,1
279,4.654650,9,0.688122,614.294,212.599,1
280,4.671333,3,0.064029,572.460,430.972,1
280,4.671333,5,0.673122,649.309,422.908,1
280,4.671333,7,0.804207,591.913,256.781,1
280,4.671333,8,0.718092,545.482,291.457,1
280,4.671333,9,0.771984,615.840,213.288,1
281,4.688017,3,0.339813,574.156,414.434,1
281,4.688017,5,0.505861,648.752,433.836,1
281,4.688017,7,0.668935,590.519,250.625,1
281,4.688017,8,0.638935,543.537,300.975,1
281,4.688017,9,0.670949,617.239,214.580,1
282,4.704700,3,0.339813,576.791,402.865,0
282,4.704700,5,0.461030,647.550,442.132,1
282,4.704700,7,0.742387,589.325,244.872,1
282,4.704700,8,0.812367,541.739,311.231,1
282,4.704700,9,0.774586,618.619,216.740,1
283,4.721383,3,0.658212,578.577,384.410,1
283,4.721383,5,0.238735,645.197,449.688,1
283,4.721383,7,0.701862,587.917,240.077,1
283,4.721383,8,0.604541,539.826,322.125,1
283,4.721383,9,0.682893,620.109,218.874,1
284,4.738067,3,0.498269,579.852,367.238,1
284,4.738067,5,0.220869,642.574,456.924,1
284,4.738067,7,0.748942,586.622,235.918,1
284,4.738067,8,0.791058,538.090,333.669,1
284,4.738067,9,0.754875,621.617,221.512,1
285,4.754750,3,0.676362,581.545,352.106,1
285,4.754750,5,0.348967,639.076,463.563,1
285,4.754750,7,0.770877,585.493,232.329,1
285,4.754750,8,0.782899,536.134,345.600,1
285,4.754750,9,0.778069,623.073,224.582,1
286,4.771433,3,0.706808,583.075,339.152,1
286,4.771433,5,0.410725,635.735,469.130,1
286,4.771433,7,0.695581,583.851,228.973,1
286,4.771433,8,0.423532,534.090,357.991,1
286,4.771433,9,0.807136,624.429,228.503,1
287,4.788117,3,0.795407,584.644,326.228,1
287,4.788117,5,0.050077,632.222,472.765,1
287,4.788117,7,0.647184,582.125,226.221,1
287,4.788117,8,0.812107,532.248,370.959,1
287,4.788117,9,0.796115,625.980,232.840,1
288,4.804800,3,0.637535,586.265,315.031,1
288,4.804800,5,0.050077,629.697,479.547,0
288,4.804800,7,0.774092,580.665,223.935,1
288,4.804800,8,0.766568,530.520,384.285,1
288,4.804800,9,0.815823,627.252,237.766,1
289,4.821483,3,0.536834,587.858,304.328,1
289,4.821483,5,0.050077,627.172,486.329,0
289,4.821483,7,0.729293,578.995,222.294,1
289,4.821483,8,0.614408,527.957,396.839,1
289,4.821483,9,0.668324,628.786,243.406,1
290,4.838167,3,0.328731,589.811,294.633,1
290,4.838167,5,0.376013,623.245,479.320,1
290,4.838167,7,0.758376,577.439,221.193,1
290,4.838167,8,0.183175,526.696,407.965,1
290,4.838167,9,0.661515,630.049,249.255,1
291,4.854850,3,0.676215,591.394,285.735,1
291,4.854850,5,0.748473,619.984,470.543,1
291,4.854850,7,0.767592,576.226,220.828,1
291,4.854850,8,0.062928,525.863,417.580,1
291,4.854850,9,0.760341,631.456,255.766,1
292,4.871533,3,0.667990,592.867,277.261,1
292,4.871533,5,0.678306,617.429,458.976,1
292,4.871533,7,0.813318,574.884,220.760,1
292,4.871533,8,0.569221,525.516,426.378,1
292,4.871533,9,0.746722,633.107,263.038,1
293,4.888217,3,0.730585,594.550,269.975,1
293,4.888217,5,0.724049,613.815,444.334,1
293,4.888217,7,0.811348,573.471,221.128,1
293,4.888217,8,0.344452,526.124,434.651,1
293,4.888217,9,0.733805,634.522,270.894,1
294,4.904900,3,0.842593,596.205,263.115,1
294,4.904900,5,0.484491,611.674,427.736,1
294,4.904900,7,0.807398,572.217,222.093,1
294,4.904900,8,0.412034,527.415,442.520,1
294,4.904900,9,0.777784,635.848,279.309,1
295,4.921583,3,0.758505,597.797,256.866,1
295,4.921583,5,0.553943,610.317,411.141,1
295,4.921583,7,0.766561,570.416,223.588,1
295,4.921583,8,0.367786,529.739,450.813,1
295,4.921583,9,0.773857,637.380,288.103,1
296,4.938267,3,0.726696,599.308,250.580,1
296,4.938267,5,0.104174,609.070,394.827,1
296,4.938267,7,0.721733,568.864,225.657,1
296,4.938267,8,0.507224,532.918,457.888,1
296,4.938267,9,0.797564,638.900,297.505,1
297,4.954950,3,0.327143,600.535,244.624,1
297,4.954950,5,0.064074,607.974,378.541,1
297,4.954950,7,0.326590,567.350,228.123,1
297,4.954950,8,0.507224,534.102,466.469,0
297,4.954950,9,0.491072,640.379,307.361,1
298,4.971633,3,0.605020,602.166,239.341,1
298,4.971633,5,0.225982,606.331,362.715,1
298,4.971633,7,0.564364,565.643,231.355,1
298,4.971633,8,0.124491,539.104,471.171,1
298,4.971633,9,0.352778,641.923,317.583,1
299,4.988317,3,0.586357,603.758,234.890,1
299,4.988317,5,0.225982,604.537,348.657,0
299,4.988317,7,0.534004,564.008,235.230,1
299,4.988317,8,0.124491,541.301,478.722,0
299,4.988317,9,0.370345,643.570,328.814,1
300,5.005000,3,0.458465,605.159,230.743,1
300,5.005000,5,0.166800,603.097,333.978,1
300,5.005000,7,0.546187,562.551,239.262,1
300,5.005000,8,0.124491,543.498,486.274,0
300,5.005000,9,0.403459,645.096,340.380,1
301,5.021683,3,0.534155,606.679,227.317,1
301,5.021683,5,0.223455,601.649,320.798,1
301,5.021683,7,0.349698,560.983,243.834,1
301,5.021683,8,0.124491,545.696,493.825,0
301,5.021683,9,0.380368,646.870,352.720,1
302,5.038367,3,0.642082,608.374,224.183,1
302,5.038367,5,0.590283,600.128,308.708,1
302,5.038367,7,0.611844,559.477,249.437,1
302,5.038367,8,0.066454,552.977,489.218,1
302,5.038367,9,0.474991,648.543,365.527,1
303,5.055050,3,0.754659,609.876,221.717,1
303,5.055050,5,0.685503,598.984,297.925,1
303,5.055050,7,0.702115,557.692,255.256,1
303,5.055050,8,0.176374,558.854,483.235,1
303,5.055050,9,0.564814,649.987,377.483,1
304,5.071733,3,0.465062,611.307,219.509,1
304,5.071733,5,0.397593,597.683,287.884,1
304,5.071733,7,0.072983,555.985,261.984,1
304,5.071733,8,0.176374,563.020,484.824,0
304,5.071733,9,0.525376,651.341,389.864,1
305,5.088417,3,0.359686,612.916,218.074,1
305,5.088417,5,0.196596,596.293,278.663,1
305,5.088417,7,0.298269,554.475,269.180,1
305,5.088417,8,0.176374,567.185,486.413,0
305,5.088417,9,0.525376,652.854,401.541,0
306,5.105100,3,0.571776,614.429,217.251,1
306,5.105100,5,0.377241,595.088,269.917,1
306,5.105100,7,0.417607,552.778,276.700,1
306,5.105100,8,0.176374,571.350,488.002,0
306,5.105100,9,0.525376,654.367,413.219,0
307,5.121783,3,0.525413,615.808,216.957,1
307,5.121783,5,0.261325,593.723,261.750,1
307,5.121783,7,0.367752,550.919,285.153,1
307,5.121783,8,0.176374,575.515,489.591,0
307,5.121783,9,0.503990,653.653,421.223,1
308,5.138467,3,0.686787,617.426,217.260,1
308,5.138467,5,0.435136,592.304,254.140,1
308,5.138467,7,0.104500,549.226,294.083,1
308,5.138467,9,0.563541,652.067,429.174,1
308,5.138467,10,0.171051,571.315,415.677,1
309,5.155150,3,0.564999,618.937,217.916,1
309,5.155150,5,0.469595,590.911,247.050,1
309,5.155150,7,0.655941,547.240,303.487,1
309,5.155150,9,0.091597,649.784,436.590,1
309,5.155150,10,0.160646,573.410,402.498,1
310,5.171833,3,0.523708,620.751,219.099,1
310,5.171833,5,0.339796,589.614,240.510,1
310,5.171833,7,0.575578,545.779,313.413,1
310,5.171833,9,0.091597,649.366,445.884,0
310,5.171833,10,0.160646,574.401,395.679,0
311,5.188517,3,0.635899,622.368,220.689,1
311,5.188517,5,0.593288,588.069,234.511,1
311,5.188517,7,0.524644,544.068,323.817,1
311,5.188517,9,0.091597,648.949,455.178,0
311,5.188517,10,0.566814,576.220,376.057,1
312,5.205200,3,0.707867,624.099,223.081,1
312,5.205200,5,0.422007,586.576,228.863,1
312,5.205200,7,0.695411,542.417,335.279,1
312,5.205200,9,0.062979,644.074,462.643,1
312,5.205200,10,0.494533,577.836,357.883,1
313,5.221883,3,0.781277,626.043,226.298,1
313,5.221883,5,0.651273,585.446,224.029,1
313,5.221883,7,0.636723,541.080,347.396,1
313,5.221883,9,0.194555,638.657,468.515,1
313,5.221883,10,0.444551,580.472,342.371,1
314,5.238567,3,0.089201,627.589,229.773,1
314,5.238567,5,0.118336,584.338,219.841,1
314,5.238567,7,0.718077,539.490,360.277,1
314,5.238567,9,0.194555,636.044,476.544,0
314,5.238567,10,0.065733,582.697,328.542,1
315,5.255250,3,0.108421,629.079,233.737,1
315,5.255250,5,0.536965,582.612,216.152,1
315,5.255250,7,0.586803,537.541,372.852,1
315,5.255250,9,0.194555,633.430,484.573,0
315,5.255250,10,0.649908,584.646,316.157,1
316,5.271933,3,0.692951,630.516,238.269,1
316,5.271933,5,0.441810,581.218,212.832,1
316,5.271933,7,0.546390,535.790,384.884,1
316,5.271933,9,0.194555,630.817,492.603,0
316,5.271933,10,0.659767,586.504,304.793,1
317,5.288617,3,0.619192,631.685,243.275,1
317,5.288617,5,0.051208,579.499,209.796,1
317,5.288617,7,0.453685,533.581,396.834,1
317,5.288617,9,0.081239,626.040,483.374,1
317,5.288617,10,0.449100,588.147,294.344,1
318,5.305300,3,0.664370,633.175,249.070,1
318,5.305300,5,0.481843,577.942,207.756,1
318,5.305300,7,0.207206,532.231,407.770,1
318,5.305300,9,0.321119,622.060,472.876,1
318,5.305300,10,0.272293,589.814,284.823,1
319,5.321983,3,0.708982,634.574,255.195,1
319,5.321983,5,0.529094,576.655,206.067,1
319,5.321983,7,0.119439,531.705,417.079,1
319,5.321983,9,0.507692,618.747,460.359,1
319,5.321983,10,0.354947,591.286,275.739,1
320,5.338667,3,0.685342,636.343,262.310,1
320,5.338667,5,0.708357,575.186,204.806,1
320,5.338667,7,0.463715,530.987,425.787,1
320,5.338667,9,0.202964,616.212,445.372,1
320,5.338667,10,0.378119,592.707,267.470,1
321,5.355350,3,0.568768,638.317,269.397,1
321,5.355350,5,0.683949,573.660,204.199,1
321,5.355350,7,0.145327,531.263,433.719,1
321,5.355350,9,0.064810,614.356,430.686,1
321,5.355350,10,0.610962,594.449,260.057,1
322,5.372033,3,0.337726,640.118,276.785,1
322,5.372033,5,0.459714,572.503,204.018,1
322,5.372033,7,0.072650,532.174,440.456,1
322,5.372033,9,0.064810,611.547,421.974,0
322,5.372033,10,0.411549,595.947,253.078,1
323,5.388717,3,0.462446,641.377,285.546,1
323,5.388717,5,0.521952,570.699,204.292,1
323,5.388717,7,0.072650,531.814,449.358,0
323,5.388717,9,0.312462,610.613,401.893,1
323,5.388717,10,0.394049,597.297,247.131,1
324,5.405400,3,0.687013,642.993,294.970,1
324,5.405400,5,0.559909,569.240,205.082,1
324,5.405400,7,0.072650,531.454,458.260,0
324,5.405400,9,0.312462,608.302,390.163,0
324,5.405400,10,0.334127,598.615,241.393,1
325,5.422083,3,0.658052,644.369,304.628,1
325,5.422083,5,0.515514,568.039,206.502,1
325,5.422083,7,0.065358,535.342,463.179,1
325,5.422083,9,0.227576,607.859,370.593,1
325,5.422083,10,0.625344,599.869,236.064,1
326,5.438767,3,0.342171,645.695,314.904,1
326,5.438767,5,0.321707,566.193,208.118,1
326,5.438767,7,0.065358,536.109,471.024,0
326,5.438767,9,0.056406,607.600,353.377,1
326,5.438767,10,0.211298,601.258,231.361,1
327,5.455450,3,0.358406,647.664,325.910,1
327,5.455450,5,0.197108,564.869,210.222,1
327,5.455450,7,0.065358,536.876,478.869,0
327,5.455450,9,0.142544,607.087,337.565,1
327,5.455450,10,0.473726,602.968,227.248,1
328,5.472133,3,0.847377,649.149,337.766,1
328,5.472133,5,0.559260,563.332,213.554,1
328,5.472133,7,0.184862,543.022,483.649,1
328,5.472133,9,0.489936,605.911,324.018,1
328,5.472133,10,0.703856,604.312,223.571,1
329,5.488817,3,0.702126,650.367,349.991,1
329,5.488817,5,0.488454,561.684,217.253,1
329,5.488817,7,0.184862,545.216,490.680,0
329,5.488817,9,0.515075,604.733,311.077,1
329,5.488817,10,0.584953,605.799,220.354,1
330,5.505500,3,0.631762,651.967,362.523,1
330,5.505500,5,0.718009,560.076,221.517,1
330,5.505500,7,0.065343,551.069,489.991,1
330,5.505500,9,0.534319,603.699,300.500,1
330,5.505500,10,0.794961,607.338,217.692,1
331,5.522183,3,0.660524,653.350,374.963,1
331,5.522183,5,0.687891,558.296,226.282,1
331,5.522183,7,0.085406,555.768,491.159,1
331,5.522183,9,0.635121,602.461,291.042,1
331,5.522183,10,0.584767,608.645,215.606,1
332,5.538867,3,0.108643,655.220,386.699,1
332,5.538867,5,0.531658,556.452,231.452,1
332,5.538867,7,0.077626,560.144,489.348,1
332,5.538867,9,0.553225,601.261,281.985,1
332,5.538867,10,0.430932,610.078,213.668,1
333,5.555550,3,0.108643,656.802,398.227,0
333,5.555550,5,0.378660,554.947,237.294,1
333,5.555550,7,0.054989,563.786,484.138,1
333,5.555550,9,0.569239,600.101,273.722,1
333,5.555550,10,0.397579,611.647,212.483,1
334,5.572233,3,0.260344,657.635,409.835,1
334,5.572233,5,0.622215,553.584,243.603,1
334,5.572233,7,0.073558,566.401,474.756,1
334,5.572233,9,0.611752,598.983,265.919,1
334,5.572233,10,0.516699,613.042,212.026,1
335,5.588917,3,0.183851,657.778,420.226,1
335,5.588917,5,0.527555,552.103,250.410,1
335,5.588917,7,0.063281,568.929,463.701,1
335,5.588917,9,0.505804,597.818,258.880,1
335,5.588917,10,0.495245,614.436,212.159,1
336,5.605600,3,0.131662,657.063,430.257,1
336,5.605600,5,0.471943,550.589,258.072,1
336,5.605600,7,0.063281,572.132,459.158,0
336,5.605600,9,0.633397,596.546,252.154,1
336,5.605600,10,0.566279,616.126,212.744,1
337,5.622283,3,0.431229,656.114,438.286,1
337,5.622283,5,0.463887,548.774,265.926,1
337,5.622283,7,0.215164,573.998,441.075,1
337,5.622283,9,0.584686,595.204,245.504,1
337,5.622283,10,0.543513,617.621,213.722,1
338,5.638967,3,0.675860,654.528,446.154,1
338,5.638967,5,0.667417,547.143,274.277,1
338,5.638967,7,0.748746,575.814,422.551,1
338,5.638967,9,0.706146,594.322,239.617,1
338,5.638967,10,0.679789,619.066,215.405,1
339,5.655650,3,0.371160,651.602,453.884,1
339,5.655650,5,0.596450,545.546,283.677,1
339,5.655650,7,0.702887,577.790,404.026,1
339,5.655650,9,0.597497,593.104,234.389,1
339,5.655650,10,0.542311,620.797,217.451,1
340,5.672333,3,0.311279,648.316,460.574,1
340,5.672333,5,0.769804,543.767,293.410,1
340,5.672333,7,0.450924,579.273,386.467,1
340,5.672333,9,0.772274,591.825,229.937,1
340,5.672333,10,0.728528,622.051,219.797,1
341,5.689017,3,0.114232,645.107,467.006,1
341,5.689017,5,0.716908,542.004,303.751,1
341,5.689017,7,0.501933,580.441,370.421,1
341,5.689017,9,0.725332,590.574,225.676,1
341,5.689017,10,0.736879,623.234,223.058,1
342,5.705700,3,0.253842,641.512,473.073,1
342,5.705700,5,0.730516,540.423,314.769,1
342,5.705700,7,0.486554,581.567,355.198,1
342,5.705700,9,0.569546,589.376,221.813,1
342,5.705700,10,0.739385,624.742,226.761,1
343,5.722383,3,0.253842,639.069,480.488,0
343,5.722383,5,0.074607,538.407,326.549,1
343,5.722383,7,0.374296,583.252,341.228,1
343,5.722383,9,0.490743,588.306,218.215,1
343,5.722383,10,0.615855,626.291,230.764,1
344,5.739067,3,0.253842,636.626,487.904,0
344,5.739067,5,0.767714,537.014,338.872,1
344,5.739067,7,0.511591,584.581,328.188,1
344,5.739067,9,0.646447,587.103,215.842,1
344,5.739067,10,0.638436,627.494,235.849,1
345,5.755750,3,0.253842,634.184,495.320,0
345,5.755750,5,0.720823,535.263,351.660,1
345,5.755750,7,0.066299,586.310,316.073,1
345,5.755750,9,0.624009,586.199,213.836,1
345,5.755750,10,0.752288,628.706,241.060,1
346,5.772433,3,0.357750,629.793,488.155,1
346,5.772433,5,0.652021,533.330,365.252,1
346,5.772433,7,0.607674,588.103,305.216,1
346,5.772433,9,0.736345,584.912,212.492,1
346,5.772433,10,0.741562,630.076,247.250,1
347,5.789117,3,0.124094,625.550,477.868,1
347,5.789117,5,0.602244,531.768,378.880,1
347,5.789117,7,0.599541,589.995,295.263,1
347,5.789117,9,0.629444,583.723,211.662,1
347,5.789117,10,0.634533,631.244,253.932,1
348,5.805800,3,0.389169,622.039,465.687,1
348,5.805800,5,0.625289,529.983,392.094,1
348,5.805800,7,0.590833,591.623,285.852,1
348,5.805800,9,0.639669,582.418,210.986,1
348,5.805800,10,0.673729,632.845,260.622,1
349,5.822483,3,0.513385,619.293,451.742,1
349,5.822483,5,0.557762,529.112,404.074,1
349,5.822483,7,0.608352,593.341,277.559,1
349,5.822483,9,0.429371,581.392,210.717,1
349,5.822483,10,0.657430,634.612,268.208,1
350,5.839167,3,0.168245,617.049,435.763,1
350,5.839167,5,0.570014,528.654,414.874,1
350,5.839167,7,0.752902,594.990,269.523,1
350,5.839167,9,0.722404,579.873,211.506,1
350,5.839167,10,0.721434,636.002,276.258,1
351,5.855850,3,0.168245,614.107,427.010,0
351,5.855850,5,0.559943,528.007,424.869,1
351,5.855850,7,0.755506,596.518,262.248,1
351,5.855850,9,0.666201,578.575,212.498,1
351,5.855850,10,0.051933,637.628,284.708,1
352,5.872533,3,0.168245,611.165,418.257,0
352,5.872533,5,0.271641,528.820,433.633,1
352,5.872533,7,0.466958,597.771,254.941,1
352,5.872533,9,0.541222,577.263,213.817,1
352,5.872533,10,0.333360,639.310,293.830,1
353,5.889217,3,0.168245,608.223,409.503,0
353,5.889217,5,0.271767,530.460,441.674,1
353,5.889217,7,0.414241,598.868,248.437,1
353,5.889217,9,0.552463,575.845,216.077,1
353,5.889217,10,0.582456,641.013,303.548,1
354,5.905900,3,0.446195,608.416,385.746,1
354,5.905900,5,0.261955,533.362,449.620,1
354,5.905900,7,0.618101,600.405,242.536,1
354,5.905900,9,0.686652,574.637,218.752,1
354,5.905900,10,0.692683,642.825,314.121,1
355,5.922583,3,0.224869,608.168,364.507,1
355,5.922583,5,0.141141,537.327,457.270,1
355,5.922583,7,0.663961,601.930,237.366,1
355,5.922583,9,0.662484,573.473,222.043,1
355,5.922583,10,0.612726,644.244,325.489,1
356,5.939267,3,0.518956,607.839,346.461,1
356,5.939267,5,0.134842,541.350,464.280,1
356,5.939267,7,0.602086,603.390,232.670,1
356,5.939267,9,0.566606,572.671,226.031,1
356,5.939267,10,0.542917,645.581,337.446,1
357,5.955950,3,0.167134,606.795,329.949,1
357,5.955950,5,0.077168,545.776,470.397,1
357,5.955950,7,0.607552,604.910,228.114,1
357,5.955950,9,0.500968,571.555,230.161,1
357,5.955950,10,0.431110,647.121,349.832,1
358,5.972633,3,0.667373,605.406,316.097,1
358,5.972633,5,0.117263,550.020,477.390,1
358,5.972633,7,0.799829,606.452,224.307,1
358,5.972633,9,0.688198,569.997,235.220,1
358,5.972633,10,0.766833,648.767,362.691,1
359,5.989317,3,0.695341,603.995,304.705,1
359,5.989317,5,0.145899,554.646,482.911,1
359,5.989317,7,0.717900,608.002,221.105,1
359,5.989317,9,0.585983,568.537,240.609,1
359,5.989317,10,0.655147,650.272,376.027,1
360,6.006000,3,0.582231,602.842,294.529,1
360,6.006000,5,0.181542,558.846,485.845,1
360,6.006000,7,0.729236,609.089,218.299,1
360,6.006000,9,0.569837,567.065,246.455,1
360,6.006000,10,0.376505,651.180,389.837,1
361,6.022683,3,0.513900,601.388,285.407,1
361,6.022683,5,0.181542,562.594,491.810,0
361,6.022683,7,0.471622,610.475,216.366,1
361,6.022683,9,0.469948,565.739,253.036,1
361,6.022683,10,0.376505,652.555,402.201,0
362,6.039367,3,0.718692,599.651,277.490,1
362,6.039367,5,0.054552,565.392,485.925,1
362,6.039367,7,0.794673,612.272,215.043,1
362,6.039367,9,0.795078,564.447,259.952,1
362,6.039367,10,0.117205,653.637,413.863,1
363,6.056050,3,0.728361,598.005,269.774,1
363,6.056050,5,0.169654,568.572,477.087,1
363,6.056050,7,0.741114,613.597,213.877,1
363,6.056050,9,0.719952,563.092,267.475,1
363,6.056050,10,0.101078,654.070,424.992,1
364,6.072733,3,0.765551,596.546,262.530,1
364,6.072733,5,0.244092,570.426,465.202,1
364,6.072733,7,0.734883,615.109,213.438,1
364,6.072733,9,0.628154,561.714,275.639,1
364,6.072733,10,0.220795,653.486,434.413,1
365,6.089417,3,0.616885,595.103,255.692,1
365,6.089417,5,0.376704,572.437,451.332,1
365,6.089417,7,0.708314,616.501,213.581,1
365,6.089417,9,0.473706,560.248,284.318,1
365,6.089417,10,0.066135,651.489,441.250,1
366,6.106100,3,0.769600,593.764,249.703,1
366,6.106100,5,0.481992,574.359,435.873,1
366,6.106100,7,0.703582,617.808,213.939,1
366,6.106100,9,0.665372,558.995,293.764,1
366,6.106100,10,0.578141,648.997,448.499,1
367,6.122783,3,0.580995,592.298,243.788,1
367,6.122783,5,0.481992,576.879,427.256,0
367,6.122783,7,0.670753,619.177,214.747,1
367,6.122783,9,0.431097,557.677,303.645,1
367,6.122783,10,0.156983,646.582,455.052,1
368,6.139467,3,0.715983,590.837,238.342,1
368,6.139467,5,0.363934,578.357,408.535,1
368,6.139467,7,0.769961,620.657,216.097,1
368,6.139467,9,0.587636,556.181,313.921,1
368,6.139467,10,0.086696,642.982,460.818,1
369,6.156150,3,0.651393,589.372,233.609,1
369,6.156150,5,0.645909,579.306,390.329,1
369,6.156150,7,0.728788,622.117,218.154,1
369,6.156150,9,0.644121,554.948,324.966,1
369,6.156150,10,0.086696,641.172,468.657,0
370,6.172833,3,0.525803,587.715,228.807,1
370,6.172833,5,0.309386,580.201,373.376,1
370,6.172833,7,0.476707,623.456,220.488,1
370,6.172833,9,0.685436,553.831,336.631,1
370,6.172833,10,0.598493,637.466,473.326,1
371,6.189517,3,0.647210,586.582,225.137,1
371,6.189517,5,0.632942,581.564,358.264,1
371,6.189517,7,0.764101,625.409,223.404,1
371,6.189517,9,0.576900,552.437,348.515,1
371,6.189517,10,0.419243,633.976,477.176,1
372,6.206200,3,0.568860,585.727,222.030,1
372,6.206200,5,0.684871,582.706,343.744,1
372,6.206200,7,0.790599,626.914,227.111,1
372,6.206200,9,0.684069,551.296,361.318,1
372,6.206200,10,0.127660,631.076,479.391,1
373,6.222883,3,0.629953,584.479,219.352,1
373,6.222883,5,0.566933,584.024,330.863,1
373,6.222883,7,0.634714,628.300,230.802,1
373,6.222883,9,0.763226,549.891,374.822,1
373,6.222883,10,0.376171,628.213,479.021,1
374,6.239567,3,0.611720,582.974,217.218,1
374,6.239567,5,0.675855,585.836,319.025,1
374,6.239567,7,0.634329,629.698,235.623,1
374,6.239567,9,0.495069,548.227,388.357,1
374,6.239567,10,0.106918,625.687,476.647,1
375,6.256250,3,0.766422,581.549,215.873,1
375,6.256250,5,0.659384,587.360,307.940,1
375,6.256250,7,0.735779,630.715,240.854,1
375,6.256250,9,0.557791,546.621,403.058,1
375,6.256250,10,0.713612,622.932,471.281,1
376,6.272933,3,0.846689,579.811,214.964,1
376,6.272933,5,0.701335,588.833,297.925,1
376,6.272933,7,0.762601,632.096,246.892,1
376,6.272933,9,0.267463,544.858,415.306,1
376,6.272933,10,0.737065,620.696,464.054,1
377,6.289617,3,0.608329,578.128,214.259,1
377,6.289617,5,0.376489,590.390,288.977,1
377,6.289617,7,0.467634,633.806,252.926,1
377,6.289617,9,0.109680,543.052,426.321,1
377,6.289617,10,0.081136,618.196,453.409,1
378,6.306300,3,0.773498,576.631,214.205,1
378,6.306300,5,0.496007,591.735,280.766,1
378,6.306300,7,0.636958,635.056,259.818,1
378,6.306300,9,0.355892,541.683,436.127,1
378,6.306300,10,0.295005,616.570,439.620,1
379,6.322983,3,0.630357,574.913,214.643,1
379,6.322983,5,0.084018,593.050,272.826,1
379,6.322983,7,0.498261,636.578,267.215,1
379,6.322983,9,0.133532,540.756,444.046,1
379,6.322983,10,0.143256,615.261,424.667,1
380,6.339667,3,0.711256,573.372,215.635,1
380,6.339667,5,0.602608,594.545,265.675,1
380,6.339667,7,0.627240,638.475,275.026,1
380,6.339667,9,0.300398,540.242,451.860,1
380,6.339667,10,0.143256,613.216,415.751,0
381,6.356350,3,0.758202,571.880,217.136,1
381,6.356350,5,0.710697,595.755,259.141,1
381,6.356350,7,0.185538,640.085,283.383,1
381,6.356350,9,0.519446,541.315,459.670,1
381,6.356350,10,0.055731,612.941,397.659,1
382,6.373033,3,0.648469,570.267,219.034,1
382,6.373033,5,0.672297,596.986,253.008,1
382,6.373033,7,0.630367,641.699,292.439,1
382,6.373033,9,0.451854,542.719,467.275,1
382,6.373033,10,0.219255,612.138,380.693,1
383,6.389717,3,0.431725,568.962,221.648,1
383,6.389717,5,0.413782,598.487,247.742,1
383,6.389717,7,0.528293,643.112,302.272,1
383,6.389717,9,0.154692,544.883,473.862,1
383,6.389717,10,0.332908,611.509,364.494,1
384,6.406400,3,0.694947,567.153,225.067,1
384,6.406400,5,0.307677,600.103,242.298,1
384,6.406400,7,0.394916,644.680,312.625,1
384,6.406400,9,0.230666,547.222,479.449,1
384,6.406400,10,0.149973,611.592,349.055,1
385,6.423083,3,0.706238,565.362,228.778,1
385,6.423083,5,0.634171,601.565,237.754,1
385,6.423083,7,0.629183,646.153,323.620,1
385,6.423083,9,0.359886,550.167,485.683,1
385,6.423083,10,0.491345,610.134,335.238,1
386,6.439767,3,0.657141,564.043,233.199,1
386,6.439767,5,0.629193,602.828,233.748,1
386,6.439767,7,0.711050,647.956,335.353,1
386,6.439767,9,0.161239,553.602,490.518,1
386,6.439767,10,0.480622,608.801,322.665,1
387,6.456450,3,0.595471,562.713,237.921,1
387,6.456450,5,0.063335,604.097,230.302,1
387,6.456450,7,0.635847,649.538,347.454,1
387,6.456450,9,0.314461,556.968,493.436,1
387,6.456450,10,0.590457,607.124,311.322,1
388,6.473133,3,0.618392,561.269,243.581,1
388,6.473133,5,0.708148,605.036,227.461,1
388,6.473133,7,0.700459,651.042,360.540,1
388,6.473133,9,0.060196,560.452,493.532,1
388,6.473133,10,0.231588,605.577,301.166,1
389,6.489817,3,0.648310,559.839,249.462,1
389,6.489817,5,0.803443,606.212,224.748,1
389,6.489817,7,0.747920,652.981,373.304,1
389,6.489817,9,0.290823,563.711,490.950,1
389,6.489817,10,0.701156,604.157,292.009,1
390,6.506500,3,0.708386,558.182,255.596,1
390,6.506500,5,0.721516,607.504,222.648,1
390,6.506500,7,0.534552,654.539,386.468,1
390,6.506500,9,0.268481,565.940,485.128,1
390,6.506500,10,0.326234,602.752,283.031,1
390,6.506500,11,0.101710,564.404,477.353,1
391,6.523183,3,0.230315,556.590,262.816,1
391,6.523183,5,0.686118,608.863,221.288,1
391,6.523183,7,0.350757,656.124,397.583,1
391,6.523183,9,0.268481,568.614,485.315,0
391,6.523183,10,0.295226,601.459,274.754,1
391,6.523183,11,0.154901,566.997,469.385,1
392,6.539867,3,0.576817,555.048,270.609,1
392,6.539867,5,0.684091,609.769,220.603,1
392,6.539867,7,0.359438,656.948,408.144,1
392,6.539867,9,0.268481,571.287,485.503,0
392,6.539867,10,0.536360,599.782,267.089,1
392,6.539867,11,0.260262,569.049,458.758,1
393,6.556550,3,0.218350,553.512,277.895,1
393,6.556550,5,0.594871,610.984,219.994,1
393,6.556550,7,0.366188,657.168,417.793,1
393,6.556550,9,0.268481,573.960,485.690,0
393,6.556550,10,0.618512,598.405,260.036,1
393,6.556550,11,0.084847,571.121,446.207,1
394,6.573233,3,0.586598,552.065,286.483,1
394,6.573233,5,0.709873,612.293,220.153,1
394,6.573233,7,0.468416,656.264,427.877,1
394,6.573233,9,0.268481,576.634,485.878,0
394,6.573233,10,0.589713,597.332,253.664,1
394,6.573233,11,0.241709,573.738,430.937,1
395,6.589917,3,0.656069,550.697,295.784,1
395,6.589917,5,0.759017,613.369,221.011,1
395,6.589917,7,0.445227,654.474,436.605,1
395,6.589917,9,0.268481,579.307,486.065,0
395,6.589917,10,0.767963,596.348,247.830,1
395,6.589917,11,0.241709,575.834,420.978,0
396,6.606600,3,0.751077,549.034,305.676,1
396,6.606600,5,0.661450,614.601,222.040,1
396,6.606600,7,0.467351,652.367,446.091,1
396,6.606600,10,0.658014,595.342,242.138,1
396,6.606600,11,0.359175,577.730,402.433,1
397,6.623283,3,0.706581,547.210,316.085,1
397,6.623283,5,0.669289,616.442,223.901,1
397,6.623283,7,0.134763,649.155,455.728,1
397,6.623283,10,0.486245,594.359,237.061,1
397,6.623283,11,0.403174,580.228,384.000,1
398,6.639967,3,0.121190,545.599,327.252,1
398,6.639967,5,0.368669,617.761,226.281,1
398,6.639967,7,0.134763,647.860,465.644,0
398,6.639967,10,0.474956,593.201,232.616,1
398,6.639967,11,0.624604,581.933,367.815,1
399,6.656650,3,0.694368,543.967,338.982,1
399,6.656650,5,0.622252,618.887,228.763,1
399,6.656650,7,0.064440,643.915,473.056,1
399,6.656650,10,0.552229,591.803,228.731,1
399,6.656650,11,0.728246,583.730,352.490,1
400,6.673333,3,0.733308,542.441,351.278,1
400,6.673333,5,0.540165,620.272,231.841,1
400,6.673333,7,0.086933,639.543,478.295,1
400,6.673333,10,0.591570,590.785,225.550,1
400,6.673333,11,0.278770,585.161,338.821,1
401,6.690017,3,0.727937,541.134,364.351,1
401,6.690017,5,0.749060,621.649,235.651,1
401,6.690017,7,0.657729,635.782,483.068,1
401,6.690017,10,0.691419,589.581,223.055,1
401,6.690017,11,0.796109,586.520,325.704,1
402,6.706700,3,0.736036,539.281,378.291,1
402,6.706700,5,0.490084,622.743,240.049,1
402,6.706700,7,0.364473,632.186,485.153,1
402,6.706700,10,0.604415,588.368,221.045,1
402,6.706700,11,0.572720,588.268,313.733,1
403,6.723383,3,0.660868,537.332,392.095,1
403,6.723383,5,0.652408,624.060,244.770,1
403,6.723383,7,0.458886,628.486,483.349,1
403,6.723383,10,0.600829,587.011,219.261,1
403,6.723383,11,0.501019,590.125,302.712,1
404,6.740067,3,0.354224,535.123,404.891,1
404,6.740067,5,0.571115,625.742,250.104,1
404,6.740067,7,0.293178,625.681,477.473,1
404,6.740067,10,0.526110,586.057,218.150,1
404,6.740067,11,0.374477,591.695,292.304,1
405,6.756750,3,0.433303,533.273,415.594,1
405,6.756750,5,0.649771,626.965,256.371,1
405,6.756750,7,0.442360,622.607,468.560,1
405,6.756750,10,0.751799,585.121,217.545,1
405,6.756750,11,0.594242,593.239,282.495,1
406,6.773433,3,0.435305,532.119,425.479,1
406,6.773433,5,0.298982,628.157,262.950,1
406,6.773433,7,0.298437,619.860,456.631,1
406,6.773433,10,0.270774,584.100,217.594,1
406,6.773433,11,0.465570,594.743,273.435,1
407,6.790117,3,0.173745,531.939,434.661,1
407,6.790117,5,0.536340,629.605,270.212,1
407,6.790117,7,0.626694,617.515,442.674,1
407,6.790117,10,0.627819,582.744,218.024,1
407,6.790117,11,0.690139,596.114,265.050,1
408,6.806800,3,0.385676,532.608,442.538,1
408,6.806800,5,0.371853,630.611,277.619,1
408,6.806800,7,0.071041,615.384,426.518,1
408,6.806800,10,0.381020,581.691,218.858,1
408,6.806800,11,0.680026,597.316,257.405,1
409,6.823483,3,0.174403,534.530,450.081,1
409,6.823483,5,0.394105,631.611,285.869,1
409,6.823483,7,0.100181,613.852,409.996,1
409,6.823483,10,0.448555,580.183,220.045,1
409,6.823483,11,0.540422,598.581,250.031,1
410,6.840167,3,0.206622,537.561,457.453,1
410,6.840167,5,0.540395,632.939,294.493,1
410,6.840167,7,0.100181,611.496,398.791,0
410,6.840167,10,0.380054,578.713,222.108,1
410,6.840167,11,0.395740,599.860,243.227,1
411,6.856850,3,0.307094,540.475,464.745,1
411,6.856850,5,0.385358,634.526,303.984,1
411,6.856850,7,0.355914,610.854,381.538,1
411,6.856850,10,0.547894,577.324,224.442,1
411,6.856850,11,0.489310,601.213,236.762,1
412,6.873533,3,0.307094,541.817,473.193,0
412,6.873533,5,0.281523,635.951,314.045,1
412,6.873533,7,0.156550,609.667,364.717,1
412,6.873533,10,0.363220,576.141,227.507,1
412,6.873533,11,0.419031,602.552,231.269,1
413,6.890217,3,0.307094,543.158,481.641,0
413,6.890217,5,0.368173,637.486,324.798,1
413,6.890217,7,0.156550,607.955,350.843,0
413,6.890217,10,0.171602,574.879,230.909,1
413,6.890217,11,0.398275,604.041,226.444,1
414,6.906900,3,0.307094,544.500,490.090,0
414,6.906900,5,0.395981,638.874,335.977,1
414,6.906900,7,0.067280,607.464,336.414,1
414,6.906900,10,0.295686,573.619,235.173,1
414,6.906900,11,0.642428,605.278,221.786,1
415,6.923583,3,0.307094,545.842,498.538,0
415,6.923583,5,0.531038,640.050,347.846,1
415,6.923583,7,0.314395,605.981,323.338,1
415,6.923583,10,0.243950,572.716,239.610,1
415,6.923583,11,0.442705,606.718,217.473,1
416,6.940267,3,0.307094,547.184,506.987,0
416,6.940267,5,0.441014,641.458,360.802,1
416,6.940267,7,0.063448,604.768,310.635,1
416,6.940267,10,0.249560,571.324,244.512,1
416,6.940267,11,0.343639,608.203,213.574,1
417,6.956950,5,0.258403,643.417,373.089,1
417,6.956950,7,0.410363,602.988,299.726,1
417,6.956950,10,0.214329,569.957,250.305,1
417,6.956950,11,0.575146,609.595,210.171,1
418,6.973633,5,0.249891,645.435,386.640,1
418,6.973633,7,0.511075,601.427,289.944,1
418,6.973633,10,0.511312,568.770,256.996,1
418,6.973633,11,0.616418,611.104,207.895,1
419,6.990317,5,0.401764,646.245,398.426,1
419,6.990317,7,0.352959,599.893,280.885,1
419,6.990317,10,0.487844,567.823,264.144,1
419,6.990317,11,0.626931,612.645,205.903,1
420,7.007000,5,0.220425,646.260,409.160,1
420,7.007000,7,0.384997,598.423,272.330,1
420,7.007000,10,0.367449,566.543,272.028,1
420,7.007000,11,0.376104,613.836,204.668,1
420,7.007000,12,0.058535,568.969,460.477,1
421,7.023683,5,0.296359,645.947,418.681,1
421,7.023683,7,0.601169,597.021,264.630,1
421,7.023683,10,0.416613,565.045,280.450,1
421,7.023683,11,0.554956,615.353,203.946,1
421,7.023683,12,0.089781,570.643,449.135,1
422,7.040367,5,0.539348,645.188,428.183,1
422,7.040367,7,0.737254,595.675,257.797,1
422,7.040367,10,0.668169,563.799,289.149,1
422,7.040367,11,0.757474,617.021,203.867,1
422,7.040367,12,0.654586,572.975,434.438,1
423,7.057050,5,0.087737,643.547,437.720,1
423,7.057050,7,0.587157,594.517,250.849,1
423,7.057050,10,0.517686,562.664,298.214,1
423,7.057050,11,0.534824,618.494,204.131,1
423,7.057050,12,0.067953,575.404,418.628,1
424,7.073733,5,0.063177,641.848,446.598,1
424,7.073733,7,0.511878,593.293,244.513,1
424,7.073733,10,0.469211,561.347,307.623,1
424,7.073733,11,0.454694,620.045,204.514,1
424,7.073733,12,0.105974,577.575,402.148,1
425,7.090417,5,0.063177,641.242,456.544,0
425,7.090417,7,0.628396,591.749,239.081,1
425,7.090417,10,0.567164,560.068,317.708,1
425,7.090417,11,0.536464,621.614,205.570,1
425,7.090417,12,0.105974,579.421,389.642,0
426,7.107100,5,0.544849,638.393,463.454,1
426,7.107100,7,0.715678,590.334,233.882,1
426,7.107100,10,0.761230,559.009,328.585,1
426,7.107100,11,0.699371,622.875,207.082,1
426,7.107100,12,0.444901,581.360,373.261,1
427,7.123783,5,0.544849,637.192,472.594,0
427,7.123783,7,0.365584,588.961,229.219,1
427,7.123783,10,0.628295,557.637,339.739,1
427,7.123783,11,0.152646,624.452,209.148,1
427,7.123783,12,0.462700,583.339,358.515,1
428,7.140467,5,0.544849,635.991,481.734,0
428,7.140467,7,0.497440,587.511,224.915,1
428,7.140467,10,0.706750,556.203,351.671,1
428,7.140467,11,0.673551,626.075,212.095,1
428,7.140467,12,0.569144,584.601,344.310,1
429,7.157150,5,0.544849,634.789,490.874,0
429,7.157150,7,0.098338,586.211,221.329,1
429,7.157150,10,0.736271,554.982,364.995,1
429,7.157150,11,0.732434,627.465,215.462,1
429,7.157150,12,0.680731,585.909,331.320,1
430,7.173833,5,0.078178,631.306,487.257,1
430,7.173833,7,0.630182,584.977,218.257,1
430,7.173833,10,0.486814,553.649,378.436,1
430,7.173833,11,0.749273,628.773,219.144,1
430,7.173833,12,0.797164,587.364,319.325,1
431,7.190517,5,0.078178,629.499,493.012,0
431,7.190517,7,0.715843,583.456,215.900,1
431,7.190517,10,0.125681,552.194,391.503,1
431,7.190517,11,0.170686,629.977,223.503,1
431,7.190517,12,0.836498,589.115,308.062,1
432,7.207200,5,0.078178,627.692,498.766,0
432,7.207200,7,0.726669,581.961,213.865,1
432,7.207200,10,0.202904,550.734,402.752,1
432,7.207200,11,0.717664,631.034,228.637,1
432,7.207200,12,0.759334,590.908,297.884,1
433,7.223883,5,0.078178,625.885,504.520,0
433,7.223883,7,0.618962,580.510,212.409,1
433,7.223883,10,0.540068,549.335,412.822,1
433,7.223883,11,0.650270,632.584,234.194,1
433,7.223883,12,0.707111,592.383,288.380,1
434,7.240567,7,0.482762,578.950,211.362,1
434,7.240567,10,0.549517,547.896,423.719,1
434,7.240567,11,0.619614,634.350,240.410,1
434,7.240567,12,0.530757,594.029,279.690,1
435,7.257250,7,0.642332,577.540,210.886,1
435,7.257250,10,0.523749,546.409,433.356,1
435,7.257250,11,0.626261,635.691,246.765,1
435,7.257250,12,0.609834,595.523,271.666,1
436,7.273933,7,0.723573,576.432,211.026,1
436,7.273933,10,0.121613,545.390,441.315,1
436,7.273933,11,0.765945,637.172,253.707,1
436,7.273933,12,0.689613,596.783,264.191,1
436,7.273933,13,0.600295,617.673,427.094,1
437,7.290617,7,0.762868,574.807,211.689,1
437,7.290617,10,0.195728,545.220,448.877,1
437,7.290617,11,0.714183,638.853,261.297,1
437,7.290617,12,0.752793,598.076,257.610,1
437,7.290617,13,0.072612,616.472,414.016,1
438,7.307300,7,0.599032,573.272,213.006,1
438,7.307300,10,0.416715,545.686,456.556,1
438,7.307300,11,0.090946,640.183,269.602,1
438,7.307300,12,0.568814,599.120,251.144,1
438,7.307300,13,0.072612,615.833,407.492,0
439,7.323983,7,0.706997,571.863,214.615,1
439,7.323983,10,0.378788,546.597,464.051,1
439,7.323983,11,0.684959,641.917,278.256,1
439,7.323983,12,0.750116,600.258,245.086,1
439,7.323983,13,0.070523,614.099,388.662,1
440,7.340667,7,0.708779,570.436,217.129,1
440,7.340667,10,0.273199,547.913,470.628,1
440,7.340667,11,0.793322,643.748,288.024,1
440,7.340667,12,0.659867,601.621,239.822,1
440,7.340667,13,0.263150,611.800,371.234,1
441,7.357350,7,0.770216,568.868,219.882,1
441,7.357350,10,0.205043,549.463,475.773,1
441,7.357350,11,0.800179,645.149,298.322,1
441,7.357350,12,0.704354,603.104,234.874,1
441,7.357350,13,0.514579,610.016,355.481,1
441,7.357350,14,0.057422,844.478,45.111,1
442,7.374033,7,0.748692,567.296,223.184,1
442,7.374033,10,0.086904,551.437,481.467,1
442,7.374033,11,0.707128,646.628,308.610,1
442,7.374033,12,0.770320,604.415,230.617,1
442,7.374033,13,0.514579,608.501,341.863,0
442,7.374033,14,0.057422,844.475,45.118,0
443,7.390717,7,0.668145,565.773,227.075,1
443,7.390717,10,0.301006,553.785,486.069,1
443,7.390717,11,0.678029,648.353,320.345,1
443,7.390717,12,0.755498,605.794,226.734,1
443,7.390717,13,0.180630,606.592,328.408,1
443,7.390717,14,0.057422,844.473,45.126,0
444,7.407400,7,0.588915,564.476,231.600,1
444,7.407400,10,0.331568,556.504,490.015,1
444,7.407400,11,0.627360,649.738,332.306,1
444,7.407400,12,0.677679,607.060,223.081,1
444,7.407400,13,0.118445,604.758,316.557,1
444,7.407400,14,0.057422,844.471,45.133,0
445,7.424083,7,0.681892,563.227,236.740,1
445,7.424083,10,0.126100,559.304,491.883,1
445,7.424083,11,0.624966,651.087,344.819,1
445,7.424083,12,0.701739,608.453,220.044,1
445,7.424083,13,0.372434,603.381,306.334,1
446,7.440767,7,0.675057,561.761,242.094,1
446,7.440767,10,0.593988,561.946,490.977,1
446,7.440767,11,0.728151,652.729,357.932,1
446,7.440767,12,0.720614,609.727,217.827,1
446,7.440767,13,0.614896,601.998,297.218,1
447,7.457450,7,0.562609,560.241,248.017,1
447,7.457450,10,0.178748,564.329,486.540,1
447,7.457450,11,0.649344,654.110,371.407,1
447,7.457450,12,0.677469,611.056,216.284,1
447,7.457450,13,0.534787,600.752,289.055,1
448,7.474133,7,0.699474,558.781,254.605,1
448,7.474133,10,0.344934,566.566,478.769,1
448,7.474133,11,0.609874,655.603,385.971,1
448,7.474133,12,0.773271,612.502,214.765,1
448,7.474133,13,0.543591,599.346,281.125,1
449,7.490817,7,0.614304,557.033,261.788,1
449,7.490817,10,0.123402,568.682,468.292,1
449,7.490817,11,0.364039,656.715,399.562,1
449,7.490817,12,0.713204,613.779,214.079,1
449,7.490817,13,0.474857,598.049,273.997,1
450,7.507500,7,0.592944,555.644,269.185,1
450,7.507500,10,0.773724,570.779,455.305,1
450,7.507500,11,0.433358,657.279,410.412,1
450,7.507500,12,0.668390,615.107,213.856,1
450,7.507500,13,0.631740,596.852,267.363,1
451,7.524183,7,0.307264,554.040,277.020,1
451,7.524183,10,0.569826,572.832,440.212,1
451,7.524183,11,0.176580,657.030,419.569,1
451,7.524183,12,0.297151,616.755,213.968,1
451,7.524183,13,0.305402,595.643,260.880,1
452,7.540867,7,0.604896,552.849,285.788,1
452,7.540867,10,0.450963,575.038,423.796,1
452,7.540867,11,0.282090,655.464,428.323,1
452,7.540867,12,0.690663,618.053,214.987,1
452,7.540867,13,0.505859,594.662,254.954,1
453,7.557550,7,0.377633,551.406,294.842,1
453,7.557550,10,0.123632,577.177,407.691,1
453,7.557550,11,0.308657,653.509,436.849,1
453,7.557550,12,0.672456,619.345,216.413,1
453,7.557550,13,0.533784,593.625,249.697,1
454,7.574233,7,0.469924,549.767,304.775,1
454,7.574233,10,0.123632,579.329,395.618,0
454,7.574233,11,0.062347,650.581,444.187,1
454,7.574233,12,0.379291,621.160,218.259,1
454,7.574233,13,0.268033,592.315,244.749,1
455,7.590917,7,0.391904,547.841,315.252,1
455,7.590917,10,0.123632,581.480,383.545,0
455,7.590917,11,0.379787,647.140,451.598,1
455,7.590917,12,0.451900,622.317,220.926,1
455,7.590917,13,0.405624,591.055,240.323,1
456,7.607600,7,0.460418,546.040,326.214,1
456,7.607600,10,0.199192,582.986,366.135,1
456,7.607600,11,0.379787,645.442,460.493,0
456,7.607600,12,0.661926,623.352,223.731,1
456,7.607600,13,0.487475,589.879,236.503,1
457,7.624283,7,0.642773,544.382,337.983,1
457,7.624283,10,0.759456,584.359,350.129,1
457,7.624283,11,0.379787,643.744,469.388,0
457,7.624283,12,0.709578,624.601,227.276,1
457,7.624283,13,0.682518,588.505,233.594,1
458,7.640967,7,0.704032,542.910,350.494,1
458,7.640967,10,0.587577,585.860,335.830,1
458,7.640967,11,0.054675,638.620,473.948,1
458,7.640967,12,0.476222,626.101,231.355,1
458,7.640967,13,0.391274,587.127,231.075,1
459,7.657650,7,0.690092,541.605,363.502,1
459,7.657650,10,0.673836,587.041,323.092,1
459,7.657650,11,0.067407,634.370,476.904,1
459,7.657650,12,0.733257,627.441,236.029,1
459,7.657650,13,0.614807,586.090,229.272,1
460,7.674333,7,0.700951,539.980,377.207,1
460,7.674333,10,0.389417,589.073,310.831,1
460,7.674333,11,0.067407,631.327,483.378,0
460,7.674333,12,0.227856,628.894,240.815,1
460,7.674333,13,0.430283,584.961,227.420,1
461,7.691017,7,0.362685,538.271,390.832,1
461,7.691017,10,0.596674,590.837,300.307,1
461,7.691017,11,0.392251,627.898,478.618,1
461,7.691017,12,0.667991,630.230,246.659,1
461,7.691017,13,0.674071,583.283,226.740,1
462,7.707700,7,0.192799,536.425,404.719,1
462,7.707700,10,0.485747,592.420,290.576,1
462,7.707700,11,0.681215,624.880,471.757,1
462,7.707700,12,0.541216,631.404,252.792,1
462,7.707700,13,0.492392,581.989,226.309,1
463,7.724383,7,0.069981,535.037,416.952,1
463,7.724383,10,0.530369,594.112,281.679,1
463,7.724383,11,0.067356,622.234,462.283,1
463,7.724383,12,0.348217,632.657,259.722,1
463,7.724383,13,0.494240,580.659,226.395,1
464,7.741067,7,0.332823,533.721,427.645,1
464,7.741067,10,0.763976,595.741,273.651,1
464,7.741067,11,0.616342,620.117,449.670,1
464,7.741067,12,0.609097,633.520,267.164,1
464,7.741067,13,0.732207,579.264,227.043,1
465,7.757750,7,0.095155,532.968,438.093,1
465,7.757750,10,0.324600,597.263,265.957,1
465,7.757750,11,0.105454,617.749,435.099,1
465,7.757750,12,0.528784,635.459,274.935,1
465,7.757750,13,0.483475,578.018,228.188,1
466,7.774433,7,0.270278,533.598,447.254,1
466,7.774433,10,0.555127,598.833,259.296,1
466,7.774433,11,0.284957,616.526,420.659,1
466,7.774433,12,0.603528,637.256,283.248,1
466,7.774433,13,0.641575,576.880,229.970,1
467,7.791117,7,0.543120,535.815,455.385,1
467,7.791117,10,0.340870,600.035,253.163,1
467,7.791117,11,0.067566,614.992,403.826,1
467,7.791117,12,0.522450,638.928,292.006,1
467,7.791117,13,0.170627,575.350,231.861,1
468,7.807800,7,0.252959,538.362,462.814,1
468,7.807800,10,0.505461,601.345,247.714,1
468,7.807800,11,0.067566,612.915,392.556,0
468,7.807800,12,0.604278,640.235,301.473,1
468,7.807800,13,0.532432,573.999,234.688,1
469,7.824483,7,0.067209,542.029,468.197,1
469,7.824483,10,0.292512,602.968,242.234,1
469,7.824483,11,0.067566,610.837,381.287,0
469,7.824483,12,0.474660,641.841,311.394,1
469,7.824483,13,0.252649,572.860,237.928,1
470,7.841167,7,0.053761,545.753,473.035,1
470,7.841167,10,0.237686,604.417,237.365,1
470,7.841167,11,0.077276,609.464,363.151,1
470,7.841167,12,0.453521,643.436,321.846,1
470,7.841167,13,0.202319,571.396,241.349,1
471,7.857850,7,0.053761,547.822,480.494,0
471,7.857850,10,0.594500,605.863,232.970,1
471,7.857850,11,0.077276,607.573,350.059,0
471,7.857850,12,0.469773,644.939,333.293,1
471,7.857850,13,0.393620,569.781,245.707,1
472,7.874533,7,0.053761,549.890,487.954,0
472,7.874533,10,0.481440,607.289,229.054,1
472,7.874533,11,0.077276,605.682,336.968,0
472,7.874533,12,0.162853,646.180,344.984,1
472,7.874533,13,0.272205,568.184,250.535,1
473,7.891217,7,0.053761,551.959,495.413,0
473,7.891217,10,0.406268,608.894,225.836,1
473,7.891217,11,0.162553,605.005,321.898,1
473,7.891217,12,0.297614,647.483,356.751,1
473,7.891217,13,0.451664,566.736,255.701,1
474,7.907900,7,0.053761,554.028,502.873,0
474,7.907900,10,0.508689,610.363,222.917,1
474,7.907900,11,0.487409,604.173,309.215,1
474,7.907900,12,0.247403,648.882,368.945,1
474,7.907900,13,0.466234,565.181,261.734,1
475,7.924583,7,0.053761,556.097,510.332,0
475,7.924583,10,0.466119,611.868,220.669,1
475,7.924583,11,0.375205,603.236,298.186,1
475,7.924583,12,0.165975,650.565,380.941,1
475,7.924583,13,0.429878,563.840,268.367,1
476,7.941267,10,0.560212,613.304,219.016,1
476,7.941267,11,0.406885,601.999,288.501,1
476,7.941267,12,0.342310,651.617,392.070,1
476,7.941267,13,0.376985,562.683,275.212,1
477,7.957950,10,0.495076,614.830,217.830,1
477,7.957950,11,0.207650,600.573,279.943,1
477,7.957950,12,0.289692,652.778,402.430,1
477,7.957950,13,0.234706,561.499,282.439,1
478,7.974633,10,0.641585,616.405,217.200,1
478,7.974633,11,0.348799,599.332,271.838,1
478,7.974633,12,0.363304,653.026,412.292,1
478,7.974633,13,0.409657,560.116,290.674,1
479,7.991317,10,0.697888,617.845,217.050,1
479,7.991317,11,0.397012,597.785,264.377,1
479,7.991317,12,0.230738,653.193,420.061,1
479,7.991317,13,0.446471,558.863,299.322,1
480,8.008000,10,0.661314,619.338,217.496,1
480,8.008000,11,0.609671,596.221,257.735,1
480,8.008000,12,0.507288,652.061,428.828,1
480,8.008000,13,0.460586,557.370,308.136,1
480,8.008000,15,0.431143,576.316,432.200,1
481,8.024683,10,0.548237,621.022,218.177,1
481,8.024683,11,0.152983,594.845,251.424,1
481,8.024683,12,0.220050,650.470,435.867,1
481,8.024683,13,0.388038,555.898,317.839,1
481,8.024683,15,0.132164,578.999,418.271,1
482,8.041367,10,0.616744,622.319,219.284,1
482,8.041367,11,0.449831,593.164,245.580,1
482,8.041367,12,0.457394,648.386,443.810,1
482,8.041367,13,0.647358,554.680,328.321,1
482,8.041367,15,0.465261,581.093,403.119,1
483,8.058050,10,0.595393,623.544,220.990,1
483,8.058050,11,0.609717,591.488,240.329,1
483,8.058050,12,0.457394,647.679,452.481,0
483,8.058050,13,0.159124,553.467,339.161,1
483,8.058050,15,0.465261,582.701,393.289,0
484,8.074733,10,0.654023,625.268,223.284,1
484,8.074733,11,0.702737,589.827,235.826,1
484,8.074733,12,0.457394,646.971,461.151,0
484,8.074733,13,0.535435,552.534,350.603,1
484,8.074733,15,0.336108,584.445,375.524,1
485,8.091417,10,0.787620,626.814,226.412,1
485,8.091417,11,0.150730,588.110,231.266,1
485,8.091417,12,0.457394,646.263,469.822,0
485,8.091417,13,0.490013,551.293,362.458,1
485,8.091417,15,0.334201,585.973,360.476,1
486,8.108100,10,0.810697,628.393,229.945,1
486,8.108100,11,0.709941,586.541,227.658,1
486,8.108100,12,0.436724,641.349,472.658,1
486,8.108100,13,0.768365,549.701,375.125,1
486,8.108100,15,0.056585,587.509,345.737,1
487,8.124783,10,0.731897,629.908,233.968,1
487,8.124783,11,0.590034,585.313,224.656,1
487,8.124783,12,0.084241,636.921,474.035,1
487,8.124783,13,0.737911,547.950,388.164,1
487,8.124783,15,0.510018,589.953,333.007,1
488,8.141467,10,0.582675,631.118,238.561,1
488,8.141467,11,0.356712,584.199,221.837,1
488,8.141467,12,0.084241,634.407,479.632,0
488,8.141467,13,0.522471,546.587,401.556,1
488,8.141467,15,0.515663,591.755,321.088,1
489,8.158150,10,0.665224,632.518,243.616,1
489,8.158150,11,0.509352,582.590,219.448,1
489,8.158150,12,0.084241,631.892,485.229,0
489,8.158150,13,0.260130,544.576,413.161,1
489,8.158150,15,0.416859,593.338,310.170,1
490,8.174833,10,0.649575,634.191,249.320,1
490,8.174833,11,0.743622,581.045,217.920,1
490,8.174833,12,0.324990,629.058,476.682,1
490,8.174833,13,0.582439,542.016,423.839,1
490,8.174833,15,0.649639,594.886,300.150,1
491,8.191517,10,0.708339,635.571,255.165,1
491,8.191517,11,0.706053,579.310,216.979,1
491,8.191517,12,0.554403,626.873,466.690,1
491,8.191517,13,0.396974,540.750,433.103,1
491,8.191517,15,0.657794,596.421,291.054,1
492,8.208200,10,0.457408,637.244,261.927,1
492,8.208200,11,0.769421,577.595,216.635,1
492,8.208200,12,0.761820,624.214,453.864,1
492,8.208200,13,0.541785,539.608,441.202,1
492,8.208200,15,0.116579,597.870,282.702,1
493,8.224883,10,0.625437,638.928,268.999,1
493,8.224883,11,0.696786,575.866,216.907,1
493,8.224883,12,0.476707,622.142,439.055,1
493,8.224883,13,0.354436,539.164,449.150,1
493,8.224883,15,0.312418,599.343,275.155,1
494,8.241567,10,0.741731,640.334,276.726,1
494,8.241567,11,0.819626,573.992,217.374,1
494,8.241567,12,0.673081,620.437,422.963,1
494,8.241567,13,0.460417,539.185,456.422,1
494,8.241567,15,0.567206,601.032,267.923,1
495,8.258250,10,0.460686,641.658,285.324,1
495,8.258250,11,0.753387,572.525,218.369,1
495,8.258250,12,0.075112,619.463,410.629,1
495,8.258250,13,0.182818,539.641,463.070,1
495,8.258250,15,0.672425,602.462,261.492,1
496,8.274933,10,0.682568,643.223,294.522,1
496,8.274933,11,0.621633,570.829,219.772,1
496,8.274933,12,0.075112,617.571,400.371,0
496,8.274933,13,0.182818,539.092,471.438,0
496,8.274933,15,0.481627,604.241,255.137,1
497,8.291617,10,0.570812,644.696,304.075,1
497,8.291617,11,0.326648,569.256,221.698,1
497,8.291617,12,0.053323,616.096,382.358,1
497,8.291617,13,0.091113,541.285,477.069,1
497,8.291617,15,0.386205,605.587,249.136,1
498,8.308300,10,0.643552,646.444,314.297,1
498,8.308300,11,0.404896,567.844,224.187,1
498,8.308300,12,0.462901,614.853,365.292,1
498,8.308300,13,0.158982,544.296,481.356,1
498,8.308300,15,0.496424,607.062,243.861,1
499,8.324983,10,0.261007,648.244,324.980,1
499,8.324983,11,0.456076,566.150,227.090,1
499,8.324983,12,0.225860,613.558,349.786,1
499,8.324983,13,0.125467,547.609,484.076,1
499,8.324983,15,0.397195,608.662,239.143,1
500,8.341667,10,0.527334,649.897,336.118,1
500,8.341667,11,0.168868,564.441,230.894,1
500,8.341667,12,0.265398,612.861,335.658,1
500,8.341667,13,0.125467,549.171,489.758,0
500,8.341667,15,0.335265,610.096,235.155,1
501,8.358350,10,0.328612,651.467,348.106,1
501,8.358350,11,0.338922,562.981,235.377,1
501,8.358350,12,0.242157,611.004,322.944,1
501,8.358350,13,0.125467,550.734,495.440,0
501,8.358350,15,0.555417,611.739,231.581,1
502,8.375033,10,0.674980,653.290,361.045,1
502,8.375033,11,0.437346,561.395,240.003,1
502,8.375033,12,0.326140,609.361,310.978,1
502,8.375033,13,0.125467,552.296,501.121,0
502,8.375033,15,0.592922,613.324,228.533,1
503,8.391717,10,0.811454,654.755,373.627,1
503,8.391717,11,0.645945,559.612,245.502,1
503,8.391717,12,0.547295,607.956,300.912,1
503,8.391717,13,0.125467,553.859,506.803,0
503,8.391717,15,0.611256,614.525,226.112,1
504,8.408400,10,0.612733,656.075,384.923,1
504,8.408400,11,0.580090,558.026,251.473,1
504,8.408400,12,0.517288,606.317,291.864,1
504,8.408400,13,0.050838,560.542,493.425,1
504,8.408400,15,0.644478,615.943,223.939,1
505,8.425083,10,0.687392,656.918,395.279,1
505,8.425083,11,0.363314,556.254,258.139,1
505,8.425083,12,0.242408,604.576,283.382,1
505,8.425083,13,0.050838,563.463,494.049,0
505,8.425083,15,0.581739,617.356,222.203,1
506,8.441767,10,0.490250,657.300,404.851,1
506,8.441767,11,0.398149,554.655,265.155,1
506,8.441767,12,0.267908,602.928,275.416,1
506,8.441767,13,0.050838,566.385,494.672,0
506,8.441767,15,0.468346,618.680,221.249,1
507,8.458450,10,0.384939,656.967,414.151,1
507,8.458450,11,0.406430,553.215,272.872,1
507,8.458450,12,0.333606,601.381,268.013,1
507,8.458450,15,0.361118,620.510,220.974,1
508,8.475133,10,0.673430,655.792,423.120,1
508,8.475133,11,0.568110,551.654,281.211,1
508,8.475133,12,0.079959,599.563,261.456,1
508,8.475133,15,0.687728,621.960,221.081,1
509,8.491817,10,0.535787,653.253,432.682,1
509,8.491817,11,0.542256,549.959,290.342,1
509,8.491817,12,0.505884,598.068,255.054,1
509,8.491817,15,0.655298,623.170,221.623,1
509,8.491817,16,0.114517,577.816,408.353,1
510,8.508500,10,0.662187,650.412,441.401,1
510,8.508500,11,0.775007,548.029,299.656,1
510,8.508500,12,0.686238,596.743,249.256,1
510,8.508500,15,0.757915,625.088,222.711,1
510,8.508500,16,0.504085,579.202,395.421,1
511,8.525183,10,0.627286,646.344,450.458,1
511,8.525183,11,0.655822,546.352,308.930,1
511,8.525183,12,0.606694,595.299,244.163,1
511,8.525183,15,0.679984,626.546,223.944,1
511,8.525183,16,0.312087,581.896,380.780,1
512,8.541867,10,0.116030,642.397,459.374,1
512,8.541867,11,0.770315,544.567,319.640,1
512,8.541867,12,0.655100,594.082,239.537,1
512,8.541867,15,0.756721,628.044,226.337,1
512,8.541867,16,0.612055,583.777,365.905,1
513,8.558550,10,0.214801,638.870,467.155,1
513,8.558550,11,0.731720,542.715,330.734,1
513,8.558550,12,0.578774,592.640,235.631,1
513,8.558550,15,0.635217,629.684,229.090,1
513,8.558550,16,0.337831,585.114,351.082,1
514,8.575233,10,0.410080,635.621,473.576,1
514,8.575233,11,0.809570,541.235,342.886,1
514,8.575233,12,0.631548,591.255,231.845,1
514,8.575233,15,0.681987,630.931,232.305,1
514,8.575233,16,0.354745,586.546,338.746,1
515,8.591917,10,0.346568,632.732,478.453,1
515,8.591917,11,0.679731,539.483,355.220,1
515,8.591917,12,0.600073,590.245,228.549,1
515,8.591917,15,0.456501,632.497,236.273,1
515,8.591917,16,0.499736,589.262,325.912,1
516,8.608600,10,0.428338,630.182,480.107,1
516,8.608600,11,0.659817,538.027,367.888,1
516,8.608600,12,0.353045,588.748,226.008,1
516,8.608600,15,0.377746,634.220,240.786,1
516,8.608600,16,0.383119,591.244,314.129,1
517,8.625283,10,0.132924,628.233,478.235,1
517,8.625283,11,0.586227,536.121,380.791,1
517,8.625283,12,0.705926,587.270,223.714,1
517,8.625283,15,0.493754,635.708,245.521,1
517,8.625283,16,0.475408,593.258,303.349,1
518,8.641967,10,0.132924,625.666,482.024,0
518,8.641967,11,0.403822,534.738,393.923,1
518,8.641967,12,0.596372,586.150,222.130,1
518,8.641967,15,0.601074,637.363,250.973,1
518,8.641967,16,0.617527,595.129,293.515,1
519,8.658650,10,0.178029,623.106,469.566,1
519,8.658650,11,0.147183,532.839,406.144,1
519,8.658650,12,0.476835,584.688,221.227,1
519,8.658650,15,0.530857,639.172,257.147,1
519,8.658650,16,0.578867,596.809,284.070,1
520,8.675333,10,0.119947,621.039,454.800,1
520,8.675333,11,0.193664,531.714,417.773,1
520,8.675333,12,0.589657,583.279,220.706,1
520,8.675333,15,0.434995,640.489,263.546,1
520,8.675333,16,0.408149,598.466,275.388,1
521,8.692017,10,0.119947,618.606,450.498,0
521,8.692017,11,0.266873,531.404,429.023,1
521,8.692017,12,0.750438,581.804,220.779,1
521,8.692017,15,0.649233,642.320,270.810,1
521,8.692017,16,0.633593,600.012,267.556,1
522,8.708700,10,0.094283,616.621,429.202,1
522,8.708700,11,0.132699,532.154,438.323,1
522,8.708700,12,0.533280,580.095,221.238,1
522,8.708700,15,0.660381,643.993,278.591,1
522,8.708700,16,0.359900,601.725,260.601,1
523,8.725383,10,0.071537,615.687,407.755,1
523,8.725383,11,0.267512,533.464,446.982,1
523,8.725383,12,0.572773,578.237,222.127,1
523,8.725383,15,0.427415,645.420,286.714,1
523,8.725383,16,0.392267,603.588,253.977,1
524,8.742067,10,0.071537,613.739,395.590,0
524,8.742067,11,0.267512,533.302,457.456,0
524,8.742067,12,0.497726,576.914,223.609,1
524,8.742067,15,0.582774,647.225,295.514,1
524,8.742067,16,0.272037,605.168,247.653,1
525,8.758750,10,0.128756,613.621,374.610,1
525,8.758750,11,0.091569,536.929,464.241,1
525,8.758750,12,0.481807,575.422,226.025,1
525,8.758750,15,0.646110,648.982,304.939,1
525,8.758750,16,0.220163,607.295,241.853,1
526,8.775433,10,0.088702,613.599,355.525,1
526,8.775433,11,0.280974,541.250,470.074,1
526,8.775433,12,0.444602,573.937,228.462,1
526,8.775433,15,0.523845,650.544,315.007,1
526,8.775433,16,0.510849,609.163,237.030,1
527,8.792117,10,0.229496,613.954,338.357,1
527,8.792117,11,0.431005,545.594,476.035,1
527,8.792117,12,0.347103,572.874,231.529,1
527,8.792117,15,0.562860,652.388,325.626,1
527,8.792117,16,0.627528,610.860,232.688,1
528,8.808800,10,0.234159,612.985,323.715,1
528,8.808800,11,0.207494,550.104,481.181,1
528,8.808800,12,0.490960,571.285,235.438,1
528,8.808800,15,0.329161,653.994,337.053,1
528,8.808800,16,0.641153,612.571,228.775,1
529,8.825483,10,0.179855,611.391,310.248,1
529,8.825483,11,0.066275,554.492,486.039,1
529,8.825483,12,0.558384,569.910,239.529,1
529,8.825483,15,0.673679,655.458,349.044,1
529,8.825483,16,0.560187,614.041,225.705,1
530,8.842167,10,0.211604,609.940,298.545,1
530,8.842167,11,0.066275,557.858,492.565,0
530,8.842167,12,0.279088,568.403,244.118,1
530,8.842167,15,0.727126,657.207,361.632,1
530,8.842167,16,0.155730,615.694,222.714,1
531,8.858850,10,0.383258,608.727,288.494,1
531,8.858850,11,0.414535,562.305,492.039,1
531,8.858850,12,0.242024,566.665,249.379,1
531,8.858850,15,0.467375,658.824,374.557,1
531,8.858850,16,0.382210,617.414,220.186,1
532,8.875533,10,0.506461,607.545,279.205,1
532,8.875533,11,0.281899,565.890,488.225,1
532,8.875533,12,0.481973,564.899,255.268,1
532,8.875533,15,0.088264,659.972,387.945,1
532,8.875533,16,0.709377,618.744,218.700,1
533,8.892217,10,0.627901,606.299,270.500,1
533,8.892217,11,0.281899,569.525,490.632,0
533,8.892217,12,0.354525,563.355,261.907,1
533,8.892217,15,0.079354,661.452,399.425,1
533,8.892217,16,0.369626,620.431,217.563,1
534,8.908900,10,0.711445,605.144,262.580,1
534,8.908900,11,0.237395,572.159,477.518,1
534,8.908900,12,0.651529,562.000,268.817,1
534,8.908900,15,0.062181,662.588,409.532,1
534,8.908900,16,0.679058,622.007,216.923,1
535,8.925583,10,0.740351,603.952,254.873,1
535,8.925583,11,0.690209,574.666,462.969,1
535,8.925583,12,0.736014,560.362,276.381,1
535,8.925583,15,0.579313,662.653,418.331,1
535,8.925583,16,0.801180,623.370,216.818,1
536,8.942267,10,0.648810,602.686,247.949,1
536,8.942267,11,0.286260,577.651,446.618,1
536,8.942267,12,0.731697,558.894,284.422,1
536,8.942267,15,0.455648,661.674,427.778,1
536,8.942267,16,0.723054,625.219,217.241,1
537,8.958950,10,0.747876,601.470,241.266,1
537,8.958950,11,0.803078,579.931,429.152,1
537,8.958950,12,0.721232,557.395,292.980,1
537,8.958950,15,0.326574,660.037,435.711,1
537,8.958950,16,0.769864,626.911,217.976,1
538,8.975633,10,0.675080,600.142,235.022,1
538,8.975633,11,0.753464,581.889,411.606,1
538,8.975633,12,0.771726,555.775,302.243,1
538,8.975633,15,0.060557,657.587,444.172,1
538,8.975633,16,0.680124,628.523,219.051,1
539,8.992317,10,0.542374,598.773,228.533,1
539,8.992317,11,0.753464,584.526,399.174,0
539,8.992317,12,0.703752,554.303,312.269,1
539,8.992317,15,0.250752,654.093,452.269,1
539,8.992317,16,0.519892,630.025,220.523,1
540,9.009000,10,0.702212,597.554,223.423,1
540,9.009000,11,0.602398,585.900,381.206,1
540,9.009000,12,0.800893,552.778,322.616,1
540,9.009000,15,0.289824,650.395,459.281,1
540,9.009000,16,0.562672,631.226,223.012,1
541,9.025683,10,0.626970,596.274,219.045,1
541,9.025683,11,0.238583,586.711,364.684,1
541,9.025683,12,0.627524,550.888,333.394,1
541,9.025683,15,0.219741,646.526,465.545,1
541,9.025683,16,0.551288,633.554,226.106,1
542,9.042367,10,0.753099,595.222,215.348,1
542,9.042367,11,0.529312,587.470,349.390,1
542,9.042367,12,0.745773,549.546,344.544,1
542,9.042367,15,0.059622,642.983,471.541,1
542,9.042367,16,0.707263,635.307,229.340,1
543,9.059050,10,0.680863,594.174,211.670,1
543,9.059050,11,0.239290,588.357,335.418,1
543,9.059050,12,0.661833,547.624,356.271,1
543,9.059050,15,0.079104,639.702,475.616,1
543,9.059050,16,0.371007,636.803,232.868,1
544,9.075733,10,0.773289,593.046,208.847,1
544,9.075733,11,0.784207,590.344,322.736,1
544,9.075733,12,0.713285,545.904,368.938,1
544,9.075733,15,0.075858,636.412,479.563,1
544,9.075733,16,0.750433,638.794,237.444,1
545,9.092417,10,0.662464,591.886,206.349,1
545,9.092417,11,0.390585,592.201,310.855,1
545,9.092417,12,0.741588,544.520,382.216,1
545,9.092417,15,0.118995,633.791,481.661,1
545,9.092417,16,0.597849,640.397,242.472,1
546,9.109100,10,0.563939,590.692,204.304,1
546,9.109100,11,0.527954,594.207,300.651,1
546,9.109100,12,0.491986,542.351,395.623,1
546,9.109100,15,0.172207,631.222,479.967,1
546,9.109100,16,0.564584,642.186,248.140,1
547,9.125783,10,0.582167,589.649,202.473,1
547,9.125783,11,0.532260,595.784,291.091,1
547,9.125783,12,0.735716,540.736,410.385,1
547,9.125783,15,0.356850,629.119,473.853,1
547,9.125783,16,0.685601,644.073,254.355,1
548,9.142467,10,0.390199,588.431,201.229,1
548,9.142467,11,0.412078,597.227,282.186,1
548,9.142467,12,0.543587,539.416,423.489,1
548,9.142467,15,0.476276,627.107,466.000,1
548,9.142467,16,0.567815,645.551,261.180,1
549,9.159150,10,0.309801,587.191,200.652,1
549,9.159150,11,0.179429,598.589,273.942,1
549,9.159150,12,0.550356,537.967,434.400,1
549,9.159150,15,0.372951,625.445,454.612,1
549,9.159150,16,0.299817,647.772,268.408,1
550,9.175833,10,0.228318,586.135,200.612,1
550,9.175833,11,0.277657,599.793,266.065,1
550,9.175833,12,0.193232,536.633,442.956,1
550,9.175833,15,0.220940,623.538,440.308,1
550,9.175833,16,0.482772,649.492,276.244,1
551,9.192517,10,0.559464,584.997,201.235,1
551,9.192517,11,0.448403,601.214,258.993,1
551,9.192517,12,0.118028,536.843,450.549,1
551,9.192517,15,0.287760,621.737,424.384,1
551,9.192517,16,0.491660,651.190,284.389,1
552,9.209200,10,0.736442,583.849,202.493,1
552,9.209200,11,0.616694,602.826,252.260,1
552,9.209200,12,0.335158,538.089,457.686,1
552,9.209200,15,0.258100,620.452,407.381,1
552,9.209200,16,0.637739,652.989,293.284,1
553,9.225883,10,0.661789,582.545,204.285,1
553,9.225883,11,0.575778,604.380,245.966,1
553,9.225883,12,0.108712,539.228,464.790,1
553,9.225883,15,0.258100,618.593,396.053,0
553,9.225883,16,0.626630,654.640,302.878,1
554,9.242567,10,0.669543,581.323,206.564,1
554,9.242567,11,0.707386,605.844,240.168,1
554,9.242567,12,0.085940,541.810,470.926,1
554,9.242567,15,0.146486,617.542,377.698,1
554,9.242567,16,0.620182,656.283,313.057,1
555,9.259250,10,0.693236,579.807,209.315,1
555,9.259250,11,0.704742,607.302,235.257,1
555,9.259250,12,0.599356,544.548,476.706,1
555,9.259250,15,0.530054,616.556,361.100,1
555,9.259250,16,0.703134,658.084,323.835,1
556,9.275933,10,0.599239,578.430,212.473,1
556,9.275933,11,0.647710,608.681,230.624,1
556,9.275933,12,0.409262,547.741,480.594,1
556,9.275933,15,0.381754,615.627,345.249,1
556,9.275933,16,0.577401,659.785,335.007,1
557,9.292617,10,0.781600,577.267,216.403,1
557,9.292617,11,0.715941,610.081,226.359,1
557,9.292617,12,0.167388,551.465,485.393,1
557,9.292617,15,0.508007,614.819,330.909,1
557,9.292617,16,0.699472,661.625,346.822,1
558,9.309300,10,0.552933,576.068,220.613,1
558,9.309300,11,0.644336,611.399,222.477,1
558,9.309300,12,0.480982,555.448,489.445,1
558,9.309300,15,0.747661,613.284,317.389,1
558,9.309300,16,0.724536,663.106,359.528,1
559,9.325983,10,0.705898,574.645,225.317,1
559,9.325983,11,0.758459,612.661,219.144,1
559,9.325983,12,0.634450,559.309,492.109,1
559,9.325983,15,0.197154,611.903,305.534,1
559,9.325983,16,0.767104,664.738,372.348,1
560,9.342667,10,0.577176,573.498,230.696,1
560,9.342667,11,0.643447,613.854,216.479,1
560,9.342667,12,0.276551,563.226,492.434,1
560,9.342667,15,0.584534,610.419,294.611,1
560,9.342667,16,0.600347,666.629,385.946,1
561,9.359350,10,0.408882,572.178,236.563,1
561,9.359350,11,0.330577,615.597,213.879,1
561,9.359350,12,0.552645,566.626,490.246,1
561,9.359350,15,0.498377,608.961,284.521,1
561,9.359350,16,0.547246,668.409,398.156,1
562,9.376033,10,0.299539,570.795,242.711,1
562,9.376033,11,0.525601,617.146,212.273,1
562,9.376033,12,0.368362,570.169,484.784,1
562,9.376033,15,0.475684,607.665,274.867,1
562,9.376033,16,0.515075,669.397,408.821,1
563,9.392717,10,0.498575,569.536,249.812,1
563,9.392717,11,0.608357,618.446,211.429,1
563,9.392717,12,0.366054,573.278,476.174,1
563,9.392717,15,0.638085,606.417,266.223,1
563,9.392717,16,0.236413,669.880,418.017,1
564,9.409400,10,0.450255,568.399,257.396,1
564,9.409400,11,0.450025,619.874,210.917,1
564,9.409400,12,0.189243,575.440,465.619,1
564,9.409400,15,0.551403,605.063,258.020,1
564,9.409400,16,0.455487,669.455,426.346,1
565,9.426083,10,0.562756,567.061,265.351,1
565,9.426083,11,0.209058,621.357,210.632,1
565,9.426083,12,0.514395,577.977,452.121,1
565,9.426083,15,0.731019,603.926,250.222,1
565,9.426083,16,0.604507,668.392,434.219,1
566,9.442767,10,0.519485,565.807,273.677,1
566,9.442767,11,0.757499,622.722,211.328,1
566,9.442767,12,0.483268,579.939,437.151,1
566,9.442767,15,0.677797,602.417,243.145,1
566,9.442767,16,0.261124,666.571,441.592,1
567,9.459450,10,0.786184,564.610,282.835,1
567,9.459450,11,0.768866,624.123,212.325,1
567,9.459450,12,0.167836,582.716,421.252,1
567,9.459450,15,0.832303,600.916,236.591,1
567,9.459450,16,0.051135,664.187,448.960,1
568,9.476133,10,0.757852,563.589,292.583,1
568,9.476133,11,0.736996,625.730,213.697,1
568,9.476133,12,0.638853,584.531,405.262,1
568,9.476133,15,0.763142,599.376,230.704,1
568,9.476133,16,0.503659,660.472,455.987,1
568,9.476133,17,0.091305,844.725,45.601,1
569,9.492817,10,0.800409,562.363,302.921,1
569,9.492817,11,0.800887,627.443,215.864,1
569,9.492817,12,0.638853,586.974,393.061,0
569,9.492817,15,0.778896,597.917,224.980,1
569,9.492817,16,0.274568,655.994,463.225,1
569,9.492817,17,0.097806,844.719,45.607,1
570,9.509500,10,0.654935,561.120,313.699,1
570,9.509500,11,0.702485,628.871,218.195,1
570,9.509500,12,0.543751,587.353,376.711,1
570,9.509500,15,0.753444,596.594,219.855,1
570,9.509500,16,0.312826,651.971,469.464,1
570,9.509500,17,0.058110,844.711,45.627,1
571,9.526183,10,0.284756,560.079,325.275,1
571,9.526183,11,0.368836,630.275,221.587,1
571,9.526183,12,0.524724,588.741,361.961,1
571,9.526183,15,0.639252,595.426,215.397,1
571,9.526183,16,0.286947,648.061,475.629,1
571,9.526183,17,0.058110,844.706,45.635,0
572,9.542867,10,0.522771,558.793,337.410,1
572,9.542867,11,0.676025,631.316,225.413,1
572,9.542867,12,0.184622,590.099,346.879,1
572,9.542867,15,0.744700,594.414,211.143,1
572,9.542867,16,0.570538,643.814,480.200,1
572,9.542867,17,0.058110,844.702,45.643,0
573,9.559550,10,0.450286,557.591,349.848,1
573,9.559550,11,0.599932,633.004,229.767,1
573,9.559550,12,0.356374,591.576,334.118,1
573,9.559550,15,0.606815,593.010,207.822,1
573,9.559550,16,0.469371,640.046,482.878,1
573,9.559550,17,0.058110,844.698,45.651,0
574,9.576233,10,0.614002,556.231,362.948,1
574,9.576233,11,0.774178,634.490,234.657,1
574,9.576233,12,0.462412,593.348,322.090,1
574,9.576233,15,0.723017,591.431,204.870,1
574,9.576233,16,0.723333,636.345,483.405,1
574,9.576233,17,0.058110,844.693,45.659,0
575,9.592917,10,0.476785,555.037,375.491,1
575,9.592917,11,0.467014,635.767,239.819,1
575,9.592917,12,0.281979,594.992,310.431,1
575,9.592917,15,0.502560,590.238,202.335,1
575,9.592917,16,0.403605,633.164,481.269,1
575,9.592917,17,0.058110,844.689,45.668,0
576,9.609600,10,0.587287,553.240,389.581,1
576,9.609600,11,0.391721,637.060,245.303,1
576,9.609600,12,0.665444,596.494,300.977,1
576,9.609600,15,0.375636,588.886,200.350,1
576,9.609600,16,0.071828,630.396,475.968,1
577,9.626283,10,0.212437,552.255,405.553,1
577,9.626283,11,0.605401,638.748,251.661,1
577,9.626283,12,0.667112,598.133,292.259,1
577,9.626283,15,0.459779,587.400,199.104,1
577,9.626283,16,0.328559,627.746,467.347,1
578,9.642967,10,0.396452,551.984,416.970,1
578,9.642967,11,0.768020,640.211,258.762,1
578,9.642967,12,0.604555,599.747,283.843,1
578,9.642967,15,0.053758,586.200,198.170,1
578,9.642967,16,0.800296,625.649,455.750,1
579,9.659650,10,0.149244,551.420,428.228,1
579,9.659650,11,0.628555,641.865,266.550,1
579,9.659650,12,0.475383,601.378,275.935,1
579,9.659650,15,0.639763,585.355,197.802,1
579,9.659650,16,0.230257,624.129,442.129,1
580,9.676333,10,0.191906,551.035,437.753,1
580,9.676333,11,0.114948,643.253,274.644,1
580,9.676333,12,0.579805,603.303,268.574,1
580,9.676333,15,0.233181,584.657,198.172,1
580,9.676333,16,0.488578,621.764,426.093,1
580,9.676333,18,0.434291,552.067,426.378,1
581,9.693017,10,0.114263,551.074,444.411,1
581,9.693017,11,0.646694,644.632,283.054,1
581,9.693017,12,0.628018,605.023,261.834,1
581,9.693017,15,0.746670,583.108,199.080,1
581,9.693017,16,0.192701,620.477,409.272,1
581,9.693017,18,0.078674,552.220,431.776,1
582,9.709700,10,0.399938,551.501,450.814,1
582,9.709700,11,0.546771,645.952,292.233,1
582,9.709700,12,0.602038,606.432,255.162,1
582,9.709700,15,0.763146,581.753,200.318,1
582,9.709700,16,0.192701,618.331,397.933,0
582,9.709700,18,0.078674,552.172,435.060,0
583,9.726383,10,0.399938,551.214,460.102,0
583,9.726383,11,0.562152,647.225,302.110,1
583,9.726383,12,0.485091,608.113,249.473,1
583,9.726383,15,0.552594,580.175,202.045,1
583,9.726383,16,0.122274,616.987,380.390,1
583,9.726383,18,0.078674,552.123,438.345,0
584,9.743067,10,0.399938,550.927,469.389,0
584,9.743067,11,0.588266,648.704,312.413,1
584,9.743067,12,0.470550,609.595,244.068,1
584,9.743067,15,0.510717,578.730,204.186,1
584,9.743067,16,0.366993,616.003,363.748,1
584,9.743067,18,0.078674,552.074,441.629,0
585,9.759750,10,0.399938,550.640,478.677,0
585,9.759750,11,0.604690,649.953,323.375,1
585,9.759750,12,0.629038,610.847,239.499,1
585,9.759750,15,0.700104,577.494,206.900,1
585,9.759750,16,0.445953,615.053,347.743,1
585,9.759750,18,0.078674,552.026,444.914,0
586,9.776433,10,0.153034,553.467,481.907,1
586,9.776433,11,0.455400,651.244,334.721,1
586,9.776433,12,0.511748,612.231,235.428,1
586,9.776433,15,0.239649,575.965,209.998,1
586,9.776433,16,0.276343,613.852,333.293,1
587,9.793117,10,0.515806,556.374,484.994,1
587,9.793117,11,0.584612,652.667,346.600,1
587,9.793117,12,0.717452,613.747,231.681,1
587,9.793117,15,0.720275,574.400,213.996,1
587,9.793117,16,0.410744,612.166,319.626,1
588,9.809800,10,0.406300,559.232,486.596,1
588,9.809800,11,0.068543,654.117,358.991,1
588,9.809800,12,0.707179,615.027,228.554,1
588,9.809800,15,0.640888,573.211,218.570,1
588,9.809800,16,0.732145,610.631,307.569,1
589,9.826483,10,0.608824,562.268,486.541,1
589,9.826483,11,0.805358,655.180,371.899,1
589,9.826483,12,0.813588,616.650,226.343,1
589,9.826483,15,0.742373,572.011,223.556,1
589,9.826483,16,0.689105,609.084,296.499,1
590,9.843167,10,0.385062,565.008,484.323,1
590,9.843167,11,0.648931,656.844,385.319,1
590,9.843167,12,0.710010,618.022,224.168,1
590,9.843167,15,0.528720,570.498,229.056,1
590,9.843167,16,0.679423,607.568,286.200,1
591,9.859850,10,0.742177,567.068,478.697,1
591,9.859850,11,0.461436,658.158,397.320,1
591,9.859850,12,0.701501,619.180,222.609,1
591,9.859850,15,0.677085,569.182,235.122,1
591,9.859850,16,0.728325,605.915,276.936,1
592,9.876533,10,0.261338,568.797,469.793,1
592,9.876533,11,0.391328,658.754,407.643,1
592,9.876533,12,0.438711,620.374,221.547,1
592,9.876533,15,0.474321,567.627,241.777,1
592,9.876533,16,0.441930,604.437,268.383,1
593,9.893217,10,0.365842,570.909,458.396,1
593,9.893217,11,0.451035,658.919,416.372,1
593,9.893217,12,0.651714,621.749,221.083,1
593,9.893217,15,0.567407,565.987,249.091,1
593,9.893217,16,0.467851,602.453,260.449,1
594,9.909900,10,0.204722,573.022,445.325,1
594,9.909900,11,0.178216,658.732,423.908,1
594,9.909900,12,0.746908,623.019,221.085,1
594,9.909900,15,0.478806,564.617,256.617,1
594,9.909900,16,0.285831,600.435,252.758,1
595,9.926583,10,0.181785,575.299,429.725,1
595,9.926583,11,0.357964,657.746,432.235,1
595,9.926583,12,0.706800,624.506,221.436,1
595,9.926583,15,0.630930,563.444,264.966,1
595,9.926583,16,0.561775,598.870,245.657,1
596,9.943267,10,0.069555,577.033,414.799,1
596,9.943267,11,0.173760,655.780,440.742,1
596,9.943267,12,0.579941,626.029,222.168,1
596,9.943267,15,0.632108,562.165,273.844,1
596,9.943267,16,0.406347,597.244,239.321,1
597,9.959950,10,0.069555,579.057,404.062,0
597,9.959950,11,0.173760,655.397,449.983,0
597,9.959950,12,0.522871,627.216,223.564,1
597,9.959950,15,0.479910,560.680,283.261,1
597,9.959950,16,0.244432,595.577,233.224,1
598,9.976633,10,0.069555,581.081,393.326,0
598,9.976633,11,0.173760,655.014,459.224,0
598,9.976633,12,0.434762,628.758,225.769,1
598,9.976633,15,0.481337,559.306,293.409,1
598,9.976633,16,0.248635,594.377,227.837,1
599,9.993317,10,0.069555,583.105,382.589,0
599,9.993317,11,0.173760,654.631,468.465,0
599,9.993317,12,0.303106,630.208,228.276,1
599,9.993317,15,0.488506,557.617,304.094,1
599,9.993317,16,0.256710,592.628,223.029,1
600,10.010000,10,0.684304,584.502,362.498,1
600,10.010000,11,0.173760,654.248,477.705,0
600,10.010000,12,0.366856,631.546,231.249,1
600,10.010000,15,0.572295,555.978,315.475,1
600,10.010000,16,0.652089,590.914,218.771,1
601,10.026683,10,0.286817,585.531,343.227,1
601,10.026683,11,0.173760,653.865,486.946,0
601,10.026683,12,0.459239,632.845,235.008,1
601,10.026683,15,0.283354,554.798,327.194,1
601,10.026683,16,0.248373,589.410,214.557,1
602,10.043367,10,0.526406,586.321,327.077,1
602,10.043367,12,0.210037,634.069,239.154,1
602,10.043367,15,0.557015,553.298,339.451,1
602,10.043367,16,0.074929,587.594,210.431,1
603,10.060050,10,0.216046,587.664,312.688,1
603,10.060050,12,0.218969,635.333,243.619,1
603,10.060050,15,0.591041,551.984,352.328,1
603,10.060050,16,0.379123,586.261,207.909,1
604,10.076733,10,0.472535,589.312,300.338,1
604,10.076733,12,0.421990,637.339,248.812,1
604,10.076733,15,0.428135,550.665,365.729,1
604,10.076733,16,0.649231,584.602,205.857,1
605,10.093417,10,0.528904,590.585,289.706,1
605,10.093417,12,0.520400,638.870,254.522,1
605,10.093417,15,0.152629,548.660,381.623,1
605,10.093417,16,0.619580,582.639,204.539,1
606,10.110100,10,0.529617,591.794,280.115,1
606,10.110100,12,0.701822,640.867,260.886,1
606,10.110100,15,0.600351,546.699,395.002,1
606,10.110100,16,0.618788,581.016,203.616,1
606,10.110100,19,0.503725,626.193,456.705,1
607,10.126783,10,0.505831,593.164,271.399,1
607,10.126783,12,0.588857,642.705,267.831,1
607,10.126783,15,0.600351,545.041,408.060,0
607,10.126783,16,0.588283,579.066,202.889,1
607,10.126783,19,0.487546,623.627,446.304,1
608,10.143467,10,0.647169,594.631,263.543,1
608,10.143467,12,0.594403,644.502,275.443,1
608,10.143467,15,0.390546,543.337,417.282,1
608,10.143467,16,0.570257,577.239,202.665,1
608,10.143467,19,0.285159,621.006,432.334,1
609,10.160150,10,0.740855,595.915,256.385,1
609,10.160150,12,0.370702,646.141,283.485,1
609,10.160150,15,0.390546,541.666,429.322,0
609,10.160150,16,0.682405,575.402,202.940,1
609,10.160150,19,0.098638,619.005,418.536,1
610,10.176833,10,0.437447,596.994,249.372,1
610,10.176833,12,0.350617,647.872,292.154,1
610,10.176833,15,0.390546,539.995,441.362,0
610,10.176833,16,0.504115,573.705,203.867,1
610,10.176833,19,0.098638,617.161,408.640,0
611,10.193517,10,0.152496,598.161,243.004,1
611,10.193517,12,0.605782,649.400,301.397,1
611,10.193517,15,0.053698,541.213,446.510,1
611,10.193517,16,0.493433,572.133,205.107,1
611,10.193517,19,0.199098,615.471,388.278,1
612,10.210200,10,0.435509,599.066,237.091,1
612,10.210200,12,0.703201,650.754,311.286,1
612,10.210200,15,0.053698,540.309,456.721,0
612,10.210200,16,0.529529,570.471,206.857,1
612,10.210200,19,0.197089,614.231,370.271,1
613,10.226883,10,0.442729,600.120,231.906,1
613,10.226883,12,0.633772,652.182,321.755,1
613,10.226883,15,0.140722,542.895,462.142,1
613,10.226883,16,0.426239,568.966,209.079,1
613,10.226883,19,0.076240,612.858,353.905,1
614,10.243567,10,0.528742,601.567,226.917,1
614,10.243567,12,0.562532,653.682,332.565,1
614,10.243567,15,0.140722,542.917,471.082,0
614,10.243567,16,0.337419,567.269,212.279,1
614,10.243567,19,0.121180,611.546,338.132,1
615,10.260250,10,0.673249,602.595,222.487,1
615,10.260250,12,0.637201,655.218,344.298,1
615,10.260250,15,0.140722,542.939,480.022,0
615,10.260250,16,0.667378,565.176,216.243,1
615,10.260250,19,0.464293,609.570,324.520,1
616,10.276933,10,0.667913,603.962,218.883,1
616,10.276933,12,0.655147,657.229,356.332,1
616,10.276933,15,0.140722,542.961,488.962,0
616,10.276933,16,0.616976,563.540,220.270,1
616,10.276933,19,0.186210,607.773,311.355,1
617,10.293617,10,0.714400,605.141,215.742,1
617,10.293617,12,0.308846,658.591,369.232,1
617,10.293617,15,0.458621,549.508,490.258,1
617,10.293617,16,0.716463,561.840,224.735,1
617,10.293617,19,0.546445,605.820,299.544,1
618,10.310300,10,0.397668,606.746,212.982,1
618,10.310300,12,0.642601,659.925,382.105,1
618,10.310300,15,0.127906,555.461,490.843,1
618,10.310300,16,0.188891,560.021,230.029,1
618,10.310300,19,0.537131,604.309,289.127,1
619,10.326983,10,0.535153,608.182,210.517,1
619,10.326983,12,0.696986,661.552,394.473,1
619,10.326983,15,0.236799,560.626,489.381,1
619,10.326983,16,0.582680,558.138,235.557,1
619,10.326983,19,0.575603,602.754,279.197,1
620,10.343667,10,0.639953,609.452,208.740,1
620,10.343667,12,0.543295,662.202,405.392,1
620,10.343667,15,0.270100,564.680,485.715,1
620,10.343667,16,0.435867,556.218,241.844,1
620,10.343667,19,0.619337,601.064,270.078,1
621,10.360350,10,0.694728,610.685,207.872,1
621,10.360350,12,0.725264,662.251,414.413,1
621,10.360350,15,0.665743,568.281,479.048,1
621,10.360350,16,0.571330,554.691,248.815,1
621,10.360350,19,0.497628,599.680,261.182,1
622,10.377033,10,0.610877,612.061,207.313,1
622,10.377033,12,0.494061,661.313,421.701,1
622,10.377033,15,0.541083,571.325,469.225,1
622,10.377033,16,0.553987,553.095,256.067,1
622,10.377033,19,0.399996,598.174,252.829,1
623,10.393717,10,0.740148,613.290,207.227,1
623,10.393717,12,0.758902,659.778,428.893,1
623,10.393717,15,0.068632,575.050,457.720,1
623,10.393717,16,0.687805,551.502,264.150,1
623,10.393717,19,0.519238,596.656,244.831,1
624,10.410400,10,0.757690,614.289,207.660,1
624,10.410400,12,0.625384,657.136,436.158,1
624,10.410400,15,0.181031,577.242,443.383,1
624,10.410400,16,0.211788,549.957,272.784,1
624,10.410400,19,0.781997,595.297,238.041,1
625,10.427083,10,0.760785,615.077,208.615,1
625,10.427083,12,0.557444,654.093,444.048,1
625,10.427083,15,0.069702,579.057,428.598,1
625,10.427083,16,0.774651,548.071,281.964,1
625,10.427083,19,0.779720,594.020,231.495,1
625,10.427083,20,0.834279,575.904,425.547,1
626,10.443767,10,0.162443,616.389,209.619,1
626,10.443767,12,0.647643,650.639,450.696,1
626,10.443767,15,0.700867,580.293,411.483,1
626,10.443767,16,0.767454,546.393,291.547,1
626,10.443767,19,0.758850,592.707,225.695,1
626,10.443767,20,0.834279,576.555,421.956,0
627,10.460450,10,0.459284,617.711,211.571,1
627,10.460450,12,0.535690,646.913,457.752,1
627,10.460450,15,0.392515,581.499,394.834,1
627,10.460450,16,0.254286,544.479,301.499,1
627,10.460450,19,0.626851,591.106,220.175,1
627,10.460450,20,0.834279,577.206,418.366,0
628,10.477133,10,0.155675,618.690,213.845,1
628,10.477133,12,0.347915,642.834,464.246,1
628,10.477133,15,0.060882,583.163,378.729,1
628,10.477133,16,0.635787,542.748,312.176,1
628,10.477133,19,0.489375,590.117,215.256,1
628,10.477133,20,0.834279,577.857,414.776,0
628,10.477133,21,0.348928,617.946,215.071,1
629,10.493817,10,0.155675,619.832,214.778,0
629,10.493817,12,0.275233,638.432,470.123,1
629,10.493817,15,0.470694,584.564,362.959,1
629,10.493817,16,0.700790,541.220,323.108,1
629,10.493817,19,0.529068,588.635,210.786,1
629,10.493817,21,0.600871,618.800,217.402,1
630,10.510500,10,0.155675,620.975,215.712,0
630,10.510500,12,0.354116,634.502,475.453,1
630,10.510500,15,0.606601,585.561,348.430,1
630,10.510500,16,0.693940,539.506,334.868,1
630,10.510500,19,0.679879,587.218,207.010,1
630,10.510500,21,0.732113,620.048,220.427,1
631,10.527183,10,0.155675,622.118,216.646,0
631,10.527183,12,0.354116,631.067,482.014,0
631,10.527183,15,0.588564,586.217,335.378,1
631,10.527183,16,0.731764,537.689,347.229,1
631,10.527183,19,0.725428,586.063,203.706,1
631,10.527183,21,0.781126,621.213,224.381,1
632,10.543867,10,0.155675,623.261,217.580,0
632,10.543867,12,0.096522,627.534,484.572,1
632,10.543867,15,0.681960,588.024,322.762,1
632,10.543867,16,0.681814,535.929,360.301,1
632,10.543867,19,0.624338,584.823,200.762,1
632,10.543867,21,0.690777,622.550,229.035,1
633,10.560550,10,0.155675,624.404,218.514,0
633,10.560550,12,0.058975,624.829,485.234,1
633,10.560550,15,0.651191,589.677,310.765,1
633,10.560550,16,0.639570,534.133,373.438,1
633,10.560550,19,0.674889,583.451,198.678,1
633,10.560550,21,0.726435,623.698,234.077,1
634,10.577233,12,0.058975,621.568,489.449,0
634,10.577233,15,0.436722,591.119,300.001,1
634,10.577233,16,0.732980,532.479,387.665,1
634,10.577233,19,0.623174,582.256,196.722,1
634,10.577233,21,0.768430,625.339,239.996,1
635,10.593917,12,0.058975,618.308,493.664,0
635,10.593917,15,0.443044,592.704,290.267,1
635,10.593917,16,0.461758,529.990,400.201,1
635,10.593917,19,0.429485,580.644,195.702,1
635,10.593917,21,0.572702,626.576,245.804,1
636,10.610600,12,0.519932,615.920,481.111,1
636,10.610600,15,0.535537,594.270,281.119,1
636,10.610600,16,0.304764,528.988,411.745,1
636,10.610600,19,0.697566,578.934,195.033,1
636,10.610600,21,0.622639,627.570,252.126,1
637,10.627283,12,0.731743,614.538,466.503,1
637,10.627283,15,0.606160,595.590,272.605,1
637,10.627283,16,0.650000,528.418,420.885,1
637,10.627283,19,0.687514,577.583,194.833,1
637,10.627283,21,0.445349,628.838,259.424,1
638,10.643967,12,0.790820,612.589,449.835,1
638,10.643967,15,0.773885,596.949,264.763,1
638,10.643967,16,0.656367,528.456,429.613,1
638,10.643967,19,0.735945,576.099,195.082,1
638,10.643967,21,0.748768,629.988,267.353,1
639,10.660650,12,0.153425,611.026,432.601,1
639,10.660650,15,0.713651,598.035,257.650,1
639,10.660650,16,0.654215,529.519,437.896,1
639,10.660650,19,0.856466,574.500,195.593,1
639,10.660650,21,0.795274,630.985,275.608,1
640,10.677333,12,0.154937,609.302,415.202,1
640,10.677333,15,0.644496,599.014,250.664,1
640,10.677333,16,0.440292,531.196,445.038,1
640,10.677333,19,0.807644,573.265,196.494,1
640,10.677333,21,0.579951,631.980,284.303,1
640,10.677333,22,0.051052,844.333,45.129,1
641,10.694017,12,0.281286,608.124,397.619,1
641,10.694017,15,0.510070,600.346,244.152,1
641,10.694017,16,0.110161,533.771,453.228,1
641,10.694017,19,0.616416,571.610,197.899,1
641,10.694017,21,0.642383,633.045,293.785,1
641,10.694017,22,0.060227,844.339,45.161,1
642,10.710700,12,0.217516,607.086,381.407,1
642,10.710700,15,0.359562,601.935,238.268,1
642,10.710700,16,0.664346,537.163,460.413,1
642,10.710700,19,0.700494,570.226,200.048,1
642,10.710700,21,0.579389,634.465,303.830,1
642,10.710700,22,0.060227,844.337,45.180,0
643,10.727383,12,0.562335,606.266,364.543,1
643,10.727383,15,0.704570,603.586,232.712,1
643,10.727383,16,0.586456,540.828,467.096,1
643,10.727383,19,0.734694,568.867,202.651,1
643,10.727383,21,0.685086,635.674,314.405,1
643,10.727383,22,0.060227,844.336,45.198,0
644,10.744067,12,0.562335,604.857,349.643,0
644,10.744067,15,0.570816,604.964,227.765,1
644,10.744067,16,0.110098,544.741,472.213,1
644,10.744067,19,0.532996,567.288,205.577,1
644,10.744067,21,0.412876,636.852,325.574,1
644,10.744067,22,0.060227,844.334,45.217,0
645,10.760750,12,0.562335,603.449,334.744,0
645,10.760750,15,0.572451,606.309,223.286,1
645,10.760750,16,0.078255,548.484,478.007,1
645,10.760750,19,0.374091,566.006,208.820,1
645,10.760750,21,0.495374,638.146,337.159,1
645,10.760750,22,0.060227,844.332,45.235,0
646,10.777433,12,0.136639,602.322,322.321,1
646,10.777433,15,0.654075,607.905,219.712,1
646,10.777433,16,0.124145,552.390,483.293,1
646,10.777433,19,0.505541,564.462,213.182,1
646,10.777433,21,0.610618,639.257,349.481,1
647,10.794117,12,0.370306,601.262,310.237,1
647,10.794117,15,0.628182,609.308,216.554,1
647,10.794117,16,0.142151,556.632,486.719,1
647,10.794117,19,0.588101,563.060,217.898,1
647,10.794117,21,0.663558,640.354,362.339,1
648,10.810800,12,0.397262,600.099,299.634,1
648,10.810800,15,0.603416,610.494,213.663,1
648,10.810800,16,0.077579,560.719,486.926,1
648,10.810800,19,0.572659,561.759,223.021,1
648,10.810800,21,0.182770,641.506,375.245,1
649,10.827483,12,0.630462,599.104,289.898,1
649,10.827483,15,0.712515,611.970,211.598,1
649,10.827483,16,0.077579,564.323,491.129,0
649,10.827483,19,0.767561,560.403,228.968,1
649,10.827483,21,0.182770,642.665,386.952,0
650,10.844167,12,0.348801,597.972,280.799,1
650,10.844167,15,0.480021,613.324,209.565,1
650,10.844167,16,0.164454,567.487,481.968,1
650,10.844167,19,0.497044,558.894,235.695,1
650,10.844167,21,0.130790,644.559,397.434,1
651,10.860850,12,0.493294,596.715,272.076,1
651,10.860850,15,0.569530,614.603,208.332,1
651,10.860850,16,0.454122,570.860,471.659,1
651,10.860850,19,0.533998,557.375,242.396,1
651,10.860850,21,0.372986,645.467,408.614,1
652,10.877533,12,0.574297,595.611,263.894,1
652,10.877533,15,0.703165,615.883,207.783,1
652,10.877533,16,0.233303,573.288,459.412,1
652,10.877533,19,0.593462,555.780,249.802,1
652,10.877533,21,0.445421,645.681,417.854,1
653,10.894217,12,0.621858,594.529,256.227,1
653,10.894217,15,0.650450,617.262,207.798,1
653,10.894217,16,0.673457,575.930,445.326,1
653,10.894217,19,0.631220,554.269,257.764,1
653,10.894217,21,0.444408,644.917,426.136,1
654,10.910900,12,0.622215,593.404,249.130,1
654,10.910900,15,0.578378,618.700,208.225,1
654,10.910900,16,0.680233,577.940,429.556,1
654,10.910900,19,0.547571,552.862,266.383,1
654,10.910900,21,0.201340,643.880,433.111,1
655,10.927583,12,0.508704,591.961,242.366,1
655,10.927583,15,0.541484,620.215,208.992,1
655,10.927583,16,0.428353,579.222,413.048,1
655,10.927583,19,0.622930,551.453,275.064,1
655,10.927583,21,0.156383,642.038,440.720,1
656,10.944267,12,0.658797,590.691,236.130,1
656,10.944267,15,0.129948,621.756,210.358,1
656,10.944267,16,0.137196,580.003,396.811,1
656,10.944267,19,0.456358,549.928,284.284,1
656,10.944267,21,0.182112,640.728,448.573,1
657,10.960950,12,0.567316,589.486,230.422,1
657,10.960950,15,0.703768,623.073,212.359,1
657,10.960950,16,0.523722,581.085,380.276,1
657,10.960950,19,0.707543,548.306,294.237,1
657,10.960950,21,0.256859,638.919,456.588,1
658,10.977633,12,0.607084,588.294,225.326,1
658,10.977633,15,0.723770,624.491,214.894,1
658,10.977633,16,0.435045,581.925,365.220,1
658,10.977633,19,0.732079,546.650,304.521,1
658,10.977633,21,0.363078,636.625,463.532,1
659,10.994317,12,0.648500,586.996,220.754,1
659,10.994317,15,0.708069,626.064,218.006,1
659,10.994317,16,0.698451,582.750,351.333,1
659,10.994317,19,0.652556,545.126,315.642,1
659,10.994317,21,0.417691,634.794,469.193,1
660,11.011000,12,0.429096,585.855,216.855,1
660,11.011000,15,0.626109,627.486,221.701,1
660,11.011000,16,0.651348,584.168,338.961,1
660,11.011000,19,0.548845,543.659,327.593,1
660,11.011000,21,0.417691,633.342,476.597,0
661,11.027683,12,0.631467,584.875,213.301,1
661,11.027683,15,0.783646,628.761,225.933,1
661,11.027683,16,0.483649,584.995,326.307,1
661,11.027683,19,0.699080,542.165,339.646,1
661,11.027683,21,0.215639,631.631,478.877,1
662,11.044367,12,0.594571,583.798,210.253,1
662,11.044367,15,0.558588,629.934,230.558,1
662,11.044367,16,0.171015,586.503,315.385,1
662,11.044367,19,0.588891,540.785,352.867,1
662,11.044367,21,0.056418,630.379,480.123,1
663,11.061050,12,0.815735,582.427,208.045,1
663,11.061050,15,0.799123,630.892,235.944,1
663,11.061050,16,0.521177,587.430,305.396,1
663,11.061050,19,0.686447,539.342,366.436,1
663,11.061050,21,0.112935,629.318,479.793,1
664,11.077733,12,0.619907,581.267,205.997,1
664,11.077733,15,0.665225,632.163,241.650,1
664,11.077733,16,0.223570,588.008,295.999,1
664,11.077733,19,0.727779,537.743,380.003,1
664,11.077733,21,0.140798,627.783,477.681,1
664,11.077733,23,0.372498,586.921,304.667,1
665,11.094417,12,0.671921,579.827,204.801,1
665,11.094417,15,0.632756,633.443,248.101,1
665,11.094417,16,0.400085,588.512,287.275,1
665,11.094417,19,0.488553,536.078,392.740,1
665,11.094417,21,0.478011,626.240,471.260,1
665,11.094417,23,0.372498,587.122,302.297,0
666,11.111100,12,0.672354,578.480,204.276,1
666,11.111100,15,0.676465,634.743,254.715,1
666,11.111100,16,0.449830,589.206,279.336,1
666,11.111100,19,0.131714,534.882,404.062,1
666,11.111100,21,0.571982,624.277,461.918,1
666,11.111100,23,0.372498,587.322,299.927,0
667,11.127783,12,0.518430,577.125,204.187,1
667,11.127783,15,0.617431,636.194,262.135,1
667,11.127783,16,0.509115,590.040,271.845,1
667,11.127783,19,0.309407,534.170,414.460,1
667,11.127783,21,0.285375,622.071,450.760,1
667,11.127783,23,0.372498,587.522,297.558,0
668,11.144467,12,0.459710,575.839,204.569,1
668,11.144467,15,0.776807,638.008,270.075,1
668,11.144467,16,0.618612,590.847,264.668,1
668,11.144467,19,0.084645,533.608,423.643,1
668,11.144467,21,0.057697,620.462,436.553,1
669,11.161150,12,0.784265,574.557,205.332,1
669,11.161150,15,0.646896,639.556,278.393,1
669,11.161150,16,0.662217,591.564,258.308,1
669,11.161150,19,0.665023,532.772,431.813,1
669,11.161150,21,0.510843,618.344,420.379,1
670,11.177833,12,0.659564,573.209,206.383,1
670,11.177833,15,0.704891,641.175,287.355,1
670,11.177833,16,0.128356,592.377,252.199,1
670,11.177833,19,0.052601,532.613,439.350,1
670,11.177833,21,0.480983,616.597,403.408,1
671,11.194517,12,0.626176,571.981,208.151,1
671,11.194517,15,0.670807,642.585,297.069,1
671,11.194517,16,0.493861,593.229,246.522,1
671,11.194517,19,0.389842,533.238,447.203,1
671,11.194517,21,0.480983,614.800,391.762,0
672,11.211200,12,0.473351,570.320,210.468,1
672,11.211200,15,0.676998,644.010,307.277,1
672,11.211200,16,0.473128,594.360,241.342,1
672,11.211200,19,0.156582,534.536,453.862,1
672,11.211200,21,0.480983,613.002,380.117,0
673,11.227883,12,0.550996,568.957,213.257,1
673,11.227883,15,0.684529,645.368,317.881,1
673,11.227883,16,0.433545,595.191,236.821,1
673,11.227883,19,0.071769,538.048,462.034,1
673,11.227883,21,0.362497,611.708,362.478,1
674,11.244567,12,0.693751,567.896,216.851,1
674,11.244567,15,0.626326,646.726,329.304,1
674,11.244567,16,0.465767,595.925,232.514,1
674,11.244567,19,0.071769,539.011,470.409,0
674,11.244567,21,0.088758,610.492,346.425,1
675,11.261250,12,0.643477,566.512,220.683,1
675,11.261250,15,0.318071,648.243,340.778,1
675,11.261250,16,0.594308,596.968,229.044,1
675,11.261250,19,0.071769,539.975,478.785,0
675,11.261250,21,0.088758,608.947,332.441,0
676,11.277933,12,0.538815,565.222,224.982,1
676,11.277933,15,0.755773,649.464,353.559,1
676,11.277933,16,0.629790,598.131,226.379,1
676,11.277933,19,0.061298,544.875,484.173,1
676,11.277933,21,0.537678,606.933,318.837,1
677,11.294617,12,0.697690,563.880,229.978,1
677,11.294617,15,0.693213,650.603,366.899,1
677,11.294617,16,0.719045,598.950,223.921,1
677,11.294617,19,0.060968,550.472,489.236,1
677,11.294617,21,0.677437,605.277,307.205,1
678,11.311300,12,0.585199,562.457,235.549,1
678,11.311300,15,0.087249,652.065,380.155,1
678,11.311300,16,0.632934,599.963,221.955,1
678,11.311300,19,0.098042,555.364,491.273,1
678,11.311300,21,0.701179,603.672,297.022,1
679,11.327983,12,0.181402,561.381,241.630,1
679,11.327983,15,0.517233,653.101,391.304,1
679,11.327983,16,0.509612,600.799,220.899,1
679,11.327983,19,0.098042,558.837,496.893,0
679,11.327983,21,0.596626,601.292,287.723,1
680,11.344667,12,0.419405,560.173,248.168,1
680,11.344667,15,0.062813,653.808,401.224,1
680,11.344667,16,0.176286,601.852,220.101,1
680,11.344667,19,0.058837,562.704,488.916,1
680,11.344667,21,0.580286,599.286,279.118,1
681,11.361350,12,0.441436,558.791,255.279,1
681,11.361350,15,0.135889,654.307,409.992,1
681,11.361350,16,0.599048,602.918,219.939,1
681,11.361350,19,0.093614,565.795,478.249,1
681,11.361350,21,0.423073,597.461,270.794,1
682,11.378033,12,0.426901,557.421,262.894,1
682,11.378033,15,0.098644,654.081,417.922,1
682,11.378033,16,0.544259,603.885,220.204,1
682,11.378033,19,0.113349,568.184,465.943,1
682,11.378033,21,0.438663,595.797,263.507,1
683,11.394717,12,0.716527,556.002,271.420,1
683,11.394717,15,0.132675,653.306,425.446,1
683,11.394717,16,0.744471,604.633,221.105,1
683,11.394717,19,0.774728,570.168,450.956,1
683,11.394717,21,0.742337,594.490,256.754,1
684,11.411400,12,0.722088,554.633,280.429,1
684,11.411400,15,0.108157,651.746,434.522,1
684,11.411400,16,0.809437,605.343,222.346,1
684,11.411400,19,0.178423,571.352,435.892,1
684,11.411400,21,0.672620,592.770,250.197,1
685,11.428083,12,0.775510,553.326,289.780,1
685,11.428083,15,0.165039,649.879,443.428,1
685,11.428083,16,0.681335,606.223,224.158,1
685,11.428083,19,0.301994,572.740,418.255,1
685,11.428083,21,0.523309,590.990,243.920,1
685,11.428083,24,0.467477,648.316,434.804,1
686,11.444767,12,0.743572,551.921,299.526,1
686,11.444767,15,0.372106,647.196,451.878,1
686,11.444767,16,0.619375,606.991,226.985,1
686,11.444767,19,0.722619,574.471,400.807,1
686,11.444767,21,0.546805,589.314,238.236,1
686,11.444767,24,0.467477,647.890,436.933,0
687,11.461450,12,0.597594,550.388,309.166,1
687,11.461450,15,0.235230,643.835,459.660,1
687,11.461450,16,0.532347,608.177,229.561,1
687,11.461450,19,0.313270,576.500,382.890,1
687,11.461450,21,0.553747,587.441,233.246,1
687,11.461450,24,0.467477,647.464,439.061,0
688,11.478133,12,0.618971,549.253,320.186,1
688,11.478133,15,0.353498,640.313,466.021,1
688,11.478133,16,0.558153,609.162,232.956,1
688,11.478133,19,0.634765,578.081,367.203,1
688,11.478133,21,0.534636,585.953,228.704,1
688,11.478133,24,0.467477,647.037,441.190,0
689,11.494817,12,0.778013,547.742,331.941,1
689,11.494817,15,0.282963,636.392,471.730,1
689,11.494817,16,0.650187,609.810,236.677,1
689,11.494817,19,0.731718,579.301,352.096,1
689,11.494817,21,0.698692,584.214,224.688,1
689,11.494817,24,0.265561,640.304,456.551,1
690,11.511500,12,0.726907,546.357,344.392,1
690,11.511500,15,0.287814,632.959,475.352,1
690,11.511500,16,0.475027,610.680,240.600,1
690,11.511500,19,0.663974,581.216,339.067,1
690,11.511500,21,0.670389,582.477,221.191,1
690,11.511500,24,0.265561,637.661,463.330,0
691,11.528183,12,0.533090,545.199,356.902,1
691,11.528183,15,0.287814,630.077,481.764,0
691,11.528183,16,0.545447,611.445,245.472,1
691,11.528183,19,0.453925,583.000,325.890,1
691,11.528183,21,0.618093,581.147,218.297,1
692,11.544867,12,0.731116,543.970,370.104,1
692,11.544867,15,0.058965,627.269,480.563,1
692,11.544867,16,0.646848,612.469,250.698,1
692,11.544867,19,0.489199,584.955,313.933,1
692,11.544867,21,0.546761,579.569,216.184,1
693,11.561550,12,0.797805,542.658,383.669,1
693,11.561550,15,0.058965,624.408,484.955,0
693,11.561550,16,0.765558,613.236,256.883,1
693,11.561550,19,0.635564,586.753,303.032,1
693,11.561550,21,0.717897,577.741,214.198,1
694,11.578233,12,0.453752,541.079,397.661,1
694,11.578233,15,0.157990,621.502,478.080,1
694,11.578233,16,0.618914,613.792,263.430,1
694,11.578233,19,0.407370,588.161,293.456,1
694,11.578233,21,0.617990,575.758,213.074,1
695,11.594917,12,0.577941,539.742,410.773,1
695,11.594917,15,0.504799,619.239,468.678,1
695,11.594917,16,0.662183,614.533,270.692,1
695,11.594917,19,0.499804,589.758,284.059,1
695,11.594917,21,0.782575,573.823,212.395,1
696,11.611600,12,0.706003,538.147,422.204,1
696,11.611600,15,0.093311,617.244,456.733,1
696,11.611600,16,0.542041,615.567,278.196,1
696,11.611600,19,0.542305,591.159,275.309,1
696,11.611600,21,0.704132,572.188,212.295,1
697,11.628283,12,0.689983,537.111,431.150,1
697,11.628283,15,0.240679,615.424,442.659,1
697,11.628283,16,0.545037,616.856,285.927,1
697,11.628283,19,0.458072,592.670,266.931,1
697,11.628283,21,0.738773,570.330,212.753,1
698,11.644967,12,0.724930,536.167,439.384,1
698,11.644967,15,0.189219,614.009,426.719,1
698,11.644967,16,0.690929,617.962,294.286,1
698,11.644967,19,0.654768,594.255,259.102,1
698,11.644967,21,0.736670,568.604,213.624,1
699,11.661650,12,0.554170,535.590,447.585,1
699,11.661650,15,0.189219,611.918,417.453,0
699,11.661650,16,0.668964,618.618,303.780,1
699,11.661650,19,0.606005,595.619,251.741,1
699,11.661650,21,0.667645,566.733,215.300,1
700,11.678333,12,0.569839,535.556,455.278,1
700,11.678333,15,0.098399,610.386,399.347,1
700,11.678333,16,0.638542,619.219,313.749,1
700,11.678333,19,0.570045,596.893,245.224,1
700,11.678333,21,0.690072,564.947,217.247,1
700,11.678333,25,0.075576,844.569,45.156,1
701,11.695017,12,0.570144,536.392,462.083,1
701,11.695017,15,0.129831,609.281,381.660,1
701,11.695017,16,0.564700,619.829,324.482,1
701,11.695017,19,0.658806,598.125,239.214,1
701,11.695017,21,0.686220,563.421,219.298,1
701,11.695017,25,0.079069,844.577,45.167,1
702,11.711700,12,0.669125,537.938,468.989,1
702,11.711700,15,0.557131,608.032,365.008,1
702,11.711700,16,0.384295,620.713,335.535,1
702,11.711700,19,0.634599,599.625,233.577,1
702,11.711700,21,0.503282,561.613,222.242,1
702,11.711700,25,0.058569,844.553,45.168,1
703,11.728383,12,0.205409,540.000,474.074,1
703,11.728383,15,0.557131,606.437,350.874,0
703,11.728383,16,0.136206,619.053,347.024,1
703,11.728383,19,0.726111,600.976,228.392,1
703,11.728383,21,0.610789,559.914,225.886,1
703,11.728383,25,0.058569,844.546,45.173,0
704,11.745067,12,0.205409,540.659,481.462,0
704,11.745067,15,0.557131,604.842,336.740,0
704,11.745067,16,0.435824,620.691,358.779,1
704,11.745067,19,0.557258,602.409,223.690,1
704,11.745067,21,0.325916,558.073,229.797,1
704,11.745067,25,0.058569,844.540,45.177,0
705,11.761750,12,0.330256,544.415,485.340,1
705,11.761750,15,0.432820,603.363,324.097,1
705,11.761750,16,0.383040,622.093,371.246,1
705,11.761750,19,0.445757,603.987,219.663,1
705,11.761750,21,0.466642,556.198,234.346,1
705,11.761750,25,0.058569,844.534,45.181,0
706,11.778433,12,0.484117,548.226,487.153,1
706,11.778433,15,0.549839,601.912,312.538,1
706,11.778433,16,0.059932,623.576,383.615,1
706,11.778433,19,0.716757,605.386,216.323,1
706,11.778433,21,0.499972,554.454,239.354,1
706,11.778433,25,0.058569,844.527,45.185,0
707,11.795117,12,0.452415,551.712,486.239,1
707,11.795117,15,0.682838,600.127,302.400,1
707,11.795117,16,0.059932,624.535,394.986,0
707,11.795117,19,0.673623,606.826,213.360,1
707,11.795117,21,0.359659,552.521,244.697,1
707,11.795117,25,0.058569,844.521,45.189,0
708,11.811800,12,0.090485,554.982,482.313,1
708,11.811800,15,0.611371,598.501,293.011,1
708,11.811800,16,0.059932,625.495,406.358,0
708,11.811800,19,0.508311,608.354,210.972,1
708,11.811800,21,0.514075,550.788,250.731,1
709,11.828483,12,0.646853,557.897,475.382,1
709,11.828483,15,0.582957,596.968,284.266,1
709,11.828483,16,0.201640,625.010,415.855,1
709,11.828483,19,0.647770,609.751,208.810,1
709,11.828483,21,0.500657,548.833,257.644,1
710,11.845167,12,0.098964,560.938,464.756,1
710,11.845167,15,0.666694,595.390,276.067,1
710,11.845167,16,0.081003,624.599,424.245,1
710,11.845167,19,0.667641,611.289,207.507,1
710,11.845167,21,0.507957,547.056,265.056,1
711,11.861850,12,0.091395,563.684,451.894,1
711,11.861850,15,0.583842,594.212,268.599,1
711,11.861850,16,0.193560,624.312,432.374,1
711,11.861850,19,0.615976,612.814,206.485,1
711,11.861850,21,0.525745,545.381,272.941,1
712,11.878533,12,0.063032,566.643,437.140,1
712,11.878533,15,0.252928,592.917,261.110,1
712,11.878533,16,0.066618,623.937,440.938,1
712,11.878533,19,0.343711,613.830,205.963,1
712,11.878533,21,0.245501,543.539,281.349,1
713,11.895217,12,0.171008,569.127,421.508,1
713,11.895217,15,0.562771,591.237,254.220,1
713,11.895217,16,0.220429,623.897,448.600,1
713,11.895217,19,0.570792,615.044,205.868,1
713,11.895217,21,0.688045,541.890,290.511,1
714,11.911900,12,0.343618,570.788,405.591,1
714,11.911900,15,0.305638,589.739,247.952,1
714,11.911900,16,0.195419,623.974,455.328,1
714,11.911900,19,0.621763,616.675,206.514,1
714,11.911900,21,0.537567,540.083,300.168,1
715,11.928583,12,0.343618,573.247,393.889,0
715,11.928583,15,0.064031,588.053,241.836,1
715,11.928583,16,0.743978,623.944,461.326,1
715,11.928583,19,0.757889,618.132,207.751,1
715,11.928583,21,0.741588,538.105,310.461,1
716,11.945267,12,0.258073,575.620,377.699,1
716,11.945267,15,0.183218,586.691,236.706,1
716,11.945267,16,0.300470,624.202,466.935,1
716,11.945267,19,0.564803,619.542,209.099,1
716,11.945267,21,0.762589,536.137,321.201,1
717,11.961950,12,0.177817,577.415,362.328,1
717,11.961950,15,0.582205,585.397,231.868,1
717,11.961950,16,0.300470,624.276,474.092,0
717,11.961950,19,0.609849,621.081,211.685,1
717,11.961950,21,0.208740,534.225,332.545,1
718,11.978633,12,0.572463,579.463,347.894,1
718,11.978633,15,0.620694,583.551,227.714,1
718,11.978633,16,0.300470,624.350,481.248,0
718,11.978633,19,0.761211,622.459,214.309,1
718,11.978633,21,0.747364,532.441,344.461,1
719,11.995317,12,0.477241,581.850,334.862,1
719,11.995317,15,0.586068,582.206,224.504,1
719,11.995317,16,0.300470,624.423,488.405,0
719,11.995317,19,0.750011,624.051,217.457,1
719,11.995317,21,0.685293,530.563,356.761,1
720,12.012000,12,0.567334,584.099,322.429,1
720,12.012000,15,0.322777,580.469,221.365,1
720,12.012000,16,0.300470,624.497,495.561,0
720,12.012000,19,0.708470,625.554,221.302,1
720,12.012000,21,0.240948,528.934,369.672,1
721,12.028683,12,0.485532,586.017,311.278,1
721,12.028683,15,0.687899,578.580,218.757,1
721,12.028683,16,0.300470,624.571,502.718,0
721,12.028683,19,0.779982,627.066,225.656,1
721,12.028683,21,0.772299,527.185,382.713,1
722,12.045367,12,0.089603,587.634,301.123,1
722,12.045367,15,0.465640,577.242,216.904,1
722,12.045367,19,0.752558,628.577,230.395,1
722,12.045367,21,0.376984,525.224,396.366,1
723,12.062050,12,0.461841,589.414,291.672,1
723,12.062050,15,0.744453,575.955,216.138,1
723,12.062050,19,0.768602,629.975,236.022,1
723,12.062050,21,0.363770,524.085,408.528,1
724,12.078733,12,0.089811,591.115,282.927,1
724,12.078733,15,0.725370,574.357,215.730,1
724,12.078733,19,0.726083,631.001,241.594,1
724,12.078733,21,0.115276,522.775,420.611,1
725,12.095417,12,0.586495,592.685,274.874,1
725,12.095417,15,0.794304,572.984,215.613,1
725,12.095417,19,0.766298,632.328,248.338,1
725,12.095417,21,0.466191,522.200,431.631,1
725,12.095417,26,0.109759,617.026,440.008,1
726,12.112100,12,0.563599,594.441,267.483,1
726,12.112100,15,0.599048,571.300,215.880,1
726,12.112100,19,0.652517,634.058,255.159,1
726,12.112100,21,0.101799,522.409,440.027,1
726,12.112100,26,0.072560,614.806,425.707,1
727,12.128783,12,0.764879,596.235,261.199,1
727,12.128783,15,0.730564,569.818,216.687,1
727,12.128783,19,0.661185,635.600,262.942,1
727,12.128783,21,0.235395,523.148,447.008,1
727,12.128783,26,0.072560,613.732,418.860,0
728,12.145467,12,0.218786,597.693,254.713,1
728,12.145467,15,0.462085,568.223,217.971,1
728,12.145467,19,0.595578,637.275,271.153,1
728,12.145467,21,0.075828,524.770,453.897,1
728,12.145467,26,0.072560,612.658,412.013,0
729,12.162150,12,0.295833,598.985,248.877,1
729,12.162150,15,0.301979,566.629,219.324,1
729,12.162150,19,0.207107,638.854,279.396,1
729,12.162150,21,0.165840,527.233,460.620,1
729,12.162150,26,0.072560,611.585,405.166,0
730,12.178833,12,0.277011,600.844,243.633,1
730,12.178833,15,0.338604,565.001,221.465,1
730,12.178833,19,0.368849,640.312,288.798,1
730,12.178833,21,0.165840,527.952,469.098,0
730,12.178833,26,0.295408,608.866,377.758,1
731,12.195517,12,0.593457,602.620,238.813,1
731,12.195517,15,0.515604,563.544,223.802,1
731,12.195517,19,0.360850,641.743,298.455,1
731,12.195517,21,0.165840,528.672,477.576,0
731,12.195517,26,0.299237,606.719,355.631,1
732,12.212200,12,0.522077,604.593,234.526,1
732,12.212200,15,0.489861,562.118,227.053,1
732,12.212200,19,0.522590,643.184,308.453,1
732,12.212200,21,0.165840,529.392,486.054,0
732,12.212200,26,0.252263,604.751,336.528,1
733,12.228883,12,0.575683,606.422,230.705,1
733,12.228883,15,0.266527,560.394,231.061,1
733,12.228883,19,0.473617,644.692,319.601,1
733,12.228883,21,0.146441,538.392,488.580,1
733,12.228883,26,0.146131,602.528,320.277,1
734,12.245567,12,0.603348,608.301,227.503,1
734,12.245567,15,0.413420,558.513,235.627,1
734,12.245567,19,0.598327,645.818,331.161,1
734,12.245567,21,0.222144,546.662,489.633,1
734,12.245567,26,0.450919,600.177,306.601,1
735,12.262250,12,0.445183,610.038,224.547,1
735,12.262250,15,0.203096,556.745,240.484,1
735,12.262250,19,0.267651,647.518,343.482,1
735,12.262250,21,0.232362,553.690,488.401,1
735,12.262250,26,0.389276,598.727,294.940,1
736,12.278933,12,0.498531,611.796,222.054,1
736,12.278933,15,0.293435,555.056,246.116,1
736,12.278933,19,0.727231,649.120,356.072,1
736,12.278933,21,0.232362,558.742,492.003,0
736,12.278933,26,0.388053,597.271,284.343,1
737,12.295617,12,0.152980,613.607,220.292,1
737,12.295617,15,0.413923,553.306,252.266,1
737,12.295617,19,0.108325,650.413,368.975,1
737,12.295617,21,0.315352,564.886,482.634,1
737,12.295617,26,0.411042,595.610,275.135,1
738,12.312300,12,0.695546,615.569,218.978,1
738,12.312300,15,0.629538,551.439,259.097,1
738,12.312300,19,0.601362,651.597,382.096,1
738,12.312300,21,0.624752,568.891,470.255,1
738,12.312300,26,0.567343,594.408,266.722,1
739,12.328983,12,0.696769,617.563,218.248,1
739,12.328983,15,0.487506,549.844,266.646,1
739,12.328983,19,0.286155,652.519,394.125,1
739,12.328983,21,0.488204,572.243,455.709,1
739,12.328983,26,0.498907,592.727,258.633,1
740,12.345667,12,0.737887,619.295,218.330,1
740,12.345667,15,0.210410,548.002,274.259,1
740,12.345667,19,0.267522,653.052,405.460,1
740,12.345667,21,0.307297,575.389,439.214,1
740,12.345667,26,0.063860,591.045,251.091,1
741,12.362350,12,0.731317,621.366,218.637,1
741,12.362350,15,0.596216,546.390,282.583,1
741,12.362350,19,0.472539,653.086,415.830,1
741,12.362350,21,0.347928,577.723,422.314,1
741,12.362350,26,0.644824,589.542,244.190,1
742,12.379033,12,0.756027,623.024,219.561,1
742,12.379033,15,0.596357,544.608,291.272,1
742,12.379033,19,0.537692,652.178,425.468,1
742,12.379033,21,0.271463,579.601,406.133,1
742,12.379033,26,0.502274,587.935,237.574,1
743,12.395717,12,0.778010,625.055,221.490,1
743,12.395717,15,0.723931,542.789,300.769,1
743,12.395717,19,0.437428,651.024,434.982,1
743,12.395717,21,0.518166,580.858,388.955,1
743,12.395717,26,0.400216,586.469,231.545,1
744,12.412400,12,0.783065,626.841,223.534,1
744,12.412400,15,0.666534,541.271,310.834,1
744,12.412400,19,0.116759,649.341,443.814,1
744,12.412400,21,0.565225,582.456,372.230,1
744,12.412400,26,0.710612,585.382,226.054,1
745,12.429083,12,0.749541,628.574,226.344,1
745,12.429083,15,0.697528,539.478,321.564,1
745,12.429083,19,0.132351,646.234,453.255,1
745,12.429083,21,0.570839,584.039,357.513,1
745,12.429083,26,0.465690,584.008,221.182,1
746,12.445767,12,0.682045,630.172,229.775,1
746,12.445767,15,0.735082,537.805,332.831,1
746,12.445767,19,0.132351,645.051,463.190,0
746,12.445767,21,0.470066,585.340,343.513,1
746,12.445767,26,0.554440,582.362,216.770,1
747,12.462450,12,0.792870,631.465,233.279,1
747,12.462450,15,0.790848,535.624,344.673,1
747,12.462450,19,0.132351,643.868,473.125,0
747,12.462450,21,0.555312,586.877,330.145,1
747,12.462450,26,0.689369,580.808,212.723,1
748,12.479133,12,0.669386,632.849,237.429,1
748,12.479133,15,0.654264,533.634,357.169,1
748,12.479133,19,0.110123,639.197,478.650,1
748,12.479133,21,0.730767,588.304,317.780,1
748,12.479133,26,0.688301,579.054,209.078,1
749,12.495817,12,0.712889,634.798,242.012,1
749,12.495817,15,0.851525,531.943,370.050,1
749,12.495817,19,0.113272,634.896,479.914,1
749,12.495817,21,0.719775,590.009,306.820,1
749,12.495817,26,0.770157,577.376,206.215,1
750,12.512500,12,0.438091,636.594,246.857,1
750,12.512500,15,0.617341,529.997,383.027,1
750,12.512500,19,0.113272,632.206,486.688,0
750,12.512500,21,0.611364,591.461,296.676,1
750,12.512500,26,0.540259,575.937,203.963,1
751,12.529183,12,0.734912,638.402,252.582,1
751,12.529183,15,0.659419,528.007,395.953,1
751,12.529183,19,0.420360,628.385,479.015,1
751,12.529183,21,0.776190,592.676,287.209,1
751,12.529183,26,0.777725,574.300,201.754,1
752,12.545867,12,0.727863,640.229,258.853,1
752,12.545867,15,0.417020,526.416,409.069,1
752,12.545867,19,0.119278,624.833,468.801,1
752,12.545867,21,0.620976,594.360,277.690,1
752,12.545867,26,0.719889,572.957,200.263,1
753,12.562550,12,0.816779,642.036,265.827,1
753,12.562550,15,0.089525,525.638,420.768,1
753,12.562550,19,0.610002,621.653,455.806,1
753,12.562550,21,0.732706,595.772,269.356,1
753,12.562550,26,0.720748,571.347,199.348,1
754,12.579233,12,0.718038,643.920,273.304,1
754,12.579233,15,0.361718,525.162,429.407,1
754,12.579233,19,0.695539,619.521,441.688,1
754,12.579233,21,0.666499,597.237,261.748,1
754,12.579233,26,0.618178,569.626,199.096,1
755,12.595917,12,0.704656,645.714,281.555,1
755,12.595917,15,0.334832,525.583,437.998,1
755,12.595917,19,0.387383,617.605,425.662,1
755,12.595917,21,0.799886,598.879,254.360,1
755,12.595917,26,0.646289,568.307,199.270,1
756,12.612600,12,0.749070,647.863,290.406,1
756,12.612600,15,0.084388,527.314,446.464,1
756,12.612600,19,0.387383,614.981,416.577,0
756,12.612600,21,0.618186,599.968,247.785,1
756,12.612600,26,0.619065,566.860,199.865,1
757,12.629283,12,0.769597,649.538,299.403,1
757,12.629283,15,0.427677,529.601,454.327,1
757,12.629283,19,0.339841,614.140,398.259,1
757,12.629283,21,0.454695,601.796,241.297,1
757,12.629283,26,0.770252,565.262,200.666,1
758,12.645967,12,0.690351,651.050,308.556,1
758,12.645967,15,0.514245,532.406,461.595,1
758,12.645967,19,0.073554,613.366,380.653,1
758,12.645967,21,0.729458,603.292,235.553,1
758,12.645967,26,0.777017,563.766,202.246,1
759,12.662650,12,0.647161,652.764,318.741,1
759,12.662650,15,0.514245,533.523,470.450,0
759,12.662650,19,0.151928,613.074,363.937,1
759,12.662650,21,0.592307,604.745,230.188,1
759,12.662650,26,0.386888,562.186,204.416,1
760,12.679333,12,0.543966,654.335,329.597,1
760,12.679333,15,0.136425,538.210,474.707,1
760,12.679333,19,0.140115,612.399,349.041,1
760,12.679333,21,0.643117,606.068,225.398,1
760,12.679333,26,0.513847,560.481,206.898,1
761,12.696017,12,0.389242,656.092,340.511,1
761,12.696017,15,0.136425,540.274,482.342,0
761,12.696017,19,0.610686,611.306,335.209,1
761,12.696017,21,0.651323,607.544,221.027,1
761,12.696017,26,0.287911,559.077,209.950,1
762,12.712700,12,0.479395,657.937,352.155,1
762,12.712700,15,0.055883,546.052,486.478,1
762,12.712700,19,0.199237,609.828,322.603,1
762,12.712700,21,0.611191,609.022,217.192,1
762,12.712700,26,0.491121,557.429,213.585,1
763,12.729383,12,0.639565,659.642,364.618,1
763,12.729383,15,0.055883,549.101,493.184,0
763,12.729383,19,0.472196,608.501,311.410,1
763,12.729383,21,0.658361,610.379,213.925,1
763,12.729383,26,0.534637,555.601,217.547,1
764,12.746067,12,0.167750,661.610,377.112,1
764,12.746067,15,0.055883,552.151,499.889,0
764,12.746067,19,0.740441,607.166,301.274,1
764,12.746067,21,0.694778,611.851,210.885,1
764,12.746067,26,0.626269,554.103,222.221,1
765,12.762750,12,0.456560,663.621,390.317,1
765,12.762750,15,0.090585,558.078,496.256,1
765,12.762750,19,0.782992,605.777,291.748,1
765,12.762750,21,0.148040,613.409,208.774,1
765,12.762750,26,0.622858,552.440,227.805,1
766,12.779433,12,0.464685,665.412,401.592,1
766,12.779433,15,0.330907,562.972,489.925,1
766,12.779433,19,0.249978,604.483,282.964,1
766,12.779433,21,0.570225,614.642,207.139,1
766,12.779433,26,0.360684,550.690,233.391,1
767,12.796117,12,0.419697,666.471,411.794,1
767,12.796117,15,0.070997,567.378,481.374,1
767,12.796117,19,0.715896,603.030,274.852,1
767,12.796117,21,0.612056,616.338,205.946,1
767,12.796117,26,0.368285,549.095,240.019,1
768,12.812800,12,0.108362,666.657,422.243,1
768,12.812800,15,0.356860,570.269,470.095,1
768,12.812800,19,0.709933,601.603,267.327,1
768,12.812800,21,0.662462,617.930,205.506,1
768,12.812800,26,0.430002,547.312,246.755,1
769,12.829483,12,0.075665,666.159,429.594,1
769,12.829483,15,0.356860,574.108,466.098,0
769,12.829483,19,0.647503,600.222,260.471,1
769,12.829483,21,0.538341,619.279,205.598,1
769,12.829483,26,0.406207,545.647,254.176,1
770,12.846167,12,0.402786,664.770,437.239,1
770,12.846167,15,0.264440,576.325,448.084,1
770,12.846167,19,0.489235,599.014,253.999,1
770,12.846167,21,0.539934,620.999,205.986,1
770,12.846167,26,0.262925,543.819,262.398,1
771,12.862850,12,0.443360,662.101,445.308,1
771,12.862850,15,0.792121,578.413,429.349,1
771,12.862850,19,0.456759,597.589,248.152,1
771,12.862850,21,0.633200,622.215,206.888,1
771,12.862850,26,0.785768,542.097,271.277,1
772,12.879533,12,0.159366,659.001,451.957,1
772,12.879533,15,0.792121,581.471,418.708,0
772,12.879533,19,0.156636,596.075,242.693,1
772,12.879533,21,0.658641,623.660,208.493,1
772,12.879533,26,0.515670,540.588,280.791,1
773,12.896217,12,0.255615,655.046,458.794,1
773,12.896217,15,0.792121,584.529,408.068,0
773,12.896217,19,0.401847,594.865,237.738,1
773,12.896217,21,0.632787,625.321,210.275,1
773,12.896217,26,0.627687,538.865,290.720,1
774,12.912900,12,0.095109,650.860,465.021,1
774,12.912900,15,0.792121,587.587,397.427,0
774,12.912900,19,0.531844,593.656,233.023,1
774,12.912900,21,0.781998,626.667,213.024,1
774,12.912900,26,0.667589,537.190,300.787,1
775,12.929583,12,0.095109,648.314,472.551,0
775,12.929583,15,0.792121,590.645,386.786,0
775,12.929583,19,0.321495,592.274,228.827,1
775,12.929583,21,0.659095,628.184,216.283,1
775,12.929583,26,0.439658,535.099,311.756,1
776,12.946267,12,0.220591,643.721,476.169,1
776,12.946267,15,0.283395,589.988,364.336,1
776,12.946267,19,0.486750,590.938,225.370,1
776,12.946267,21,0.669607,629.663,219.769,1
776,12.946267,26,0.754423,533.239,323.020,1
777,12.962950,12,0.092865,639.308,477.834,1
777,12.962950,15,0.337826,589.840,345.821,1
777,12.962950,19,0.477812,589.566,222.480,1
777,12.962950,21,0.669668,630.931,223.781,1
777,12.962950,26,0.632806,531.745,335.024,1
778,12.979633,12,0.063824,635.654,477.383,1
778,12.979633,15,0.223508,590.416,328.971,1
778,12.979633,19,0.381650,588.048,220.170,1
778,12.979633,21,0.668613,632.520,228.473,1
778,12.979633,26,0.665202,530.190,347.565,1
779,12.996317,12,0.121345,632.635,475.960,1
779,12.996317,15,0.713416,591.546,314.862,1
779,12.996317,19,0.601488,586.679,218.492,1
779,12.996317,21,0.774530,634.244,233.718,1
779,12.996317,26,0.731491,528.606,360.949,1
780,13.013000,12,0.441031,629.552,470.391,1
780,13.013000,15,0.733346,593.034,302.699,1
780,13.013000,19,0.709183,585.623,217.285,1
780,13.013000,21,0.678795,635.956,239.726,1
780,13.013000,26,0.769543,526.870,374.701,1
781,13.029683,12,0.441031,626.258,470.637,0
781,13.029683,15,0.304295,594.735,292.357,1
781,13.029683,19,0.430455,584.347,216.592,1
781,13.029683,21,0.462741,637.654,246.257,1
781,13.029683,26,0.456958,524.983,388.675,1
782,13.046367,12,0.397004,623.984,457.853,1
782,13.046367,15,0.812449,596.185,283.276,1
782,13.046367,19,0.658180,582.839,216.501,1
782,13.046367,21,0.704448,639.350,252.937,1
782,13.046367,26,0.394375,523.099,403.366,1
783,13.063050,12,0.629263,621.961,443.399,1
783,13.063050,15,0.666707,597.666,275.198,1
783,13.063050,19,0.692318,581.542,216.789,1
783,13.063050,21,0.638555,640.682,260.181,1
783,13.063050,26,0.819357,521.325,416.368,1
784,13.079733,12,0.157637,620.199,427.172,1
784,13.079733,15,0.523164,598.928,267.979,1
784,13.079733,19,0.424443,580.296,217.674,1
784,13.079733,21,0.620639,642.301,268.300,1
784,13.079733,26,0.465692,520.495,428.861,1
785,13.096417,12,0.157637,617.705,418.314,0
785,13.096417,15,0.697624,600.245,261.440,1
785,13.096417,19,0.699728,578.674,219.129,1
785,13.096417,21,0.596445,644.018,277.147,1
785,13.096417,26,0.395190,520.342,439.063,1
786,13.113100,12,0.238765,616.181,398.475,1
786,13.113100,15,0.745030,602.028,255.268,1
786,13.113100,19,0.753700,577.360,220.908,1
786,13.113100,21,0.732887,645.480,286.552,1
786,13.113100,26,0.486665,521.502,448.170,1
787,13.129783,12,0.159657,615.520,380.963,1
787,13.129783,15,0.677841,603.949,249.692,1
787,13.129783,19,0.674109,575.936,223.155,1
787,13.129783,21,0.558966,647.113,296.499,1
787,13.129783,26,0.278572,524.179,456.621,1
788,13.146467,12,0.085990,614.620,364.695,1
788,13.146467,15,0.374498,605.488,244.313,1
788,13.146467,19,0.619776,574.596,226.348,1
788,13.146467,21,0.672453,648.635,306.883,1
788,13.146467,26,0.065152,527.872,463.710,1
789,13.163150,12,0.363418,614.183,350.062,1
789,13.163150,15,0.677817,607.188,239.326,1
789,13.163150,19,0.758849,573.354,230.177,1
789,13.163150,21,0.773480,650.080,317.597,1
789,13.163150,26,0.065152,529.080,473.395,0
790,13.179833,12,0.270150,612.942,336.470,1
790,13.179833,15,0.465209,608.823,234.957,1
790,13.179833,19,0.424637,571.882,234.010,1
790,13.179833,21,0.669348,651.613,329.231,1
790,13.179833,26,0.065152,530.289,483.081,0
791,13.196517,12,0.352028,611.384,324.676,1
791,13.196517,15,0.634195,610.173,231.196,1
791,13.196517,19,0.565565,570.436,238.560,1
791,13.196517,21,0.643020,653.104,341.438,1
791,13.196517,26,0.065152,531.497,492.766,0
792,13.213200,12,0.387479,609.493,313.964,1
792,13.213200,15,0.610923,612.013,227.823,1
792,13.213200,19,0.400545,568.521,243.535,1
792,13.213200,21,0.658035,654.431,354.319,1
792,13.213200,26,0.065152,532.706,502.452,0
793,13.229883,12,0.314392,607.948,304.047,1
793,13.229883,15,0.770216,613.532,225.088,1
793,13.229883,19,0.754701,566.790,249.551,1
793,13.229883,21,0.725549,655.931,367.895,1
793,13.229883,26,0.193588,544.829,497.912,1
794,13.246567,12,0.699032,606.366,295.086,1
794,13.246567,15,0.722478,615.518,222.753,1
794,13.246567,19,0.578576,565.124,255.655,1
794,13.246567,21,0.723321,657.666,381.035,1
794,13.246567,26,0.193588,548.935,503.822,0
795,13.263250,12,0.586966,604.832,286.861,1
795,13.263250,15,0.719204,616.995,220.815,1
795,13.263250,19,0.525952,563.772,262.648,1
795,13.263250,21,0.459611,659.413,393.423,1
795,13.263250,26,0.174312,559.313,490.943,1
796,13.279933,12,0.598194,603.125,279.428,1
796,13.279933,15,0.657529,618.320,219.281,1
796,13.279933,19,0.518634,562.442,270.291,1
796,13.279933,21,0.412125,660.471,405.066,1
796,13.279933,26,0.078922,567.633,476.036,1
797,13.296617,12,0.740083,601.556,272.378,1
797,13.296617,15,0.674765,619.974,218.188,1
797,13.296617,19,0.427678,561.007,278.069,1
797,13.296617,21,0.516561,660.705,415.433,1
797,13.296617,26,0.124675,573.416,459.688,1
798,13.313300,12,0.353441,599.905,265.583,1
798,13.313300,15,0.648898,621.673,217.897,1
798,13.313300,19,0.512032,559.594,286.703,1
798,13.313300,21,0.061677,660.468,425.001,1
798,13.313300,26,0.309559,578.478,442.491,1
799,13.329983,12,0.453595,598.336,259.437,1
799,13.329983,15,0.672887,623.104,218.080,1
799,13.329983,19,0.590188,558.171,295.776,1
799,13.329983,21,0.182426,659.877,434.017,1
799,13.329983,26,0.271121,581.620,425.163,1
800,13.346667,12,0.564670,596.751,253.495,1
800,13.346667,15,0.643547,624.859,218.739,1
800,13.346667,19,0.564250,556.639,305.527,1
800,13.346667,21,0.145691,658.270,442.588,1
800,13.346667,26,0.271121,586.824,413.571,0
801,13.363350,12,0.661277,595.084,248.489,1
801,13.363350,15,0.645365,626.428,220.236,1
801,13.363350,19,0.062793,555.234,316.094,1
801,13.363350,21,0.069350,655.405,451.051,1
801,13.363350,26,0.271121,592.029,401.979,0
802,13.380033,12,0.278660,593.406,243.793,1
802,13.380033,15,0.543144,628.116,222.057,1
802,13.380033,19,0.574150,553.821,326.968,1
802,13.380033,21,0.052427,652.272,459.089,1
802,13.380033,26,0.636069,591.371,383.406,1
803,13.396717,12,0.633972,591.650,239.760,1
803,13.396717,15,0.561662,629.796,224.901,1
803,13.396717,19,0.690424,551.995,338.671,1
803,13.396717,21,0.128076,648.837,466.621,1
803,13.396717,26,0.633811,590.912,366.378,1
804,13.413400,12,0.538256,590.288,236.112,1
804,13.413400,15,0.518466,630.990,228.051,1
804,13.413400,19,0.730166,550.422,350.902,1
804,13.413400,21,0.190184,645.425,473.310,1
804,13.413400,26,0.282853,590.074,350.554,1
805,13.430083,12,0.437026,588.703,232.987,1
805,13.430083,15,0.561763,632.537,231.679,1
805,13.430083,19,0.751400,548.952,363.616,1
805,13.430083,21,0.190184,643.063,481.509,0
805,13.430083,26,0.144586,590.935,336.555,1
806,13.446767,12,0.107087,587.049,230.450,1
806,13.446767,15,0.602667,634.309,235.842,1
806,13.446767,19,0.743731,547.380,376.592,1
806,13.446767,21,0.341338,639.505,484.578,1
806,13.446767,26,0.469030,591.993,324.343,1
807,13.463450,12,0.481864,585.713,228.242,1
807,13.463450,15,0.527212,635.694,240.537,1
807,13.463450,19,0.702551,545.937,388.872,1
807,13.463450,21,0.249622,636.351,485.175,1
807,13.463450,26,0.454091,593.189,313.354,1
808,13.480133,12,0.530336,584.403,227.156,1
808,13.480133,15,0.505567,637.761,245.331,1
808,13.480133,19,0.513861,544.316,400.001,1
808,13.480133,21,0.055319,633.249,482.167,1
808,13.480133,26,0.577652,594.784,303.145,1
809,13.496817,12,0.657076,582.609,226.727,1
809,13.496817,15,0.608335,639.272,251.026,1
809,13.496817,19,0.314834,543.198,410.376,1
809,13.496817,21,0.207790,630.511,475.576,1
809,13.496817,26,0.649327,596.089,294.218,1
810,13.513500,12,0.676382,580.919,226.454,1
810,13.513500,15,0.721168,640.961,257.587,1
810,13.513500,19,0.529541,542.640,419.772,1
810,13.513500,21,0.101893,627.539,466.859,1
810,13.513500,26,0.643133,597.674,285.699,1
811,13.530183,12,0.768312,579.100,226.677,1
811,13.530183,15,0.793938,642.959,264.583,1
811,13.530183,19,0.055182,542.939,431.068,1
811,13.530183,21,0.220234,625.038,453.846,1
811,13.530183,26,0.714515,599.270,278.075,1
812,13.546867,12,0.721382,577.457,227.423,1
812,13.546867,15,0.792925,644.593,272.379,1
812,13.546867,19,0.117584,543.891,439.396,1
812,13.546867,21,0.547896,622.575,438.400,1
812,13.546867,26,0.659418,601.292,270.963,1
813,13.563550,12,0.743701,575.551,228.482,1
813,13.563550,15,0.551620,646.185,280.305,1
813,13.563550,19,0.210086,544.911,447.513,1
813,13.563550,21,0.219186,620.462,422.758,1
813,13.563550,26,0.619401,603.469,264.094,1
814,13.580233,12,0.698242,573.907,230.162,1
814,13.580233,15,0.584681,648.062,289.045,1
814,13.580233,19,0.361081,546.417,455.631,1
814,13.580233,21,0.150953,619.981,409.604,1
814,13.580233,26,0.538194,605.127,258.024,1
815,13.596917,12,0.533332,572.197,232.324,1
815,13.596917,15,0.632480,649.731,298.093,1
815,13.596917,19,0.079028,548.282,463.243,1
815,13.596917,21,0.150953,617.987,398.907,0
815,13.596917,26,0.184483,606.816,252.159,1
816,13.613600,12,0.395329,570.064,235.316,1
816,13.613600,15,0.079744,651.217,307.594,1
816,13.613600,19,0.095796,550.595,469.943,1
816,13.613600,21,0.063030,616.234,380.258,1
816,13.613600,26,0.430552,608.734,246.948,1
817,13.630283,12,0.468179,568.309,238.743,1
817,13.630283,15,0.541653,652.988,317.815,1
817,13.630283,19,0.095796,551.798,478.202,0
817,13.630283,21,0.479484,614.945,363.916,1
817,13.630283,26,0.079027,610.224,242.232,1
818,13.646967,12,0.455699,566.578,242.595,1
818,13.646967,15,0.524723,654.365,328.761,1
818,13.646967,19,0.475067,555.178,483.489,1
818,13.646967,21,0.392345,613.715,348.921,1
818,13.646967,26,0.480963,612.008,238.126,1
819,13.663650,12,0.583023,564.672,247.249,1
819,13.663650,15,0.616687,655.750,339.922,1
819,13.663650,19,0.484092,559.061,487.364,1
819,13.663650,21,0.458558,612.087,334.913,1
819,13.663650,26,0.536088,613.478,234.499,1
820,13.680333,12,0.174551,563.057,252.156,1
820,13.680333,15,0.741455,657.251,351.769,1
820,13.680333,19,0.381587,562.771,488.802,1
820,13.680333,21,0.214795,610.447,322.404,1
820,13.680333,26,0.590481,614.810,231.160,1
821,13.697017,12,0.710158,561.633,257.870,1
821,13.697017,15,0.745524,658.582,364.564,1
821,13.697017,19,0.265791,566.494,487.640,1
821,13.697017,21,0.335678,608.904,310.567,1
821,13.697017,26,0.737756,616.622,228.569,1
822,13.713700,12,0.477425,560.005,264.030,1
822,13.713700,15,0.680530,660.306,377.937,1
822,13.713700,19,0.350227,570.370,483.356,1
822,13.713700,21,0.276341,607.387,300.377,1
822,13.713700,26,0.556589,618.342,226.454,1
823,13.730383,12,0.371056,558.451,270.426,1
823,13.730383,15,0.364607,662.103,390.937,1
823,13.730383,19,0.062301,574.186,475.453,1
823,13.730383,21,0.475148,605.520,291.139,1
823,13.730383,26,0.448438,619.949,224.777,1
824,13.747067,12,0.387806,556.641,276.997,1
824,13.747067,15,0.487481,663.694,403.665,1
824,13.747067,19,0.131257,577.453,464.801,1
824,13.747067,21,0.498061,603.747,282.587,1
824,13.747067,26,0.631034,621.642,223.676,1
825,13.763750,12,0.053161,554.995,284.466,1
825,13.763750,15,0.509087,664.592,415.411,1
825,13.763750,19,0.116228,580.033,451.309,1
825,13.763750,21,0.501508,601.779,274.646,1
825,13.763750,26,0.617304,623.052,223.257,1
826,13.780433,12,0.487373,553.460,292.843,1
826,13.780433,15,0.200768,664.437,426.685,1
826,13.780433,19,0.316940,583.506,436.060,1
826,13.780433,21,0.533777,599.910,267.485,1
826,13.780433,26,0.669755,624.663,223.287,1
827,13.797117,12,0.717378,552.238,301.928,1
827,13.797117,15,0.097745,664.245,436.141,1
827,13.797117,19,0.120930,585.852,419.945,1
827,13.797117,21,0.472422,598.002,260.657,1
827,13.797117,26,0.626058,626.346,224.018,1
828,13.813800,12,0.556437,550.981,311.259,1
828,13.813800,15,0.122619,662.643,444.674,1
828,13.813800,19,0.057417,587.530,404.028,1
828,13.813800,21,0.488290,596.108,254.112,1
828,13.813800,26,0.051251,627.651,224.633,1
829,13.830483,12,0.658762,549.445,321.693,1
829,13.830483,15,0.079240,659.987,453.986,1
829,13.830483,19,0.057417,590.175,392.011,0
829,13.830483,21,0.699209,594.594,248.388,1
829,13.830483,26,0.444899,629.207,226.163,1
830,13.847167,12,0.658684,547.547,332.256,1
830,13.847167,15,0.116425,656.640,462.739,1
830,13.847167,19,0.170448,592.780,374.983,1
830,13.847167,21,0.366369,592.995,243.245,1
830,13.847167,26,0.454517,630.289,228.136,1
830,13.847167,27,0.162914,629.227,229.678,1
831,13.863850,12,0.459273,545.813,342.983,1
831,13.863850,15,0.330806,653.036,470.070,1
831,13.863850,19,0.085455,594.948,360.735,1
831,13.863850,21,0.525185,591.343,238.719,1
831,13.863850,26,0.329998,631.546,231.281,1
831,13.863850,27,0.386141,630.327,231.962,1
832,13.880533,12,0.697092,544.011,355.009,1
832,13.880533,15,0.722400,649.303,475.817,1
832,13.880533,19,0.086296,598.202,346.080,1
832,13.880533,21,0.706302,589.685,234.713,1
832,13.880533,26,0.086412,632.685,234.304,1
832,13.880533,27,0.079849,631.032,234.735,1
833,13.897217,12,0.485118,542.553,367.375,1
833,13.897217,15,0.055672,645.680,480.068,1
833,13.897217,19,0.086296,600.910,332.211,0
833,13.897217,21,0.371774,587.810,230.660,1
833,13.897217,26,0.538089,634.787,238.663,1
833,13.897217,27,0.070663,609.007,234.540,1
834,13.913900,12,0.641830,541.300,380.614,1
834,13.913900,15,0.141295,642.020,481.804,1
834,13.913900,19,0.514211,601.824,321.200,1
834,13.913900,21,0.579678,586.375,227.514,1
834,13.913900,26,0.491938,636.677,243.267,1
834,13.913900,27,0.070663,602.610,235.580,0
835,13.930583,12,0.744425,539.258,394.206,1
835,13.930583,15,0.475586,638.526,479.910,1
835,13.930583,19,0.535941,603.030,311.038,1
835,13.930583,21,0.711197,584.836,225.255,1
835,13.930583,26,0.660889,638.808,248.351,1
835,13.930583,27,0.070663,596.213,236.620,0
836,13.947267,12,0.464342,537.439,407.677,1
836,13.947267,15,0.302235,635.265,476.036,1
836,13.947267,19,0.423202,604.614,301.528,1
836,13.947267,21,0.598735,583.142,223.223,1
836,13.947267,26,0.621999,640.186,253.543,1
836,13.947267,27,0.070663,589.817,237.661,0
837,13.963950,12,0.578596,535.436,419.735,1
837,13.963950,15,0.317845,631.923,468.454,1
837,13.963950,19,0.666760,606.122,292.919,1
837,13.963950,21,0.466584,581.407,221.766,1
837,13.963950,26,0.403910,641.965,259.530,1
837,13.963950,27,0.070663,583.420,238.701,0
838,13.980633,12,0.076013,532.840,429.952,1
838,13.980633,15,0.317845,628.715,467.691,0
838,13.980633,19,0.186962,607.415,284.497,1
838,13.980633,21,0.128725,579.710,220.926,1
838,13.980633,26,0.373955,643.679,266.202,1
838,13.980633,27,0.070663,577.023,239.741,0
839,13.997317,12,0.440969,530.793,439.306,1
839,13.997317,15,0.229787,626.491,451.609,1
839,13.997317,19,0.464863,609.064,276.688,1
839,13.997317,21,0.550338,577.707,220.589,1
839,13.997317,26,0.681502,645.218,273.324,1
840,14.014000,12,0.437481,529.872,448.001,1
840,14.014000,15,0.058369,625.493,435.093,1
840,14.014000,19,0.281831,610.686,269.989,1
840,14.014000,21,0.204157,575.868,220.719,1
840,14.014000,26,0.354789,646.930,281.116,1
841,14.030683,12,0.076321,530.276,455.619,1
841,14.030683,15,0.058369,623.063,427.163,0
841,14.030683,19,0.461558,612.378,263.348,1
841,14.030683,21,0.718621,574.236,221.238,1
841,14.030683,26,0.426763,648.718,289.466,1
842,14.047367,12,0.400747,531.802,462.038,1
842,14.047367,15,0.092408,621.708,407.382,1
842,14.047367,19,0.653730,613.917,257.663,1
842,14.047367,21,0.790408,572.672,222.264,1
842,14.047367,26,0.698755,650.377,298.395,1
843,14.064050,12,0.188527,534.648,468.067,1
843,14.064050,15,0.169080,621.065,387.355,1
843,14.064050,19,0.637666,615.830,252.273,1
843,14.064050,21,0.625618,570.740,223.898,1
843,14.064050,26,0.670653,652.012,307.635,1
844,14.080733,12,0.188527,535.076,476.160,0
844,14.080733,15,0.065349,620.050,369.841,1
844,14.080733,19,0.310533,617.664,247.163,1
844,14.080733,21,0.501877,569.049,226.324,1
844,14.080733,26,0.507370,653.579,317.394,1
845,14.097417,12,0.058843,540.572,480.210,1
845,14.097417,15,0.362045,618.543,354.347,1
845,14.097417,19,0.468291,619.521,242.436,1
845,14.097417,21,0.481621,567.235,229.261,1
845,14.097417,26,0.515869,655.170,327.972,1
846,14.114100,12,0.115303,546.404,483.891,1
846,14.114100,15,0.325692,617.345,340.608,1
846,14.114100,19,0.346424,621.520,238.470,1
846,14.114100,21,0.324642,565.287,232.494,1
846,14.114100,26,0.263513,657.019,338.983,1
847,14.130783,12,0.170925,552.405,485.553,1
847,14.130783,15,0.453347,615.892,328.893,1
847,14.130783,19,0.541981,623.309,234.948,1
847,14.130783,21,0.623589,563.570,236.515,1
847,14.130783,26,0.549872,658.608,351.153,1
848,14.147467,12,0.173646,558.528,486.466,1
848,14.147467,15,0.149202,614.434,317.769,1
848,14.147467,19,0.491980,625.120,231.845,1
848,14.147467,21,0.617287,561.790,240.925,1
848,14.147467,26,0.719502,660.271,363.137,1
849,14.164150,12,0.093669,564.183,486.706,1
849,14.164150,15,0.573458,612.793,307.245,1
849,14.164150,19,0.608636,626.826,229.555,1
849,14.164150,21,0.523731,559.991,245.826,1
849,14.164150,26,0.683243,661.824,375.895,1
850,14.180833,12,0.348345,569.441,482.723,1
850,14.180833,15,0.594146,611.102,297.782,1
850,14.180833,19,0.600052,628.580,227.894,1
850,14.180833,21,0.659710,558.263,251.181,1
850,14.180833,26,0.621023,663.371,388.833,1
851,14.197517,12,0.249461,574.941,475.728,1
851,14.197517,15,0.624944,609.465,289.291,1
851,14.197517,19,0.534994,630.054,226.300,1
851,14.197517,21,0.533740,556.395,257.356,1
851,14.197517,26,0.207029,664.946,401.838,1
852,14.214200,12,0.249461,579.953,474.666,0
852,14.214200,15,0.289202,608.362,281.185,1
852,14.214200,19,0.305292,631.430,226.004,1
852,14.214200,21,0.286828,554.848,263.927,1
852,14.214200,26,0.390513,665.554,412.587,1
853,14.230883,12,0.306906,582.122,460.135,1
853,14.230883,15,0.592124,606.569,273.991,1
853,14.230883,19,0.334266,632.731,226.289,1
853,14.230883,21,0.379151,553.255,270.995,1
853,14.230883,26,0.466281,665.190,421.795,1
854,14.247567,12,0.306906,586.380,455.498,0
854,14.247567,15,0.402841,604.984,267.299,1
854,14.247567,19,0.310763,634.695,226.945,1
854,14.247567,21,0.470647,551.475,278.912,1
854,14.247567,26,0.128864,663.976,430.793,1
855,14.264250,12,0.306906,590.638,450.862,0
855,14.264250,15,0.369937,603.678,261.326,1
855,14.264250,19,0.622573,636.877,227.868,1
855,14.264250,21,0.325402,549.809,286.939,1
855,14.264250,26,0.104967,661.596,438.978,1
856,14.280933,12,0.306906,594.896,446.225,0
856,14.280933,15,0.484165,601.933,255.341,1
856,14.280933,19,0.698855,638.990,229.147,1
856,14.280933,21,0.668989,547.804,295.618,1
856,14.280933,26,0.122714,658.695,446.988,1
857,14.297617,12,0.306906,599.154,441.589,0
857,14.297617,15,0.211479,600.458,250.051,1
857,14.297617,19,0.232384,640.617,230.898,1
857,14.297617,21,0.541848,546.011,304.901,1
857,14.297617,26,0.058417,655.268,454.515,1
858,14.314300,12,0.306906,603.411,436.952,0
858,14.314300,15,0.345265,599.020,245.088,1
858,14.314300,19,0.526124,642.485,233.192,1
858,14.314300,21,0.564367,544.202,314.850,1
858,14.314300,26,0.077306,651.062,461.259,1
859,14.330983,15,0.334946,597.368,240.624,1
859,14.330983,19,0.644448,644.262,236.284,1
859,14.330983,21,0.536300,542.408,325.356,1
859,14.330983,26,0.077306,648.708,469.580,0
860,14.347667,15,0.524477,595.740,236.979,1
860,14.347667,19,0.586751,646.057,239.636,1
860,14.347667,21,0.710220,540.764,336.481,1
860,14.347667,26,0.051822,644.224,472.994,1
861,14.364350,15,0.348199,594.308,234.096,1
861,14.364350,19,0.531239,647.916,243.865,1
861,14.364350,21,0.372699,539.080,348.422,1
861,14.364350,26,0.051822,641.304,480.013,0
861,14.364350,28,0.249765,592.197,341.411,1
862,14.381033,15,0.559948,592.426,231.393,1
862,14.381033,19,0.155510,649.889,248.394,1
862,14.381033,21,0.809337,537.450,360.945,1
862,14.381033,26,0.087702,637.352,480.409,1
862,14.381033,28,0.349392,593.934,331.285,1
863,14.397717,15,0.135317,590.886,229.398,1
863,14.397717,19,0.265326,651.729,253.523,1
863,14.397717,21,0.591114,535.617,373.447,1
863,14.397717,26,0.087702,634.158,485.671,0
863,14.397717,28,0.053457,595.485,319.254,1
864,14.414400,15,0.205670,589.506,227.652,1
864,14.414400,19,0.308724,653.474,259.296,1
864,14.414400,21,0.628888,533.612,386.754,1
864,14.414400,26,0.058491,631.000,477.276,1
864,14.414400,28,0.053457,596.576,311.624,0
865,14.431083,15,0.383303,588.024,226.765,1
865,14.431083,19,0.516473,655.225,265.434,1
865,14.431083,21,0.369578,531.900,400.633,1
865,14.431083,26,0.111487,628.354,467.364,1
865,14.431083,28,0.180821,598.770,299.705,1
866,14.447767,15,0.442502,586.735,226.459,1
866,14.447767,19,0.659154,657.338,272.281,1
866,14.447767,21,0.074110,530.303,413.506,1
866,14.447767,26,0.650548,626.017,454.120,1
866,14.447767,28,0.138677,600.545,288.927,1
867,14.464450,15,0.448791,585.001,226.730,1
867,14.464450,19,0.448563,658.924,279.701,1
867,14.464450,21,0.373897,528.649,424.581,1
867,14.464450,26,0.617648,624.152,439.268,1
867,14.464450,28,0.201790,602.203,279.007,1
868,14.481133,15,0.627090,583.750,227.349,1
868,14.481133,19,0.647029,660.493,287.364,1
868,14.481133,21,0.409847,527.882,434.428,1
868,14.481133,26,0.390853,622.370,423.292,1
868,14.481133,28,0.291858,603.951,270.417,1
869,14.497817,15,0.588837,582.581,228.221,1
869,14.497817,19,0.696550,662.012,295.646,1
869,14.497817,21,0.396328,527.953,442.814,1
869,14.497817,26,0.225769,620.972,405.940,1
869,14.497817,28,0.407878,605.605,262.603,1
870,14.514500,15,0.081023,580.561,229.851,1
870,14.514500,19,0.684601,663.682,304.788,1
870,14.514500,21,0.209847,529.216,450.796,1
870,14.514500,26,0.170533,620.255,388.835,1
870,14.514500,28,0.729208,606.905,255.188,1
871,14.531183,15,0.600428,578.745,232.158,1
871,14.531183,19,0.559273,665.085,314.269,1
871,14.531183,21,0.200969,531.960,458.110,1
871,14.531183,26,0.053852,619.538,372.425,1
871,14.531183,28,0.153135,608.113,248.944,1
871,14.531183,29,0.389759,597.108,245.765,1
872,14.547867,15,0.220219,577.091,235.010,1
872,14.547867,19,0.424513,667.029,324.360,1
872,14.547867,21,0.200969,532.365,467.371,0
872,14.547867,26,0.230233,618.554,357.299,1
872,14.547867,28,0.257137,609.430,243.274,1
872,14.547867,29,0.389759,598.839,245.601,0
873,14.564550,15,0.219024,575.027,238.428,1
873,14.564550,19,0.352699,669.183,334.833,1
873,14.564550,21,0.071034,538.311,472.001,1
873,14.564550,26,0.230233,617.210,343.015,0
873,14.564550,28,0.323831,610.729,238.335,1
873,14.564550,29,0.389759,600.570,245.438,0
874,14.581233,15,0.378340,573.278,241.964,1
874,14.581233,19,0.570544,671.124,345.861,1
874,14.581233,21,0.420166,544.350,477.270,1
874,14.581233,26,0.394867,616.380,330.433,1
874,14.581233,28,0.539944,611.912,234.156,1
874,14.581233,29,0.389759,602.302,245.275,0
875,14.597917,15,0.592093,571.462,246.452,1
875,14.597917,19,0.498117,672.900,357.230,1
875,14.597917,21,0.414266,550.635,481.897,1
875,14.597917,26,0.538135,615.209,318.473,1
875,14.597917,28,0.696917,613.358,230.434,1
876,14.614600,15,0.705377,569.602,251.448,1
876,14.614600,19,0.600657,674.767,371.062,1
876,14.614600,21,0.575987,556.511,484.716,1
876,14.614600,26,0.693768,613.679,307.435,1
876,14.614600,28,0.754914,614.542,227.194,1
877,14.631283,15,0.707030,567.672,257.160,1
877,14.631283,19,0.666406,676.710,383.803,1
877,14.631283,21,0.462823,562.113,485.317,1
877,14.631283,26,0.692039,612.404,297.167,1
877,14.631283,28,0.727796,616.085,224.290,1
878,14.647967,15,0.161073,565.928,263.064,1
878,14.647967,19,0.628456,679.067,393.707,1
878,14.647967,21,0.534045,567.395,482.458,1
878,14.647967,26,0.483921,611.135,287.591,1
878,14.647967,28,0.662001,617.411,221.986,1
879,14.664650,15,0.573701,564.395,269.956,1
879,14.664650,19,0.286608,680.798,402.875,1
879,14.664650,21,0.534045,572.259,484.833,0
879,14.664650,26,0.226911,609.936,278.709,1
879,14.664650,28,0.701780,618.457,220.340,1
880,14.681333,15,0.508598,563.072,277.151,1
880,14.681333,19,0.443737,682.245,410.625,1
880,14.681333,21,0.534045,577.124,487.208,0
880,14.681333,26,0.340615,608.681,270.509,1
880,14.681333,28,0.566176,619.607,219.133,1
881,14.698017,15,0.495379,561.504,285.040,1
881,14.698017,19,0.063119,682.873,417.497,1
881,14.698017,21,0.534045,581.989,489.582,0
881,14.698017,26,0.666752,607.452,262.866,1
881,14.698017,28,0.681829,621.140,218.500,1
882,14.714700,15,0.683393,559.958,293.424,1
882,14.714700,19,0.685881,682.424,424.906,1
882,14.714700,21,0.534045,586.853,491.957,0
882,14.714700,26,0.683333,606.248,255.488,1
882,14.714700,28,0.733015,622.268,218.387,1
883,14.731383,15,0.690893,558.462,302.561,1
883,14.731383,19,0.675591,680.496,432.944,1
883,14.731383,21,0.534045,591.718,494.332,0
883,14.731383,26,0.771133,605.071,248.925,1
883,14.731383,28,0.738486,623.291,218.654,1
883,14.731383,30,0.771347,580.052,416.502,1
884,14.748067,15,0.334901,556.790,311.301,1
884,14.748067,19,0.610560,677.480,440.855,1
884,14.748067,26,0.366199,604.028,242.886,1
884,14.748067,28,0.429768,624.612,219.214,1
884,14.748067,30,0.232473,582.338,402.377,1
885,14.764750,15,0.449071,555.287,321.720,1
885,14.764750,19,0.526928,673.790,449.306,1
885,14.764750,26,0.672728,602.842,237.306,1
885,14.764750,28,0.134393,626.301,220.536,1
885,14.764750,30,0.559271,584.267,386.406,1
886,14.781433,15,0.423824,553.717,332.790,1
886,14.781433,19,0.254661,668.774,458.319,1
886,14.781433,26,0.478144,601.625,232.296,1
886,14.781433,28,0.533750,627.557,222.563,1
886,14.781433,30,0.170323,585.514,370.619,1
887,14.798117,15,0.458243,552.099,344.404,1
887,14.798117,19,0.234359,662.869,466.450,1
887,14.798117,26,0.570343,599.925,227.616,1
887,14.798117,28,0.479288,628.908,225.238,1
887,14.798117,30,0.091016,587.032,355.305,1
888,14.814800,15,0.667825,550.670,356.315,1
888,14.814800,19,0.521827,656.550,474.583,1
888,14.814800,26,0.730531,598.494,223.482,1
888,14.814800,28,0.729919,630.294,228.305,1
888,14.814800,30,0.143150,589.773,339.905,1
889,14.831483,15,0.565187,548.742,369.131,1
889,14.831483,19,0.521827,652.426,482.927,0
889,14.831483,26,0.427558,597.326,219.941,1
889,14.831483,28,0.603804,631.191,231.739,1
889,14.831483,30,0.317673,592.153,326.714,1
890,14.848167,15,0.760903,546.918,381.213,1
890,14.848167,19,0.521827,648.302,491.271,0
890,14.848167,26,0.659013,596.134,217.025,1
890,14.848167,28,0.723788,632.116,235.842,1
890,14.848167,30,0.277022,594.776,313.371,1
891,14.864850,15,0.205030,544.617,392.602,1
891,14.864850,19,0.074233,641.840,490.299,1
891,14.864850,26,0.558204,594.895,214.373,1
891,14.864850,28,0.688335,633.706,240.300,1
891,14.864850,30,0.652078,596.960,302.113,1
892,14.881533,15,0.346552,542.801,402.662,1
892,14.881533,19,0.050001,636.011,486.459,1
892,14.881533,26,0.617999,594.075,212.718,1
892,14.881533,28,0.444212,634.856,245.272,1
892,14.881533,30,0.573687,598.839,291.144,1
893,14.898217,15,0.656737,541.959,412.969,1
893,14.898217,19,0.162723,630.641,478.524,1
893,14.898217,26,0.563274,592.828,211.461,1
893,14.898217,28,0.604486,636.592,250.676,1
893,14.898217,30,0.570931,600.809,281.086,1
894,14.914900,15,0.395449,540.937,419.898,1
894,14.914900,19,0.612130,626.338,468.710,1
894,14.914900,26,0.650787,591.403,210.482,1
894,14.914900,28,0.673627,638.297,257.163,1
894,14.914900,30,0.563627,602.724,271.754,1
895,14.931583,15,0.412919,540.682,427.224,1
895,14.931583,19,0.593503,623.434,456.405,1
895,14.931583,26,0.531869,590.264,210.084,1
895,14.931583,28,0.088253,639.731,263.896,1
895,14.931583,30,0.625060,604.558,263.219,1
896,14.948267,15,0.231636,540.604,433.755,1
896,14.948267,19,0.673399,621.529,441.604,1
896,14.948267,26,0.703924,589.151,210.185,1
896,14.948267,28,0.683578,641.233,271.430,1
896,14.948267,30,0.698291,606.255,255.077,1
897,14.964950,15,0.181950,541.623,438.843,1
897,14.964950,19,0.735920,619.747,425.051,1
897,14.964950,26,0.585229,587.948,210.917,1
897,14.964950,28,0.681095,642.852,279.974,1
897,14.964950,30,0.654044,608.182,247.888,1
898,14.981633,15,0.125988,543.331,445.659,1
898,14.981633,19,0.735920,616.542,415.069,0
898,14.981633,26,0.542689,586.889,212.238,1
898,14.981633,28,0.662729,644.475,288.592,1
898,14.981633,30,0.121862,609.709,241.061,1
899,14.998317,15,0.361551,545.338,451.205,1
899,14.998317,19,0.170322,615.406,395.793,1
899,14.998317,26,0.461653,586.029,213.985,1
899,14.998317,28,0.764055,645.801,298.012,1
899,14.998317,30,0.717118,611.448,234.749,1
