frame,time_seconds,track_id,confidence,center_x,center_y
1,0.016683,1,0.804028,553.496,331.441
2,0.033367,1,0.804028,553.458,332.747
3,0.050050,1,0.804028,553.419,334.053
3,0.050050,2,0.884583,553.021,376.967
3,0.050050,3,0.733108,712.875,359.124
4,0.066733,2,0.884583,553.031,378.538
4,0.066733,3,0.733108,712.817,357.489
5,0.083417,2,0.884583,553.041,380.108
5,0.083417,3,0.733108,712.759,355.853
5,0.083417,4,0.623144,711.456,313.596
6,0.100100,4,0.477771,711.346,299.110
7,0.116783,4,0.584841,711.294,281.189
7,0.116783,5,0.345197,760.612,467.148
8,0.133467,4,0.590068,711.208,261.815
8,0.133467,5,0.172623,772.163,473.270
9,0.150150,4,0.632476,711.172,243.597
9,0.150150,5,0.223218,787.848,480.756
9,0.150150,6,0.229583,549.915,544.999
10,0.166833,4,0.524035,710.885,227.602
10,0.166833,5,0.223218,796.005,484.785
10,0.166833,6,0.229583,549.828,546.439
11,0.183517,4,0.449327,710.475,214.028
11,0.183517,5,0.223218,804.161,488.815
11,0.183517,6,0.229583,549.740,547.879
11,0.183517,7,0.431967,549.581,586.800
12,0.200200,4,0.513071,710.256,202.658
12,0.200200,5,0.223218,812.317,492.844
12,0.200200,7,0.184563,550.430,599.716
13,0.216883,4,0.699566,710.124,193.528
13,0.216883,7,0.196990,552.624,614.786
14,0.233567,4,0.626435,709.888,186.730
14,0.233567,7,0.293956,554.795,627.949
14,0.233567,8,0.701136,863.950,527.492
15,0.250250,4,0.547052,709.354,182.164
15,0.250250,7,0.446738,556.194,636.792
15,0.250250,8,0.657738,866.629,531.546
16,0.266933,4,0.425026,708.800,179.882
16,0.266933,7,0.344403,557.768,639.394
16,0.266933,8,0.461105,868.870,533.506
17,0.283617,4,0.395066,708.351,179.656
17,0.283617,7,0.324213,559.867,636.389
17,0.283617,8,0.706884,869.457,532.009
18,0.300300,4,0.280171,707.902,181.621
18,0.300300,7,0.324213,561.480,641.079
18,0.300300,8,0.706884,870.559,532.639
19,0.316983,4,0.560067,707.148,185.383
19,0.316983,7,0.324213,563.092,645.770
19,0.316983,8,0.254726,863.567,523.642
20,0.333667,4,0.630828,706.468,191.216
20,0.333667,7,0.324213,564.705,650.460
20,0.333667,8,0.254726,862.169,521.299
20,0.333667,9,0.262496,566.037,581.792
21,0.350350,4,0.318198,705.485,199.128
21,0.350350,8,0.254726,860.771,518.956
21,0.350350,9,0.262496,566.064,580.372
21,0.350350,10,0.812284,830.360,496.302
22,0.367033,4,0.248163,704.591,208.593
22,0.367033,8,0.254726,859.373,516.613
22,0.367033,9,0.262496,566.090,578.952
22,0.367033,10,0.812284,829.186,495.598
23,0.383717,4,0.167686,703.609,220.218
23,0.383717,10,0.812284,828.012,494.894
24,0.400400,4,0.554653,702.901,233.579
25,0.417083,4,0.261601,702.288,248.868
26,0.433767,4,0.261601,701.561,258.883
27,0.450450,4,0.615654,700.783,279.744
27,0.450450,11,0.874979,558.323,390.892
28,0.467133,4,0.696052,699.866,302.130
28,0.467133,11,0.874979,558.233,389.291
29,0.483817,4,0.669716,698.824,325.835
29,0.483817,11,0.874979,558.142,387.689
29,0.483817,12,0.837010,554.625,347.037
30,0.500500,4,0.631177,697.884,350.656
30,0.500500,12,0.675431,554.111,333.082
31,0.517183,4,0.183634,696.954,376.793
31,0.517183,12,0.693792,552.830,315.585
32,0.533867,4,0.183634,696.063,398.074
32,0.533867,12,0.727789,551.394,296.519
33,0.550550,4,0.183634,695.172,419.355
33,0.550550,12,0.422673,549.554,278.476
33,0.550550,13,0.196586,491.051,429.150
34,0.567233,4,0.183634,694.280,440.635
34,0.567233,12,0.501750,547.397,262.657
34,0.567233,13,0.196586,489.881,429.236
35,0.583917,12,0.261906,545.440,248.867
35,0.583917,13,0.196586,488.711,429.322
36,0.600600,12,0.357210,543.771,237.393
37,0.617283,12,0.659746,542.029,228.441
38,0.633967,12,0.591395,540.140,221.648
38,0.633967,14,0.540432,404.726,452.435
39,0.650650,12,0.674280,538.474,216.977
39,0.650650,14,0.759841,397.717,458.073
40,0.667333,12,0.754191,536.901,214.599
40,0.667333,14,0.629672,390.482,465.181
41,0.684017,12,0.648435,535.266,214.197
41,0.684017,14,0.777797,384.781,471.563
42,0.700700,12,0.680988,533.823,215.952
42,0.700700,14,0.671334,382.706,476.044
42,0.700700,15,0.171127,721.083,599.871
43,0.717383,12,0.725420,532.341,219.667
43,0.717383,14,0.651514,386.320,477.606
43,0.717383,15,0.325066,725.951,601.942
44,0.734067,12,0.671184,530.829,225.180
44,0.734067,14,0.786438,393.554,475.898
44,0.734067,15,0.309094,730.393,598.261
45,0.750750,12,0.613023,529.329,232.409
45,0.750750,14,0.786438,394.272,478.144
45,0.750750,15,0.350669,733.859,588.501
46,0.767433,12,0.585212,528.000,241.506
46,0.767433,14,0.786438,394.990,480.389
46,0.767433,15,0.304931,736.113,573.444
46,0.767433,16,0.640144,431.327,456.185
47,0.784117,12,0.429079,526.583,252.628
47,0.784117,14,0.786438,395.707,482.635
47,0.784117,15,0.304931,739.217,567.149
47,0.784117,16,0.640144,432.575,455.600
48,0.800800,12,0.528441,525.250,265.637
48,0.800800,15,0.304931,742.321,560.854
48,0.800800,16,0.640144,433.824,455.015
49,0.817483,12,0.284275,523.658,280.408
49,0.817483,15,0.304931,745.425,554.560
50,0.834167,12,0.756161,522.288,296.605
51,0.850850,12,0.685294,521.007,315.295
52,0.867533,12,0.854965,519.844,335.653
52,0.867533,17,0.697430,727.805,413.287
53,0.884217,12,0.586401,518.688,357.510
53,0.884217,17,0.697430,727.656,411.700
54,0.900900,12,0.785672,517.527,380.888
54,0.900900,17,0.697430,727.508,410.113
54,0.900900,18,0.522899,723.219,369.738
55,0.917583,12,0.629518,516.462,405.966
55,0.917583,18,0.740202,722.078,355.916
56,0.934267,12,0.702504,515.490,432.631
56,0.934267,18,0.699493,720.418,338.878
57,0.950950,12,0.196223,514.162,461.241
57,0.950950,18,0.165606,718.633,320.614
58,0.967633,12,0.299266,513.092,491.762
58,0.967633,18,0.403947,716.588,303.344
59,0.984317,12,0.299266,511.932,517.330
59,0.984317,18,0.701500,714.382,288.574
60,1.001000,12,0.299266,510.773,542.898
60,1.001000,18,0.603774,712.613,276.014
61,1.017683,12,0.299266,509.613,568.466
61,1.017683,18,0.617790,710.918,265.813
62,1.034367,18,0.679461,709.148,257.578
63,1.051050,18,0.597561,707.565,251.687
63,1.051050,19,0.479153,856.419,504.529
64,1.067733,18,0.518087,706.193,248.119
64,1.067733,19,0.600804,864.110,512.871
64,1.067733,20,0.665706,526.179,617.485
65,1.084417,18,0.445026,704.625,246.688
65,1.084417,19,0.342904,871.441,522.308
65,1.084417,20,0.404204,530.700,625.010
66,1.101100,18,0.501049,703.228,247.301
66,1.101100,19,0.193787,875.871,529.586
66,1.101100,20,0.313736,537.056,630.557
67,1.117783,18,0.649342,702.065,249.860
67,1.117783,19,0.255995,876.492,531.338
67,1.117783,20,0.458305,543.657,632.146
68,1.134467,18,0.676155,701.222,254.338
68,1.134467,19,0.200849,873.259,528.567
68,1.134467,20,0.388648,549.991,627.578
69,1.151150,18,0.561732,700.274,260.768
69,1.151150,19,0.200849,874.650,531.090
69,1.151150,20,0.367370,555.681,617.123
70,1.167833,18,0.723356,699.122,268.973
70,1.167833,19,0.200849,876.042,533.612
70,1.167833,20,0.367370,560.862,614.614
70,1.167833,21,0.477995,848.784,504.304
71,1.184517,18,0.481470,697.859,278.819
71,1.184517,19,0.200849,877.433,536.135
71,1.184517,20,0.367370,566.042,612.105
71,1.184517,21,0.246146,837.659,497.312
71,1.184517,22,0.462104,562.452,570.736
72,1.201200,18,0.658060,696.892,290.569
72,1.201200,20,0.367370,571.223,609.596
72,1.201200,21,0.246146,833.976,494.868
72,1.201200,22,0.462104,562.571,569.309
73,1.217883,18,0.481433,695.894,304.239
73,1.217883,21,0.246146,830.292,492.424
73,1.217883,22,0.462104,562.689,567.883
74,1.234567,18,0.337694,694.525,319.590
74,1.234567,21,0.246146,826.609,489.979
75,1.251250,18,0.494212,693.391,336.467
76,1.267933,18,0.393416,692.406,355.213
77,1.284617,18,0.607436,691.516,375.530
78,1.301300,18,0.541768,690.538,397.545
78,1.301300,23,0.800587,561.018,378.878
79,1.317983,18,0.800994,689.534,421.174
79,1.317983,23,0.800587,560.968,377.342
80,1.334667,18,0.292333,688.629,446.544
80,1.334667,23,0.800587,560.918,375.807
80,1.334667,24,0.788649,559.274,336.541
81,1.351350,18,0.263789,687.539,473.615
81,1.351350,24,0.531228,558.943,323.441
82,1.368033,18,0.263789,686.519,495.977
82,1.368033,24,0.264476,557.839,306.759
83,1.384717,18,0.263789,685.499,518.339
83,1.384717,24,0.508617,556.428,288.969
84,1.401400,18,0.263789,684.479,540.701
84,1.401400,24,0.528015,555.039,271.974
85,1.418083,24,0.486346,553.611,256.991
86,1.434767,24,0.253108,552.137,244.325
86,1.434767,25,0.588481,453.887,468.850
87,1.451450,24,0.586572,550.740,233.687
87,1.451450,25,0.911282,442.273,472.101
87,1.451450,26,0.617620,694.052,589.814
88,1.468133,24,0.203512,549.014,225.265
88,1.468133,25,0.452303,427.778,476.809
88,1.468133,26,0.334947,695.857,599.351
89,1.484817,24,0.402427,547.154,219.124
89,1.484817,25,0.665594,414.559,482.831
89,1.484817,26,0.151870,698.990,609.177
90,1.501500,24,0.272686,545.511,215.159
90,1.501500,25,0.658683,404.007,488.604
90,1.501500,26,0.325459,702.915,617.223
91,1.518183,24,0.680423,544.043,213.208
91,1.518183,25,0.736057,396.588,493.057
91,1.518183,26,0.479954,707.318,621.222
92,1.534867,24,0.623618,542.627,213.582
92,1.534867,25,0.534655,393.140,496.127
92,1.534867,26,0.278403,710.920,620.664
93,1.551550,24,0.623650,541.348,215.955
93,1.551550,25,0.467129,393.254,497.325
93,1.551550,26,0.601423,713.820,615.230
94,1.568233,24,0.454618,540.301,220.153
94,1.568233,25,0.681052,397.394,496.118
94,1.568233,26,0.601423,716.889,616.590
95,1.584917,24,0.568327,538.654,226.386
95,1.584917,25,0.681052,394.410,498.182
95,1.584917,26,0.601423,719.957,617.950
95,1.584917,27,0.614675,716.893,577.346
96,1.601600,24,0.654749,537.403,234.436
96,1.601600,25,0.681052,391.425,500.247
96,1.601600,26,0.601423,723.026,619.310
96,1.601600,27,0.614675,716.997,576.066
96,1.601600,28,0.733463,431.756,481.179
97,1.618283,24,0.382889,536.272,244.442
97,1.618283,25,0.681052,388.441,502.311
97,1.618283,27,0.614675,717.101,574.785
97,1.618283,28,0.733463,432.787,480.733
98,1.634967,24,0.414127,535.139,256.292
98,1.634967,28,0.733463,433.818,480.286
99,1.651650,24,0.246488,534.011,270.292
100,1.668333,24,0.246488,532.785,278.852
101,1.685017,24,0.246488,531.559,287.412
102,1.701700,24,0.246488,530.332,295.972
102,1.701700,29,0.643920,532.146,326.731
103,1.718383,29,0.699816,531.393,341.368
103,1.718383,30,0.798633,729.976,365.873
104,1.735067,29,0.699816,531.156,346.419
104,1.735067,30,0.798633,730.080,364.325
105,1.751750,29,0.699816,530.919,351.470
105,1.751750,30,0.798633,730.184,362.778
105,1.751750,31,0.597107,733.162,322.042
106,1.768433,29,0.699816,530.682,356.521
106,1.768433,31,0.467936,734.187,308.737
107,1.785117,31,0.459809,735.535,292.175
108,1.801800,31,0.459809,736.245,283.276
109,1.818483,31,0.384812,737.956,263.533
109,1.818483,32,0.243119,527.607,501.745
110,1.835167,31,0.153817,739.874,246.324
110,1.835167,32,0.222035,527.155,514.868
111,1.851850,31,0.196573,741.704,232.554
111,1.851850,32,0.394089,526.068,530.209
112,1.868533,31,0.527249,743.718,221.708
112,1.868533,32,0.222577,525.427,545.916
113,1.885217,31,0.574033,745.337,213.095
113,1.885217,32,0.363868,525.453,562.080
113,1.885217,33,0.516838,835.862,457.276
114,1.901900,31,0.593964,746.867,207.593
114,1.901900,32,0.430877,528.916,579.622
114,1.901900,33,0.516838,836.928,457.614
115,1.918583,31,0.219900,748.287,204.266
115,1.918583,32,0.636941,535.319,595.243
115,1.918583,33,0.516838,837.994,457.953
116,1.935267,31,0.248900,749.724,203.302
116,1.935267,32,0.203645,542.742,608.363
116,1.935267,34,0.679407,869.830,476.423
117,1.951950,31,0.426753,751.353,204.664
117,1.951950,32,0.398800,550.402,617.611
117,1.951950,34,0.457047,872.068,479.866
118,1.968633,31,0.592478,752.817,207.870
118,1.968633,32,0.322072,558.472,621.351
118,1.968633,34,0.562964,872.861,481.559
119,1.985317,31,0.154505,754.340,213.304
119,1.985317,32,0.322072,564.070,631.760
119,1.985317,34,0.726858,870.608,480.275
120,2.002000,31,0.508039,755.878,220.950
120,2.002000,32,0.322072,569.667,642.169
120,2.002000,34,0.581109,864.948,475.826
120,2.002000,35,0.314371,572.424,593.818
121,2.018683,31,0.382236,757.343,230.295
121,2.018683,32,0.322072,575.265,652.579
121,2.018683,34,0.562545,855.287,468.809
121,2.018683,35,0.384705,575.212,582.719
122,2.035367,31,0.411998,758.983,241.390
122,2.035367,34,0.292366,841.273,459.801
122,2.035367,35,0.384705,576.252,578.979
123,2.052050,31,0.336724,760.484,254.637
123,2.052050,34,0.292366,834.468,455.344
123,2.052050,35,0.384705,577.293,575.239
124,2.068733,31,0.298496,761.845,269.920
124,2.068733,34,0.292366,827.663,450.887
124,2.068733,35,0.384705,578.333,571.498
125,2.085417,31,0.192764,763.449,286.949
125,2.085417,34,0.292366,820.858,446.430
126,2.102100,31,0.330454,764.955,305.568
126,2.102100,36,0.355092,738.774,429.655
127,2.118783,31,0.555707,766.517,326.346
127,2.118783,36,0.355092,737.260,429.377
128,2.135467,31,0.181364,767.963,349.076
128,2.135467,36,0.355092,735.746,429.100
128,2.135467,37,0.797914,687.741,427.087
129,2.152150,31,0.751982,769.169,373.282
129,2.152150,37,0.797914,686.104,427.080
130,2.168833,31,0.643588,770.712,399.477
130,2.168833,37,0.797914,684.467,427.073
130,2.168833,38,0.846298,569.870,335.531
131,2.185517,31,0.458368,772.230,427.793
131,2.185517,38,0.846298,569.788,333.966
132,2.202200,31,0.336853,773.563,458.091
132,2.202200,38,0.846298,569.705,332.402
133,2.218883,31,0.641925,774.417,489.141
134,2.235567,31,0.641925,775.699,515.688
134,2.235567,39,0.236365,562.086,254.631
135,2.252250,31,0.388478,774.330,540.447
135,2.252250,39,0.309557,560.620,243.487
136,2.268933,31,0.227275,774.930,562.157
136,2.268933,39,0.748036,558.693,229.630
137,2.285617,31,0.227275,775.514,587.072
137,2.285617,39,0.268133,556.001,215.615
137,2.285617,40,0.230567,527.707,476.699
138,2.302300,31,0.227275,776.098,611.986
138,2.302300,39,0.777765,553.683,202.739
138,2.302300,40,0.230567,527.344,477.745
139,2.318983,31,0.227275,776.682,636.901
139,2.318983,39,0.725338,551.209,191.764
139,2.318983,40,0.230567,526.981,478.791
139,2.318983,41,0.344650,527.034,512.529
140,2.335667,39,0.631452,548.681,182.793
140,2.335667,41,0.666155,527.666,526.731
140,2.335667,42,0.578038,785.944,602.959
141,2.352350,39,0.388758,546.434,176.041
141,2.352350,41,0.666155,528.023,531.362
141,2.352350,42,0.365500,787.336,608.255
142,2.369033,39,0.691889,544.144,171.744
142,2.369033,41,0.666155,528.380,535.993
142,2.369033,42,0.407971,789.114,612.503
142,2.369033,43,0.486342,534.499,573.321
143,2.385717,39,0.654679,541.912,169.593
143,2.385717,41,0.666155,528.738,540.624
143,2.385717,42,0.619523,790.922,614.305
143,2.385717,43,0.370270,539.782,582.116
144,2.402400,39,0.568650,539.654,169.665
144,2.402400,42,0.522689,792.305,612.945
144,2.402400,43,0.443265,547.188,590.684
145,2.419083,39,0.381116,537.482,171.987
145,2.419083,42,0.680572,792.875,608.502
145,2.419083,43,0.719416,555.804,595.381
146,2.435767,39,0.291023,535.265,176.360
146,2.435767,42,0.413839,792.508,600.639
146,2.435767,43,0.348110,564.464,594.216
147,2.452450,39,0.344644,533.013,183.068
147,2.452450,42,0.204762,791.002,590.160
147,2.452450,43,0.525464,572.053,586.817
148,2.469133,39,0.298531,530.887,191.611
148,2.469133,42,0.191334,788.300,576.132
148,2.469133,43,0.525464,578.791,586.892
149,2.485817,39,0.338197,528.798,202.191
149,2.485817,42,0.385034,783.691,559.352
149,2.485817,43,0.525464,585.529,586.967
149,2.485817,44,0.537014,579.712,540.343
150,2.502500,39,0.620805,526.704,214.842
150,2.502500,42,0.385034,782.002,549.714
150,2.502500,43,0.525464,592.267,587.042
150,2.502500,44,0.537014,579.892,538.727
151,2.519183,39,0.418730,524.413,229.514
151,2.519183,42,0.385034,780.313,540.077
151,2.519183,44,0.537014,580.072,537.111
152,2.535867,39,0.164677,522.551,246.363
152,2.535867,42,0.385034,778.624,530.439
153,2.552550,39,0.164677,520.450,257.513
154,2.569233,39,0.164677,518.350,268.664
155,2.585917,39,0.164677,516.250,279.814
156,2.602600,45,0.365841,699.905,425.081
156,2.602600,46,0.536588,515.473,333.933
157,2.619283,45,0.365841,699.025,424.119
157,2.619283,46,0.536588,515.405,335.566
158,2.635967,45,0.365841,698.144,423.158
158,2.635967,46,0.536588,515.336,337.199
158,2.635967,47,0.579445,585.549,270.775
159,2.652650,47,0.579445,585.567,269.172
160,2.669333,47,0.579445,585.585,267.569
160,2.669333,48,0.437958,644.409,384.263
161,2.686017,48,0.437958,643.429,383.790
162,2.702700,48,0.437958,642.448,383.318
163,2.719383,49,0.151586,585.930,170.275
164,2.736067,49,0.307370,586.047,160.112
165,2.752750,49,0.176425,586.355,147.599
165,2.752750,50,0.187965,593.719,374.826
165,2.752750,51,0.707132,586.554,142.680
166,2.769433,49,0.217140,586.569,135.187
166,2.769433,50,0.356806,588.861,375.019
166,2.769433,51,0.606011,586.612,135.478
167,2.786117,49,0.409091,586.752,124.133
167,2.786117,50,0.174978,584.967,374.951
167,2.786117,51,0.606011,586.653,132.836
168,2.802800,49,0.688809,587.043,115.108
168,2.802800,50,0.214453,582.406,374.742
168,2.802800,51,0.606011,586.694,130.195
169,2.819483,49,0.606485,587.231,108.645
169,2.819483,50,0.214453,579.264,374.712
169,2.819483,51,0.606011,586.735,127.553
170,2.836167,49,0.612884,587.460,104.170
170,2.836167,50,0.214453,576.122,374.683
171,2.852850,49,0.712087,587.752,102.131
171,2.852850,50,0.214453,572.980,374.653
171,2.852850,52,0.159950,471.636,571.477
172,2.869533,49,0.671149,588.057,102.655
172,2.869533,52,0.159950,471.369,571.126
173,2.886217,49,0.866066,588.292,105.468
173,2.886217,52,0.159950,471.102,570.776
173,2.886217,53,0.151586,597.441,365.671
174,2.902900,49,0.818947,588.533,110.749
174,2.902900,53,0.775809,600.756,366.232
174,2.902900,54,0.471025,457.376,529.877
175,2.919583,49,0.686517,588.946,118.289
175,2.919583,53,0.782694,604.567,367.734
175,2.919583,54,0.471025,457.072,528.488
176,2.936267,49,0.842968,589.287,127.860
176,2.936267,53,0.816790,608.716,371.127
176,2.936267,54,0.471025,456.767,527.100
177,2.952950,49,0.532781,589.638,139.556
177,2.952950,53,0.753708,613.259,376.329
178,2.969633,49,0.276314,590.058,153.451
178,2.969633,53,0.421160,617.167,383.519
179,2.986317,49,0.643103,590.515,169.478
179,2.986317,53,0.619900,621.025,392.709
180,3.003000,49,0.227480,590.909,187.744
180,3.003000,53,0.644723,624.727,403.331
181,3.019683,49,0.285795,591.399,207.653
181,3.019683,53,0.372896,628.236,415.961
182,3.036367,49,0.588063,591.767,229.510
182,3.036367,53,0.226012,631.949,430.353
183,3.053050,49,0.217057,592.011,253.530
183,3.053050,53,0.226012,635.573,440.287
184,3.069733,49,0.668204,592.624,279.522
184,3.069733,53,0.226012,639.198,450.221
185,3.086417,49,0.585755,593.073,307.844
185,3.086417,53,0.226012,642.822,460.156
185,3.086417,55,0.331766,452.404,209.124
186,3.103100,49,0.274199,593.352,337.635
186,3.103100,55,0.268620,452.793,194.445
186,3.103100,56,0.578810,643.852,507.582
187,3.119783,49,0.274199,593.743,362.065
187,3.119783,55,0.268620,452.974,189.225
187,3.119783,56,0.578810,644.098,508.965
187,3.119783,57,0.396904,454.262,168.706
188,3.136467,49,0.186104,594.651,397.018
188,3.136467,55,0.268620,453.155,184.004
188,3.136467,56,0.578810,644.345,510.348
188,3.136467,57,0.472664,455.125,156.355
189,3.153150,49,0.222802,598.224,429.617
189,3.153150,55,0.268620,453.336,178.784
189,3.153150,57,0.472456,455.897,140.921
189,3.153150,58,0.168832,655.735,573.369
190,3.169833,49,0.246335,604.564,460.183
190,3.169833,57,0.491909,457.059,124.512
190,3.169833,58,0.168832,656.057,574.431
191,3.186517,49,0.246335,607.228,489.341
191,3.186517,57,0.259445,458.341,109.601
191,3.186517,58,0.478750,656.838,587.466
192,3.203200,49,0.246335,609.892,518.499
192,3.203200,57,0.219381,459.745,96.697
192,3.203200,58,0.478750,657.290,591.905
193,3.219883,49,0.246335,612.556,547.657
193,3.219883,57,0.422448,460.990,85.998
193,3.219883,58,0.478750,657.741,596.345
193,3.219883,59,0.471049,645.989,527.143
194,3.236567,57,0.422448,462.083,74.050
194,3.236567,59,0.256846,654.463,537.746
194,3.236567,60,0.298145,642.866,624.028
195,3.253250,57,0.179951,464.017,69.284
195,3.253250,59,0.286554,665.518,549.821
195,3.253250,60,0.415928,642.646,629.199
196,3.269933,57,0.179951,465.333,59.251
196,3.269933,59,0.347644,678.503,562.376
196,3.269933,60,0.234307,641.488,637.301
197,3.286617,57,0.179951,466.650,49.218
197,3.286617,59,0.347644,686.749,571.071
197,3.286617,60,0.219958,640.726,644.065
198,3.303300,57,0.179951,467.967,39.185
198,3.303300,59,0.197154,701.015,579.166
198,3.303300,60,0.368793,639.880,647.857
199,3.319983,59,0.303942,713.217,585.907
199,3.319983,60,0.394781,638.292,648.361
200,3.336667,59,0.559769,723.514,589.075
200,3.336667,60,0.418242,635.386,645.676
201,3.353350,59,0.477052,731.570,590.059
201,3.353350,60,0.182759,631.998,640.277
201,3.353350,61,0.473856,473.116,92.777
202,3.370033,59,0.394063,737.571,589.008
202,3.370033,60,0.228649,628.203,632.018
202,3.370033,61,0.394349,474.137,99.655
203,3.386717,59,0.339652,741.267,585.638
203,3.386717,60,0.311599,624.083,620.071
203,3.386717,61,0.487026,475.401,109.667
204,3.403400,59,0.390489,742.987,580.246
204,3.403400,60,0.181410,620.408,604.374
204,3.403400,61,0.548092,477.071,123.040
205,3.420083,59,0.428423,742.776,572.343
205,3.420083,60,0.181410,617.303,596.662
205,3.420083,61,0.510360,479.078,138.953
206,3.436767,59,0.387506,740.992,561.192
206,3.436767,60,0.181410,614.198,588.950
206,3.436767,61,0.224804,480.983,156.833
207,3.453450,59,0.387506,743.708,556.602
207,3.453450,60,0.181410,611.093,581.238
207,3.453450,61,0.401466,482.335,176.604
208,3.470133,59,0.387506,746.425,552.011
208,3.470133,61,0.168192,484.031,197.963
209,3.486817,59,0.387506,749.141,547.421
209,3.486817,61,0.168192,485.544,214.283
210,3.503500,61,0.168192,487.057,230.603
211,3.520183,61,0.168192,488.570,246.923
219,3.653650,62,0.514455,592.268,139.100
220,3.670333,62,0.448833,591.398,124.839
221,3.687017,62,0.517719,589.732,107.252
222,3.703700,62,0.369263,588.023,88.258
223,3.720383,62,0.633018,586.537,70.450
224,3.737067,62,0.439742,585.170,54.578
225,3.753750,62,0.338952,583.633,41.113
226,3.770433,62,0.259972,581.933,29.999
227,3.787117,62,0.546050,580.228,21.513
228,3.803800,62,0.613827,578.579,16.132
229,3.820483,62,0.496653,577.011,13.478
230,3.837167,62,0.643884,575.359,13.015
231,3.853850,62,0.596880,573.611,14.147
231,3.853850,64,0.528857,446.536,538.148
231,3.853850,63,0.756077,602.680,367.118
232,3.870533,62,0.738738,572.060,16.386
232,3.870533,64,0.528857,446.264,536.912
232,3.870533,63,0.814149,602.099,366.072
233,3.887217,62,0.407195,570.631,20.498
233,3.887217,64,0.528857,445.991,535.676
233,3.887217,63,0.881057,601.694,366.096
234,3.903900,62,0.165749,569.214,26.856
234,3.903900,63,0.688747,601.204,367.720
234,3.903900,65,0.292669,569.847,34.152
235,3.920583,62,0.165749,567.695,27.964
235,3.920583,63,0.279220,600.667,371.599
235,3.920583,65,0.767408,568.815,39.791
236,3.937267,62,0.165749,566.175,29.071
236,3.937267,63,0.279220,600.267,373.046
236,3.937267,65,0.210695,567.459,49.060
237,3.953950,62,0.165749,564.655,30.179
237,3.953950,63,0.279220,599.868,374.494
237,3.953950,65,0.424738,565.649,61.422
238,3.970633,63,0.279220,599.468,375.941
238,3.970633,65,0.682485,564.071,76.098
239,3.987317,65,0.717377,562.337,92.609
240,4.004000,65,0.230163,560.769,111.104
241,4.020683,65,0.218772,559.206,131.197
242,4.037367,65,0.551502,557.923,153.361
242,4.037367,66,0.794163,594.806,458.852
243,4.054050,65,0.281599,556.442,177.208
243,4.054050,66,0.258799,594.045,472.282
243,4.054050,67,0.457339,461.080,180.485
244,4.070733,65,0.490110,555.318,202.911
244,4.070733,66,0.258799,593.786,476.903
244,4.070733,67,0.457339,461.261,178.930
245,4.087417,65,0.490110,553.966,223.561
245,4.087417,66,0.258799,593.527,481.525
245,4.087417,67,0.457339,461.441,177.375
245,4.087417,68,0.330946,467.497,139.711
246,4.104100,65,0.490110,552.614,244.210
246,4.104100,66,0.258799,593.269,486.147
246,4.104100,68,0.591367,470.003,126.740
247,4.120783,65,0.490110,551.262,264.859
247,4.120783,68,0.168064,472.736,111.074
248,4.137467,68,0.598856,476.232,94.802
249,4.154150,68,0.184864,479.970,79.510
250,4.170833,68,0.686837,483.731,66.319
250,4.170833,69,0.382363,591.985,577.086
251,4.187517,68,0.210702,487.784,55.196
251,4.187517,69,0.382363,592.142,579.826
252,4.204200,68,0.650505,491.642,46.509
252,4.204200,69,0.382363,592.298,582.566
253,4.220883,68,0.623075,495.474,40.033
254,4.237567,68,0.258266,499.404,36.253
255,4.254250,68,0.434598,503.417,34.489
256,4.270933,68,0.314542,507.127,34.903
257,4.287617,68,0.498592,510.036,36.658
257,4.287617,70,0.436113,648.032,533.748
258,4.304300,68,0.481642,511.597,38.597
258,4.304300,70,0.425135,649.787,535.022
259,4.320983,68,0.593850,513.004,41.234
259,4.320983,70,0.272102,656.166,539.080
260,4.337667,68,0.573210,513.534,43.343
260,4.337667,70,0.269869,660.117,541.582
261,4.354350,68,0.475034,514.331,45.971
261,4.354350,70,0.269869,663.359,543.675
262,4.371033,68,0.467937,514.589,47.797
262,4.371033,70,0.269869,666.602,545.768
262,4.371033,71,0.156135,592.503,644.041
263,4.387717,68,0.425219,515.429,50.110
263,4.387717,70,0.223268,675.217,549.781
263,4.387717,71,0.196374,593.004,641.926
264,4.404400,68,0.423405,515.825,51.576
264,4.404400,70,0.229524,680.222,552.040
264,4.404400,71,0.199753,593.301,640.679
265,4.421083,68,0.408664,516.794,53.885
265,4.421083,70,0.275637,687.532,554.451
265,4.421083,71,0.284519,594.204,638.139
266,4.437767,68,0.387560,517.316,55.296
266,4.437767,70,0.272672,691.739,555.752
266,4.437767,71,0.278690,594.745,636.659
267,4.454450,68,0.387560,518.172,56.889
267,4.454450,70,0.352158,698.092,556.842
267,4.454450,71,0.173554,595.940,633.033
268,4.471133,68,0.387560,519.029,58.481
268,4.471133,70,0.349363,701.750,557.296
268,4.471133,71,0.171361,596.651,630.880
269,4.487817,68,0.253834,520.517,61.191
269,4.487817,70,0.551031,706.764,557.486
269,4.487817,71,0.227592,597.738,626.875
270,4.504500,68,0.190878,521.487,62.954
270,4.504500,70,0.552748,709.585,557.406
270,4.504500,71,0.229907,598.386,624.444
270,4.504500,72,0.280344,521.339,62.646
271,4.521183,68,0.429194,522.583,65.703
271,4.521183,70,0.551304,714.333,556.544
271,4.521183,71,0.217730,599.444,619.804
271,4.521183,72,0.280344,521.335,62.633
272,4.537867,68,0.385891,523.248,67.368
272,4.537867,70,0.537660,717.012,555.814
272,4.537867,71,0.186399,600.073,616.937
272,4.537867,72,0.280344,521.332,62.620
273,4.554550,68,0.287008,524.381,70.657
273,4.554550,70,0.355411,721.244,554.204
273,4.554550,71,0.186399,600.853,613.896
274,4.571233,68,0.287958,525.045,72.672
274,4.571233,70,0.348979,723.627,553.091
274,4.571233,71,0.186399,601.633,610.855
275,4.587917,68,0.353830,526.299,75.795
275,4.587917,70,0.272828,727.056,550.484
275,4.587917,71,0.348013,603.034,603.102
276,4.604600,68,0.360502,527.067,77.659
276,4.604600,70,0.260881,728.925,548.730
276,4.604600,71,0.351773,603.903,598.105
277,4.621283,68,0.379244,528.268,81.383
277,4.621283,70,0.206815,732.002,544.971
277,4.621283,71,0.224295,605.161,589.860
278,4.637967,68,0.394718,529.024,83.683
278,4.637967,70,0.220164,733.720,542.492
278,4.637967,71,0.218699,605.895,584.775
279,4.654650,68,0.490227,530.313,87.511
279,4.654650,70,0.417322,736.245,538.035
279,4.654650,71,0.175364,607.057,576.105
280,4.671333,68,0.495623,531.090,89.841
280,4.671333,70,0.432737,737.573,535.222
280,4.671333,71,0.341730,607.731,570.782
281,4.688017,68,0.296563,532.158,94.247
281,4.688017,70,0.371737,739.356,529.741
281,4.688017,71,0.198294,608.261,561.346
282,4.704700,68,0.283301,532.748,96.939
282,4.704700,70,0.370405,740.270,526.286
282,4.704700,71,0.204776,608.488,555.588
283,4.721383,68,0.583663,534.071,101.734
283,4.721383,70,0.609757,741.523,519.880
283,4.721383,71,0.393567,609.099,545.122
284,4.738067,68,0.577051,534.915,104.657
284,4.738067,70,0.612976,742.132,515.882
284,4.738067,71,0.384339,609.431,538.737
285,4.754750,68,0.614794,536.269,109.235
285,4.754750,70,0.585180,742.060,509.180
285,4.754750,71,0.626386,609.751,526.806
286,4.771433,68,0.634527,537.085,111.939
286,4.771433,70,0.570569,741.800,505.098
286,4.771433,71,0.576777,609.924,519.426
287,4.788117,68,0.451388,538.195,117.175
287,4.788117,70,0.192271,741.165,497.850
287,4.788117,71,0.297078,610.055,506.357
288,4.804800,68,0.460989,538.829,120.346
288,4.804800,70,0.194473,740.619,493.438
288,4.804800,71,0.313056,610.086,498.374
289,4.821483,68,0.629049,539.993,125.713
289,4.821483,70,0.194473,740.713,488.348
289,4.821483,71,0.219832,610.533,484.794
290,4.838167,68,0.612725,540.689,128.908
290,4.838167,70,0.194473,740.808,483.257
290,4.838167,71,0.210648,610.803,476.603
291,4.854850,68,0.710397,541.930,134.577
291,4.854850,70,0.194473,740.902,478.167
291,4.854850,71,0.278244,611.397,463.792
292,4.871533,68,0.719257,542.696,137.998
292,4.871533,71,0.260123,611.777,456.233
293,4.888217,68,0.666242,543.782,143.951
293,4.888217,71,0.313485,612.494,444.300
294,4.904900,68,0.676349,544.434,147.523
294,4.904900,71,0.334192,612.953,437.344
294,4.904900,73,0.266928,731.850,459.493
295,4.921583,68,0.641457,545.656,153.540
295,4.921583,71,0.334192,613.417,427.906
295,4.921583,73,0.266928,731.852,459.491
296,4.938267,68,0.625640,546.388,157.139
296,4.938267,71,0.334192,613.882,418.468
296,4.938267,73,0.266928,731.853,459.489
297,4.954950,68,0.632718,547.905,163.713
297,4.954950,71,0.176136,614.568,407.483
298,4.971633,68,0.614376,548.832,167.629
298,4.971633,71,0.176136,615.091,397.635
298,4.971633,74,0.478893,724.069,434.693
299,4.988317,68,0.700708,550.042,174.387
299,4.988317,71,0.495172,615.677,387.494
299,4.988317,74,0.446682,721.628,428.604
300,5.005000,68,0.730541,550.719,178.429
300,5.005000,71,0.466496,615.981,381.826
300,5.005000,74,0.407977,720.204,425.032
301,5.021683,68,0.582063,551.732,185.490
301,5.021683,71,0.565474,616.211,371.961
301,5.021683,74,0.558505,716.833,417.779
302,5.038367,68,0.593134,552.302,189.721
302,5.038367,71,0.561345,616.300,366.318
302,5.038367,74,0.491903,714.818,413.562
303,5.055050,68,0.795119,553.392,197.170
303,5.055050,71,0.655007,616.853,356.767
303,5.055050,74,0.652512,712.021,405.722
304,5.071733,68,0.797025,554.023,201.638
304,5.071733,71,0.654805,617.194,351.251
304,5.071733,74,0.653873,710.446,401.185
305,5.088417,68,0.441852,555.149,209.175
305,5.088417,71,0.756578,617.602,340.776
305,5.088417,74,0.324996,707.437,394.334
306,5.105100,68,0.568906,555.818,213.701
306,5.105100,71,0.759516,617.836,334.559
306,5.105100,74,0.342097,705.683,390.365
307,5.121783,68,0.557902,557.453,221.569
307,5.121783,71,0.618336,618.312,324.041
307,5.121783,74,0.748640,702.901,383.872
308,5.138467,68,0.573762,558.485,226.283
308,5.138467,71,0.622791,618.596,317.805
308,5.138467,74,0.763315,701.274,380.071
309,5.155150,68,0.547251,559.861,234.457
309,5.155150,71,0.857173,618.939,307.273
309,5.155150,74,0.652135,698.524,374.012
310,5.171833,68,0.555098,560.685,239.316
310,5.171833,71,0.853533,619.125,301.057
310,5.171833,74,0.675374,696.893,370.495
311,5.188517,68,0.354336,561.496,247.694
311,5.188517,71,0.271976,619.533,290.627
311,5.188517,74,0.675374,694.783,365.672
312,5.205200,68,0.365034,561.876,252.686
312,5.205200,71,0.275771,619.776,284.470
312,5.205200,74,0.675374,692.672,360.850
313,5.221883,68,0.365034,562.705,258.892
313,5.221883,71,0.275771,620.086,276.489
313,5.221883,74,0.675374,690.562,356.027
314,5.238567,68,0.365034,563.533,265.097
314,5.238567,71,0.275771,620.396,268.508
315,5.255250,68,0.365034,564.362,271.302
315,5.255250,71,0.275771,620.705,260.527
316,5.271933,75,0.172565,684.307,348.678
317,5.288617,75,0.597001,682.104,344.885
318,5.305300,75,0.586624,680.798,342.659
318,5.305300,76,0.224985,567.139,293.101
319,5.321983,75,0.873319,677.481,338.152
319,5.321983,76,0.467503,568.283,301.223
320,5.338667,75,0.868835,675.518,335.525
320,5.338667,76,0.467959,568.958,306.010
321,5.355350,75,0.782711,672.006,330.989
321,5.355350,76,0.205299,570.161,316.971
322,5.372033,75,0.780090,670.001,328.370
322,5.372033,76,0.204522,570.829,323.572
323,5.388717,75,0.830502,666.788,324.346
323,5.388717,76,0.587309,571.932,334.430
324,5.405400,75,0.830429,664.906,322.014
324,5.405400,76,0.608703,572.555,340.666
324,5.405400,77,0.172208,624.734,200.568
325,5.422083,75,0.604840,661.891,318.521
325,5.422083,76,0.608703,573.313,347.765
325,5.422083,77,0.172208,624.735,200.568
326,5.438767,75,0.554647,660.202,316.523
326,5.438767,76,0.192055,573.887,354.812
326,5.438767,77,0.172208,624.735,200.568
327,5.455450,75,0.679582,657.209,313.170
327,5.455450,76,0.185485,574.793,366.051
328,5.472133,75,0.682556,655.452,311.234
328,5.472133,76,0.175172,575.318,372.807
329,5.488817,75,0.586251,652.760,308.497
329,5.488817,76,0.175172,576.017,380.613
330,5.505500,75,0.591687,651.255,306.904
330,5.505500,76,0.175172,576.716,388.420
331,5.522183,75,0.456685,649.571,304.647
331,5.522183,76,0.175172,577.415,396.226
332,5.538867,75,0.467759,648.711,303.418
332,5.538867,78,0.150547,627.184,150.851
333,5.555550,75,0.467759,646.990,301.350
333,5.555550,78,0.221620,627.540,144.788
334,5.572233,75,0.213899,646.675,300.216
334,5.572233,78,0.315807,627.693,141.224
335,5.588917,75,0.213899,645.328,298.396
335,5.588917,78,0.167747,628.135,133.718
336,5.605600,75,0.213899,643.981,296.576
336,5.605600,78,0.405851,628.336,129.220
337,5.622283,75,0.213899,642.633,294.756
337,5.622283,78,0.339679,628.672,121.761
338,5.638967,78,0.361986,628.867,117.449
339,5.655650,78,0.420366,629.391,110.625
340,5.672333,78,0.433105,629.720,106.662
341,5.689017,78,0.263551,630.284,100.458
342,5.705700,78,0.282502,630.628,96.871
343,5.722383,78,0.333204,631.241,91.208
344,5.739067,78,0.328287,631.613,87.965
345,5.755750,78,0.328287,632.032,83.366
346,5.772433,78,0.328287,632.451,78.767
347,5.789117,78,0.386445,632.768,73.959
348,5.805800,78,0.345744,632.913,71.260
349,5.822483,78,0.479398,633.039,66.696
350,5.839167,78,0.458733,633.067,64.080
351,5.855850,78,0.458733,633.275,60.264
352,5.872533,78,0.458733,633.483,56.449
353,5.889217,78,0.171376,633.768,52.428
354,5.905900,78,0.194406,633.955,50.144
355,5.922583,78,0.244946,634.367,46.294
356,5.939267,78,0.262455,634.622,44.108
357,5.955950,78,0.262455,634.888,40.916
358,5.972633,78,0.262455,635.153,37.723
359,5.989317,78,0.196350,635.680,34.637
360,6.006000,78,0.191087,636.012,32.939
361,6.022683,78,0.348596,636.444,30.316
362,6.039367,78,0.358609,636.674,28.876
363,6.056050,78,0.450242,636.991,26.497
364,6.072733,78,0.457354,637.165,25.174
365,6.089417,78,0.491577,637.436,23.718
366,6.106100,78,0.519696,637.612,22.985
367,6.122783,78,0.434254,637.898,21.869
368,6.139467,78,0.425117,638.062,21.323
369,6.156150,78,0.433311,638.418,20.644
370,6.172833,78,0.421237,638.655,20.351
371,6.189517,78,0.415685,639.134,19.701
372,6.206200,78,0.396570,639.434,19.355
373,6.222883,78,0.396570,639.747,18.664
374,6.239567,78,0.396570,640.060,17.973
375,6.256250,78,0.396570,640.373,17.282
378,6.306300,79,0.157834,640.944,17.953
379,6.322983,79,0.156210,641.221,17.845
380,6.339667,79,0.155476,641.384,17.743
381,6.356350,79,0.160428,641.734,17.669
382,6.373033,79,0.183144,641.938,17.635
383,6.389717,79,0.183144,642.132,17.582
384,6.406400,79,0.183144,642.326,17.529
385,6.423083,79,0.183144,642.520,17.476
390,6.506500,80,0.200047,643.583,20.383
391,6.523183,80,0.208441,644.033,21.141
392,6.539867,80,0.210074,644.293,21.586
393,6.556550,80,0.338396,644.707,22.722
394,6.573233,80,0.338488,645.071,23.402
395,6.589917,80,0.303818,645.525,24.579
396,6.606600,80,0.320321,645.770,25.259
397,6.623283,80,0.582840,646.516,26.895
398,6.639967,80,0.628887,646.910,27.893
398,6.639967,81,0.434243,661.836,262.536
399,6.656650,80,0.672175,647.450,30.546
399,6.656650,81,0.443656,663.229,263.135
400,6.673333,80,0.662987,647.813,32.251
400,6.673333,81,0.431554,664.034,263.487
401,6.690017,80,0.610071,647.920,35.318
401,6.690017,81,0.365824,665.154,264.763
402,6.706700,80,0.601807,648.029,37.304
402,6.706700,81,0.369372,665.793,265.536
403,6.723383,80,0.621832,648.371,40.781
403,6.723383,81,0.322452,666.652,266.943
404,6.740067,80,0.632294,648.598,42.940
404,6.740067,81,0.336955,667.114,267.765
405,6.756750,80,0.631050,648.797,46.775
405,6.756750,81,0.347845,668.314,269.459
406,6.773433,80,0.597025,648.952,49.125
406,6.773433,81,0.312887,669.137,270.485
407,6.790117,80,0.766399,649.191,53.403
407,6.790117,81,0.654508,670.217,272.251
408,6.806800,80,0.769118,649.320,56.030
408,6.806800,81,0.664922,670.848,273.340
409,6.823483,80,0.802737,649.435,60.552
409,6.823483,81,0.641223,671.687,275.846
410,6.840167,80,0.815719,649.507,63.294
410,6.840167,81,0.648527,672.126,277.422
410,6.840167,82,0.299579,549.799,505.373
411,6.856850,80,0.798185,649.909,68.037
411,6.856850,81,0.818322,673.124,279.913
411,6.856850,82,0.276821,547.632,496.830
412,6.873533,80,0.803609,650.158,70.858
412,6.873533,81,0.819935,673.727,281.480
412,6.873533,82,0.255423,546.346,491.790
413,6.890217,80,0.325730,650.484,76.036
413,6.890217,81,0.653423,675.047,284.246
413,6.890217,82,0.255423,545.500,488.455
414,6.906900,80,0.154910,650.650,79.231
414,6.906900,81,0.635324,676.061,285.942
414,6.906900,82,0.255423,544.654,485.120
415,6.923583,80,0.571881,651.125,84.522
415,6.923583,81,0.787193,677.384,289.140
415,6.923583,82,0.255423,543.808,481.785
416,6.940267,80,0.651339,651.416,87.585
416,6.940267,81,0.789282,678.215,291.093
417,6.956950,80,0.572733,651.760,93.186
417,6.956950,81,0.801239,679.425,294.513
418,6.973633,80,0.558512,651.968,96.547
418,6.973633,81,0.803174,680.117,296.598
418,6.973633,83,0.377660,542.799,438.574
419,6.990317,80,0.728858,652.257,102.645
419,6.990317,81,0.837994,681.212,300.327
419,6.990317,83,0.651778,542.332,429.278
420,7.007000,80,0.734957,652.438,106.393
420,7.007000,81,0.841842,681.833,302.592
420,7.007000,83,0.651263,542.057,423.804
421,7.023683,80,0.824512,652.964,112.743
421,7.023683,81,0.801262,682.656,306.775
421,7.023683,83,0.692184,541.379,411.452
422,7.040367,80,0.803350,653.166,116.533
422,7.040367,81,0.804225,683.119,309.391
422,7.040367,83,0.711118,540.982,404.153
423,7.057050,80,0.286393,653.621,123.169
423,7.057050,81,0.823196,684.136,313.594
423,7.057050,83,0.742096,539.962,392.106
424,7.073733,80,0.428530,653.795,127.187
424,7.073733,81,0.829012,684.753,316.113
424,7.073733,83,0.740912,539.357,385.177
424,7.073733,84,0.329619,653.741,125.719
425,7.090417,80,0.351965,654.140,134.214
425,7.090417,81,0.840303,686.135,320.939
425,7.090417,83,0.692414,538.424,374.272
425,7.090417,84,0.613855,654.053,131.725
426,7.107100,80,0.391882,654.398,138.469
426,7.107100,81,0.840413,686.990,323.864
426,7.107100,83,0.703052,537.859,367.927
426,7.107100,84,0.454957,654.184,135.283
427,7.123783,80,0.282953,654.989,145.644
427,7.123783,81,0.803175,688.000,328.565
427,7.123783,83,0.460134,536.706,357.665
427,7.123783,84,0.195004,654.960,143.183
428,7.140467,80,0.222621,655.452,149.929
428,7.140467,81,0.802020,688.576,331.376
428,7.140467,83,0.471436,535.985,351.678
428,7.140467,84,0.260470,655.326,147.821
429,7.157150,80,0.222621,655.848,155.225
429,7.157150,81,0.855847,689.539,336.480
429,7.157150,83,0.624251,535.108,341.835
429,7.157150,84,0.260470,655.669,152.169
430,7.173833,80,0.222621,656.245,160.520
430,7.173833,81,0.858441,690.113,339.538
430,7.173833,83,0.617567,534.630,336.057
430,7.173833,84,0.260470,656.012,156.518
431,7.190517,80,0.255238,656.601,168.606
431,7.190517,81,0.818626,691.212,344.659
431,7.190517,83,0.701159,533.695,326.419
431,7.190517,84,0.260470,656.355,160.866
432,7.207200,80,0.234307,656.792,173.525
432,7.207200,81,0.818212,691.874,347.715
432,7.207200,83,0.686515,533.139,320.788
433,7.223883,80,0.291836,657.031,181.873
433,7.223883,81,0.531619,692.791,353.280
433,7.223883,83,0.248812,532.262,311.415
434,7.240567,80,0.235040,657.144,186.908
434,7.240567,81,0.469434,693.299,356.650
434,7.240567,83,0.208391,531.731,305.929
435,7.257250,80,0.235040,657.400,192.969
435,7.257250,81,0.184458,694.248,362.468
435,7.257250,83,0.499668,531.218,296.751
436,7.273933,80,0.235040,657.657,199.030
436,7.273933,81,0.204273,694.805,365.967
436,7.273933,83,0.474008,530.959,291.337
437,7.290617,80,0.501925,658.292,208.614
437,7.290617,81,0.616285,696.044,372.374
437,7.290617,83,0.692848,530.227,282.605
438,7.307300,80,0.464194,658.737,214.461
438,7.307300,81,0.587412,696.806,376.266
438,7.307300,83,0.650033,529.846,277.610
439,7.323983,80,0.453596,659.062,223.720
439,7.323983,81,0.271781,697.821,382.640
439,7.323983,83,0.384852,529.477,268.900
440,7.340667,80,0.454802,659.235,229.247
440,7.340667,81,0.260323,698.411,386.450
440,7.340667,83,0.381377,529.298,263.797
441,7.357350,80,0.403657,660.008,238.908
441,7.357350,81,0.260323,699.220,391.170
441,7.357350,83,0.194566,528.647,255.438
442,7.374033,80,0.420555,660.498,244.670
442,7.374033,81,0.260323,700.030,395.889
442,7.374033,83,0.187269,528.253,250.566
443,7.390717,80,0.394581,660.915,254.830
443,7.390717,81,0.260323,700.839,400.608
443,7.390717,83,0.601159,527.927,242.623
444,7.407400,80,0.397968,661.138,260.925
444,7.407400,83,0.613260,527.767,237.997
445,7.424083,80,0.578406,661.648,270.841
445,7.424083,83,0.217060,527.514,229.943
446,7.440767,80,0.567568,661.958,276.761
446,7.440767,83,0.389566,527.241,225.197
446,7.440767,85,0.244455,702.632,417.536
447,7.457450,80,0.588857,662.209,286.784
447,7.457450,83,0.183360,526.872,217.671
447,7.457450,85,0.225588,703.367,423.828
448,7.474133,80,0.574247,662.403,292.694
448,7.474133,83,0.357942,526.650,213.301
448,7.474133,85,0.219344,703.808,427.535
448,7.474133,86,0.210461,526.859,217.148
449,7.490817,80,0.739386,662.881,303.091
449,7.490817,83,0.411465,526.164,205.917
449,7.490817,85,0.168932,705.366,436.085
449,7.490817,86,0.210461,526.785,216.032
450,7.507500,80,0.751146,663.197,309.296
450,7.507500,83,0.439559,525.879,201.565
450,7.507500,85,0.168961,706.306,441.076
450,7.507500,86,0.210461,526.711,214.915
451,7.524183,80,0.696241,663.637,320.513
451,7.524183,83,0.150709,525.358,194.537
451,7.524183,85,0.168961,707.092,445.735
451,7.524183,86,0.548215,525.826,202.898
452,7.540867,80,0.692126,663.899,327.255
452,7.540867,83,0.547630,525.023,190.421
452,7.540867,85,0.168961,707.878,450.393
452,7.540867,86,0.156032,525.276,195.374
453,7.557550,80,0.726480,664.100,338.635
453,7.557550,83,0.487724,524.555,183.351
453,7.557550,85,0.168961,708.664,455.052
453,7.557550,86,0.156032,524.853,189.557
454,7.574233,80,0.711573,664.162,345.417
454,7.574233,83,0.487724,524.160,177.354
454,7.574233,86,0.465196,524.436,182.622
455,7.590917,80,0.711573,664.402,353.843
455,7.590917,83,0.614993,523.889,171.218
455,7.590917,86,0.465196,524.014,176.460
456,7.607600,80,0.711573,664.642,362.269
456,7.607600,83,0.614993,523.527,165.185
456,7.607600,86,0.597815,523.808,170.675
457,7.624283,80,0.711573,664.882,370.695
457,7.624283,83,0.211810,523.362,159.980
457,7.624283,86,0.597815,523.448,164.621
458,7.640967,80,0.168824,665.250,378.509
458,7.640967,83,0.211810,523.052,154.167
458,7.640967,86,0.309881,523.305,159.748
458,7.640967,87,0.173030,712.464,495.477
459,7.657650,80,0.390428,666.441,389.882
459,7.657650,83,0.211810,522.742,148.353
459,7.657650,86,0.320360,523.109,152.908
459,7.657650,87,0.173030,712.464,495.477
460,7.674333,80,0.401243,667.241,396.661
460,7.674333,83,0.211810,522.432,142.539
460,7.674333,86,0.310635,523.008,149.039
460,7.674333,87,0.175313,713.286,503.171
461,7.691017,80,0.401243,667.833,405.136
461,7.691017,86,0.154987,522.560,142.563
461,7.691017,87,0.198922,714.478,515.046
462,7.707700,80,0.401243,668.425,413.612
462,7.707700,86,0.154987,522.274,136.837
462,7.707700,87,0.215827,715.170,522.363
463,7.724383,80,0.401243,669.018,422.088
463,7.724383,86,0.177408,522.100,131.768
463,7.724383,87,0.215827,715.781,528.530
464,7.741067,86,0.180388,522.012,129.048
464,7.741067,87,0.215827,716.392,534.697
465,7.757750,86,0.260654,521.822,124.359
465,7.757750,87,0.215827,717.003,540.864
466,7.774433,86,0.288199,521.675,121.737
467,7.791117,86,0.232353,521.414,116.856
468,7.807800,86,0.249357,521.236,114.047
468,7.807800,88,0.162859,714.189,561.954
469,7.824483,86,0.361112,520.988,109.280
469,7.824483,88,0.189222,712.649,565.089
470,7.841167,86,0.403736,520.866,106.527
470,7.841167,88,0.213622,711.754,566.957
470,7.841167,89,0.165718,685.008,459.983
471,7.857850,86,0.253240,520.625,102.061
471,7.857850,88,0.265717,710.490,571.013
471,7.857850,89,0.246644,687.717,466.285
472,7.874533,86,0.258689,520.483,99.480
472,7.874533,88,0.267776,709.780,573.392
472,7.874533,89,0.246961,689.310,470.005
473,7.891217,86,0.458620,520.359,95.101
473,7.891217,88,0.267776,708.993,575.635
473,7.891217,89,0.246961,690.365,472.467
474,7.907900,86,0.505192,520.301,92.550
474,7.907900,88,0.267776,708.206,577.879
474,7.907900,89,0.246961,691.420,474.928
475,7.924583,86,0.346034,520.068,88.623
475,7.924583,88,0.267776,707.419,580.123
475,7.924583,89,0.246961,692.476,477.389
476,7.941267,86,0.350095,519.926,86.373
477,7.957950,86,0.223838,519.490,82.710
478,7.974633,86,0.183751,519.179,80.621
479,7.991317,86,0.321308,518.667,77.177
480,8.008000,86,0.221321,518.355,75.195
481,8.024683,86,0.553714,517.807,72.098
482,8.041367,86,0.579427,517.387,70.344
483,8.058050,86,0.456953,516.868,67.482
484,8.074733,86,0.461048,516.562,65.865
485,8.091417,86,0.462968,516.169,63.516
486,8.108100,86,0.432529,515.878,62.205
486,8.108100,90,0.275049,708.795,529.145
487,8.124783,86,0.432529,515.513,60.111
487,8.124783,90,0.275049,708.795,529.145
488,8.141467,86,0.432529,515.147,58.017
488,8.141467,90,0.275049,708.795,529.145
489,8.158150,86,0.209558,514.831,56.486
489,8.158150,90,0.171294,709.890,534.794
490,8.174833,86,0.274910,514.670,55.653
490,8.174833,90,0.163792,710.517,538.140
491,8.191517,86,0.182648,514.393,54.055
491,8.191517,90,0.163792,710.937,540.349
492,8.208200,86,0.183433,514.239,53.170
492,8.208200,90,0.163792,711.358,542.559
493,8.224883,86,0.172954,513.964,51.847
494,8.241567,86,0.161040,513.812,51.130
494,8.241567,91,0.304120,514.062,52.120
494,8.241567,92,0.222554,679.479,640.231
495,8.258250,86,0.308824,513.544,50.138
495,8.258250,91,0.304120,514.063,52.120
495,8.258250,92,0.222554,679.481,640.235
496,8.274933,86,0.162018,513.336,49.580
496,8.274933,91,0.279859,513.755,51.212
496,8.274933,92,0.222554,679.484,640.239
497,8.291617,86,0.256639,513.041,48.886
497,8.291617,91,0.279859,513.668,50.956
498,8.308300,86,0.241777,512.798,48.538
498,8.308300,91,0.279859,513.582,50.700
499,8.324983,86,0.251680,512.478,48.222
500,8.341667,86,0.216695,512.381,48.142
501,8.358350,86,0.339161,512.073,48.150
502,8.375033,86,0.355438,511.915,48.230
502,8.375033,93,0.165441,718.598,552.021
503,8.391717,86,0.343555,511.628,48.592
503,8.391717,93,0.165441,718.598,552.020
504,8.408400,86,0.317426,511.430,48.925
504,8.408400,93,0.165441,718.598,552.020
505,8.425083,86,0.294156,511.054,49.524
505,8.425083,93,0.167608,720.134,550.834
506,8.441767,86,0.345099,510.798,49.936
506,8.441767,93,0.154686,721.014,550.228
507,8.458450,86,0.364016,510.206,50.825
507,8.458450,93,0.162805,722.384,548.516
508,8.475133,86,0.369888,509.789,51.418
508,8.475133,93,0.165604,723.164,547.495
509,8.491817,86,0.369888,509.421,51.879
509,8.491817,93,0.254106,724.287,545.878
510,8.508500,86,0.369888,509.052,52.339
510,8.508500,93,0.250380,724.902,544.952
511,8.525183,86,0.369888,508.683,52.800
511,8.525183,93,0.250380,725.735,543.890
512,8.541867,93,0.250380,726.568,542.827
513,8.558550,93,0.274481,726.711,540.042
514,8.575233,93,0.273562,726.702,538.299
514,8.575233,94,0.262878,507.569,59.140
515,8.591917,93,0.167910,726.828,535.955
515,8.591917,94,0.156876,507.385,61.072
516,8.608600,93,0.178707,726.848,534.559
516,8.608600,94,0.156876,507.324,61.617
517,8.625283,93,0.314829,726.939,532.922
517,8.625283,94,0.545106,506.923,64.458
518,8.641967,93,0.321272,726.956,532.010
518,8.641967,94,0.563322,506.606,66.178
519,8.658650,93,0.293260,726.814,529.841
519,8.658650,94,0.356390,506.067,69.386
520,8.675333,93,0.286059,726.682,528.529
520,8.675333,94,0.324787,505.810,71.174
521,8.692017,93,0.283816,726.379,523.740
521,8.692017,94,0.270150,505.239,74.483
522,8.708700,93,0.256894,726.157,520.567
522,8.708700,94,0.201802,504.899,76.422
523,8.725383,93,0.256894,726.057,517.947
523,8.725383,94,0.201802,504.532,78.640
524,8.742067,93,0.256894,725.957,515.328
524,8.742067,94,0.201802,504.164,80.857
525,8.758750,93,0.256894,725.857,512.708
525,8.758750,94,0.201802,503.797,83.075
526,8.775433,95,0.156847,623.940,571.420
527,8.792117,95,0.156847,623.939,571.420
528,8.808800,95,0.156847,623.938,571.421
532,8.875533,97,0.441670,501.700,109.511
532,8.875533,98,0.239319,717.817,486.059
532,8.875533,96,0.152349,619.173,518.383
533,8.892217,97,0.462480,501.412,113.952
533,8.892217,98,0.172441,716.764,480.889
533,8.892217,96,0.169692,618.640,508.075
534,8.908900,97,0.491753,501.239,116.586
534,8.908900,98,0.185265,716.178,477.791
534,8.908900,96,0.168194,618.331,501.990
535,8.925583,97,0.491753,501.125,118.323
535,8.925583,98,0.185265,715.779,475.761
535,8.925583,96,0.168194,618.124,497.966
536,8.942267,97,0.491753,501.012,120.061
536,8.942267,98,0.185265,715.380,473.732
536,8.942267,96,0.168194,617.917,493.941
537,8.958950,97,0.173586,500.492,129.169
537,8.958950,98,0.185265,714.981,471.702
537,8.958950,96,0.168194,617.710,489.917
538,8.975633,97,0.198781,500.161,134.658
539,8.992317,97,0.262932,499.512,142.619
540,9.009000,97,0.522535,499.120,147.235
541,9.025683,97,0.744795,498.631,154.207
542,9.042367,97,0.744401,498.361,158.213
543,9.059050,97,0.307189,498.091,165.229
544,9.075733,97,0.153627,497.947,169.348
544,9.075733,100,0.428524,615.336,409.460
544,9.075733,99,0.273624,697.752,428.722
545,9.092417,97,0.630023,497.572,176.459
545,9.092417,100,0.409264,614.795,400.372
545,9.092417,99,0.273624,697.751,428.720
546,9.109100,97,0.636698,497.446,180.635
546,9.109100,100,0.401445,614.481,395.047
546,9.109100,99,0.273624,697.751,428.719
547,9.125783,97,0.785720,497.321,188.159
547,9.125783,100,0.733201,613.988,383.023
547,9.125783,99,0.220263,693.811,418.960
548,9.142467,97,0.783662,497.254,192.652
548,9.142467,100,0.744361,613.702,375.949
548,9.142467,99,0.218681,691.490,413.214
549,9.159150,97,0.903677,496.804,200.462
549,9.159150,100,0.869020,613.348,364.756
549,9.159150,99,0.622584,687.749,406.548
550,9.175833,97,0.895642,496.483,205.099
550,9.175833,100,0.873407,613.162,358.345
550,9.175833,99,0.653208,685.658,402.906
551,9.192517,97,0.603743,496.073,213.268
551,9.192517,100,0.662101,612.502,347.817
551,9.192517,99,0.168229,682.707,398.106
552,9.209200,97,0.564397,495.847,218.156
552,9.209200,100,0.650026,612.095,341.684
552,9.209200,99,0.157475,681.076,395.547
553,9.225883,97,0.581148,495.391,226.699
553,9.225883,100,0.754097,611.394,331.306
553,9.225883,99,0.262324,678.600,391.266
554,9.242567,97,0.609461,495.093,231.834
554,9.242567,100,0.753539,610.953,325.182
554,9.242567,99,0.248354,677.208,388.869
555,9.259250,97,0.810865,494.547,240.690
555,9.259250,100,0.833186,610.309,315.196
555,9.259250,99,0.376444,674.704,384.871
556,9.275933,97,0.805203,494.217,245.996
556,9.275933,100,0.831140,609.922,309.348
556,9.275933,99,0.367096,673.257,382.602
557,9.292617,97,0.242719,493.762,255.089
557,9.292617,100,0.629696,609.390,299.299
557,9.292617,99,0.166982,670.979,378.942
558,9.309300,97,0.381231,493.521,260.561
558,9.309300,100,0.596229,609.090,293.389
558,9.309300,99,0.166982,668.923,375.517
559,9.325983,97,0.198924,493.041,270.078
559,9.325983,100,0.780393,608.832,283.646
559,9.325983,99,0.207304,666.770,372.551
560,9.342667,97,0.207661,492.760,275.776
560,9.342667,100,0.777883,608.729,277.925
560,9.342667,99,0.212403,665.559,370.966
561,9.359350,97,0.603922,492.586,285.589
561,9.359350,100,0.679670,608.318,268.213
561,9.359350,99,0.293156,663.489,368.253
562,9.376033,97,0.578114,492.516,291.456
562,9.376033,100,0.675062,608.078,262.474
562,9.376033,99,0.291363,662.271,366.775
563,9.392717,97,0.274539,492.308,301.399
563,9.392717,100,0.370735,607.748,253.498
563,9.392717,99,0.167305,659.999,364.206
564,9.409400,97,0.323567,492.196,307.285
564,9.409400,100,0.386432,607.557,248.279
564,9.409400,99,0.172458,658.653,362.766
565,9.426083,97,0.448547,491.884,317.867
565,9.426083,100,0.547866,607.048,239.228
565,9.426083,99,0.226058,656.294,360.742
566,9.442767,97,0.228782,491.578,324.271
566,9.442767,100,0.554911,606.709,233.886
566,9.442767,99,0.260888,654.874,359.639
566,9.442767,101,0.445133,491.637,321.840
567,9.459450,97,0.445242,491.189,335.159
567,9.459450,100,0.631962,606.127,225.667
567,9.459450,99,0.391103,652.399,357.591
567,9.459450,101,0.445133,491.649,321.828
568,9.476133,97,0.479241,490.959,341.674
568,9.476133,100,0.629713,605.771,220.927
568,9.476133,99,0.420223,650.924,356.417
568,9.476133,101,0.445133,491.661,321.815
569,9.492817,97,0.302219,490.636,352.888
569,9.492817,100,0.310073,605.139,212.584
569,9.492817,99,0.557194,648.657,354.403
570,9.509500,97,0.212636,490.443,359.585
570,9.509500,100,0.298913,604.748,207.716
570,9.509500,99,0.524137,647.332,353.246
571,9.526183,97,0.166566,490.243,371.209
571,9.526183,100,0.288813,604.282,200.182
571,9.526183,99,0.605404,644.653,351.671
572,9.542867,97,0.174872,490.140,378.160
572,9.542867,100,0.272617,604.020,195.872
572,9.542867,99,0.584998,643.032,350.808
573,9.559550,97,0.174872,489.932,386.752
573,9.559550,100,0.272617,603.623,189.742
573,9.559550,99,0.189259,640.435,349.606
574,9.576233,97,0.174872,489.725,395.343
574,9.576233,100,0.272617,603.226,183.612
574,9.576233,99,0.206109,638.881,348.960
575,9.592917,97,0.174872,489.517,403.935
575,9.592917,100,0.333907,602.724,175.655
575,9.592917,99,0.505937,637.457,347.511
576,9.609600,100,0.326409,602.433,170.896
576,9.609600,99,0.512206,636.739,346.666
577,9.626283,100,0.370747,601.817,163.758
577,9.626283,99,0.779341,633.774,345.605
578,9.642967,100,0.396620,601.462,159.655
578,9.642967,99,0.757041,631.933,345.019
578,9.642967,102,0.157350,489.426,432.745
579,9.659650,100,0.645382,600.947,152.400
579,9.659650,99,0.582959,630.196,344.797
579,9.659650,102,0.157350,489.426,432.747
580,9.676333,100,0.591304,600.662,148.124
580,9.676333,99,0.590038,629.253,344.783
580,9.676333,102,0.157350,489.427,432.748
581,9.693017,100,0.349253,600.225,141.196
581,9.693017,99,0.210689,628.678,344.730
582,9.709700,100,0.371632,599.916,137.162
582,9.709700,99,0.223070,628.506,344.775
583,9.726383,100,0.337199,599.295,130.993
583,9.726383,99,0.223070,627.481,344.467
584,9.743067,100,0.341973,598.920,127.462
584,9.743067,99,0.223070,626.455,344.159
585,9.759750,100,0.251853,598.476,121.261
585,9.759750,99,0.223070,625.430,343.851
586,9.776433,100,0.299098,598.213,117.513
587,9.793117,100,0.426239,597.466,111.696
588,9.809800,100,0.393124,596.972,108.330
589,9.826483,100,0.239872,596.222,102.808
590,9.843167,100,0.208891,595.770,99.596
590,9.843167,103,0.251384,627.014,343.859
591,9.859850,100,0.333369,595.238,94.377
591,9.859850,103,0.277792,626.679,343.390
592,9.876533,100,0.314384,594.942,91.371
592,9.876533,103,0.258083,626.485,343.116
592,9.876533,104,0.384865,485.675,517.426
593,9.893217,100,0.573641,594.409,86.348
593,9.893217,103,0.480729,626.178,342.546
593,9.893217,104,0.400922,483.609,519.556
594,9.909900,100,0.571230,594.104,83.392
594,9.909900,103,0.498402,625.999,342.215
594,9.909900,104,0.420349,482.399,520.820
595,9.926583,100,0.215638,593.653,78.589
595,9.926583,103,0.151739,625.750,341.590
595,9.926583,104,0.420349,481.596,521.654
596,9.943267,100,0.212362,593.443,75.808
596,9.943267,103,0.153854,625.612,341.227
596,9.943267,104,0.420349,480.792,522.487
597,9.959950,100,0.605116,592.971,71.227
597,9.959950,103,0.283349,625.512,340.618
597,9.959950,104,0.179559,477.273,526.775
598,9.976633,100,0.585255,592.695,68.576
598,9.976633,103,0.256047,625.473,340.256
598,9.976633,104,0.170193,475.150,529.331
599,9.993317,100,0.441550,592.196,64.405
599,9.993317,103,0.256047,625.342,339.828
599,9.993317,104,0.170193,473.306,531.501
600,10.010000,100,0.526447,591.885,61.909
600,10.010000,103,0.170795,625.251,339.625
600,10.010000,104,0.170193,471.462,533.672
601,10.026683,100,0.213373,591.151,58.398
601,10.026683,103,0.170795,625.130,339.256
601,10.026683,104,0.170193,469.618,535.842
602,10.043367,100,0.228731,590.698,56.401
602,10.043367,103,0.170795,625.010,338.887
603,10.060050,100,0.327895,589.899,52.683
603,10.060050,103,0.170795,624.890,338.518
604,10.076733,100,0.318593,589.390,50.517
604,10.076733,103,0.160737,624.336,338.553
605,10.093417,100,0.319754,588.786,47.202
605,10.093417,103,0.291651,623.534,338.329
606,10.110100,100,0.311831,588.444,45.308
606,10.110100,103,0.293749,623.010,338.258
607,10.126783,100,0.472129,587.909,42.457
607,10.126783,103,0.172283,622.511,336.614
608,10.143467,100,0.466723,587.610,40.854
608,10.143467,103,0.165883,622.222,335.497
609,10.160150,100,0.314114,587.145,38.114
609,10.160150,103,0.165883,621.820,334.770
610,10.176833,100,0.336234,586.896,36.550
610,10.176833,103,0.165883,621.418,334.043
611,10.193517,100,0.481627,586.486,34.231
611,10.193517,103,0.165883,621.017,333.316
612,10.210200,100,0.486244,586.260,32.946
613,10.226883,100,0.721691,585.796,31.033
614,10.243567,100,0.720208,585.519,29.988
615,10.260250,100,0.657793,584.849,28.408
616,10.276933,100,0.668542,584.428,27.552
617,10.293617,100,0.726985,583.720,26.492
618,10.310300,100,0.729501,583.287,25.962
619,10.326983,100,0.789493,582.585,25.324
620,10.343667,100,0.793663,582.166,25.049
620,10.343667,105,0.260621,625.718,323.096
621,10.360350,100,0.792416,581.450,24.693
621,10.360350,105,0.207458,625.135,322.182
622,10.377033,100,0.789532,581.027,24.484
622,10.377033,105,0.193184,624.794,321.629
622,10.377033,106,0.310109,436.984,540.014
623,10.393717,100,0.769885,580.502,24.379
623,10.393717,105,0.193184,624.567,321.264
623,10.393717,106,0.350913,435.908,537.837
624,10.410400,100,0.778187,580.292,24.374
624,10.410400,105,0.193184,624.340,320.900
624,10.410400,106,0.365988,435.254,536.478
625,10.427083,100,0.739394,579.763,24.451
625,10.427083,105,0.193184,624.112,320.536
625,10.427083,106,0.262448,433.884,532.780
626,10.443767,100,0.737086,579.450,24.545
626,10.443767,106,0.258600,433.097,530.599
627,10.460450,100,0.662911,578.858,24.621
627,10.460450,106,0.258600,432.288,528.620
628,10.477133,100,0.658923,578.514,24.701
628,10.477133,106,0.258600,431.479,526.641
629,10.493817,100,0.599085,577.912,25.093
629,10.493817,106,0.258600,430.670,524.662
630,10.510500,100,0.604265,577.564,25.386
630,10.510500,107,0.283229,621.044,313.392
631,10.527183,100,0.741215,577.027,25.920
631,10.527183,107,0.822821,619.270,313.041
632,10.543867,100,0.748716,576.714,26.278
632,10.543867,107,0.825130,618.245,312.838
632,10.543867,108,0.687838,427.247,509.047
633,10.560550,100,0.714384,576.060,27.087
633,10.560550,107,0.649898,617.562,312.546
633,10.560550,108,0.635900,426.321,503.243
634,10.577233,100,0.706714,575.663,27.617
634,10.577233,107,0.707682,617.210,312.386
634,10.577233,108,0.621673,425.767,499.835
635,10.593917,100,0.706475,575.035,28.774
635,10.593917,107,0.766659,616.521,312.286
635,10.593917,108,0.732157,424.546,492.303
636,10.610600,100,0.675999,574.634,29.522
636,10.610600,107,0.762839,616.145,312.252
636,10.610600,108,0.724995,423.837,487.922
637,10.627283,100,0.677928,574.055,31.042
637,10.627283,107,0.831482,615.667,312.599
637,10.627283,108,0.294353,422.155,479.299
638,10.643967,100,0.686049,573.711,32.007
638,10.643967,107,0.835171,615.417,312.856
638,10.643967,108,0.452109,421.190,474.089
638,10.643967,109,0.274534,421.168,474.600
639,10.660650,100,0.165314,573.164,34.188
639,10.660650,107,0.810882,615.190,313.492
639,10.660650,108,0.679586,419.656,465.016
639,10.660650,109,0.274534,421.171,474.623
640,10.677333,100,0.153627,572.849,35.595
640,10.677333,107,0.810609,615.101,313.916
640,10.677333,108,0.679830,418.728,459.584
640,10.677333,109,0.274534,421.175,474.647
641,10.694017,100,0.706113,572.079,38.093
641,10.694017,107,0.773518,614.815,315.012
641,10.694017,108,0.671041,418.110,449.907
642,10.710700,100,0.734703,571.605,39.655
642,10.710700,107,0.770565,614.657,315.741
642,10.710700,108,0.668142,417.851,444.044
643,10.727383,100,0.761212,571.125,42.670
643,10.727383,107,0.785122,614.487,317.298
643,10.727383,108,0.734863,417.509,433.679
644,10.744067,100,0.722222,570.862,44.564
644,10.744067,107,0.775779,614.416,318.309
644,10.744067,108,0.718715,417.389,427.399
645,10.760750,100,0.895932,570.441,47.938
645,10.760750,107,0.799672,614.192,320.138
645,10.760750,108,0.743188,417.343,417.108
646,10.777433,100,0.898056,570.206,50.014
646,10.777433,107,0.801503,614.060,321.298
646,10.777433,108,0.747808,417.388,410.957
647,10.794117,100,0.876487,569.649,53.854
647,10.794117,107,0.781593,613.839,323.084
647,10.794117,108,0.747603,417.474,400.527
648,10.810800,100,0.856470,569.271,56.221
648,10.810800,107,0.781454,613.709,324.172
648,10.810800,108,0.744463,417.567,394.290
649,10.827483,100,0.819718,568.574,60.238
649,10.827483,107,0.747706,613.454,326.338
649,10.827483,108,0.801917,417.703,383.956
650,10.844167,100,0.818748,568.176,62.685
650,10.844167,107,0.758240,613.297,327.679
650,10.844167,108,0.814964,417.814,377.869
651,10.860850,100,0.860765,567.437,67.041
651,10.860850,107,0.799264,612.970,330.306
651,10.860850,108,0.836045,417.791,368.046
652,10.877533,100,0.851224,566.966,69.699
652,10.877533,107,0.787630,612.890,331.883
652,10.877533,108,0.836254,417.774,362.293
652,10.877533,110,0.159967,57.917,674.794
653,10.894217,100,0.689943,566.490,74.582
653,10.894217,107,0.483692,612.751,334.736
653,10.894217,108,0.630456,418.062,353.459
653,10.894217,110,0.159967,57.917,674.784
654,10.910900,100,0.666736,566.239,77.555
654,10.910900,107,0.495997,612.680,336.484
654,10.910900,108,0.638081,418.266,348.362
654,10.910900,110,0.159967,57.916,674.775
655,10.927583,100,0.806572,565.807,82.413
655,10.927583,107,0.663117,612.331,339.486
655,10.927583,108,0.798847,418.508,339.914
656,10.944267,100,0.800393,565.562,85.290
656,10.944267,107,0.670420,612.113,341.312
656,10.944267,108,0.801738,418.662,335.026
657,10.960950,100,0.873194,564.947,90.763
657,10.960950,107,0.881748,611.725,344.629
657,10.960950,108,0.277508,418.684,326.298
658,10.977633,100,0.868320,564.600,94.087
658,10.977633,107,0.886836,611.448,346.666
658,10.977633,108,0.647816,418.683,321.145
658,10.977633,112,0.306636,418.530,323.918
658,10.977633,111,0.151273,57.884,674.715
659,10.994317,100,0.865048,564.050,100.090
659,10.994317,107,0.718378,611.117,350.495
659,10.994317,108,0.796799,418.567,312.345
659,10.994317,112,0.306636,418.530,323.921
659,10.994317,111,0.151273,57.884,674.715
660,11.011000,100,0.866426,563.736,103.740
660,11.011000,107,0.720685,610.924,352.847
660,11.011000,108,0.800009,418.459,307.150
660,11.011000,112,0.306636,418.530,323.924
660,11.011000,111,0.151273,57.883,674.715
661,11.027683,100,0.894111,563.181,109.794
661,11.027683,107,0.831385,610.758,356.891
661,11.027683,108,0.832324,418.446,298.844
662,11.044367,100,0.893580,562.861,113.438
662,11.044367,107,0.836657,610.678,359.348
662,11.044367,108,0.837630,418.437,294.025
663,11.061050,100,0.824833,562.255,120.200
663,11.061050,107,0.671490,610.385,363.579
663,11.061050,108,0.851949,418.523,285.789
664,11.077733,100,0.827339,561.893,124.312
664,11.077733,107,0.669559,610.206,366.132
664,11.077733,108,0.853063,418.583,280.965
665,11.094417,100,0.876911,561.426,131.099
665,11.094417,107,0.759336,609.825,370.494
665,11.094417,108,0.535494,418.622,273.328
666,11.111100,100,0.876199,561.167,135.160
666,11.111100,107,0.772930,609.592,373.117
666,11.111100,108,0.497780,418.646,268.913
667,11.127783,100,0.830575,560.594,142.453
667,11.127783,107,0.720025,609.367,378.026
667,11.127783,108,0.828159,418.710,261.455
668,11.144467,100,0.817737,560.202,146.843
668,11.144467,107,0.726146,609.247,381.005
668,11.144467,108,0.821793,418.739,257.107
669,11.161150,100,0.323886,559.571,154.623
669,11.161150,107,0.175183,609.120,386.007
669,11.161150,108,0.728141,418.663,249.812
670,11.177833,100,0.310878,559.207,159.321
670,11.177833,107,0.168681,609.059,389.014
670,11.177833,108,0.729685,418.605,245.556
671,11.194517,100,0.310878,558.756,164.934
671,11.194517,107,0.168681,608.905,392.659
671,11.194517,108,0.389364,418.650,238.564
672,11.211200,100,0.310878,558.304,170.547
672,11.211200,107,0.168681,608.751,396.305
672,11.211200,108,0.274355,418.739,234.439
672,11.211200,113,0.370876,418.748,236.968
673,11.227883,100,0.317800,557.866,179.848
673,11.227883,107,0.168681,608.597,399.950
673,11.227883,108,0.443305,418.816,227.840
673,11.227883,113,0.370876,418.739,236.977
674,11.244567,100,0.327447,557.631,185.555
674,11.244567,108,0.344942,418.856,224.022
674,11.244567,113,0.370876,418.730,236.986
675,11.261250,100,0.327447,557.239,191.912
675,11.261250,108,0.458520,419.044,217.669
676,11.277933,100,0.152376,557.047,198.093
676,11.277933,108,0.620096,419.166,213.993
677,11.294617,100,0.152376,556.709,204.404
677,11.294617,108,0.377275,419.222,207.838
678,11.311300,100,0.152376,556.370,210.714
678,11.311300,108,0.384318,419.246,204.259
678,11.311300,114,0.205735,607.666,424.774
679,11.327983,100,0.152376,556.032,217.025
679,11.327983,108,0.384318,419.312,199.371
679,11.327983,114,0.224154,607.686,430.306
680,11.344667,108,0.156676,419.415,195.700
680,11.344667,114,0.260439,607.700,433.523
681,11.361350,108,0.156676,419.491,191.135
681,11.361350,114,0.324811,607.343,441.702
682,11.378033,108,0.156676,419.567,186.570
682,11.378033,114,0.316070,607.117,446.540
683,11.394717,108,0.238175,419.776,181.346
683,11.394717,114,0.409438,606.930,454.242
684,11.411400,108,0.232750,419.919,178.342
684,11.411400,114,0.422674,606.827,458.649
684,11.411400,115,0.192437,553.906,260.285
685,11.428083,108,0.677618,420.182,173.786
685,11.428083,114,0.420540,606.490,466.499
685,11.428083,115,0.524242,553.200,269.578
686,11.444767,108,0.676829,420.350,171.218
686,11.444767,114,0.414833,606.280,471.144
686,11.444767,115,0.505793,552.784,275.037
686,11.444767,116,0.153615,57.863,674.745
687,11.461450,108,0.649967,420.427,167.111
687,11.461450,114,0.414833,606.081,476.653
687,11.461450,115,0.594575,552.287,287.300
687,11.461450,116,0.153615,57.862,674.742
688,11.478133,108,0.664873,420.466,164.785
688,11.478133,114,0.414833,605.881,482.162
688,11.478133,115,0.587496,551.999,294.492
688,11.478133,116,0.153615,57.862,674.739
689,11.494817,108,0.807000,420.607,160.702
689,11.494817,114,0.414833,605.682,487.671
689,11.494817,115,0.595145,551.250,307.236
689,11.494817,116,0.155787,57.907,674.738
690,11.511500,108,0.814588,420.676,158.339
690,11.511500,115,0.600080,550.817,314.606
690,11.511500,116,0.157048,57.927,674.740
691,11.528183,108,0.801178,420.775,154.520
691,11.528183,115,0.266625,549.854,326.431
691,11.528183,116,0.179824,57.944,674.744
692,11.544867,108,0.797759,420.823,152.332
692,11.544867,115,0.349594,549.262,333.354
692,11.544867,116,0.187895,57.948,674.752
692,11.544867,117,0.201205,604.720,506.017
693,11.561550,108,0.777748,420.970,148.683
693,11.561550,115,0.655927,548.710,345.418
693,11.561550,116,0.176999,57.946,674.795
693,11.561550,117,0.289079,604.381,513.277
694,11.578233,108,0.765679,421.062,146.574
694,11.578233,115,0.624640,548.415,352.600
694,11.578233,116,0.179396,57.946,674.826
694,11.578233,117,0.272459,604.182,517.551
695,11.594917,108,0.796317,421.246,143.430
695,11.594917,115,0.793545,548.091,365.579
695,11.594917,116,0.174846,57.951,674.894
695,11.594917,117,0.420680,603.869,527.199
696,11.611600,108,0.801698,421.379,141.647
696,11.611600,115,0.796480,547.936,373.397
696,11.611600,116,0.176062,57.952,674.948
696,11.611600,117,0.432491,603.694,532.868
696,11.611600,118,0.156833,129.726,662.307
697,11.628283,108,0.776579,421.606,138.744
697,11.628283,115,0.694529,548.223,383.622
697,11.628283,116,0.175842,57.952,674.969
697,11.628283,117,0.197561,603.496,542.635
697,11.628283,118,0.152806,129.726,662.305
698,11.644967,108,0.769477,421.740,137.104
698,11.644967,115,0.696075,548.472,389.435
698,11.644967,116,0.173156,57.951,674.977
698,11.644967,117,0.195571,603.395,548.264
698,11.644967,118,0.152806,129.726,662.305
699,11.661650,108,0.494824,421.749,134.535
699,11.661650,115,0.464850,549.413,397.296
699,11.661650,116,0.155819,57.942,674.982
699,11.661650,117,0.370250,602.711,557.799
699,11.661650,118,0.152806,129.726,662.305
700,11.678333,108,0.503118,421.738,133.073
700,11.678333,115,0.466678,550.091,401.553
700,11.678333,116,0.151921,57.929,674.952
700,11.678333,117,0.363882,602.270,563.415
700,11.678333,118,0.152806,129.726,662.305
701,11.695017,108,0.622138,422.062,130.524
701,11.695017,115,0.449486,551.688,408.447
701,11.695017,116,0.151921,57.925,674.959
701,11.695017,117,0.580543,602.182,571.858
702,11.711700,108,0.639743,422.228,129.064
702,11.711700,115,0.439000,552.759,412.220
702,11.711700,116,0.151921,57.921,674.967
702,11.711700,117,0.576123,602.172,576.770
703,11.728383,108,0.296445,422.254,127.162
703,11.728383,115,0.164879,553.991,419.316
703,11.728383,116,0.151921,57.917,674.974
703,11.728383,117,0.576123,601.968,583.371
704,11.745067,108,0.320270,422.239,126.094
704,11.745067,115,0.185283,554.742,423.382
704,11.745067,117,0.576123,601.764,589.971
705,11.761750,108,0.239984,422.230,124.513
705,11.761750,115,0.185283,555.597,429.237
705,11.761750,117,0.576123,601.560,596.571
706,11.778433,108,0.300506,422.327,123.662
706,11.778433,115,0.185283,556.451,435.093
707,11.795117,108,0.320400,422.536,122.503
707,11.795117,115,0.299814,557.819,443.187
708,11.811800,108,0.351656,422.696,121.904
708,11.811800,115,0.316666,558.662,448.013
708,11.811800,119,0.322415,596.257,581.761
709,11.828483,108,0.396522,422.928,121.019
709,11.828483,115,0.391927,560.365,455.897
709,11.828483,119,0.311808,594.653,582.894
710,11.845167,108,0.354026,423.152,120.575
710,11.845167,115,0.368874,561.281,460.501
710,11.845167,119,0.301079,593.709,583.563
711,11.861850,108,0.328665,423.405,119.697
711,11.861850,115,0.705503,563.241,468.234
711,11.861850,119,0.288503,591.522,586.326
712,11.878533,108,0.289226,423.661,119.209
712,11.878533,115,0.714827,564.459,472.797
712,11.878533,119,0.297069,590.237,587.998
713,11.895217,108,0.193526,423.877,118.998
713,11.895217,115,0.601980,567.474,480.333
713,11.895217,119,0.156197,588.209,591.413
714,11.911900,108,0.193526,424.087,118.351
714,11.911900,115,0.604517,569.405,484.756
714,11.911900,119,0.160611,587.050,593.435
715,11.928583,108,0.237987,424.164,118.585
715,11.928583,115,0.532245,572.132,491.493
715,11.928583,119,0.250319,585.567,596.684
716,11.945267,108,0.211747,424.326,118.840
716,11.945267,115,0.512410,573.784,495.371
716,11.945267,119,0.251287,584.738,598.616
717,11.961950,108,0.211747,424.497,118.605
717,11.961950,115,0.512410,575.724,500.876
717,11.961950,119,0.251287,583.495,600.827
718,11.978633,108,0.211747,424.669,118.369
718,11.978633,115,0.512410,577.664,506.381
718,11.978633,119,0.251287,582.253,603.038
719,11.995317,108,0.202944,424.978,119.716
719,11.995317,115,0.174771,580.361,512.653
719,11.995317,119,0.251287,581.010,605.249
720,12.012000,108,0.214572,425.183,120.710
720,12.012000,115,0.198289,581.803,516.968
720,12.012000,120,0.175950,581.210,514.077
721,12.028683,108,0.326907,425.332,122.000
721,12.028683,115,0.198289,583.759,522.307
721,12.028683,120,0.175950,581.235,513.973
722,12.045367,108,0.349527,425.434,122.839
722,12.045367,115,0.158485,585.602,526.627
722,12.045367,120,0.175950,581.260,513.870
723,12.062050,108,0.192368,425.719,124.156
723,12.062050,115,0.158485,587.528,531.696
724,12.078733,108,0.211272,425.930,124.976
724,12.078733,115,0.158485,589.454,536.764
725,12.095417,108,0.399696,426.150,126.559
725,12.095417,115,0.374946,591.698,543.651
726,12.112100,108,0.403108,426.271,127.543
726,12.112100,115,0.376640,592.980,547.738
727,12.128783,108,0.409622,426.581,129.490
727,12.128783,115,0.376640,594.797,552.901
728,12.145467,108,0.420077,426.766,130.713
728,12.145467,115,0.376640,596.614,558.063
728,12.145467,121,0.169961,571.585,638.351
729,12.162150,108,0.536463,426.906,133.053
729,12.162150,115,0.187404,599.410,562.141
729,12.162150,121,0.169961,571.585,638.350
730,12.178833,108,0.525935,426.975,134.538
730,12.178833,115,0.184344,601.103,564.252
730,12.178833,121,0.169961,571.585,638.349
730,12.178833,122,0.303054,600.125,557.933
731,12.195517,108,0.602248,427.220,137.223
731,12.195517,115,0.196173,603.375,568.632
731,12.195517,121,0.152540,567.575,644.799
731,12.195517,122,0.303054,600.125,557.929
732,12.212200,108,0.601035,427.364,138.883
732,12.212200,115,0.193520,604.676,571.092
732,12.212200,121,0.155418,565.194,648.601
732,12.212200,122,0.303054,600.124,557.924
733,12.228883,108,0.440245,427.586,141.983
733,12.228883,115,0.709768,606.943,574.060
733,12.228883,121,0.400064,561.768,653.321
734,12.245567,108,0.491368,427.720,143.905
734,12.245567,115,0.711164,608.263,575.596
734,12.245567,121,0.406129,559.833,655.927
735,12.262250,108,0.551525,428.134,147.157
735,12.262250,115,0.422946,610.050,578.309
735,12.262250,121,0.406129,557.718,658.984
736,12.278933,108,0.494056,428.417,149.187
736,12.278933,115,0.425500,611.045,579.803
736,12.278933,121,0.406129,555.602,662.042
737,12.295617,108,0.545761,428.856,152.825
737,12.295617,115,0.493563,612.558,582.881
737,12.295617,121,0.406129,553.487,665.099
738,12.312300,108,0.526499,429.090,155.043
738,12.312300,115,0.498420,613.389,584.688
739,12.328983,108,0.371730,429.691,159.008
739,12.328983,115,0.396743,614.977,585.995
740,12.345667,108,0.382216,430.065,161.396
740,12.345667,115,0.406976,615.893,586.554
740,12.345667,123,0.164739,549.615,662.937
741,12.362350,108,0.179552,430.222,165.831
741,12.362350,115,0.399183,617.540,588.148
741,12.362350,123,0.225315,547.244,662.753
742,12.379033,108,0.185959,430.284,168.542
742,12.379033,115,0.406712,618.512,588.962
742,12.379033,123,0.246004,545.833,662.661
743,12.395717,108,0.214484,430.631,173.256
743,12.395717,115,0.455500,619.757,589.728
743,12.395717,123,0.302475,543.471,661.917
744,12.412400,108,0.192943,430.827,176.108
744,12.412400,115,0.454481,620.444,590.045
744,12.412400,123,0.310154,542.116,661.450
745,12.429083,108,0.366385,431.096,181.082
745,12.429083,115,0.290426,621.534,589.418
745,12.429083,123,0.295326,540.475,658.612
746,12.445767,108,0.385314,431.243,184.075
746,12.445767,115,0.292222,622.137,588.829
746,12.445767,123,0.294056,539.591,656.843
747,12.462450,108,0.508914,431.451,189.380
747,12.462450,115,0.335949,623.229,587.164
747,12.462450,123,0.228325,537.658,653.737
748,12.479133,108,0.500497,431.562,192.584
748,12.479133,115,0.331544,623.852,585.952
748,12.479133,123,0.232338,536.500,651.789
749,12.495817,108,0.493833,431.996,198.184
749,12.495817,115,0.481711,624.983,583.972
749,12.495817,123,0.217086,535.107,647.007
750,12.512500,108,0.297981,432.223,201.496
750,12.512500,115,0.389616,625.625,582.790
750,12.512500,123,0.155463,534.400,643.986
751,12.529183,108,0.415732,432.629,207.633
751,12.529183,115,0.523321,626.527,579.499
751,12.529183,123,0.261761,533.109,638.240
752,12.545867,108,0.440090,432.868,211.373
752,12.545867,115,0.528308,627.033,577.329
752,12.545867,123,0.267592,532.385,634.628
753,12.562550,108,0.440090,433.144,215.735
753,12.562550,115,0.470805,627.701,573.637
753,12.562550,123,0.214784,531.542,627.470
754,12.579233,108,0.161242,433.349,220.082
754,12.579233,115,0.485664,628.055,571.299
754,12.579233,123,0.218658,531.107,622.948
755,12.595917,108,0.175154,433.636,227.471
755,12.595917,115,0.504923,628.462,565.744
755,12.595917,123,0.218658,530.236,618.443
756,12.612600,108,0.201558,433.791,232.029
756,12.612600,115,0.508245,628.653,562.176
756,12.612600,123,0.218658,529.364,613.939
757,12.629283,108,0.201558,434.027,237.031
757,12.629283,115,0.180775,628.615,556.586
757,12.629283,123,0.197992,528.333,602.714
758,12.645967,108,0.156985,434.435,242.039
758,12.645967,115,0.170394,628.519,553.312
758,12.645967,123,0.203328,527.729,595.474
759,12.662650,108,0.353730,435.124,250.073
759,12.662650,115,0.453415,628.292,545.499
759,12.662650,123,0.194264,526.804,584.509
760,12.679333,108,0.386172,435.578,254.958
760,12.679333,115,0.451059,628.098,540.485
760,12.679333,123,0.180333,526.282,577.761
761,12.696017,108,0.386172,435.985,260.521
761,12.696017,115,0.161321,627.497,533.754
761,12.696017,123,0.180333,525.514,570.303
762,12.712700,108,0.386172,436.392,266.083
762,12.712700,115,0.161321,627.357,528.397
762,12.712700,123,0.180333,524.746,562.845
763,12.729383,108,0.581883,436.841,274.529
763,12.729383,115,0.334126,625.695,521.916
763,12.729383,123,0.180333,523.978,555.386
764,12.746067,108,0.557787,437.102,279.646
764,12.746067,115,0.476991,624.614,516.098
764,12.746067,124,0.322290,623.835,519.176
765,12.762750,108,0.612863,437.607,288.167
765,12.762750,115,0.327144,622.938,510.098
765,12.762750,124,0.352654,622.696,513.939
766,12.779433,108,0.187322,437.908,293.313
766,12.779433,115,0.420775,621.860,506.461
766,12.779433,124,0.305528,622.019,511.142
766,12.779433,125,0.521935,525.814,524.721
767,12.796117,108,0.167304,438.360,302.060
767,12.796117,115,0.420775,620.877,501.251
767,12.796117,124,0.305528,621.568,509.342
767,12.796117,125,0.246353,526.138,512.364
768,12.812800,108,0.167304,438.760,308.986
768,12.812800,115,0.420775,619.893,496.041
768,12.812800,124,0.305528,621.118,507.542
768,12.812800,125,0.227538,526.357,505.060
769,12.829483,108,0.152361,439.039,317.586
769,12.829483,115,0.420775,618.910,490.830
769,12.829483,124,0.305528,620.667,505.742
769,12.829483,125,0.227538,526.492,500.234
770,12.846167,108,0.152361,439.407,324.956
770,12.846167,125,0.227538,526.626,495.409
771,12.862850,108,0.152361,439.776,332.327
771,12.862850,125,0.227538,526.761,490.583
772,12.879533,108,0.152361,440.144,339.697
772,12.879533,125,0.243962,527.717,475.023
773,12.896217,108,0.706564,440.881,354.887
773,12.896217,125,0.243962,528.129,466.576
774,12.912900,108,0.706564,441.347,364.332
774,12.912900,126,0.420527,602.994,449.102
775,12.929583,126,0.595813,598.926,438.824
776,12.946267,126,0.708437,593.860,426.772
777,12.962950,126,0.636918,588.087,414.296
778,12.979633,126,0.521975,582.008,403.204
779,12.996317,126,0.708707,576.160,394.223
780,13.013000,126,0.648585,571.054,387.187
781,13.029683,126,0.648585,566.129,378.540
782,13.046367,126,0.648585,561.204,369.893
782,13.046367,127,0.732652,543.034,160.759
783,13.063050,126,0.648585,556.280,361.245
783,13.063050,127,0.732652,543.115,159.120
783,13.063050,128,0.594928,544.775,137.534
784,13.079733,127,0.732652,543.195,157.481
784,13.079733,128,0.594928,544.887,136.047
784,13.079733,129,0.706967,545.957,115.951
785,13.096417,128,0.594928,544.998,134.559
785,13.096417,129,0.441707,546.444,101.963
786,13.113100,129,0.664700,547.362,84.631
787,13.129783,129,0.497122,548.854,66.303
788,13.146467,129,0.628942,550.328,48.568
789,13.163150,129,0.455942,552.219,33.058
790,13.179833,129,0.731532,553.797,21.388
790,13.179833,130,0.480979,397.370,633.774
791,13.196517,129,0.405230,555.300,13.622
791,13.196517,130,0.291624,394.962,628.681
792,13.213200,129,0.531471,556.786,8.750
792,13.213200,130,0.381764,391.694,620.633
793,13.229883,129,0.734522,558.312,6.042
793,13.229883,130,0.412641,387.268,609.872
794,13.246567,129,0.716129,559.974,5.129
794,13.246567,130,0.373371,383.020,596.521
795,13.263250,129,0.811180,561.720,5.732
795,13.263250,130,0.600512,378.356,580.782
796,13.279933,129,0.619476,563.349,7.846
796,13.279933,130,0.688204,373.878,562.342
796,13.279933,131,0.723280,588.718,340.798
797,13.296617,129,0.737586,565.290,10.983
797,13.296617,130,0.596386,370.512,540.282
797,13.296617,131,0.664181,587.974,340.150
798,13.313300,129,0.699562,567.096,15.170
798,13.313300,130,0.596386,366.823,525.088
798,13.313300,131,0.839412,587.269,340.535
799,13.329983,129,0.762787,569.088,20.586
799,13.329983,130,0.596386,363.133,509.894
799,13.329983,131,0.880483,586.580,342.706
800,13.346667,129,0.789690,571.111,28.599
800,13.346667,130,0.596386,359.444,494.700
800,13.346667,131,0.759788,585.835,347.006
801,13.363350,129,0.671414,572.993,40.266
801,13.363350,131,0.679831,584.928,353.497
802,13.380033,129,0.840603,574.950,55.161
802,13.380033,131,0.672728,583.971,361.599
803,13.396717,129,0.788850,577.084,73.219
803,13.396717,131,0.650942,583.127,371.768
804,13.413400,129,0.848044,579.518,94.127
804,13.413400,131,0.626538,582.148,384.118
805,13.430083,129,0.781661,581.710,117.337
805,13.430083,131,0.640652,580.984,398.110
806,13.446767,129,0.781661,583.819,133.339
806,13.446767,131,0.640652,580.065,407.462
807,13.463450,129,0.781661,585.928,149.340
807,13.463450,131,0.640652,579.146,416.813
807,13.463450,132,0.414080,383.633,220.698
808,13.480133,129,0.781661,588.037,165.342
808,13.480133,131,0.640652,578.227,426.165
808,13.480133,132,0.414080,383.873,219.105
808,13.480133,133,0.374250,577.112,456.892
809,13.496817,132,0.414080,384.113,217.511
809,13.496817,133,0.374250,577.066,458.231
810,13.513500,133,0.374250,577.020,459.569
810,13.513500,134,0.797668,393.105,153.493
811,13.530183,134,0.762715,395.594,139.982
812,13.546867,134,0.794074,399.424,123.639
812,13.546867,135,0.478892,573.382,552.440
813,13.563550,134,0.453303,403.821,105.852
813,13.563550,135,0.175554,574.562,561.425
814,13.580233,134,0.749448,408.552,89.479
814,13.580233,135,0.643779,577.970,571.433
815,13.596917,134,0.722953,412.963,75.616
815,13.596917,135,0.266189,583.117,581.872
816,13.613600,134,0.714804,417.401,64.329
816,13.613600,135,0.300978,586.980,592.675
817,13.630283,134,0.339098,421.537,55.746
817,13.630283,135,0.300978,590.002,601.151
818,13.646967,134,0.309230,426.035,49.754
818,13.646967,135,0.354917,585.965,615.738
819,13.663650,134,0.632877,430.193,46.091
819,13.663650,135,0.481037,583.702,627.731
819,13.663650,136,0.371394,656.471,531.364
820,13.680333,134,0.624309,434.204,44.999
820,13.680333,135,0.564025,583.280,637.015
820,13.680333,136,0.255862,660.316,544.387
821,13.697017,134,0.666784,438.294,46.449
821,13.697017,135,0.371592,583.358,644.527
821,13.697017,136,0.301850,664.244,561.687
822,13.713700,134,0.687572,442.579,50.359
822,13.713700,135,0.296280,582.604,650.306
822,13.713700,136,0.530352,668.306,575.322
823,13.730383,134,0.376945,446.603,56.566
823,13.730383,135,0.458168,581.185,653.178
823,13.730383,136,0.486332,671.922,584.152
824,13.747067,134,0.437790,450.690,65.100
824,13.747067,135,0.345656,580.137,651.858
824,13.747067,136,0.405497,675.139,588.173
825,13.763750,134,0.470098,454.542,75.821
825,13.763750,135,0.345656,579.474,656.706
825,13.763750,136,0.324950,677.715,587.305
826,13.780433,134,0.554317,458.768,89.037
826,13.780433,135,0.345656,578.811,661.554
826,13.780433,136,0.324950,680.690,593.115
826,13.780433,137,0.584602,580.216,620.232
827,13.797117,134,0.402351,462.793,104.269
827,13.797117,135,0.345656,578.149,666.402
827,13.797117,136,0.324950,683.665,598.925
827,13.797117,137,0.584602,580.218,619.219
827,13.797117,138,0.292785,679.374,553.895
828,13.813800,134,0.311220,466.776,121.496
828,13.813800,136,0.324950,686.640,604.735
828,13.813800,137,0.584602,580.221,618.206
828,13.813800,138,0.541145,680.150,541.915
829,13.830483,134,0.614540,470.812,140.640
829,13.830483,138,0.541145,680.442,537.695
830,13.847167,134,0.493808,474.839,162.036
830,13.847167,138,0.541145,680.733,533.474
831,13.863850,134,0.703115,478.781,185.965
831,13.863850,138,0.541145,681.025,529.254
832,13.880533,134,0.394870,482.665,211.722
833,13.897217,134,0.601273,486.782,239.817
834,13.913900,134,0.839481,491.077,269.634
835,13.930583,134,0.687098,495.548,301.781
835,13.930583,139,0.188094,656.917,413.766
836,13.947267,134,0.687098,499.739,328.018
836,13.947267,139,0.188094,656.651,412.944
837,13.963950,134,0.687098,503.931,354.256
837,13.963950,139,0.188094,656.385,412.121
838,13.980633,134,0.687098,508.122,380.493
839,13.997317,140,0.442450,643.359,383.469
840,14.014000,140,0.442450,643.162,383.231
841,14.030683,140,0.442450,642.964,382.994
841,14.030683,141,0.155782,588.911,137.225
842,14.047367,141,0.155782,588.931,135.586
843,14.064050,141,0.155782,588.952,133.948
843,14.064050,142,0.528759,589.329,92.271
844,14.080733,142,0.642537,589.418,78.768
845,14.097417,142,0.241589,589.509,61.862
846,14.114100,142,0.241589,589.563,52.804
847,14.130783,142,0.504613,589.789,33.883
848,14.147467,142,0.373158,589.959,20.120
849,14.164150,142,0.776293,590.003,10.770
850,14.180833,142,0.626414,590.328,4.531
851,14.197517,142,0.486054,590.462,0.793
852,14.214200,142,0.204515,590.731,-1.175
853,14.230883,142,0.333519,590.935,-1.417
854,14.247567,142,0.601140,591.146,-0.351
854,14.247567,143,0.338553,459.108,538.442
855,14.264250,142,0.387046,591.716,1.830
855,14.264250,143,0.695074,457.172,527.697
855,14.264250,144,0.213200,661.334,341.032
856,14.280933,142,0.769459,592.195,5.238
856,14.280933,143,0.695074,456.502,524.130
856,14.280933,144,0.567561,661.995,342.837
857,14.297617,142,0.781037,592.424,9.677
857,14.297617,143,0.695074,455.832,520.563
857,14.297617,144,0.670291,662.793,346.886
858,14.314300,142,0.602702,592.683,15.289
858,14.314300,143,0.695074,455.162,516.997
858,14.314300,144,0.651784,663.752,353.019
859,14.330983,142,0.798141,592.866,22.061
859,14.330983,144,0.756109,664.955,361.256
860,14.347667,142,0.709381,593.183,32.045
860,14.347667,144,0.547727,666.079,371.093
861,14.364350,142,0.654548,593.703,46.492
861,14.364350,144,0.547727,666.966,377.335
862,14.381033,142,0.796039,594.578,64.423
862,14.381033,144,0.409178,668.666,393.412
863,14.397717,142,0.776608,595.416,85.616
863,14.397717,144,0.322177,668.692,411.493
864,14.414400,142,0.493349,596.251,109.649
864,14.414400,144,0.555385,669.272,430.795
864,14.414400,145,0.348040,450.839,283.197
865,14.431083,142,0.291385,597.042,136.157
865,14.431083,144,0.733161,669.647,451.382
865,14.431083,145,0.348040,450.828,281.736
866,14.447767,142,0.345260,597.731,165.516
866,14.447767,144,0.733161,670.303,466.729
866,14.447767,145,0.348040,450.817,280.275
866,14.447767,146,0.694150,450.649,243.060
867,14.464450,142,0.345260,598.417,187.152
867,14.464450,144,0.154347,670.313,492.244
867,14.464450,146,0.278608,450.583,230.754
868,14.481133,142,0.345260,599.104,208.789
868,14.481133,144,0.154347,670.798,510.280
868,14.481133,146,0.360405,450.526,215.931
869,14.497817,142,0.345260,599.790,230.425
869,14.497817,144,0.154347,671.283,528.315
869,14.497817,146,0.495617,450.921,200.366
870,14.514500,144,0.154347,671.768,546.351
870,14.514500,146,0.561106,451.371,185.997
871,14.531183,146,0.419834,452.120,173.663
872,14.547867,146,0.438184,452.665,163.905
873,14.564550,146,0.554410,453.566,156.487
874,14.581233,146,0.584466,454.173,151.445
875,14.597917,146,0.597854,455.059,148.852
876,14.614600,146,0.570852,455.937,148.668
877,14.631283,146,0.466578,456.928,150.984
878,14.647967,146,0.293151,457.980,155.564
879,14.664650,146,0.529024,459.120,162.283
879,14.664650,147,0.380845,640.014,687.030
880,14.681333,146,0.444875,460.476,171.314
880,14.681333,147,0.350842,633.926,685.322
881,14.698017,146,0.573332,462.060,182.501
881,14.698017,147,0.204572,627.030,679.066
882,14.714700,146,0.573332,463.247,187.704
882,14.714700,147,0.157930,620.647,667.423
883,14.731383,146,0.573332,464.434,192.907
883,14.731383,147,0.175617,614.418,649.441
884,14.748067,146,0.573332,465.621,198.111
884,14.748067,147,0.175617,609.269,640.080
884,14.748067,148,0.595488,466.673,234.402
884,14.748067,149,0.461196,680.595,560.705
885,14.764750,147,0.175617,604.119,630.720
885,14.764750,148,0.294114,467.527,248.044
885,14.764750,149,0.461196,680.626,559.294
886,14.781433,147,0.175617,598.969,621.360
886,14.781433,148,0.294114,467.832,252.725
886,14.781433,149,0.461196,680.658,557.884
886,14.781433,150,0.162563,676.168,512.142
887,14.798117,148,0.294114,468.137,257.406
887,14.798117,150,0.162563,675.998,510.503
887,14.798117,151,0.213301,470.988,298.300
888,14.814800,148,0.294114,468.443,262.086
888,14.814800,150,0.162563,675.827,508.864
888,14.814800,151,0.213301,471.095,299.867
889,14.831483,151,0.213301,471.201,301.434
891,14.864850,152,0.254245,651.992,412.190
892,14.881533,152,0.682020,648.889,402.090
893,14.898217,152,0.514080,644.731,390.096
894,14.914900,152,0.674625,640.290,377.939
895,14.931583,152,0.371728,636.091,367.510
896,14.948267,152,0.276093,635.073,359.459
897,14.964950,152,0.276093,632.411,350.694
897,14.964950,153,0.605152,557.248,202.343
898,14.981633,152,0.260475,637.334,347.047
898,14.981633,153,0.605152,556.912,200.776
898,14.981633,154,0.398978,463.585,622.589
899,14.998317,152,0.260475,636.744,339.680
899,14.998317,153,0.605152,556.577,199.210
899,14.998317,154,0.209949,455.749,627.286
899,14.998317,155,0.791036,547.374,159.034
900,15.015000,152,0.260475,636.155,332.313
900,15.015000,154,0.236488,446.288,632.277
900,15.015000,155,0.663159,543.532,145.311
901,15.031683,152,0.260475,635.565,324.947
901,15.031683,154,0.497713,436.304,636.736
901,15.031683,155,0.492544,538.730,128.535
902,15.048367,154,0.163832,427.529,639.415
902,15.048367,155,0.226865,533.137,110.931
903,15.065050,154,0.373091,419.992,639.491
903,15.065050,155,0.224043,527.293,94.659
904,15.081733,154,0.246517,413.132,638.042
904,15.081733,155,0.361724,521.777,80.361
905,15.098417,154,0.246517,405.882,639.303
905,15.098417,155,0.605884,516.144,68.360
906,15.115100,154,0.216811,398.582,633.160
906,15.115100,155,0.664585,510.825,58.749
906,15.115100,156,0.220217,614.050,330.631
907,15.131783,154,0.216811,391.318,632.447
907,15.131783,155,0.560254,505.989,51.845
907,15.131783,156,0.220217,612.862,329.829
908,15.148467,154,0.168191,382.908,621.081
908,15.148467,155,0.536443,500.921,47.261
908,15.148467,156,0.215075,610.796,323.840
909,15.165150,154,0.255996,374.030,607.571
909,15.165150,155,0.667400,495.903,45.381
909,15.165150,156,0.410463,606.916,317.785
910,15.181833,154,0.263272,365.361,592.002
910,15.181833,155,0.726662,491.215,46.005
910,15.181833,156,0.295289,605.626,313.991
911,15.198517,154,0.426650,357.102,573.225
911,15.198517,155,0.703120,486.356,49.434
911,15.198517,156,0.778975,603.756,312.028
912,15.215200,154,0.679429,349.920,550.941
912,15.215200,155,0.817316,481.892,54.998
912,15.215200,156,0.878536,601.211,311.900
913,15.231883,154,0.679429,342.025,536.703
913,15.231883,155,0.902499,477.845,63.046
913,15.231883,156,0.840791,598.330,314.211
914,15.248567,154,0.679429,334.131,522.465
914,15.248567,155,0.877105,473.740,73.386
914,15.248567,156,0.871035,595.133,317.979
915,15.265250,154,0.679429,326.236,508.226
915,15.265250,155,0.838469,469.403,86.155
915,15.265250,156,0.825998,591.429,323.738
916,15.281933,155,0.799861,465.514,101.352
916,15.281933,156,0.819381,587.686,331.472
917,15.298617,155,0.689143,461.796,118.724
917,15.298617,156,0.789913,583.732,340.867
918,15.315300,155,0.821803,458.139,138.582
918,15.315300,156,0.693160,579.573,352.261
919,15.331983,155,0.756110,454.349,160.777
919,15.331983,156,0.702197,575.693,365.481
920,15.348667,155,0.664319,451.057,185.345
920,15.348667,156,0.510653,572.138,380.135
921,15.365350,155,0.249726,447.248,211.894
921,15.365350,156,0.510653,568.527,390.165
922,15.382033,155,0.249726,443.463,232.194
922,15.382033,156,0.510653,564.915,400.196
923,15.398717,155,0.249726,439.679,252.494
923,15.398717,156,0.510653,561.304,410.226
924,15.415400,155,0.249726,435.895,272.794
924,15.415400,158,0.598433,561.381,460.552
924,15.415400,157,0.686118,370.254,203.289
925,15.432083,158,0.598433,561.251,461.969
925,15.432083,157,0.539515,372.771,190.163
926,15.448767,158,0.598433,561.121,463.386
926,15.448767,157,0.230288,375.701,173.730
927,15.465450,157,0.675187,379.089,156.122
927,15.465450,159,0.252134,428.523,395.712
928,15.482133,157,0.563252,383.006,140.061
928,15.482133,159,0.731304,434.248,407.056
929,15.498817,157,0.450218,386.975,125.520
929,15.498817,159,0.373582,444.377,420.558
929,15.498817,160,0.167836,558.552,553.309
930,15.515500,157,0.839711,391.570,113.589
930,15.515500,159,0.363219,459.280,435.670
930,15.515500,160,0.307514,557.766,555.301
931,15.532183,157,0.449658,395.952,104.017
931,15.532183,159,0.266134,478.201,451.236
931,15.532183,160,0.307514,557.598,556.116
932,15.548867,157,0.521211,400.545,97.295
932,15.548867,159,0.310747,500.395,465.785
932,15.548867,160,0.187011,551.592,560.919
933,15.565550,157,0.154282,405.299,92.948
933,15.565550,159,0.409837,525.150,479.793
933,15.565550,160,0.185095,545.533,565.773
934,15.582233,157,0.598942,409.977,91.267
934,15.582233,159,0.548757,551.394,493.501
934,15.582233,160,0.574002,540.378,571.588
935,15.598917,157,0.391856,414.486,91.772
935,15.598917,159,0.270136,577.307,505.843
935,15.598917,160,0.307873,538.105,578.322
936,15.615600,157,0.154156,418.904,94.702
936,15.615600,159,0.270136,598.656,518.775
936,15.615600,160,0.163916,538.145,586.250
937,15.632283,157,0.154156,423.277,91.750
937,15.632283,159,0.270136,620.005,531.708
937,15.632283,160,0.174228,541.334,595.066
938,15.648967,157,0.154156,427.650,88.798
938,15.648967,159,0.270136,641.353,544.640
938,15.648967,160,0.174228,540.316,601.534
939,15.665650,157,0.154156,432.024,85.847
939,15.665650,159,0.646969,666.346,556.842
939,15.665650,160,0.291949,547.380,605.307
940,15.682333,159,0.453095,689.137,569.870
940,15.682333,160,0.208206,554.298,607.208
941,15.699017,159,0.299022,708.421,584.247
941,15.699017,160,0.199725,560.523,607.277
941,15.699017,161,0.493113,441.482,147.225
942,15.715700,159,0.613498,723.057,598.881
942,15.715700,160,0.248166,564.594,606.711
942,15.715700,161,0.493113,441.794,148.104
943,15.732383,159,0.386834,733.342,614.947
943,15.732383,160,0.518225,567.160,604.882
943,15.732383,161,0.493113,442.106,148.984
944,15.749067,159,0.386834,750.583,629.202
944,15.749067,160,0.374354,569.112,600.849
944,15.749067,162,0.494438,455.630,197.309
945,15.765750,159,0.386834,767.824,643.458
945,15.765750,160,0.181304,571.311,593.495
945,15.765750,162,0.494438,455.937,198.582
945,15.765750,163,0.156991,725.388,640.884
946,15.782433,159,0.386834,785.066,657.714
946,15.782433,160,0.194711,573.574,583.363
946,15.782433,162,0.494438,456.244,199.856
946,15.782433,163,0.156991,725.445,641.668
946,15.782433,164,0.530057,464.906,240.826
947,15.799117,160,0.314616,576.155,570.219
947,15.799117,163,0.156991,725.503,642.452
947,15.799117,164,0.530057,465.233,242.360
948,15.815800,160,0.419167,580.751,556.519
948,15.815800,163,0.294277,725.627,643.886
948,15.815800,164,0.530057,465.560,243.894
949,15.832483,160,0.419167,583.910,548.060
949,15.832483,163,0.205624,725.675,636.501
950,15.849167,160,0.419167,587.070,539.602
950,15.849167,163,0.205624,725.741,634.533
951,15.865850,160,0.419167,590.229,531.144
951,15.865850,163,0.205624,725.807,632.565
955,15.932583,165,0.418421,723.692,474.145
956,15.949267,165,0.418421,723.668,472.546
956,15.949267,166,0.201472,676.508,504.600
957,15.965950,165,0.418421,723.643,470.948
957,15.965950,166,0.255392,685.151,505.663
957,15.965950,167,0.639951,723.217,427.184
958,15.982633,166,0.225749,696.337,508.078
958,15.982633,167,0.639951,723.183,425.738
959,15.999317,166,0.525860,706.749,510.362
959,15.999317,167,0.639951,723.149,424.292
959,15.999317,168,0.458018,722.109,386.819
960,16.016000,166,0.645491,713.084,511.130
960,16.016000,168,0.338303,721.727,374.353
960,16.016000,169,0.457885,525.384,681.424
961,16.032683,166,0.645491,720.166,512.378
961,16.032683,168,0.624677,720.949,359.239
961,16.032683,169,0.239384,529.256,692.239
962,16.049367,166,0.167758,722.582,510.945
962,16.049367,168,0.751260,720.006,343.409
962,16.049367,169,0.295902,534.888,701.355
963,16.066050,166,0.167758,728.327,511.424
963,16.066050,168,0.781866,719.085,329.003
963,16.066050,169,0.200479,540.871,708.030
964,16.082733,166,0.167758,734.071,511.903
964,16.082733,168,0.645478,718.012,316.425
964,16.082733,169,0.253633,546.029,711.947
965,16.099417,166,0.183439,737.581,507.478
965,16.099417,168,0.679407,716.960,306.290
965,16.099417,169,0.253633,550.313,717.299
966,16.116100,166,0.183439,742.715,506.617
966,16.116100,168,0.468955,716.198,298.287
966,16.116100,169,0.253633,554.596,722.650
967,16.132783,166,0.183439,747.849,505.756
967,16.132783,168,0.452874,715.370,292.752
967,16.132783,169,0.253633,558.879,728.002
967,16.132783,170,0.236462,715.533,300.017
968,16.149467,168,0.205448,714.372,289.561
968,16.149467,170,0.244728,714.816,298.403
969,16.166150,168,0.205448,713.497,281.901
969,16.166150,170,0.354822,713.957,297.525
969,16.166150,171,0.313765,559.625,684.574
970,16.182833,168,0.176298,712.499,285.301
970,16.182833,170,0.302096,712.958,297.984
970,16.182833,171,0.313765,559.762,683.372
971,16.199517,168,0.176298,711.591,280.566
971,16.199517,170,0.467609,711.660,300.326
971,16.199517,171,0.313765,559.898,682.171
972,16.216200,168,0.176298,710.683,275.830
972,16.216200,170,0.209466,710.369,304.790
973,16.232883,168,0.176298,709.775,271.095
973,16.232883,170,0.274392,709.279,311.411
974,16.249567,170,0.554092,707.932,319.932
975,16.266250,170,0.519321,706.863,330.440
976,16.282933,170,0.673181,705.486,343.046
976,16.282933,172,0.662264,636.318,492.694
977,16.299617,170,0.640315,704.373,357.781
977,16.299617,172,0.662264,635.007,492.954
978,16.316300,170,0.789187,703.446,374.501
978,16.316300,172,0.662264,633.696,493.215
978,16.316300,173,0.738346,594.020,504.100
979,16.332983,170,0.176492,702.551,393.009
979,16.332983,173,0.738346,592.569,504.570
980,16.349667,170,0.288420,701.635,413.421
980,16.349667,173,0.738346,591.117,505.040
980,16.349667,174,0.263915,554.744,519.126
981,16.366350,170,0.376490,700.614,435.656
981,16.366350,174,0.341464,544.946,521.934
981,16.366350,175,0.617722,548.299,323.798
982,16.383033,170,0.294153,699.318,459.771
982,16.383033,174,0.445786,537.888,524.606
982,16.383033,175,0.617722,548.185,322.158
983,16.399717,170,0.192349,698.086,485.889
983,16.399717,174,0.445786,533.096,526.233
983,16.399717,175,0.617722,548.071,320.519
984,16.416400,170,0.166044,696.621,512.487
984,16.416400,174,0.316600,524.221,524.707
984,16.416400,176,0.289648,544.135,258.954
985,16.433083,170,0.166044,695.405,534.868
985,16.433083,174,0.195873,514.717,522.340
985,16.433083,176,0.328762,543.197,246.003
986,16.449767,170,0.166044,694.190,557.249
986,16.449767,174,0.450742,506.501,520.580
986,16.449767,176,0.659144,541.901,229.885
987,16.466450,170,0.166044,692.975,579.630
987,16.466450,174,0.648406,499.528,520.085
987,16.466450,176,0.440711,540.228,212.897
988,16.483133,170,0.203932,692.198,593.885
988,16.483133,174,0.564652,493.327,521.762
988,16.483133,176,0.640460,538.467,197.701
989,16.499817,170,0.177168,692.075,607.501
989,16.499817,174,0.592893,488.778,524.733
989,16.499817,176,0.302934,536.876,184.303
990,16.516500,170,0.206382,692.484,621.107
990,16.516500,174,0.557215,486.029,529.596
990,16.516500,176,0.562025,535.316,173.011
991,16.533183,170,0.206382,691.976,638.286
991,16.533183,174,0.327651,484.609,535.776
991,16.533183,176,0.187576,533.510,164.265
992,16.549867,170,0.179715,692.895,647.773
992,16.549867,174,0.184819,484.446,544.131
992,16.549867,176,0.187576,532.003,152.830
993,16.566550,170,0.266861,693.455,655.785
993,16.566550,174,0.657718,486.029,554.079
993,16.566550,176,0.187576,530.497,141.395
994,16.583233,170,0.159939,694.023,661.866
994,16.583233,174,0.518386,491.787,562.320
994,16.583233,176,0.187576,528.991,129.960
995,16.599917,170,0.190898,694.983,665.343
995,16.599917,174,0.616156,500.184,568.012
996,16.616600,170,0.197277,696.786,665.266
996,16.616600,174,0.635301,508.584,571.928
996,16.616600,177,0.177613,527.043,163.785
997,16.633283,170,0.197277,697.555,672.045
997,16.633283,174,0.505726,516.471,574.580
997,16.633283,177,0.177613,526.905,163.969
998,16.649967,170,0.197277,698.323,678.825
998,16.649967,174,0.480563,521.679,575.005
998,16.649967,177,0.199914,525.248,170.974
998,16.649967,178,0.484266,702.849,638.851
999,16.666650,170,0.197277,699.091,685.605
999,16.666650,174,0.693090,524.056,573.483
999,16.666650,177,0.199914,524.681,173.081
999,16.666650,178,0.264120,704.859,629.254
1000,16.683333,174,0.781384,525.244,569.403
1000,16.683333,177,0.366572,522.436,186.661
1000,16.683333,178,0.264120,705.539,626.053
1001,16.700017,174,0.766568,526.925,563.129
1001,16.700017,177,0.304860,520.712,202.100
1001,16.700017,178,0.264120,706.219,622.851
1002,16.716700,174,0.537777,530.683,554.261
1002,16.716700,177,0.218738,519.422,218.650
1002,16.716700,178,0.264120,706.899,619.650
1003,16.733383,174,0.420406,538.425,543.552
1003,16.733383,177,0.517995,517.952,236.238
1004,16.750067,174,0.450402,551.778,532.000
1004,16.750067,177,0.270453,516.632,255.461
1005,16.766750,174,0.450402,558.564,525.093
1005,16.766750,177,0.398651,515.439,276.147
1006,16.783433,174,0.450402,565.349,518.186
1006,16.783433,177,0.507089,514.353,298.858
1007,16.800117,174,0.450402,572.135,511.280
1007,16.800117,177,0.486750,513.358,323.624
1008,16.816800,177,0.458285,512.526,350.593
1008,16.816800,179,0.681412,631.988,490.314
1009,16.833483,177,0.512231,511.569,379.259
1009,16.833483,179,0.248437,645.695,486.545
1009,16.833483,180,0.429875,692.682,367.220
1010,16.850167,177,0.616642,510.706,410.026
1010,16.850167,179,0.248437,650.470,485.180
1010,16.850167,180,0.659562,691.135,353.086
1011,16.866850,177,0.482461,510.003,442.526
1011,16.866850,179,0.248437,655.246,483.815
1011,16.866850,180,0.418992,689.398,335.202
1012,16.883533,177,0.482461,509.078,469.870
1012,16.883533,179,0.248437,660.021,482.450
1012,16.883533,180,0.362573,687.314,315.647
1013,16.900217,177,0.482461,508.153,497.214
1013,16.900217,180,0.232994,684.827,296.859
1014,16.916900,177,0.482461,507.229,524.558
1014,16.916900,180,0.194787,681.893,280.685
1015,16.933583,180,0.229778,679.723,266.789
1016,16.950267,180,0.613995,677.381,255.336
1017,16.966950,180,0.506510,675.121,246.045
1018,16.983633,180,0.390911,673.012,239.230
1019,17.000317,180,0.277434,671.057,234.565
1020,17.017000,180,0.198917,669.464,232.177
1021,17.033683,180,0.198917,667.494,224.614
1021,17.033683,181,0.161209,808.022,505.768
1022,17.050367,180,0.198917,665.523,217.051
1022,17.050367,181,0.161209,808.513,506.309
1023,17.067050,180,0.198917,663.553,209.488
1023,17.067050,181,0.161209,809.004,506.850
1024,17.083733,181,0.237712,807.973,508.257
1025,17.100417,181,0.237712,808.034,509.043
1028,17.150467,182,0.601516,655.995,285.120
1029,17.167150,182,0.250920,654.015,298.760
1030,17.183833,182,0.562893,651.819,316.047
1031,17.200517,182,0.394069,649.866,334.831
1032,17.217200,182,0.560886,648.004,355.060
1033,17.233883,182,0.627585,646.358,376.872
1034,17.250567,182,0.287510,644.630,400.319
1034,17.250567,183,0.539579,514.943,391.216
1035,17.267250,182,0.255293,642.911,425.397
1035,17.267250,183,0.539579,514.870,389.590
1036,17.283933,182,0.255293,641.212,445.809
1036,17.283933,183,0.539579,514.797,387.965
1036,17.283933,184,0.183890,485.402,462.347
1036,17.283933,185,0.173896,512.537,346.248
1037,17.300617,182,0.255293,639.514,466.220
1037,17.300617,184,0.300906,473.200,466.016
1037,17.300617,185,0.209840,511.650,331.860
1038,17.317300,182,0.255293,637.815,486.632
1038,17.317300,184,0.225062,457.238,471.936
1038,17.317300,185,0.209840,511.346,326.802
1039,17.333983,184,0.155765,438.191,479.521
1039,17.333983,185,0.209840,511.041,321.743
1039,17.333983,186,0.539336,508.339,289.243
1040,17.350667,184,0.197196,418.083,486.791
1040,17.350667,185,0.209840,510.737,316.685
1040,17.350667,186,0.643173,507.105,278.615
1040,17.350667,187,0.278873,646.781,547.657
1041,17.367350,184,0.283638,398.494,495.067
1041,17.367350,186,0.675429,505.524,265.668
1041,17.367350,187,0.548083,650.199,561.305
1042,17.384033,184,0.757506,381.918,502.988
1042,17.384033,186,0.616155,503.317,252.144
1042,17.384033,187,0.433549,655.548,577.328
1043,17.400717,184,0.543146,369.755,509.685
1043,17.400717,186,0.703537,501.192,239.865
1043,17.400717,187,0.323864,662.919,592.648
1044,17.417400,184,0.473508,362.588,514.546
1044,17.417400,186,0.559636,499.100,229.628
1044,17.417400,187,0.228091,672.110,605.005
1045,17.434083,184,0.473508,349.618,520.730
1045,17.434083,186,0.332363,497.056,221.618
1045,17.434083,187,0.158843,681.911,612.060
1046,17.450767,184,0.473508,336.649,526.913
1046,17.450767,186,0.546693,494.931,215.498
1046,17.450767,187,0.164643,691.224,612.795
1046,17.450767,188,0.454522,377.459,511.588
1047,17.467450,184,0.473508,323.679,533.096
1047,17.467450,186,0.511183,492.663,211.751
1047,17.467450,187,0.164643,698.809,620.371
1047,17.467450,188,0.516921,381.230,509.958
1048,17.484133,186,0.459218,490.671,210.431
1048,17.484133,187,0.164643,706.394,627.947
1048,17.484133,188,0.259717,389.733,506.019
1048,17.484133,189,0.195810,703.828,579.904
1049,17.500817,186,0.314644,488.832,211.502
1049,17.500817,187,0.164643,713.979,635.524
1049,17.500817,188,0.434862,402.868,500.172
1049,17.500817,189,0.482110,706.376,566.388
1050,17.517500,186,0.239055,486.997,215.017
1050,17.517500,188,0.407128,421.010,492.840
1050,17.517500,189,0.482110,707.288,561.812
1051,17.534183,186,0.281632,484.721,220.800
1051,17.534183,188,0.407128,431.425,488.422
1051,17.534183,189,0.482110,708.200,557.236
1052,17.550867,186,0.173374,482.553,228.430
1052,17.550867,188,0.407128,441.839,484.005
1052,17.550867,189,0.482110,709.112,552.660
1053,17.567550,186,0.414677,480.800,238.420
1053,17.567550,188,0.407128,452.253,479.587
1054,17.584233,186,0.637757,478.847,250.527
1055,17.600917,186,0.842424,476.855,264.748
1055,17.600917,190,0.456780,710.765,401.571
1056,17.617600,186,0.853343,475.135,280.896
1056,17.617600,190,0.456780,710.671,400.017
1057,17.634283,186,0.758395,473.391,298.900
1057,17.634283,190,0.456780,710.577,398.464
1057,17.634283,191,0.866363,709.031,357.332
1058,17.650967,186,0.239074,471.883,318.946
1058,17.650967,191,0.778180,708.527,343.346
1058,17.650967,192,0.612011,472.716,323.171
1059,17.667650,186,0.492414,470.162,341.162
1059,17.667650,191,0.536213,708.034,325.711
1059,17.667650,192,0.612011,472.631,324.496
1060,17.684333,186,0.369432,468.397,365.143
1060,17.684333,191,0.536213,707.754,316.299
1060,17.684333,192,0.612011,472.546,325.822
1061,17.701017,186,0.369432,466.639,383.647
1061,17.701017,191,0.649029,707.646,295.152
1062,17.717700,186,0.369432,464.880,402.151
1062,17.717700,191,0.547036,707.455,277.101
1063,17.734383,186,0.369432,463.121,420.655
1063,17.734383,191,0.619822,707.197,262.362
1064,17.751067,191,0.592275,707.018,250.595
1065,17.767750,191,0.408693,706.784,241.540
1066,17.784433,191,0.697735,706.799,234.796
1066,17.784433,193,0.404786,471.979,532.079
1067,17.801117,191,0.573821,706.813,230.535
1067,17.801117,193,0.404786,472.255,533.613
1068,17.817800,191,0.486430,706.864,228.695
1068,17.817800,193,0.404786,472.531,535.147
1069,17.834483,191,0.628156,707.027,229.014
1069,17.834483,194,0.250590,879.275,511.496
1069,17.834483,195,0.429815,492.665,599.819
1070,17.851167,191,0.667106,707.322,231.432
1070,17.851167,194,0.151569,879.167,511.493
1070,17.851167,195,0.625273,500.243,612.632
1071,17.867850,191,0.520106,707.501,236.104
1071,17.867850,194,0.289626,876.663,507.079
1071,17.867850,195,0.414956,509.807,624.857
1072,17.884533,191,0.445227,707.758,242.322
1072,17.884533,194,0.203707,870.027,503.513
1072,17.884533,195,0.274832,519.700,632.078
1073,17.901217,191,0.578358,708.219,250.442
1073,17.901217,194,0.323587,859.802,496.152
1073,17.901217,195,0.361464,527.969,631.876
1074,17.917900,191,0.420608,708.509,260.772
1074,17.917900,194,0.172260,845.160,489.107
1074,17.917900,195,0.173294,534.100,625.008
1075,17.934583,191,0.649137,708.760,272.628
1075,17.934583,194,0.172260,837.332,484.394
1075,17.934583,195,0.173294,540.971,626.585
1076,17.951267,191,0.397837,708.995,286.100
1076,17.951267,194,0.172260,829.504,479.681
1076,17.951267,195,0.173294,547.843,628.162
1076,17.951267,196,0.290926,536.207,577.911
1077,17.967950,191,0.414041,709.459,301.687
1077,17.967950,194,0.172260,821.675,474.969
1077,17.967950,195,0.173294,554.714,629.739
1077,17.967950,196,0.290926,536.215,576.350
1078,17.984633,191,0.337942,709.728,318.748
1078,17.984633,196,0.290926,536.223,574.789
