frame,time_seconds,track_id,confidence,center_x,center_y
2,0.033367,1,0.837167,553.165,347.082
3,0.050050,1,0.884583,553.053,368.549
3,0.050050,2,0.733108,713.173,366.470
4,0.066733,1,0.823091,552.781,395.033
4,0.066733,2,0.794196,712.375,344.046
5,0.083417,1,0.263305,552.602,424.462
5,0.083417,2,0.623144,711.598,319.434
6,0.100100,1,0.438313,552.342,454.992
6,0.100100,2,0.477771,711.164,295.296
7,0.116783,1,0.447278,552.136,486.442
7,0.116783,2,0.584841,710.968,273.114
8,0.133467,1,0.233000,551.449,519.830
8,0.133467,2,0.590068,710.845,253.221
8,0.133467,3,0.172623,772.163,473.270
9,0.150150,1,0.229583,550.414,548.935
9,0.150150,2,0.632476,710.825,235.827
9,0.150150,3,0.223218,787.848,480.756
10,0.166833,1,0.319067,549.540,574.879
10,0.166833,2,0.524035,710.604,220.983
10,0.166833,3,0.223218,796.005,484.785
11,0.183517,1,0.431967,549.298,597.724
11,0.183517,2,0.449327,710.267,208.632
11,0.183517,3,0.223218,804.161,488.815
12,0.200200,1,0.184563,549.827,617.664
12,0.200200,2,0.513071,710.103,198.493
12,0.200200,3,0.223218,812.317,492.844
13,0.216883,1,0.196990,551.718,634.287
13,0.216883,2,0.699566,710.016,190.521
13,0.216883,3,0.223218,820.474,496.873
14,0.233567,1,0.293956,553.759,645.923
14,0.233567,2,0.626435,709.821,184.734
15,0.250250,1,0.446738,555.292,652.299
15,0.250250,2,0.547052,709.317,180.983
15,0.250250,4,0.657738,866.629,531.546
16,0.266933,1,0.446738,556.274,668.378
16,0.266933,2,0.425026,708.784,179.307
16,0.266933,4,0.461105,868.870,533.506
17,0.283617,1,0.446738,557.256,684.458
17,0.283617,2,0.395066,708.348,179.491
17,0.283617,4,0.706884,869.457,532.009
18,0.300300,1,0.446738,558.237,700.538
18,0.300300,2,0.280171,707.906,181.706
18,0.300300,4,0.706884,870.559,532.639
19,0.316983,1,0.446738,559.219,716.617
19,0.316983,2,0.560067,707.157,185.597
19,0.316983,4,0.254726,863.567,523.642
20,0.333667,1,0.446738,560.200,732.697
20,0.333667,2,0.630828,706.477,191.475
20,0.333667,4,0.423111,852.895,512.813
20,0.333667,5,0.262496,565.213,590.323
21,0.350350,2,0.318198,705.494,199.381
21,0.350350,4,0.812284,837.807,501.111
21,0.350350,5,0.341252,566.075,564.528
22,0.367033,2,0.248163,704.599,208.813
22,0.367033,4,0.411429,817.289,488.561
22,0.367033,5,0.201477,566.253,535.104
23,0.383717,2,0.167686,703.615,220.394
23,0.383717,4,0.181043,792.504,475.523
23,0.383717,5,0.201477,567.132,515.321
24,0.400400,2,0.554653,702.905,233.710
24,0.400400,4,0.181043,778.113,466.018
24,0.400400,5,0.201477,568.012,495.538
25,0.417083,2,0.261601,702.291,248.958
25,0.417083,4,0.181043,763.723,456.512
25,0.417083,5,0.201477,568.891,475.754
26,0.433767,2,0.261601,701.564,258.985
26,0.433767,4,0.181043,749.332,447.007
26,0.433767,5,0.201477,569.770,455.971
27,0.450450,2,0.615654,700.785,279.808
27,0.450450,4,0.181043,734.941,437.501
27,0.450450,5,0.201477,570.650,436.188
27,0.450450,6,0.874979,558.724,398.133
28,0.467133,2,0.696052,699.867,302.164
28,0.467133,4,0.181043,720.550,427.996
28,0.467133,6,0.798094,556.977,376.309
29,0.483817,2,0.669716,698.824,325.849
29,0.483817,6,0.837010,555.144,352.573
30,0.500500,2,0.631177,697.884,350.658
30,0.500500,6,0.675431,553.859,329.299
31,0.517183,2,0.183634,696.954,376.788
31,0.517183,6,0.693792,552.259,307.713
32,0.533867,2,0.183634,696.062,398.058
32,0.533867,6,0.727789,550.792,288.195
33,0.550550,2,0.183634,695.171,419.327
33,0.550550,6,0.422673,549.063,270.995
33,0.550550,7,0.196586,497.175,428.783
34,0.567233,2,0.183634,694.279,440.597
34,0.567233,6,0.501750,547.053,256.306
34,0.567233,7,0.196586,491.810,429.090
35,0.583917,2,0.183634,693.387,461.867
35,0.583917,6,0.261906,545.198,243.720
35,0.583917,7,0.196586,486.446,429.397
36,0.600600,2,0.183634,692.495,483.137
36,0.600600,6,0.357210,543.596,233.429
36,0.600600,7,0.196586,481.081,429.704
37,0.617283,6,0.659746,541.913,225.577
38,0.633967,6,0.591395,540.070,219.748
39,0.650650,6,0.674280,538.436,215.855
39,0.650650,8,0.759841,397.717,458.073
40,0.667333,6,0.754191,536.885,214.055
40,0.667333,8,0.629672,390.482,465.181
41,0.684017,6,0.648435,535.265,214.044
41,0.684017,8,0.777797,384.781,471.563
42,0.700700,6,0.680988,533.830,216.037
42,0.700700,8,0.671334,382.706,476.044
43,0.717383,6,0.725420,532.351,219.873
43,0.717383,8,0.651514,386.320,477.606
43,0.717383,9,0.325066,725.951,601.942
44,0.734067,6,0.671184,530.840,225.429
44,0.734067,8,0.786438,393.554,475.898
44,0.734067,9,0.309094,730.393,598.261
45,0.750750,6,0.613023,529.340,232.653
45,0.750750,8,0.645827,405.001,470.991
45,0.750750,9,0.350669,733.859,588.501
46,0.767433,6,0.585212,528.009,241.717
46,0.767433,8,0.640144,421.165,463.397
46,0.767433,9,0.304931,736.113,573.444
47,0.784117,6,0.429079,526.590,252.796
47,0.784117,8,0.252420,441.509,454.468
47,0.784117,9,0.304931,739.217,567.149
48,0.800800,6,0.528441,525.255,265.762
48,0.800800,8,0.252420,451.963,450.817
48,0.800800,9,0.304931,742.321,560.854
49,0.817483,6,0.284275,523.661,280.494
49,0.817483,8,0.252420,462.416,447.166
49,0.817483,9,0.304931,745.425,554.560
50,0.834167,6,0.756161,522.290,296.659
50,0.834167,8,0.252420,472.870,443.514
50,0.834167,9,0.304931,748.529,548.265
51,0.850850,6,0.685294,521.008,315.325
51,0.850850,8,0.252420,483.323,439.863
51,0.850850,9,0.304931,751.633,541.970
51,0.850850,10,0.604701,730.877,446.006
52,0.867533,6,0.854965,519.844,335.666
52,0.867533,8,0.252420,493.777,436.211
52,0.867533,10,0.697430,728.673,422.355
53,0.884217,6,0.586401,518.688,357.513
53,0.884217,10,0.364831,726.070,396.743
54,0.900900,6,0.785672,517.526,380.884
54,0.900900,10,0.522899,723.519,371.765
55,0.917583,6,0.629518,516.462,405.959
55,0.917583,10,0.740202,721.402,348.732
56,0.934267,6,0.702504,515.489,432.623
56,0.934267,10,0.699493,719.357,328.020
57,0.950950,6,0.196223,514.162,461.233
57,0.950950,10,0.165606,717.560,309.727
58,0.967633,6,0.299266,513.092,491.755
58,0.967633,10,0.403947,715.678,293.752
59,0.984317,6,0.299266,511.932,517.321
59,0.984317,10,0.701500,713.681,280.551
60,1.001000,6,0.299266,510.772,542.886
60,1.001000,10,0.603774,712.073,269.627
61,1.017683,6,0.299266,509.612,568.452
61,1.017683,10,0.617790,710.525,261.006
62,1.034367,6,0.299266,508.452,594.017
62,1.034367,10,0.679461,708.885,254.214
63,1.051050,6,0.168127,513.861,614.022
63,1.051050,10,0.597561,707.402,249.537
64,1.067733,6,0.665706,520.312,630.618
64,1.067733,10,0.518087,706.105,246.917
64,1.067733,11,0.600804,864.110,512.871
65,1.084417,6,0.404204,527.718,642.953
65,1.084417,10,0.445026,704.590,246.168
65,1.084417,11,0.342904,871.441,522.308
66,1.101100,6,0.313736,535.783,649.405
66,1.101100,10,0.501049,703.226,247.227
66,1.101100,11,0.193787,875.871,529.586
67,1.117783,6,0.313736,540.523,665.449
67,1.117783,10,0.649342,702.082,250.044
67,1.117783,11,0.255995,876.492,531.338
68,1.134467,6,0.313736,545.262,681.493
68,1.134467,10,0.676155,701.248,254.644
68,1.134467,11,0.200849,873.259,528.567
69,1.151150,6,0.313736,550.001,697.536
69,1.151150,10,0.561732,700.302,261.106
69,1.151150,11,0.517311,866.352,521.815
69,1.151150,12,0.367370,553.821,613.420
70,1.167833,6,0.313736,554.741,713.580
70,1.167833,10,0.723356,699.147,269.287
70,1.167833,11,0.477995,856.349,512.492
70,1.167833,12,0.226043,558.214,597.872
71,1.184517,6,0.313736,559.480,729.624
71,1.184517,10,0.481470,697.880,279.084
71,1.184517,11,0.246146,841.977,501.746
71,1.184517,12,0.462104,561.784,577.067
72,1.201200,10,0.658060,696.908,290.774
72,1.201200,11,0.246146,835.743,497.070
72,1.201200,12,0.704558,564.340,550.755
73,1.217883,10,0.481433,695.905,304.388
73,1.217883,11,0.246146,829.509,492.394
73,1.217883,12,0.236590,565.604,520.970
74,1.234567,10,0.337694,694.532,319.689
74,1.234567,11,0.246146,823.275,487.718
74,1.234567,12,0.556265,565.696,489.431
75,1.251250,10,0.494212,693.395,336.527
75,1.251250,11,0.246146,817.041,483.042
75,1.251250,12,0.373051,565.072,458.059
76,1.267933,10,0.393416,692.408,355.244
76,1.267933,11,0.246146,810.807,478.366
76,1.267933,12,0.580536,564.445,428.007
77,1.284617,10,0.607436,691.517,375.542
77,1.284617,12,0.871011,563.497,398.900
78,1.301300,10,0.541768,690.538,397.545
78,1.301300,12,0.800587,562.416,372.092
79,1.317983,10,0.800994,689.533,421.167
79,1.317983,12,0.848089,561.305,347.798
80,1.334667,10,0.292333,688.628,446.534
80,1.334667,12,0.788649,560.053,325.734
81,1.351350,10,0.263789,687.538,473.604
81,1.351350,12,0.531228,559.115,306.134
82,1.368033,10,0.263789,686.517,495.960
82,1.368033,12,0.264476,557.768,288.334
83,1.384717,10,0.263789,685.497,518.315
83,1.384717,12,0.508617,556.313,272.707
84,1.401400,10,0.263789,684.476,540.670
84,1.401400,12,0.528015,554.924,258.863
85,1.418083,10,0.263789,683.456,563.025
85,1.418083,12,0.486346,553.511,246.953
86,1.434767,10,0.367336,687.299,582.280
86,1.434767,12,0.253108,552.054,237.001
87,1.451450,10,0.617620,690.556,599.421
87,1.451450,12,0.586572,550.667,228.674
87,1.451450,13,0.911282,442.273,472.101
88,1.468133,10,0.334947,694.174,613.994
88,1.468133,12,0.203512,548.960,222.120
88,1.468133,13,0.452303,427.778,476.809
89,1.484817,10,0.151870,698.326,624.912
89,1.484817,12,0.402427,547.114,217.404
89,1.484817,13,0.665594,414.559,482.831
90,1.501500,10,0.325459,702.680,631.748
90,1.501500,12,0.272686,545.480,214.453
90,1.501500,13,0.658683,404.007,488.604
91,1.518183,10,0.479954,707.247,633.865
91,1.518183,12,0.680423,544.020,213.161
91,1.518183,13,0.736057,396.588,493.057
92,1.534867,10,0.278403,711.038,631.218
92,1.534867,12,0.623618,542.612,213.912
92,1.534867,13,0.534655,393.140,496.127
93,1.551550,10,0.601423,714.085,623.616
93,1.551550,12,0.623650,541.339,216.457
93,1.551550,13,0.467129,393.254,497.325
94,1.568233,10,0.601423,717.439,626.977
94,1.568233,12,0.454618,540.296,220.692
94,1.568233,13,0.681052,397.394,496.118
95,1.584917,10,0.601423,720.792,630.338
95,1.584917,12,0.568327,538.652,226.881
95,1.584917,13,0.823156,406.029,492.777
96,1.601600,10,0.601423,724.145,633.699
96,1.601600,12,0.654749,537.403,234.848
96,1.601600,13,0.733463,419.385,487.163
96,1.601600,14,0.410241,718.089,560.715
97,1.618283,10,0.601423,727.499,637.060
97,1.618283,12,0.382889,536.272,244.759
97,1.618283,13,0.733463,422.978,486.147
97,1.618283,14,0.284118,720.084,537.466
98,1.634967,10,0.601423,730.852,640.421
98,1.634967,12,0.414127,535.140,256.518
98,1.634967,13,0.733463,426.571,485.132
98,1.634967,14,0.335469,722.147,507.335
99,1.651650,12,0.246488,534.013,270.442
99,1.651650,13,0.733463,430.164,484.116
99,1.651650,14,0.335469,723.485,489.346
100,1.668333,12,0.246488,532.787,279.014
100,1.668333,13,0.733463,433.757,483.101
100,1.668333,14,0.335469,724.823,471.357
101,1.685017,12,0.494479,531.991,298.639
101,1.685017,13,0.733463,437.349,482.085
101,1.685017,14,0.335469,726.161,453.367
102,1.701700,12,0.643920,531.381,319.794
102,1.701700,14,0.335469,727.498,435.378
103,1.718383,12,0.699816,530.565,342.348
103,1.718383,14,0.335469,728.836,417.389
104,1.735067,12,0.652958,530.006,366.411
104,1.735067,15,0.797905,731.105,349.922
104,1.735067,16,0.526297,631.981,423.225
105,1.751750,12,0.622319,529.271,392.087
105,1.751750,15,0.597107,732.588,329.769
105,1.751750,16,0.526297,638.945,422.476
106,1.768433,12,0.680502,528.781,418.880
106,1.768433,15,0.467936,734.216,308.202
106,1.768433,16,0.526297,645.909,421.727
107,1.785117,12,0.212696,528.234,447.640
107,1.785117,15,0.459809,735.870,287.455
107,1.785117,16,0.526297,652.873,420.978
108,1.801800,12,0.162981,527.915,477.456
108,1.801800,15,0.459809,737.115,271.109
109,1.818483,12,0.243119,527.334,505.054
109,1.818483,15,0.384812,738.609,254.245
110,1.835167,12,0.222035,526.783,528.340
110,1.835167,15,0.510461,740.295,239.723
111,1.851850,12,0.394089,525.777,547.493
111,1.851850,15,0.196573,741.952,227.937
112,1.868533,12,0.222577,525.181,562.837
112,1.868533,15,0.527249,743.838,218.542
113,1.885217,12,0.363868,525.174,576.632
113,1.885217,15,0.574033,745.388,211.039
114,1.901900,12,0.430877,528.309,591.026
114,1.901900,15,0.593964,746.876,206.371
115,1.918583,12,0.636941,534.459,603.753
115,1.918583,15,0.219900,748.273,203.672
116,1.935267,12,0.203645,541.893,614.387
116,1.935267,15,0.248900,749.698,203.147
116,1.935267,17,0.679407,864.853,473.224
117,1.951950,12,0.398800,549.721,621.607
117,1.951950,15,0.426753,751.322,204.784
117,1.951950,17,0.457047,873.119,480.150
118,1.968633,12,0.322072,557.997,623.759
118,1.968633,15,0.592478,752.787,208.136
118,1.968633,17,0.562964,876.762,483.610
119,1.985317,12,0.383969,565.758,620.264
119,1.985317,15,0.154505,754.315,213.621
119,1.985317,17,0.726858,875.647,483.119
120,2.002000,12,0.383969,571.911,626.761
120,2.002000,15,0.508039,755.858,221.259
120,2.002000,17,0.581109,870.360,479.074
121,2.018683,12,0.383969,578.063,633.258
121,2.018683,15,0.382236,757.328,230.563
121,2.018683,17,0.562545,860.623,472.135
122,2.035367,12,0.383969,584.216,639.755
122,2.035367,15,0.411998,758.973,241.603
122,2.035367,17,0.292366,846.171,462.885
122,2.035367,18,0.202781,578.215,563.757
123,2.052050,12,0.383969,590.369,646.252
123,2.052050,15,0.336724,760.478,254.793
123,2.052050,17,0.292366,841.379,459.730
123,2.052050,18,0.202781,578.892,558.889
124,2.068733,12,0.383969,596.522,652.749
124,2.068733,15,0.298496,761.842,270.027
124,2.068733,17,0.292366,836.588,456.574
124,2.068733,18,0.202781,579.569,554.022
125,2.085417,15,0.192764,763.447,287.016
125,2.085417,17,0.292366,831.796,453.419
125,2.085417,18,0.202781,580.246,549.154
125,2.085417,19,0.212258,770.267,435.757
126,2.102100,15,0.330454,764.955,305.605
126,2.102100,17,0.292366,827.005,450.263
126,2.102100,19,0.355092,747.547,431.314
127,2.118783,15,0.555707,766.517,326.361
127,2.118783,17,0.292366,822.214,447.108
127,2.118783,19,0.795604,719.912,427.960
128,2.135467,15,0.181364,767.964,349.078
128,2.135467,19,0.797914,691.590,426.148
128,2.135467,20,0.382850,574.037,393.271
129,2.152150,15,0.751982,769.170,373.277
129,2.152150,19,0.878929,662.515,426.225
129,2.152150,20,0.850070,572.148,369.078
130,2.168833,15,0.643588,770.713,399.467
130,2.168833,19,0.790886,633.723,427.942
130,2.168833,20,0.846298,570.340,342.158
131,2.185517,15,0.458368,772.230,427.783
131,2.185517,19,0.734137,605.557,431.571
131,2.185517,20,0.798975,568.546,315.900
132,2.202200,15,0.336853,773.564,458.082
132,2.202200,19,0.734137,579.941,431.953
132,2.202200,20,0.798975,567.147,295.703
133,2.218883,15,0.641925,774.418,489.133
133,2.218883,19,0.335103,554.517,439.076
133,2.218883,20,0.581697,564.761,271.714
134,2.235567,15,0.641925,775.699,515.677
134,2.235567,19,0.335103,528.951,441.240
134,2.235567,20,0.236365,562.321,250.166
135,2.252250,15,0.388478,774.331,540.439
135,2.252250,19,0.335103,503.385,443.404
135,2.252250,20,0.309557,559.990,231.598
136,2.268933,15,0.227275,774.930,562.152
136,2.268933,19,0.335103,477.820,445.568
136,2.268933,20,0.748036,557.724,215.364
137,2.285617,15,0.227275,775.514,587.066
137,2.285617,19,0.335103,452.254,447.732
137,2.285617,20,0.268133,555.125,202.086
138,2.302300,15,0.227275,776.098,611.980
138,2.302300,19,0.335103,426.688,449.896
138,2.302300,20,0.777765,552.943,191.142
138,2.302300,21,0.178659,525.697,491.184
139,2.318983,15,0.227275,776.682,636.895
139,2.318983,20,0.725338,550.644,182.389
139,2.318983,21,0.344650,526.523,506.477
140,2.335667,15,0.227275,777.266,661.809
140,2.335667,20,0.631452,548.274,175.614
140,2.335667,21,0.666155,527.180,527.229
141,2.352350,15,0.227275,777.849,686.723
141,2.352350,20,0.388758,546.144,170.867
141,2.352350,21,0.452002,528.859,550.976
141,2.352350,22,0.365500,787.336,608.255
142,2.369033,20,0.691889,543.951,168.290
142,2.369033,21,0.486342,532.656,572.241
142,2.369033,22,0.407971,789.114,612.503
143,2.385717,20,0.654679,541.796,167.526
143,2.385717,21,0.370270,538.860,589.340
143,2.385717,22,0.619523,790.922,614.305
144,2.402400,20,0.568650,539.593,168.634
144,2.402400,21,0.443265,546.588,601.578
144,2.402400,22,0.522689,792.305,612.945
145,2.419083,20,0.381116,537.459,171.666
145,2.419083,21,0.719416,555.009,607.363
145,2.419083,22,0.680572,792.875,608.502
146,2.435767,20,0.291023,535.266,176.477
146,2.435767,21,0.348110,563.536,606.201
146,2.435767,22,0.413839,792.508,600.639
147,2.452450,20,0.344644,533.027,183.416
147,2.452450,21,0.348110,569.644,615.709
147,2.452450,22,0.204762,791.002,590.160
148,2.469133,20,0.298531,530.907,192.046
148,2.469133,21,0.348110,575.751,625.217
148,2.469133,22,0.191334,788.300,576.132
149,2.485817,20,0.338197,528.818,202.623
149,2.485817,21,0.348110,581.859,634.725
149,2.485817,22,0.385034,783.691,559.352
149,2.485817,23,0.537014,578.758,546.867
150,2.502500,20,0.620805,526.722,215.221
150,2.502500,21,0.348110,587.966,644.233
150,2.502500,22,0.385034,782.002,549.714
150,2.502500,23,0.537014,579.595,541.472
151,2.519183,20,0.418730,524.429,229.818
151,2.519183,21,0.348110,594.074,653.741
151,2.519183,22,0.385034,780.313,540.077
151,2.519183,23,0.537014,580.433,536.077
152,2.535867,20,0.164677,522.562,246.590
152,2.535867,22,0.385034,778.624,530.439
152,2.535867,23,0.537014,581.271,530.682
153,2.552550,20,0.164677,520.465,257.797
153,2.552550,22,0.385034,776.935,520.801
154,2.569233,20,0.164677,518.368,269.004
154,2.569233,22,0.385034,775.246,511.164
155,2.585917,20,0.164677,516.271,280.211
156,2.602600,20,0.164677,514.174,291.418
157,2.619283,20,0.164677,512.077,302.625
157,2.619283,25,0.561120,584.985,303.461
157,2.619283,24,0.307696,514.224,352.109
158,2.635967,25,0.579445,585.389,279.805
158,2.635967,24,0.307696,513.823,358.408
159,2.652650,25,0.579445,585.628,267.128
159,2.652650,24,0.307696,513.422,364.708
160,2.669333,25,0.579445,585.867,254.450
160,2.669333,24,0.307696,513.021,371.007
161,2.686017,25,0.579445,586.106,241.773
162,2.702700,25,0.579445,586.345,229.096
164,2.736067,26,0.307370,586.047,160.112
165,2.752750,27,0.187965,592.286,373.980
165,2.752750,26,0.176425,586.355,147.599
166,2.769433,27,0.356806,584.367,373.849
166,2.769433,26,0.217140,586.569,135.187
166,2.769433,28,0.606011,586.612,135.478
167,2.786117,27,0.174978,579.552,373.775
167,2.786117,26,0.409091,586.752,124.133
167,2.786117,28,0.606011,586.653,132.836
168,2.802800,27,0.214453,577.040,373.709
168,2.802800,26,0.688809,587.043,115.108
168,2.802800,28,0.606011,586.694,130.195
169,2.819483,27,0.214453,570.457,373.123
169,2.819483,26,0.606485,587.231,108.645
169,2.819483,28,0.606011,586.735,127.553
170,2.836167,27,0.214453,563.874,372.537
170,2.836167,26,0.612884,587.460,104.170
171,2.852850,27,0.214453,557.291,371.952
171,2.852850,26,0.712087,587.752,102.131
172,2.869533,27,0.214453,550.708,371.366
172,2.869533,26,0.671149,588.057,102.655
173,2.886217,27,0.214453,544.125,370.781
173,2.886217,26,0.866066,588.292,105.468
174,2.902900,26,0.818947,588.533,110.749
174,2.902900,29,0.471025,459.773,537.974
175,2.919583,26,0.686517,588.946,118.289
175,2.919583,29,0.650895,453.533,511.723
175,2.919583,30,0.782694,604.902,367.829
176,2.936267,26,0.842968,589.287,127.860
176,2.936267,29,0.756021,449.034,479.772
176,2.936267,30,0.816790,608.332,371.076
177,2.952950,26,0.532781,589.638,139.556
177,2.952950,29,0.838224,446.571,443.772
177,2.952950,30,0.753708,612.665,376.329
178,2.969633,26,0.276314,590.058,153.451
178,2.969633,29,0.704646,445.648,407.517
178,2.969633,30,0.421160,616.582,383.708
179,2.986317,26,0.643103,590.515,169.478
179,2.986317,29,0.711033,445.533,371.869
179,2.986317,30,0.619900,620.521,393.091
180,3.003000,26,0.227480,590.909,187.744
180,3.003000,29,0.560659,445.749,337.482
180,3.003000,30,0.644723,624.318,403.817
181,3.019683,26,0.285795,591.399,207.653
181,3.019683,29,0.212644,446.261,304.819
181,3.019683,30,0.372896,627.918,416.470
182,3.036367,26,0.588063,591.767,229.510
182,3.036367,29,0.639744,447.062,274.307
182,3.036367,30,0.226012,631.718,430.810
183,3.053050,26,0.217057,592.011,253.530
183,3.053050,29,0.639744,446.515,243.028
183,3.053050,30,0.226012,635.287,440.881
184,3.069733,26,0.668204,592.624,279.522
184,3.069733,29,0.323697,448.342,218.006
184,3.069733,30,0.226012,638.856,450.953
185,3.086417,26,0.585755,593.073,307.844
185,3.086417,29,0.331766,450.367,194.928
185,3.086417,30,0.291380,641.839,475.020
186,3.103100,26,0.274199,593.352,337.635
186,3.103100,29,0.220129,451.882,174.089
186,3.103100,30,0.578810,645.067,499.634
187,3.119783,26,0.274199,593.743,362.065
187,3.119783,29,0.396904,453.604,154.966
187,3.119783,30,0.216979,648.514,525.054
188,3.136467,26,0.186104,594.651,397.018
188,3.136467,29,0.472664,455.167,137.868
188,3.136467,30,0.325813,652.017,551.818
189,3.153150,26,0.222802,598.224,429.617
189,3.153150,29,0.472456,456.342,122.359
189,3.153150,30,0.168832,656.140,574.968
190,3.169833,26,0.246335,604.564,460.183
190,3.169833,29,0.491909,457.600,108.651
190,3.169833,30,0.168832,659.745,596.562
191,3.186517,26,0.246335,607.228,489.341
191,3.186517,29,0.259445,458.844,97.038
191,3.186517,30,0.478750,660.635,609.143
192,3.203200,26,0.331916,621.709,516.543
192,3.203200,29,0.219381,460.159,87.228
192,3.203200,30,0.478750,663.519,628.344
193,3.219883,26,0.471049,637.237,539.258
193,3.219883,29,0.422448,461.323,79.209
193,3.219883,30,0.478750,666.403,647.546
194,3.236567,26,0.256846,652.487,557.269
194,3.236567,29,0.422448,462.547,66.092
194,3.236567,30,0.478750,669.287,666.747
195,3.253250,26,0.286554,667.208,571.008
195,3.253250,29,0.179951,464.315,63.926
195,3.253250,30,0.478750,672.171,685.948
195,3.253250,31,0.415928,642.646,629.199
196,3.269933,26,0.347644,681.440,581.613
196,3.269933,29,0.179951,465.683,53.715
196,3.269933,30,0.478750,675.055,705.150
196,3.269933,31,0.234307,641.488,637.301
197,3.286617,26,0.347644,693.594,600.416
197,3.286617,29,0.179951,467.051,43.505
197,3.286617,31,0.219958,640.726,644.065
198,3.303300,26,0.347644,705.748,619.219
198,3.303300,29,0.179951,468.420,33.294
198,3.303300,31,0.368793,639.880,647.857
199,3.319983,26,0.347644,717.902,638.021
199,3.319983,29,0.179951,469.788,23.084
199,3.319983,31,0.394781,638.292,648.361
200,3.336667,26,0.347644,730.056,656.824
200,3.336667,29,0.179951,471.156,12.873
200,3.336667,31,0.418242,635.386,645.676
200,3.336667,32,0.559769,718.689,583.403
201,3.353350,26,0.347644,742.210,675.627
201,3.353350,31,0.182759,631.998,640.277
201,3.353350,32,0.477052,724.833,583.650
202,3.370033,31,0.228649,628.203,632.018
202,3.370033,32,0.394063,730.683,582.723
202,3.370033,33,0.394349,474.137,99.655
203,3.386717,31,0.311599,624.083,620.071
203,3.386717,32,0.339652,734.916,579.852
203,3.386717,33,0.487026,475.401,109.667
204,3.403400,31,0.181410,620.408,604.374
204,3.403400,32,0.390489,737.499,575.228
204,3.403400,33,0.548092,477.071,123.040
205,3.420083,31,0.593001,617.050,583.875
205,3.420083,32,0.428423,738.308,568.223
205,3.420083,33,0.510360,479.078,138.953
206,3.436767,31,0.707285,613.080,557.797
206,3.436767,32,0.387506,737.600,558.003
206,3.436767,33,0.224804,480.983,156.833
207,3.453450,31,0.707285,609.696,542.725
207,3.453450,32,0.387506,739.584,552.817
207,3.453450,33,0.401466,482.335,176.604
208,3.470133,31,0.707285,606.312,527.652
208,3.470133,32,0.387506,741.569,547.632
208,3.470133,33,0.168192,484.031,197.963
209,3.486817,31,0.707285,602.928,512.579
209,3.486817,32,0.387506,743.553,542.446
209,3.486817,33,0.168192,485.544,214.283
210,3.503500,31,0.707285,599.545,497.507
210,3.503500,32,0.387506,745.538,537.261
210,3.503500,33,0.168192,487.057,230.603
211,3.520183,31,0.707285,596.161,482.434
211,3.520183,32,0.387506,747.522,532.075
211,3.520183,33,0.168192,488.570,246.923
212,3.536867,33,0.168192,490.084,263.244
213,3.553550,33,0.168192,491.597,279.564
220,3.670333,34,0.448833,591.398,124.839
221,3.687017,34,0.517719,589.732,107.252
222,3.703700,34,0.369263,588.023,88.258
223,3.720383,34,0.633018,586.537,70.450
224,3.737067,34,0.439742,585.170,54.578
225,3.753750,34,0.338952,583.633,41.113
226,3.770433,34,0.259972,581.933,29.999
227,3.787117,34,0.546050,580.228,21.513
228,3.803800,34,0.613827,578.579,16.132
229,3.820483,34,0.496653,577.011,13.478
230,3.837167,34,0.643884,575.359,13.015
231,3.853850,34,0.596880,573.611,14.147
232,3.870533,34,0.738738,572.060,16.386
232,3.870533,36,0.694356,443.254,522.477
232,3.870533,35,0.814149,602.099,366.072
233,3.887217,34,0.407195,570.631,20.498
233,3.887217,36,0.694356,442.133,517.169
233,3.887217,35,0.881057,601.694,366.096
234,3.903900,34,0.165749,569.214,26.856
234,3.903900,36,0.694356,441.011,511.861
234,3.903900,35,0.688747,601.204,367.720
235,3.920583,34,0.767408,567.830,35.213
235,3.920583,36,0.694356,439.890,506.553
235,3.920583,35,0.279220,600.667,371.599
236,3.937267,34,0.210695,566.436,46.024
236,3.937267,35,0.279220,600.267,373.046
237,3.953950,34,0.424738,564.832,58.856
237,3.953950,35,0.279220,599.868,374.494
238,3.970633,34,0.682485,563.451,73.665
238,3.970633,35,0.279220,599.468,375.941
239,3.987317,34,0.717377,561.913,90.386
239,3.987317,35,0.279220,599.068,377.388
240,4.004000,34,0.230163,560.485,109.227
240,4.004000,35,0.279220,598.668,378.835
241,4.020683,34,0.218772,559.031,129.781
242,4.037367,34,0.551502,557.821,152.413
242,4.037367,37,0.675133,457.636,211.772
243,4.054050,34,0.281599,556.396,176.678
243,4.054050,37,0.457339,460.133,189.150
243,4.054050,38,0.258799,594.045,472.282
244,4.070733,34,0.490110,555.307,202.702
244,4.070733,37,0.651579,463.228,164.785
244,4.070733,38,0.761336,593.081,491.190
245,4.087417,34,0.490110,553.986,223.592
245,4.087417,37,0.330946,466.838,141.470
245,4.087417,38,0.761336,592.574,500.833
246,4.104100,34,0.492599,553.082,255.847
246,4.104100,37,0.591367,470.607,119.858
246,4.104100,38,0.761336,592.068,510.477
247,4.120783,34,0.590658,551.860,289.402
247,4.120783,37,0.168064,473.903,100.733
247,4.120783,38,0.761336,591.561,520.120
248,4.137467,34,0.582072,550.728,324.020
248,4.137467,37,0.598856,477.389,84.365
248,4.137467,38,0.761336,591.054,529.764
249,4.154150,34,0.518695,549.891,359.746
249,4.154150,37,0.407364,480.913,70.142
249,4.154150,38,0.401340,591.209,557.665
250,4.170833,34,0.606241,551.209,393.889
250,4.170833,37,0.686837,484.446,58.484
250,4.170833,38,0.382363,591.625,578.000
251,4.187517,34,0.427941,556.007,425.325
251,4.187517,37,0.210702,488.284,48.966
251,4.187517,38,0.382363,591.557,595.201
252,4.204200,34,0.228098,564.533,453.721
252,4.204200,37,0.650505,491.988,41.821
252,4.204200,38,0.382363,591.489,612.403
253,4.220883,34,0.228098,567.485,484.373
253,4.220883,37,0.623075,495.700,36.749
254,4.237567,34,0.228098,570.437,515.024
254,4.237567,37,0.258266,499.540,34.151
255,4.254250,34,0.228098,573.389,545.675
255,4.254250,37,0.434598,503.488,33.316
256,4.270933,34,0.228098,576.340,576.326
256,4.270933,37,0.314542,507.155,34.398
257,4.287617,34,0.228098,579.292,606.977
257,4.287617,37,0.498592,510.037,36.590
257,4.287617,39,0.436113,644.213,530.625
258,4.304300,37,0.481642,511.583,38.781
258,4.304300,39,0.425135,649.227,534.635
259,4.320983,37,0.593850,512.983,41.537
259,4.320983,39,0.272102,657.329,540.115
260,4.337667,37,0.573210,513.511,43.676
260,4.337667,39,0.269869,661.863,543.104
261,4.354350,37,0.475034,514.311,46.281
261,4.354350,39,0.269869,666.965,546.792
262,4.371033,37,0.467937,514.573,48.058
262,4.371033,39,0.269869,672.066,550.480
263,4.387717,37,0.425219,515.416,50.314
263,4.387717,39,0.223268,678.727,552.903
263,4.387717,40,0.196374,593.004,641.926
264,4.404400,37,0.423405,515.816,51.723
264,4.404400,39,0.229524,682.396,554.026
264,4.404400,40,0.199753,593.301,640.679
265,4.421083,37,0.408664,516.788,53.984
265,4.421083,39,0.275637,688.688,555.609
265,4.421083,40,0.284519,594.204,638.139
266,4.437767,37,0.387560,517.312,55.356
266,4.437767,39,0.272672,692.282,556.352
266,4.437767,40,0.278690,594.745,636.659
267,4.454450,37,0.387560,518.169,56.945
267,4.454450,39,0.352158,698.206,557.064
267,4.454450,40,0.173554,595.940,633.033
268,4.471133,37,0.387560,519.026,58.534
268,4.471133,39,0.349363,701.632,557.283
268,4.471133,40,0.171361,596.651,630.880
269,4.487817,37,0.253834,520.515,61.218
269,4.487817,39,0.551031,706.523,557.340
269,4.487817,40,0.227592,597.738,626.875
270,4.504500,37,0.190878,521.486,62.964
270,4.504500,39,0.552748,709.306,557.202
270,4.504500,40,0.229907,598.386,624.444
271,4.521183,37,0.429194,522.583,65.702
271,4.521183,39,0.551304,714.064,556.331
271,4.521183,40,0.217730,599.444,619.804
272,4.537867,37,0.385891,523.249,67.361
272,4.537867,39,0.537660,716.781,555.621
272,4.537867,40,0.186399,600.073,616.937
273,4.554550,37,0.287008,524.382,70.648
273,4.554550,39,0.355411,721.060,554.044
273,4.554550,40,0.186399,600.853,613.896
274,4.571233,37,0.287958,525.045,72.662
274,4.571233,39,0.348979,723.492,552.969
274,4.571233,40,0.186399,601.633,610.855
275,4.587917,37,0.353830,526.299,75.786
275,4.587917,39,0.272828,726.964,550.398
275,4.587917,40,0.348013,603.034,603.102
276,4.604600,37,0.360502,527.068,77.652
276,4.604600,39,0.260881,728.867,548.673
276,4.604600,40,0.351773,603.903,598.105
277,4.621283,37,0.379244,528.269,81.377
277,4.621283,39,0.206815,731.971,544.937
277,4.621283,40,0.224295,605.161,589.860
278,4.637967,37,0.394718,529.024,83.680
278,4.637967,39,0.220164,733.707,542.475
278,4.637967,40,0.218699,605.895,584.775
279,4.654650,37,0.490227,530.313,87.508
279,4.654650,39,0.417322,736.243,538.030
279,4.654650,40,0.175364,607.057,576.105
280,4.671333,37,0.495623,531.090,89.840
280,4.671333,39,0.432737,737.578,535.224
280,4.671333,40,0.341730,607.731,570.782
281,4.688017,37,0.296563,532.158,94.246
281,4.688017,39,0.371737,739.365,529.746
281,4.688017,40,0.198294,608.261,561.346
282,4.704700,37,0.283301,532.748,96.939
282,4.704700,39,0.370405,740.279,526.292
282,4.704700,40,0.204776,608.488,555.588
283,4.721383,37,0.583663,534.071,101.734
283,4.721383,39,0.609757,741.531,519.887
283,4.721383,40,0.393567,609.099,545.122
284,4.738067,37,0.577051,534.915,104.657
284,4.738067,39,0.612976,742.139,515.888
284,4.738067,40,0.384339,609.431,538.737
285,4.754750,37,0.614794,536.269,109.236
285,4.754750,39,0.585180,742.066,509.184
285,4.754750,40,0.626386,609.751,526.806
286,4.771433,37,0.634527,537.085,111.939
286,4.771433,39,0.570569,741.804,505.101
286,4.771433,40,0.576777,609.924,519.426
287,4.788117,37,0.451388,538.195,117.175
287,4.788117,39,0.192271,741.168,497.852
287,4.788117,40,0.297078,610.055,506.357
288,4.804800,37,0.460989,538.829,120.347
288,4.804800,39,0.194473,740.620,493.440
288,4.804800,40,0.313056,610.086,498.374
289,4.821483,37,0.629049,539.993,125.714
289,4.821483,39,0.194473,740.715,488.349
289,4.821483,40,0.219832,610.533,484.794
290,4.838167,37,0.612725,540.689,128.908
290,4.838167,39,0.194473,740.809,483.259
290,4.838167,40,0.210648,610.803,476.603
291,4.854850,37,0.710397,541.930,134.577
291,4.854850,39,0.194473,740.904,478.168
291,4.854850,40,0.278244,611.397,463.792
292,4.871533,37,0.719257,542.696,137.998
292,4.871533,39,0.194473,740.998,473.078
292,4.871533,40,0.260123,611.777,456.233
293,4.888217,37,0.666242,543.782,143.951
293,4.888217,39,0.265081,736.981,464.225
293,4.888217,40,0.313485,612.494,444.300
294,4.904900,37,0.676349,544.434,147.523
294,4.904900,39,0.266928,734.150,458.735
294,4.904900,40,0.334192,612.953,437.344
295,4.921583,37,0.641457,545.656,153.540
295,4.921583,39,0.266928,732.667,452.805
295,4.921583,40,0.334192,613.417,427.906
296,4.938267,37,0.625640,546.388,157.139
296,4.938267,39,0.266928,731.183,446.875
296,4.938267,40,0.334192,613.882,418.468
297,4.954950,37,0.632718,547.905,163.713
297,4.954950,39,0.482370,727.189,438.186
297,4.954950,40,0.176136,614.568,407.483
298,4.971633,37,0.614376,548.832,167.629
298,4.971633,39,0.478893,724.612,432.925
298,4.971633,40,0.176136,615.091,397.635
299,4.988317,37,0.700708,550.042,174.387
299,4.988317,39,0.446682,721.086,425.161
299,4.988317,40,0.495172,615.677,387.494
300,5.005000,37,0.730541,550.719,178.429
300,5.005000,39,0.407977,718.951,420.640
300,5.005000,40,0.466496,615.981,381.826
301,5.021683,37,0.582063,551.732,185.490
301,5.021683,39,0.558505,715.659,414.010
301,5.021683,40,0.565474,616.211,371.961
302,5.038367,37,0.593134,552.302,189.721
302,5.038367,39,0.491903,713.683,410.255
302,5.038367,40,0.561345,616.300,366.318
303,5.055050,37,0.795119,553.392,197.170
303,5.055050,39,0.652512,711.119,403.424
303,5.055050,40,0.655007,616.853,356.767
304,5.071733,37,0.797025,554.023,201.638
304,5.071733,39,0.653873,709.685,399.445
304,5.071733,40,0.654805,617.194,351.251
305,5.088417,37,0.441852,555.149,209.175
305,5.088417,39,0.324996,706.909,393.211
305,5.088417,40,0.756578,617.602,340.776
306,5.105100,37,0.568906,555.818,213.701
306,5.105100,39,0.342097,705.307,389.632
306,5.105100,40,0.759516,617.836,334.559
307,5.121783,37,0.557902,557.453,221.569
307,5.121783,39,0.748640,702.668,383.480
307,5.121783,40,0.618336,618.312,324.041
308,5.138467,37,0.573762,558.485,226.283
308,5.138467,39,0.763315,701.141,379.898
308,5.138467,40,0.622791,618.596,317.805
309,5.155150,37,0.547251,559.861,234.457
309,5.155150,39,0.652135,698.464,373.988
309,5.155150,40,0.857173,618.939,307.273
310,5.171833,37,0.555098,560.685,239.316
310,5.171833,39,0.675374,696.881,370.554
310,5.171833,40,0.853533,619.125,301.057
311,5.188517,37,0.354336,561.496,247.694
311,5.188517,39,0.675374,694.810,365.851
311,5.188517,40,0.271976,619.533,290.627
312,5.205200,37,0.365034,561.876,252.686
312,5.205200,39,0.675374,692.740,361.148
312,5.205200,40,0.275771,619.776,284.470
313,5.221883,37,0.365034,562.705,258.892
313,5.221883,39,0.675374,690.669,356.444
313,5.221883,40,0.275771,620.086,276.489
314,5.238567,37,0.365034,563.533,265.097
314,5.238567,39,0.675374,688.599,351.741
314,5.238567,40,0.275771,620.396,268.508
315,5.255250,37,0.365034,564.362,271.302
315,5.255250,39,0.171031,685.538,347.768
315,5.255250,40,0.275771,620.705,260.527
316,5.271933,37,0.365034,565.191,277.507
316,5.271933,39,0.172565,683.696,345.665
316,5.271933,40,0.275771,621.015,252.546
317,5.288617,37,0.225245,566.515,287.891
317,5.288617,39,0.597001,680.914,341.704
317,5.288617,40,0.275771,621.325,244.565
318,5.305300,37,0.224985,567.327,294.267
318,5.305300,39,0.586624,679.275,339.495
319,5.321983,37,0.467503,568.704,304.419
319,5.321983,39,0.873319,676.286,335.763
320,5.338667,37,0.467959,569.539,310.519
320,5.338667,39,0.868835,674.504,333.645
321,5.355350,37,0.205299,570.668,320.639
321,5.355350,39,0.782711,671.367,329.805
322,5.372033,37,0.204522,571.295,326.801
322,5.372033,39,0.780090,669.519,327.555
323,5.388717,37,0.587309,572.276,336.610
323,5.388717,39,0.830502,666.504,323.896
324,5.405400,37,0.608703,572.829,342.383
324,5.405400,39,0.830429,664.723,321.771
325,5.422083,37,0.608703,573.663,349.933
325,5.422083,39,0.604840,661.802,318.441
326,5.438767,37,0.192055,574.130,356.270
326,5.438767,39,0.554647,660.167,316.534
327,5.455450,37,0.185485,574.940,366.853
327,5.455450,39,0.679582,657.213,313.236
328,5.472133,37,0.175172,575.399,373.231
328,5.472133,39,0.682556,655.475,311.321
329,5.488817,37,0.175172,576.076,380.887
329,5.488817,39,0.586251,652.792,308.586
330,5.505500,37,0.175172,576.754,388.543
330,5.505500,39,0.591687,651.287,306.983
331,5.522183,37,0.175172,577.431,396.200
331,5.522183,39,0.456685,649.600,304.712
332,5.538867,37,0.175172,578.108,403.856
332,5.538867,39,0.467759,648.734,303.467
333,5.555550,37,0.175172,578.785,411.512
333,5.555550,39,0.467759,647.022,301.412
333,5.555550,41,0.221620,627.540,144.788
334,5.572233,39,0.213899,646.698,300.258
334,5.572233,41,0.315807,627.693,141.224
335,5.588917,39,0.213899,645.354,298.442
335,5.588917,41,0.167747,628.135,133.718
336,5.605600,39,0.213899,644.011,296.626
336,5.605600,41,0.405851,628.336,129.220
337,5.622283,39,0.213899,642.667,294.810
337,5.622283,41,0.339679,628.672,121.761
338,5.638967,39,0.213899,641.323,292.994
338,5.638967,41,0.361986,628.867,117.449
339,5.655650,39,0.213899,639.980,291.178
339,5.655650,41,0.420366,629.391,110.625
340,5.672333,41,0.433105,629.720,106.662
341,5.689017,41,0.263551,630.284,100.458
342,5.705700,41,0.282502,630.628,96.871
343,5.722383,41,0.333204,631.241,91.208
344,5.739067,41,0.328287,631.613,87.965
345,5.755750,41,0.328287,632.032,83.366
346,5.772433,41,0.328287,632.451,78.767
347,5.789117,41,0.386445,632.768,73.959
348,5.805800,41,0.345744,632.913,71.260
349,5.822483,41,0.479398,633.039,66.696
350,5.839167,41,0.458733,633.067,64.080
351,5.855850,41,0.458733,633.275,60.264
352,5.872533,41,0.458733,633.483,56.449
353,5.889217,41,0.171376,633.768,52.428
354,5.905900,41,0.194406,633.955,50.144
355,5.922583,41,0.244946,634.367,46.294
356,5.939267,41,0.262455,634.622,44.108
357,5.955950,41,0.262455,634.888,40.916
358,5.972633,41,0.262455,635.153,37.723
359,5.989317,41,0.196350,635.680,34.637
360,6.006000,41,0.191087,636.012,32.939
361,6.022683,41,0.348596,636.444,30.316
362,6.039367,41,0.358609,636.674,28.876
363,6.056050,41,0.450242,636.991,26.497
364,6.072733,41,0.457354,637.165,25.174
365,6.089417,41,0.491577,637.436,23.718
366,6.106100,41,0.519696,637.612,22.985
367,6.122783,41,0.434254,637.898,21.869
368,6.139467,41,0.425117,638.062,21.323
369,6.156150,41,0.433311,638.418,20.644
370,6.172833,41,0.421237,638.655,20.351
371,6.189517,41,0.415685,639.134,19.701
372,6.206200,41,0.396570,639.434,19.355
373,6.222883,41,0.396570,639.747,18.664
374,6.239567,41,0.396570,640.060,17.973
375,6.256250,41,0.396570,640.373,17.282
376,6.272933,41,0.396570,640.686,16.591
377,6.289617,41,0.156577,640.979,16.808
378,6.306300,41,0.157834,641.133,17.068
379,6.322983,41,0.156210,641.427,17.225
380,6.339667,41,0.155476,641.595,17.342
381,6.356350,41,0.160428,641.891,17.436
382,6.373033,41,0.183144,642.062,17.517
383,6.389717,41,0.183144,642.298,17.514
384,6.406400,41,0.183144,642.534,17.511
385,6.423083,41,0.183144,642.770,17.508
386,6.439767,41,0.183144,643.005,17.505
387,6.456450,41,0.183144,643.241,17.502
391,6.523183,42,0.208441,644.033,21.141
392,6.539867,42,0.210074,644.293,21.586
393,6.556550,42,0.338396,644.707,22.722
394,6.573233,42,0.338488,645.071,23.402
395,6.589917,42,0.303818,645.525,24.579
396,6.606600,42,0.320321,645.770,25.259
397,6.623283,42,0.582840,646.516,26.895
398,6.639967,42,0.628887,646.910,27.893
399,6.656650,42,0.672175,647.450,30.546
399,6.656650,43,0.443656,663.229,263.135
400,6.673333,42,0.662987,647.813,32.251
400,6.673333,43,0.431554,664.034,263.487
401,6.690017,42,0.610071,647.920,35.318
401,6.690017,43,0.365824,665.154,264.763
402,6.706700,42,0.601807,648.029,37.304
402,6.706700,43,0.369372,665.793,265.536
403,6.723383,42,0.621832,648.371,40.781
403,6.723383,43,0.322452,666.652,266.943
404,6.740067,42,0.632294,648.598,42.940
404,6.740067,43,0.336955,667.114,267.765
405,6.756750,42,0.631050,648.797,46.775
405,6.756750,43,0.347845,668.314,269.459
406,6.773433,42,0.597025,648.952,49.125
406,6.773433,43,0.312887,669.137,270.485
407,6.790117,42,0.766399,649.191,53.403
407,6.790117,43,0.654508,670.217,272.251
408,6.806800,42,0.769118,649.320,56.030
408,6.806800,43,0.664922,670.848,273.340
409,6.823483,42,0.802737,649.435,60.552
409,6.823483,43,0.641223,671.687,275.846
410,6.840167,42,0.815719,649.507,63.294
410,6.840167,43,0.648527,672.126,277.422
411,6.856850,42,0.798185,649.909,68.037
411,6.856850,43,0.818322,673.124,279.913
411,6.856850,44,0.276821,547.632,496.830
412,6.873533,42,0.803609,650.158,70.858
412,6.873533,43,0.819935,673.727,281.480
412,6.873533,44,0.255423,546.346,491.790
413,6.890217,42,0.325730,650.484,76.036
413,6.890217,43,0.653423,675.047,284.246
413,6.890217,44,0.255423,545.500,488.455
414,6.906900,42,0.154910,650.650,79.231
414,6.906900,43,0.635324,676.061,285.942
414,6.906900,44,0.255423,544.654,485.120
415,6.923583,42,0.571881,651.125,84.522
415,6.923583,43,0.787193,677.384,289.140
415,6.923583,44,0.255423,543.808,481.785
416,6.940267,42,0.651339,651.416,87.585
416,6.940267,43,0.789282,678.215,291.093
416,6.940267,44,0.255423,542.962,478.450
417,6.956950,42,0.572733,651.760,93.186
417,6.956950,43,0.801239,679.425,294.513
418,6.973633,42,0.558512,651.968,96.547
418,6.973633,43,0.803174,680.117,296.598
419,6.990317,42,0.728858,652.257,102.645
419,6.990317,43,0.837994,681.212,300.327
419,6.990317,45,0.651778,542.332,429.278
420,7.007000,42,0.734957,652.438,106.393
420,7.007000,43,0.841842,681.833,302.592
420,7.007000,45,0.651263,542.057,423.804
421,7.023683,42,0.824512,652.964,112.743
421,7.023683,43,0.801262,682.656,306.775
421,7.023683,45,0.692184,541.379,411.452
422,7.040367,42,0.803350,653.166,116.533
422,7.040367,43,0.804225,683.119,309.391
422,7.040367,45,0.711118,540.982,404.153
423,7.057050,42,0.286393,653.621,123.169
423,7.057050,43,0.823196,684.136,313.594
423,7.057050,45,0.742096,539.962,392.106
424,7.073733,42,0.428530,653.795,127.187
424,7.073733,43,0.829012,684.753,316.113
424,7.073733,45,0.740912,539.357,385.177
425,7.090417,42,0.351965,654.140,134.214
425,7.090417,43,0.840303,686.135,320.939
425,7.090417,45,0.692414,538.424,374.272
425,7.090417,46,0.613855,654.053,131.725
426,7.107100,42,0.391882,654.398,138.469
426,7.107100,43,0.840413,686.990,323.864
426,7.107100,45,0.703052,537.859,367.927
426,7.107100,46,0.454957,654.184,135.283
427,7.123783,42,0.282953,654.989,145.644
427,7.123783,43,0.803175,688.000,328.565
427,7.123783,45,0.460134,536.706,357.665
427,7.123783,46,0.195004,654.960,143.183
428,7.140467,42,0.222621,655.452,149.929
428,7.140467,43,0.802020,688.576,331.376
428,7.140467,45,0.471436,535.985,351.678
428,7.140467,46,0.260470,655.326,147.821
429,7.157150,42,0.222621,655.848,155.225
429,7.157150,43,0.855847,689.539,336.480
429,7.157150,45,0.624251,535.108,341.835
429,7.157150,46,0.260470,655.669,152.169
430,7.173833,42,0.222621,656.245,160.520
430,7.173833,43,0.858441,690.113,339.538
430,7.173833,45,0.617567,534.630,336.057
430,7.173833,46,0.260470,656.012,156.518
431,7.190517,42,0.255238,656.601,168.606
431,7.190517,43,0.818626,691.212,344.659
431,7.190517,45,0.701159,533.695,326.419
431,7.190517,46,0.260470,656.355,160.866
432,7.207200,42,0.234307,656.792,173.525
432,7.207200,43,0.818212,691.874,347.715
432,7.207200,45,0.686515,533.139,320.788
432,7.207200,46,0.260470,656.698,165.215
433,7.223883,42,0.291836,657.031,181.873
433,7.223883,43,0.531619,692.791,353.280
433,7.223883,45,0.248812,532.262,311.415
433,7.223883,46,0.260470,657.041,169.563
434,7.240567,42,0.235040,657.144,186.908
434,7.240567,43,0.469434,693.299,356.650
434,7.240567,45,0.208391,531.731,305.929
435,7.257250,42,0.235040,657.400,192.969
435,7.257250,43,0.184458,694.248,362.468
435,7.257250,45,0.499668,531.218,296.751
436,7.273933,42,0.235040,657.657,199.030
436,7.273933,43,0.204273,694.805,365.967
436,7.273933,45,0.474008,530.959,291.337
437,7.290617,42,0.501925,658.292,208.614
437,7.290617,43,0.616285,696.044,372.374
437,7.290617,45,0.692848,530.227,282.605
438,7.307300,42,0.464194,658.737,214.461
438,7.307300,43,0.587412,696.806,376.266
438,7.307300,45,0.650033,529.846,277.610
439,7.323983,42,0.453596,659.062,223.720
439,7.323983,43,0.271781,697.821,382.640
439,7.323983,45,0.384852,529.477,268.900
440,7.340667,42,0.454802,659.235,229.247
440,7.340667,43,0.260323,698.411,386.450
440,7.340667,45,0.381377,529.298,263.797
441,7.357350,42,0.403657,660.008,238.908
441,7.357350,43,0.260323,699.220,391.170
441,7.357350,45,0.194566,528.647,255.438
442,7.374033,42,0.420555,660.498,244.670
442,7.374033,43,0.260323,700.030,395.889
442,7.374033,45,0.187269,528.253,250.566
443,7.390717,42,0.394581,660.915,254.830
443,7.390717,43,0.260323,700.839,400.608
443,7.390717,45,0.601159,527.927,242.623
444,7.407400,42,0.397968,661.138,260.925
444,7.407400,43,0.260323,701.649,405.328
444,7.407400,45,0.613260,527.767,237.997
445,7.424083,42,0.578406,661.648,270.841
445,7.424083,43,0.251296,702.536,413.372
445,7.424083,45,0.217060,527.514,229.943
446,7.440767,42,0.567568,661.958,276.761
446,7.440767,43,0.244455,703.040,418.335
446,7.440767,45,0.389566,527.241,225.197
447,7.457450,42,0.588857,662.209,286.784
447,7.457450,43,0.225588,703.882,426.222
447,7.457450,45,0.183360,526.872,217.671
448,7.474133,42,0.574247,662.403,292.694
448,7.474133,43,0.219344,704.372,430.970
448,7.474133,45,0.357942,526.650,213.301
449,7.490817,42,0.739386,662.881,303.091
449,7.490817,43,0.168932,705.710,438.878
449,7.490817,45,0.411465,526.164,205.917
450,7.507500,42,0.751146,663.197,309.296
450,7.507500,43,0.168961,706.551,443.563
450,7.507500,45,0.439559,525.879,201.565
451,7.524183,42,0.696241,663.637,320.513
451,7.524183,43,0.168961,707.410,449.440
451,7.524183,45,0.150709,525.358,194.537
452,7.540867,42,0.692126,663.899,327.255
452,7.540867,43,0.168961,708.269,455.317
452,7.540867,45,0.547630,525.023,190.421
453,7.557550,42,0.726480,664.100,338.635
453,7.557550,43,0.168961,709.128,461.194
453,7.557550,45,0.487724,524.555,183.351
454,7.574233,42,0.711573,664.162,345.417
454,7.574233,43,0.168961,709.987,467.071
454,7.574233,45,0.465196,524.285,179.222
455,7.590917,42,0.711573,664.402,353.843
455,7.590917,43,0.168961,710.847,472.948
455,7.590917,45,0.614993,523.977,172.532
456,7.607600,42,0.711573,664.642,362.269
456,7.607600,45,0.597815,523.807,168.646
457,7.624283,42,0.711573,664.882,370.695
457,7.624283,45,0.211810,523.551,162.310
458,7.640967,42,0.168824,665.250,378.509
458,7.640967,45,0.309881,523.387,158.648
459,7.657650,42,0.390428,666.441,389.882
459,7.657650,45,0.320360,523.175,152.709
460,7.674333,42,0.401243,667.241,396.661
460,7.674333,45,0.310635,523.058,149.287
461,7.691017,42,0.401243,667.833,405.136
461,7.691017,45,0.154987,522.599,143.075
461,7.691017,47,0.198922,714.478,515.046
462,7.707700,42,0.401243,668.425,413.612
462,7.707700,45,0.154987,522.322,137.898
462,7.707700,47,0.215827,715.170,522.363
463,7.724383,42,0.401243,669.018,422.088
463,7.724383,45,0.177408,522.131,132.661
463,7.724383,47,0.215827,715.781,528.530
464,7.741067,42,0.401243,669.610,430.563
464,7.741067,45,0.180388,522.031,129.741
464,7.741067,47,0.215827,716.392,534.697
465,7.757750,42,0.401243,670.202,439.039
465,7.757750,45,0.260654,521.831,124.862
465,7.757750,47,0.215827,717.003,540.864
466,7.774433,45,0.288199,521.679,122.075
466,7.774433,47,0.215827,717.614,547.030
467,7.791117,45,0.232353,521.414,117.063
467,7.791117,47,0.158086,716.159,557.686
468,7.807800,45,0.249357,521.234,114.156
468,7.807800,47,0.162859,715.171,563.617
469,7.824483,45,0.361112,520.984,109.322
469,7.824483,47,0.189222,713.176,569.328
470,7.841167,45,0.403736,520.862,106.527
470,7.841167,47,0.213622,711.913,572.254
471,7.857850,45,0.253240,520.622,102.037
471,7.857850,47,0.265717,710.503,575.967
471,7.857850,48,0.246644,687.717,466.285
472,7.874533,45,0.258689,520.480,99.447
472,7.874533,47,0.267776,709.656,577.750
472,7.874533,48,0.246961,689.310,470.005
473,7.891217,45,0.458620,520.357,95.065
473,7.891217,47,0.267776,708.672,582.031
473,7.891217,48,0.246961,690.365,472.467
474,7.907900,45,0.505192,520.300,92.518
474,7.907900,47,0.267776,707.689,586.311
474,7.907900,48,0.246961,691.420,474.928
475,7.924583,45,0.346034,520.067,88.596
475,7.924583,47,0.267776,706.705,590.592
475,7.924583,48,0.246961,692.476,477.389
476,7.941267,45,0.350095,519.925,86.352
476,7.941267,47,0.267776,705.721,594.873
476,7.941267,48,0.246961,693.531,479.850
477,7.957950,45,0.223838,519.490,82.695
477,7.957950,47,0.267776,704.737,599.153
478,7.974633,45,0.183751,519.179,80.611
479,7.991317,45,0.321308,518.667,77.172
480,8.008000,45,0.221321,518.355,75.192
481,8.024683,45,0.553714,517.807,72.097
482,8.041367,45,0.579427,517.387,70.344
483,8.058050,45,0.456953,516.868,67.483
484,8.074733,45,0.461048,516.562,65.866
485,8.091417,45,0.462968,516.169,63.517
486,8.108100,45,0.432529,515.879,62.206
487,8.124783,45,0.432529,515.513,60.113
488,8.141467,45,0.432529,515.147,58.019
489,8.158150,45,0.209558,514.831,56.487
490,8.174833,45,0.274910,514.670,55.654
491,8.191517,45,0.182648,514.393,54.055
492,8.208200,45,0.183433,514.239,53.170
493,8.224883,45,0.172954,513.964,51.847
494,8.241567,45,0.161040,513.812,51.130
495,8.258250,45,0.308824,513.544,50.138
496,8.274933,45,0.162018,513.336,49.580
497,8.291617,45,0.256639,513.041,48.886
498,8.308300,45,0.241777,512.798,48.538
499,8.324983,45,0.251680,512.478,48.222
500,8.341667,45,0.216695,512.381,48.142
501,8.358350,45,0.339161,512.073,48.150
502,8.375033,45,0.355438,511.915,48.230
503,8.391717,45,0.343555,511.628,48.592
504,8.408400,45,0.317426,511.430,48.925
505,8.425083,45,0.294156,511.054,49.524
506,8.441767,45,0.345099,510.798,49.936
507,8.458450,45,0.364016,510.206,50.825
507,8.458450,49,0.162805,722.384,548.516
508,8.475133,45,0.369888,509.789,51.418
508,8.475133,49,0.165604,723.164,547.495
509,8.491817,45,0.369888,509.421,51.879
509,8.491817,49,0.254106,724.287,545.878
510,8.508500,45,0.369888,509.052,52.339
510,8.508500,49,0.250380,724.902,544.952
511,8.525183,45,0.369888,508.683,52.800
511,8.525183,49,0.250380,725.735,543.890
512,8.541867,45,0.369888,508.315,53.260
512,8.541867,49,0.250380,726.568,542.827
513,8.558550,45,0.187900,507.839,56.130
513,8.558550,49,0.274481,726.711,540.042
514,8.575233,45,0.262878,507.477,58.078
514,8.575233,49,0.273562,726.702,538.299
515,8.591917,45,0.156876,507.154,60.890
515,8.591917,49,0.167910,726.828,535.955
516,8.608600,45,0.156876,506.784,62.609
516,8.608600,49,0.178707,726.848,534.559
517,8.625283,45,0.545106,506.501,65.316
517,8.625283,49,0.314829,726.939,532.922
518,8.641967,45,0.563322,506.300,66.949
518,8.641967,49,0.321272,726.956,532.010
519,8.658650,45,0.356390,505.893,69.813
519,8.658650,49,0.293260,726.814,529.841
520,8.675333,45,0.324787,505.700,71.509
520,8.675333,49,0.286059,726.682,528.529
521,8.692017,45,0.270150,505.200,74.624
521,8.692017,49,0.283816,726.379,523.740
522,8.708700,45,0.201802,504.890,76.514
522,8.708700,49,0.256894,726.157,520.567
523,8.725383,45,0.201802,504.550,78.717
523,8.725383,49,0.256894,726.057,517.947
524,8.742067,45,0.201802,504.210,80.920
524,8.742067,49,0.256894,725.957,515.328
525,8.758750,45,0.201802,503.870,83.123
525,8.758750,49,0.256894,725.857,512.708
526,8.775433,45,0.201802,503.530,85.326
526,8.775433,49,0.256894,725.757,510.089
527,8.792117,45,0.201802,503.190,87.529
527,8.792117,49,0.256894,725.656,507.470
533,8.892217,50,0.462480,501.412,113.952
533,8.892217,51,0.172441,716.764,480.889
533,8.892217,52,0.169692,618.640,508.075
534,8.908900,50,0.491753,501.239,116.586
534,8.908900,51,0.185265,716.178,477.791
534,8.908900,52,0.168194,618.331,501.990
535,8.925583,50,0.491753,501.125,118.323
535,8.925583,51,0.185265,715.779,475.761
535,8.925583,52,0.168194,618.124,497.966
536,8.942267,50,0.491753,501.012,120.061
536,8.942267,51,0.185265,715.380,473.732
536,8.942267,52,0.168194,617.917,493.941
537,8.958950,50,0.173586,500.492,129.169
537,8.958950,51,0.185265,714.981,471.702
537,8.958950,52,0.168194,617.710,489.917
538,8.975633,50,0.198781,500.161,134.658
538,8.975633,51,0.185265,714.582,469.673
538,8.975633,52,0.168194,617.504,485.893
539,8.992317,50,0.262932,499.512,142.619
540,9.009000,50,0.522535,499.120,147.235
541,9.025683,50,0.744795,498.631,154.207
542,9.042367,50,0.744401,498.361,158.213
543,9.059050,50,0.307189,498.091,165.229
544,9.075733,50,0.153627,497.947,169.348
545,9.092417,50,0.630023,497.572,176.459
545,9.092417,53,0.409264,614.795,400.372
546,9.109100,50,0.636698,497.446,180.635
546,9.109100,53,0.401445,614.481,395.047
547,9.125783,50,0.785720,497.321,188.159
547,9.125783,53,0.733201,613.988,383.023
548,9.142467,50,0.783662,497.254,192.652
548,9.142467,53,0.744361,613.702,375.949
549,9.159150,50,0.903677,496.804,200.462
549,9.159150,53,0.869020,613.348,364.756
549,9.159150,54,0.622584,687.749,406.548
550,9.175833,50,0.895642,496.483,205.099
550,9.175833,53,0.873407,613.162,358.345
550,9.175833,54,0.653208,685.658,402.906
551,9.192517,50,0.603743,496.073,213.268
551,9.192517,53,0.662101,612.502,347.817
551,9.192517,54,0.168229,682.707,398.106
552,9.209200,50,0.564397,495.847,218.156
552,9.209200,53,0.650026,612.095,341.684
552,9.209200,54,0.157475,681.076,395.547
553,9.225883,50,0.581148,495.391,226.699
553,9.225883,53,0.754097,611.394,331.306
553,9.225883,54,0.262324,678.600,391.266
554,9.242567,50,0.609461,495.093,231.834
554,9.242567,53,0.753539,610.953,325.182
554,9.242567,54,0.248354,677.208,388.869
555,9.259250,50,0.810865,494.547,240.690
555,9.259250,53,0.833186,610.309,315.196
555,9.259250,54,0.376444,674.704,384.871
556,9.275933,50,0.805203,494.217,245.996
556,9.275933,53,0.831140,609.922,309.348
556,9.275933,54,0.367096,673.257,382.602
557,9.292617,50,0.242719,493.762,255.089
557,9.292617,53,0.629696,609.390,299.299
557,9.292617,54,0.166982,670.979,378.942
558,9.309300,50,0.381231,493.521,260.561
558,9.309300,53,0.596229,609.090,293.389
558,9.309300,54,0.166982,668.923,375.517
559,9.325983,50,0.198924,493.041,270.078
559,9.325983,53,0.780393,608.832,283.646
559,9.325983,54,0.207304,666.770,372.551
560,9.342667,50,0.207661,492.760,275.776
560,9.342667,53,0.777883,608.729,277.925
560,9.342667,54,0.212403,665.559,370.966
561,9.359350,50,0.603922,492.586,285.589
561,9.359350,53,0.679670,608.318,268.213
561,9.359350,54,0.293156,663.489,368.253
562,9.376033,50,0.578114,492.516,291.456
562,9.376033,53,0.675062,608.078,262.474
562,9.376033,54,0.291363,662.271,366.775
563,9.392717,50,0.274539,492.308,301.399
563,9.392717,53,0.370735,607.748,253.498
563,9.392717,54,0.167305,659.999,364.206
564,9.409400,50,0.323567,492.196,307.285
564,9.409400,53,0.386432,607.557,248.279
564,9.409400,54,0.172458,658.653,362.766
565,9.426083,50,0.448547,491.884,317.867
565,9.426083,53,0.547866,607.048,239.228
565,9.426083,54,0.226058,656.294,360.742
566,9.442767,50,0.228782,491.578,324.271
566,9.442767,53,0.554911,606.709,233.886
566,9.442767,54,0.260888,654.874,359.639
567,9.459450,50,0.445242,491.189,335.159
567,9.459450,53,0.631962,606.127,225.667
567,9.459450,54,0.391103,652.399,357.591
568,9.476133,50,0.479241,490.959,341.674
568,9.476133,53,0.629713,605.771,220.927
568,9.476133,54,0.420223,650.924,356.417
569,9.492817,50,0.302219,490.636,352.888
569,9.492817,53,0.310073,605.139,212.584
569,9.492817,54,0.557194,648.657,354.403
570,9.509500,50,0.212636,490.443,359.585
570,9.509500,53,0.298913,604.748,207.716
570,9.509500,54,0.524137,647.332,353.246
571,9.526183,50,0.166566,490.243,371.209
571,9.526183,53,0.288813,604.282,200.182
571,9.526183,54,0.605404,644.653,351.671
572,9.542867,50,0.174872,490.140,378.160
572,9.542867,53,0.272617,604.020,195.872
572,9.542867,54,0.584998,643.032,350.808
573,9.559550,50,0.174872,489.932,386.752
573,9.559550,53,0.272617,603.623,189.742
573,9.559550,54,0.189259,640.435,349.606
574,9.576233,50,0.174872,489.725,395.343
574,9.576233,53,0.272617,603.226,183.612
574,9.576233,54,0.206109,638.881,348.960
575,9.592917,50,0.174872,489.517,403.935
575,9.592917,53,0.333907,602.724,175.655
575,9.592917,54,0.505937,637.457,347.511
576,9.609600,50,0.174872,489.310,412.527
576,9.609600,53,0.326409,602.433,170.896
576,9.609600,54,0.512206,636.739,346.666
577,9.626283,50,0.155885,489.243,426.276
577,9.626283,53,0.370747,601.817,163.758
577,9.626283,54,0.779341,633.774,345.605
578,9.642967,50,0.157350,489.231,434.688
578,9.642967,53,0.396620,601.462,159.655
578,9.642967,54,0.757041,631.933,345.019
579,9.659650,50,0.157350,489.103,444.238
579,9.659650,53,0.645382,600.947,152.400
579,9.659650,54,0.582959,630.196,344.797
580,9.676333,50,0.157350,488.974,453.787
580,9.676333,53,0.591304,600.662,148.124
580,9.676333,54,0.590038,629.253,344.783
581,9.693017,50,0.157350,488.846,463.337
581,9.693017,53,0.349253,600.225,141.196
581,9.693017,54,0.210689,628.678,344.730
582,9.709700,53,0.371632,599.916,137.162
582,9.709700,54,0.223070,628.506,344.775
583,9.726383,53,0.337199,599.295,130.993
583,9.726383,54,0.223070,627.481,344.467
584,9.743067,53,0.341973,598.920,127.462
584,9.743067,54,0.223070,626.455,344.159
585,9.759750,53,0.251853,598.476,121.261
585,9.759750,54,0.223070,625.430,343.851
586,9.776433,53,0.299098,598.213,117.513
586,9.776433,54,0.223070,624.405,343.543
587,9.793117,53,0.426239,597.466,111.696
587,9.793117,54,0.223070,623.380,343.235
588,9.809800,53,0.393124,596.972,108.330
589,9.826483,53,0.239872,596.222,102.808
590,9.843167,53,0.208891,595.770,99.596
591,9.859850,53,0.333369,595.238,94.377
591,9.859850,55,0.277792,626.679,343.390
592,9.876533,53,0.314384,594.942,91.371
592,9.876533,55,0.258083,626.485,343.116
593,9.893217,53,0.573641,594.409,86.348
593,9.893217,55,0.480729,626.178,342.546
593,9.893217,56,0.400922,483.609,519.556
594,9.909900,53,0.571230,594.104,83.392
594,9.909900,55,0.498402,625.999,342.215
594,9.909900,56,0.420349,482.399,520.820
595,9.926583,53,0.215638,593.653,78.589
595,9.926583,55,0.151739,625.750,341.590
595,9.926583,56,0.420349,481.596,521.654
596,9.943267,53,0.212362,593.443,75.808
596,9.943267,55,0.153854,625.612,341.227
596,9.943267,56,0.420349,480.792,522.487
597,9.959950,53,0.605116,592.971,71.227
597,9.959950,55,0.283349,625.512,340.618
597,9.959950,56,0.179559,477.273,526.775
598,9.976633,53,0.585255,592.695,68.576
598,9.976633,55,0.256047,625.473,340.256
598,9.976633,56,0.170193,475.150,529.331
599,9.993317,53,0.441550,592.196,64.405
599,9.993317,55,0.256047,625.342,339.828
599,9.993317,56,0.170193,473.306,531.501
600,10.010000,53,0.526447,591.885,61.909
600,10.010000,55,0.170795,625.251,339.625
600,10.010000,56,0.170193,471.462,533.672
601,10.026683,53,0.213373,591.151,58.398
601,10.026683,55,0.170795,625.130,339.256
601,10.026683,56,0.170193,469.618,535.842
602,10.043367,53,0.228731,590.698,56.401
602,10.043367,55,0.170795,625.010,338.887
602,10.043367,56,0.170193,467.774,538.013
603,10.060050,53,0.327895,589.899,52.683
603,10.060050,55,0.170795,624.890,338.518
604,10.076733,53,0.318593,589.390,50.517
604,10.076733,55,0.160737,624.336,338.553
605,10.093417,53,0.319754,588.786,47.202
605,10.093417,55,0.291651,623.534,338.329
606,10.110100,53,0.311831,588.444,45.308
606,10.110100,55,0.293749,623.010,338.258
607,10.126783,53,0.472129,587.909,42.457
607,10.126783,55,0.172283,622.511,336.614
608,10.143467,53,0.466723,587.610,40.854
608,10.143467,55,0.165883,622.222,335.497
609,10.160150,53,0.314114,587.145,38.114
609,10.160150,55,0.165883,621.820,334.770
610,10.176833,53,0.336234,586.896,36.550
610,10.176833,55,0.165883,621.418,334.043
611,10.193517,53,0.481627,586.486,34.231
611,10.193517,55,0.165883,621.017,333.316
612,10.210200,53,0.486244,586.260,32.946
612,10.210200,55,0.165883,620.615,332.590
613,10.226883,53,0.721691,585.796,31.033
613,10.226883,55,0.165883,620.213,331.863
614,10.243567,53,0.720208,585.519,29.988
615,10.260250,53,0.657793,584.849,28.408
616,10.276933,53,0.668542,584.428,27.552
617,10.293617,53,0.726985,583.720,26.492
618,10.310300,53,0.729501,583.287,25.962
619,10.326983,53,0.789493,582.585,25.324
620,10.343667,53,0.793663,582.166,25.049
621,10.360350,53,0.792416,581.450,24.693
621,10.360350,57,0.207458,625.135,322.182
622,10.377033,53,0.789532,581.027,24.484
622,10.377033,57,0.193184,624.794,321.629
623,10.393717,53,0.769885,580.502,24.379
623,10.393717,57,0.193184,624.567,321.264
623,10.393717,58,0.350913,435.908,537.837
624,10.410400,53,0.778187,580.292,24.374
624,10.410400,57,0.193184,624.340,320.900
624,10.410400,58,0.365988,435.254,536.478
625,10.427083,53,0.739394,579.763,24.451
625,10.427083,57,0.193184,624.112,320.536
625,10.427083,58,0.262448,433.884,532.780
626,10.443767,53,0.737086,579.450,24.545
626,10.443767,57,0.193184,623.885,320.172
626,10.443767,58,0.258600,433.097,530.599
627,10.460450,53,0.662911,578.858,24.621
627,10.460450,58,0.258600,432.288,528.620
628,10.477133,53,0.658923,578.514,24.701
628,10.477133,58,0.258600,431.479,526.641
629,10.493817,53,0.599085,577.912,25.093
629,10.493817,58,0.258600,430.670,524.662
630,10.510500,53,0.604265,577.564,25.386
630,10.510500,58,0.258600,429.861,522.683
631,10.527183,53,0.741215,577.027,25.920
631,10.527183,58,0.695229,428.195,515.160
631,10.527183,59,0.822821,619.270,313.041
632,10.543867,53,0.748716,576.714,26.278
632,10.543867,58,0.687838,427.195,510.453
632,10.543867,59,0.825130,618.245,312.838
633,10.560550,53,0.714384,576.060,27.087
633,10.560550,58,0.635900,425.870,502.809
633,10.560550,59,0.649898,617.562,312.546
634,10.577233,53,0.706714,575.663,27.617
634,10.577233,58,0.621673,425.092,498.088
634,10.577233,59,0.707682,617.210,312.386
635,10.593917,53,0.706475,575.035,28.774
635,10.593917,58,0.732157,423.937,490.719
635,10.593917,59,0.766659,616.521,312.286
636,10.610600,53,0.675999,574.634,29.522
636,10.610600,58,0.724995,423.282,486.288
636,10.610600,59,0.762839,616.145,312.252
637,10.627283,53,0.677928,574.055,31.042
637,10.627283,58,0.294353,421.792,478.252
637,10.627283,59,0.831482,615.667,312.599
638,10.643967,53,0.686049,573.711,32.007
638,10.643967,58,0.452109,420.915,473.200
638,10.643967,59,0.835171,615.417,312.856
639,10.660650,53,0.165314,573.164,34.188
639,10.660650,58,0.679586,419.485,464.477
639,10.660650,59,0.810882,615.190,313.492
640,10.677333,53,0.153627,572.849,35.595
640,10.677333,58,0.679830,418.614,459.177
640,10.677333,59,0.810609,615.101,313.916
641,10.694017,53,0.706113,572.079,38.093
641,10.694017,58,0.671041,418.040,449.671
641,10.694017,59,0.773518,614.815,315.012
642,10.710700,53,0.734703,571.605,39.655
642,10.710700,58,0.668142,417.815,443.898
642,10.710700,59,0.770565,614.657,315.741
643,10.727383,53,0.761212,571.125,42.670
643,10.727383,58,0.734863,417.498,433.610
643,10.727383,59,0.785122,614.487,317.298
644,10.744067,53,0.722222,570.862,44.564
644,10.744067,58,0.718715,417.393,427.375
644,10.744067,59,0.775779,614.416,318.309
645,10.760750,53,0.895932,570.441,47.938
645,10.760750,58,0.743188,417.356,417.113
645,10.760750,59,0.799672,614.192,320.138
646,10.777433,53,0.898056,570.206,50.014
646,10.777433,58,0.747808,417.403,410.978
646,10.777433,59,0.801503,614.060,321.298
647,10.794117,53,0.876487,569.649,53.854
647,10.794117,58,0.747603,417.490,400.554
647,10.794117,59,0.781593,613.839,323.084
648,10.810800,53,0.856470,569.271,56.221
648,10.810800,58,0.744463,417.580,394.317
648,10.810800,59,0.781454,613.709,324.172
649,10.827483,53,0.819718,568.574,60.238
649,10.827483,58,0.801917,417.713,383.980
649,10.827483,59,0.747706,613.454,326.338
650,10.844167,53,0.818748,568.176,62.685
650,10.844167,58,0.814964,417.822,377.889
650,10.844167,59,0.758240,613.297,327.679
651,10.860850,53,0.860765,567.437,67.041
651,10.860850,58,0.836045,417.797,368.061
651,10.860850,59,0.799264,612.970,330.306
652,10.877533,53,0.851224,566.966,69.699
652,10.877533,58,0.836254,417.777,362.303
652,10.877533,59,0.787630,612.890,331.883
653,10.894217,53,0.689943,566.490,74.582
653,10.894217,58,0.630456,418.064,353.465
653,10.894217,59,0.483692,612.751,334.736
654,10.910900,53,0.666736,566.239,77.555
654,10.910900,58,0.638081,418.267,348.366
654,10.910900,59,0.495997,612.680,336.484
655,10.927583,53,0.806572,565.807,82.413
655,10.927583,58,0.798847,418.508,339.916
655,10.927583,59,0.663117,612.331,339.486
656,10.944267,53,0.800393,565.562,85.290
656,10.944267,58,0.801738,418.662,335.027
656,10.944267,59,0.670420,612.113,341.312
657,10.960950,53,0.873194,564.947,90.763
657,10.960950,58,0.277508,418.683,326.298
657,10.960950,59,0.881748,611.725,344.629
658,10.977633,53,0.868320,564.600,94.087
658,10.977633,58,0.647816,418.682,321.145
658,10.977633,59,0.886836,611.448,346.666
659,10.994317,53,0.865048,564.050,100.090
659,10.994317,58,0.796799,418.566,312.344
659,10.994317,59,0.718378,611.117,350.495
660,11.011000,53,0.866426,563.736,103.740
660,11.011000,58,0.800009,418.458,307.149
660,11.011000,59,0.720685,610.924,352.847
661,11.027683,53,0.894111,563.181,109.794
661,11.027683,58,0.832324,418.445,298.844
661,11.027683,59,0.831385,610.758,356.891
662,11.044367,53,0.893580,562.861,113.438
662,11.044367,58,0.837630,418.437,294.024
662,11.044367,59,0.836657,610.678,359.348
663,11.061050,53,0.824833,562.255,120.200
663,11.061050,58,0.851949,418.523,285.789
663,11.061050,59,0.671490,610.385,363.579
664,11.077733,53,0.827339,561.893,124.312
664,11.077733,58,0.853063,418.582,280.964
664,11.077733,59,0.669559,610.206,366.132
665,11.094417,53,0.876911,561.426,131.099
665,11.094417,58,0.535494,418.622,273.328
665,11.094417,59,0.759336,609.825,370.494
666,11.111100,53,0.876199,561.167,135.160
666,11.111100,58,0.497780,418.646,268.913
666,11.111100,59,0.772930,609.592,373.117
667,11.127783,53,0.830575,560.594,142.453
667,11.127783,58,0.828159,418.710,261.455
667,11.127783,59,0.720025,609.367,378.026
668,11.144467,53,0.817737,560.202,146.843
668,11.144467,58,0.821793,418.739,257.107
668,11.144467,59,0.726146,609.247,381.005
669,11.161150,53,0.323886,559.571,154.623
669,11.161150,58,0.728141,418.664,249.812
669,11.161150,59,0.175183,609.120,386.007
670,11.177833,53,0.310878,559.207,159.321
670,11.177833,58,0.729685,418.605,245.556
670,11.177833,59,0.168681,609.059,389.014
671,11.194517,53,0.310878,558.756,164.934
671,11.194517,58,0.389364,418.650,238.564
671,11.194517,59,0.168681,608.905,392.659
672,11.211200,53,0.310878,558.304,170.547
672,11.211200,58,0.274355,418.739,234.439
672,11.211200,59,0.168681,608.751,396.305
673,11.227883,53,0.317800,557.866,179.848
673,11.227883,58,0.443305,418.816,227.840
673,11.227883,59,0.168681,608.597,399.950
674,11.244567,53,0.327447,557.631,185.555
674,11.244567,58,0.344942,418.856,224.022
674,11.244567,59,0.168681,608.443,403.595
675,11.261250,53,0.327447,557.239,191.912
675,11.261250,58,0.458520,419.044,217.669
675,11.261250,59,0.168681,608.289,407.241
676,11.277933,53,0.152376,557.047,198.093
676,11.277933,58,0.620096,419.166,213.993
677,11.294617,53,0.152376,556.709,204.404
677,11.294617,58,0.377275,419.222,207.838
678,11.311300,53,0.152376,556.370,210.714
678,11.311300,58,0.384318,419.246,204.259
679,11.327983,53,0.152376,556.032,217.025
679,11.327983,58,0.384318,419.312,199.371
679,11.327983,60,0.224154,607.686,430.306
680,11.344667,53,0.152376,555.693,223.335
680,11.344667,58,0.156676,419.415,195.700
680,11.344667,60,0.260439,607.700,433.523
681,11.361350,53,0.152376,555.354,229.646
681,11.361350,58,0.156676,419.491,191.135
681,11.361350,60,0.324811,607.343,441.702
682,11.378033,58,0.156676,419.567,186.570
682,11.378033,60,0.316070,607.117,446.540
683,11.394717,58,0.238175,419.776,181.346
683,11.394717,60,0.409438,606.930,454.242
684,11.411400,58,0.232750,419.919,178.342
684,11.411400,60,0.422674,606.827,458.649
685,11.428083,58,0.677618,420.182,173.786
685,11.428083,60,0.420540,606.490,466.499
685,11.428083,61,0.524242,553.200,269.578
686,11.444767,58,0.676829,420.350,171.218
686,11.444767,60,0.414833,606.280,471.144
686,11.444767,61,0.505793,552.784,275.037
687,11.461450,58,0.649967,420.427,167.111
687,11.461450,60,0.414833,606.081,476.653
687,11.461450,61,0.594575,552.287,287.300
688,11.478133,58,0.664873,420.466,164.785
688,11.478133,60,0.414833,605.881,482.162
688,11.478133,61,0.587496,551.999,294.492
689,11.494817,58,0.807000,420.607,160.702
689,11.494817,60,0.414833,605.682,487.671
689,11.494817,61,0.595145,551.250,307.236
690,11.511500,58,0.814588,420.676,158.339
690,11.511500,60,0.414833,605.482,493.179
690,11.511500,61,0.600080,550.817,314.606
691,11.528183,58,0.801178,420.775,154.520
691,11.528183,60,0.207269,605.029,501.988
691,11.528183,61,0.266625,549.854,326.431
691,11.528183,62,0.179824,57.944,674.744
692,11.544867,58,0.797759,420.823,152.332
692,11.544867,60,0.201205,604.744,507.315
692,11.544867,61,0.349594,549.262,333.354
692,11.544867,62,0.187895,57.948,674.752
693,11.561550,58,0.777748,420.970,148.683
693,11.561550,60,0.289079,604.301,516.161
693,11.561550,61,0.655927,548.710,345.418
693,11.561550,62,0.176999,57.946,674.795
694,11.578233,58,0.765679,421.062,146.574
694,11.578233,60,0.272459,604.030,521.476
694,11.578233,61,0.624640,548.415,352.600
694,11.578233,62,0.179396,57.946,674.826
695,11.594917,58,0.796317,421.246,143.430
695,11.594917,60,0.420680,603.717,530.334
695,11.594917,61,0.793545,548.091,365.579
695,11.594917,62,0.174846,57.951,674.894
696,11.611600,58,0.801698,421.379,141.647
696,11.611600,60,0.432491,603.543,535.618
696,11.611600,61,0.796480,547.936,373.397
696,11.611600,62,0.176062,57.952,674.948
697,11.628283,58,0.776579,421.606,138.744
697,11.628283,60,0.197561,603.367,544.439
697,11.628283,61,0.694529,548.223,383.622
697,11.628283,62,0.175842,57.952,674.969
697,11.628283,63,0.152806,129.726,662.305
698,11.644967,58,0.769477,421.740,137.104
698,11.644967,60,0.195571,603.286,549.669
698,11.644967,61,0.696075,548.472,389.435
698,11.644967,62,0.173156,57.951,674.977
698,11.644967,63,0.152806,129.726,662.305
699,11.661650,58,0.494824,421.749,134.535
699,11.661650,60,0.370250,602.650,558.647
699,11.661650,61,0.464850,549.413,397.296
699,11.661650,62,0.155819,57.942,674.982
699,11.661650,63,0.152806,129.726,662.305
700,11.678333,58,0.503118,421.738,133.073
700,11.678333,60,0.363882,602.232,563.978
700,11.678333,61,0.466678,550.091,401.553
700,11.678333,62,0.151921,57.929,674.952
700,11.678333,63,0.152806,129.726,662.305
701,11.695017,58,0.622138,422.062,130.524
701,11.695017,60,0.580543,602.156,572.154
701,11.695017,61,0.449486,551.688,408.447
701,11.695017,62,0.151921,57.925,674.959
702,11.711700,58,0.639743,422.228,129.064
702,11.711700,60,0.576123,602.157,576.906
702,11.711700,61,0.439000,552.759,412.220
702,11.711700,62,0.151921,57.921,674.967
703,11.728383,58,0.296445,422.254,127.162
703,11.728383,60,0.576123,601.957,583.411
703,11.728383,61,0.164879,553.991,419.316
703,11.728383,62,0.151921,57.917,674.974
704,11.745067,58,0.320270,422.239,126.094
704,11.745067,60,0.576123,601.756,589.916
704,11.745067,61,0.185283,554.742,423.382
704,11.745067,62,0.151921,57.913,674.982
705,11.761750,58,0.239984,422.230,124.513
705,11.761750,60,0.576123,601.556,596.421
705,11.761750,61,0.185283,555.597,429.237
705,11.761750,62,0.151921,57.908,674.989
706,11.778433,58,0.300506,422.327,123.662
706,11.778433,60,0.576123,601.356,602.926
706,11.778433,61,0.185283,556.451,435.093
707,11.795117,58,0.320400,422.536,122.503
707,11.795117,60,0.309281,598.981,597.137
707,11.795117,61,0.299814,557.819,443.187
708,11.811800,58,0.351656,422.696,121.904
708,11.811800,60,0.322415,597.339,592.111
708,11.811800,61,0.316666,558.662,448.013
709,11.828483,58,0.396522,422.928,121.019
709,11.828483,60,0.311808,594.967,589.036
709,11.828483,61,0.391927,560.365,455.897
710,11.845167,58,0.354026,423.152,120.575
710,11.845167,60,0.301079,593.449,586.721
710,11.845167,61,0.368874,561.281,460.501
711,11.861850,58,0.328665,423.405,119.697
711,11.861850,60,0.288503,591.181,587.118
711,11.861850,61,0.705503,563.241,468.234
712,11.878533,58,0.289226,423.661,119.209
712,11.878533,60,0.297069,589.796,587.492
712,11.878533,61,0.714827,564.459,472.797
713,11.895217,58,0.193526,423.877,118.998
713,11.895217,60,0.156197,587.839,590.072
713,11.895217,61,0.601980,567.474,480.333
714,11.911900,58,0.193526,424.087,118.351
714,11.911900,60,0.160611,586.692,591.910
714,11.911900,61,0.604517,569.405,484.756
715,11.928583,58,0.237987,424.164,118.585
715,11.928583,60,0.250319,585.275,595.189
715,11.928583,61,0.532245,572.132,491.493
716,11.945267,58,0.211747,424.326,118.840
716,11.945267,60,0.251287,584.502,597.358
716,11.945267,61,0.512410,573.784,495.371
717,11.961950,58,0.211747,424.497,118.605
717,11.961950,60,0.251287,583.194,599.057
717,11.961950,61,0.512410,575.724,500.876
718,11.978633,58,0.211747,424.669,118.369
718,11.978633,60,0.251287,581.885,600.756
718,11.978633,61,0.512410,577.664,506.381
719,11.995317,58,0.202944,424.978,119.716
719,11.995317,60,0.251287,580.576,602.455
719,11.995317,61,0.174771,580.361,512.653
720,12.012000,58,0.214572,425.183,120.710
720,12.012000,60,0.251287,579.268,604.154
720,12.012000,61,0.198289,581.803,516.968
721,12.028683,58,0.326907,425.332,122.000
721,12.028683,60,0.251287,577.959,605.853
721,12.028683,61,0.198289,583.759,522.307
722,12.045367,58,0.349527,425.434,122.839
722,12.045367,61,0.158485,585.602,526.627
723,12.062050,58,0.192368,425.719,124.156
723,12.062050,61,0.158485,587.528,531.696
724,12.078733,58,0.211272,425.930,124.976
724,12.078733,61,0.158485,589.454,536.764
725,12.095417,58,0.399696,426.150,126.559
725,12.095417,61,0.374946,591.698,543.651
726,12.112100,58,0.403108,426.271,127.543
726,12.112100,61,0.376640,592.980,547.738
727,12.128783,58,0.409622,426.581,129.490
727,12.128783,61,0.376640,594.797,552.901
728,12.145467,58,0.420077,426.766,130.713
728,12.145467,61,0.376640,596.614,558.063
729,12.162150,58,0.536463,426.906,133.053
729,12.162150,61,0.187404,599.410,562.141
730,12.178833,58,0.525935,426.975,134.538
730,12.178833,61,0.184344,601.103,564.252
731,12.195517,58,0.602248,427.220,137.223
731,12.195517,61,0.196173,603.375,568.632
732,12.212200,58,0.601035,427.364,138.883
732,12.212200,61,0.193520,604.676,571.092
733,12.228883,58,0.440245,427.586,141.983
733,12.228883,61,0.709768,606.943,574.060
733,12.228883,64,0.400064,561.768,653.321
734,12.245567,58,0.491368,427.720,143.905
734,12.245567,61,0.711164,608.263,575.596
734,12.245567,64,0.406129,559.833,655.927
735,12.262250,58,0.551525,428.134,147.157
735,12.262250,61,0.422946,610.050,578.309
735,12.262250,64,0.406129,557.718,658.984
736,12.278933,58,0.494056,428.417,149.187
736,12.278933,61,0.425500,611.045,579.803
736,12.278933,64,0.406129,555.602,662.042
737,12.295617,58,0.545761,428.856,152.825
737,12.295617,61,0.493563,612.558,582.881
737,12.295617,64,0.406129,553.487,665.099
738,12.312300,58,0.526499,429.090,155.043
738,12.312300,61,0.498420,613.389,584.688
738,12.312300,64,0.406129,551.371,668.157
739,12.328983,58,0.371730,429.691,159.008
739,12.328983,61,0.396743,614.977,585.995
739,12.328983,64,0.168520,549.423,667.127
740,12.345667,58,0.382216,430.065,161.396
740,12.345667,61,0.406976,615.893,586.554
740,12.345667,64,0.164739,548.435,666.120
741,12.362350,58,0.179552,430.222,165.831
741,12.362350,61,0.399183,617.540,588.148
741,12.362350,64,0.225315,545.977,665.078
742,12.379033,58,0.185959,430.284,168.542
742,12.379033,61,0.406712,618.512,588.962
742,12.379033,64,0.246004,544.537,664.251
743,12.395717,58,0.214484,430.631,173.256
743,12.395717,61,0.455500,619.757,589.728
743,12.395717,64,0.302475,542.473,663.022
744,12.412400,58,0.192943,430.827,176.108
744,12.412400,61,0.454481,620.444,590.045
744,12.412400,64,0.310154,541.295,662.136
745,12.429083,58,0.366385,431.096,181.082
745,12.429083,61,0.290426,621.534,589.418
745,12.429083,64,0.295326,539.875,659.221
746,12.445767,58,0.385314,431.243,184.075
746,12.445767,61,0.292222,622.137,588.829
746,12.445767,64,0.294056,539.131,657.233
747,12.462450,58,0.508914,431.451,189.380
747,12.462450,61,0.335949,623.229,587.164
747,12.462450,64,0.228325,537.381,654.001
748,12.479133,58,0.500497,431.562,192.584
748,12.479133,61,0.331544,623.852,585.952
748,12.479133,64,0.232338,536.333,651.904
749,12.495817,58,0.493833,431.996,198.184
749,12.495817,61,0.481711,624.983,583.972
749,12.495817,64,0.217086,535.025,647.051
750,12.512500,58,0.297981,432.223,201.496
750,12.512500,61,0.389616,625.625,582.790
750,12.512500,64,0.155463,534.373,643.964
751,12.529183,58,0.415732,432.629,207.633
751,12.529183,61,0.523321,626.527,579.499
751,12.529183,64,0.261761,533.118,638.186
752,12.545867,58,0.440090,432.868,211.373
752,12.545867,61,0.528308,627.033,577.329
752,12.545867,64,0.267592,532.413,634.558
753,12.562550,58,0.440090,433.144,215.735
753,12.562550,61,0.470805,627.701,573.637
753,12.562550,64,0.214784,531.577,627.401
754,12.579233,58,0.161242,433.349,220.082
754,12.579233,61,0.485664,628.055,571.299
754,12.579233,64,0.218658,531.142,622.886
755,12.595917,58,0.175154,433.636,227.471
755,12.595917,61,0.504923,628.462,565.744
755,12.595917,64,0.218658,530.291,618.354
756,12.612600,58,0.201558,433.791,232.029
756,12.612600,61,0.508245,628.653,562.176
756,12.612600,64,0.218658,529.440,613.823
757,12.629283,58,0.201558,434.027,237.031
757,12.629283,61,0.180775,628.615,556.586
757,12.629283,64,0.197992,528.386,602.634
758,12.645967,58,0.156985,434.435,242.039
758,12.645967,61,0.170394,628.519,553.312
758,12.645967,64,0.203328,527.764,595.424
759,12.662650,58,0.353730,435.124,250.073
759,12.662650,61,0.453415,628.292,545.499
759,12.662650,64,0.194264,526.824,584.482
760,12.679333,58,0.386172,435.578,254.958
760,12.679333,61,0.451059,628.098,540.485
760,12.679333,64,0.180333,526.291,577.750
761,12.696017,58,0.386172,435.985,260.521
761,12.696017,61,0.161321,627.497,533.754
761,12.696017,64,0.180333,525.519,570.300
762,12.712700,58,0.386172,436.392,266.083
762,12.712700,61,0.161321,627.357,528.397
762,12.712700,64,0.180333,524.746,562.851
763,12.729383,58,0.581883,436.841,274.529
763,12.729383,61,0.334126,625.695,521.916
763,12.729383,64,0.180333,523.974,555.402
764,12.746067,58,0.557787,437.102,279.646
764,12.746067,61,0.476991,624.614,516.098
764,12.746067,64,0.180333,523.201,547.952
765,12.762750,58,0.612863,437.607,288.167
765,12.762750,61,0.327144,622.938,510.098
765,12.762750,64,0.534003,523.950,533.471
765,12.762750,65,0.352654,622.696,513.939
766,12.779433,58,0.187322,437.908,293.313
766,12.779433,61,0.420775,621.860,506.461
766,12.779433,64,0.521935,524.567,524.415
766,12.779433,65,0.305528,622.019,511.142
767,12.796117,58,0.167304,438.360,302.060
767,12.796117,61,0.420775,620.877,501.251
767,12.796117,64,0.246353,525.332,509.152
767,12.796117,65,0.305528,621.568,509.342
768,12.812800,58,0.167304,438.760,308.986
768,12.812800,61,0.420775,619.893,496.041
768,12.812800,64,0.227538,525.909,499.759
768,12.812800,65,0.305528,621.118,507.542
769,12.829483,58,0.152361,439.039,317.586
769,12.829483,61,0.420775,618.910,490.830
769,12.829483,64,0.227538,526.154,489.301
769,12.829483,65,0.305528,620.667,505.742
770,12.846167,58,0.152361,439.407,324.956
770,12.846167,61,0.420775,617.927,485.620
770,12.846167,64,0.227538,526.398,478.843
770,12.846167,65,0.305528,620.216,503.942
771,12.862850,58,0.152361,439.776,332.327
771,12.862850,61,0.420775,616.943,480.410
771,12.862850,64,0.248849,527.458,467.051
772,12.879533,58,0.152361,440.144,339.697
772,12.879533,64,0.243962,528.160,460.264
773,12.896217,58,0.706564,440.881,354.887
773,12.896217,64,0.745383,529.389,440.213
774,12.912900,58,0.737312,441.930,379.081
774,12.912900,64,0.284395,530.755,412.259
775,12.929583,58,0.737312,442.550,392.440
775,12.929583,64,0.284395,531.640,395.673
775,12.929583,66,0.595813,598.926,438.824
776,12.946267,58,0.737312,443.171,405.800
776,12.946267,64,0.284395,532.526,379.086
776,12.946267,66,0.708437,593.860,426.772
777,12.962950,58,0.737312,443.792,419.160
777,12.962950,64,0.284395,533.411,362.500
777,12.962950,66,0.636918,588.087,414.296
778,12.979633,58,0.737312,444.412,432.519
778,12.979633,64,0.284395,534.297,345.914
778,12.979633,66,0.521975,582.008,403.204
779,12.996317,64,0.284395,535.182,329.328
779,12.996317,66,0.708707,576.160,394.223
780,13.013000,66,0.648585,571.054,387.187
781,13.029683,66,0.648585,566.129,378.540
781,13.029683,67,0.610095,541.356,193.418
782,13.046367,66,0.648585,561.204,369.893
782,13.046367,67,0.732652,542.560,169.758
783,13.063050,66,0.648585,556.280,361.245
783,13.063050,67,0.594928,544.259,143.739
784,13.079733,66,0.648585,551.355,352.598
784,13.079733,67,0.706967,545.762,118.294
785,13.096417,66,0.648585,546.430,343.951
785,13.096417,67,0.441707,546.860,94.857
786,13.113100,67,0.664700,548.011,73.729
787,13.129783,67,0.497122,549.452,55.298
788,13.146467,67,0.628942,550.808,38.874
789,13.163150,67,0.455942,552.540,24.979
790,13.179833,67,0.731532,554.022,14.869
791,13.196517,67,0.405230,555.453,8.613
791,13.196517,68,0.291624,394.962,628.681
792,13.213200,67,0.531471,556.883,5.180
792,13.213200,68,0.381764,391.694,620.633
793,13.229883,67,0.734522,558.367,3.734
793,13.229883,68,0.412641,387.268,609.872
794,13.246567,67,0.716129,559.999,3.825
794,13.246567,68,0.373371,383.020,596.521
795,13.263250,67,0.811180,561.727,5.156
795,13.263250,68,0.600512,378.356,580.782
796,13.279933,67,0.619476,563.344,7.749
796,13.279933,68,0.688204,373.878,562.342
797,13.296617,67,0.737586,565.279,11.165
797,13.296617,68,0.596386,370.512,540.282
797,13.296617,69,0.664181,587.974,340.150
798,13.313300,67,0.699562,567.084,15.485
798,13.313300,68,0.734611,367.466,512.952
798,13.313300,69,0.839412,587.269,340.535
799,13.329983,67,0.762787,569.076,20.938
799,13.329983,68,0.701066,365.911,480.384
799,13.329983,69,0.880483,586.580,342.706
800,13.346667,67,0.789690,571.100,28.930
800,13.346667,68,0.701066,362.910,458.242
800,13.346667,69,0.759788,585.835,347.006
801,13.363350,67,0.671414,572.985,40.546
801,13.363350,68,0.701066,359.909,436.101
801,13.363350,69,0.679831,584.928,353.497
802,13.380033,67,0.840603,574.944,55.379
802,13.380033,68,0.701066,356.908,413.959
802,13.380033,69,0.672728,583.971,361.599
803,13.396717,67,0.788850,577.080,73.377
803,13.396717,68,0.701066,353.907,391.817
803,13.396717,69,0.650942,583.127,371.768
804,13.413400,67,0.848044,579.515,94.233
804,13.413400,68,0.701066,350.906,369.675
804,13.413400,69,0.626538,582.148,384.118
805,13.430083,67,0.781661,581.709,117.402
805,13.430083,69,0.640652,580.984,398.110
806,13.446767,67,0.781661,583.818,133.401
806,13.446767,69,0.640652,580.065,407.462
807,13.463450,67,0.781661,585.928,149.399
807,13.463450,69,0.243140,578.468,428.058
807,13.463450,70,0.414080,382.697,228.024
808,13.480133,67,0.781661,588.037,165.398
808,13.480133,69,0.374250,577.173,450.107
808,13.480133,70,0.414080,383.465,221.774
809,13.496817,67,0.781661,590.146,181.396
809,13.496817,69,0.374250,576.022,465.008
809,13.496817,70,0.414080,384.232,215.523
810,13.513500,67,0.781661,592.256,197.394
810,13.513500,69,0.168635,574.740,492.705
810,13.513500,70,0.414080,384.999,209.273
811,13.530183,69,0.464387,573.912,521.507
811,13.530183,71,0.762715,395.594,139.982
812,13.546867,69,0.478892,572.914,549.814
812,13.546867,71,0.794074,399.424,123.639
813,13.563550,69,0.175554,573.543,570.604
813,13.563550,71,0.453303,403.821,105.852
814,13.580233,69,0.643779,576.439,585.992
814,13.580233,71,0.749448,408.552,89.479
815,13.596917,69,0.266189,581.099,597.406
815,13.596917,71,0.722953,412.963,75.616
815,13.596917,72,0.498345,620.735,446.262
816,13.613600,69,0.300978,585.043,606.801
816,13.613600,71,0.714804,417.401,64.329
816,13.613600,72,0.261971,631.122,468.899
817,13.630283,69,0.300978,587.168,622.608
817,13.630283,71,0.339098,421.537,55.746
817,13.630283,72,0.261971,636.429,481.126
818,13.646967,69,0.354917,584.601,631.126
818,13.646967,71,0.309230,426.035,49.754
818,13.646967,72,0.184830,647.567,506.032
819,13.663650,69,0.481037,583.097,638.192
819,13.663650,71,0.632877,430.193,46.091
819,13.663650,72,0.371394,656.345,529.618
820,13.680333,69,0.564025,583.042,643.640
820,13.680333,71,0.624309,434.204,44.999
820,13.680333,72,0.255862,663.733,551.423
821,13.697017,69,0.371592,583.335,648.257
821,13.697017,71,0.666784,438.294,46.449
821,13.697017,72,0.301850,669.111,572.098
822,13.713700,69,0.296280,582.713,651.980
822,13.713700,71,0.687572,442.579,50.359
822,13.713700,72,0.530352,673.277,586.198
823,13.730383,69,0.458168,581.353,653.504
823,13.730383,71,0.376945,446.603,56.566
823,13.730383,72,0.486332,676.411,594.529
824,13.747067,69,0.345656,580.314,651.388
824,13.747067,71,0.437790,450.690,65.100
824,13.747067,72,0.405497,678.896,597.561
825,13.763750,69,0.354343,579.954,644.630
825,13.763750,71,0.470098,454.542,75.821
825,13.763750,72,0.324950,680.679,595.322
826,13.780433,69,0.584602,579.797,632.531
826,13.780433,71,0.554317,458.768,89.037
826,13.780433,72,0.324950,684.575,603.816
827,13.797117,69,0.584602,579.388,630.030
827,13.797117,71,0.402351,462.793,104.269
827,13.797117,72,0.324950,688.470,612.309
828,13.813800,69,0.584602,578.979,627.529
828,13.813800,71,0.311220,466.776,121.496
828,13.813800,72,0.324950,692.366,620.802
828,13.813800,73,0.541145,680.150,541.915
829,13.830483,69,0.584602,578.570,625.028
829,13.830483,71,0.614540,470.812,140.640
829,13.830483,72,0.324950,696.261,629.295
829,13.830483,73,0.192216,680.686,523.510
830,13.847167,69,0.584602,578.160,622.527
830,13.847167,71,0.493808,474.839,162.036
830,13.847167,72,0.324950,700.157,637.788
830,13.847167,73,0.192216,681.063,514.304
831,13.863850,69,0.584602,577.751,620.027
831,13.863850,71,0.703115,478.781,185.965
831,13.863850,73,0.192216,681.440,505.098
832,13.880533,71,0.394870,482.665,211.722
832,13.880533,73,0.192216,681.818,495.892
833,13.897217,71,0.601273,486.782,239.817
833,13.897217,73,0.192216,682.195,486.685
834,13.913900,71,0.839481,491.077,269.634
835,13.930583,71,0.687098,495.548,301.781
836,13.947267,71,0.687098,499.739,328.018
837,13.963950,71,0.292191,503.644,366.018
838,13.980633,71,0.610941,507.917,405.769
839,13.997317,71,0.619261,512.244,447.021
839,13.997317,74,0.429896,587.969,198.536
840,14.014000,71,0.619261,516.447,481.562
840,14.014000,74,0.429896,588.205,191.503
841,14.030683,71,0.619261,520.649,516.103
841,14.030683,74,0.429896,588.441,184.471
842,14.047367,71,0.619261,524.851,550.644
842,14.047367,74,0.429896,588.677,177.439
842,14.047367,75,0.417385,589.076,120.636
843,14.064050,71,0.619261,529.053,585.185
843,14.064050,75,0.528759,589.262,100.111
844,14.080733,71,0.619261,533.255,619.726
844,14.080733,75,0.642537,589.429,78.153
845,14.097417,75,0.241589,589.558,56.978
846,14.114100,75,0.241589,589.686,40.276
847,14.130783,75,0.504613,589.878,24.254
848,14.147467,75,0.373158,590.019,13.013
849,14.164150,75,0.776293,590.049,5.518
850,14.180833,75,0.626414,590.348,0.727
851,14.197517,75,0.486054,590.472,-1.819
852,14.214200,75,0.204515,590.732,-2.804
853,14.230883,75,0.333519,590.933,-2.282
854,14.247567,75,0.601140,591.142,-0.668
855,14.264250,75,0.387046,591.711,1.867
855,14.264250,76,0.695074,457.172,527.697
856,14.280933,75,0.769459,592.190,5.472
856,14.280933,76,0.606305,454.848,511.056
856,14.280933,77,0.567561,661.995,342.837
857,14.297617,75,0.781037,592.421,9.995
857,14.297617,76,0.606305,453.596,502.894
857,14.297617,77,0.670291,662.793,346.886
858,14.314300,75,0.602702,592.681,15.616
858,14.314300,76,0.606305,452.345,494.732
858,14.314300,77,0.651784,663.752,353.019
859,14.330983,75,0.798141,592.864,22.354
859,14.330983,76,0.606305,451.093,486.569
859,14.330983,77,0.756109,664.955,361.256
860,14.347667,75,0.709381,593.182,32.284
860,14.347667,76,0.606305,449.841,478.407
860,14.347667,77,0.547727,666.079,371.093
861,14.364350,75,0.654548,593.702,46.673
861,14.364350,77,0.547727,666.966,377.335
862,14.381033,75,0.796039,594.578,64.550
862,14.381033,77,0.409178,668.666,393.412
862,14.381033,78,0.425761,450.730,338.738
863,14.397717,75,0.776608,595.416,85.699
863,14.397717,77,0.322177,668.692,411.493
863,14.397717,78,0.328618,450.910,315.124
864,14.414400,75,0.493349,596.251,109.696
864,14.414400,77,0.555385,669.272,430.795
864,14.414400,78,0.348040,450.920,289.388
865,14.431083,75,0.291385,597.042,136.180
865,14.431083,77,0.733161,669.647,451.382
865,14.431083,78,0.229446,450.843,264.276
866,14.447767,75,0.345260,597.731,165.522
866,14.447767,77,0.733161,670.303,466.729
866,14.447767,78,0.694150,450.766,241.562
867,14.464450,75,0.345260,598.418,187.146
867,14.464450,77,0.154347,670.313,492.244
867,14.464450,78,0.278608,450.658,221.144
868,14.481133,75,0.518157,599.531,223.790
868,14.481133,77,0.154347,670.798,510.280
868,14.481133,78,0.360405,450.570,203.349
869,14.497817,75,0.794455,600.741,262.252
869,14.497817,77,0.154347,671.283,528.315
869,14.497817,78,0.495617,450.883,188.133
870,14.514500,75,0.836892,602.228,302.948
870,14.514500,77,0.154347,671.768,546.351
870,14.514500,78,0.561106,451.276,175.341
871,14.531183,75,0.651418,603.446,346.010
871,14.531183,77,0.154347,672.254,564.386
871,14.531183,78,0.419834,451.976,164.900
872,14.547867,75,0.557828,604.462,389.040
872,14.547867,77,0.154347,672.739,582.422
872,14.547867,78,0.438184,452.530,157.032
873,14.564550,75,0.297820,605.989,432.829
873,14.564550,78,0.554410,453.440,151.412
874,14.581233,75,0.177724,610.862,470.969
874,14.581233,78,0.584466,454.080,147.966
875,14.597917,75,0.177724,613.035,509.675
875,14.597917,78,0.597854,454.993,146.694
876,14.614600,75,0.193575,622.869,536.994
876,14.614600,78,0.570852,455.895,147.521
877,14.631283,75,0.193575,627.075,572.678
877,14.631283,78,0.466578,456.905,150.549
878,14.647967,75,0.193575,631.282,608.362
878,14.647967,78,0.293151,457.971,155.581
879,14.664650,75,0.193575,635.489,644.046
879,14.664650,78,0.529024,459.119,162.552
880,14.681333,75,0.350842,634.996,681.452
880,14.681333,78,0.444875,460.480,171.691
881,14.698017,75,0.350842,637.955,717.592
881,14.698017,78,0.573332,462.067,182.892
882,14.714700,75,0.350842,640.915,753.733
882,14.714700,78,0.573332,463.259,188.341
882,14.714700,79,0.157930,622.555,668.212
883,14.731383,75,0.350842,643.874,789.874
883,14.731383,78,0.366584,464.995,206.111
883,14.731383,79,0.175617,615.300,649.583
884,14.748067,78,0.595488,466.643,225.584
884,14.748067,79,0.371018,608.904,624.891
885,14.764750,78,0.294114,468.119,246.810
885,14.764750,79,0.156160,602.283,594.048
885,14.764750,80,0.461344,679.256,543.796
886,14.781433,78,0.766820,469.668,269.813
886,14.781433,79,0.156160,596.253,574.915
886,14.781433,80,0.162563,677.114,521.055
887,14.798117,78,0.213301,471.257,294.414
887,14.798117,79,0.156160,590.223,555.782
887,14.798117,80,0.162563,676.132,509.312
888,14.814800,78,0.685039,472.951,320.796
888,14.814800,79,0.156160,584.193,536.649
888,14.814800,80,0.162563,675.149,497.569
889,14.831483,78,0.560079,474.475,349.052
889,14.831483,79,0.156160,578.164,517.516
889,14.831483,80,0.162563,674.166,485.825
890,14.848167,78,0.678478,475.911,379.115
890,14.848167,79,0.156160,572.134,498.383
890,14.848167,80,0.162563,673.184,474.082
891,14.864850,78,0.231670,477.364,410.908
892,14.881533,78,0.737664,479.104,444.823
892,14.881533,81,0.682020,648.889,402.090
893,14.898217,78,0.580819,480.775,480.804
893,14.898217,81,0.514080,644.731,390.096
894,14.914900,78,0.405428,482.445,518.752
894,14.914900,81,0.674625,640.290,377.939
894,14.914900,82,0.516386,572.248,288.797
895,14.931583,78,0.405428,484.058,551.220
895,14.931583,81,0.371728,636.091,367.510
895,14.931583,82,0.516386,571.278,281.779
896,14.948267,78,0.405428,485.670,583.688
896,14.948267,81,0.276093,635.073,359.459
896,14.948267,82,0.516386,570.309,274.760
897,14.964950,78,0.309842,479.590,616.667
897,14.964950,81,0.276093,632.411,350.694
897,14.964950,82,0.516386,569.339,267.741
897,14.964950,83,0.605152,558.587,209.511
898,14.981633,78,0.398978,471.221,638.265
898,14.981633,81,0.260475,637.334,347.047
898,14.981633,83,0.507762,554.050,187.890
899,14.998317,78,0.398978,468.685,667.948
899,14.998317,81,0.260475,636.744,339.680
899,14.998317,83,0.791036,548.778,164.472
900,15.015000,78,0.398978,466.149,697.631
900,15.015000,81,0.260475,636.155,332.313
900,15.015000,83,0.663159,542.908,141.545
901,15.031683,78,0.398978,463.612,727.314
901,15.031683,81,0.260475,635.565,324.947
901,15.031683,83,0.492544,537.198,120.709
901,15.031683,84,0.497713,436.511,636.457
902,15.048367,78,0.398978,461.076,756.997
902,15.048367,81,0.260475,634.976,317.580
902,15.048367,83,0.226865,531.558,102.560
902,15.048367,84,0.163832,429.757,638.063
903,15.065050,78,0.398978,458.540,786.680
903,15.065050,81,0.185760,629.521,321.850
903,15.065050,83,0.224043,525.975,87.022
903,15.065050,84,0.373091,422.737,637.682
904,15.081733,81,0.185760,627.634,317.586
904,15.081733,83,0.361724,520.733,73.824
904,15.081733,84,0.246517,415.745,636.062
905,15.098417,81,0.189261,620.405,321.807
905,15.098417,83,0.605884,515.366,63.020
905,15.098417,84,0.246517,410.224,635.986
906,15.115100,81,0.220217,614.999,323.848
906,15.115100,83,0.664585,510.260,54.614
906,15.115100,84,0.216811,401.652,630.305
907,15.131783,81,0.220217,611.144,322.900
907,15.131783,83,0.560254,505.594,48.844
907,15.131783,84,0.216811,395.256,628.622
908,15.148467,81,0.215075,608.496,320.684
908,15.148467,83,0.536443,500.670,45.262
908,15.148467,84,0.168191,385.370,618.044
909,15.165150,81,0.410463,604.870,317.300
909,15.165150,83,0.667400,495.761,44.194
909,15.165150,84,0.255996,375.429,605.313
910,15.181833,81,0.295289,603.654,314.803
910,15.181833,83,0.726662,491.150,45.425
910,15.181833,84,0.263272,366.042,590.469
911,15.198517,81,0.778975,602.121,313.280
911,15.198517,83,0.703120,486.342,49.265
911,15.198517,84,0.426650,357.320,572.300
912,15.215200,81,0.878536,600.002,313.153
912,15.215200,83,0.817316,481.907,55.080
912,15.215200,84,0.679429,349.860,550.489
913,15.231883,81,0.840791,597.505,315.270
913,15.231883,83,0.902499,477.876,63.258
913,15.231883,84,0.861174,344.941,524.415
914,15.248567,81,0.871035,594.615,318.837
914,15.248567,83,0.877105,473.775,73.645
914,15.248567,84,0.856447,341.837,493.939
915,15.265250,81,0.825998,591.140,324.408
915,15.265250,83,0.838469,469.436,86.408
915,15.265250,84,0.812741,341.258,459.336
916,15.281933,81,0.819381,587.552,331.979
916,15.281933,83,0.799861,465.542,101.573
916,15.281933,84,0.798959,342.760,422.443
917,15.298617,81,0.789913,583.699,341.236
917,15.298617,83,0.689143,461.819,118.900
917,15.298617,84,0.517443,345.311,385.236
918,15.315300,81,0.693160,579.599,352.515
918,15.315300,83,0.821803,458.155,138.713
918,15.315300,84,0.329178,348.522,350.262
919,15.331983,81,0.702197,575.748,365.642
919,15.331983,83,0.756110,454.360,160.867
919,15.331983,84,0.672902,351.890,318.241
920,15.348667,81,0.510653,572.203,380.225
920,15.348667,83,0.664319,451.064,185.402
920,15.348667,84,0.563220,355.713,288.141
921,15.365350,81,0.510653,568.640,390.239
921,15.365350,83,0.249726,447.252,211.926
921,15.365350,84,0.390135,359.153,260.248
922,15.382033,81,0.510653,565.076,400.253
922,15.382033,83,0.249726,443.466,232.220
922,15.382033,84,0.390135,361.173,229.907
923,15.398717,81,0.810938,562.094,425.617
923,15.398717,83,0.590928,439.332,266.317
923,15.398717,84,0.420018,365.492,207.628
924,15.415400,81,0.598433,559.652,451.482
924,15.415400,83,0.343967,435.732,301.967
924,15.415400,84,0.686118,369.370,187.717
925,15.432083,81,0.324371,557.438,477.755
925,15.432083,83,0.151356,432.103,338.694
925,15.432083,84,0.539515,373.433,169.788
926,15.448767,81,0.292838,554.937,504.913
926,15.448767,83,0.523665,427.498,374.098
926,15.448767,84,0.230288,377.098,153.498
927,15.465450,81,0.292838,552.140,526.531
927,15.465450,83,0.282731,426.060,403.450
927,15.465450,84,0.675187,380.584,138.969
928,15.482133,81,0.230424,553.060,548.701
928,15.482133,83,0.731304,429.995,425.981
928,15.482133,84,0.563252,384.279,126.572
929,15.498817,81,0.167836,554.628,563.473
929,15.498817,83,0.373582,439.008,443.220
929,15.498817,84,0.450218,387.977,115.485
930,15.515500,81,0.307514,555.181,571.541
930,15.515500,83,0.373582,440.383,468.744
930,15.515500,84,0.839711,392.280,106.462
931,15.532183,81,0.307514,554.656,588.308
931,15.532183,83,0.373582,441.757,494.268
931,15.532183,84,0.449658,396.449,99.277
932,15.548867,81,0.307514,554.132,605.075
932,15.548867,83,0.373582,443.132,519.792
932,15.548867,84,0.521211,400.872,94.428
932,15.548867,85,0.310747,498.889,461.739
933,15.565550,81,0.307514,553.607,621.841
933,15.565550,83,0.373582,444.506,545.315
933,15.565550,84,0.154282,405.498,91.484
933,15.565550,85,0.310747,504.269,464.911
934,15.582233,81,0.307514,553.083,638.608
934,15.582233,83,0.373582,445.881,570.839
934,15.582233,84,0.598942,410.087,90.778
934,15.582233,85,0.310747,509.649,468.082
934,15.582233,86,0.574002,540.712,571.041
935,15.598917,81,0.307514,552.558,655.375
935,15.598917,84,0.391856,414.535,91.897
935,15.598917,85,0.310747,515.029,471.253
935,15.598917,86,0.307873,539.859,576.943
935,15.598917,87,0.270136,571.729,498.803
936,15.615600,84,0.154156,418.913,95.159
936,15.615600,86,0.163916,540.598,585.039
936,15.615600,87,0.270136,577.645,501.635
937,15.632283,84,0.154156,423.251,92.814
937,15.632283,86,0.174228,544.228,594.350
937,15.632283,87,0.270136,583.561,504.466
938,15.648967,84,0.154156,427.590,90.469
938,15.648967,86,0.174228,545.119,600.435
938,15.648967,87,0.270136,589.477,507.297
939,15.665650,84,0.154156,431.929,88.124
939,15.665650,86,0.291949,551.491,604.319
940,15.682333,84,0.154156,436.268,85.779
940,15.682333,86,0.208206,557.512,606.296
941,15.699017,84,0.154156,440.607,83.434
941,15.699017,86,0.199725,562.806,606.487
941,15.699017,88,0.299022,695.880,577.453
942,15.715700,86,0.248166,566.034,606.116
942,15.715700,88,0.613498,707.467,591.384
943,15.732383,86,0.518225,567.956,604.483
943,15.732383,88,0.386834,718.011,608.859
944,15.749067,86,0.374354,569.463,600.617
944,15.749067,88,0.223319,725.361,626.058
945,15.765750,86,0.181304,571.379,593.391
945,15.765750,88,0.156991,729.434,641.383
945,15.765750,89,0.531419,458.795,212.075
946,15.782433,86,0.194711,573.477,583.349
946,15.782433,88,0.156991,736.163,654.872
946,15.782433,89,0.530057,463.206,232.744
947,15.799117,86,0.314616,575.978,570.259
947,15.799117,88,0.156991,742.891,668.362
947,15.799117,89,0.259675,468.497,258.230
948,15.815800,86,0.419167,580.550,556.584
948,15.815800,88,0.156991,749.619,681.851
948,15.815800,89,0.505703,473.662,286.449
949,15.832483,86,0.419167,583.569,548.189
949,15.832483,88,0.156991,756.348,695.341
949,15.832483,89,0.480106,478.716,316.861
950,15.849167,86,0.419167,586.587,539.794
950,15.849167,88,0.156991,763.076,708.830
950,15.849167,89,0.480106,482.925,339.482
951,15.865850,86,0.419167,589.606,531.400
951,15.865850,89,0.480106,487.134,362.104
952,15.882533,86,0.419167,592.624,523.005
952,15.882533,89,0.480106,491.342,384.726
953,15.899217,86,0.419167,595.642,514.610
953,15.899217,89,0.480106,495.551,407.348
954,15.915900,89,0.480106,499.760,429.970
956,15.949267,90,0.330971,723.627,456.860
957,15.965950,90,0.639951,723.325,435.442
957,15.965950,91,0.255392,685.151,505.663
958,15.982633,90,0.462951,722.849,411.563
958,15.982633,91,0.225749,696.337,508.078
959,15.999317,90,0.458018,722.271,388.772
959,15.999317,91,0.525860,706.749,510.362
960,16.016000,90,0.338303,721.678,367.793
960,16.016000,91,0.645491,713.084,511.130
961,16.032683,90,0.624677,720.833,349.244
961,16.032683,91,0.645491,720.166,512.378
961,16.032683,92,0.239384,529.256,692.239
962,16.049367,90,0.751260,719.919,333.287
962,16.049367,91,0.167758,722.582,510.945
962,16.049367,92,0.295902,534.888,701.355
963,16.066050,90,0.177954,719.099,319.932
963,16.066050,91,0.167758,728.327,511.424
963,16.066050,92,0.200479,540.871,708.030
964,16.082733,90,0.645478,718.049,308.802
964,16.082733,91,0.167758,734.071,511.903
964,16.082733,92,0.253633,546.029,711.947
965,16.099417,90,0.679407,716.999,300.179
965,16.099417,91,0.183439,737.581,507.478
965,16.099417,92,0.253633,550.313,717.299
966,16.116100,90,0.468955,716.220,293.670
966,16.116100,91,0.183439,742.715,506.617
966,16.116100,92,0.253633,554.596,722.650
967,16.132783,90,0.452874,715.382,289.499
967,16.132783,91,0.183439,747.849,505.756
967,16.132783,92,0.253633,558.879,728.002
968,16.149467,90,0.205448,714.378,287.469
968,16.149467,91,0.183439,752.983,504.896
968,16.149467,92,0.253633,563.162,733.354
968,16.149467,93,0.244728,714.816,298.403
969,16.166150,90,0.205448,713.499,279.829
969,16.166150,91,0.183439,758.117,504.035
969,16.166150,92,0.253633,567.446,738.706
969,16.166150,93,0.354822,713.957,297.525
970,16.182833,90,0.176298,712.498,284.118
970,16.182833,93,0.302096,712.958,297.984
970,16.182833,94,0.229502,561.281,668.717
971,16.199517,90,0.176298,711.587,279.644
971,16.199517,93,0.467609,711.660,300.326
971,16.199517,94,0.229502,561.846,663.381
972,16.216200,90,0.176298,710.675,275.170
972,16.216200,93,0.209466,710.369,304.790
972,16.216200,94,0.229502,562.411,658.046
973,16.232883,90,0.176298,709.764,270.696
973,16.232883,93,0.274392,709.279,311.411
973,16.232883,94,0.229502,562.976,652.711
974,16.249567,90,0.176298,708.852,266.222
974,16.249567,93,0.554092,707.932,319.932
975,16.266250,90,0.176298,707.941,261.749
975,16.266250,93,0.519321,706.863,330.440
976,16.282933,93,0.673181,705.486,343.046
977,16.299617,93,0.640315,704.373,357.781
977,16.299617,95,0.718456,621.697,496.127
978,16.316300,93,0.789187,703.446,374.501
978,16.316300,95,0.738346,601.769,501.831
979,16.332983,93,0.176492,702.551,393.009
979,16.332983,95,0.589138,578.688,510.028
979,16.332983,96,0.681466,551.590,382.986
980,16.349667,93,0.288420,701.635,413.421
980,16.349667,95,0.263915,557.014,517.699
980,16.349667,96,0.734773,550.377,358.212
981,16.366350,93,0.376490,700.614,435.656
981,16.366350,95,0.341464,538.832,523.638
981,16.366350,96,0.617722,548.743,330.417
982,16.383033,93,0.294153,699.318,459.771
982,16.383033,95,0.445786,527.860,527.761
982,16.383033,96,0.617722,547.769,312.265
983,16.399717,93,0.192349,698.086,485.889
983,16.399717,95,0.445786,512.372,532.997
983,16.399717,96,0.150689,545.750,283.440
984,16.416400,93,0.166044,696.621,512.487
984,16.416400,95,0.316600,507.817,530.656
984,16.416400,96,0.289648,544.185,257.941
985,16.433083,93,0.166044,695.405,534.868
985,16.433083,95,0.195873,502.640,527.376
985,16.433083,96,0.328762,542.631,235.590
986,16.449767,93,0.166044,694.190,557.249
986,16.449767,95,0.450742,498.048,524.502
986,16.449767,96,0.659144,541.110,215.971
987,16.466450,93,0.166044,692.975,579.630
987,16.466450,95,0.648406,493.960,522.847
987,16.466450,96,0.440711,539.500,199.257
988,16.483133,93,0.203932,692.198,593.885
988,16.483133,95,0.564652,489.985,523.479
988,16.483133,96,0.640460,537.888,185.697
989,16.499817,93,0.177168,692.075,607.501
989,16.499817,95,0.592893,487.044,525.671
989,16.499817,96,0.302934,536.429,174.401
990,16.516500,93,0.206382,692.484,621.107
990,16.516500,95,0.557215,485.397,529.998
990,16.516500,96,0.562025,534.987,165.277
991,16.533183,93,0.206382,691.976,638.286
991,16.533183,95,0.327651,484.678,535.849
991,16.533183,96,0.187576,533.292,158.566
992,16.549867,93,0.179715,692.895,647.773
992,16.549867,95,0.184819,484.904,544.020
992,16.549867,96,0.187576,531.748,146.002
993,16.566550,93,0.266861,693.455,655.785
993,16.566550,95,0.657718,486.654,553.884
993,16.566550,96,0.187576,530.204,133.438
994,16.583233,93,0.159939,694.023,661.866
994,16.583233,95,0.518386,492.431,562.103
994,16.583233,96,0.187576,528.660,120.873
995,16.599917,93,0.190898,694.983,665.343
995,16.599917,95,0.616156,500.763,567.809
995,16.599917,96,0.187576,527.116,108.309
996,16.616600,93,0.197277,696.786,665.266
996,16.616600,95,0.635301,509.058,571.756
996,16.616600,96,0.187576,525.572,95.745
997,16.633283,93,0.215741,699.128,660.695
997,16.633283,95,0.505726,516.831,574.446
998,16.649967,93,0.484266,701.720,651.864
998,16.649967,95,0.480563,521.933,574.908
999,16.666650,93,0.264120,704.695,638.619
999,16.666650,95,0.693090,524.222,573.418
1000,16.683333,93,0.374520,707.118,620.121
1000,16.683333,95,0.781384,525.340,569.364
1001,16.700017,93,0.374520,709.183,612.858
1001,16.700017,95,0.766568,526.972,563.108
1002,16.716700,93,0.374520,711.247,605.595
1002,16.716700,95,0.537777,530.697,554.253
1002,16.716700,97,0.218738,519.921,216.421
1003,16.733383,93,0.374520,713.311,598.333
1003,16.733383,95,0.420406,538.419,543.552
1003,16.733383,97,0.517995,518.546,233.645
1004,16.750067,93,0.374520,715.376,591.070
1004,16.750067,95,0.450402,551.762,532.004
1004,16.750067,97,0.270453,517.186,253.441
1005,16.766750,93,0.374520,717.440,583.808
1005,16.766750,95,0.185423,569.209,519.743
1005,16.766750,97,0.398651,515.912,274.842
1005,16.766750,98,0.150246,702.465,474.230
1006,16.783433,95,0.185423,578.809,511.421
1006,16.783433,97,0.507089,514.735,298.155
1006,16.783433,98,0.150246,701.987,467.207
1007,16.800117,95,0.197029,601.524,499.492
1007,16.800117,97,0.486750,513.651,323.328
1007,16.800117,98,0.150246,701.509,460.183
1008,16.816800,95,0.681412,624.576,489.511
1008,16.816800,97,0.458285,512.739,350.530
1008,16.816800,98,0.150246,701.031,453.159
1009,16.833483,95,0.248437,647.499,481.640
1009,16.833483,97,0.512231,511.711,379.297
1010,16.850167,95,0.248437,665.135,472.598
1010,16.850167,97,0.616642,510.793,410.094
1010,16.850167,99,0.659562,691.135,353.086
1011,16.866850,95,0.216242,683.069,468.586
1011,16.866850,97,0.482461,510.047,442.590
1011,16.866850,99,0.418992,689.398,335.202
1012,16.883533,95,0.216242,700.785,460.878
1012,16.883533,97,0.482461,509.107,469.952
1012,16.883533,99,0.362573,687.314,315.647
1013,16.900217,95,0.216242,718.500,453.171
1013,16.900217,97,0.308057,508.405,509.156
1013,16.900217,99,0.232994,684.827,296.859
1014,16.916900,95,0.216242,736.216,445.464
1014,16.916900,97,0.308057,507.527,539.659
1014,16.916900,99,0.194787,681.893,280.685
1015,16.933583,95,0.216242,753.931,437.756
1015,16.933583,97,0.389083,507.200,577.646
1015,16.933583,99,0.229778,679.723,266.789
1016,16.950267,95,0.216242,771.647,430.049
1016,16.950267,97,0.389083,506.469,610.135
1016,16.950267,99,0.613995,677.381,255.336
1017,16.966950,97,0.389083,505.738,642.624
1017,16.966950,99,0.506510,675.121,246.045
1018,16.983633,97,0.389083,505.007,675.114
1018,16.983633,99,0.390911,673.012,239.230
1019,17.000317,97,0.389083,504.276,707.603
1019,17.000317,99,0.277434,671.057,234.565
1020,17.017000,97,0.389083,503.545,740.092
1020,17.017000,99,0.198917,669.464,232.177
1021,17.033683,99,0.198917,667.494,224.614
1022,17.050367,99,0.198917,665.523,217.051
1023,17.067050,99,0.198917,663.553,209.488
1024,17.083733,99,0.198917,661.582,201.925
1025,17.100417,99,0.198917,659.612,194.362
1029,17.167150,100,0.250920,654.015,298.760
1030,17.183833,100,0.562893,651.819,316.047
1031,17.200517,100,0.394069,649.866,334.831
1032,17.217200,100,0.560886,648.004,355.060
1033,17.233883,100,0.627585,646.358,376.872
1033,17.233883,101,0.428865,516.507,424.453
1034,17.250567,100,0.287510,644.630,400.319
1034,17.250567,101,0.539579,515.368,400.446
1035,17.267250,100,0.255293,642.911,425.397
1035,17.267250,101,0.335219,514.021,374.023
1036,17.283933,100,0.255293,641.212,445.809
1036,17.283933,101,0.173896,512.682,348.447
1037,17.300617,100,0.255293,639.514,466.220
1037,17.300617,101,0.209840,511.309,324.592
1037,17.300617,102,0.300906,473.200,466.016
1038,17.317300,100,0.255293,637.815,486.632
1038,17.317300,101,0.405815,509.754,302.577
1038,17.317300,102,0.225062,457.238,471.936
1039,17.333983,100,0.271665,639.043,518.695
1039,17.333983,101,0.539336,508.279,282.906
1039,17.333983,102,0.155765,438.191,479.521
1040,17.350667,100,0.278873,642.645,546.976
1040,17.350667,101,0.643173,506.582,265.800
1040,17.350667,102,0.197196,418.083,486.791
1041,17.367350,100,0.548083,647.332,571.858
1041,17.367350,101,0.209231,504.903,250.993
1041,17.367350,102,0.283638,398.494,495.067
1042,17.384033,100,0.433549,653.452,592.613
1042,17.384033,101,0.616155,502.818,238.602
1042,17.384033,102,0.757506,381.918,502.988
1043,17.400717,100,0.323864,661.036,608.456
1043,17.400717,101,0.703537,500.831,228.472
1043,17.400717,102,0.543146,369.755,509.685
1044,17.417400,100,0.228091,670.252,619.533
1044,17.417400,101,0.559636,498.852,220.548
1044,17.417400,102,0.473508,362.588,514.546
1045,17.434083,100,0.158843,680.247,624.702
1045,17.434083,101,0.332363,496.889,214.743
1045,17.434083,102,0.461583,360.585,517.086
1046,17.450767,100,0.158843,686.846,639.905
1046,17.450767,101,0.546693,494.826,210.619
1046,17.450767,102,0.454522,363.072,517.364
1047,17.467450,100,0.158843,693.445,655.107
1047,17.467450,101,0.511183,492.604,208.552
1047,17.467450,102,0.516921,368.737,515.649
1048,17.484133,100,0.158843,700.045,670.309
1048,17.484133,101,0.459218,490.638,208.564
1048,17.484133,102,0.259717,379.068,511.333
1048,17.484133,103,0.195810,702.369,584.106
1049,17.500817,100,0.158843,706.644,685.511
1049,17.500817,101,0.314644,488.817,210.616
1049,17.500817,102,0.259717,379.264,511.968
1049,17.500817,103,0.482110,706.114,567.534
1050,17.517500,100,0.158843,713.243,700.713
1050,17.517500,101,0.239055,486.995,214.794
1050,17.517500,102,0.259717,379.460,512.604
1050,17.517500,103,0.211471,709.639,543.868
1051,17.534183,101,0.281632,484.726,220.979
1051,17.534183,102,0.259717,379.656,513.239
1051,17.534183,103,0.211471,712.254,530.540
1052,17.550867,101,0.173374,482.561,228.811
1052,17.550867,102,0.259717,379.852,513.874
1052,17.550867,103,0.211471,714.868,517.213
1053,17.567550,101,0.414677,480.808,238.869
1053,17.567550,102,0.259717,380.047,514.510
1053,17.567550,103,0.211471,717.483,503.885
1054,17.584233,101,0.637757,478.855,250.960
1054,17.584233,103,0.211471,720.097,490.558
1055,17.600917,101,0.842424,476.862,265.122
1055,17.600917,103,0.211471,722.712,477.230
1056,17.617600,101,0.853343,475.140,281.192
1056,17.617600,104,0.689741,709.975,385.545
1057,17.634283,101,0.758395,473.395,299.117
1057,17.634283,104,0.866363,709.279,365.154
1058,17.650967,101,0.239074,471.885,319.095
1058,17.650967,104,0.778180,708.463,342.832
1059,17.667650,101,0.492414,470.164,341.255
1059,17.667650,104,0.536213,707.815,320.965
1060,17.684333,101,0.369432,468.398,365.194
1060,17.684333,104,0.536213,707.227,304.052
1061,17.701017,101,0.369432,466.639,383.686
1061,17.701017,104,0.649029,707.213,285.848
1062,17.717700,101,0.488693,465.530,413.900
1062,17.717700,104,0.547036,707.120,270.509
1063,17.734383,101,0.488693,463.943,435.502
1063,17.734383,104,0.619822,706.955,257.774
1064,17.751067,101,0.388031,463.225,471.341
1064,17.751067,104,0.592275,706.849,247.461
1065,17.767750,101,0.242746,464.998,504.862
1065,17.767750,104,0.408693,706.676,239.500
1066,17.784433,101,0.404786,468.297,534.985
1066,17.784433,104,0.697735,706.733,233.597
1067,17.801117,101,0.404786,468.786,563.211
1067,17.801117,104,0.573821,706.780,229.960
1068,17.817800,101,0.295129,476.562,588.059
1068,17.817800,104,0.486430,706.854,228.553
1069,17.834483,101,0.429815,486.179,611.032
1069,17.834483,104,0.628156,707.030,229.143
1070,17.851167,101,0.625273,497.516,630.680
1070,17.851167,104,0.667106,707.332,231.703
1070,17.851167,105,0.151569,879.167,511.493
1071,17.867850,101,0.414956,509.242,644.748
1071,17.867850,104,0.520106,707.515,236.424
1071,17.867850,105,0.289626,876.663,507.079
1072,17.884533,101,0.414956,516.902,666.437
1072,17.884533,104,0.445227,707.772,242.633
1072,17.884533,105,0.203707,870.027,503.513
1073,17.901217,101,0.414956,524.562,688.126
1073,17.901217,104,0.578358,708.231,250.709
1073,17.901217,105,0.323587,859.802,496.152
1074,17.917900,101,0.414956,532.222,709.814
1074,17.917900,104,0.420608,708.519,260.984
1074,17.917900,105,0.172260,845.160,489.107
1074,17.917900,106,0.173294,530.886,619.066
1075,17.934583,101,0.414956,539.882,731.503
1075,17.934583,104,0.649137,708.767,272.784
1075,17.934583,105,0.222502,826.027,478.059
1075,17.934583,106,0.230068,534.124,605.416
1076,17.951267,101,0.414956,547.542,753.192
1076,17.951267,104,0.397837,709.000,286.207
1076,17.951267,105,0.517759,802.091,467.812
1076,17.951267,106,0.290926,536.100,584.658
1077,17.967950,104,0.414041,709.463,301.753
1077,17.967950,105,0.193848,774.316,456.733
1077,17.967950,106,0.380358,536.909,558.299
1078,17.984633,104,0.337942,709.729,318.784
1078,17.984633,105,0.193848,756.389,448.318
1078,17.984633,106,0.380358,538.454,542.382
