video,frame,time_seconds,tracker,track_id,class_id,class_name,confidence,x1,y1,x2,y2,center_x,center_y,width,height
identical_balls_trick_000_018.mp4,0,0.000000,bytetrack,1,32,sports ball,0.665575,532.012,294.035,575.844,339.854,554.000,317.000,43.832,45.818
identical_balls_trick_000_018.mp4,0,0.000000,bytetrack,2,32,sports ball,0.628203,693.441,408.705,739.446,454.282,716.000,431.000,46.005,45.577
identical_balls_trick_000_018.mp4,0,0.000000,bytetrack,3,32,sports ball,0.313906,544.524,418.920,592.346,464.726,568.000,442.000,47.823,45.806
identical_balls_trick_000_018.mp4,1,0.016683,bytetrack,1,32,sports ball,0.804028,531.330,310.964,575.508,357.151,553.000,334.000,44.178,46.187
identical_balls_trick_000_018.mp4,2,0.033367,bytetrack,1,32,sports ball,0.837167,530.861,331.618,575.134,377.904,553.000,355.000,44.273,46.286
identical_balls_trick_000_018.mp4,3,0.050050,bytetrack,1,32,sports ball,0.884583,531.017,356.100,574.957,402.012,553.000,379.000,43.940,45.912
identical_balls_trick_000_018.mp4,4,0.066733,bytetrack,1,32,sports ball,0.823091,530.435,382.013,574.943,428.554,553.000,405.000,44.508,46.540
identical_balls_trick_000_018.mp4,5,0.083417,bytetrack,,32,sports ball,0.623144,688.884,285.142,733.720,330.745,711.000,308.000,44.836,45.603
identical_balls_trick_000_018.mp4,5,0.083417,bytetrack,,32,sports ball,0.353519,696.779,432.076,741.795,475.466,719.000,454.000,45.016,43.390
identical_balls_trick_000_018.mp4,5,0.083417,bytetrack,,32,sports ball,0.263305,530.563,413.889,574.625,460.136,553.000,437.000,44.062,46.248
identical_balls_trick_000_018.mp4,6,0.100100,bytetrack,,32,sports ball,0.477771,688.651,265.744,733.915,309.759,711.000,288.000,45.264,44.015
identical_balls_trick_000_018.mp4,6,0.100100,bytetrack,,32,sports ball,0.452311,725.845,439.430,770.100,481.609,748.000,461.000,44.255,42.179
identical_balls_trick_000_018.mp4,6,0.100100,bytetrack,,32,sports ball,0.438313,529.782,441.828,574.723,489.121,552.000,465.000,44.941,47.293
identical_balls_trick_000_018.mp4,7,0.116783,bytetrack,,32,sports ball,0.584841,688.762,246.754,733.840,292.239,711.000,269.000,45.078,45.486
identical_balls_trick_000_018.mp4,7,0.116783,bytetrack,,32,sports ball,0.447278,530.060,473.240,574.195,517.723,552.000,495.000,44.135,44.483
identical_balls_trick_000_018.mp4,7,0.116783,bytetrack,,32,sports ball,0.345197,743.486,448.262,786.848,490.812,765.000,470.000,43.362,42.550
identical_balls_trick_000_018.mp4,8,0.133467,bytetrack,,32,sports ball,0.590068,688.392,229.956,733.970,275.983,711.000,253.000,45.578,46.027
identical_balls_trick_000_018.mp4,8,0.133467,bytetrack,,32,sports ball,0.233000,530.229,506.144,571.537,551.892,551.000,529.000,41.308,45.747
identical_balls_trick_000_018.mp4,8,0.133467,bytetrack,,32,sports ball,0.172623,759.914,455.725,802.504,500.415,781.000,478.000,42.590,44.690
identical_balls_trick_000_018.mp4,9,0.150150,bytetrack,22,32,sports ball,0.632476,688.583,218.588,733.812,264.264,711.000,241.000,45.229,45.675
identical_balls_trick_000_018.mp4,10,0.166833,bytetrack,22,32,sports ball,0.524035,688.015,206.617,733.533,252.572,711.000,230.000,45.518,45.955
identical_balls_trick_000_018.mp4,11,0.183517,bytetrack,22,32,sports ball,0.449327,687.476,194.457,733.028,240.455,710.000,217.000,45.552,45.998
identical_balls_trick_000_018.mp4,12,0.200200,bytetrack,22,32,sports ball,0.513071,687.569,184.321,732.748,229.930,710.000,207.000,45.180,45.609
identical_balls_trick_000_018.mp4,13,0.216883,bytetrack,22,32,sports ball,0.699566,687.597,176.118,732.659,221.603,710.000,199.000,45.062,45.485
identical_balls_trick_000_018.mp4,14,0.233567,bytetrack,22,32,sports ball,0.626435,687.096,169.720,732.620,215.707,710.000,193.000,45.524,45.987
identical_balls_trick_000_018.mp4,14,0.233567,bytetrack,25,32,sports ball,0.701136,842.949,507.607,885.310,548.562,864.000,528.000,42.362,40.955
identical_balls_trick_000_018.mp4,15,0.250250,bytetrack,22,32,sports ball,0.547052,686.228,165.232,732.085,211.633,709.000,188.000,45.857,46.401
identical_balls_trick_000_018.mp4,15,0.250250,bytetrack,25,32,sports ball,0.657738,845.258,511.310,890.068,554.637,868.000,533.000,44.809,43.327
identical_balls_trick_000_018.mp4,15,0.250250,bytetrack,26,32,sports ball,0.446738,534.973,613.143,577.360,657.044,556.000,635.000,42.387,43.902
identical_balls_trick_000_018.mp4,16,0.266933,bytetrack,22,32,sports ball,0.425026,685.649,162.961,731.535,209.441,709.000,186.000,45.885,46.480
identical_balls_trick_000_018.mp4,16,0.266933,bytetrack,25,32,sports ball,0.461105,848.105,513.119,891.677,555.254,870.000,534.000,43.572,42.134
identical_balls_trick_000_018.mp4,16,0.266933,bytetrack,26,32,sports ball,0.344403,536.220,610.799,578.903,654.981,558.000,633.000,42.684,44.183
identical_balls_trick_000_018.mp4,17,0.283617,bytetrack,22,32,sports ball,0.395066,685.360,162.529,731.120,208.940,708.000,186.000,45.761,46.412
identical_balls_trick_000_018.mp4,17,0.283617,bytetrack,25,32,sports ball,0.706884,848.445,510.518,890.552,551.167,869.000,531.000,42.107,40.649
identical_balls_trick_000_018.mp4,17,0.283617,bytetrack,26,32,sports ball,0.324213,539.293,604.839,580.838,647.832,560.000,626.000,41.545,42.993
identical_balls_trick_000_018.mp4,18,0.300300,bytetrack,,32,sports ball,0.280171,685.187,168.181,730.452,213.808,708.000,191.000,45.265,45.627
identical_balls_trick_000_018.mp4,19,0.316983,bytetrack,22,32,sports ball,0.560067,683.982,167.109,729.780,213.540,707.000,190.000,45.797,46.431
identical_balls_trick_000_018.mp4,20,0.333667,bytetrack,22,32,sports ball,0.630828,683.559,173.107,729.048,219.140,706.000,196.000,45.489,46.033
identical_balls_trick_000_018.mp4,21,0.350350,bytetrack,,32,sports ball,0.812284,803.670,471.892,847.660,515.082,826.000,493.000,43.990,43.190
identical_balls_trick_000_018.mp4,21,0.350350,bytetrack,,32,sports ball,0.341252,544.088,529.755,587.160,571.102,566.000,550.000,43.072,41.347
identical_balls_trick_000_018.mp4,21,0.350350,bytetrack,,32,sports ball,0.318198,681.927,185.404,727.945,231.716,705.000,209.000,46.018,46.311
identical_balls_trick_000_018.mp4,22,0.367033,bytetrack,,32,sports ball,0.411429,779.712,459.777,823.615,503.675,802.000,482.000,43.904,43.898
identical_balls_trick_000_018.mp4,22,0.367033,bytetrack,,32,sports ball,0.248163,681.332,194.367,727.265,240.562,704.000,217.000,45.933,46.195
identical_balls_trick_000_018.mp4,22,0.367033,bytetrack,,32,sports ball,0.201477,543.725,500.329,586.852,543.350,565.000,522.000,43.127,43.020
identical_balls_trick_000_018.mp4,23,0.383717,bytetrack,,32,sports ball,0.181043,754.029,447.665,796.953,491.820,775.000,470.000,42.924,44.155
identical_balls_trick_000_018.mp4,23,0.383717,bytetrack,,32,sports ball,0.167686,680.373,206.538,726.195,252.341,703.000,229.000,45.823,45.804
identical_balls_trick_000_018.mp4,24,0.400400,bytetrack,,32,sports ball,0.554653,680.414,219.327,725.594,265.723,703.000,243.000,45.180,46.396
identical_balls_trick_000_018.mp4,25,0.417083,bytetrack,,32,sports ball,0.261601,680.166,234.531,724.804,281.175,702.000,258.000,44.638,46.644
identical_balls_trick_000_018.mp4,25,0.417083,bytetrack,,32,sports ball,0.251476,537.855,411.613,583.553,457.795,561.000,435.000,45.698,46.182
identical_balls_trick_000_018.mp4,25,0.417083,bytetrack,,32,sports ball,0.183873,693.896,425.940,737.915,469.768,716.000,448.000,44.020,43.828
identical_balls_trick_000_018.mp4,26,0.433767,bytetrack,,32,sports ball,0.752481,663.270,417.456,708.033,462.720,686.000,440.000,44.763,45.264
identical_balls_trick_000_018.mp4,26,0.433767,bytetrack,,32,sports ball,0.736478,536.897,385.519,581.759,431.820,559.000,409.000,44.861,46.301
identical_balls_trick_000_018.mp4,27,0.450450,bytetrack,,32,sports ball,0.891569,632.761,411.364,678.689,456.788,656.000,434.000,45.927,45.424
identical_balls_trick_000_018.mp4,27,0.450450,bytetrack,,32,sports ball,0.874979,535.689,361.066,580.232,407.905,558.000,384.000,44.542,46.840
identical_balls_trick_000_018.mp4,27,0.450450,bytetrack,,32,sports ball,0.615654,678.588,271.488,722.851,315.146,701.000,293.000,44.263,43.658
identical_balls_trick_000_018.mp4,28,0.467133,bytetrack,,32,sports ball,0.812657,600.997,407.235,648.510,452.359,625.000,430.000,47.513,45.124
identical_balls_trick_000_018.mp4,28,0.467133,bytetrack,,32,sports ball,0.798094,532.856,338.861,578.529,385.176,556.000,362.000,45.673,46.315
identical_balls_trick_000_018.mp4,28,0.467133,bytetrack,,32,sports ball,0.696052,677.602,290.985,721.690,337.030,700.000,314.000,44.088,46.045
identical_balls_trick_000_018.mp4,29,0.483817,bytetrack,44,32,sports ball,0.837010,531.991,322.859,577.070,368.571,555.000,346.000,45.078,45.712
identical_balls_trick_000_018.mp4,30,0.500500,bytetrack,44,32,sports ball,0.675431,531.873,305.100,575.978,349.818,554.000,327.000,44.106,44.719
identical_balls_trick_000_018.mp4,30,0.500500,bytetrack,3,32,sports ball,0.696582,538.873,403.721,586.464,449.234,563.000,426.000,47.591,45.514
identical_balls_trick_000_018.mp4,31,0.517183,bytetrack,44,32,sports ball,0.693792,530.117,284.807,574.350,329.659,552.000,307.000,44.232,44.852
identical_balls_trick_000_018.mp4,32,0.533867,bytetrack,44,32,sports ball,0.727789,528.986,267.123,572.644,311.398,551.000,289.000,43.658,44.275
identical_balls_trick_000_018.mp4,33,0.550550,bytetrack,44,32,sports ball,0.422673,527.401,251.835,570.489,295.454,549.000,274.000,43.088,43.619
identical_balls_trick_000_018.mp4,34,0.567233,bytetrack,44,32,sports ball,0.501750,525.136,238.561,568.391,282.258,547.000,260.000,43.255,43.697
identical_balls_trick_000_018.mp4,35,0.583917,bytetrack,44,32,sports ball,0.261906,522.859,226.290,567.180,271.051,545.000,249.000,44.321,44.761
identical_balls_trick_000_018.mp4,36,0.600600,bytetrack,44,32,sports ball,0.357210,521.437,216.465,565.823,261.291,544.000,239.000,44.387,44.826
identical_balls_trick_000_018.mp4,37,0.617283,bytetrack,44,32,sports ball,0.659746,519.704,208.840,564.222,253.862,542.000,231.000,44.519,45.022
identical_balls_trick_000_018.mp4,38,0.633967,bytetrack,44,32,sports ball,0.591395,517.690,202.764,562.394,248.016,540.000,225.000,44.705,45.252
identical_balls_trick_000_018.mp4,39,0.650650,bytetrack,44,32,sports ball,0.674280,516.174,198.512,560.853,243.743,539.000,221.000,44.679,45.231
identical_balls_trick_000_018.mp4,39,0.650650,bytetrack,52,32,sports ball,0.759841,371.726,438.531,416.614,483.310,394.000,461.000,44.888,44.780
identical_balls_trick_000_018.mp4,40,0.667333,bytetrack,44,32,sports ball,0.754191,514.785,196.472,559.260,241.492,537.000,219.000,44.475,45.020
identical_balls_trick_000_018.mp4,40,0.667333,bytetrack,52,32,sports ball,0.629672,365.832,445.714,410.164,489.922,388.000,468.000,44.331,44.207
identical_balls_trick_000_018.mp4,41,0.684017,bytetrack,44,32,sports ball,0.648435,513.190,196.034,557.529,240.927,535.000,218.000,44.340,44.893
identical_balls_trick_000_018.mp4,41,0.684017,bytetrack,52,32,sports ball,0.777797,361.500,451.060,406.038,495.525,384.000,473.000,44.537,44.465
identical_balls_trick_000_018.mp4,42,0.700700,bytetrack,44,32,sports ball,0.680988,511.607,197.371,556.377,242.783,534.000,220.000,44.770,45.412
identical_balls_trick_000_018.mp4,42,0.700700,bytetrack,52,32,sports ball,0.671334,361.982,454.275,405.983,498.237,384.000,476.000,44.001,43.961
identical_balls_trick_000_018.mp4,43,0.717383,bytetrack,44,32,sports ball,0.725420,510.184,200.819,554.767,246.027,532.000,223.000,44.583,45.208
identical_balls_trick_000_018.mp4,43,0.717383,bytetrack,52,32,sports ball,0.651514,368.312,453.710,413.021,498.257,391.000,476.000,44.710,44.547
identical_balls_trick_000_018.mp4,44,0.734067,bytetrack,44,32,sports ball,0.671184,508.456,205.756,553.370,251.309,531.000,229.000,44.914,45.553
identical_balls_trick_000_018.mp4,44,0.734067,bytetrack,52,32,sports ball,0.786438,376.658,449.666,422.590,495.389,400.000,473.000,45.931,45.723
identical_balls_trick_000_018.mp4,45,0.750750,bytetrack,44,32,sports ball,0.613023,506.947,212.513,551.831,258.020,529.000,235.000,44.883,45.507
identical_balls_trick_000_018.mp4,45,0.750750,bytetrack,52,32,sports ball,0.645827,389.673,443.651,435.145,488.848,412.000,466.000,45.472,45.197
identical_balls_trick_000_018.mp4,46,0.767433,bytetrack,44,32,sports ball,0.585212,505.769,221.341,550.478,266.716,528.000,244.000,44.708,45.375
identical_balls_trick_000_018.mp4,47,0.784117,bytetrack,,32,sports ball,0.429079,504.809,239.490,548.524,283.723,527.000,262.000,43.715,44.232
identical_balls_trick_000_018.mp4,47,0.784117,bytetrack,,32,sports ball,0.252420,434.801,423.378,481.265,467.927,458.000,446.000,46.464,44.549
identical_balls_trick_000_018.mp4,48,0.800800,bytetrack,,32,sports ball,0.528441,503.751,252.074,547.080,297.113,525.000,275.000,43.329,45.040
identical_balls_trick_000_018.mp4,48,0.800800,bytetrack,,32,sports ball,0.434797,462.960,415.982,511.405,458.512,487.000,437.000,48.444,42.531
identical_balls_trick_000_018.mp4,49,0.817483,bytetrack,,32,sports ball,0.439245,493.918,407.694,541.053,451.936,517.000,430.000,47.134,44.242
identical_balls_trick_000_018.mp4,49,0.817483,bytetrack,,32,sports ball,0.284275,501.488,266.605,545.424,311.781,523.000,289.000,43.935,45.176
identical_balls_trick_000_018.mp4,49,0.817483,bytetrack,,32,sports ball,0.277221,711.448,462.903,756.904,508.521,734.000,486.000,45.456,45.618
identical_balls_trick_000_018.mp4,50,0.834167,bytetrack,65,32,sports ball,0.756161,501.140,279.625,544.110,323.802,523.000,302.000,42.970,44.176
identical_balls_trick_000_018.mp4,51,0.850850,bytetrack,65,32,sports ball,0.685294,499.737,296.974,543.320,341.780,522.000,319.000,43.583,44.806
identical_balls_trick_000_018.mp4,51,0.850850,bytetrack,3,32,sports ball,0.725370,554.698,400.048,602.783,445.340,579.000,423.000,48.085,45.291
identical_balls_trick_000_018.mp4,52,0.867533,bytetrack,65,32,sports ball,0.854965,498.018,317.754,542.659,363.645,520.000,341.000,44.640,45.891
identical_balls_trick_000_018.mp4,53,0.884217,bytetrack,65,32,sports ball,0.586401,496.550,339.652,541.617,386.005,519.000,363.000,45.067,46.353
identical_balls_trick_000_018.mp4,54,0.900900,bytetrack,65,32,sports ball,0.785672,495.712,363.356,539.930,408.826,518.000,386.000,44.218,45.469
identical_balls_trick_000_018.mp4,55,0.917583,bytetrack,65,32,sports ball,0.629518,494.454,388.130,539.016,433.970,517.000,411.000,44.562,45.840
identical_balls_trick_000_018.mp4,56,0.934267,bytetrack,65,32,sports ball,0.702504,493.310,414.210,538.209,460.504,516.000,437.000,44.900,46.294
identical_balls_trick_000_018.mp4,57,0.950950,bytetrack,65,32,sports ball,0.196223,492.597,443.566,535.789,487.944,514.000,466.000,43.192,44.378
identical_balls_trick_000_018.mp4,58,0.967633,bytetrack,,32,sports ball,0.403947,693.305,276.318,738.204,320.782,716.000,299.000,44.899,44.464
identical_balls_trick_000_018.mp4,58,0.967633,bytetrack,,32,sports ball,0.299266,491.764,477.652,534.726,522.746,513.000,500.000,42.962,45.094
identical_balls_trick_000_018.mp4,59,0.984317,bytetrack,78,32,sports ball,0.701500,691.490,267.443,736.565,312.082,714.000,290.000,45.075,44.639
identical_balls_trick_000_018.mp4,60,1.001000,bytetrack,78,32,sports ball,0.603774,690.220,258.050,735.474,302.863,713.000,280.000,45.255,44.813
identical_balls_trick_000_018.mp4,61,1.017683,bytetrack,78,32,sports ball,0.617790,688.820,249.062,733.624,293.422,711.000,271.000,44.804,44.360
identical_balls_trick_000_018.mp4,62,1.034367,bytetrack,78,32,sports ball,0.679461,686.869,241.237,731.828,285.749,709.000,263.000,44.958,44.512
identical_balls_trick_000_018.mp4,63,1.051050,bytetrack,78,32,sports ball,0.597561,685.003,235.528,730.654,280.733,708.000,258.000,45.651,45.205
identical_balls_trick_000_018.mp4,64,1.067733,bytetrack,78,32,sports ball,0.518087,683.768,232.292,729.344,277.420,707.000,255.000,45.576,45.128
identical_balls_trick_000_018.mp4,64,1.067733,bytetrack,65,32,sports ball,0.665706,505.245,598.951,548.179,643.255,527.000,621.000,42.934,44.304
identical_balls_trick_000_018.mp4,65,1.084417,bytetrack,78,32,sports ball,0.445026,682.109,230.901,727.578,275.903,705.000,253.000,45.469,45.003
identical_balls_trick_000_018.mp4,66,1.101100,bytetrack,78,32,sports ball,0.501049,680.720,231.211,726.214,276.288,703.000,254.000,45.494,45.077
identical_balls_trick_000_018.mp4,67,1.117783,bytetrack,78,32,sports ball,0.649342,679.529,233.153,725.254,278.579,702.000,256.000,45.726,45.426
identical_balls_trick_000_018.mp4,67,1.117783,bytetrack,84,32,sports ball,0.458305,523.790,608.324,567.520,653.186,546.000,631.000,43.730,44.863
identical_balls_trick_000_018.mp4,68,1.134467,bytetrack,78,32,sports ball,0.676155,678.914,237.163,724.424,282.487,702.000,260.000,45.511,45.324
identical_balls_trick_000_018.mp4,69,1.151150,bytetrack,78,32,sports ball,0.561732,678.055,243.335,723.146,288.240,701.000,266.000,45.091,44.905
identical_balls_trick_000_018.mp4,70,1.167833,bytetrack,78,32,sports ball,0.723356,676.800,251.117,721.678,295.853,699.000,273.000,44.878,44.736
identical_balls_trick_000_018.mp4,71,1.184517,bytetrack,78,32,sports ball,0.481470,675.821,260.809,719.854,304.715,698.000,283.000,44.033,43.906
identical_balls_trick_000_018.mp4,72,1.201200,bytetrack,78,32,sports ball,0.658060,674.745,271.968,719.225,316.418,697.000,294.000,44.479,44.450
identical_balls_trick_000_018.mp4,73,1.217883,bytetrack,78,32,sports ball,0.481433,673.485,284.990,718.457,329.983,696.000,307.000,44.972,44.993
identical_balls_trick_000_018.mp4,74,1.234567,bytetrack,,32,sports ball,0.556265,540.640,454.259,585.948,499.747,563.000,477.000,45.308,45.488
identical_balls_trick_000_018.mp4,74,1.234567,bytetrack,,32,sports ball,0.376699,724.043,441.962,768.002,484.667,746.000,463.000,43.959,42.705
identical_balls_trick_000_018.mp4,74,1.234567,bytetrack,,32,sports ball,0.337694,672.464,305.805,715.919,350.475,694.000,328.000,43.455,44.670
identical_balls_trick_000_018.mp4,75,1.251250,bytetrack,,32,sports ball,0.494212,671.414,321.593,715.466,367.725,693.000,345.000,44.052,46.132
identical_balls_trick_000_018.mp4,75,1.251250,bytetrack,,32,sports ball,0.395996,692.932,436.035,736.996,479.705,715.000,458.000,44.064,43.670
identical_balls_trick_000_018.mp4,75,1.251250,bytetrack,,32,sports ball,0.373051,539.626,425.605,585.168,471.836,562.000,449.000,45.542,46.230
identical_balls_trick_000_018.mp4,76,1.267933,bytetrack,,32,sports ball,0.580536,539.619,399.518,585.199,445.474,562.000,422.000,45.581,45.956
identical_balls_trick_000_018.mp4,76,1.267933,bytetrack,,32,sports ball,0.393416,670.841,341.254,714.416,385.885,693.000,364.000,43.575,44.631
identical_balls_trick_000_018.mp4,76,1.267933,bytetrack,,32,sports ball,0.316391,660.747,432.779,707.635,477.061,684.000,455.000,46.887,44.281
identical_balls_trick_000_018.mp4,77,1.284617,bytetrack,,32,sports ball,0.871011,538.706,372.468,584.440,419.382,562.000,396.000,45.735,46.914
identical_balls_trick_000_018.mp4,77,1.284617,bytetrack,,32,sports ball,0.822590,628.875,430.223,676.490,475.273,653.000,453.000,47.615,45.050
identical_balls_trick_000_018.mp4,77,1.284617,bytetrack,,32,sports ball,0.607436,669.916,361.026,713.684,406.246,692.000,384.000,43.768,45.220
identical_balls_trick_000_018.mp4,78,1.301300,bytetrack,,32,sports ball,0.800587,537.824,349.459,583.811,396.011,561.000,373.000,45.987,46.551
identical_balls_trick_000_018.mp4,78,1.301300,bytetrack,,32,sports ball,0.793558,598.153,430.636,645.232,475.035,622.000,453.000,47.079,44.399
identical_balls_trick_000_018.mp4,78,1.301300,bytetrack,,32,sports ball,0.541768,668.531,383.808,712.738,427.439,691.000,406.000,44.207,43.632
identical_balls_trick_000_018.mp4,79,1.317983,bytetrack,105,32,sports ball,0.848089,537.117,332.272,583.353,379.079,560.000,356.000,46.236,46.808
identical_balls_trick_000_018.mp4,80,1.334667,bytetrack,105,32,sports ball,0.788649,536.049,313.310,582.490,360.350,559.000,337.000,46.441,47.040
identical_balls_trick_000_018.mp4,81,1.351350,bytetrack,105,32,sports ball,0.531228,535.549,293.042,581.935,340.088,559.000,317.000,46.386,47.046
identical_balls_trick_000_018.mp4,82,1.368033,bytetrack,,32,sports ball,0.264476,534.406,272.876,579.524,318.707,557.000,296.000,45.118,45.830
identical_balls_trick_000_018.mp4,83,1.384717,bytetrack,105,32,sports ball,0.508617,533.182,259.125,578.587,305.164,556.000,282.000,45.405,46.040
identical_balls_trick_000_018.mp4,84,1.401400,bytetrack,105,32,sports ball,0.528015,532.573,244.777,576.635,289.401,555.000,267.000,44.063,44.624
identical_balls_trick_000_018.mp4,85,1.418083,bytetrack,105,32,sports ball,0.486346,530.930,231.795,575.634,277.057,553.000,254.000,44.704,45.263
identical_balls_trick_000_018.mp4,86,1.434767,bytetrack,,32,sports ball,0.588481,430.937,448.606,468.652,491.273,450.000,470.000,37.716,42.666
identical_balls_trick_000_018.mp4,86,1.434767,bytetrack,,32,sports ball,0.367336,673.382,557.706,713.390,599.094,693.000,578.000,40.008,41.388
identical_balls_trick_000_018.mp4,86,1.434767,bytetrack,,32,sports ball,0.253108,529.353,223.231,574.112,268.132,552.000,246.000,44.760,44.900
identical_balls_trick_000_018.mp4,87,1.451450,bytetrack,113,32,sports ball,0.911282,417.792,452.687,455.041,494.790,436.000,474.000,37.249,42.103
identical_balls_trick_000_018.mp4,87,1.451450,bytetrack,105,32,sports ball,0.586572,528.140,211.988,573.148,257.562,551.000,235.000,45.008,45.575
identical_balls_trick_000_018.mp4,88,1.468133,bytetrack,105,32,sports ball,0.203512,526.284,204.930,571.275,250.510,549.000,228.000,44.990,45.580
identical_balls_trick_000_018.mp4,89,1.484817,bytetrack,105,32,sports ball,0.402427,524.166,199.433,569.605,245.424,547.000,222.000,45.439,45.991
identical_balls_trick_000_018.mp4,89,1.484817,bytetrack,117,32,sports ball,0.665594,391.250,464.358,431.330,505.491,411.000,485.000,40.080,41.133
identical_balls_trick_000_018.mp4,90,1.501500,bytetrack,117,32,sports ball,0.658683,384.878,468.733,425.105,509.906,405.000,489.000,40.227,41.173
identical_balls_trick_000_018.mp4,91,1.518183,bytetrack,117,32,sports ball,0.736057,379.504,472.130,420.040,513.492,400.000,493.000,40.536,41.362
identical_balls_trick_000_018.mp4,91,1.518183,bytetrack,119,32,sports ball,0.479954,688.301,596.882,728.682,641.050,708.000,619.000,40.381,44.168
identical_balls_trick_000_018.mp4,91,1.518183,bytetrack,105,32,sports ball,0.680423,521.313,193.646,567.001,239.870,544.000,217.000,45.687,46.225
identical_balls_trick_000_018.mp4,92,1.534867,bytetrack,117,32,sports ball,0.534655,378.087,474.104,419.027,515.717,399.000,495.000,40.940,41.613
identical_balls_trick_000_018.mp4,92,1.534867,bytetrack,105,32,sports ball,0.623618,519.964,194.583,565.597,240.764,543.000,218.000,45.633,46.180
identical_balls_trick_000_018.mp4,93,1.551550,bytetrack,117,32,sports ball,0.467129,379.805,474.224,420.898,515.781,400.000,495.000,41.093,41.558
identical_balls_trick_000_018.mp4,93,1.551550,bytetrack,105,32,sports ball,0.623650,518.712,196.724,564.407,242.945,542.000,220.000,45.695,46.221
identical_balls_trick_000_018.mp4,93,1.551550,bytetrack,119,32,sports ball,0.601423,692.878,584.346,733.211,628.409,713.000,606.000,40.332,44.063
identical_balls_trick_000_018.mp4,94,1.568233,bytetrack,117,32,sports ball,0.681052,385.130,471.655,426.741,513.484,406.000,493.000,41.611,41.829
identical_balls_trick_000_018.mp4,94,1.568233,bytetrack,105,32,sports ball,0.454618,517.721,200.548,563.483,246.698,541.000,224.000,45.762,46.150
identical_balls_trick_000_018.mp4,94,1.568233,bytetrack,119,32,sports ball,0.501186,695.461,572.270,735.469,615.928,715.000,594.000,40.009,43.658
identical_balls_trick_000_018.mp4,95,1.584917,bytetrack,117,32,sports ball,0.823156,394.536,467.207,436.964,509.669,416.000,488.000,42.428,42.462
identical_balls_trick_000_018.mp4,95,1.584917,bytetrack,105,32,sports ball,0.568327,515.588,206.253,561.648,252.867,539.000,230.000,46.060,46.614
identical_balls_trick_000_018.mp4,95,1.584917,bytetrack,119,32,sports ball,0.614675,697.762,555.163,736.839,597.600,717.000,576.000,39.078,42.436
identical_balls_trick_000_018.mp4,96,1.601600,bytetrack,105,32,sports ball,0.654749,514.511,213.887,560.468,260.487,537.000,237.000,45.957,46.600
identical_balls_trick_000_018.mp4,96,1.601600,bytetrack,113,32,sports ball,0.733463,416.947,458.386,454.820,500.323,436.000,479.000,37.873,41.937
identical_balls_trick_000_018.mp4,97,1.618283,bytetrack,,32,sports ball,0.687425,432.810,447.349,480.083,490.707,456.000,469.000,47.273,43.357
identical_balls_trick_000_018.mp4,97,1.618283,bytetrack,,32,sports ball,0.382889,513.582,230.393,559.566,276.577,537.000,253.000,45.984,46.183
identical_balls_trick_000_018.mp4,97,1.618283,bytetrack,,32,sports ball,0.284118,698.860,499.763,744.195,542.995,722.000,521.000,45.335,43.232
identical_balls_trick_000_018.mp4,98,1.634967,bytetrack,,32,sports ball,0.414127,513.092,242.091,557.626,288.391,535.000,265.000,44.534,46.300
identical_balls_trick_000_018.mp4,98,1.634967,bytetrack,,32,sports ball,0.335469,699.617,470.075,746.661,511.412,723.000,491.000,47.044,41.337
identical_balls_trick_000_018.mp4,99,1.651650,bytetrack,,32,sports ball,0.246488,512.275,256.502,556.085,302.612,534.000,280.000,43.810,46.111
identical_balls_trick_000_018.mp4,101,1.685017,bytetrack,,32,sports ball,0.494479,510.350,289.125,554.705,335.816,533.000,312.000,44.355,46.690
identical_balls_trick_000_018.mp4,102,1.701700,bytetrack,,32,sports ball,0.643920,509.458,308.489,554.560,355.252,532.000,332.000,45.102,46.763
identical_balls_trick_000_018.mp4,102,1.701700,bytetrack,,32,sports ball,0.565602,706.234,359.877,751.400,406.224,729.000,383.000,45.166,46.347
identical_balls_trick_000_018.mp4,102,1.701700,bytetrack,,32,sports ball,0.382614,568.619,405.448,615.480,451.267,592.000,428.000,46.861,45.819
identical_balls_trick_000_018.mp4,103,1.718383,bytetrack,,32,sports ball,0.798633,707.397,336.526,753.390,382.839,730.000,360.000,45.993,46.313
identical_balls_trick_000_018.mp4,103,1.718383,bytetrack,,32,sports ball,0.738103,594.933,401.412,642.976,446.559,619.000,424.000,48.043,45.147
identical_balls_trick_000_018.mp4,103,1.718383,bytetrack,,32,sports ball,0.699816,507.459,329.076,554.079,376.860,531.000,353.000,46.620,47.784
identical_balls_trick_000_018.mp4,104,1.735067,bytetrack,78,32,sports ball,0.526297,625.244,399.366,670.708,444.257,648.000,422.000,45.465,44.891
identical_balls_trick_000_018.mp4,105,1.751750,bytetrack,,32,sports ball,0.622319,506.006,377.049,552.788,425.401,529.000,401.000,46.782,48.352
identical_balls_trick_000_018.mp4,105,1.751750,bytetrack,,32,sports ball,0.597107,710.422,294.048,756.745,338.960,734.000,317.000,46.323,44.912
identical_balls_trick_000_018.mp4,105,1.751750,bytetrack,,32,sports ball,0.450322,652.933,399.597,698.547,444.024,676.000,422.000,45.613,44.427
identical_balls_trick_000_018.mp4,106,1.768433,bytetrack,,32,sports ball,0.680502,505.827,403.064,552.532,450.915,529.000,427.000,46.705,47.851
identical_balls_trick_000_018.mp4,106,1.768433,bytetrack,,32,sports ball,0.467936,712.401,276.051,757.571,320.711,735.000,298.000,45.170,44.660
identical_balls_trick_000_018.mp4,106,1.768433,bytetrack,,32,sports ball,0.359451,681.041,400.800,727.031,444.925,704.000,423.000,45.990,44.125
identical_balls_trick_000_018.mp4,107,1.785117,bytetrack,,32,sports ball,0.459809,713.320,258.382,759.542,304.416,736.000,281.000,46.222,46.035
identical_balls_trick_000_018.mp4,107,1.785117,bytetrack,,32,sports ball,0.268067,710.878,403.284,755.888,448.296,733.000,426.000,45.010,45.012
identical_balls_trick_000_018.mp4,107,1.785117,bytetrack,,32,sports ball,0.212696,505.635,432.567,551.278,479.551,528.000,456.000,45.643,46.984
identical_balls_trick_000_018.mp4,108,1.801800,bytetrack,,32,sports ball,0.162981,505.675,462.657,551.052,507.266,528.000,485.000,45.376,44.608
identical_balls_trick_000_018.mp4,109,1.818483,bytetrack,,32,sports ball,0.384812,715.354,230.972,762.369,276.457,739.000,254.000,47.015,45.485
identical_balls_trick_000_018.mp4,109,1.818483,bytetrack,,32,sports ball,0.243119,504.888,485.651,549.780,529.936,527.000,508.000,44.892,44.284
identical_balls_trick_000_018.mp4,110,1.835167,bytetrack,,32,sports ball,0.510461,717.846,219.041,763.557,264.746,741.000,242.000,45.711,45.705
identical_balls_trick_000_018.mp4,110,1.835167,bytetrack,,32,sports ball,0.222035,504.351,503.521,549.294,546.388,527.000,525.000,44.944,42.867
identical_balls_trick_000_018.mp4,110,1.835167,bytetrack,,32,sports ball,0.153817,717.499,218.813,763.904,264.984,741.000,242.000,46.406,46.171
identical_balls_trick_000_018.mp4,111,1.851850,bytetrack,,32,sports ball,0.394089,503.317,521.641,547.158,558.028,525.000,540.000,43.841,36.387
identical_balls_trick_000_018.mp4,111,1.851850,bytetrack,,32,sports ball,0.196573,719.227,209.085,765.234,256.479,742.000,233.000,46.007,47.394
identical_balls_trick_000_018.mp4,112,1.868533,bytetrack,,32,sports ball,0.527249,720.955,201.666,767.693,248.541,744.000,225.000,46.737,46.875
identical_balls_trick_000_018.mp4,112,1.868533,bytetrack,,32,sports ball,0.409268,805.942,431.508,842.113,475.521,824.000,454.000,36.171,44.013
identical_balls_trick_000_018.mp4,112,1.868533,bytetrack,,32,sports ball,0.222577,504.976,535.489,545.616,569.402,525.000,552.000,40.640,33.912
identical_balls_trick_000_018.mp4,113,1.885217,bytetrack,148,32,sports ball,0.574033,721.846,196.290,768.432,243.021,745.000,220.000,46.586,46.731
identical_balls_trick_000_018.mp4,114,1.901900,bytetrack,148,32,sports ball,0.593964,723.280,193.099,769.506,239.476,746.000,216.000,46.226,46.377
identical_balls_trick_000_018.mp4,115,1.918583,bytetrack,148,32,sports ball,0.219900,724.588,189.829,771.082,236.487,748.000,213.000,46.494,46.658
identical_balls_trick_000_018.mp4,116,1.935267,bytetrack,148,32,sports ball,0.248900,725.991,188.663,772.768,235.614,749.000,212.000,46.778,46.951
identical_balls_trick_000_018.mp4,117,1.951950,bytetrack,148,32,sports ball,0.426753,728.068,190.028,774.357,236.477,751.000,213.000,46.289,46.450
identical_balls_trick_000_018.mp4,117,1.951950,bytetrack,154,32,sports ball,0.457047,848.751,460.109,897.698,503.113,873.000,482.000,48.947,43.004
identical_balls_trick_000_018.mp4,118,1.968633,bytetrack,148,32,sports ball,0.592478,729.418,192.503,775.886,239.142,753.000,216.000,46.468,46.639
identical_balls_trick_000_018.mp4,118,1.968633,bytetrack,154,32,sports ball,0.562964,848.156,460.169,897.508,503.586,873.000,482.000,49.352,43.417
identical_balls_trick_000_018.mp4,119,1.985317,bytetrack,148,32,sports ball,0.300216,730.853,197.491,777.387,244.148,754.000,221.000,46.534,46.657
identical_balls_trick_000_018.mp4,119,1.985317,bytetrack,154,32,sports ball,0.726858,844.582,457.378,893.212,500.248,869.000,479.000,48.629,42.870
identical_balls_trick_000_018.mp4,120,2.002000,bytetrack,148,32,sports ball,0.508039,732.579,204.680,778.941,251.116,756.000,228.000,46.361,46.437
identical_balls_trick_000_018.mp4,120,2.002000,bytetrack,154,32,sports ball,0.581109,837.226,451.217,886.034,494.359,862.000,473.000,48.809,43.143
identical_balls_trick_000_018.mp4,121,2.018683,bytetrack,148,32,sports ball,0.565170,733.929,213.254,780.336,259.669,757.000,236.000,46.408,46.416
identical_balls_trick_000_018.mp4,121,2.018683,bytetrack,154,32,sports ball,0.562545,825.882,443.015,874.909,486.577,850.000,465.000,49.028,43.562
identical_balls_trick_000_018.mp4,122,2.035367,bytetrack,148,32,sports ball,0.411998,735.712,223.577,782.174,270.037,759.000,247.000,46.462,46.460
identical_balls_trick_000_018.mp4,123,2.052050,bytetrack,148,32,sports ball,0.556505,736.987,236.428,783.696,283.168,760.000,260.000,46.709,46.740
identical_balls_trick_000_018.mp4,124,2.068733,bytetrack,,32,sports ball,0.362293,763.206,415.969,800.977,459.930,782.000,438.000,37.771,43.961
identical_balls_trick_000_018.mp4,124,2.068733,bytetrack,,32,sports ball,0.314148,556.552,473.907,602.978,514.043,580.000,494.000,46.426,40.136
identical_balls_trick_000_018.mp4,124,2.068733,bytetrack,,32,sports ball,0.298496,738.808,256.065,784.451,302.655,762.000,279.000,45.642,46.589
identical_balls_trick_000_018.mp4,125,2.085417,bytetrack,,32,sports ball,0.215275,554.133,441.431,601.432,479.349,578.000,460.000,47.299,37.917
identical_balls_trick_000_018.mp4,125,2.085417,bytetrack,,32,sports ball,0.212258,736.446,410.440,774.716,455.037,756.000,433.000,38.270,44.597
identical_balls_trick_000_018.mp4,125,2.085417,bytetrack,,32,sports ball,0.192764,740.602,272.695,786.584,319.445,764.000,296.000,45.982,46.750
identical_balls_trick_000_018.mp4,126,2.102100,bytetrack,,32,sports ball,0.355092,709.873,405.569,755.563,451.520,733.000,429.000,45.690,45.951
identical_balls_trick_000_018.mp4,126,2.102100,bytetrack,,32,sports ball,0.330454,741.985,291.159,787.895,337.355,765.000,314.000,45.910,46.196
identical_balls_trick_000_018.mp4,126,2.102100,bytetrack,,32,sports ball,0.164575,552.989,410.806,599.125,450.539,576.000,431.000,46.135,39.733
identical_balls_trick_000_018.mp4,127,2.118783,bytetrack,,32,sports ball,0.795604,682.425,404.071,729.399,450.257,706.000,427.000,46.974,46.186
identical_balls_trick_000_018.mp4,127,2.118783,bytetrack,,32,sports ball,0.788767,552.260,382.620,597.725,427.487,575.000,405.000,45.465,44.867
identical_balls_trick_000_018.mp4,127,2.118783,bytetrack,,32,sports ball,0.555707,743.596,312.709,789.553,358.151,767.000,335.000,45.957,45.442
identical_balls_trick_000_018.mp4,128,2.135467,bytetrack,,32,sports ball,0.797914,657.577,403.704,704.809,450.413,681.000,427.000,47.233,46.709
identical_balls_trick_000_018.mp4,128,2.135467,bytetrack,,32,sports ball,0.382850,550.208,353.853,595.839,403.373,573.000,379.000,45.630,49.520
identical_balls_trick_000_018.mp4,128,2.135467,bytetrack,,32,sports ball,0.181364,745.014,335.611,790.708,380.773,768.000,358.000,45.694,45.162
identical_balls_trick_000_018.mp4,129,2.152150,bytetrack,,32,sports ball,0.878929,629.450,405.243,678.543,452.438,654.000,429.000,49.093,47.195
identical_balls_trick_000_018.mp4,129,2.152150,bytetrack,,32,sports ball,0.850070,547.712,329.011,593.868,376.789,571.000,353.000,46.156,47.777
identical_balls_trick_000_018.mp4,129,2.152150,bytetrack,,32,sports ball,0.751982,745.499,359.162,792.091,404.495,769.000,382.000,46.591,45.333
identical_balls_trick_000_018.mp4,130,2.168833,bytetrack,,32,sports ball,0.846298,546.854,305.723,592.225,352.820,570.000,329.000,45.371,47.098
identical_balls_trick_000_018.mp4,130,2.168833,bytetrack,,32,sports ball,0.790886,603.627,408.704,651.393,454.796,628.000,432.000,47.765,46.092
identical_balls_trick_000_018.mp4,130,2.168833,bytetrack,,32,sports ball,0.643588,747.866,385.113,793.848,431.369,771.000,408.000,45.981,46.256
identical_balls_trick_000_018.mp4,131,2.185517,bytetrack,,32,sports ball,0.798975,545.267,283.574,590.735,331.546,568.000,308.000,45.468,47.972
identical_balls_trick_000_018.mp4,131,2.185517,bytetrack,,32,sports ball,0.734137,577.092,413.216,625.944,460.212,602.000,437.000,48.852,46.996
identical_balls_trick_000_018.mp4,131,2.185517,bytetrack,,32,sports ball,0.458368,749.835,413.908,794.774,459.868,772.000,437.000,44.940,45.960
identical_balls_trick_000_018.mp4,132,2.202200,bytetrack,,32,sports ball,0.336853,750.615,443.055,796.164,491.447,773.000,467.000,45.548,48.392
identical_balls_trick_000_018.mp4,133,2.218883,bytetrack,,32,sports ball,0.641925,750.947,473.012,796.429,520.610,774.000,497.000,45.482,47.598
identical_balls_trick_000_018.mp4,133,2.218883,bytetrack,,32,sports ball,0.581697,540.801,245.259,586.695,290.396,564.000,268.000,45.894,45.137
identical_balls_trick_000_018.mp4,133,2.218883,bytetrack,,32,sports ball,0.335103,530.057,424.593,579.440,469.791,555.000,447.000,49.382,45.198
identical_balls_trick_000_018.mp4,134,2.235567,bytetrack,,32,sports ball,0.236365,538.698,226.572,584.276,273.180,561.000,250.000,45.578,46.608
identical_balls_trick_000_018.mp4,135,2.252250,bytetrack,,32,sports ball,0.388478,747.573,515.050,794.455,561.369,771.000,538.000,46.883,46.319
identical_balls_trick_000_018.mp4,135,2.252250,bytetrack,,32,sports ball,0.309557,536.729,212.005,582.223,257.669,559.000,235.000,45.493,45.664
identical_balls_trick_000_018.mp4,136,2.268933,bytetrack,188,32,sports ball,0.748036,534.811,200.375,580.837,246.580,558.000,223.000,46.026,46.205
identical_balls_trick_000_018.mp4,137,2.285617,bytetrack,,32,sports ball,0.268133,531.807,186.448,577.156,232.916,554.000,210.000,45.349,46.468
identical_balls_trick_000_018.mp4,137,2.285617,bytetrack,,32,sports ball,0.230567,501.325,457.878,551.184,503.890,526.000,481.000,49.859,46.012
identical_balls_trick_000_018.mp4,138,2.302300,bytetrack,188,32,sports ball,0.777765,530.323,178.846,576.619,225.343,553.000,202.000,46.296,46.498
identical_balls_trick_000_018.mp4,139,2.318983,bytetrack,188,32,sports ball,0.725338,527.576,168.791,574.183,215.700,551.000,192.000,46.607,46.909
identical_balls_trick_000_018.mp4,140,2.335667,bytetrack,188,32,sports ball,0.631452,525.018,161.042,571.719,208.126,548.000,185.000,46.702,47.084
identical_balls_trick_000_018.mp4,141,2.352350,bytetrack,188,32,sports ball,0.528850,522.482,155.393,569.838,203.146,546.000,179.000,47.357,47.753
identical_balls_trick_000_018.mp4,142,2.369033,bytetrack,188,32,sports ball,0.691889,520.276,151.930,567.803,199.933,544.000,176.000,47.527,48.003
identical_balls_trick_000_018.mp4,142,2.369033,bytetrack,196,32,sports ball,0.407971,767.729,592.384,812.098,636.046,790.000,614.000,44.369,43.662
identical_balls_trick_000_018.mp4,143,2.385717,bytetrack,188,32,sports ball,0.654679,518.202,150.364,565.626,198.353,542.000,174.000,47.424,47.989
identical_balls_trick_000_018.mp4,143,2.385717,bytetrack,196,32,sports ball,0.619523,769.441,592.161,813.172,635.133,791.000,614.000,43.731,42.972
identical_balls_trick_000_018.mp4,144,2.402400,bytetrack,188,32,sports ball,0.568650,516.102,150.858,563.255,198.640,540.000,175.000,47.153,47.782
identical_balls_trick_000_018.mp4,144,2.402400,bytetrack,196,32,sports ball,0.522689,770.166,588.444,814.523,631.990,792.000,610.000,44.357,43.547
identical_balls_trick_000_018.mp4,145,2.419083,bytetrack,188,32,sports ball,0.381116,513.885,153.164,561.238,201.195,538.000,177.000,47.354,48.030
identical_balls_trick_000_018.mp4,145,2.419083,bytetrack,196,32,sports ball,0.680572,770.204,582.437,814.595,625.921,792.000,604.000,44.391,43.484
identical_balls_trick_000_018.mp4,145,2.419083,bytetrack,199,32,sports ball,0.719416,535.638,572.979,581.647,617.241,559.000,595.000,46.008,44.262
identical_balls_trick_000_018.mp4,146,2.435767,bytetrack,196,32,sports ball,0.413839,770.066,573.958,812.897,615.705,791.000,595.000,42.831,41.747
identical_balls_trick_000_018.mp4,147,2.452450,bytetrack,196,32,sports ball,0.204762,767.987,562.735,810.733,604.177,789.000,583.000,42.747,41.443
identical_balls_trick_000_018.mp4,148,2.469133,bytetrack,,32,sports ball,0.530837,554.094,537.669,601.329,578.896,578.000,558.000,47.235,41.227
identical_balls_trick_000_018.mp4,148,2.469133,bytetrack,,32,sports ball,0.298531,507.494,177.224,554.525,224.651,531.000,201.000,47.031,47.427
identical_balls_trick_000_018.mp4,148,2.469133,bytetrack,,32,sports ball,0.191334,761.062,544.447,808.791,585.055,785.000,565.000,47.729,40.608
identical_balls_trick_000_018.mp4,149,2.485817,bytetrack,,32,sports ball,0.537014,556.263,513.645,604.604,554.112,580.000,534.000,48.341,40.467
identical_balls_trick_000_018.mp4,149,2.485817,bytetrack,,32,sports ball,0.385034,754.710,528.758,802.914,566.079,779.000,547.000,48.204,37.321
identical_balls_trick_000_018.mp4,149,2.485817,bytetrack,,32,sports ball,0.338197,505.605,187.623,552.256,235.557,529.000,212.000,46.651,47.934
identical_balls_trick_000_018.mp4,149,2.485817,bytetrack,,32,sports ball,0.282022,505.809,187.639,551.923,235.796,529.000,212.000,46.115,48.157
identical_balls_trick_000_018.mp4,150,2.502500,bytetrack,209,32,sports ball,0.620805,504.522,198.122,549.898,245.504,527.000,222.000,45.376,47.382
identical_balls_trick_000_018.mp4,151,2.519183,bytetrack,,32,sports ball,0.418730,500.456,215.476,548.016,262.560,524.000,239.000,47.560,47.083
identical_balls_trick_000_018.mp4,152,2.535867,bytetrack,,32,sports ball,0.164677,500.058,232.312,545.851,279.823,523.000,256.000,45.794,47.511
identical_balls_trick_000_018.mp4,153,2.552550,bytetrack,,32,sports ball,0.321776,713.964,446.778,759.821,491.939,737.000,469.000,45.857,45.161
identical_balls_trick_000_018.mp4,153,2.552550,bytetrack,,32,sports ball,0.321534,559.798,379.408,607.365,426.821,584.000,403.000,47.567,47.413
identical_balls_trick_000_018.mp4,155,2.585917,bytetrack,,32,sports ball,0.723680,560.255,318.529,608.126,368.431,584.000,343.000,47.872,49.902
identical_balls_trick_000_018.mp4,155,2.585917,bytetrack,,32,sports ball,0.193444,685.967,411.953,733.391,459.550,710.000,436.000,47.424,47.597
identical_balls_trick_000_018.mp4,155,2.585917,bytetrack,,32,sports ball,0.189998,493.208,292.516,539.251,339.090,516.000,316.000,46.043,46.574
identical_balls_trick_000_018.mp4,156,2.602600,bytetrack,,32,sports ball,0.553918,561.089,289.449,608.227,340.421,585.000,315.000,47.138,50.972
identical_balls_trick_000_018.mp4,156,2.602600,bytetrack,,32,sports ball,0.536588,492.197,316.859,538.203,364.072,515.000,340.000,46.006,47.213
identical_balls_trick_000_018.mp4,156,2.602600,bytetrack,,32,sports ball,0.365841,672.806,397.670,719.960,444.800,696.000,421.000,47.153,47.130
identical_balls_trick_000_018.mp4,157,2.619283,bytetrack,,32,sports ball,0.561120,562.076,264.008,608.624,313.122,585.000,289.000,46.549,49.113
identical_balls_trick_000_018.mp4,157,2.619283,bytetrack,,32,sports ball,0.307696,489.460,342.956,536.937,390.005,513.000,366.000,47.477,47.049
identical_balls_trick_000_018.mp4,158,2.635967,bytetrack,,32,sports ball,0.579445,562.088,239.944,609.153,288.784,586.000,264.000,47.065,48.840
identical_balls_trick_000_018.mp4,158,2.635967,bytetrack,,32,sports ball,0.449097,488.810,369.757,534.292,417.881,512.000,394.000,45.482,48.123
identical_balls_trick_000_018.mp4,159,2.652650,bytetrack,,32,sports ball,0.379437,487.269,400.665,532.229,448.005,510.000,424.000,44.961,47.340
identical_balls_trick_000_018.mp4,159,2.652650,bytetrack,,32,sports ball,0.323257,631.609,365.726,678.976,413.289,655.000,390.000,47.367,47.563
identical_balls_trick_000_018.mp4,160,2.669333,bytetrack,,32,sports ball,0.437958,616.237,358.269,664.736,406.477,640.000,382.000,48.499,48.208
identical_balls_trick_000_018.mp4,160,2.669333,bytetrack,,32,sports ball,0.400901,561.660,194.599,609.815,242.193,586.000,218.000,48.155,47.594
identical_balls_trick_000_018.mp4,160,2.669333,bytetrack,,32,sports ball,0.273756,485.943,432.341,532.199,479.491,509.000,456.000,46.257,47.150
identical_balls_trick_000_018.mp4,162,2.702700,bytetrack,,32,sports ball,0.219206,562.195,156.542,609.492,207.018,586.000,182.000,47.298,50.476
identical_balls_trick_000_018.mp4,162,2.702700,bytetrack,,32,sports ball,0.213169,585.830,350.779,636.598,397.445,611.000,374.000,50.768,46.666
identical_balls_trick_000_018.mp4,163,2.719383,bytetrack,,32,sports ball,0.151586,562.481,141.353,609.443,190.905,586.000,166.000,46.962,49.552
identical_balls_trick_000_018.mp4,164,2.736067,bytetrack,,32,sports ball,0.312411,562.716,128.221,609.625,176.002,586.000,152.000,46.909,47.781
identical_balls_trick_000_018.mp4,164,2.736067,bytetrack,,32,sports ball,0.307370,562.467,128.108,609.815,176.258,586.000,152.000,47.349,48.150
identical_balls_trick_000_018.mp4,164,2.736067,bytetrack,,32,sports ball,0.176012,568.686,351.352,619.819,398.564,594.000,375.000,51.133,47.212
identical_balls_trick_000_018.mp4,165,2.752750,bytetrack,227,32,sports ball,0.707132,562.365,117.164,610.811,166.530,587.000,142.000,48.446,49.365
identical_balls_trick_000_018.mp4,166,2.769433,bytetrack,227,32,sports ball,0.606011,562.222,107.901,611.022,157.659,587.000,133.000,48.800,49.758
identical_balls_trick_000_018.mp4,167,2.786117,bytetrack,227,32,sports ball,0.409091,562.309,98.467,611.173,148.348,587.000,123.000,48.864,49.881
identical_balls_trick_000_018.mp4,168,2.802800,bytetrack,227,32,sports ball,0.688809,562.316,90.616,611.835,141.264,587.000,116.000,49.519,50.649
identical_balls_trick_000_018.mp4,169,2.819483,bytetrack,227,32,sports ball,0.606485,562.577,85.855,611.851,136.320,587.000,111.000,49.274,50.465
identical_balls_trick_000_018.mp4,170,2.836167,bytetrack,227,32,sports ball,0.612884,562.848,82.454,612.058,132.955,587.000,108.000,49.210,50.502
identical_balls_trick_000_018.mp4,171,2.852850,bytetrack,227,32,sports ball,0.712087,563.056,81.178,612.502,132.060,588.000,107.000,49.446,50.882
identical_balls_trick_000_018.mp4,172,2.869533,bytetrack,227,32,sports ball,0.671149,563.357,82.349,612.828,133.365,588.000,108.000,49.471,51.017
identical_balls_trick_000_018.mp4,173,2.886217,bytetrack,227,32,sports ball,0.866066,563.599,85.422,612.966,136.482,588.000,111.000,49.367,51.060
identical_balls_trick_000_018.mp4,174,2.902900,bytetrack,227,32,sports ball,0.818947,564.258,91.225,612.771,141.437,589.000,116.000,48.513,50.212
identical_balls_trick_000_018.mp4,174,2.902900,bytetrack,231,32,sports ball,0.775809,578.103,342.746,626.892,390.285,602.000,367.000,48.788,47.539
identical_balls_trick_000_018.mp4,175,2.919583,bytetrack,227,32,sports ball,0.686517,564.722,98.571,613.309,148.938,589.000,124.000,48.587,50.367
identical_balls_trick_000_018.mp4,175,2.919583,bytetrack,231,32,sports ball,0.782694,581.459,344.530,630.422,392.267,606.000,368.000,48.963,47.738
identical_balls_trick_000_018.mp4,176,2.936267,bytetrack,227,32,sports ball,0.842968,565.243,107.902,613.400,157.859,589.000,133.000,48.156,49.957
identical_balls_trick_000_018.mp4,176,2.936267,bytetrack,231,32,sports ball,0.816790,584.740,348.106,635.042,397.192,610.000,373.000,50.302,49.086
identical_balls_trick_000_018.mp4,177,2.952950,bytetrack,227,32,sports ball,0.532781,565.358,118.956,613.957,169.403,590.000,144.000,48.599,50.447
identical_balls_trick_000_018.mp4,177,2.952950,bytetrack,231,32,sports ball,0.753708,589.387,354.192,639.144,402.789,614.000,378.000,49.757,48.597
identical_balls_trick_000_018.mp4,178,2.969633,bytetrack,231,32,sports ball,0.421160,592.667,361.918,642.615,410.822,618.000,386.000,49.948,48.905
identical_balls_trick_000_018.mp4,179,2.986317,bytetrack,231,32,sports ball,0.619900,596.522,371.943,645.941,420.358,621.000,396.000,49.419,48.415
identical_balls_trick_000_018.mp4,179,2.986317,bytetrack,238,32,sports ball,0.643103,566.801,151.372,614.327,201.192,591.000,176.000,47.526,49.820
identical_balls_trick_000_018.mp4,180,3.003000,bytetrack,231,32,sports ball,0.644723,600.192,382.929,649.272,431.105,625.000,407.000,49.080,48.176
identical_balls_trick_000_018.mp4,181,3.019683,bytetrack,231,32,sports ball,0.372896,603.974,396.282,652.169,443.693,628.000,420.000,48.195,47.411
identical_balls_trick_000_018.mp4,182,3.036367,bytetrack,231,32,sports ball,0.226012,607.768,410.752,655.958,458.304,632.000,435.000,48.190,47.552
identical_balls_trick_000_018.mp4,183,3.053050,bytetrack,,32,sports ball,0.217057,567.472,237.993,616.165,288.333,592.000,263.000,48.694,50.340
identical_balls_trick_000_018.mp4,184,3.069733,bytetrack,,32,sports ball,0.668204,568.602,264.938,617.285,313.198,593.000,289.000,48.684,48.261
identical_balls_trick_000_018.mp4,184,3.069733,bytetrack,,32,sports ball,0.323697,428.295,202.217,474.318,249.417,451.000,226.000,46.023,47.200
identical_balls_trick_000_018.mp4,185,3.086417,bytetrack,,32,sports ball,0.585755,568.786,293.136,617.421,342.403,593.000,318.000,48.635,49.267
identical_balls_trick_000_018.mp4,185,3.086417,bytetrack,,32,sports ball,0.331766,430.347,179.181,475.252,227.038,453.000,203.000,44.905,47.856
identical_balls_trick_000_018.mp4,185,3.086417,bytetrack,,32,sports ball,0.291380,617.558,468.241,664.681,516.218,641.000,492.000,47.123,47.977
identical_balls_trick_000_018.mp4,186,3.103100,bytetrack,,32,sports ball,0.578810,621.703,489.459,667.971,536.769,645.000,513.000,46.268,47.310
identical_balls_trick_000_018.mp4,186,3.103100,bytetrack,,32,sports ball,0.274199,569.068,321.426,617.254,372.106,593.000,347.000,48.187,50.680
identical_balls_trick_000_018.mp4,186,3.103100,bytetrack,,32,sports ball,0.268620,429.582,159.119,476.510,206.877,453.000,183.000,46.928,47.758
identical_balls_trick_000_018.mp4,186,3.103100,bytetrack,,32,sports ball,0.220129,429.138,158.981,476.920,206.830,453.000,183.000,47.782,47.849
identical_balls_trick_000_018.mp4,187,3.119783,bytetrack,,32,sports ball,0.396904,431.424,139.485,477.991,187.692,455.000,164.000,46.568,48.208
identical_balls_trick_000_018.mp4,187,3.119783,bytetrack,,32,sports ball,0.216979,625.506,512.194,671.724,559.849,649.000,536.000,46.218,47.654
identical_balls_trick_000_018.mp4,188,3.136467,bytetrack,,32,sports ball,0.472664,432.069,121.952,479.488,171.518,456.000,147.000,47.419,49.566
identical_balls_trick_000_018.mp4,188,3.136467,bytetrack,,32,sports ball,0.325813,628.826,537.765,675.503,585.383,652.000,562.000,46.678,47.617
identical_balls_trick_000_018.mp4,188,3.136467,bytetrack,,32,sports ball,0.186104,571.296,384.535,619.302,435.836,595.000,410.000,48.006,51.301
identical_balls_trick_000_018.mp4,189,3.153150,bytetrack,,32,sports ball,0.472456,432.557,106.467,480.055,155.254,456.000,131.000,47.498,48.787
identical_balls_trick_000_018.mp4,189,3.153150,bytetrack,,32,sports ball,0.222802,577.588,411.393,626.477,461.295,602.000,436.000,48.889,49.902
identical_balls_trick_000_018.mp4,189,3.153150,bytetrack,,32,sports ball,0.168832,634.129,554.614,679.916,600.623,657.000,578.000,45.786,46.009
identical_balls_trick_000_018.mp4,190,3.169833,bytetrack,,32,sports ball,0.491909,433.997,92.526,481.357,141.775,458.000,117.000,47.360,49.249
identical_balls_trick_000_018.mp4,190,3.169833,bytetrack,,32,sports ball,0.246335,586.498,437.765,635.151,487.395,611.000,463.000,48.653,49.630
identical_balls_trick_000_018.mp4,191,3.186517,bytetrack,,32,sports ball,0.478750,634.210,576.019,680.265,619.716,657.000,598.000,46.054,43.697
identical_balls_trick_000_018.mp4,191,3.186517,bytetrack,,32,sports ball,0.259445,435.358,81.008,482.407,130.796,459.000,106.000,47.048,49.788
identical_balls_trick_000_018.mp4,192,3.203200,bytetrack,,32,sports ball,0.331916,612.711,489.093,660.281,539.099,636.000,514.000,47.570,50.006
identical_balls_trick_000_018.mp4,192,3.203200,bytetrack,,32,sports ball,0.219381,436.455,70.793,484.098,121.202,460.000,96.000,47.644,50.409
identical_balls_trick_000_018.mp4,193,3.219883,bytetrack,,32,sports ball,0.471049,626.282,507.108,672.538,556.580,649.000,532.000,46.256,49.472
identical_balls_trick_000_018.mp4,193,3.219883,bytetrack,,32,sports ball,0.422448,437.139,63.141,485.303,112.641,461.000,88.000,48.164,49.500
identical_balls_trick_000_018.mp4,193,3.219883,bytetrack,,32,sports ball,0.332147,621.432,594.357,667.386,641.087,644.000,618.000,45.954,46.730
identical_balls_trick_000_018.mp4,194,3.236567,bytetrack,,32,sports ball,0.298145,619.041,603.220,665.580,649.380,642.000,626.000,46.538,46.160
identical_balls_trick_000_018.mp4,194,3.236567,bytetrack,,32,sports ball,0.256846,638.950,522.496,683.215,569.379,661.000,546.000,44.266,46.883
identical_balls_trick_000_018.mp4,195,3.253250,bytetrack,264,32,sports ball,0.415928,619.463,608.945,665.583,654.692,643.000,632.000,46.120,45.747
identical_balls_trick_000_018.mp4,196,3.269933,bytetrack,264,32,sports ball,0.234307,618.632,618.234,663.411,662.672,641.000,640.000,44.779,44.438
identical_balls_trick_000_018.mp4,197,3.286617,bytetrack,264,32,sports ball,0.219958,618.459,624.260,662.464,667.923,640.000,646.000,44.004,43.663
identical_balls_trick_000_018.mp4,198,3.303300,bytetrack,264,32,sports ball,0.368793,617.539,625.713,661.829,669.679,640.000,648.000,44.290,43.966
identical_balls_trick_000_018.mp4,199,3.319983,bytetrack,264,32,sports ball,0.394781,615.587,624.064,660.019,668.194,638.000,646.000,44.432,44.130
identical_balls_trick_000_018.mp4,200,3.336667,bytetrack,264,32,sports ball,0.418242,612.016,619.579,656.521,663.892,634.000,642.000,44.505,44.313
identical_balls_trick_000_018.mp4,200,3.336667,bytetrack,268,32,sports ball,0.559769,700.633,562.758,742.417,604.883,722.000,584.000,41.783,42.125
identical_balls_trick_000_018.mp4,201,3.353350,bytetrack,264,32,sports ball,0.182759,609.038,613.654,652.327,656.826,631.000,635.000,43.289,43.172
identical_balls_trick_000_018.mp4,201,3.353350,bytetrack,268,32,sports ball,0.477052,706.165,562.448,748.061,604.594,727.000,584.000,41.896,42.146
identical_balls_trick_000_018.mp4,202,3.370033,bytetrack,268,32,sports ball,0.394063,711.174,560.830,753.232,603.012,732.000,582.000,42.058,42.182
identical_balls_trick_000_018.mp4,203,3.386717,bytetrack,268,32,sports ball,0.339652,713.423,556.433,756.844,599.871,735.000,578.000,43.421,43.438
identical_balls_trick_000_018.mp4,204,3.403400,bytetrack,268,32,sports ball,0.390489,714.767,551.105,758.388,594.606,737.000,573.000,43.621,43.501
identical_balls_trick_000_018.mp4,205,3.420083,bytetrack,268,32,sports ball,0.428423,714.210,542.909,758.543,586.979,736.000,565.000,44.333,44.070
identical_balls_trick_000_018.mp4,206,3.436767,bytetrack,,32,sports ball,0.707285,589.118,521.219,635.046,556.915,612.000,539.000,45.927,35.696
identical_balls_trick_000_018.mp4,206,3.436767,bytetrack,,32,sports ball,0.387506,709.756,529.559,756.913,570.494,733.000,550.000,47.157,40.934
identical_balls_trick_000_018.mp4,206,3.436767,bytetrack,,32,sports ball,0.224804,457.627,139.534,505.555,189.592,482.000,165.000,47.928,50.057
identical_balls_trick_000_018.mp4,207,3.453450,bytetrack,,32,sports ball,0.620516,585.299,486.327,633.532,523.338,609.000,505.000,48.233,37.011
identical_balls_trick_000_018.mp4,207,3.453450,bytetrack,,32,sports ball,0.401466,458.245,160.396,506.135,208.816,482.000,185.000,47.890,48.420
identical_balls_trick_000_018.mp4,208,3.470133,bytetrack,,32,sports ball,0.168192,460.856,181.448,507.787,230.446,484.000,206.000,46.931,48.997
identical_balls_trick_000_018.mp4,210,3.503500,bytetrack,,32,sports ball,0.333782,580.541,369.325,628.613,417.310,605.000,393.000,48.072,47.985
identical_balls_trick_000_018.mp4,210,3.503500,bytetrack,,32,sports ball,0.196588,679.141,459.726,726.896,504.766,703.000,482.000,47.755,45.040
identical_balls_trick_000_018.mp4,211,3.520183,bytetrack,,32,sports ball,0.294117,579.467,335.493,627.122,383.600,603.000,360.000,47.655,48.106
identical_balls_trick_000_018.mp4,212,3.536867,bytetrack,,32,sports ball,0.677767,577.983,299.655,625.628,349.203,602.000,324.000,47.645,49.548
identical_balls_trick_000_018.mp4,212,3.536867,bytetrack,,32,sports ball,0.385100,467.538,289.387,514.502,339.096,491.000,314.000,46.964,49.708
identical_balls_trick_000_018.mp4,213,3.553550,bytetrack,,32,sports ball,0.319165,575.991,267.211,624.364,314.802,600.000,291.000,48.373,47.591
identical_balls_trick_000_018.mp4,218,3.636967,bytetrack,,32,sports ball,0.234316,570.172,131.743,616.076,178.264,593.000,155.000,45.904,46.521
identical_balls_trick_000_018.mp4,219,3.653650,bytetrack,,32,sports ball,0.514455,569.286,109.686,614.634,157.051,592.000,133.000,45.348,47.364
identical_balls_trick_000_018.mp4,220,3.670333,bytetrack,,32,sports ball,0.448833,568.476,89.561,612.940,137.824,591.000,114.000,44.464,48.262
identical_balls_trick_000_018.mp4,221,3.687017,bytetrack,,32,sports ball,0.517719,565.635,71.645,611.340,119.993,588.000,96.000,45.705,48.348
identical_balls_trick_000_018.mp4,222,3.703700,bytetrack,,32,sports ball,0.369263,564.087,55.197,610.279,104.047,587.000,80.000,46.192,48.849
identical_balls_trick_000_018.mp4,223,3.720383,bytetrack,288,32,sports ball,0.633018,562.963,43.622,609.772,93.134,586.000,68.000,46.809,49.512
identical_balls_trick_000_018.mp4,224,3.737067,bytetrack,288,32,sports ball,0.439742,561.917,31.748,608.741,81.289,585.000,57.000,46.824,49.541
identical_balls_trick_000_018.mp4,225,3.753750,bytetrack,288,32,sports ball,0.338952,559.944,19.297,607.390,69.526,584.000,44.000,47.446,50.229
identical_balls_trick_000_018.mp4,226,3.770433,bytetrack,288,32,sports ball,0.259972,558.298,9.522,605.344,59.378,582.000,34.000,47.046,49.856
identical_balls_trick_000_018.mp4,227,3.787117,bytetrack,288,32,sports ball,0.546050,556.996,2.620,603.194,51.545,580.000,27.000,46.198,48.925
identical_balls_trick_000_018.mp4,228,3.803800,bytetrack,288,32,sports ball,0.613827,556.231,0.000,600.778,46.348,579.000,23.000,44.547,46.348
identical_balls_trick_000_018.mp4,229,3.820483,bytetrack,288,32,sports ball,0.496653,555.543,0.000,598.492,43.386,577.000,22.000,42.948,43.386
identical_balls_trick_000_018.mp4,230,3.837167,bytetrack,288,32,sports ball,0.643884,554.292,0.000,596.391,42.336,575.000,21.000,42.099,42.336
identical_balls_trick_000_018.mp4,231,3.853850,bytetrack,288,32,sports ball,0.596880,552.220,0.000,594.872,42.990,574.000,21.000,42.652,42.990
identical_balls_trick_000_018.mp4,232,3.870533,bytetrack,288,32,sports ball,0.738738,549.903,0.000,594.320,44.992,572.000,22.000,44.417,44.992
identical_balls_trick_000_018.mp4,232,3.870533,bytetrack,290,32,sports ball,0.814149,578.337,341.875,625.279,389.189,602.000,366.000,46.942,47.314
identical_balls_trick_000_018.mp4,233,3.887217,bytetrack,288,32,sports ball,0.407195,547.479,1.218,594.058,49.553,571.000,25.000,46.579,48.334
identical_balls_trick_000_018.mp4,233,3.887217,bytetrack,290,32,sports ball,0.881057,578.144,342.698,624.988,389.900,602.000,366.000,46.845,47.202
identical_balls_trick_000_018.mp4,234,3.903900,bytetrack,288,32,sports ball,0.165749,545.666,6.661,593.045,56.002,569.000,31.000,47.380,49.341
identical_balls_trick_000_018.mp4,234,3.903900,bytetrack,290,32,sports ball,0.688747,577.891,345.465,624.306,392.193,601.000,369.000,46.414,46.728
identical_balls_trick_000_018.mp4,235,3.920583,bytetrack,288,32,sports ball,0.767408,544.115,14.373,591.804,64.263,568.000,39.000,47.689,49.890
identical_balls_trick_000_018.mp4,235,3.920583,bytetrack,290,32,sports ball,0.279220,577.189,350.216,623.949,397.264,601.000,374.000,46.760,47.048
identical_balls_trick_000_018.mp4,236,3.937267,bytetrack,,32,sports ball,0.574642,419.982,352.832,465.528,394.080,443.000,373.000,45.547,41.248
identical_balls_trick_000_018.mp4,236,3.937267,bytetrack,,32,sports ball,0.210695,543.999,31.742,589.097,79.770,567.000,56.000,45.098,48.028
identical_balls_trick_000_018.mp4,237,3.953950,bytetrack,,32,sports ball,0.424738,542.000,44.021,587.302,93.048,565.000,69.000,45.302,49.027
identical_balls_trick_000_018.mp4,238,3.970633,bytetrack,299,32,sports ball,0.682485,541.080,55.714,586.537,104.898,564.000,80.000,45.457,49.185
identical_balls_trick_000_018.mp4,239,3.987317,bytetrack,299,32,sports ball,0.717377,539.505,70.705,585.056,119.956,562.000,95.000,45.551,49.251
identical_balls_trick_000_018.mp4,240,4.004000,bytetrack,,32,sports ball,0.466040,431.628,226.179,475.493,271.944,454.000,249.000,43.865,45.765
identical_balls_trick_000_018.mp4,240,4.004000,bytetrack,,32,sports ball,0.230163,537.623,94.437,583.493,143.184,561.000,119.000,45.871,48.748
identical_balls_trick_000_018.mp4,240,4.004000,bytetrack,,32,sports ball,0.156690,537.945,94.595,582.653,143.186,560.000,119.000,44.708,48.592
identical_balls_trick_000_018.mp4,241,4.020683,bytetrack,,32,sports ball,0.222632,572.665,423.120,618.318,468.807,595.000,446.000,45.653,45.688
identical_balls_trick_000_018.mp4,241,4.020683,bytetrack,,32,sports ball,0.218772,537.072,114.603,581.033,163.326,559.000,139.000,43.962,48.723
identical_balls_trick_000_018.mp4,241,4.020683,bytetrack,,32,sports ball,0.198206,433.573,199.765,479.575,245.579,457.000,223.000,46.002,45.814
identical_balls_trick_000_018.mp4,242,4.037367,bytetrack,,32,sports ball,0.794163,570.857,440.034,618.260,486.958,595.000,463.000,47.403,46.924
identical_balls_trick_000_018.mp4,242,4.037367,bytetrack,,32,sports ball,0.675133,436.264,175.385,481.892,220.110,459.000,198.000,45.628,44.725
identical_balls_trick_000_018.mp4,242,4.037367,bytetrack,,32,sports ball,0.551502,535.978,137.348,580.304,186.170,558.000,162.000,44.326,48.823
identical_balls_trick_000_018.mp4,243,4.054050,bytetrack,,32,sports ball,0.457339,439.510,151.240,484.094,197.291,462.000,174.000,44.584,46.051
identical_balls_trick_000_018.mp4,243,4.054050,bytetrack,,32,sports ball,0.281599,533.473,161.312,579.253,209.863,556.000,186.000,45.779,48.550
identical_balls_trick_000_018.mp4,243,4.054050,bytetrack,,32,sports ball,0.258799,570.185,459.181,616.691,506.702,593.000,483.000,46.506,47.520
identical_balls_trick_000_018.mp4,244,4.070733,bytetrack,,32,sports ball,0.761336,569.440,480.359,615.436,528.081,592.000,504.000,45.996,47.722
identical_balls_trick_000_018.mp4,244,4.070733,bytetrack,,32,sports ball,0.651579,442.107,130.558,487.579,176.684,465.000,154.000,45.472,46.127
identical_balls_trick_000_018.mp4,244,4.070733,bytetrack,,32,sports ball,0.490110,532.786,187.098,578.620,235.800,556.000,211.000,45.835,48.702
identical_balls_trick_000_018.mp4,245,4.087417,bytetrack,,32,sports ball,0.330946,445.555,111.236,491.351,158.162,468.000,135.000,45.796,46.926
identical_balls_trick_000_018.mp4,246,4.104100,bytetrack,,32,sports ball,0.591367,449.316,92.708,494.630,140.409,472.000,117.000,45.314,47.702
identical_balls_trick_000_018.mp4,246,4.104100,bytetrack,,32,sports ball,0.492599,531.173,245.226,576.035,294.912,554.000,270.000,44.862,49.686
identical_balls_trick_000_018.mp4,247,4.120783,bytetrack,,32,sports ball,0.590658,529.584,276.130,574.107,326.821,552.000,301.000,44.524,50.691
identical_balls_trick_000_018.mp4,247,4.120783,bytetrack,,32,sports ball,0.176437,568.160,535.749,613.711,581.146,591.000,558.000,45.550,45.396
identical_balls_trick_000_018.mp4,247,4.120783,bytetrack,,32,sports ball,0.171224,452.041,77.288,496.946,124.507,474.000,101.000,44.905,47.219
identical_balls_trick_000_018.mp4,247,4.120783,bytetrack,,32,sports ball,0.168064,451.716,77.181,497.141,124.706,474.000,101.000,45.426,47.525
identical_balls_trick_000_018.mp4,248,4.137467,bytetrack,,32,sports ball,0.598856,455.173,64.104,500.851,111.358,478.000,88.000,45.677,47.254
identical_balls_trick_000_018.mp4,248,4.137467,bytetrack,,32,sports ball,0.582072,528.035,309.213,573.627,359.227,551.000,334.000,45.593,50.015
identical_balls_trick_000_018.mp4,249,4.154150,bytetrack,,32,sports ball,0.518695,527.771,343.724,572.900,393.530,550.000,369.000,45.130,49.806
identical_balls_trick_000_018.mp4,249,4.154150,bytetrack,,32,sports ball,0.407364,458.610,51.248,504.257,99.315,481.000,75.000,45.647,48.066
identical_balls_trick_000_018.mp4,249,4.154150,bytetrack,,32,sports ball,0.401340,570.065,552.160,613.552,596.239,592.000,574.000,43.487,44.079
identical_balls_trick_000_018.mp4,249,4.154150,bytetrack,,32,sports ball,0.184864,458.864,51.609,504.013,99.431,481.000,76.000,45.149,47.822
identical_balls_trick_000_018.mp4,250,4.170833,bytetrack,319,32,sports ball,0.686837,461.334,43.409,506.997,91.501,484.000,67.000,45.663,48.092
identical_balls_trick_000_018.mp4,251,4.187517,bytetrack,319,32,sports ball,0.210702,465.229,35.451,510.495,83.107,488.000,59.000,45.265,47.656
identical_balls_trick_000_018.mp4,252,4.204200,bytetrack,319,32,sports ball,0.650505,469.157,27.914,514.287,75.423,492.000,52.000,45.129,47.508
identical_balls_trick_000_018.mp4,253,4.220883,bytetrack,319,32,sports ball,0.623075,472.901,22.099,518.185,69.794,496.000,46.000,45.284,47.694
identical_balls_trick_000_018.mp4,254,4.237567,bytetrack,319,32,sports ball,0.258266,476.693,18.921,522.313,67.019,500.000,43.000,45.620,48.098
identical_balls_trick_000_018.mp4,255,4.254250,bytetrack,319,32,sports ball,0.434598,480.527,17.060,526.534,65.620,504.000,41.000,46.007,48.560
identical_balls_trick_000_018.mp4,256,4.270933,bytetrack,319,32,sports ball,0.314542,484.071,17.413,529.993,65.904,507.000,42.000,45.922,48.492
identical_balls_trick_000_018.mp4,257,4.287617,bytetrack,319,32,sports ball,0.498592,486.550,18.524,532.365,66.943,509.000,43.000,45.815,48.420
identical_balls_trick_000_018.mp4,258,4.304300,bytetrack,319,32,sports ball,0.481642,487.409,19.083,533.184,67.481,510.000,43.000,45.775,48.398
identical_balls_trick_000_018.mp4,258,4.304300,bytetrack,328,32,sports ball,0.425135,628.988,513.080,672.467,558.327,651.000,536.000,43.479,45.247
identical_balls_trick_000_018.mp4,259,4.320983,bytetrack,319,32,sports ball,0.593850,489.126,20.918,534.326,68.779,512.000,45.000,45.200,47.861
identical_balls_trick_000_018.mp4,260,4.337667,bytetrack,319,32,sports ball,0.573210,489.641,21.717,534.557,69.350,512.000,46.000,44.916,47.633
identical_balls_trick_000_018.mp4,261,4.354350,bytetrack,319,32,sports ball,0.475034,490.962,23.759,535.728,71.154,513.000,47.000,44.766,47.395
identical_balls_trick_000_018.mp4,262,4.371033,bytetrack,319,32,sports ball,0.467937,491.328,24.571,536.086,71.881,514.000,48.000,44.757,47.310
identical_balls_trick_000_018.mp4,263,4.387717,bytetrack,319,32,sports ball,0.425219,492.594,26.494,537.646,74.051,515.000,50.000,45.052,47.557
identical_balls_trick_000_018.mp4,264,4.404400,bytetrack,319,32,sports ball,0.423405,492.978,27.237,538.169,74.878,516.000,51.000,45.191,47.641
identical_balls_trick_000_018.mp4,265,4.421083,bytetrack,319,32,sports ball,0.408664,494.592,29.975,539.335,77.201,517.000,54.000,44.743,47.226
identical_balls_trick_000_018.mp4,266,4.437767,bytetrack,319,32,sports ball,0.387560,495.107,31.003,539.671,78.091,517.000,55.000,44.564,47.088
identical_balls_trick_000_018.mp4,267,4.454450,bytetrack,,32,sports ball,0.352158,677.821,532.825,721.104,578.196,699.000,556.000,43.283,45.371
identical_balls_trick_000_018.mp4,267,4.454450,bytetrack,,32,sports ball,0.173554,574.675,609.939,618.697,651.617,597.000,631.000,44.021,41.678
identical_balls_trick_000_018.mp4,268,4.471133,bytetrack,335,32,sports ball,0.349363,677.819,532.822,721.111,578.202,699.000,556.000,43.292,45.380
identical_balls_trick_000_018.mp4,269,4.487817,bytetrack,335,32,sports ball,0.551031,683.581,533.231,726.579,578.286,705.000,556.000,42.999,45.055
identical_balls_trick_000_018.mp4,270,4.504500,bytetrack,335,32,sports ball,0.552748,685.567,533.384,728.479,578.320,707.000,556.000,42.912,44.936
identical_balls_trick_000_018.mp4,271,4.521183,bytetrack,335,32,sports ball,0.551304,692.000,532.400,734.789,577.201,713.000,555.000,42.789,44.801
identical_balls_trick_000_018.mp4,271,4.521183,bytetrack,319,32,sports ball,0.429194,500.685,42.360,545.125,89.338,523.000,66.000,44.441,46.977
identical_balls_trick_000_018.mp4,272,4.537867,bytetrack,335,32,sports ball,0.537660,693.948,532.070,736.711,576.835,715.000,554.000,42.763,44.764
identical_balls_trick_000_018.mp4,272,4.537867,bytetrack,319,32,sports ball,0.385891,501.009,43.383,545.475,90.381,523.000,67.000,44.466,46.998
identical_balls_trick_000_018.mp4,273,4.554550,bytetrack,335,32,sports ball,0.355411,698.883,529.886,742.354,575.496,721.000,553.000,43.471,45.610
identical_balls_trick_000_018.mp4,273,4.554550,bytetrack,319,32,sports ball,0.287008,502.460,47.447,546.700,94.269,525.000,71.000,44.240,46.823
identical_balls_trick_000_018.mp4,274,4.571233,bytetrack,335,32,sports ball,0.348979,700.483,529.131,744.221,575.141,722.000,552.000,43.738,46.009
identical_balls_trick_000_018.mp4,274,4.571233,bytetrack,319,32,sports ball,0.287958,502.975,48.905,547.111,95.670,525.000,72.000,44.135,46.766
identical_balls_trick_000_018.mp4,275,4.587917,bytetrack,335,32,sports ball,0.272828,704.948,526.471,747.906,571.702,726.000,549.000,42.959,45.231
identical_balls_trick_000_018.mp4,275,4.587917,bytetrack,319,32,sports ball,0.353830,504.566,52.469,548.555,99.179,527.000,76.000,43.989,46.710
identical_balls_trick_000_018.mp4,276,4.604600,bytetrack,335,32,sports ball,0.260881,706.437,525.516,749.076,570.444,728.000,548.000,42.638,44.928
identical_balls_trick_000_018.mp4,276,4.604600,bytetrack,319,32,sports ball,0.360502,505.182,53.766,549.050,100.429,527.000,77.000,43.868,46.662
identical_balls_trick_000_018.mp4,276,4.604600,bytetrack,338,32,sports ball,0.351773,581.057,576.087,626.560,618.354,604.000,597.000,45.504,42.268
identical_balls_trick_000_018.mp4,277,4.621283,bytetrack,335,32,sports ball,0.206815,710.378,521.179,752.803,565.868,732.000,544.000,42.425,44.689
identical_balls_trick_000_018.mp4,277,4.621283,bytetrack,319,32,sports ball,0.379244,506.388,58.137,550.575,105.168,528.000,82.000,44.187,47.031
identical_balls_trick_000_018.mp4,277,4.621283,bytetrack,338,32,sports ball,0.224295,582.388,566.749,627.957,609.078,605.000,588.000,45.568,42.328
identical_balls_trick_000_018.mp4,278,4.637967,bytetrack,335,32,sports ball,0.220164,711.737,519.615,754.056,564.162,733.000,542.000,42.318,44.547
identical_balls_trick_000_018.mp4,278,4.637967,bytetrack,319,32,sports ball,0.394718,506.844,59.719,551.211,106.957,529.000,83.000,44.368,47.238
identical_balls_trick_000_018.mp4,278,4.637967,bytetrack,338,32,sports ball,0.218699,582.857,563.765,628.348,606.019,606.000,585.000,45.491,42.254
identical_balls_trick_000_018.mp4,279,4.654650,bytetrack,335,32,sports ball,0.417322,715.129,514.937,756.732,558.695,736.000,537.000,41.602,43.758
identical_balls_trick_000_018.mp4,279,4.654650,bytetrack,319,32,sports ball,0.490227,508.449,64.280,552.622,111.264,531.000,88.000,44.173,46.984
identical_balls_trick_000_018.mp4,279,4.654650,bytetrack,338,32,sports ball,0.175364,584.383,553.221,629.701,595.276,607.000,574.000,45.318,42.055
identical_balls_trick_000_018.mp4,280,4.671333,bytetrack,335,32,sports ball,0.432737,716.163,513.256,757.559,556.777,737.000,535.000,41.396,43.521
identical_balls_trick_000_018.mp4,280,4.671333,bytetrack,319,32,sports ball,0.495623,508.980,65.909,553.170,112.895,531.000,89.000,44.190,46.985
identical_balls_trick_000_018.mp4,280,4.671333,bytetrack,338,32,sports ball,0.341730,584.850,549.985,630.096,591.925,607.000,571.000,45.246,41.940
identical_balls_trick_000_018.mp4,281,4.688017,bytetrack,335,32,sports ball,0.371737,718.748,507.376,759.194,549.708,739.000,529.000,40.447,42.332
identical_balls_trick_000_018.mp4,281,4.688017,bytetrack,319,32,sports ball,0.296563,510.143,71.215,554.335,118.169,532.000,95.000,44.192,46.954
identical_balls_trick_000_018.mp4,281,4.688017,bytetrack,338,32,sports ball,0.198294,585.826,539.199,629.985,579.958,608.000,560.000,44.159,40.759
identical_balls_trick_000_018.mp4,282,4.704700,bytetrack,335,32,sports ball,0.370405,719.537,505.273,759.723,547.154,740.000,526.000,40.186,41.881
identical_balls_trick_000_018.mp4,282,4.704700,bytetrack,319,32,sports ball,0.283301,510.506,73.131,554.713,120.075,533.000,97.000,44.207,46.944
identical_balls_trick_000_018.mp4,282,4.704700,bytetrack,338,32,sports ball,0.204776,586.046,535.682,629.952,576.020,608.000,556.000,43.906,40.339
identical_balls_trick_000_018.mp4,283,4.721383,bytetrack,335,32,sports ball,0.609757,721.256,498.055,761.115,539.283,741.000,519.000,39.859,41.228
identical_balls_trick_000_018.mp4,283,4.721383,bytetrack,319,32,sports ball,0.583663,512.315,78.905,556.241,125.592,534.000,102.000,43.925,46.687
identical_balls_trick_000_018.mp4,283,4.721383,bytetrack,338,32,sports ball,0.393567,587.048,523.279,630.738,563.184,609.000,543.000,43.690,39.904
identical_balls_trick_000_018.mp4,284,4.738067,bytetrack,335,32,sports ball,0.612976,721.706,495.487,761.614,536.476,742.000,516.000,39.908,40.989
identical_balls_trick_000_018.mp4,284,4.738067,bytetrack,319,32,sports ball,0.577051,513.021,80.990,556.843,127.580,535.000,104.000,43.823,46.591
identical_balls_trick_000_018.mp4,284,4.738067,bytetrack,338,32,sports ball,0.384339,587.291,519.099,631.083,558.862,609.000,539.000,43.792,39.763
identical_balls_trick_000_018.mp4,285,4.754750,bytetrack,335,32,sports ball,0.585180,721.306,487.979,761.433,528.612,741.000,508.000,40.127,40.632
identical_balls_trick_000_018.mp4,285,4.754750,bytetrack,319,32,sports ball,0.614794,514.696,86.370,558.288,132.592,536.000,109.000,43.592,46.222
identical_balls_trick_000_018.mp4,285,4.754750,bytetrack,338,32,sports ball,0.626386,588.508,505.699,630.584,543.547,610.000,525.000,42.077,37.848
identical_balls_trick_000_018.mp4,286,4.771433,bytetrack,335,32,sports ball,0.570569,720.886,485.309,761.464,525.886,741.000,506.000,40.579,40.577
identical_balls_trick_000_018.mp4,286,4.771433,bytetrack,319,32,sports ball,0.634527,515.256,88.247,558.835,134.347,537.000,111.000,43.579,46.100
identical_balls_trick_000_018.mp4,286,4.771433,bytetrack,338,32,sports ball,0.576777,588.777,500.961,630.610,538.259,610.000,520.000,41.833,37.299
identical_balls_trick_000_018.mp4,287,4.788117,bytetrack,335,32,sports ball,0.192271,720.108,476.878,761.056,517.282,741.000,497.000,40.948,40.405
identical_balls_trick_000_018.mp4,287,4.788117,bytetrack,319,32,sports ball,0.451388,516.328,94.440,560.165,140.869,538.000,118.000,43.837,46.428
identical_balls_trick_000_018.mp4,288,4.804800,bytetrack,335,32,sports ball,0.194473,719.601,473.870,761.001,514.234,740.000,494.000,41.400,40.365
identical_balls_trick_000_018.mp4,288,4.804800,bytetrack,319,32,sports ball,0.460989,516.705,96.645,560.619,143.208,539.000,120.000,43.914,46.562
identical_balls_trick_000_018.mp4,288,4.804800,bytetrack,338,32,sports ball,0.313056,588.548,482.293,631.240,520.096,610.000,501.000,42.692,37.803
identical_balls_trick_000_018.mp4,289,4.821483,bytetrack,319,32,sports ball,0.629049,518.128,102.916,562.014,149.447,540.000,126.000,43.886,46.531
identical_balls_trick_000_018.mp4,290,4.838167,bytetrack,319,32,sports ball,0.612725,518.623,105.090,562.548,151.654,541.000,128.000,43.926,46.564
identical_balls_trick_000_018.mp4,291,4.854850,bytetrack,319,32,sports ball,0.710397,520.145,111.797,564.009,158.342,542.000,135.000,43.864,46.545
identical_balls_trick_000_018.mp4,292,4.871533,bytetrack,319,32,sports ball,0.719257,520.734,114.213,564.550,160.744,543.000,137.000,43.817,46.531
identical_balls_trick_000_018.mp4,293,4.888217,bytetrack,319,32,sports ball,0.666242,521.769,121.041,565.929,167.929,544.000,144.000,44.161,46.888
identical_balls_trick_000_018.mp4,294,4.904900,bytetrack,319,32,sports ball,0.676349,522.137,123.444,566.483,170.519,544.000,147.000,44.346,47.075
identical_balls_trick_000_018.mp4,294,4.904900,bytetrack,342,32,sports ball,0.334192,589.630,421.733,636.245,461.413,613.000,442.000,46.615,39.680
identical_balls_trick_000_018.mp4,295,4.921583,bytetrack,319,32,sports ball,0.641457,523.905,130.795,567.678,177.176,546.000,154.000,43.773,46.381
identical_balls_trick_000_018.mp4,296,4.938267,bytetrack,319,32,sports ball,0.625640,524.522,133.436,568.116,179.544,546.000,156.000,43.594,46.108
identical_balls_trick_000_018.mp4,297,4.954950,bytetrack,319,32,sports ball,0.632718,526.523,141.449,569.859,187.277,548.000,164.000,43.336,45.828
identical_balls_trick_000_018.mp4,298,4.971633,bytetrack,319,32,sports ball,0.614376,527.272,144.284,570.424,189.890,549.000,167.000,43.152,45.606
identical_balls_trick_000_018.mp4,298,4.971633,bytetrack,345,32,sports ball,0.478893,701.029,411.500,747.113,457.880,724.000,435.000,46.084,46.379
identical_balls_trick_000_018.mp4,299,4.988317,bytetrack,319,32,sports ball,0.700708,528.530,152.180,571.722,197.881,550.000,175.000,43.193,45.701
identical_balls_trick_000_018.mp4,299,4.988317,bytetrack,345,32,sports ball,0.446682,697.988,403.218,743.111,448.620,721.000,426.000,45.123,45.402
identical_balls_trick_000_018.mp4,300,5.005000,bytetrack,319,32,sports ball,0.730541,528.932,154.945,572.137,200.709,551.000,178.000,43.205,45.763
identical_balls_trick_000_018.mp4,300,5.005000,bytetrack,345,32,sports ball,0.407977,696.969,400.458,741.831,445.586,719.000,423.000,44.863,45.128
identical_balls_trick_000_018.mp4,300,5.005000,bytetrack,346,32,sports ball,0.466496,592.056,363.547,639.343,410.751,616.000,387.000,47.288,47.203
identical_balls_trick_000_018.mp4,301,5.021683,bytetrack,319,32,sports ball,0.582063,529.977,163.120,573.398,209.173,552.000,186.000,43.421,46.053
identical_balls_trick_000_018.mp4,301,5.021683,bytetrack,345,32,sports ball,0.558505,692.140,391.367,738.756,438.309,715.000,415.000,46.616,46.942
identical_balls_trick_000_018.mp4,301,5.021683,bytetrack,346,32,sports ball,0.565474,591.185,349.762,640.526,399.059,616.000,374.000,49.341,49.297
identical_balls_trick_000_018.mp4,302,5.038367,bytetrack,319,32,sports ball,0.593134,530.348,166.018,573.825,212.193,552.000,189.000,43.477,46.175
identical_balls_trick_000_018.mp4,302,5.038367,bytetrack,345,32,sports ball,0.491903,690.651,388.618,737.727,436.074,714.000,412.000,47.076,47.456
identical_balls_trick_000_018.mp4,302,5.038367,bytetrack,346,32,sports ball,0.561345,590.910,345.103,640.898,395.113,616.000,370.000,49.988,50.009
identical_balls_trick_000_018.mp4,303,5.055050,bytetrack,319,32,sports ball,0.795119,531.835,174.950,575.045,220.838,553.000,198.000,43.209,45.888
identical_balls_trick_000_018.mp4,303,5.055050,bytetrack,345,32,sports ball,0.652512,687.958,380.079,734.824,427.309,711.000,404.000,46.867,47.230
identical_balls_trick_000_018.mp4,303,5.055050,bytetrack,346,32,sports ball,0.655007,591.963,332.655,641.701,382.530,617.000,358.000,49.738,49.876
identical_balls_trick_000_018.mp4,304,5.071733,bytetrack,319,32,sports ball,0.797025,532.347,178.123,575.462,223.909,554.000,201.000,43.115,45.786
identical_balls_trick_000_018.mp4,304,5.071733,bytetrack,345,32,sports ball,0.653873,687.092,377.238,733.874,424.368,710.000,401.000,46.781,47.130
identical_balls_trick_000_018.mp4,304,5.071733,bytetrack,346,32,sports ball,0.654805,592.383,328.768,641.898,378.557,617.000,354.000,49.515,49.789
identical_balls_trick_000_018.mp4,305,5.088417,bytetrack,319,32,sports ball,0.441852,534.014,187.240,576.516,232.393,555.000,210.000,42.502,45.153
identical_balls_trick_000_018.mp4,305,5.088417,bytetrack,345,32,sports ball,0.324996,683.740,369.981,730.188,416.758,707.000,393.000,46.447,46.776
identical_balls_trick_000_018.mp4,305,5.088417,bytetrack,346,32,sports ball,0.756578,592.981,315.442,642.193,365.044,618.000,340.000,49.213,49.602
identical_balls_trick_000_018.mp4,306,5.105100,bytetrack,319,32,sports ball,0.568906,534.662,190.567,576.823,235.365,556.000,213.000,42.161,44.798
identical_balls_trick_000_018.mp4,306,5.105100,bytetrack,345,32,sports ball,0.342097,682.642,367.568,728.947,414.189,706.000,391.000,46.305,46.621
identical_balls_trick_000_018.mp4,306,5.105100,bytetrack,346,32,sports ball,0.759516,593.233,311.035,642.241,360.555,618.000,336.000,49.008,49.520
identical_balls_trick_000_018.mp4,307,5.121783,bytetrack,319,32,sports ball,0.557902,536.842,200.090,578.823,244.460,558.000,222.000,41.981,44.369
identical_balls_trick_000_018.mp4,307,5.121783,bytetrack,345,32,sports ball,0.748640,679.363,359.940,725.893,406.872,703.000,383.000,46.530,46.931
identical_balls_trick_000_018.mp4,307,5.121783,bytetrack,346,32,sports ball,0.618336,594.590,299.191,642.091,347.155,618.000,323.000,47.501,47.963
identical_balls_trick_000_018.mp4,308,5.138467,bytetrack,319,32,sports ball,0.573762,537.570,203.450,579.609,247.672,559.000,226.000,42.039,44.222
identical_balls_trick_000_018.mp4,308,5.138467,bytetrack,345,32,sports ball,0.763315,678.277,357.313,724.819,404.334,702.000,381.000,46.542,47.021
identical_balls_trick_000_018.mp4,308,5.138467,bytetrack,346,32,sports ball,0.622791,595.080,295.249,642.011,342.601,619.000,319.000,46.931,47.352
identical_balls_trick_000_018.mp4,309,5.155150,bytetrack,319,32,sports ball,0.547251,538.895,213.033,581.185,257.402,560.000,235.000,42.290,44.369
identical_balls_trick_000_018.mp4,309,5.155150,bytetrack,345,32,sports ball,0.652135,675.407,350.678,721.236,396.907,698.000,374.000,45.829,46.228
identical_balls_trick_000_018.mp4,309,5.155150,bytetrack,346,32,sports ball,0.857173,595.808,283.110,642.013,329.635,619.000,306.000,46.205,46.526
identical_balls_trick_000_018.mp4,310,5.171833,bytetrack,319,32,sports ball,0.555098,539.358,216.398,581.769,260.766,561.000,239.000,42.412,44.368
identical_balls_trick_000_018.mp4,310,5.171833,bytetrack,345,32,sports ball,0.675374,674.389,348.412,719.987,394.341,697.000,371.000,45.598,45.929
identical_balls_trick_000_018.mp4,310,5.171833,bytetrack,346,32,sports ball,0.853533,596.004,279.014,642.046,325.292,619.000,302.000,46.043,46.278
identical_balls_trick_000_018.mp4,311,5.188517,bytetrack,319,32,sports ball,0.354336,540.141,226.305,582.489,270.575,561.000,248.000,42.348,44.270
identical_balls_trick_000_018.mp4,312,5.205200,bytetrack,319,32,sports ball,0.365034,540.338,229.804,582.676,274.017,562.000,252.000,42.338,44.213
identical_balls_trick_000_018.mp4,312,5.205200,bytetrack,346,32,sports ball,0.275771,596.982,264.749,642.333,310.033,620.000,287.000,45.351,45.284
identical_balls_trick_000_018.mp4,315,5.255250,bytetrack,,32,sports ball,0.171031,660.471,325.490,708.126,371.874,684.000,349.000,47.654,46.384
identical_balls_trick_000_018.mp4,316,5.271933,bytetrack,,32,sports ball,0.172565,660.469,325.486,708.152,371.867,684.000,349.000,47.682,46.381
identical_balls_trick_000_018.mp4,317,5.288617,bytetrack,345,32,sports ball,0.597001,656.995,317.891,703.650,364.892,680.000,341.000,46.655,47.001
identical_balls_trick_000_018.mp4,318,5.305300,bytetrack,345,32,sports ball,0.586624,656.145,316.593,702.869,363.663,680.000,340.000,46.724,47.070
identical_balls_trick_000_018.mp4,319,5.321983,bytetrack,345,32,sports ball,0.873319,652.888,312.463,699.066,358.720,676.000,336.000,46.178,46.257
identical_balls_trick_000_018.mp4,319,5.321983,bytetrack,319,32,sports ball,0.467503,547.561,284.724,590.818,330.053,569.000,307.000,43.257,45.329
identical_balls_trick_000_018.mp4,320,5.338667,bytetrack,345,32,sports ball,0.868835,651.688,311.074,697.784,357.029,675.000,334.000,46.097,45.955
identical_balls_trick_000_018.mp4,320,5.338667,bytetrack,319,32,sports ball,0.467959,547.967,287.512,591.170,332.908,570.000,310.000,43.203,45.397
identical_balls_trick_000_018.mp4,321,5.355350,bytetrack,345,32,sports ball,0.782711,647.826,306.239,694.205,352.447,671.000,329.000,46.380,46.208
identical_balls_trick_000_018.mp4,321,5.355350,bytetrack,319,32,sports ball,0.205299,549.275,299.049,592.193,344.104,571.000,322.000,42.919,45.055
identical_balls_trick_000_018.mp4,322,5.372033,bytetrack,345,32,sports ball,0.780090,646.519,304.567,692.974,350.831,670.000,328.000,46.455,46.264
identical_balls_trick_000_018.mp4,322,5.372033,bytetrack,319,32,sports ball,0.204522,549.826,303.526,592.382,348.083,571.000,326.000,42.556,44.557
identical_balls_trick_000_018.mp4,323,5.388717,bytetrack,345,32,sports ball,0.830502,643.057,300.362,689.466,346.457,666.000,323.000,46.409,46.095
identical_balls_trick_000_018.mp4,323,5.388717,bytetrack,319,32,sports ball,0.587309,550.616,314.444,593.859,359.718,572.000,337.000,43.243,45.274
identical_balls_trick_000_018.mp4,324,5.405400,bytetrack,345,32,sports ball,0.830429,641.805,298.919,688.267,344.959,665.000,322.000,46.462,46.040
identical_balls_trick_000_018.mp4,324,5.405400,bytetrack,319,32,sports ball,0.608703,550.871,318.290,594.389,363.853,573.000,341.000,43.518,45.563
identical_balls_trick_000_018.mp4,325,5.422083,bytetrack,345,32,sports ball,0.604840,638.844,295.505,684.414,340.668,662.000,318.000,45.571,45.163
identical_balls_trick_000_018.mp4,326,5.438767,bytetrack,345,32,sports ball,0.554647,637.840,294.257,683.282,339.337,661.000,317.000,45.442,45.080
identical_balls_trick_000_018.mp4,327,5.455450,bytetrack,345,32,sports ball,0.679582,634.065,290.057,679.944,335.637,657.000,313.000,45.879,45.579
identical_balls_trick_000_018.mp4,328,5.472133,bytetrack,345,32,sports ball,0.682556,632.759,288.603,678.770,334.371,656.000,311.000,46.011,45.768
identical_balls_trick_000_018.mp4,329,5.488817,bytetrack,345,32,sports ball,0.586251,629.886,285.783,675.477,331.033,653.000,308.000,45.591,45.250
identical_balls_trick_000_018.mp4,330,5.505500,bytetrack,345,32,sports ball,0.591687,628.891,284.671,674.480,329.882,652.000,307.000,45.590,45.211
identical_balls_trick_000_018.mp4,331,5.522183,bytetrack,345,32,sports ball,0.456685,627.067,282.060,672.811,327.292,650.000,305.000,45.744,45.232
identical_balls_trick_000_018.mp4,332,5.538867,bytetrack,345,32,sports ball,0.467759,626.432,281.188,672.312,326.435,649.000,304.000,45.880,45.247
identical_balls_trick_000_018.mp4,333,5.555550,bytetrack,,32,sports ball,0.221620,604.682,115.242,651.018,163.798,628.000,140.000,46.335,48.556
identical_balls_trick_000_018.mp4,334,5.572233,bytetrack,,32,sports ball,0.315807,604.395,115.242,651.087,163.824,628.000,140.000,46.692,48.583
identical_balls_trick_000_018.mp4,334,5.572233,bytetrack,,32,sports ball,0.213899,624.891,279.134,671.974,323.637,648.000,301.000,47.084,44.503
identical_balls_trick_000_018.mp4,335,5.588917,bytetrack,,32,sports ball,0.395840,605.035,104.544,651.599,153.123,628.000,129.000,46.564,48.580
identical_balls_trick_000_018.mp4,335,5.588917,bytetrack,,32,sports ball,0.167747,605.434,104.960,651.422,153.156,628.000,129.000,45.988,48.196
identical_balls_trick_000_018.mp4,336,5.605600,bytetrack,349,32,sports ball,0.405851,605.033,104.550,651.591,153.124,628.000,129.000,46.558,48.574
identical_balls_trick_000_018.mp4,337,5.622283,bytetrack,349,32,sports ball,0.339679,605.275,96.405,652.089,145.243,629.000,121.000,46.814,48.838
identical_balls_trick_000_018.mp4,338,5.638967,bytetrack,349,32,sports ball,0.361986,605.313,93.571,652.313,142.602,629.000,118.000,47.000,49.031
identical_balls_trick_000_018.mp4,339,5.655650,bytetrack,349,32,sports ball,0.420366,605.923,85.352,653.147,134.669,630.000,110.000,47.224,49.317
identical_balls_trick_000_018.mp4,340,5.672333,bytetrack,349,32,sports ball,0.433105,606.146,82.829,653.400,132.238,630.000,108.000,47.254,49.409
identical_balls_trick_000_018.mp4,341,5.689017,bytetrack,349,32,sports ball,0.263551,606.959,75.754,653.913,124.846,630.000,100.000,46.954,49.091
identical_balls_trick_000_018.mp4,342,5.705700,bytetrack,349,32,sports ball,0.282502,607.242,73.485,654.062,122.430,631.000,98.000,46.821,48.945
identical_balls_trick_000_018.mp4,343,5.722383,bytetrack,349,32,sports ball,0.333204,607.783,66.592,654.959,115.978,631.000,91.000,47.176,49.386
identical_balls_trick_000_018.mp4,344,5.739067,bytetrack,349,32,sports ball,0.328287,607.960,64.260,655.267,113.858,632.000,89.000,47.307,49.598
identical_balls_trick_000_018.mp4,347,5.789117,bytetrack,349,32,sports ball,0.386445,609.002,49.183,656.315,98.848,633.000,74.000,47.312,49.665
identical_balls_trick_000_018.mp4,348,5.805800,bytetrack,349,32,sports ball,0.345744,609.106,47.541,656.366,97.203,633.000,72.000,47.260,49.662
identical_balls_trick_000_018.mp4,349,5.822483,bytetrack,349,32,sports ball,0.479398,609.320,42.015,656.448,91.606,633.000,67.000,47.128,49.592
identical_balls_trick_000_018.mp4,350,5.839167,bytetrack,349,32,sports ball,0.458733,609.413,40.122,656.402,89.628,633.000,65.000,46.990,49.506
identical_balls_trick_000_018.mp4,353,5.889217,bytetrack,,32,sports ball,0.171376,610.334,26.836,657.395,77.506,634.000,52.000,47.061,50.670
identical_balls_trick_000_018.mp4,354,5.905900,bytetrack,,32,sports ball,0.194406,610.342,26.756,657.465,77.499,634.000,52.000,47.123,50.743
identical_balls_trick_000_018.mp4,355,5.922583,bytetrack,,32,sports ball,0.244946,610.829,20.696,658.389,70.891,635.000,46.000,47.560,50.194
identical_balls_trick_000_018.mp4,356,5.939267,bytetrack,349,32,sports ball,0.262455,610.796,20.349,658.414,70.534,635.000,45.000,47.618,50.185
identical_balls_trick_000_018.mp4,359,5.989317,bytetrack,,32,sports ball,0.196350,612.666,9.703,659.346,59.834,636.000,35.000,46.681,50.131
identical_balls_trick_000_018.mp4,360,6.006000,bytetrack,,32,sports ball,0.191087,612.664,9.697,659.356,59.850,636.000,35.000,46.692,50.154
identical_balls_trick_000_018.mp4,361,6.022683,bytetrack,349,32,sports ball,0.348596,613.010,5.421,660.028,55.018,637.000,30.000,47.017,49.597
identical_balls_trick_000_018.mp4,362,6.039367,bytetrack,349,32,sports ball,0.358609,613.143,4.605,660.085,54.135,637.000,29.000,46.942,49.530
identical_balls_trick_000_018.mp4,363,6.056050,bytetrack,349,32,sports ball,0.450242,613.765,2.003,660.151,50.840,637.000,26.000,46.385,48.836
identical_balls_trick_000_018.mp4,364,6.072733,bytetrack,349,32,sports ball,0.457354,613.965,1.155,660.183,49.727,637.000,25.000,46.218,48.572
identical_balls_trick_000_018.mp4,365,6.089417,bytetrack,349,32,sports ball,0.491577,614.793,0.291,660.007,47.459,637.000,24.000,45.214,47.168
identical_balls_trick_000_018.mp4,366,6.106100,bytetrack,349,32,sports ball,0.519696,615.079,0.099,660.022,46.687,638.000,23.000,44.943,46.588
identical_balls_trick_000_018.mp4,367,6.122783,bytetrack,349,32,sports ball,0.434254,616.132,0.000,659.671,44.290,638.000,22.000,43.539,44.290
identical_balls_trick_000_018.mp4,368,6.139467,bytetrack,349,32,sports ball,0.425117,616.388,0.000,659.650,43.529,638.000,22.000,43.262,43.529
identical_balls_trick_000_018.mp4,369,6.156150,bytetrack,349,32,sports ball,0.433311,617.612,0.000,659.338,41.585,638.000,21.000,41.726,41.585
identical_balls_trick_000_018.mp4,370,6.172833,bytetrack,349,32,sports ball,0.421237,617.930,0.096,659.394,40.989,639.000,21.000,41.463,40.892
identical_balls_trick_000_018.mp4,371,6.189517,bytetrack,349,32,sports ball,0.415685,619.184,0.221,659.333,39.011,639.000,20.000,40.149,38.790
identical_balls_trick_000_018.mp4,372,6.206200,bytetrack,349,32,sports ball,0.396570,619.426,0.329,659.497,38.356,639.000,19.000,40.071,38.027
identical_balls_trick_000_018.mp4,377,6.289617,bytetrack,,32,sports ball,0.156577,617.522,0.063,664.386,35.824,641.000,18.000,46.864,35.761
identical_balls_trick_000_018.mp4,378,6.306300,bytetrack,,32,sports ball,0.157834,617.501,0.060,664.379,35.852,641.000,18.000,46.878,35.791
identical_balls_trick_000_018.mp4,379,6.322983,bytetrack,,32,sports ball,0.156210,618.010,0.000,664.913,35.499,641.000,18.000,46.903,35.499
identical_balls_trick_000_018.mp4,380,6.339667,bytetrack,,32,sports ball,0.155476,618.023,0.000,664.901,35.355,641.000,18.000,46.878,35.355
identical_balls_trick_000_018.mp4,381,6.356350,bytetrack,,32,sports ball,0.160428,618.235,0.000,665.671,35.304,642.000,18.000,47.436,35.304
identical_balls_trick_000_018.mp4,382,6.373033,bytetrack,,32,sports ball,0.183144,618.239,0.000,665.665,35.321,642.000,18.000,47.426,35.321
identical_balls_trick_000_018.mp4,389,6.489817,bytetrack,,32,sports ball,0.200542,619.815,0.409,667.354,40.354,644.000,20.000,47.539,39.945
identical_balls_trick_000_018.mp4,390,6.506500,bytetrack,,32,sports ball,0.200047,619.816,0.409,667.348,40.358,644.000,20.000,47.532,39.949
identical_balls_trick_000_018.mp4,391,6.523183,bytetrack,,32,sports ball,0.208441,620.862,0.645,667.988,42.953,644.000,22.000,47.127,42.308
identical_balls_trick_000_018.mp4,392,6.539867,bytetrack,,32,sports ball,0.210074,620.841,0.650,667.990,42.946,644.000,22.000,47.148,42.296
identical_balls_trick_000_018.mp4,393,6.556550,bytetrack,,32,sports ball,0.338396,621.427,0.900,668.421,46.066,645.000,23.000,46.994,45.166
identical_balls_trick_000_018.mp4,394,6.573233,bytetrack,350,32,sports ball,0.338488,621.597,0.882,668.651,46.110,645.000,23.000,47.054,45.227
identical_balls_trick_000_018.mp4,395,6.589917,bytetrack,350,32,sports ball,0.303818,620.962,1.108,670.166,48.447,646.000,25.000,49.204,47.339
identical_balls_trick_000_018.mp4,396,6.606600,bytetrack,350,32,sports ball,0.320321,620.751,1.178,670.638,49.241,646.000,25.000,49.887,48.063
identical_balls_trick_000_018.mp4,397,6.623283,bytetrack,350,32,sports ball,0.582840,620.769,2.270,672.669,52.437,647.000,27.000,51.901,50.167
identical_balls_trick_000_018.mp4,398,6.639967,bytetrack,350,32,sports ball,0.628887,620.743,2.621,673.162,53.467,647.000,28.000,52.419,50.846
identical_balls_trick_000_018.mp4,398,6.639967,bytetrack,351,32,sports ball,0.434243,639.549,240.523,684.113,284.560,662.000,263.000,44.564,44.037
identical_balls_trick_000_018.mp4,399,6.656650,bytetrack,350,32,sports ball,0.672175,621.385,6.013,673.648,56.931,648.000,31.000,52.263,50.918
identical_balls_trick_000_018.mp4,399,6.656650,bytetrack,351,32,sports ball,0.443656,641.539,241.376,686.151,285.418,664.000,263.000,44.612,44.041
identical_balls_trick_000_018.mp4,400,6.673333,bytetrack,350,32,sports ball,0.662987,621.788,7.237,673.767,58.134,648.000,33.000,51.979,50.897
identical_balls_trick_000_018.mp4,400,6.673333,bytetrack,351,32,sports ball,0.431554,642.141,241.645,686.850,285.721,664.000,264.000,44.708,44.076
identical_balls_trick_000_018.mp4,401,6.690017,bytetrack,350,32,sports ball,0.610071,621.670,10.579,673.789,61.890,648.000,36.000,52.119,51.311
identical_balls_trick_000_018.mp4,401,6.690017,bytetrack,351,32,sports ball,0.365824,643.092,243.121,688.093,287.455,666.000,265.000,45.000,44.334
identical_balls_trick_000_018.mp4,402,6.706700,bytetrack,350,32,sports ball,0.601807,621.780,11.749,673.905,63.397,648.000,38.000,52.125,51.647
identical_balls_trick_000_018.mp4,402,6.706700,bytetrack,351,32,sports ball,0.369372,643.407,243.633,688.444,287.967,666.000,266.000,45.038,44.335
identical_balls_trick_000_018.mp4,403,6.723383,bytetrack,350,32,sports ball,0.621832,622.547,15.803,674.141,67.288,648.000,42.000,51.594,51.485
identical_balls_trick_000_018.mp4,403,6.723383,bytetrack,351,32,sports ball,0.322452,644.217,245.167,689.334,289.549,667.000,267.000,45.117,44.382
identical_balls_trick_000_018.mp4,404,6.740067,bytetrack,350,32,sports ball,0.632294,622.992,17.278,674.133,68.672,649.000,43.000,51.141,51.394
identical_balls_trick_000_018.mp4,404,6.740067,bytetrack,351,32,sports ball,0.336955,644.444,245.669,689.622,290.079,667.000,268.000,45.178,44.409
identical_balls_trick_000_018.mp4,405,6.756750,bytetrack,350,32,sports ball,0.631050,623.455,21.836,674.057,72.992,649.000,47.000,50.603,51.156
identical_balls_trick_000_018.mp4,405,6.756750,bytetrack,351,32,sports ball,0.347845,645.994,247.694,691.102,292.067,669.000,270.000,45.108,44.373
identical_balls_trick_000_018.mp4,406,6.773433,bytetrack,350,32,sports ball,0.597025,623.809,23.485,673.992,74.509,649.000,49.000,50.183,51.024
identical_balls_trick_000_018.mp4,406,6.773433,bytetrack,351,32,sports ball,0.312887,646.701,248.384,691.741,292.755,669.000,271.000,45.039,44.371
identical_balls_trick_000_018.mp4,407,6.790117,bytetrack,350,32,sports ball,0.766399,624.503,28.813,673.885,79.231,649.000,54.000,49.381,50.418
identical_balls_trick_000_018.mp4,407,6.790117,bytetrack,351,32,sports ball,0.654508,647.930,250.511,692.817,294.677,670.000,273.000,44.888,44.166
identical_balls_trick_000_018.mp4,408,6.806800,bytetrack,350,32,sports ball,0.769118,624.799,30.733,673.771,80.929,649.000,56.000,48.972,50.195
identical_balls_trick_000_018.mp4,408,6.806800,bytetrack,351,32,sports ball,0.664922,648.324,251.274,693.195,295.370,671.000,273.000,44.871,44.097
identical_balls_trick_000_018.mp4,409,6.823483,bytetrack,350,32,sports ball,0.802737,624.738,35.675,674.052,86.498,649.000,61.000,49.314,50.823
identical_balls_trick_000_018.mp4,409,6.823483,bytetrack,351,32,sports ball,0.641223,649.365,254.541,693.951,298.347,672.000,276.000,44.586,43.806
identical_balls_trick_000_018.mp4,410,6.840167,bytetrack,350,32,sports ball,0.815719,624.826,37.452,674.094,88.473,649.000,63.000,49.268,51.021
identical_balls_trick_000_018.mp4,410,6.840167,bytetrack,351,32,sports ball,0.648527,649.651,255.688,694.178,299.420,672.000,278.000,44.527,43.732
identical_balls_trick_000_018.mp4,411,6.856850,bytetrack,350,32,sports ball,0.798185,625.400,42.864,674.675,94.106,650.000,68.000,49.276,51.242
identical_balls_trick_000_018.mp4,411,6.856850,bytetrack,351,32,sports ball,0.818322,650.516,258.045,695.877,302.624,673.000,280.000,45.361,44.578
identical_balls_trick_000_018.mp4,412,6.873533,bytetrack,350,32,sports ball,0.803609,625.703,44.811,674.759,96.007,650.000,70.000,49.055,51.197
identical_balls_trick_000_018.mp4,412,6.873533,bytetrack,351,32,sports ball,0.819935,650.886,259.004,696.437,303.784,674.000,281.000,45.551,44.780
identical_balls_trick_000_018.mp4,413,6.890217,bytetrack,350,32,sports ball,0.325730,626.240,51.102,674.891,102.020,651.000,77.000,48.651,50.918
identical_balls_trick_000_018.mp4,413,6.890217,bytetrack,351,32,sports ball,0.653423,652.588,262.225,698.034,306.988,675.000,285.000,45.446,44.763
identical_balls_trick_000_018.mp4,414,6.906900,bytetrack,350,32,sports ball,0.154910,626.547,53.529,674.729,104.182,651.000,79.000,48.182,50.653
identical_balls_trick_000_018.mp4,414,6.906900,bytetrack,351,32,sports ball,0.635324,653.569,263.417,698.824,308.139,676.000,286.000,45.255,44.723
identical_balls_trick_000_018.mp4,415,6.923583,bytetrack,350,32,sports ball,0.571881,627.171,59.566,675.321,110.401,651.000,85.000,48.150,50.835
identical_balls_trick_000_018.mp4,415,6.923583,bytetrack,351,32,sports ball,0.787193,654.975,267.135,700.228,312.035,678.000,290.000,45.253,44.900
identical_balls_trick_000_018.mp4,416,6.940267,bytetrack,350,32,sports ball,0.651339,627.371,61.468,675.529,112.537,651.000,87.000,48.159,51.069
identical_balls_trick_000_018.mp4,416,6.940267,bytetrack,351,32,sports ball,0.789282,655.571,268.442,700.738,313.443,678.000,291.000,45.167,45.001
identical_balls_trick_000_018.mp4,417,6.956950,bytetrack,350,32,sports ball,0.572733,627.892,68.230,675.686,119.081,652.000,94.000,47.793,50.851
identical_balls_trick_000_018.mp4,417,6.956950,bytetrack,351,32,sports ball,0.801239,656.634,272.098,702.336,317.750,679.000,295.000,45.702,45.652
identical_balls_trick_000_018.mp4,418,6.973633,bytetrack,350,32,sports ball,0.558512,628.149,70.657,675.691,121.395,652.000,96.000,47.543,50.737
identical_balls_trick_000_018.mp4,418,6.973633,bytetrack,351,32,sports ball,0.803174,657.018,273.416,702.850,319.313,680.000,296.000,45.832,45.896
identical_balls_trick_000_018.mp4,418,6.973633,bytetrack,356,32,sports ball,0.377660,520.087,416.862,565.512,460.290,543.000,439.000,45.425,43.428
identical_balls_trick_000_018.mp4,419,6.990317,bytetrack,350,32,sports ball,0.728858,628.697,78.163,675.779,128.408,652.000,103.000,47.082,50.245
identical_balls_trick_000_018.mp4,419,6.990317,bytetrack,351,32,sports ball,0.837994,658.389,277.851,704.003,323.618,681.000,301.000,45.614,45.767
identical_balls_trick_000_018.mp4,419,6.990317,bytetrack,356,32,sports ball,0.651778,518.800,402.864,565.450,447.500,542.000,425.000,46.651,44.636
identical_balls_trick_000_018.mp4,420,7.007000,bytetrack,350,32,sports ball,0.734957,628.852,80.851,675.905,131.081,652.000,106.000,47.053,50.230
identical_balls_trick_000_018.mp4,420,7.007000,bytetrack,351,32,sports ball,0.841842,658.887,279.456,704.369,325.170,682.000,302.000,45.482,45.714
identical_balls_trick_000_018.mp4,420,7.007000,bytetrack,356,32,sports ball,0.651263,518.392,398.161,565.407,443.197,542.000,421.000,47.015,45.036
identical_balls_trick_000_018.mp4,421,7.023683,bytetrack,350,32,sports ball,0.824512,629.661,88.339,676.491,138.408,653.000,113.000,46.830,50.069
identical_balls_trick_000_018.mp4,421,7.023683,bytetrack,351,32,sports ball,0.801262,660.104,284.771,704.991,329.778,683.000,307.000,44.888,45.007
identical_balls_trick_000_018.mp4,421,7.023683,bytetrack,356,32,sports ball,0.692184,517.624,384.025,564.590,429.024,541.000,407.000,46.965,44.999
identical_balls_trick_000_018.mp4,422,7.040367,bytetrack,350,32,sports ball,0.803350,629.784,90.969,676.486,140.963,653.000,116.000,46.702,49.994
identical_balls_trick_000_018.mp4,422,7.040367,bytetrack,351,32,sports ball,0.804225,660.472,286.732,705.290,331.579,683.000,309.000,44.818,44.847
identical_balls_trick_000_018.mp4,422,7.040367,bytetrack,356,32,sports ball,0.711118,517.302,379.468,564.426,424.620,541.000,402.000,47.124,45.152
identical_balls_trick_000_018.mp4,423,7.057050,bytetrack,350,32,sports ball,0.434373,630.280,98.831,676.872,148.829,654.000,124.000,46.592,49.998
identical_balls_trick_000_018.mp4,423,7.057050,bytetrack,351,32,sports ball,0.823196,661.632,291.361,706.764,336.560,684.000,314.000,45.132,45.199
identical_balls_trick_000_018.mp4,423,7.057050,bytetrack,356,32,sports ball,0.742096,515.754,366.163,563.532,412.094,540.000,389.000,47.778,45.931
identical_balls_trick_000_018.mp4,424,7.073733,bytetrack,350,32,sports ball,0.428530,630.445,101.623,676.926,151.627,654.000,127.000,46.481,50.004
identical_balls_trick_000_018.mp4,424,7.073733,bytetrack,351,32,sports ball,0.829012,662.071,293.005,707.295,338.336,685.000,316.000,45.223,45.331
identical_balls_trick_000_018.mp4,424,7.073733,bytetrack,356,32,sports ball,0.740912,515.291,361.713,563.174,407.907,539.000,385.000,47.883,46.193
identical_balls_trick_000_018.mp4,424,7.073733,bytetrack,357,32,sports ball,0.329619,630.613,100.616,676.949,150.777,654.000,126.000,46.337,50.161
identical_balls_trick_000_018.mp4,425,7.090417,bytetrack,350,32,sports ball,0.613855,631.119,110.115,677.273,159.681,654.000,135.000,46.154,49.566
identical_balls_trick_000_018.mp4,425,7.090417,bytetrack,351,32,sports ball,0.840303,663.897,298.861,708.953,344.076,686.000,321.000,45.055,45.215
identical_balls_trick_000_018.mp4,425,7.090417,bytetrack,356,32,sports ball,0.692414,514.585,350.020,561.863,395.662,538.000,373.000,47.279,45.642
identical_balls_trick_000_018.mp4,425,7.090417,bytetrack,357,32,sports ball,0.351965,631.299,109.683,676.916,159.050,654.000,134.000,45.617,49.367
identical_balls_trick_000_018.mp4,426,7.107100,bytetrack,350,32,sports ball,0.391882,631.373,113.193,677.409,162.569,654.000,138.000,46.035,49.376
identical_balls_trick_000_018.mp4,426,7.107100,bytetrack,351,32,sports ball,0.840413,664.530,300.914,709.564,346.157,687.000,324.000,45.034,45.243
identical_balls_trick_000_018.mp4,426,7.107100,bytetrack,356,32,sports ball,0.703052,514.290,345.977,561.437,391.537,538.000,369.000,47.148,45.560
identical_balls_trick_000_018.mp4,426,7.107100,bytetrack,357,32,sports ball,0.454957,631.552,112.760,676.901,161.820,654.000,137.000,45.349,49.060
identical_balls_trick_000_018.mp4,427,7.123783,bytetrack,350,32,sports ball,0.282953,631.957,121.376,678.305,171.148,655.000,146.000,46.348,49.772
identical_balls_trick_000_018.mp4,427,7.123783,bytetrack,351,32,sports ball,0.803175,665.617,306.345,710.502,351.482,688.000,329.000,44.885,45.137
identical_balls_trick_000_018.mp4,427,7.123783,bytetrack,356,32,sports ball,0.460134,512.895,334.148,560.050,379.795,536.000,357.000,47.155,45.647
identical_balls_trick_000_018.mp4,427,7.123783,bytetrack,357,32,sports ball,0.195004,632.181,121.445,678.363,171.384,655.000,146.000,46.182,49.939
identical_balls_trick_000_018.mp4,428,7.140467,bytetrack,350,32,sports ball,0.260470,632.171,124.266,678.624,174.208,655.000,149.000,46.452,49.942
identical_balls_trick_000_018.mp4,428,7.140467,bytetrack,351,32,sports ball,0.802020,666.004,308.287,710.811,353.385,688.000,331.000,44.807,45.098
identical_balls_trick_000_018.mp4,428,7.140467,bytetrack,356,32,sports ball,0.471436,512.415,330.078,559.513,375.744,536.000,353.000,47.098,45.666
identical_balls_trick_000_018.mp4,428,7.140467,bytetrack,357,32,sports ball,0.222621,632.354,124.068,678.846,174.317,656.000,149.000,46.491,50.249
identical_balls_trick_000_018.mp4,429,7.157150,bytetrack,351,32,sports ball,0.855847,666.634,313.814,712.450,360.018,690.000,337.000,45.816,46.204
identical_balls_trick_000_018.mp4,429,7.157150,bytetrack,356,32,sports ball,0.624251,511.139,318.061,559.014,364.694,535.000,341.000,47.875,46.633
identical_balls_trick_000_018.mp4,430,7.173833,bytetrack,351,32,sports ball,0.858441,666.923,315.799,713.022,362.354,690.000,339.000,46.100,46.555
identical_balls_trick_000_018.mp4,430,7.173833,bytetrack,356,32,sports ball,0.617567,510.824,313.816,558.787,360.749,535.000,337.000,47.963,46.933
identical_balls_trick_000_018.mp4,431,7.190517,bytetrack,351,32,sports ball,0.818626,668.110,321.496,714.533,368.537,691.000,345.000,46.424,47.041
identical_balls_trick_000_018.mp4,431,7.190517,bytetrack,356,32,sports ball,0.701159,510.071,302.776,557.264,349.071,534.000,326.000,47.193,46.295
identical_balls_trick_000_018.mp4,432,7.207200,bytetrack,351,32,sports ball,0.818212,668.583,323.545,715.041,370.765,692.000,347.000,46.457,47.220
identical_balls_trick_000_018.mp4,432,7.207200,bytetrack,356,32,sports ball,0.686515,509.852,298.940,556.667,344.971,533.000,322.000,46.816,46.031
identical_balls_trick_000_018.mp4,433,7.223883,bytetrack,351,32,sports ball,0.531619,669.815,330.320,715.835,377.232,693.000,354.000,46.020,46.912
identical_balls_trick_000_018.mp4,433,7.223883,bytetrack,356,32,sports ball,0.248812,508.566,287.513,555.909,334.233,532.000,311.000,47.343,46.720
identical_balls_trick_000_018.mp4,434,7.240567,bytetrack,351,32,sports ball,0.469434,670.282,332.809,716.024,379.563,693.000,356.000,45.742,46.754
identical_balls_trick_000_018.mp4,434,7.240567,bytetrack,356,32,sports ball,0.208391,508.097,283.440,555.601,330.492,532.000,307.000,47.504,47.052
identical_balls_trick_000_018.mp4,435,7.257250,bytetrack,351,32,sports ball,0.184458,671.620,339.753,716.996,386.280,694.000,363.000,45.376,46.526
identical_balls_trick_000_018.mp4,435,7.257250,bytetrack,356,32,sports ball,0.499668,507.986,272.997,554.727,319.305,531.000,296.000,46.741,46.309
identical_balls_trick_000_018.mp4,436,7.273933,bytetrack,351,32,sports ball,0.204273,672.135,342.239,717.297,388.679,695.000,365.000,45.162,46.441
identical_balls_trick_000_018.mp4,436,7.273933,bytetrack,356,32,sports ball,0.474008,507.917,269.222,554.476,315.381,531.000,292.000,46.558,46.159
identical_balls_trick_000_018.mp4,437,7.290617,bytetrack,351,32,sports ball,0.616285,673.897,350.058,718.654,396.128,696.000,373.000,44.757,46.069
identical_balls_trick_000_018.mp4,437,7.290617,bytetrack,356,32,sports ball,0.692848,506.989,259.047,553.406,305.114,530.000,282.000,46.417,46.067
identical_balls_trick_000_018.mp4,438,7.307300,bytetrack,351,32,sports ball,0.587412,674.506,352.833,719.157,398.844,697.000,376.000,44.651,46.010
identical_balls_trick_000_018.mp4,438,7.307300,bytetrack,356,32,sports ball,0.650033,506.640,255.510,553.211,301.787,530.000,279.000,46.572,46.277
identical_balls_trick_000_018.mp4,438,7.307300,bytetrack,350,32,sports ball,0.464194,636.611,189.005,681.074,236.003,659.000,213.000,44.462,46.999
identical_balls_trick_000_018.mp4,439,7.323983,bytetrack,351,32,sports ball,0.271781,675.339,359.869,720.486,406.516,698.000,383.000,45.146,46.647
identical_balls_trick_000_018.mp4,439,7.323983,bytetrack,356,32,sports ball,0.384852,506.065,244.844,553.068,291.648,530.000,268.000,47.003,46.804
identical_balls_trick_000_018.mp4,439,7.323983,bytetrack,350,32,sports ball,0.453596,636.360,200.612,681.738,248.274,659.000,224.000,45.378,47.662
identical_balls_trick_000_018.mp4,440,7.340667,bytetrack,351,32,sports ball,0.260323,675.648,362.364,720.936,409.273,698.000,386.000,45.288,46.909
identical_balls_trick_000_018.mp4,440,7.340667,bytetrack,356,32,sports ball,0.381377,505.896,241.083,553.008,288.085,529.000,265.000,47.112,47.002
identical_balls_trick_000_018.mp4,440,7.340667,bytetrack,350,32,sports ball,0.454802,636.223,204.340,682.019,252.201,659.000,228.000,45.795,47.861
identical_balls_trick_000_018.mp4,441,7.357350,bytetrack,356,32,sports ball,0.194566,505.241,231.479,551.847,278.120,529.000,255.000,46.606,46.641
identical_balls_trick_000_018.mp4,441,7.357350,bytetrack,350,32,sports ball,0.403657,636.801,215.149,683.579,264.275,660.000,240.000,46.778,49.126
identical_balls_trick_000_018.mp4,442,7.374033,bytetrack,356,32,sports ball,0.187269,505.061,228.144,551.393,274.640,528.000,251.000,46.332,46.496
identical_balls_trick_000_018.mp4,442,7.374033,bytetrack,350,32,sports ball,0.420555,637.057,218.984,684.083,268.563,661.000,244.000,47.026,49.579
identical_balls_trick_000_018.mp4,443,7.390717,bytetrack,356,32,sports ball,0.601159,504.808,218.814,551.095,265.349,528.000,242.000,46.288,46.534
identical_balls_trick_000_018.mp4,443,7.390717,bytetrack,350,32,sports ball,0.394581,637.890,231.560,683.914,279.973,661.000,256.000,46.025,48.413
identical_balls_trick_000_018.mp4,444,7.407400,bytetrack,356,32,sports ball,0.613260,504.784,215.577,550.959,262.071,528.000,239.000,46.175,46.494
identical_balls_trick_000_018.mp4,444,7.407400,bytetrack,350,32,sports ball,0.397968,638.169,236.068,683.840,284.014,661.000,260.000,45.671,47.946
identical_balls_trick_000_018.mp4,445,7.424083,bytetrack,356,32,sports ball,0.217060,504.411,205.836,550.709,252.575,528.000,229.000,46.298,46.739
identical_balls_trick_000_018.mp4,445,7.424083,bytetrack,350,32,sports ball,0.578406,639.373,248.300,683.938,294.806,662.000,272.000,44.565,46.507
identical_balls_trick_000_018.mp4,446,7.440767,bytetrack,356,32,sports ball,0.389566,504.133,202.456,550.348,249.164,527.000,226.000,46.215,46.709
identical_balls_trick_000_018.mp4,446,7.440767,bytetrack,350,32,sports ball,0.567568,639.761,252.645,684.030,298.599,662.000,276.000,44.269,45.953
identical_balls_trick_000_018.mp4,447,7.457450,bytetrack,356,32,sports ball,0.390175,503.767,193.777,549.835,240.392,527.000,217.000,46.068,46.615
identical_balls_trick_000_018.mp4,447,7.457450,bytetrack,350,32,sports ball,0.588857,639.286,263.816,684.936,311.147,662.000,287.000,45.650,47.331
identical_balls_trick_000_018.mp4,448,7.474133,bytetrack,356,32,sports ball,0.357942,503.649,190.767,549.631,237.347,527.000,214.000,45.983,46.581
identical_balls_trick_000_018.mp4,448,7.474133,bytetrack,350,32,sports ball,0.574247,639.216,267.685,685.370,315.536,662.000,292.000,46.154,47.851
identical_balls_trick_000_018.mp4,449,7.490817,bytetrack,356,32,sports ball,0.411465,502.675,181.582,549.395,229.053,526.000,205.000,46.720,47.471
identical_balls_trick_000_018.mp4,449,7.490817,bytetrack,350,32,sports ball,0.739386,639.578,279.666,686.284,328.195,663.000,304.000,46.706,48.529
identical_balls_trick_000_018.mp4,450,7.507500,bytetrack,356,32,sports ball,0.439559,502.422,178.326,549.254,226.030,526.000,202.000,46.832,47.704
identical_balls_trick_000_018.mp4,450,7.507500,bytetrack,350,32,sports ball,0.751146,639.781,283.971,686.617,332.738,663.000,308.000,46.836,48.767
identical_balls_trick_000_018.mp4,451,7.524183,bytetrack,356,32,sports ball,0.548215,501.707,169.973,548.707,217.887,525.000,194.000,47.001,47.913
identical_balls_trick_000_018.mp4,451,7.524183,bytetrack,350,32,sports ball,0.696241,640.511,297.628,686.863,345.799,664.000,322.000,46.352,48.172
identical_balls_trick_000_018.mp4,452,7.540867,bytetrack,356,32,sports ball,0.547630,501.452,167.041,548.508,215.045,525.000,191.000,47.056,48.004
identical_balls_trick_000_018.mp4,452,7.540867,bytetrack,350,32,sports ball,0.692126,640.759,302.509,686.966,350.447,664.000,326.000,46.207,47.938
identical_balls_trick_000_018.mp4,453,7.557550,bytetrack,356,32,sports ball,0.487724,500.878,158.536,548.084,206.790,524.000,183.000,47.206,48.255
identical_balls_trick_000_018.mp4,453,7.557550,bytetrack,350,32,sports ball,0.726480,640.376,315.203,687.666,364.344,664.000,340.000,47.291,49.140
identical_balls_trick_000_018.mp4,454,7.574233,bytetrack,356,32,sports ball,0.465196,500.743,155.612,547.883,203.866,524.000,180.000,47.140,48.255
identical_balls_trick_000_018.mp4,454,7.574233,bytetrack,350,32,sports ball,0.711573,640.154,319.651,687.903,369.334,664.000,344.000,47.749,49.683
identical_balls_trick_000_018.mp4,455,7.590917,bytetrack,356,32,sports ball,0.614993,500.249,147.568,547.762,196.330,524.000,172.000,47.513,48.762
identical_balls_trick_000_018.mp4,456,7.607600,bytetrack,356,32,sports ball,0.597815,500.076,144.726,547.706,193.724,524.000,169.000,47.629,48.997
identical_balls_trick_000_018.mp4,457,7.624283,bytetrack,356,32,sports ball,0.211810,500.110,137.671,547.060,185.977,524.000,162.000,46.949,48.306
identical_balls_trick_000_018.mp4,458,7.640967,bytetrack,356,32,sports ball,0.309881,500.093,135.243,546.788,183.305,523.000,159.000,46.694,48.062
identical_balls_trick_000_018.mp4,459,7.657650,bytetrack,356,32,sports ball,0.320360,499.892,128.309,546.491,176.292,523.000,152.000,46.599,47.982
identical_balls_trick_000_018.mp4,459,7.657650,bytetrack,350,32,sports ball,0.390428,643.684,368.251,691.116,417.525,667.000,393.000,47.432,49.273
identical_balls_trick_000_018.mp4,460,7.674333,bytetrack,356,32,sports ball,0.310635,499.825,125.926,546.377,173.875,523.000,150.000,46.553,47.948
identical_balls_trick_000_018.mp4,460,7.674333,bytetrack,350,32,sports ball,0.401243,643.960,371.571,691.392,420.775,668.000,396.000,47.432,49.204
identical_balls_trick_000_018.mp4,461,7.691017,bytetrack,356,32,sports ball,0.154987,498.855,118.012,546.074,166.758,522.000,142.000,47.219,48.746
identical_balls_trick_000_018.mp4,462,7.707700,bytetrack,,32,sports ball,0.215827,693.738,501.760,736.825,546.113,715.000,524.000,43.087,44.353
identical_balls_trick_000_018.mp4,463,7.724383,bytetrack,,32,sports ball,0.177408,499.052,108.288,545.423,156.883,522.000,133.000,46.372,48.595
identical_balls_trick_000_018.mp4,464,7.741067,bytetrack,,32,sports ball,0.180388,499.038,108.313,545.408,156.855,522.000,133.000,46.370,48.542
identical_balls_trick_000_018.mp4,465,7.757750,bytetrack,356,32,sports ball,0.260654,497.901,99.241,545.633,148.665,522.000,124.000,47.732,49.424
identical_balls_trick_000_018.mp4,466,7.774433,bytetrack,356,32,sports ball,0.288199,497.873,97.897,545.466,147.326,522.000,123.000,47.592,49.428
identical_balls_trick_000_018.mp4,467,7.791117,bytetrack,356,32,sports ball,0.232353,497.490,91.730,545.221,141.463,521.000,117.000,47.730,49.733
identical_balls_trick_000_018.mp4,468,7.807800,bytetrack,356,32,sports ball,0.249357,497.368,89.591,545.060,139.427,521.000,115.000,47.692,49.836
identical_balls_trick_000_018.mp4,469,7.824483,bytetrack,356,32,sports ball,0.361112,497.050,83.776,544.832,133.839,521.000,109.000,47.782,50.063
identical_balls_trick_000_018.mp4,470,7.841167,bytetrack,356,32,sports ball,0.403736,497.021,81.794,544.741,131.895,521.000,107.000,47.719,50.100
identical_balls_trick_000_018.mp4,471,7.857850,bytetrack,356,32,sports ball,0.253240,496.866,76.637,544.316,126.591,521.000,102.000,47.450,49.955
identical_balls_trick_000_018.mp4,472,7.874533,bytetrack,356,32,sports ball,0.258689,496.853,74.862,544.126,124.754,520.000,100.000,47.274,49.892
identical_balls_trick_000_018.mp4,473,7.891217,bytetrack,356,32,sports ball,0.458620,496.977,69.909,543.784,119.317,520.000,95.000,46.807,49.407
identical_balls_trick_000_018.mp4,474,7.907900,bytetrack,356,32,sports ball,0.505192,497.054,68.230,543.647,117.410,520.000,93.000,46.594,49.180
identical_balls_trick_000_018.mp4,475,7.924583,bytetrack,356,32,sports ball,0.346034,496.772,63.765,543.273,112.810,520.000,88.000,46.501,49.045
identical_balls_trick_000_018.mp4,476,7.941267,bytetrack,356,32,sports ball,0.350095,496.662,62.241,543.154,111.241,520.000,87.000,46.492,49.000
identical_balls_trick_000_018.mp4,477,7.957950,bytetrack,356,32,sports ball,0.223838,495.722,57.563,542.949,107.282,519.000,82.000,47.227,49.719
identical_balls_trick_000_018.mp4,478,7.974633,bytetrack,356,32,sports ball,0.183751,495.297,55.925,542.877,105.963,519.000,81.000,47.580,50.038
identical_balls_trick_000_018.mp4,479,7.991317,bytetrack,356,32,sports ball,0.321308,494.804,51.989,542.228,101.756,519.000,77.000,47.423,49.767
identical_balls_trick_000_018.mp4,480,8.008000,bytetrack,356,32,sports ball,0.221321,494.621,50.636,542.029,100.296,518.000,75.000,47.409,49.661
identical_balls_trick_000_018.mp4,481,8.024683,bytetrack,356,32,sports ball,0.553714,493.975,46.997,541.432,96.709,518.000,72.000,47.456,49.712
identical_balls_trick_000_018.mp4,482,8.041367,bytetrack,356,32,sports ball,0.579427,493.607,45.770,541.108,95.488,517.000,71.000,47.501,49.718
identical_balls_trick_000_018.mp4,483,8.058050,bytetrack,356,32,sports ball,0.456953,493.100,42.437,540.545,92.045,517.000,67.000,47.445,49.608
identical_balls_trick_000_018.mp4,484,8.074733,bytetrack,356,32,sports ball,0.461048,492.899,41.305,540.373,90.905,517.000,66.000,47.474,49.600
identical_balls_trick_000_018.mp4,485,8.091417,bytetrack,356,32,sports ball,0.462968,492.252,38.323,540.188,88.496,516.000,63.000,47.935,50.173
identical_balls_trick_000_018.mp4,486,8.108100,bytetrack,356,32,sports ball,0.432529,491.911,37.271,540.024,87.690,516.000,62.000,48.113,50.419
identical_balls_trick_000_018.mp4,489,8.158150,bytetrack,,32,sports ball,0.209558,490.822,32.805,538.963,81.574,515.000,57.000,48.141,48.769
identical_balls_trick_000_018.mp4,489,8.158150,bytetrack,,32,sports ball,0.171294,687.853,516.435,733.830,562.969,711.000,540.000,45.977,46.534
identical_balls_trick_000_018.mp4,490,8.174833,bytetrack,356,32,sports ball,0.274910,491.390,31.876,538.378,80.932,515.000,56.000,46.988,49.056
identical_balls_trick_000_018.mp4,491,8.191517,bytetrack,356,32,sports ball,0.182648,490.573,29.139,538.371,79.101,514.000,54.000,47.797,49.962
identical_balls_trick_000_018.mp4,492,8.208200,bytetrack,356,32,sports ball,0.183433,490.316,28.214,538.342,78.466,514.000,53.000,48.026,50.252
identical_balls_trick_000_018.mp4,493,8.224883,bytetrack,356,32,sports ball,0.257709,490.023,26.656,538.072,76.968,514.000,52.000,48.049,50.312
identical_balls_trick_000_018.mp4,494,8.241567,bytetrack,356,32,sports ball,0.304120,489.935,26.145,537.984,76.489,514.000,51.000,48.049,50.344
identical_balls_trick_000_018.mp4,495,8.258250,bytetrack,356,32,sports ball,0.308824,489.553,24.922,537.576,75.260,514.000,50.000,48.023,50.338
identical_balls_trick_000_018.mp4,496,8.274933,bytetrack,356,32,sports ball,0.279859,489.424,24.537,537.409,74.854,513.000,50.000,47.985,50.317
identical_balls_trick_000_018.mp4,497,8.291617,bytetrack,356,32,sports ball,0.256639,488.965,23.611,537.088,74.095,513.000,49.000,48.124,50.484
identical_balls_trick_000_018.mp4,498,8.308300,bytetrack,356,32,sports ball,0.241777,488.707,23.327,536.861,73.843,513.000,49.000,48.154,50.516
identical_balls_trick_000_018.mp4,499,8.324983,bytetrack,356,32,sports ball,0.251680,488.268,22.881,536.588,73.588,512.000,48.000,48.320,50.707
identical_balls_trick_000_018.mp4,500,8.341667,bytetrack,356,32,sports ball,0.216695,488.262,22.825,536.618,73.569,512.000,48.000,48.356,50.744
identical_balls_trick_000_018.mp4,501,8.358350,bytetrack,356,32,sports ball,0.339161,487.866,22.806,536.214,73.566,512.000,48.000,48.348,50.760
identical_balls_trick_000_018.mp4,502,8.375033,bytetrack,356,32,sports ball,0.355438,487.761,22.845,536.116,73.610,512.000,48.000,48.355,50.766
identical_balls_trick_000_018.mp4,503,8.391717,bytetrack,356,32,sports ball,0.343555,487.337,23.161,535.850,74.150,512.000,49.000,48.512,50.990
identical_balls_trick_000_018.mp4,504,8.408400,bytetrack,356,32,sports ball,0.317426,487.205,23.442,535.655,74.387,511.000,49.000,48.450,50.945
identical_balls_trick_000_018.mp4,505,8.425083,bytetrack,356,32,sports ball,0.294156,486.733,24.045,535.217,75.083,511.000,50.000,48.483,51.038
identical_balls_trick_000_018.mp4,506,8.441767,bytetrack,356,32,sports ball,0.345099,486.540,24.295,535.008,75.357,511.000,50.000,48.468,51.062
identical_balls_trick_000_018.mp4,507,8.458450,bytetrack,356,32,sports ball,0.364016,485.681,25.179,534.396,76.565,510.000,51.000,48.715,51.386
identical_balls_trick_000_018.mp4,508,8.475133,bytetrack,356,32,sports ball,0.369888,485.311,25.526,534.114,77.050,510.000,51.000,48.803,51.524
identical_balls_trick_000_018.mp4,509,8.491817,bytetrack,,32,sports ball,0.254106,702.427,523.763,746.747,566.547,725.000,545.000,44.320,42.783
identical_balls_trick_000_018.mp4,510,8.508500,bytetrack,,32,sports ball,0.250380,702.406,523.760,746.741,566.556,725.000,545.000,44.335,42.796
identical_balls_trick_000_018.mp4,513,8.558550,bytetrack,,32,sports ball,0.274481,703.768,517.660,748.052,558.421,726.000,538.000,44.284,40.761
identical_balls_trick_000_018.mp4,513,8.558550,bytetrack,,32,sports ball,0.187900,483.638,33.504,531.771,84.789,508.000,59.000,48.133,51.286
identical_balls_trick_000_018.mp4,514,8.575233,bytetrack,,32,sports ball,0.273562,703.758,517.658,748.062,558.406,726.000,538.000,44.304,40.748
identical_balls_trick_000_018.mp4,514,8.575233,bytetrack,,32,sports ball,0.262878,483.621,33.500,531.419,84.776,508.000,59.000,47.798,51.276
identical_balls_trick_000_018.mp4,515,8.591917,bytetrack,,32,sports ball,0.167910,703.527,513.605,749.271,556.430,726.000,535.000,45.744,42.825
identical_balls_trick_000_018.mp4,515,8.591917,bytetrack,,32,sports ball,0.156876,483.160,36.638,531.312,88.865,507.000,63.000,48.152,52.227
identical_balls_trick_000_018.mp4,516,8.608600,bytetrack,,32,sports ball,0.178707,703.536,513.662,749.260,556.417,726.000,535.000,45.724,42.755
identical_balls_trick_000_018.mp4,517,8.625283,bytetrack,356,32,sports ball,0.545106,482.467,40.369,530.776,91.439,507.000,66.000,48.309,51.070
identical_balls_trick_000_018.mp4,518,8.641967,bytetrack,371,32,sports ball,0.321272,704.577,510.007,748.796,555.913,727.000,533.000,44.219,45.906
identical_balls_trick_000_018.mp4,518,8.641967,bytetrack,356,32,sports ball,0.563322,482.343,41.139,530.502,92.135,506.000,67.000,48.159,50.995
identical_balls_trick_000_018.mp4,519,8.658650,bytetrack,371,32,sports ball,0.293260,703.743,506.275,749.209,553.483,726.000,530.000,45.466,47.208
identical_balls_trick_000_018.mp4,519,8.658650,bytetrack,356,32,sports ball,0.356390,481.682,44.251,530.079,95.534,506.000,70.000,48.398,51.283
identical_balls_trick_000_018.mp4,520,8.675333,bytetrack,371,32,sports ball,0.286059,703.464,505.022,749.328,552.653,726.000,529.000,45.864,47.631
identical_balls_trick_000_018.mp4,520,8.675333,bytetrack,356,32,sports ball,0.324787,481.589,45.388,529.933,96.627,506.000,71.000,48.345,51.239
identical_balls_trick_000_018.mp4,521,8.692017,bytetrack,356,32,sports ball,0.270150,480.967,49.042,529.258,100.388,505.000,75.000,48.291,51.346
identical_balls_trick_000_018.mp4,522,8.708700,bytetrack,356,32,sports ball,0.201802,480.781,50.368,528.976,101.754,505.000,76.000,48.195,51.386
identical_balls_trick_000_018.mp4,525,8.758750,bytetrack,,32,sports ball,0.160586,601.521,552.654,646.385,590.183,624.000,571.000,44.864,37.529
identical_balls_trick_000_018.mp4,526,8.775433,bytetrack,,32,sports ball,0.156847,601.488,552.648,646.383,590.193,624.000,571.000,44.895,37.545
identical_balls_trick_000_018.mp4,531,8.858850,bytetrack,,32,sports ball,0.445528,477.425,84.003,525.950,135.052,502.000,110.000,48.525,51.049
identical_balls_trick_000_018.mp4,531,8.858850,bytetrack,,32,sports ball,0.245140,694.562,462.884,741.103,508.991,718.000,486.000,46.541,46.107
identical_balls_trick_000_018.mp4,531,8.858850,bytetrack,,32,sports ball,0.150190,595.756,501.461,642.623,535.297,619.000,518.000,46.867,33.836
identical_balls_trick_000_018.mp4,532,8.875533,bytetrack,356,32,sports ball,0.441670,477.718,83.418,525.675,134.432,502.000,109.000,47.957,51.014
identical_balls_trick_000_018.mp4,533,8.892217,bytetrack,356,32,sports ball,0.462480,477.147,90.355,525.305,141.536,501.000,116.000,48.158,51.181
identical_balls_trick_000_018.mp4,534,8.908900,bytetrack,356,32,sports ball,0.491753,476.911,92.620,525.216,143.936,501.000,118.000,48.305,51.316
identical_balls_trick_000_018.mp4,537,8.958950,bytetrack,,32,sports ball,0.173586,476.270,110.421,523.978,161.265,500.000,136.000,47.708,50.844
identical_balls_trick_000_018.mp4,538,8.975633,bytetrack,,32,sports ball,0.198781,476.168,110.411,523.998,161.314,500.000,136.000,47.830,50.903
identical_balls_trick_000_018.mp4,539,8.992317,bytetrack,,32,sports ball,0.262932,474.669,120.496,523.590,171.602,499.000,146.000,48.921,51.105
identical_balls_trick_000_018.mp4,540,9.009000,bytetrack,356,32,sports ball,0.522535,474.874,119.842,523.350,171.250,499.000,146.000,48.477,51.408
identical_balls_trick_000_018.mp4,541,9.025683,bytetrack,356,32,sports ball,0.744795,474.430,128.502,522.764,179.603,499.000,154.000,48.334,51.101
identical_balls_trick_000_018.mp4,542,9.042367,bytetrack,356,32,sports ball,0.744401,474.273,131.381,522.606,182.350,498.000,157.000,48.332,50.969
identical_balls_trick_000_018.mp4,543,9.059050,bytetrack,356,32,sports ball,0.307189,474.029,139.798,522.343,190.627,498.000,165.000,48.315,50.830
identical_balls_trick_000_018.mp4,544,9.075733,bytetrack,356,32,sports ball,0.153627,473.915,142.794,522.264,193.551,498.000,168.000,48.349,50.757
identical_balls_trick_000_018.mp4,544,9.075733,bytetrack,376,32,sports ball,0.428524,591.747,386.594,638.925,432.329,615.000,409.000,47.179,45.735
identical_balls_trick_000_018.mp4,545,9.092417,bytetrack,356,32,sports ball,0.630023,473.520,151.454,521.643,201.833,498.000,177.000,48.122,50.378
identical_balls_trick_000_018.mp4,546,9.109100,bytetrack,356,32,sports ball,0.636698,473.507,154.523,521.578,204.669,498.000,180.000,48.071,50.145
identical_balls_trick_000_018.mp4,546,9.109100,bytetrack,379,32,sports ball,0.401445,590.479,369.166,638.185,415.866,614.000,393.000,47.707,46.700
identical_balls_trick_000_018.mp4,547,9.125783,bytetrack,356,32,sports ball,0.785720,473.083,163.244,521.750,214.048,497.000,189.000,48.668,50.803
identical_balls_trick_000_018.mp4,547,9.125783,bytetrack,379,32,sports ball,0.733201,589.978,355.889,637.759,402.670,614.000,379.000,47.780,46.781
identical_balls_trick_000_018.mp4,548,9.142467,bytetrack,356,32,sports ball,0.783662,472.935,166.342,521.769,217.375,497.000,192.000,48.835,51.033
identical_balls_trick_000_018.mp4,548,9.142467,bytetrack,379,32,sports ball,0.744361,589.810,351.419,637.602,398.222,614.000,375.000,47.792,46.803
identical_balls_trick_000_018.mp4,549,9.159150,bytetrack,356,32,sports ball,0.903677,472.341,175.652,521.036,226.510,497.000,201.000,48.696,50.858
identical_balls_trick_000_018.mp4,549,9.159150,bytetrack,379,32,sports ball,0.869020,588.960,338.467,637.732,386.289,613.000,362.000,48.772,47.821
identical_balls_trick_000_018.mp4,550,9.175833,bytetrack,356,32,sports ball,0.895642,472.090,178.943,520.711,229.697,496.000,204.000,48.622,50.753
identical_balls_trick_000_018.mp4,550,9.175833,bytetrack,379,32,sports ball,0.873407,588.756,334.473,637.738,382.567,613.000,359.000,48.982,48.094
identical_balls_trick_000_018.mp4,550,9.175833,bytetrack,380,32,sports ball,0.653208,661.512,380.623,710.130,427.327,686.000,404.000,48.618,46.704
identical_balls_trick_000_018.mp4,551,9.192517,bytetrack,356,32,sports ball,0.603743,472.135,189.168,519.809,238.823,496.000,214.000,47.674,49.655
identical_balls_trick_000_018.mp4,551,9.192517,bytetrack,379,32,sports ball,0.662101,587.465,322.052,637.241,371.064,612.000,347.000,49.775,49.012
identical_balls_trick_000_018.mp4,551,9.192517,bytetrack,380,32,sports ball,0.168229,658.161,375.424,707.527,422.882,683.000,399.000,49.366,47.458
identical_balls_trick_000_018.mp4,552,9.209200,bytetrack,356,32,sports ball,0.564397,472.175,192.794,519.540,242.017,496.000,217.000,47.364,49.223
identical_balls_trick_000_018.mp4,552,9.209200,bytetrack,379,32,sports ball,0.650026,587.063,317.893,637.026,367.241,612.000,343.000,49.964,49.348
identical_balls_trick_000_018.mp4,552,9.209200,bytetrack,380,32,sports ball,0.157475,657.051,373.674,706.633,421.391,682.000,398.000,49.581,47.716
identical_balls_trick_000_018.mp4,553,9.225883,bytetrack,356,32,sports ball,0.581148,471.336,202.582,519.287,252.477,495.000,228.000,47.952,49.895
identical_balls_trick_000_018.mp4,553,9.225883,bytetrack,379,32,sports ball,0.754097,586.186,305.649,636.282,355.244,611.000,330.000,50.096,49.595
identical_balls_trick_000_018.mp4,554,9.242567,bytetrack,356,32,sports ball,0.609461,471.020,206.047,519.158,256.211,495.000,231.000,48.137,50.163
identical_balls_trick_000_018.mp4,554,9.242567,bytetrack,379,32,sports ball,0.753539,585.919,301.428,635.950,351.078,611.000,326.000,50.031,49.649
identical_balls_trick_000_018.mp4,555,9.259250,bytetrack,356,32,sports ball,0.810865,470.485,216.585,518.404,266.452,494.000,242.000,47.919,49.866
identical_balls_trick_000_018.mp4,555,9.259250,bytetrack,379,32,sports ball,0.833186,585.383,289.906,635.082,339.319,610.000,315.000,49.699,49.413
identical_balls_trick_000_018.mp4,555,9.259250,bytetrack,380,32,sports ball,0.376444,649.080,360.497,699.877,409.529,674.000,385.000,50.797,49.032
identical_balls_trick_000_018.mp4,556,9.275933,bytetrack,356,32,sports ball,0.805203,470.278,220.333,518.165,270.105,494.000,245.000,47.887,49.773
identical_balls_trick_000_018.mp4,556,9.275933,bytetrack,379,32,sports ball,0.831140,585.250,285.959,634.717,335.227,610.000,311.000,49.466,49.268
identical_balls_trick_000_018.mp4,556,9.275933,bytetrack,380,32,sports ball,0.367096,648.304,359.065,699.065,408.216,674.000,384.000,50.761,49.151
identical_balls_trick_000_018.mp4,557,9.292617,bytetrack,356,32,sports ball,0.242719,469.961,231.228,517.510,280.566,494.000,256.000,47.550,49.337
identical_balls_trick_000_018.mp4,557,9.292617,bytetrack,379,32,sports ball,0.629696,584.784,274.098,634.027,323.190,609.000,299.000,49.244,49.092
identical_balls_trick_000_018.mp4,557,9.292617,bytetrack,380,32,sports ball,0.166982,646.043,354.976,696.011,403.480,671.000,379.000,49.968,48.504
identical_balls_trick_000_018.mp4,558,9.309300,bytetrack,356,32,sports ball,0.381231,469.904,235.181,517.299,284.281,494.000,260.000,47.395,49.100
identical_balls_trick_000_018.mp4,558,9.309300,bytetrack,379,32,sports ball,0.596229,584.660,270.003,633.760,318.993,609.000,294.000,49.100,48.990
identical_balls_trick_000_018.mp4,559,9.325983,bytetrack,356,32,sports ball,0.198924,469.038,246.146,516.989,295.814,493.000,271.000,47.950,49.668
identical_balls_trick_000_018.mp4,559,9.325983,bytetrack,379,32,sports ball,0.780393,584.513,258.658,633.439,307.458,609.000,283.000,48.927,48.799
identical_balls_trick_000_018.mp4,560,9.342667,bytetrack,356,32,sports ball,0.207661,468.735,250.034,516.891,299.907,493.000,275.000,48.155,49.873
identical_balls_trick_000_018.mp4,560,9.342667,bytetrack,379,32,sports ball,0.777883,584.491,254.700,633.357,303.415,609.000,279.000,48.866,48.715
identical_balls_trick_000_018.mp4,561,9.359350,bytetrack,356,32,sports ball,0.603922,468.912,261.907,516.490,311.063,493.000,286.000,47.578,49.156
identical_balls_trick_000_018.mp4,561,9.359350,bytetrack,379,32,sports ball,0.679670,583.802,243.084,632.851,292.020,608.000,268.000,49.048,48.937
identical_balls_trick_000_018.mp4,561,9.359350,bytetrack,380,32,sports ball,0.293156,638.322,343.994,688.161,392.475,663.000,368.000,49.839,48.481
identical_balls_trick_000_018.mp4,562,9.376033,bytetrack,356,32,sports ball,0.578114,468.964,266.127,516.381,315.011,493.000,291.000,47.417,48.883
identical_balls_trick_000_018.mp4,562,9.376033,bytetrack,379,32,sports ball,0.675062,583.611,239.014,632.627,287.939,608.000,263.000,49.016,48.924
identical_balls_trick_000_018.mp4,562,9.376033,bytetrack,380,32,sports ball,0.291363,637.722,343.233,687.442,391.703,663.000,367.000,49.719,48.470
identical_balls_trick_000_018.mp4,563,9.392717,bytetrack,379,32,sports ball,0.370735,583.295,228.698,632.187,277.506,608.000,253.000,48.892,48.808
identical_balls_trick_000_018.mp4,563,9.392717,bytetrack,380,32,sports ball,0.167305,635.179,340.242,684.449,388.342,660.000,364.000,49.270,48.100
identical_balls_trick_000_018.mp4,564,9.409400,bytetrack,379,32,sports ball,0.386432,583.190,225.093,632.018,273.845,608.000,249.000,48.828,48.752
identical_balls_trick_000_018.mp4,564,9.409400,bytetrack,380,32,sports ball,0.172458,634.305,339.231,683.390,387.212,659.000,363.000,49.085,47.981
identical_balls_trick_000_018.mp4,564,9.409400,bytetrack,356,32,sports ball,0.323567,468.513,280.047,516.084,328.982,492.000,305.000,47.571,48.935
identical_balls_trick_000_018.mp4,565,9.426083,bytetrack,379,32,sports ball,0.547866,582.578,214.294,631.297,263.003,607.000,239.000,48.719,48.709
identical_balls_trick_000_018.mp4,565,9.426083,bytetrack,380,32,sports ball,0.226058,631.534,336.835,680.529,384.893,656.000,361.000,48.996,48.057
identical_balls_trick_000_018.mp4,565,9.426083,bytetrack,356,32,sports ball,0.448547,467.784,293.642,515.901,343.167,492.000,318.000,48.117,49.525
identical_balls_trick_000_018.mp4,566,9.442767,bytetrack,379,32,sports ball,0.554911,582.316,210.419,631.014,259.189,607.000,235.000,48.697,48.770
identical_balls_trick_000_018.mp4,566,9.442767,bytetrack,380,32,sports ball,0.260888,630.569,336.011,679.473,384.129,655.000,360.000,48.904,48.118
identical_balls_trick_000_018.mp4,566,9.442767,bytetrack,356,32,sports ball,0.445133,467.466,298.309,515.820,348.085,492.000,323.000,48.355,49.776
identical_balls_trick_000_018.mp4,567,9.459450,bytetrack,379,32,sports ball,0.631962,581.974,201.234,630.005,249.407,606.000,225.000,48.031,48.173
identical_balls_trick_000_018.mp4,567,9.459450,bytetrack,380,32,sports ball,0.391103,627.829,333.592,676.359,381.400,652.000,357.000,48.529,47.807
identical_balls_trick_000_018.mp4,567,9.459450,bytetrack,356,32,sports ball,0.445242,466.984,311.256,515.292,360.978,491.000,336.000,48.309,49.722
identical_balls_trick_000_018.mp4,568,9.476133,bytetrack,379,32,sports ball,0.629713,581.883,198.071,629.624,246.019,606.000,222.000,47.741,47.948
identical_balls_trick_000_018.mp4,568,9.476133,bytetrack,380,32,sports ball,0.420223,626.891,332.761,675.251,380.454,651.000,357.000,48.360,47.693
identical_balls_trick_000_018.mp4,568,9.476133,bytetrack,356,32,sports ball,0.479241,466.834,315.899,515.101,365.569,491.000,341.000,48.267,49.671
identical_balls_trick_000_018.mp4,569,9.492817,bytetrack,379,32,sports ball,0.310073,581.048,187.933,628.993,236.052,605.000,212.000,47.945,48.118
identical_balls_trick_000_018.mp4,569,9.492817,bytetrack,380,32,sports ball,0.557194,624.443,330.394,672.543,377.934,648.000,354.000,48.100,47.539
identical_balls_trick_000_018.mp4,569,9.492817,bytetrack,356,32,sports ball,0.302219,466.043,328.597,515.179,379.251,491.000,354.000,49.136,50.654
identical_balls_trick_000_018.mp4,570,9.509500,bytetrack,379,32,sports ball,0.298913,580.750,184.447,628.754,232.577,605.000,209.000,48.004,48.130
identical_balls_trick_000_018.mp4,570,9.509500,bytetrack,380,32,sports ball,0.524137,623.618,329.596,671.574,377.085,648.000,353.000,47.956,47.489
identical_balls_trick_000_018.mp4,570,9.509500,bytetrack,356,32,sports ball,0.212636,465.802,333.165,515.150,384.115,490.000,359.000,49.348,50.950
identical_balls_trick_000_018.mp4,571,9.526183,bytetrack,379,32,sports ball,0.288813,580.118,175.529,628.449,224.066,604.000,200.000,48.331,48.536
identical_balls_trick_000_018.mp4,571,9.526183,bytetrack,380,32,sports ball,0.605404,620.258,327.766,668.333,375.397,644.000,352.000,48.075,47.631
identical_balls_trick_000_018.mp4,571,9.526183,bytetrack,356,32,sports ball,0.166566,465.904,347.155,514.655,397.408,490.000,372.000,48.751,50.253
identical_balls_trick_000_018.mp4,572,9.542867,bytetrack,379,32,sports ball,0.272617,579.958,172.512,628.288,221.108,604.000,197.000,48.330,48.596
identical_balls_trick_000_018.mp4,572,9.542867,bytetrack,380,32,sports ball,0.584998,619.071,327.163,667.178,374.847,643.000,351.000,48.107,47.684
identical_balls_trick_000_018.mp4,572,9.542867,bytetrack,356,32,sports ball,0.174872,465.936,352.164,514.493,402.145,490.000,377.000,48.557,49.981
identical_balls_trick_000_018.mp4,573,9.559550,bytetrack,380,32,sports ball,0.189259,616.412,326.149,663.877,373.099,640.000,350.000,47.465,46.949
identical_balls_trick_000_018.mp4,574,9.576233,bytetrack,380,32,sports ball,0.206109,615.458,325.844,662.715,372.492,639.000,349.000,47.256,46.648
identical_balls_trick_000_018.mp4,575,9.592917,bytetrack,380,32,sports ball,0.505937,614.473,324.172,661.141,370.384,638.000,347.000,46.667,46.212
identical_balls_trick_000_018.mp4,575,9.592917,bytetrack,379,32,sports ball,0.333907,578.145,149.180,627.163,198.585,603.000,174.000,49.018,49.405
identical_balls_trick_000_018.mp4,576,9.609600,bytetrack,380,32,sports ball,0.512206,614.210,323.610,660.585,369.665,637.000,347.000,46.375,46.055
identical_balls_trick_000_018.mp4,576,9.609600,bytetrack,379,32,sports ball,0.326409,577.917,146.373,627.051,196.003,602.000,171.000,49.133,49.630
identical_balls_trick_000_018.mp4,577,9.626283,bytetrack,380,32,sports ball,0.779341,609.785,322.300,656.679,368.679,633.000,345.000,46.894,46.379
identical_balls_trick_000_018.mp4,577,9.626283,bytetrack,379,32,sports ball,0.370747,577.145,138.337,626.305,188.103,602.000,163.000,49.160,49.767
identical_balls_trick_000_018.mp4,578,9.642967,bytetrack,380,32,sports ball,0.757041,608.158,321.833,655.374,368.374,632.000,345.000,47.216,46.541
identical_balls_trick_000_018.mp4,578,9.642967,bytetrack,379,32,sports ball,0.396620,576.936,135.580,626.032,185.363,601.000,160.000,49.096,49.782
identical_balls_trick_000_018.mp4,579,9.659650,bytetrack,380,32,sports ball,0.582959,607.254,322.333,653.168,367.775,630.000,345.000,45.914,45.442
identical_balls_trick_000_018.mp4,579,9.659650,bytetrack,379,32,sports ball,0.645382,576.296,126.726,625.538,176.876,601.000,152.000,49.242,50.151
identical_balls_trick_000_018.mp4,580,9.676333,bytetrack,380,32,sports ball,0.590038,607.047,322.584,652.378,367.615,630.000,345.000,45.331,45.031
identical_balls_trick_000_018.mp4,580,9.676333,bytetrack,379,32,sports ball,0.591304,576.121,123.541,625.355,173.876,601.000,149.000,49.233,50.335
identical_balls_trick_000_018.mp4,581,9.693017,bytetrack,380,32,sports ball,0.210689,607.185,322.861,651.450,366.984,629.000,345.000,44.265,44.123
identical_balls_trick_000_018.mp4,581,9.693017,bytetrack,379,32,sports ball,0.349253,575.502,115.216,624.974,166.030,600.000,141.000,49.472,50.814
identical_balls_trick_000_018.mp4,582,9.709700,bytetrack,380,32,sports ball,0.223070,607.324,322.991,651.147,366.810,629.000,345.000,43.822,43.819
identical_balls_trick_000_018.mp4,582,9.709700,bytetrack,379,32,sports ball,0.371632,575.229,112.268,624.715,163.294,600.000,138.000,49.487,51.026
identical_balls_trick_000_018.mp4,583,9.726383,bytetrack,379,32,sports ball,0.337199,574.826,105.559,623.570,155.842,599.000,131.000,48.744,50.283
identical_balls_trick_000_018.mp4,584,9.743067,bytetrack,379,32,sports ball,0.341973,574.705,103.265,623.153,153.258,599.000,128.000,48.448,49.994
identical_balls_trick_000_018.mp4,585,9.759750,bytetrack,379,32,sports ball,0.251853,573.903,95.398,623.048,146.170,598.000,121.000,49.145,50.772
identical_balls_trick_000_018.mp4,586,9.776433,bytetrack,379,32,sports ball,0.299098,573.408,92.179,623.189,143.737,598.000,118.000,49.781,51.558
identical_balls_trick_000_018.mp4,587,9.793117,bytetrack,379,32,sports ball,0.426239,572.563,85.572,622.082,136.885,597.000,111.000,49.519,51.314
identical_balls_trick_000_018.mp4,588,9.809800,bytetrack,379,32,sports ball,0.393124,572.220,83.267,621.637,134.487,597.000,109.000,49.417,51.219
identical_balls_trick_000_018.mp4,589,9.826483,bytetrack,379,32,sports ball,0.239872,571.265,76.611,620.918,128.150,596.000,102.000,49.652,51.539
identical_balls_trick_000_018.mp4,590,9.843167,bytetrack,379,32,sports ball,0.208891,570.924,74.227,620.672,125.945,596.000,100.000,49.748,51.717
identical_balls_trick_000_018.mp4,591,9.859850,bytetrack,379,32,sports ball,0.333369,570.176,67.808,620.356,120.109,595.000,94.000,50.181,52.301
identical_balls_trick_000_018.mp4,591,9.859850,bytetrack,356,32,sports ball,0.406294,463.547,494.451,507.829,540.656,486.000,518.000,44.281,46.205
identical_balls_trick_000_018.mp4,592,9.876533,bytetrack,379,32,sports ball,0.314384,569.953,65.576,620.209,118.076,595.000,92.000,50.256,52.500
identical_balls_trick_000_018.mp4,592,9.876533,bytetrack,356,32,sports ball,0.384865,463.692,496.502,507.521,542.655,486.000,520.000,43.830,46.153
identical_balls_trick_000_018.mp4,593,9.893217,bytetrack,379,32,sports ball,0.573641,569.372,59.665,619.494,112.115,594.000,86.000,50.122,52.449
identical_balls_trick_000_018.mp4,593,9.893217,bytetrack,356,32,sports ball,0.400922,460.945,499.923,505.020,546.181,483.000,523.000,44.074,46.258
identical_balls_trick_000_018.mp4,593,9.893217,bytetrack,380,32,sports ball,0.480729,605.009,321.517,646.419,362.529,626.000,342.000,41.410,41.013
identical_balls_trick_000_018.mp4,594,9.909900,bytetrack,379,32,sports ball,0.571230,569.142,57.480,619.269,110.033,594.000,84.000,50.127,52.553
identical_balls_trick_000_018.mp4,594,9.909900,bytetrack,356,32,sports ball,0.420349,459.931,500.944,504.138,547.225,482.000,524.000,44.206,46.282
identical_balls_trick_000_018.mp4,594,9.909900,bytetrack,380,32,sports ball,0.498402,604.961,321.578,646.554,362.482,626.000,342.000,41.594,40.903
identical_balls_trick_000_018.mp4,595,9.926583,bytetrack,379,32,sports ball,0.215638,568.703,51.906,618.655,104.341,594.000,78.000,49.952,52.435
identical_balls_trick_000_018.mp4,595,9.926583,bytetrack,380,32,sports ball,0.151739,604.963,321.283,646.119,361.527,626.000,341.000,41.156,40.245
identical_balls_trick_000_018.mp4,596,9.943267,bytetrack,379,32,sports ball,0.212362,568.622,49.971,618.500,102.369,594.000,76.000,49.879,52.398
identical_balls_trick_000_018.mp4,596,9.943267,bytetrack,380,32,sports ball,0.153854,604.929,321.182,646.033,361.196,625.000,341.000,41.104,40.013
identical_balls_trick_000_018.mp4,597,9.959950,bytetrack,379,32,sports ball,0.605116,567.931,44.493,617.978,97.073,593.000,71.000,50.047,52.580
identical_balls_trick_000_018.mp4,597,9.959950,bytetrack,380,32,sports ball,0.283349,604.896,320.597,645.963,360.436,625.000,341.000,41.067,39.839
identical_balls_trick_000_018.mp4,598,9.976633,bytetrack,379,32,sports ball,0.585255,567.686,42.588,617.797,95.241,593.000,69.000,50.111,52.653
identical_balls_trick_000_018.mp4,598,9.976633,bytetrack,380,32,sports ball,0.256047,604.877,320.398,645.987,360.161,625.000,340.000,41.110,39.764
identical_balls_trick_000_018.mp4,599,9.993317,bytetrack,379,32,sports ball,0.441550,566.973,37.592,617.299,90.552,592.000,64.000,50.326,52.960
identical_balls_trick_000_018.mp4,600,10.010000,bytetrack,379,32,sports ball,0.526447,566.821,35.826,616.977,88.658,592.000,62.000,50.156,52.831
identical_balls_trick_000_018.mp4,601,10.026683,bytetrack,379,32,sports ball,0.213373,566.412,32.503,615.533,84.048,591.000,58.000,49.121,51.546
identical_balls_trick_000_018.mp4,602,10.043367,bytetrack,379,32,sports ball,0.228731,566.272,31.410,615.031,82.392,591.000,57.000,48.760,50.981
identical_balls_trick_000_018.mp4,603,10.060050,bytetrack,379,32,sports ball,0.327895,564.839,26.246,614.610,78.361,590.000,52.000,49.772,52.115
identical_balls_trick_000_018.mp4,604,10.076733,bytetrack,379,32,sports ball,0.318593,564.333,24.449,614.406,76.948,589.000,51.000,50.073,52.500
identical_balls_trick_000_018.mp4,605,10.093417,bytetrack,379,32,sports ball,0.319754,563.523,20.353,614.016,73.394,589.000,47.000,50.493,53.042
identical_balls_trick_000_018.mp4,605,10.093417,bytetrack,380,32,sports ball,0.291651,603.565,320.400,642.118,356.263,623.000,338.000,38.554,35.863
identical_balls_trick_000_018.mp4,606,10.110100,bytetrack,379,32,sports ball,0.311831,563.263,18.931,613.862,72.176,589.000,46.000,50.599,53.245
identical_balls_trick_000_018.mp4,606,10.110100,bytetrack,380,32,sports ball,0.293749,603.099,320.620,642.378,356.083,623.000,338.000,39.279,35.462
identical_balls_trick_000_018.mp4,607,10.126783,bytetrack,379,32,sports ball,0.472129,562.789,15.765,613.101,68.782,588.000,42.000,50.311,53.017
identical_balls_trick_000_018.mp4,607,10.126783,bytetrack,380,32,sports ball,0.172283,600.578,316.153,644.250,355.573,622.000,336.000,43.672,39.420
identical_balls_trick_000_018.mp4,608,10.143467,bytetrack,379,32,sports ball,0.466723,562.654,14.697,612.813,67.622,588.000,41.000,50.158,52.925
identical_balls_trick_000_018.mp4,608,10.143467,bytetrack,380,32,sports ball,0.165883,599.702,314.614,644.893,355.391,622.000,335.000,45.191,40.778
identical_balls_trick_000_018.mp4,609,10.160150,bytetrack,379,32,sports ball,0.314114,562.133,11.391,612.231,64.322,587.000,38.000,50.098,52.931
identical_balls_trick_000_018.mp4,610,10.176833,bytetrack,379,32,sports ball,0.336234,561.990,10.264,612.023,63.191,587.000,37.000,50.033,52.927
identical_balls_trick_000_018.mp4,611,10.193517,bytetrack,379,32,sports ball,0.481627,561.536,7.627,611.482,60.478,587.000,34.000,49.946,52.851
identical_balls_trick_000_018.mp4,612,10.210200,bytetrack,379,32,sports ball,0.486244,561.386,6.751,611.299,59.584,586.000,33.000,49.913,52.833
identical_balls_trick_000_018.mp4,613,10.226883,bytetrack,379,32,sports ball,0.721691,560.571,4.199,610.936,57.682,586.000,31.000,50.365,53.483
identical_balls_trick_000_018.mp4,614,10.243567,bytetrack,379,32,sports ball,0.720208,560.319,3.333,610.764,57.055,586.000,30.000,50.444,53.722
identical_balls_trick_000_018.mp4,615,10.260250,bytetrack,379,32,sports ball,0.657793,559.622,1.663,609.755,54.982,585.000,28.000,50.133,53.319
identical_balls_trick_000_018.mp4,616,10.276933,bytetrack,379,32,sports ball,0.668542,559.355,1.129,609.401,54.290,584.000,28.000,50.046,53.161
identical_balls_trick_000_018.mp4,617,10.293617,bytetrack,379,32,sports ball,0.726985,558.914,0.466,608.222,52.557,584.000,27.000,49.308,52.091
identical_balls_trick_000_018.mp4,618,10.310300,bytetrack,379,32,sports ball,0.729501,558.699,0.307,607.865,51.995,583.000,26.000,49.167,51.688
identical_balls_trick_000_018.mp4,619,10.326983,bytetrack,379,32,sports ball,0.789493,558.175,0.004,606.798,50.783,582.000,25.000,48.623,50.779
identical_balls_trick_000_018.mp4,620,10.343667,bytetrack,379,32,sports ball,0.793663,557.912,0.000,606.513,50.425,582.000,25.000,48.601,50.425
identical_balls_trick_000_018.mp4,621,10.360350,bytetrack,379,32,sports ball,0.792416,557.228,0.000,605.525,49.557,581.000,25.000,48.297,49.557
identical_balls_trick_000_018.mp4,622,10.377033,bytetrack,379,32,sports ball,0.789532,556.980,0.000,605.205,49.063,581.000,25.000,48.225,49.063
identical_balls_trick_000_018.mp4,622,10.377033,bytetrack,390,32,sports ball,0.310109,414.674,515.975,458.846,563.477,437.000,540.000,44.172,47.503
identical_balls_trick_000_018.mp4,623,10.393717,bytetrack,379,32,sports ball,0.769885,556.457,0.011,604.622,48.726,581.000,24.000,48.165,48.715
identical_balls_trick_000_018.mp4,623,10.393717,bytetrack,390,32,sports ball,0.350913,413.653,513.458,457.367,560.440,436.000,537.000,43.715,46.982
identical_balls_trick_000_018.mp4,624,10.410400,bytetrack,379,32,sports ball,0.778187,556.296,0.087,604.652,48.620,580.000,24.000,48.355,48.533
identical_balls_trick_000_018.mp4,624,10.410400,bytetrack,390,32,sports ball,0.365988,413.301,512.614,456.890,559.420,435.000,536.000,43.589,46.806
identical_balls_trick_000_018.mp4,625,10.427083,bytetrack,379,32,sports ball,0.739394,555.430,0.154,604.133,48.672,580.000,24.000,48.703,48.518
identical_balls_trick_000_018.mp4,625,10.427083,bytetrack,390,32,sports ball,0.262448,411.804,508.183,455.165,554.675,433.000,531.000,43.361,46.492
identical_balls_trick_000_018.mp4,626,10.443767,bytetrack,379,32,sports ball,0.737086,554.995,0.184,604.065,48.740,580.000,24.000,49.069,48.557
identical_balls_trick_000_018.mp4,626,10.443767,bytetrack,390,32,sports ball,0.258600,411.313,506.807,454.672,553.217,433.000,530.000,43.360,46.410
identical_balls_trick_000_018.mp4,627,10.460450,bytetrack,379,32,sports ball,0.662911,554.174,0.217,603.414,48.743,579.000,24.000,49.240,48.526
identical_balls_trick_000_018.mp4,628,10.477133,bytetrack,379,32,sports ball,0.658923,553.845,0.272,603.256,48.780,579.000,25.000,49.411,48.508
identical_balls_trick_000_018.mp4,629,10.493817,bytetrack,379,32,sports ball,0.599085,552.561,0.250,603.114,49.855,578.000,25.000,50.553,49.606
identical_balls_trick_000_018.mp4,630,10.510500,bytetrack,379,32,sports ball,0.604265,552.119,0.291,603.084,50.279,578.000,25.000,50.965,49.988
identical_balls_trick_000_018.mp4,631,10.527183,bytetrack,379,32,sports ball,0.741215,551.035,0.389,602.948,51.400,577.000,26.000,51.913,51.011
identical_balls_trick_000_018.mp4,631,10.527183,bytetrack,380,32,sports ball,0.822821,592.578,289.563,642.849,336.020,618.000,313.000,50.272,46.457
identical_balls_trick_000_018.mp4,631,10.527183,bytetrack,390,32,sports ball,0.695229,405.632,486.585,449.092,532.793,427.000,510.000,43.460,46.208
identical_balls_trick_000_018.mp4,632,10.543867,bytetrack,379,32,sports ball,0.748716,550.670,0.446,602.881,51.835,577.000,26.000,52.211,51.389
identical_balls_trick_000_018.mp4,632,10.543867,bytetrack,380,32,sports ball,0.825130,592.871,289.170,642.495,335.687,618.000,312.000,49.624,46.517
identical_balls_trick_000_018.mp4,632,10.543867,bytetrack,390,32,sports ball,0.687838,405.113,485.147,448.859,531.376,427.000,508.000,43.747,46.230
identical_balls_trick_000_018.mp4,633,10.560550,bytetrack,379,32,sports ball,0.714384,549.435,0.929,602.498,53.314,576.000,27.000,53.063,52.385
identical_balls_trick_000_018.mp4,633,10.560550,bytetrack,380,32,sports ball,0.649898,592.949,288.822,642.136,335.364,618.000,312.000,49.187,46.542
identical_balls_trick_000_018.mp4,633,10.560550,bytetrack,390,32,sports ball,0.635900,403.566,477.213,447.835,523.805,426.000,501.000,44.269,46.592
identical_balls_trick_000_018.mp4,634,10.577233,bytetrack,379,32,sports ball,0.706714,549.030,1.125,602.321,53.879,576.000,28.000,53.291,52.753
identical_balls_trick_000_018.mp4,634,10.577233,bytetrack,380,32,sports ball,0.707682,593.030,288.722,641.914,335.293,617.000,312.000,48.884,46.571
identical_balls_trick_000_018.mp4,634,10.577233,bytetrack,390,32,sports ball,0.621673,402.964,474.409,447.531,521.135,425.000,498.000,44.567,46.726
identical_balls_trick_000_018.mp4,635,10.593917,bytetrack,379,32,sports ball,0.706475,547.759,1.813,602.165,55.983,575.000,29.000,54.406,54.170
identical_balls_trick_000_018.mp4,635,10.593917,bytetrack,380,32,sports ball,0.766659,592.369,288.712,641.063,335.245,617.000,312.000,48.693,46.533
identical_balls_trick_000_018.mp4,635,10.593917,bytetrack,390,32,sports ball,0.732157,401.723,466.637,446.208,512.942,424.000,490.000,44.485,46.305
identical_balls_trick_000_018.mp4,636,10.610600,bytetrack,379,32,sports ball,0.675999,547.328,2.071,602.001,56.787,575.000,29.000,54.673,54.715
identical_balls_trick_000_018.mp4,636,10.610600,bytetrack,380,32,sports ball,0.762839,592.158,288.762,640.705,335.262,616.000,312.000,48.547,46.500
identical_balls_trick_000_018.mp4,636,10.610600,bytetrack,390,32,sports ball,0.724995,401.250,463.939,445.814,510.014,424.000,487.000,44.564,46.075
identical_balls_trick_000_018.mp4,637,10.627283,bytetrack,379,32,sports ball,0.677928,546.749,3.785,601.294,58.667,574.000,31.000,54.545,54.882
identical_balls_trick_000_018.mp4,637,10.627283,bytetrack,380,32,sports ball,0.831482,591.678,289.300,640.124,335.803,616.000,313.000,48.446,46.503
identical_balls_trick_000_018.mp4,637,10.627283,bytetrack,390,32,sports ball,0.438217,399.467,454.527,443.808,499.997,422.000,477.000,44.341,45.470
identical_balls_trick_000_018.mp4,638,10.643967,bytetrack,379,32,sports ball,0.686049,546.622,4.441,600.944,59.364,574.000,32.000,54.321,54.924
identical_balls_trick_000_018.mp4,638,10.643967,bytetrack,380,32,sports ball,0.835171,591.525,289.529,639.897,336.050,616.000,313.000,48.373,46.521
identical_balls_trick_000_018.mp4,638,10.643967,bytetrack,390,32,sports ball,0.452109,398.774,451.145,443.231,496.412,421.000,474.000,44.457,45.267
identical_balls_trick_000_018.mp4,639,10.660650,bytetrack,379,32,sports ball,0.165314,545.975,6.955,600.322,62.163,573.000,35.000,54.347,55.208
identical_balls_trick_000_018.mp4,639,10.660650,bytetrack,380,32,sports ball,0.810882,591.122,290.050,639.807,337.098,615.000,314.000,48.685,47.049
identical_balls_trick_000_018.mp4,639,10.660650,bytetrack,390,32,sports ball,0.679586,397.219,441.246,441.469,485.935,419.000,464.000,44.250,44.689
identical_balls_trick_000_018.mp4,640,10.677333,bytetrack,379,32,sports ball,0.153627,545.815,7.906,600.037,63.231,573.000,36.000,54.223,55.325
identical_balls_trick_000_018.mp4,640,10.677333,bytetrack,380,32,sports ball,0.810609,591.036,290.240,639.738,337.503,615.000,314.000,48.703,47.263
identical_balls_trick_000_018.mp4,640,10.677333,bytetrack,390,32,sports ball,0.679830,396.543,437.699,440.931,482.208,419.000,460.000,44.388,44.509
identical_balls_trick_000_018.mp4,641,10.694017,bytetrack,379,32,sports ball,0.706113,544.916,10.745,598.973,66.117,572.000,38.000,54.057,55.373
identical_balls_trick_000_018.mp4,641,10.694017,bytetrack,380,32,sports ball,0.773518,590.705,291.656,639.197,338.794,615.000,315.000,48.492,47.138
identical_balls_trick_000_018.mp4,641,10.694017,bytetrack,390,32,sports ball,0.671041,395.791,426.329,440.921,471.050,418.000,449.000,45.130,44.721
identical_balls_trick_000_018.mp4,642,10.710700,bytetrack,379,32,sports ball,0.734703,544.674,11.820,598.510,67.159,572.000,39.000,53.836,55.340
identical_balls_trick_000_018.mp4,642,10.710700,bytetrack,380,32,sports ball,0.770565,590.611,292.208,638.972,339.286,615.000,316.000,48.361,47.078
identical_balls_trick_000_018.mp4,642,10.710700,bytetrack,390,32,sports ball,0.668142,395.412,422.247,441.145,467.096,418.000,445.000,45.733,44.850
identical_balls_trick_000_018.mp4,643,10.727383,bytetrack,379,32,sports ball,0.761212,544.142,15.178,598.145,70.920,571.000,43.000,54.003,55.742
identical_balls_trick_000_018.mp4,643,10.727383,bytetrack,380,32,sports ball,0.785122,590.404,294.014,638.771,341.196,615.000,318.000,48.367,47.182
identical_balls_trick_000_018.mp4,643,10.727383,bytetrack,390,32,sports ball,0.734863,395.288,410.661,440.397,454.409,418.000,433.000,45.109,43.749
identical_balls_trick_000_018.mp4,644,10.744067,bytetrack,379,32,sports ball,0.722222,544.013,16.429,597.964,72.327,571.000,44.000,53.951,55.898
identical_balls_trick_000_018.mp4,644,10.744067,bytetrack,380,32,sports ball,0.775779,590.372,294.687,638.690,341.916,615.000,318.000,48.318,47.229
identical_balls_trick_000_018.mp4,644,10.744067,bytetrack,390,32,sports ball,0.718715,395.157,406.544,440.300,449.887,418.000,428.000,45.143,43.343
identical_balls_trick_000_018.mp4,645,10.760750,bytetrack,379,32,sports ball,0.895932,543.713,20.430,597.269,76.154,570.000,48.000,53.555,55.723
identical_balls_trick_000_018.mp4,645,10.760750,bytetrack,380,32,sports ball,0.799672,589.981,296.607,638.434,344.185,614.000,320.000,48.452,47.579
identical_balls_trick_000_018.mp4,645,10.760750,bytetrack,390,32,sports ball,0.743188,394.985,394.774,440.270,437.864,418.000,416.000,45.286,43.089
identical_balls_trick_000_018.mp4,646,10.777433,bytetrack,379,32,sports ball,0.898056,543.683,21.910,596.940,77.531,570.000,50.000,53.256,55.621
identical_balls_trick_000_018.mp4,646,10.777433,bytetrack,380,32,sports ball,0.801503,589.902,297.330,638.277,345.028,614.000,321.000,48.375,47.698
identical_balls_trick_000_018.mp4,646,10.777433,bytetrack,390,32,sports ball,0.747808,394.848,390.651,440.388,433.628,418.000,412.000,45.539,42.977
identical_balls_trick_000_018.mp4,647,10.794117,bytetrack,379,32,sports ball,0.876487,543.204,26.643,595.967,81.853,570.000,54.000,52.763,55.210
identical_balls_trick_000_018.mp4,647,10.794117,bytetrack,380,32,sports ball,0.781593,589.863,299.464,637.773,346.822,614.000,323.000,47.911,47.358
identical_balls_trick_000_018.mp4,647,10.794117,bytetrack,390,32,sports ball,0.747603,394.789,378.550,440.484,421.249,418.000,400.000,45.695,42.699
identical_balls_trick_000_018.mp4,648,10.810800,bytetrack,379,32,sports ball,0.856470,543.003,28.366,595.525,83.438,569.000,56.000,52.523,55.072
identical_balls_trick_000_018.mp4,648,10.810800,bytetrack,380,32,sports ball,0.781454,589.888,300.253,637.555,347.480,614.000,324.000,47.668,47.227
identical_balls_trick_000_018.mp4,648,10.810800,bytetrack,390,32,sports ball,0.744463,394.621,374.217,440.682,416.883,418.000,396.000,46.060,42.666
identical_balls_trick_000_018.mp4,649,10.827483,bytetrack,379,32,sports ball,0.819718,542.066,32.857,594.781,88.237,568.000,61.000,52.714,55.380
identical_balls_trick_000_018.mp4,649,10.827483,bytetrack,380,32,sports ball,0.747706,589.991,303.251,636.827,349.721,613.000,326.000,46.836,46.470
identical_balls_trick_000_018.mp4,649,10.827483,bytetrack,390,32,sports ball,0.801917,394.023,361.531,441.460,405.373,418.000,383.000,47.437,43.842
identical_balls_trick_000_018.mp4,650,10.844167,bytetrack,379,32,sports ball,0.818748,541.812,34.483,594.529,89.990,568.000,62.000,52.717,55.506
identical_balls_trick_000_018.mp4,650,10.844167,bytetrack,380,32,sports ball,0.758240,590.048,304.357,636.539,350.543,613.000,327.000,46.491,46.186
identical_balls_trick_000_018.mp4,650,10.844167,bytetrack,390,32,sports ball,0.814964,393.840,357.119,441.735,401.279,418.000,379.000,47.896,44.160
identical_balls_trick_000_018.mp4,651,10.860850,bytetrack,379,32,sports ball,0.860765,541.102,39.745,593.506,94.975,567.000,67.000,52.404,55.230
identical_balls_trick_000_018.mp4,651,10.860850,bytetrack,380,32,sports ball,0.799264,589.410,307.214,636.373,354.029,613.000,331.000,46.963,46.814
identical_balls_trick_000_018.mp4,651,10.860850,bytetrack,390,32,sports ball,0.836045,394.424,346.568,440.897,389.051,418.000,368.000,46.473,42.483
identical_balls_trick_000_018.mp4,652,10.877533,bytetrack,379,32,sports ball,0.851224,540.860,41.685,593.068,96.788,567.000,69.000,52.208,55.104
identical_balls_trick_000_018.mp4,652,10.877533,bytetrack,380,32,sports ball,0.787630,589.367,308.095,636.492,355.288,613.000,332.000,47.125,47.193
identical_balls_trick_000_018.mp4,652,10.877533,bytetrack,390,32,sports ball,0.836254,394.566,342.902,440.688,384.739,418.000,364.000,46.122,41.838
identical_balls_trick_000_018.mp4,653,10.894217,bytetrack,379,32,sports ball,0.689943,540.227,47.228,592.816,102.871,567.000,75.000,52.589,55.643
identical_balls_trick_000_018.mp4,653,10.894217,bytetrack,380,32,sports ball,0.483692,589.446,311.583,636.116,358.467,613.000,335.000,46.670,46.884
identical_balls_trick_000_018.mp4,653,10.894217,bytetrack,390,32,sports ball,0.630456,394.518,332.297,441.635,374.821,418.000,354.000,47.118,42.524
identical_balls_trick_000_018.mp4,654,10.910900,bytetrack,379,32,sports ball,0.666736,540.045,49.218,592.720,105.070,566.000,77.000,52.675,55.852
identical_balls_trick_000_018.mp4,654,10.910900,bytetrack,380,32,sports ball,0.495997,589.511,312.842,635.954,359.629,613.000,336.000,46.443,46.787
identical_balls_trick_000_018.mp4,654,10.910900,bytetrack,390,32,sports ball,0.638081,394.463,328.604,442.036,371.333,418.000,350.000,47.573,42.730
identical_balls_trick_000_018.mp4,655,10.927583,bytetrack,379,32,sports ball,0.806572,539.653,54.927,592.063,110.507,566.000,83.000,52.410,55.580
identical_balls_trick_000_018.mp4,655,10.927583,bytetrack,380,32,sports ball,0.663117,588.722,315.947,635.754,363.498,612.000,340.000,47.032,47.550
identical_balls_trick_000_018.mp4,655,10.927583,bytetrack,390,32,sports ball,0.798847,393.507,317.389,443.458,362.439,418.000,340.000,49.951,45.051
identical_balls_trick_000_018.mp4,656,10.944267,bytetrack,379,32,sports ball,0.800393,539.542,56.953,591.796,112.384,566.000,85.000,52.254,55.431
identical_balls_trick_000_018.mp4,656,10.944267,bytetrack,380,32,sports ball,0.670420,588.482,317.064,635.651,364.909,612.000,341.000,47.169,47.845
identical_balls_trick_000_018.mp4,656,10.944267,bytetrack,390,32,sports ball,0.801738,393.219,313.349,443.925,359.252,419.000,336.000,50.707,45.903
identical_balls_trick_000_018.mp4,657,10.960950,bytetrack,379,32,sports ball,0.873194,538.416,63.206,591.301,119.309,565.000,91.000,52.885,56.102
identical_balls_trick_000_018.mp4,657,10.960950,bytetrack,380,32,sports ball,0.881748,587.907,320.800,635.331,369.002,612.000,345.000,47.424,48.202
identical_balls_trick_000_018.mp4,657,10.960950,bytetrack,390,32,sports ball,0.656939,393.017,302.629,444.017,348.931,419.000,326.000,51.001,46.302
identical_balls_trick_000_018.mp4,658,10.977633,bytetrack,379,32,sports ball,0.868320,538.024,65.428,591.198,121.837,565.000,94.000,53.174,56.409
identical_balls_trick_000_018.mp4,658,10.977633,bytetrack,380,32,sports ball,0.886836,587.656,322.177,635.158,370.534,611.000,346.000,47.502,48.357
identical_balls_trick_000_018.mp4,658,10.977633,bytetrack,390,32,sports ball,0.647816,392.985,298.762,444.026,345.225,419.000,322.000,51.041,46.463
identical_balls_trick_000_018.mp4,658,10.977633,bytetrack,395,32,sports ball,0.306636,393.794,300.279,443.264,347.582,419.000,324.000,49.470,47.303
identical_balls_trick_000_018.mp4,659,10.994317,bytetrack,379,32,sports ball,0.865048,537.555,72.721,590.412,128.734,564.000,101.000,52.857,56.013
identical_balls_trick_000_018.mp4,659,10.994317,bytetrack,380,32,sports ball,0.718378,587.583,327.013,634.571,374.826,611.000,351.000,46.989,47.812
identical_balls_trick_000_018.mp4,659,10.994317,bytetrack,390,32,sports ball,0.796799,393.600,289.104,443.114,334.081,418.000,312.000,49.514,44.977
identical_balls_trick_000_018.mp4,660,11.011000,bytetrack,379,32,sports ball,0.866426,537.415,75.380,590.144,131.200,564.000,103.000,52.729,55.819
identical_balls_trick_000_018.mp4,660,11.011000,bytetrack,380,32,sports ball,0.720685,587.566,328.781,634.364,376.386,611.000,353.000,46.799,47.605
identical_balls_trick_000_018.mp4,660,11.011000,bytetrack,390,32,sports ball,0.800009,393.810,285.745,442.755,330.123,418.000,308.000,48.945,44.379
identical_balls_trick_000_018.mp4,661,11.027683,bytetrack,379,32,sports ball,0.894111,536.667,82.293,589.578,138.275,563.000,110.000,52.911,55.983
identical_balls_trick_000_018.mp4,661,11.027683,bytetrack,380,32,sports ball,0.831385,587.520,333.629,634.128,380.954,611.000,357.000,46.608,47.325
identical_balls_trick_000_018.mp4,661,11.027683,bytetrack,390,32,sports ball,0.832324,392.966,275.143,443.751,321.393,418.000,298.000,50.785,46.250
identical_balls_trick_000_018.mp4,662,11.044367,bytetrack,379,32,sports ball,0.893580,536.405,84.781,589.404,140.821,563.000,113.000,52.998,56.041
identical_balls_trick_000_018.mp4,662,11.044367,bytetrack,380,32,sports ball,0.836657,587.492,335.377,634.069,382.593,611.000,359.000,46.577,47.217
identical_balls_trick_000_018.mp4,662,11.044367,bytetrack,390,32,sports ball,0.837630,392.676,271.365,444.099,318.397,418.000,295.000,51.423,47.032
identical_balls_trick_000_018.mp4,663,11.061050,bytetrack,379,32,sports ball,0.824833,535.711,92.861,588.636,148.894,562.000,121.000,52.925,56.033
identical_balls_trick_000_018.mp4,663,11.061050,bytetrack,380,32,sports ball,0.671490,587.035,340.321,633.698,387.527,610.000,364.000,46.663,47.207
identical_balls_trick_000_018.mp4,663,11.061050,bytetrack,390,32,sports ball,0.851949,393.224,262.014,443.842,308.362,419.000,285.000,50.618,46.347
identical_balls_trick_000_018.mp4,664,11.077733,bytetrack,379,32,sports ball,0.827339,535.493,95.794,588.344,151.804,562.000,124.000,52.851,56.010
identical_balls_trick_000_018.mp4,664,11.077733,bytetrack,380,32,sports ball,0.669559,586.846,342.095,633.587,389.292,610.000,366.000,46.741,47.197
identical_balls_trick_000_018.mp4,664,11.077733,bytetrack,390,32,sports ball,0.853063,393.456,258.728,443.725,304.803,419.000,282.000,50.269,46.075
identical_balls_trick_000_018.mp4,665,11.094417,bytetrack,379,32,sports ball,0.876911,535.014,103.631,587.827,159.652,561.000,132.000,52.814,56.021
identical_balls_trick_000_018.mp4,665,11.094417,bytetrack,380,32,sports ball,0.759336,586.289,347.103,633.193,394.485,610.000,371.000,46.904,47.382
identical_balls_trick_000_018.mp4,665,11.094417,bytetrack,390,32,sports ball,0.535494,393.456,249.809,443.770,295.981,419.000,273.000,50.314,46.172
identical_balls_trick_000_018.mp4,666,11.111100,bytetrack,379,32,sports ball,0.876199,534.863,106.418,587.651,162.459,561.000,134.000,52.788,56.041
identical_balls_trick_000_018.mp4,666,11.111100,bytetrack,380,32,sports ball,0.772930,586.104,348.906,633.050,396.348,610.000,373.000,46.946,47.442
identical_balls_trick_000_018.mp4,666,11.111100,bytetrack,390,32,sports ball,0.497780,393.472,246.705,443.773,292.918,419.000,270.000,50.301,46.213
identical_balls_trick_000_018.mp4,667,11.127783,bytetrack,379,32,sports ball,0.830575,534.131,115.070,586.932,171.110,561.000,143.000,52.801,56.040
identical_balls_trick_000_018.mp4,667,11.127783,bytetrack,380,32,sports ball,0.720025,585.743,354.597,633.012,402.433,609.000,379.000,47.268,47.836
identical_balls_trick_000_018.mp4,667,11.127783,bytetrack,390,32,sports ball,0.828159,393.548,237.819,443.860,284.121,419.000,261.000,50.312,46.302
identical_balls_trick_000_018.mp4,668,11.144467,bytetrack,379,32,sports ball,0.817737,533.821,118.183,586.587,174.191,560.000,146.000,52.766,56.008
identical_balls_trick_000_018.mp4,668,11.144467,bytetrack,380,32,sports ball,0.726146,585.623,356.626,633.004,404.641,609.000,381.000,47.382,48.015
identical_balls_trick_000_018.mp4,668,11.144467,bytetrack,390,32,sports ball,0.821793,393.585,234.700,443.850,281.026,419.000,258.000,50.266,46.326
identical_balls_trick_000_018.mp4,669,11.161150,bytetrack,379,32,sports ball,0.323886,533.103,127.410,585.840,183.356,559.000,155.000,52.737,55.946
identical_balls_trick_000_018.mp4,669,11.161150,bytetrack,380,32,sports ball,0.175183,585.452,362.368,632.910,410.495,609.000,386.000,47.458,48.127
identical_balls_trick_000_018.mp4,669,11.161150,bytetrack,390,32,sports ball,0.728141,393.318,225.898,443.859,272.572,419.000,249.000,50.541,46.674
identical_balls_trick_000_018.mp4,670,11.177833,bytetrack,379,32,sports ball,0.310878,532.861,130.716,585.612,186.647,559.000,159.000,52.751,55.931
identical_balls_trick_000_018.mp4,670,11.177833,bytetrack,380,32,sports ball,0.168681,585.400,364.433,632.871,412.602,609.000,389.000,47.471,48.169
identical_balls_trick_000_018.mp4,670,11.177833,bytetrack,390,32,sports ball,0.729685,393.245,222.807,443.835,269.613,419.000,246.000,50.590,46.805
identical_balls_trick_000_018.mp4,671,11.194517,bytetrack,390,32,sports ball,0.389364,393.301,214.514,444.001,261.512,419.000,238.000,50.701,46.998
identical_balls_trick_000_018.mp4,672,11.211200,bytetrack,390,32,sports ball,0.370876,393.348,211.610,444.029,258.672,419.000,235.000,50.680,47.062
identical_balls_trick_000_018.mp4,673,11.227883,bytetrack,390,32,sports ball,0.443305,393.056,203.357,444.573,251.447,419.000,227.000,51.517,48.089
identical_balls_trick_000_018.mp4,673,11.227883,bytetrack,379,32,sports ball,0.317800,531.080,154.285,584.691,211.202,558.000,183.000,53.611,56.917
identical_balls_trick_000_018.mp4,674,11.244567,bytetrack,390,32,sports ball,0.344942,393.017,200.449,444.674,248.901,419.000,225.000,51.657,48.452
identical_balls_trick_000_018.mp4,674,11.244567,bytetrack,379,32,sports ball,0.327447,530.894,157.235,584.607,214.316,558.000,186.000,53.713,57.081
identical_balls_trick_000_018.mp4,675,11.261250,bytetrack,390,32,sports ball,0.458520,393.345,192.957,444.859,241.431,419.000,217.000,51.514,48.474
identical_balls_trick_000_018.mp4,676,11.277933,bytetrack,390,32,sports ball,0.620096,393.534,190.368,444.852,238.796,419.000,215.000,51.318,48.428
identical_balls_trick_000_018.mp4,677,11.294617,bytetrack,390,32,sports ball,0.377275,393.720,183.214,444.676,231.406,419.000,207.000,50.957,48.192
identical_balls_trick_000_018.mp4,678,11.311300,bytetrack,390,32,sports ball,0.384318,393.817,180.725,444.575,228.826,419.000,205.000,50.758,48.101
identical_balls_trick_000_018.mp4,679,11.327983,bytetrack,,32,sports ball,0.224154,584.991,411.820,630.418,458.405,608.000,435.000,45.427,46.585
identical_balls_trick_000_018.mp4,680,11.344667,bytetrack,,32,sports ball,0.260439,585.002,411.659,630.413,458.409,608.000,435.000,45.411,46.750
identical_balls_trick_000_018.mp4,680,11.344667,bytetrack,,32,sports ball,0.156676,394.471,172.767,444.453,221.679,419.000,197.000,49.982,48.912
identical_balls_trick_000_018.mp4,681,11.361350,bytetrack,,32,sports ball,0.324811,584.342,423.889,629.681,470.450,607.000,447.000,45.339,46.561
identical_balls_trick_000_018.mp4,682,11.378033,bytetrack,398,32,sports ball,0.316070,584.340,423.885,629.682,470.448,607.000,447.000,45.342,46.563
identical_balls_trick_000_018.mp4,683,11.394717,bytetrack,398,32,sports ball,0.409438,584.181,431.890,629.658,478.599,607.000,455.000,45.477,46.709
identical_balls_trick_000_018.mp4,684,11.411400,bytetrack,398,32,sports ball,0.422674,584.122,434.550,629.650,481.320,607.000,458.000,45.528,46.770
identical_balls_trick_000_018.mp4,685,11.428083,bytetrack,398,32,sports ball,0.420540,583.919,444.510,628.906,490.687,606.000,468.000,44.987,46.177
identical_balls_trick_000_018.mp4,685,11.428083,bytetrack,390,32,sports ball,0.677618,394.237,148.240,446.386,197.845,420.000,173.000,52.148,49.604
identical_balls_trick_000_018.mp4,686,11.444767,bytetrack,398,32,sports ball,0.414833,583.826,447.578,628.689,493.586,606.000,471.000,44.863,46.007
identical_balls_trick_000_018.mp4,686,11.444767,bytetrack,399,32,sports ball,0.505793,525.946,248.799,579.225,306.460,553.000,278.000,53.279,57.661
identical_balls_trick_000_018.mp4,686,11.444767,bytetrack,390,32,sports ball,0.676829,394.328,146.900,446.433,196.613,420.000,172.000,52.104,49.713
identical_balls_trick_000_018.mp4,687,11.461450,bytetrack,399,32,sports ball,0.594575,525.223,261.909,579.179,320.332,552.000,291.000,53.956,58.422
identical_balls_trick_000_018.mp4,687,11.461450,bytetrack,390,32,sports ball,0.649967,394.055,141.760,446.698,192.118,420.000,167.000,52.643,50.358
identical_balls_trick_000_018.mp4,688,11.478133,bytetrack,399,32,sports ball,0.587496,524.984,266.310,579.114,324.959,552.000,296.000,54.129,58.649
identical_balls_trick_000_018.mp4,688,11.478133,bytetrack,390,32,sports ball,0.664873,394.005,139.973,446.765,190.544,420.000,165.000,52.760,50.570
identical_balls_trick_000_018.mp4,689,11.494817,bytetrack,399,32,sports ball,0.595145,523.369,280.233,578.812,340.394,551.000,310.000,55.443,60.161
identical_balls_trick_000_018.mp4,689,11.494817,bytetrack,390,32,sports ball,0.807000,394.019,134.761,447.148,185.871,421.000,160.000,53.128,51.110
identical_balls_trick_000_018.mp4,690,11.511500,bytetrack,399,32,sports ball,0.600080,522.911,284.607,578.675,345.218,551.000,315.000,55.764,60.611
identical_balls_trick_000_018.mp4,690,11.511500,bytetrack,390,32,sports ball,0.814588,394.041,132.911,447.231,184.247,421.000,159.000,53.190,51.336
identical_balls_trick_000_018.mp4,691,11.528183,bytetrack,390,32,sports ball,0.801178,394.560,128.821,446.943,179.369,421.000,154.000,52.383,50.548
identical_balls_trick_000_018.mp4,692,11.544867,bytetrack,390,32,sports ball,0.797759,394.743,127.451,446.825,177.699,421.000,153.000,52.082,50.249
identical_balls_trick_000_018.mp4,692,11.544867,bytetrack,399,32,sports ball,0.349594,522.274,301.117,576.511,359.937,549.000,331.000,54.237,58.820
identical_balls_trick_000_018.mp4,693,11.561550,bytetrack,390,32,sports ball,0.777748,394.650,122.760,447.317,173.746,421.000,148.000,52.667,50.986
identical_balls_trick_000_018.mp4,693,11.561550,bytetrack,399,32,sports ball,0.655927,521.823,317.170,575.771,375.564,549.000,346.000,53.948,58.394
identical_balls_trick_000_018.mp4,694,11.578233,bytetrack,390,32,sports ball,0.765679,394.658,121.121,447.459,172.387,421.000,147.000,52.801,51.266
identical_balls_trick_000_018.mp4,694,11.578233,bytetrack,399,32,sports ball,0.624640,521.624,322.313,575.607,380.642,549.000,351.000,53.984,58.329
identical_balls_trick_000_018.mp4,695,11.594917,bytetrack,390,32,sports ball,0.796317,394.652,117.223,447.914,169.102,421.000,143.000,53.262,51.879
identical_balls_trick_000_018.mp4,695,11.594917,bytetrack,399,32,sports ball,0.793545,520.913,337.589,575.615,396.781,548.000,367.000,54.702,59.192
identical_balls_trick_000_018.mp4,696,11.611600,bytetrack,390,32,sports ball,0.801698,394.719,115.859,448.064,167.975,421.000,142.000,53.345,52.115
identical_balls_trick_000_018.mp4,696,11.611600,bytetrack,399,32,sports ball,0.796480,520.688,342.890,575.611,402.405,548.000,373.000,54.923,59.515
identical_balls_trick_000_018.mp4,696,11.611600,bytetrack,398,32,sports ball,0.432491,580.306,508.977,627.150,557.187,604.000,533.000,46.845,48.210
identical_balls_trick_000_018.mp4,697,11.628283,bytetrack,390,32,sports ball,0.776579,395.100,112.495,448.206,164.479,422.000,138.000,53.107,51.984
identical_balls_trick_000_018.mp4,697,11.628283,bytetrack,399,32,sports ball,0.694529,521.774,354.585,575.463,412.633,549.000,384.000,53.689,58.048
identical_balls_trick_000_018.mp4,697,11.628283,bytetrack,398,32,sports ball,0.197561,580.271,520.721,626.704,568.525,603.000,545.000,46.434,47.804
identical_balls_trick_000_018.mp4,698,11.644967,bytetrack,390,32,sports ball,0.769477,395.249,111.348,448.228,163.303,422.000,137.000,52.978,51.954
identical_balls_trick_000_018.mp4,698,11.644967,bytetrack,399,32,sports ball,0.696075,522.153,358.554,575.454,416.060,549.000,387.000,53.301,57.506
identical_balls_trick_000_018.mp4,698,11.644967,bytetrack,398,32,sports ball,0.195571,580.272,524.704,626.552,572.361,603.000,549.000,46.280,47.657
identical_balls_trick_000_018.mp4,699,11.661650,bytetrack,390,32,sports ball,0.494824,395.155,108.289,448.191,160.336,422.000,134.000,53.036,52.047
identical_balls_trick_000_018.mp4,699,11.661650,bytetrack,399,32,sports ball,0.464850,523.353,367.453,576.635,424.867,550.000,396.000,53.283,57.415
identical_balls_trick_000_018.mp4,699,11.661650,bytetrack,398,32,sports ball,0.370250,579.677,535.826,625.273,582.650,602.000,559.000,45.596,46.824
identical_balls_trick_000_018.mp4,700,11.678333,bytetrack,390,32,sports ball,0.503118,395.148,107.243,448.152,159.284,422.000,133.000,53.003,52.041
identical_balls_trick_000_018.mp4,700,11.678333,bytetrack,399,32,sports ball,0.466678,523.796,370.430,577.100,427.798,550.000,399.000,53.304,57.369
identical_balls_trick_000_018.mp4,700,11.678333,bytetrack,398,32,sports ball,0.363882,579.436,539.765,624.823,586.262,602.000,563.000,45.387,46.497
identical_balls_trick_000_018.mp4,701,11.695017,bytetrack,390,32,sports ball,0.622138,396.023,104.472,448.285,155.898,422.000,130.000,52.262,51.426
identical_balls_trick_000_018.mp4,701,11.695017,bytetrack,399,32,sports ball,0.449486,526.210,379.494,578.472,435.700,552.000,408.000,52.263,56.206
identical_balls_trick_000_018.mp4,701,11.695017,bytetrack,398,32,sports ball,0.580543,580.091,549.837,624.445,594.971,602.000,572.000,44.354,45.135
identical_balls_trick_000_018.mp4,702,11.711700,bytetrack,390,32,sports ball,0.639743,396.306,103.561,448.226,154.743,422.000,129.000,51.920,51.182
identical_balls_trick_000_018.mp4,702,11.711700,bytetrack,399,32,sports ball,0.439000,527.092,382.532,578.999,438.313,553.000,410.000,51.906,55.781
identical_balls_trick_000_018.mp4,702,11.711700,bytetrack,398,32,sports ball,0.576123,580.288,553.324,624.393,597.940,602.000,576.000,44.105,44.616
identical_balls_trick_000_018.mp4,703,11.728383,bytetrack,390,32,sports ball,0.296445,396.010,101.187,448.390,152.931,422.000,127.000,52.380,51.744
identical_balls_trick_000_018.mp4,703,11.728383,bytetrack,399,32,sports ball,0.164879,528.075,391.421,580.247,447.497,554.000,419.000,52.173,56.077
identical_balls_trick_000_018.mp4,704,11.745067,bytetrack,390,32,sports ball,0.320270,395.843,100.263,448.467,152.359,422.000,126.000,52.624,52.096
identical_balls_trick_000_018.mp4,704,11.745067,bytetrack,399,32,sports ball,0.185283,528.429,394.458,580.695,450.648,555.000,423.000,52.266,56.190
identical_balls_trick_000_018.mp4,705,11.761750,bytetrack,390,32,sports ball,0.239984,395.914,98.465,448.407,150.442,422.000,124.000,52.493,51.977
identical_balls_trick_000_018.mp4,706,11.778433,bytetrack,390,32,sports ball,0.300506,396.135,97.883,448.527,149.806,422.000,124.000,52.392,51.923
identical_balls_trick_000_018.mp4,707,11.795117,bytetrack,390,32,sports ball,0.320400,396.497,96.587,448.731,148.397,423.000,122.000,52.234,51.810
identical_balls_trick_000_018.mp4,707,11.795117,bytetrack,399,32,sports ball,0.299814,531.376,416.826,584.716,474.389,558.000,446.000,53.340,57.563
identical_balls_trick_000_018.mp4,708,11.811800,bytetrack,390,32,sports ball,0.351656,396.696,96.197,448.807,147.921,423.000,122.000,52.111,51.724
identical_balls_trick_000_018.mp4,708,11.811800,bytetrack,404,32,sports ball,0.322415,574.953,559.992,617.560,603.532,596.000,582.000,42.607,43.540
identical_balls_trick_000_018.mp4,708,11.811800,bytetrack,399,32,sports ball,0.316666,531.840,419.275,585.246,477.097,559.000,448.000,53.405,57.822
identical_balls_trick_000_018.mp4,709,11.828483,bytetrack,390,32,sports ball,0.396522,397.110,95.263,448.890,146.689,423.000,121.000,51.780,51.426
identical_balls_trick_000_018.mp4,709,11.828483,bytetrack,404,32,sports ball,0.311808,572.629,561.581,615.263,605.205,594.000,583.000,42.634,43.624
identical_balls_trick_000_018.mp4,709,11.828483,bytetrack,399,32,sports ball,0.391927,534.437,428.821,586.713,485.374,561.000,457.000,52.277,56.553
identical_balls_trick_000_018.mp4,710,11.845167,bytetrack,390,32,sports ball,0.354026,397.406,95.001,449.008,146.292,423.000,121.000,51.602,51.291
identical_balls_trick_000_018.mp4,710,11.845167,bytetrack,404,32,sports ball,0.301079,571.900,562.132,614.450,605.750,593.000,584.000,42.550,43.618
identical_balls_trick_000_018.mp4,710,11.845167,bytetrack,399,32,sports ball,0.368874,535.193,432.130,587.019,488.066,561.000,460.000,51.826,55.936
identical_balls_trick_000_018.mp4,711,11.861850,bytetrack,390,32,sports ball,0.328665,397.695,93.880,449.213,145.129,423.000,120.000,51.519,51.249
identical_balls_trick_000_018.mp4,711,11.861850,bytetrack,404,32,sports ball,0.288503,569.317,565.539,611.954,609.410,591.000,587.000,42.637,43.870
identical_balls_trick_000_018.mp4,711,11.861850,bytetrack,399,32,sports ball,0.705503,537.450,441.025,589.545,497.223,563.000,469.000,52.096,56.198
identical_balls_trick_000_018.mp4,712,11.878533,bytetrack,390,32,sports ball,0.289226,397.973,93.513,449.418,144.735,424.000,119.000,51.445,51.222
identical_balls_trick_000_018.mp4,712,11.878533,bytetrack,404,32,sports ball,0.297069,568.602,566.626,611.112,610.556,590.000,589.000,42.510,43.930
identical_balls_trick_000_018.mp4,712,11.878533,bytetrack,399,32,sports ball,0.714827,538.258,444.131,590.468,500.430,564.000,472.000,52.210,56.299
identical_balls_trick_000_018.mp4,713,11.895217,bytetrack,390,32,sports ball,0.193526,398.163,93.418,449.587,144.656,424.000,119.000,51.424,51.239
identical_balls_trick_000_018.mp4,713,11.895217,bytetrack,404,32,sports ball,0.156197,566.518,570.441,608.913,614.533,588.000,592.000,42.395,44.092
identical_balls_trick_000_018.mp4,713,11.895217,bytetrack,399,32,sports ball,0.601980,541.896,452.655,594.418,509.488,568.000,481.000,52.522,56.833
identical_balls_trick_000_018.mp4,714,11.911900,bytetrack,404,32,sports ball,0.160611,565.938,571.727,608.089,615.867,587.000,594.000,42.151,44.140
identical_balls_trick_000_018.mp4,714,11.911900,bytetrack,399,32,sports ball,0.604517,543.282,455.642,595.821,512.672,570.000,484.000,52.539,57.030
identical_balls_trick_000_018.mp4,715,11.928583,bytetrack,399,32,sports ball,0.532245,546.674,463.981,598.223,519.721,572.000,492.000,51.549,55.740
identical_balls_trick_000_018.mp4,716,11.945267,bytetrack,399,32,sports ball,0.512410,547.855,466.869,599.125,522.115,573.000,494.000,51.270,55.247
identical_balls_trick_000_018.mp4,719,11.995317,bytetrack,,32,sports ball,0.202944,399.700,95.875,450.600,147.518,425.000,122.000,50.900,51.643
identical_balls_trick_000_018.mp4,719,11.995317,bytetrack,,32,sports ball,0.192070,555.096,487.350,606.777,543.100,581.000,515.000,51.681,55.750
identical_balls_trick_000_018.mp4,719,11.995317,bytetrack,,32,sports ball,0.174771,556.093,487.453,606.523,539.776,581.000,514.000,50.430,52.323
identical_balls_trick_000_018.mp4,720,12.012000,bytetrack,,32,sports ball,0.214572,399.715,95.882,450.644,147.562,425.000,122.000,50.930,51.680
identical_balls_trick_000_018.mp4,720,12.012000,bytetrack,,32,sports ball,0.198289,555.090,487.345,606.769,543.104,581.000,515.000,51.679,55.759
identical_balls_trick_000_018.mp4,720,12.012000,bytetrack,,32,sports ball,0.175950,556.090,487.452,606.528,539.874,581.000,514.000,50.437,52.422
identical_balls_trick_000_018.mp4,721,12.028683,bytetrack,,32,sports ball,0.326907,399.834,97.062,450.683,149.170,425.000,123.000,50.849,52.109
identical_balls_trick_000_018.mp4,722,12.045367,bytetrack,407,32,sports ball,0.349527,399.886,97.046,450.733,149.150,425.000,123.000,50.847,52.104
identical_balls_trick_000_018.mp4,723,12.062050,bytetrack,407,32,sports ball,0.192368,400.144,98.280,451.331,150.756,426.000,125.000,51.188,52.476
identical_balls_trick_000_018.mp4,724,12.078733,bytetrack,407,32,sports ball,0.211272,400.284,98.663,451.604,151.310,426.000,125.000,51.319,52.648
identical_balls_trick_000_018.mp4,725,12.095417,bytetrack,407,32,sports ball,0.399696,400.709,100.870,451.622,153.127,426.000,127.000,50.912,52.256
identical_balls_trick_000_018.mp4,725,12.095417,bytetrack,399,32,sports ball,0.374946,565.950,517.819,617.796,574.217,592.000,546.000,51.846,56.398
identical_balls_trick_000_018.mp4,726,12.112100,bytetrack,407,32,sports ball,0.403108,400.857,101.567,451.585,153.674,426.000,128.000,50.728,52.107
identical_balls_trick_000_018.mp4,726,12.112100,bytetrack,399,32,sports ball,0.376640,566.827,519.540,618.336,575.986,593.000,548.000,51.508,56.445
identical_balls_trick_000_018.mp4,727,12.128783,bytetrack,407,32,sports ball,0.409622,401.452,104.170,451.820,155.882,427.000,130.000,50.368,51.712
identical_balls_trick_000_018.mp4,728,12.145467,bytetrack,407,32,sports ball,0.420077,401.639,105.052,451.892,156.622,427.000,131.000,50.253,51.571
identical_balls_trick_000_018.mp4,729,12.162150,bytetrack,407,32,sports ball,0.536463,401.555,107.656,452.177,159.642,427.000,134.000,50.622,51.986
identical_balls_trick_000_018.mp4,729,12.162150,bytetrack,399,32,sports ball,0.315349,577.272,534.702,622.246,583.153,600.000,559.000,44.974,48.452
identical_balls_trick_000_018.mp4,730,12.178833,bytetrack,407,32,sports ball,0.525935,401.569,108.636,452.225,160.685,427.000,135.000,50.656,52.049
identical_balls_trick_000_018.mp4,730,12.178833,bytetrack,399,32,sports ball,0.303054,578.457,536.068,622.643,583.007,601.000,560.000,44.186,46.939
identical_balls_trick_000_018.mp4,731,12.195517,bytetrack,407,32,sports ball,0.602248,401.896,111.759,452.587,163.853,427.000,138.000,50.691,52.094
identical_balls_trick_000_018.mp4,731,12.195517,bytetrack,399,32,sports ball,0.196173,578.862,541.287,627.753,593.463,603.000,567.000,48.890,52.176
identical_balls_trick_000_018.mp4,732,12.212200,bytetrack,407,32,sports ball,0.601035,402.003,112.854,452.706,164.969,427.000,139.000,50.704,52.114
identical_balls_trick_000_018.mp4,732,12.212200,bytetrack,399,32,sports ball,0.193520,579.084,543.114,629.437,597.057,604.000,570.000,50.353,53.942
identical_balls_trick_000_018.mp4,733,12.228883,bytetrack,407,32,sports ball,0.440245,402.087,116.315,453.135,168.829,428.000,143.000,51.049,52.514
identical_balls_trick_000_018.mp4,733,12.228883,bytetrack,399,32,sports ball,0.709768,582.646,547.557,631.301,599.736,607.000,574.000,48.655,52.179
identical_balls_trick_000_018.mp4,734,12.245567,bytetrack,407,32,sports ball,0.491368,402.117,117.545,453.291,170.231,428.000,144.000,51.174,52.686
identical_balls_trick_000_018.mp4,734,12.245567,bytetrack,399,32,sports ball,0.711164,583.950,549.027,631.910,600.509,608.000,575.000,47.960,51.482
identical_balls_trick_000_018.mp4,734,12.245567,bytetrack,408,32,sports ball,0.406129,537.120,635.493,583.045,675.123,560.000,655.000,45.925,39.631
identical_balls_trick_000_018.mp4,735,12.262250,bytetrack,407,32,sports ball,0.551525,402.876,121.511,453.624,173.729,428.000,148.000,50.748,52.218
identical_balls_trick_000_018.mp4,735,12.262250,bytetrack,399,32,sports ball,0.422946,586.716,553.475,633.157,603.031,610.000,578.000,46.440,49.555
identical_balls_trick_000_018.mp4,736,12.278933,bytetrack,407,32,sports ball,0.494056,403.107,122.932,453.842,175.119,428.000,149.000,50.735,52.187
identical_balls_trick_000_018.mp4,736,12.278933,bytetrack,399,32,sports ball,0.425500,587.556,554.927,633.655,603.881,611.000,579.000,46.099,48.954
identical_balls_trick_000_018.mp4,737,12.295617,bytetrack,407,32,sports ball,0.545761,403.716,127.368,454.205,179.247,429.000,153.000,50.488,51.879
identical_balls_trick_000_018.mp4,737,12.295617,bytetrack,399,32,sports ball,0.493563,589.261,558.748,635.566,608.046,612.000,583.000,46.305,49.299
identical_balls_trick_000_018.mp4,738,12.312300,bytetrack,407,32,sports ball,0.526499,403.873,128.957,454.281,180.718,429.000,155.000,50.408,51.761
identical_balls_trick_000_018.mp4,738,12.312300,bytetrack,399,32,sports ball,0.498420,589.836,560.027,636.209,609.517,613.000,585.000,46.374,49.490
identical_balls_trick_000_018.mp4,739,12.328983,bytetrack,407,32,sports ball,0.371730,404.566,133.634,455.092,185.373,430.000,160.000,50.525,51.739
identical_balls_trick_000_018.mp4,739,12.328983,bytetrack,399,32,sports ball,0.396743,592.959,562.423,637.102,609.158,615.000,586.000,44.143,46.735
identical_balls_trick_000_018.mp4,740,12.345667,bytetrack,407,32,sports ball,0.382216,404.800,135.301,455.383,186.964,430.000,161.000,50.583,51.663
identical_balls_trick_000_018.mp4,740,12.345667,bytetrack,399,32,sports ball,0.406976,593.963,563.115,637.440,608.824,616.000,586.000,43.478,45.709
identical_balls_trick_000_018.mp4,741,12.362350,bytetrack,407,32,sports ball,0.179552,404.819,140.630,455.382,192.181,430.000,166.000,50.564,51.552
identical_balls_trick_000_018.mp4,741,12.362350,bytetrack,399,32,sports ball,0.399183,595.356,564.783,640.111,611.692,618.000,588.000,44.755,46.909
identical_balls_trick_000_018.mp4,742,12.379033,bytetrack,407,32,sports ball,0.185959,404.790,142.532,455.416,194.065,430.000,168.000,50.626,51.533
identical_balls_trick_000_018.mp4,742,12.379033,bytetrack,399,32,sports ball,0.406712,595.846,565.311,641.024,612.513,618.000,589.000,45.178,47.202
identical_balls_trick_000_018.mp4,743,12.395717,bytetrack,407,32,sports ball,0.214484,405.469,148.283,455.759,199.320,431.000,174.000,50.290,51.036
identical_balls_trick_000_018.mp4,743,12.395717,bytetrack,399,32,sports ball,0.455500,596.529,565.341,643.032,614.088,620.000,590.000,46.503,48.747
identical_balls_trick_000_018.mp4,744,12.412400,bytetrack,407,32,sports ball,0.192943,405.684,150.357,455.875,201.154,431.000,176.000,50.192,50.797
identical_balls_trick_000_018.mp4,744,12.412400,bytetrack,399,32,sports ball,0.454481,596.796,565.288,643.684,614.580,620.000,590.000,46.887,49.292
identical_balls_trick_000_018.mp4,744,12.412400,bytetrack,409,32,sports ball,0.310154,519.851,640.100,564.491,682.477,542.000,661.000,44.640,42.377
identical_balls_trick_000_018.mp4,745,12.429083,bytetrack,407,32,sports ball,0.366385,405.985,156.253,456.189,206.925,431.000,182.000,50.204,50.672
identical_balls_trick_000_018.mp4,745,12.429083,bytetrack,399,32,sports ball,0.290426,598.396,564.690,644.667,613.204,622.000,589.000,46.270,48.515
identical_balls_trick_000_018.mp4,745,12.429083,bytetrack,409,32,sports ball,0.295326,518.565,636.291,562.773,678.224,541.000,657.000,44.208,41.933
identical_balls_trick_000_018.mp4,746,12.445767,bytetrack,407,32,sports ball,0.385314,406.049,158.339,456.324,208.953,431.000,184.000,50.275,50.613
identical_balls_trick_000_018.mp4,746,12.445767,bytetrack,399,32,sports ball,0.292222,598.913,564.366,645.015,612.590,622.000,588.000,46.102,48.224
identical_balls_trick_000_018.mp4,746,12.445767,bytetrack,409,32,sports ball,0.294056,518.122,635.024,562.224,676.808,540.000,656.000,44.102,41.784
identical_balls_trick_000_018.mp4,747,12.462450,bytetrack,407,32,sports ball,0.508914,406.042,164.385,456.811,215.428,431.000,190.000,50.769,51.042
identical_balls_trick_000_018.mp4,747,12.462450,bytetrack,399,32,sports ball,0.335949,600.804,563.035,645.831,609.969,623.000,587.000,45.026,46.934
identical_balls_trick_000_018.mp4,747,12.462450,bytetrack,409,32,sports ball,0.228325,514.988,630.855,560.170,673.633,538.000,652.000,45.182,42.778
identical_balls_trick_000_018.mp4,748,12.479133,bytetrack,407,32,sports ball,0.500497,406.005,166.535,457.006,217.751,432.000,192.000,51.001,51.216
identical_balls_trick_000_018.mp4,748,12.479133,bytetrack,399,32,sports ball,0.331544,601.413,562.459,646.126,608.919,624.000,586.000,44.713,46.460
identical_balls_trick_000_018.mp4,748,12.479133,bytetrack,409,32,sports ball,0.232338,513.975,629.572,559.485,672.627,537.000,651.000,45.509,43.055
identical_balls_trick_000_018.mp4,749,12.495817,bytetrack,407,32,sports ball,0.493833,406.751,173.366,457.457,224.070,432.000,199.000,50.706,50.704
identical_balls_trick_000_018.mp4,749,12.495817,bytetrack,399,32,sports ball,0.481711,601.952,559.466,648.358,607.741,625.000,584.000,46.406,48.275
identical_balls_trick_000_018.mp4,749,12.495817,bytetrack,409,32,sports ball,0.217086,513.350,624.399,557.148,665.722,535.000,645.000,43.798,41.323
identical_balls_trick_000_018.mp4,750,12.512500,bytetrack,407,32,sports ball,0.297981,406.743,175.542,457.750,226.403,432.000,201.000,51.008,50.860
identical_balls_trick_000_018.mp4,750,12.512500,bytetrack,399,32,sports ball,0.389616,601.768,558.119,649.451,607.926,626.000,583.000,47.683,49.807
identical_balls_trick_000_018.mp4,750,12.512500,bytetrack,409,32,sports ball,0.155463,513.347,622.829,556.438,663.350,535.000,643.000,43.091,40.521
identical_balls_trick_000_018.mp4,751,12.529183,bytetrack,407,32,sports ball,0.415732,407.157,182.825,458.272,233.769,433.000,208.000,51.115,50.944
identical_balls_trick_000_018.mp4,751,12.529183,bytetrack,399,32,sports ball,0.523321,603.053,554.394,650.171,603.568,627.000,579.000,47.118,49.174
identical_balls_trick_000_018.mp4,752,12.545867,bytetrack,407,32,sports ball,0.440090,407.298,185.489,458.432,236.415,433.000,211.000,51.134,50.926
identical_balls_trick_000_018.mp4,752,12.545867,bytetrack,399,32,sports ball,0.528308,603.491,552.927,650.406,601.852,627.000,577.000,46.915,48.925
identical_balls_trick_000_018.mp4,752,12.545867,bytetrack,409,32,sports ball,0.267592,511.513,615.011,554.440,655.213,533.000,635.000,42.927,40.202
identical_balls_trick_000_018.mp4,753,12.562550,bytetrack,399,32,sports ball,0.470805,603.438,547.740,651.947,598.705,628.000,573.000,48.509,50.965
identical_balls_trick_000_018.mp4,753,12.562550,bytetrack,409,32,sports ball,0.214784,510.752,606.101,553.024,645.368,532.000,626.000,42.273,39.268
identical_balls_trick_000_018.mp4,754,12.579233,bytetrack,399,32,sports ball,0.485664,603.499,545.822,652.400,597.548,628.000,572.000,48.900,51.726
identical_balls_trick_000_018.mp4,754,12.579233,bytetrack,409,32,sports ball,0.218658,510.424,603.091,552.647,642.007,532.000,623.000,42.223,38.916
identical_balls_trick_000_018.mp4,755,12.595917,bytetrack,399,32,sports ball,0.504923,605.129,540.300,651.679,589.465,628.000,565.000,46.549,49.165
identical_balls_trick_000_018.mp4,756,12.612600,bytetrack,399,32,sports ball,0.508245,605.706,538.201,651.347,586.345,629.000,562.000,45.641,48.144
identical_balls_trick_000_018.mp4,757,12.629283,bytetrack,399,32,sports ball,0.180775,605.174,531.458,651.655,580.616,628.000,556.000,46.481,49.158
identical_balls_trick_000_018.mp4,758,12.645967,bytetrack,399,32,sports ball,0.170394,604.798,529.047,651.912,579.053,628.000,554.000,47.114,50.006
identical_balls_trick_000_018.mp4,759,12.662650,bytetrack,399,32,sports ball,0.453415,606.627,521.971,649.670,566.796,628.000,544.000,43.042,44.825
identical_balls_trick_000_018.mp4,760,12.679333,bytetrack,399,32,sports ball,0.451059,607.226,519.362,648.801,561.898,628.000,541.000,41.575,42.537
identical_balls_trick_000_018.mp4,760,12.679333,bytetrack,407,32,sports ball,0.386172,409.931,227.524,461.323,278.927,436.000,253.000,51.392,51.403
identical_balls_trick_000_018.mp4,761,12.696017,bytetrack,399,32,sports ball,0.161321,603.584,509.135,650.931,557.622,627.000,533.000,47.347,48.487
identical_balls_trick_000_018.mp4,763,12.729383,bytetrack,407,32,sports ball,0.581883,411.181,250.826,462.510,302.241,437.000,277.000,51.329,51.415
identical_balls_trick_000_018.mp4,763,12.729383,bytetrack,399,32,sports ball,0.479301,603.377,496.876,646.301,539.620,625.000,518.000,42.924,42.743
identical_balls_trick_000_018.mp4,764,12.746067,bytetrack,412,32,sports ball,0.322290,598.010,495.193,649.582,545.634,624.000,520.000,51.572,50.441
identical_balls_trick_000_018.mp4,764,12.746067,bytetrack,407,32,sports ball,0.557787,411.357,253.682,462.631,305.104,437.000,279.000,51.274,51.421
identical_balls_trick_000_018.mp4,764,12.746067,bytetrack,399,32,sports ball,0.476991,602.891,494.591,645.495,536.031,624.000,515.000,42.603,41.441
identical_balls_trick_000_018.mp4,765,12.762750,bytetrack,412,32,sports ball,0.327144,595.461,486.014,648.894,538.310,622.000,512.000,53.432,52.296
identical_balls_trick_000_018.mp4,765,12.762750,bytetrack,407,32,sports ball,0.612863,412.401,263.880,462.829,314.287,438.000,289.000,50.428,50.407
identical_balls_trick_000_018.mp4,765,12.762750,bytetrack,399,32,sports ball,0.352654,597.835,485.768,647.094,533.737,622.000,510.000,49.259,47.969
identical_balls_trick_000_018.mp4,766,12.779433,bytetrack,412,32,sports ball,0.420775,595.256,483.127,648.012,534.767,622.000,509.000,52.756,51.640
identical_balls_trick_000_018.mp4,766,12.779433,bytetrack,407,32,sports ball,0.187322,412.676,267.465,462.997,317.647,438.000,293.000,50.321,50.182
identical_balls_trick_000_018.mp4,766,12.779433,bytetrack,399,32,sports ball,0.305528,595.737,482.598,647.993,533.686,622.000,508.000,52.256,51.088
identical_balls_trick_000_018.mp4,766,12.779433,bytetrack,413,32,sports ball,0.521935,502.148,502.469,549.474,546.982,526.000,525.000,47.325,44.513
identical_balls_trick_000_018.mp4,767,12.796117,bytetrack,407,32,sports ball,0.167304,412.902,277.338,463.810,328.228,438.000,303.000,50.909,50.890
identical_balls_trick_000_018.mp4,768,12.812800,bytetrack,,32,sports ball,0.227538,503.302,480.979,549.650,522.171,526.000,502.000,46.348,41.193
identical_balls_trick_000_018.mp4,769,12.829483,bytetrack,,32,sports ball,0.152361,413.874,294.311,463.904,345.050,439.000,320.000,50.030,50.739
identical_balls_trick_000_018.mp4,771,12.862850,bytetrack,,32,sports ball,0.248849,505.048,441.551,551.908,489.216,528.000,465.000,46.860,47.665
identical_balls_trick_000_018.mp4,772,12.879533,bytetrack,,32,sports ball,0.243962,505.003,441.609,551.919,488.993,528.000,465.000,46.916,47.384
identical_balls_trick_000_018.mp4,773,12.896217,bytetrack,407,32,sports ball,0.706564,415.598,337.060,466.972,388.780,441.000,363.000,51.374,51.721
identical_balls_trick_000_018.mp4,774,12.912900,bytetrack,407,32,sports ball,0.737312,416.443,362.983,468.280,415.468,442.000,389.000,51.837,52.486
identical_balls_trick_000_018.mp4,775,12.929583,bytetrack,,32,sports ball,0.758680,509.484,331.837,557.670,383.844,534.000,358.000,48.187,52.007
identical_balls_trick_000_018.mp4,775,12.929583,bytetrack,,32,sports ball,0.743359,418.787,406.061,469.524,459.251,444.000,433.000,50.737,53.190
identical_balls_trick_000_018.mp4,775,12.929583,bytetrack,,32,sports ball,0.595813,570.268,405.273,621.158,456.367,596.000,431.000,50.890,51.094
identical_balls_trick_000_018.mp4,776,12.946267,bytetrack,420,32,sports ball,0.708437,566.570,396.371,616.559,446.552,592.000,421.000,49.989,50.181
identical_balls_trick_000_018.mp4,777,12.962950,bytetrack,420,32,sports ball,0.636918,562.175,387.178,611.244,436.401,587.000,412.000,49.068,49.223
identical_balls_trick_000_018.mp4,778,12.979633,bytetrack,420,32,sports ball,0.521975,556.450,377.827,605.076,426.546,581.000,402.000,48.626,48.719
identical_balls_trick_000_018.mp4,779,12.996317,bytetrack,420,32,sports ball,0.708707,550.726,370.240,599.845,419.471,575.000,395.000,49.119,49.231
identical_balls_trick_000_018.mp4,780,13.013000,bytetrack,420,32,sports ball,0.648585,546.854,365.168,594.820,413.215,571.000,389.000,47.966,48.047
identical_balls_trick_000_018.mp4,781,13.029683,bytetrack,,32,sports ball,0.610095,517.833,153.670,566.441,204.234,542.000,179.000,48.608,50.565
identical_balls_trick_000_018.mp4,782,13.046367,bytetrack,,32,sports ball,0.732652,518.782,129.143,567.932,179.262,543.000,154.000,49.149,50.119
identical_balls_trick_000_018.mp4,782,13.046367,bytetrack,,32,sports ball,0.528776,402.636,615.815,449.655,661.980,426.000,639.000,47.020,46.166
identical_balls_trick_000_018.mp4,782,13.046367,bytetrack,,32,sports ball,0.159800,519.285,129.103,567.793,178.982,544.000,154.000,48.507,49.880
identical_balls_trick_000_018.mp4,783,13.063050,bytetrack,,32,sports ball,0.594928,520.795,105.895,569.647,157.275,545.000,132.000,48.852,51.380
identical_balls_trick_000_018.mp4,783,13.063050,bytetrack,,32,sports ball,0.184828,520.889,105.938,569.418,156.875,545.000,131.000,48.529,50.937
identical_balls_trick_000_018.mp4,784,13.079733,bytetrack,,32,sports ball,0.706967,521.440,84.210,571.052,136.554,546.000,110.000,49.613,52.344
identical_balls_trick_000_018.mp4,785,13.096417,bytetrack,,32,sports ball,0.441707,521.914,65.072,571.696,116.967,547.000,91.000,49.782,51.895
identical_balls_trick_000_018.mp4,786,13.113100,bytetrack,435,32,sports ball,0.664700,522.701,50.723,572.863,103.017,548.000,77.000,50.162,52.295
identical_balls_trick_000_018.mp4,787,13.129783,bytetrack,435,32,sports ball,0.497122,524.459,36.544,574.209,88.374,549.000,62.000,49.749,51.830
identical_balls_trick_000_018.mp4,788,13.146467,bytetrack,435,32,sports ball,0.628942,525.250,19.555,576.290,72.740,551.000,46.000,51.040,53.185
identical_balls_trick_000_018.mp4,789,13.163150,bytetrack,435,32,sports ball,0.455942,526.912,5.616,578.633,59.588,553.000,33.000,51.721,53.973
identical_balls_trick_000_018.mp4,790,13.179833,bytetrack,435,32,sports ball,0.731532,530.209,0.000,578.043,48.350,554.000,24.000,47.834,48.350
identical_balls_trick_000_018.mp4,790,13.179833,bytetrack,436,32,sports ball,0.480979,375.065,610.048,419.328,656.634,397.000,633.000,44.263,46.586
identical_balls_trick_000_018.mp4,791,13.196517,bytetrack,435,32,sports ball,0.405230,534.889,0.000,576.053,39.418,555.000,20.000,41.164,39.418
identical_balls_trick_000_018.mp4,792,13.213200,bytetrack,435,32,sports ball,0.531471,538.695,0.000,575.055,33.421,557.000,17.000,36.360,33.421
identical_balls_trick_000_018.mp4,793,13.229883,bytetrack,435,32,sports ball,0.734522,542.043,0.000,574.744,28.912,558.000,14.000,32.702,28.912
identical_balls_trick_000_018.mp4,794,13.246567,bytetrack,435,32,sports ball,0.716129,544.538,0.000,575.739,26.605,560.000,13.000,31.202,26.605
identical_balls_trick_000_018.mp4,795,13.263250,bytetrack,435,32,sports ball,0.811180,545.855,0.000,577.998,26.514,562.000,13.000,32.143,26.514
identical_balls_trick_000_018.mp4,796,13.279933,bytetrack,435,32,sports ball,0.619476,545.342,0.000,581.533,29.193,563.000,15.000,36.190,29.193
identical_balls_trick_000_018.mp4,796,13.279933,bytetrack,442,32,sports ball,0.723280,564.633,316.581,612.624,364.641,589.000,341.000,47.991,48.060
identical_balls_trick_000_018.mp4,797,13.296617,bytetrack,435,32,sports ball,0.737586,544.758,0.000,586.236,33.120,565.000,17.000,41.478,33.120
identical_balls_trick_000_018.mp4,797,13.296617,bytetrack,442,32,sports ball,0.664181,563.604,315.841,611.778,364.065,588.000,340.000,48.174,48.223
identical_balls_trick_000_018.mp4,798,13.313300,bytetrack,435,32,sports ball,0.699562,542.901,0.000,591.520,39.139,567.000,20.000,48.619,39.139
identical_balls_trick_000_018.mp4,798,13.313300,bytetrack,442,32,sports ball,0.839412,562.578,316.422,611.349,365.246,587.000,341.000,48.771,48.824
identical_balls_trick_000_018.mp4,799,13.329983,bytetrack,435,32,sports ball,0.762787,540.701,0.000,597.736,47.418,569.000,24.000,57.035,47.418
identical_balls_trick_000_018.mp4,799,13.329983,bytetrack,442,32,sports ball,0.880483,561.855,319.234,610.867,368.318,586.000,344.000,49.012,49.084
identical_balls_trick_000_018.mp4,800,13.346667,bytetrack,435,32,sports ball,0.789690,539.863,4.510,602.550,57.917,571.000,31.000,62.688,53.406
identical_balls_trick_000_018.mp4,800,13.346667,bytetrack,442,32,sports ball,0.759788,561.403,324.550,609.931,373.157,586.000,349.000,48.527,48.608
identical_balls_trick_000_018.mp4,801,13.363350,bytetrack,435,32,sports ball,0.671414,540.633,15.020,605.339,71.207,573.000,43.000,64.706,56.187
identical_balls_trick_000_018.mp4,801,13.363350,bytetrack,442,32,sports ball,0.679831,560.851,332.209,608.625,380.014,585.000,356.000,47.774,47.805
identical_balls_trick_000_018.mp4,802,13.380033,bytetrack,435,32,sports ball,0.840603,542.354,29.382,607.505,86.993,575.000,58.000,65.152,57.611
identical_balls_trick_000_018.mp4,802,13.380033,bytetrack,442,32,sports ball,0.672728,560.140,341.051,607.436,388.294,584.000,365.000,47.296,47.243
identical_balls_trick_000_018.mp4,803,13.396717,bytetrack,435,32,sports ball,0.788850,544.952,47.228,609.292,105.168,577.000,76.000,64.341,57.941
identical_balls_trick_000_018.mp4,803,13.396717,bytetrack,442,32,sports ball,0.650942,558.942,351.271,607.134,399.467,583.000,375.000,48.192,48.197
identical_balls_trick_000_018.mp4,804,13.413400,bytetrack,435,32,sports ball,0.848044,547.784,67.647,611.555,125.936,580.000,97.000,63.771,58.289
identical_balls_trick_000_018.mp4,804,13.413400,bytetrack,442,32,sports ball,0.626538,557.954,364.026,606.124,412.180,582.000,388.000,48.170,48.154
identical_balls_trick_000_018.mp4,805,13.430083,bytetrack,435,32,sports ball,0.781661,550.245,90.125,613.195,148.469,582.000,119.000,62.950,58.344
identical_balls_trick_000_018.mp4,805,13.430083,bytetrack,442,32,sports ball,0.640652,557.241,378.571,604.367,425.672,581.000,402.000,47.126,47.101
identical_balls_trick_000_018.mp4,806,13.446767,bytetrack,,32,sports ball,0.528763,356.566,214.485,405.380,262.280,381.000,238.000,48.814,47.795
identical_balls_trick_000_018.mp4,807,13.463450,bytetrack,,32,sports ball,0.414080,360.370,190.561,408.814,238.090,385.000,214.000,48.444,47.529
identical_balls_trick_000_018.mp4,807,13.463450,bytetrack,,32,sports ball,0.243140,553.620,418.205,601.631,465.856,578.000,442.000,48.011,47.651
identical_balls_trick_000_018.mp4,808,13.480133,bytetrack,,32,sports ball,0.374250,552.965,438.614,600.890,485.879,577.000,462.000,47.925,47.265
identical_balls_trick_000_018.mp4,809,13.496817,bytetrack,,32,sports ball,0.510271,565.857,223.014,619.077,277.320,592.000,250.000,53.220,54.306
identical_balls_trick_000_018.mp4,809,13.496817,bytetrack,,32,sports ball,0.183728,364.644,144.230,415.715,192.966,390.000,169.000,51.071,48.736
identical_balls_trick_000_018.mp4,810,13.513500,bytetrack,,32,sports ball,0.828862,568.410,259.116,622.294,314.140,595.000,287.000,53.884,55.024
identical_balls_trick_000_018.mp4,810,13.513500,bytetrack,,32,sports ball,0.797668,369.536,121.702,418.782,174.397,394.000,148.000,49.246,52.695
identical_balls_trick_000_018.mp4,810,13.513500,bytetrack,,32,sports ball,0.168635,551.022,484.219,598.130,533.191,575.000,509.000,47.108,48.971
identical_balls_trick_000_018.mp4,811,13.530183,bytetrack,460,32,sports ball,0.762715,372.237,106.810,421.472,159.492,397.000,133.000,49.235,52.682
identical_balls_trick_000_018.mp4,812,13.546867,bytetrack,460,32,sports ball,0.794074,376.520,91.631,425.281,143.758,401.000,118.000,48.761,52.127
identical_balls_trick_000_018.mp4,813,13.563550,bytetrack,460,32,sports ball,0.453303,380.861,74.405,429.834,126.663,405.000,101.000,48.973,52.258
identical_balls_trick_000_018.mp4,814,13.580233,bytetrack,460,32,sports ball,0.749448,385.195,59.930,434.569,112.554,410.000,86.000,49.374,52.624
identical_balls_trick_000_018.mp4,815,13.596917,bytetrack,460,32,sports ball,0.722953,388.964,48.314,438.684,101.200,414.000,75.000,49.720,52.886
identical_balls_trick_000_018.mp4,816,13.613600,bytetrack,460,32,sports ball,0.714804,392.991,38.965,442.982,92.113,418.000,66.000,49.991,53.148
identical_balls_trick_000_018.mp4,817,13.630283,bytetrack,460,32,sports ball,0.339098,396.651,32.014,446.905,85.329,422.000,59.000,50.254,53.315
identical_balls_trick_000_018.mp4,818,13.646967,bytetrack,460,32,sports ball,0.309230,401.209,27.326,451.405,80.511,426.000,54.000,50.196,53.184
identical_balls_trick_000_018.mp4,819,13.663650,bytetrack,460,32,sports ball,0.632877,405.048,24.352,455.404,77.539,430.000,51.000,50.356,53.188
identical_balls_trick_000_018.mp4,819,13.663650,bytetrack,471,32,sports ball,0.481037,557.516,605.068,602.155,651.212,580.000,628.000,44.639,46.145
identical_balls_trick_000_018.mp4,820,13.680333,bytetrack,460,32,sports ball,0.624309,408.879,23.730,459.269,76.827,434.000,50.000,50.390,53.098
identical_balls_trick_000_018.mp4,820,13.680333,bytetrack,471,32,sports ball,0.564025,559.329,610.314,604.773,657.276,582.000,634.000,45.444,46.962
identical_balls_trick_000_018.mp4,821,13.697017,bytetrack,460,32,sports ball,0.666784,412.818,25.195,463.530,78.582,438.000,52.000,50.712,53.387
identical_balls_trick_000_018.mp4,821,13.697017,bytetrack,471,32,sports ball,0.371592,560.072,615.974,606.742,664.224,583.000,640.000,46.671,48.250
identical_balls_trick_000_018.mp4,822,13.713700,bytetrack,460,32,sports ball,0.687572,417.154,28.976,467.980,82.382,443.000,56.000,50.826,53.406
identical_balls_trick_000_018.mp4,822,13.713700,bytetrack,471,32,sports ball,0.296280,559.827,621.953,605.044,668.586,582.000,645.000,45.217,46.634
identical_balls_trick_000_018.mp4,822,13.713700,bytetrack,474,32,sports ball,0.530352,646.458,553.411,692.127,603.077,669.000,578.000,45.669,49.666
identical_balls_trick_000_018.mp4,823,13.730383,bytetrack,471,32,sports ball,0.458168,558.982,624.985,602.116,669.129,581.000,647.000,43.134,44.143
identical_balls_trick_000_018.mp4,823,13.730383,bytetrack,474,32,sports ball,0.486332,651.232,559.192,692.680,604.013,672.000,582.000,41.448,44.822
identical_balls_trick_000_018.mp4,824,13.747067,bytetrack,474,32,sports ball,0.405497,654.992,560.812,694.864,603.602,675.000,582.000,39.872,42.791
identical_balls_trick_000_018.mp4,825,13.763750,bytetrack,,32,sports ball,0.470098,428.037,59.663,480.419,113.083,454.000,86.000,52.382,53.420
identical_balls_trick_000_018.mp4,825,13.763750,bytetrack,,32,sports ball,0.354343,556.528,610.404,603.856,652.543,580.000,631.000,47.328,42.139
identical_balls_trick_000_018.mp4,825,13.763750,bytetrack,,32,sports ball,0.324950,651.281,554.573,702.940,599.810,677.000,577.000,51.659,45.238
identical_balls_trick_000_018.mp4,826,13.780433,bytetrack,,32,sports ball,0.584602,556.396,594.934,604.054,637.428,580.000,616.000,47.658,42.494
identical_balls_trick_000_018.mp4,826,13.780433,bytetrack,,32,sports ball,0.554317,433.948,73.247,484.064,126.571,459.000,100.000,50.115,53.325
identical_balls_trick_000_018.mp4,826,13.780433,bytetrack,,32,sports ball,0.295888,652.477,544.345,704.019,589.459,678.000,567.000,51.542,45.114
identical_balls_trick_000_018.mp4,827,13.797117,bytetrack,,32,sports ball,0.402351,437.222,88.667,488.210,140.889,463.000,115.000,50.988,52.223
identical_balls_trick_000_018.mp4,827,13.797117,bytetrack,,32,sports ball,0.292785,655.056,529.360,704.504,569.057,680.000,549.000,49.448,39.696
identical_balls_trick_000_018.mp4,827,13.797117,bytetrack,,32,sports ball,0.284532,556.218,573.419,603.620,612.657,580.000,593.000,47.402,39.238
identical_balls_trick_000_018.mp4,828,13.813800,bytetrack,442,32,sports ball,0.662238,558.896,545.274,598.088,581.632,578.000,563.000,39.192,36.358
identical_balls_trick_000_018.mp4,829,13.830483,bytetrack,,32,sports ball,0.614540,445.588,124.154,496.010,176.937,471.000,151.000,50.422,52.784
identical_balls_trick_000_018.mp4,829,13.830483,bytetrack,,32,sports ball,0.213319,553.209,510.269,600.399,556.773,577.000,534.000,47.191,46.503
identical_balls_trick_000_018.mp4,829,13.830483,bytetrack,,32,sports ball,0.192216,656.850,490.780,704.965,530.366,681.000,511.000,48.115,39.586
identical_balls_trick_000_018.mp4,830,13.847167,bytetrack,,32,sports ball,0.493808,449.822,145.926,499.811,198.332,475.000,172.000,49.989,52.406
identical_balls_trick_000_018.mp4,830,13.847167,bytetrack,,32,sports ball,0.243985,552.028,469.225,601.796,517.153,577.000,493.000,49.768,47.928
identical_balls_trick_000_018.mp4,831,13.863850,bytetrack,,32,sports ball,0.703115,453.508,170.565,503.812,222.536,479.000,197.000,50.304,51.970
identical_balls_trick_000_018.mp4,832,13.880533,bytetrack,,32,sports ball,0.394870,457.833,195.338,507.173,248.229,483.000,222.000,49.341,52.891
identical_balls_trick_000_018.mp4,833,13.897217,bytetrack,,32,sports ball,0.601273,461.603,224.766,512.305,275.503,487.000,250.000,50.703,50.737
identical_balls_trick_000_018.mp4,834,13.913900,bytetrack,,32,sports ball,0.839481,466.830,253.609,516.023,305.131,491.000,279.000,49.193,51.522
identical_balls_trick_000_018.mp4,834,13.913900,bytetrack,,32,sports ball,0.799528,558.253,311.967,608.845,367.615,584.000,340.000,50.592,55.648
identical_balls_trick_000_018.mp4,834,13.913900,bytetrack,,32,sports ball,0.199999,634.395,397.392,685.346,448.399,660.000,423.000,50.951,51.007
identical_balls_trick_000_018.mp4,835,13.930583,bytetrack,,32,sports ball,0.842859,559.128,279.095,609.599,331.885,584.000,305.000,50.471,52.790
identical_balls_trick_000_018.mp4,835,13.930583,bytetrack,,32,sports ball,0.687098,471.268,286.703,520.784,336.992,496.000,312.000,49.517,50.289
identical_balls_trick_000_018.mp4,835,13.930583,bytetrack,,32,sports ball,0.188094,630.199,384.860,681.507,436.092,656.000,410.000,51.308,51.232
identical_balls_trick_000_018.mp4,837,13.963950,bytetrack,,32,sports ball,0.292191,478.988,353.364,527.583,408.108,503.000,381.000,48.595,54.744
identical_balls_trick_000_018.mp4,837,13.963950,bytetrack,,32,sports ball,0.226355,561.448,215.244,611.205,265.932,586.000,241.000,49.757,50.688
identical_balls_trick_000_018.mp4,838,13.980633,bytetrack,,32,sports ball,0.610941,483.886,393.420,532.347,444.128,508.000,419.000,48.461,50.708
identical_balls_trick_000_018.mp4,838,13.980633,bytetrack,,32,sports ball,0.334676,562.752,185.251,612.751,235.479,588.000,210.000,49.999,50.229
identical_balls_trick_000_018.mp4,838,13.980633,bytetrack,,32,sports ball,0.269291,619.517,360.297,671.589,411.912,646.000,386.000,52.072,51.615
identical_balls_trick_000_018.mp4,839,13.997317,bytetrack,501,32,sports ball,0.442450,616.971,357.264,669.360,409.209,643.000,383.000,52.388,51.945
identical_balls_trick_000_018.mp4,840,14.014000,bytetrack,,32,sports ball,0.170642,564.314,129.511,613.052,181.306,589.000,155.000,48.738,51.795
identical_balls_trick_000_018.mp4,841,14.030683,bytetrack,,32,sports ball,0.155782,563.822,104.836,614.165,156.508,589.000,131.000,50.343,51.672
identical_balls_trick_000_018.mp4,842,14.047367,bytetrack,,32,sports ball,0.417385,563.948,81.349,614.456,133.944,589.000,108.000,50.508,52.595
identical_balls_trick_000_018.mp4,843,14.064050,bytetrack,,32,sports ball,0.528759,563.977,59.814,614.773,113.648,589.000,87.000,50.796,53.835
identical_balls_trick_000_018.mp4,844,14.080733,bytetrack,505,32,sports ball,0.642537,564.171,45.134,614.755,98.742,589.000,72.000,50.583,53.608
identical_balls_trick_000_018.mp4,845,14.097417,bytetrack,,32,sports ball,0.241589,564.152,23.652,614.971,77.993,590.000,51.000,50.818,54.341
identical_balls_trick_000_018.mp4,847,14.130783,bytetrack,,32,sports ball,0.504613,564.452,0.839,615.438,49.060,590.000,25.000,50.986,48.220
identical_balls_trick_000_018.mp4,848,14.147467,bytetrack,,32,sports ball,0.373158,564.510,0.000,615.517,37.618,590.000,19.000,51.007,37.618
identical_balls_trick_000_018.mp4,848,14.147467,bytetrack,,32,sports ball,0.168778,626.284,345.408,678.940,384.851,653.000,365.000,52.656,39.443
identical_balls_trick_000_018.mp4,849,14.164150,bytetrack,507,32,sports ball,0.776293,569.241,0.000,610.629,30.433,590.000,15.000,41.388,30.433
identical_balls_trick_000_018.mp4,850,14.180833,bytetrack,507,32,sports ball,0.626414,574.653,0.000,606.262,22.963,590.000,11.000,31.609,22.963
identical_balls_trick_000_018.mp4,851,14.197517,bytetrack,507,32,sports ball,0.486054,578.404,0.000,602.505,17.043,590.000,9.000,24.101,17.043
identical_balls_trick_000_018.mp4,852,14.214200,bytetrack,,32,sports ball,0.204515,568.867,0.000,612.863,13.491,591.000,7.000,43.996,13.491
identical_balls_trick_000_018.mp4,853,14.230883,bytetrack,,32,sports ball,0.333519,568.845,0.000,613.070,13.310,591.000,7.000,44.226,13.310
identical_balls_trick_000_018.mp4,853,14.230883,bytetrack,,32,sports ball,0.290973,438.065,523.842,483.990,569.621,461.000,547.000,45.925,45.779
identical_balls_trick_000_018.mp4,854,14.247567,bytetrack,508,32,sports ball,0.601140,567.380,0.000,614.876,14.306,591.000,7.000,47.496,14.306
identical_balls_trick_000_018.mp4,855,14.264250,bytetrack,508,32,sports ball,0.574671,564.015,0.000,620.168,16.975,592.000,8.000,56.154,16.975
identical_balls_trick_000_018.mp4,856,14.280933,bytetrack,508,32,sports ball,0.769459,556.170,0.000,628.737,22.172,592.000,11.000,72.567,22.172
identical_balls_trick_000_018.mp4,857,14.297617,bytetrack,508,32,sports ball,0.781037,545.739,0.000,639.259,29.123,592.000,15.000,93.520,29.123
identical_balls_trick_000_018.mp4,857,14.297617,bytetrack,515,32,sports ball,0.670291,638.115,323.903,688.182,373.907,663.000,349.000,50.067,50.004
identical_balls_trick_000_018.mp4,858,14.314300,bytetrack,508,32,sports ball,0.602702,533.879,0.398,651.530,38.075,593.000,19.000,117.651,37.678
identical_balls_trick_000_018.mp4,858,14.314300,bytetrack,515,32,sports ball,0.651784,638.923,330.073,689.042,380.140,664.000,355.000,50.119,50.067
identical_balls_trick_000_018.mp4,859,14.330983,bytetrack,508,32,sports ball,0.798141,520.040,0.928,665.658,49.278,593.000,25.000,145.618,48.350
identical_balls_trick_000_018.mp4,859,14.330983,bytetrack,515,32,sports ball,0.756109,640.397,339.375,690.130,389.049,665.000,364.000,49.732,49.674
identical_balls_trick_000_018.mp4,860,14.347667,bytetrack,515,32,sports ball,0.547727,642.134,350.487,690.496,398.719,666.000,375.000,48.362,48.232
identical_balls_trick_000_018.mp4,861,14.364350,bytetrack,505,32,sports ball,0.654548,566.727,29.224,621.256,87.242,594.000,58.000,54.530,58.018
identical_balls_trick_000_018.mp4,862,14.381033,bytetrack,505,32,sports ball,0.796039,567.838,42.047,622.003,99.732,595.000,71.000,54.165,57.685
identical_balls_trick_000_018.mp4,863,14.397717,bytetrack,505,32,sports ball,0.776608,568.676,61.038,622.622,118.420,596.000,90.000,53.947,57.382
identical_balls_trick_000_018.mp4,864,14.414400,bytetrack,,32,sports ball,0.555385,645.667,416.406,692.298,464.288,669.000,440.000,46.631,47.882
identical_balls_trick_000_018.mp4,864,14.414400,bytetrack,,32,sports ball,0.493349,569.614,95.405,623.527,150.986,597.000,123.000,53.913,55.581
identical_balls_trick_000_018.mp4,864,14.414400,bytetrack,,32,sports ball,0.348040,426.445,252.047,475.147,302.658,451.000,277.000,48.702,50.611
identical_balls_trick_000_018.mp4,865,14.431083,bytetrack,524,32,sports ball,0.733161,645.768,432.184,692.506,480.175,669.000,456.000,46.738,47.991
identical_balls_trick_000_018.mp4,866,14.447767,bytetrack,,32,sports ball,0.694150,426.182,213.127,475.101,263.313,451.000,238.000,48.919,50.186
identical_balls_trick_000_018.mp4,866,14.447767,bytetrack,,32,sports ball,0.345260,570.730,151.078,624.745,206.262,598.000,179.000,54.015,55.184
identical_balls_trick_000_018.mp4,867,14.464450,bytetrack,,32,sports ball,0.278608,426.325,195.496,474.731,246.730,451.000,221.000,48.406,51.233
identical_balls_trick_000_018.mp4,867,14.464450,bytetrack,,32,sports ball,0.180736,426.389,195.154,474.943,246.678,451.000,221.000,48.553,51.524
identical_balls_trick_000_018.mp4,867,14.464450,bytetrack,,32,sports ball,0.154347,645.835,480.406,693.185,529.356,670.000,505.000,47.350,48.950
identical_balls_trick_000_018.mp4,868,14.481133,bytetrack,,32,sports ball,0.518157,572.816,215.418,627.314,269.752,600.000,243.000,54.497,54.333
identical_balls_trick_000_018.mp4,868,14.481133,bytetrack,,32,sports ball,0.360405,426.162,180.708,474.821,232.034,450.000,206.000,48.659,51.327
identical_balls_trick_000_018.mp4,869,14.497817,bytetrack,,32,sports ball,0.794455,574.179,251.795,628.331,304.876,601.000,278.000,54.152,53.080
identical_balls_trick_000_018.mp4,869,14.497817,bytetrack,,32,sports ball,0.495617,426.539,168.554,476.077,218.520,451.000,194.000,49.538,49.967
identical_balls_trick_000_018.mp4,870,14.514500,bytetrack,534,32,sports ball,0.561106,426.395,159.167,476.839,210.058,452.000,185.000,50.445,50.891
identical_balls_trick_000_018.mp4,871,14.531183,bytetrack,534,32,sports ball,0.419834,426.979,150.073,477.865,201.442,452.000,176.000,50.886,51.369
identical_balls_trick_000_018.mp4,872,14.547867,bytetrack,534,32,sports ball,0.438184,427.236,141.659,478.452,193.357,453.000,168.000,51.216,51.698
identical_balls_trick_000_018.mp4,873,14.564550,bytetrack,534,32,sports ball,0.554410,428.215,135.300,479.585,187.159,454.000,161.000,51.370,51.858
identical_balls_trick_000_018.mp4,874,14.581233,bytetrack,534,32,sports ball,0.584466,428.468,130.989,480.163,183.185,454.000,157.000,51.695,52.196
identical_balls_trick_000_018.mp4,875,14.597917,bytetrack,534,32,sports ball,0.597854,429.343,128.898,481.217,181.343,455.000,155.000,51.874,52.445
identical_balls_trick_000_018.mp4,876,14.614600,bytetrack,534,32,sports ball,0.570852,430.091,128.879,482.160,181.590,456.000,155.000,52.069,52.711
identical_balls_trick_000_018.mp4,877,14.631283,bytetrack,534,32,sports ball,0.466578,431.325,131.483,482.928,183.766,457.000,158.000,51.603,52.282
identical_balls_trick_000_018.mp4,878,14.647967,bytetrack,,32,sports ball,0.293151,432.898,139.129,483.733,191.788,458.000,165.000,50.835,52.659
identical_balls_trick_000_018.mp4,878,14.647967,bytetrack,,32,sports ball,0.164263,624.211,662.658,668.069,705.451,646.000,684.000,43.858,42.794
identical_balls_trick_000_018.mp4,879,14.664650,bytetrack,534,32,sports ball,0.529024,433.495,141.926,485.090,194.269,459.000,168.000,51.596,52.343
identical_balls_trick_000_018.mp4,880,14.681333,bytetrack,534,32,sports ball,0.444875,435.033,150.976,486.421,203.174,461.000,177.000,51.388,52.198
identical_balls_trick_000_018.mp4,881,14.698017,bytetrack,534,32,sports ball,0.573332,436.745,161.719,487.995,213.710,462.000,188.000,51.250,51.992
identical_balls_trick_000_018.mp4,882,14.714700,bytetrack,,32,sports ball,0.157930,594.416,638.233,642.191,679.848,618.000,659.000,47.776,41.615
identical_balls_trick_000_018.mp4,883,14.731383,bytetrack,,32,sports ball,0.366584,440.041,195.403,491.307,247.654,466.000,222.000,51.266,52.251
identical_balls_trick_000_018.mp4,883,14.731383,bytetrack,,32,sports ball,0.248247,656.502,550.210,703.979,602.512,680.000,576.000,47.477,52.302
identical_balls_trick_000_018.mp4,883,14.731383,bytetrack,,32,sports ball,0.175617,589.454,618.041,636.412,657.113,613.000,638.000,46.958,39.072
identical_balls_trick_000_018.mp4,884,14.748067,bytetrack,515,32,sports ball,0.461196,655.032,528.974,706.443,581.070,681.000,555.000,51.411,52.096
identical_balls_trick_000_018.mp4,885,14.764750,bytetrack,,32,sports ball,0.461344,651.830,504.032,704.300,556.631,678.000,530.000,52.470,52.599
identical_balls_trick_000_018.mp4,885,14.764750,bytetrack,,32,sports ball,0.294114,442.320,233.070,494.061,284.709,468.000,259.000,51.741,51.639
identical_balls_trick_000_018.mp4,885,14.764750,bytetrack,,32,sports ball,0.156160,577.601,559.269,625.266,595.166,601.000,577.000,47.665,35.897
identical_balls_trick_000_018.mp4,886,14.781433,bytetrack,,32,sports ball,0.766820,444.111,255.259,495.510,306.562,470.000,281.000,51.400,51.303
identical_balls_trick_000_018.mp4,886,14.781433,bytetrack,,32,sports ball,0.162563,649.650,480.193,701.320,530.981,675.000,506.000,51.670,50.788
identical_balls_trick_000_018.mp4,887,14.798117,bytetrack,,32,sports ball,0.213301,446.786,279.263,496.039,329.871,471.000,305.000,49.253,50.607
identical_balls_trick_000_018.mp4,888,14.814800,bytetrack,524,32,sports ball,0.455420,639.728,434.326,690.383,486.071,665.000,460.000,50.655,51.746
identical_balls_trick_000_018.mp4,889,14.831483,bytetrack,,32,sports ball,0.703494,564.082,404.611,612.344,452.169,588.000,428.000,48.262,47.557
identical_balls_trick_000_018.mp4,889,14.831483,bytetrack,,32,sports ball,0.560079,449.498,332.844,499.385,384.182,474.000,359.000,49.888,51.337
identical_balls_trick_000_018.mp4,890,14.848167,bytetrack,,32,sports ball,0.678478,450.794,362.662,500.763,413.989,476.000,388.000,49.969,51.328
identical_balls_trick_000_018.mp4,890,14.848167,bytetrack,,32,sports ball,0.542698,561.668,369.604,609.750,420.296,586.000,395.000,48.082,50.693
identical_balls_trick_000_018.mp4,890,14.848167,bytetrack,,32,sports ball,0.503979,629.738,398.162,680.603,449.186,655.000,424.000,50.866,51.024
identical_balls_trick_000_018.mp4,890,14.848167,bytetrack,,32,sports ball,0.363643,562.348,370.097,609.191,420.510,586.000,395.000,46.843,50.413
identical_balls_trick_000_018.mp4,891,14.864850,bytetrack,,32,sports ball,0.534840,557.904,336.871,605.972,387.179,582.000,362.000,48.068,50.308
identical_balls_trick_000_018.mp4,891,14.864850,bytetrack,,32,sports ball,0.374673,452.949,395.067,501.717,445.065,477.000,420.000,48.768,49.999
identical_balls_trick_000_018.mp4,891,14.864850,bytetrack,,32,sports ball,0.254245,625.557,382.581,676.135,433.524,651.000,408.000,50.578,50.944
identical_balls_trick_000_018.mp4,891,14.864850,bytetrack,,32,sports ball,0.231670,452.672,394.348,501.903,445.330,477.000,420.000,49.231,50.982
identical_balls_trick_000_018.mp4,892,14.881533,bytetrack,558,32,sports ball,0.682020,622.079,371.555,672.567,422.409,647.000,397.000,50.488,50.854
identical_balls_trick_000_018.mp4,893,14.898217,bytetrack,558,32,sports ball,0.514080,617.962,360.378,668.358,411.143,643.000,386.000,50.396,50.764
identical_balls_trick_000_018.mp4,894,14.914900,bytetrack,558,32,sports ball,0.674625,613.864,349.351,663.912,399.760,639.000,375.000,50.049,50.410
identical_balls_trick_000_018.mp4,895,14.931583,bytetrack,558,32,sports ball,0.371728,610.694,341.317,659.644,390.590,635.000,366.000,48.950,49.273
identical_balls_trick_000_018.mp4,896,14.948267,bytetrack,558,32,sports ball,0.276093,612.450,336.119,659.555,383.564,636.000,360.000,47.106,47.445
identical_balls_trick_000_018.mp4,897,14.964950,bytetrack,,32,sports ball,0.605152,531.072,170.547,580.740,221.607,556.000,196.000,49.668,51.060
identical_balls_trick_000_018.mp4,897,14.964950,bytetrack,,32,sports ball,0.309842,446.238,593.089,493.689,641.524,470.000,617.000,47.451,48.435
identical_balls_trick_000_018.mp4,898,14.981633,bytetrack,,32,sports ball,0.507762,525.754,148.265,576.084,199.220,551.000,174.000,50.329,50.955
identical_balls_trick_000_018.mp4,898,14.981633,bytetrack,,32,sports ball,0.398978,438.334,600.079,484.237,648.908,461.000,624.000,45.903,48.829
identical_balls_trick_000_018.mp4,898,14.981633,bytetrack,,32,sports ball,0.260475,621.955,333.332,669.408,372.030,646.000,353.000,47.453,38.698
identical_balls_trick_000_018.mp4,899,14.998317,bytetrack,,32,sports ball,0.791036,521.241,128.429,570.952,179.039,546.000,154.000,49.711,50.610
identical_balls_trick_000_018.mp4,899,14.998317,bytetrack,,32,sports ball,0.209949,425.540,606.572,473.339,655.334,449.000,631.000,47.799,48.762
identical_balls_trick_000_018.mp4,900,15.015000,bytetrack,,32,sports ball,0.663159,515.631,108.548,565.313,160.530,540.000,135.000,49.682,51.982
identical_balls_trick_000_018.mp4,900,15.015000,bytetrack,,32,sports ball,0.236488,415.731,610.144,464.373,660.474,440.000,635.000,48.642,50.330
identical_balls_trick_000_018.mp4,901,15.031683,bytetrack,,32,sports ball,0.497713,408.756,613.834,454.872,662.578,432.000,638.000,46.116,48.744
identical_balls_trick_000_018.mp4,901,15.031683,bytetrack,,32,sports ball,0.492544,511.038,91.206,560.055,144.058,536.000,118.000,49.017,52.852
identical_balls_trick_000_018.mp4,902,15.048367,bytetrack,,32,sports ball,0.226865,505.173,76.730,555.571,129.591,530.000,103.000,50.398,52.862
identical_balls_trick_000_018.mp4,902,15.048367,bytetrack,,32,sports ball,0.163832,402.886,613.983,448.222,663.509,426.000,639.000,45.337,49.526
identical_balls_trick_000_018.mp4,903,15.065050,bytetrack,,32,sports ball,0.373091,396.929,611.919,442.651,660.727,420.000,636.000,45.722,48.808
identical_balls_trick_000_018.mp4,903,15.065050,bytetrack,,32,sports ball,0.224043,500.267,64.605,549.993,116.431,525.000,91.000,49.726,51.826
identical_balls_trick_000_018.mp4,903,15.065050,bytetrack,,32,sports ball,0.185760,600.194,315.093,647.541,355.649,624.000,335.000,47.347,40.556
identical_balls_trick_000_018.mp4,904,15.081733,bytetrack,,32,sports ball,0.361724,495.406,52.567,545.595,106.029,521.000,79.000,50.188,53.462
identical_balls_trick_000_018.mp4,904,15.081733,bytetrack,,32,sports ball,0.246517,391.274,610.009,436.168,657.867,414.000,634.000,44.894,47.858
identical_balls_trick_000_018.mp4,905,15.098417,bytetrack,577,32,sports ball,0.605884,491.178,45.346,541.084,98.494,516.000,72.000,49.905,53.148
identical_balls_trick_000_018.mp4,906,15.115100,bytetrack,577,32,sports ball,0.664585,486.166,37.761,537.154,92.059,512.000,65.000,50.988,54.298
identical_balls_trick_000_018.mp4,907,15.131783,bytetrack,577,32,sports ball,0.560254,481.733,32.119,532.226,85.887,507.000,59.000,50.493,53.767
identical_balls_trick_000_018.mp4,908,15.148467,bytetrack,577,32,sports ball,0.536443,476.087,27.748,527.039,81.953,502.000,55.000,50.952,54.205
identical_balls_trick_000_018.mp4,909,15.165150,bytetrack,577,32,sports ball,0.667400,470.753,26.094,522.044,80.617,496.000,53.000,51.291,54.523
identical_balls_trick_000_018.mp4,910,15.181833,bytetrack,577,32,sports ball,0.726662,466.016,26.584,517.586,81.449,492.000,54.000,51.570,54.865
identical_balls_trick_000_018.mp4,911,15.198517,bytetrack,577,32,sports ball,0.703120,460.975,29.998,512.595,84.817,487.000,57.000,51.619,54.819
identical_balls_trick_000_018.mp4,911,15.198517,bytetrack,580,32,sports ball,0.778975,579.649,289.211,629.189,338.614,604.000,314.000,49.540,49.402
identical_balls_trick_000_018.mp4,912,15.215200,bytetrack,577,32,sports ball,0.817316,456.589,35.008,508.273,89.888,482.000,62.000,51.684,54.880
identical_balls_trick_000_018.mp4,912,15.215200,bytetrack,580,32,sports ball,0.878536,577.008,290.669,625.860,339.382,601.000,315.000,48.852,48.713
identical_balls_trick_000_018.mp4,913,15.231883,bytetrack,577,32,sports ball,0.902499,452.575,42.478,504.509,97.548,479.000,70.000,51.934,55.070
identical_balls_trick_000_018.mp4,913,15.231883,bytetrack,580,32,sports ball,0.840791,573.775,294.641,622.225,342.961,598.000,319.000,48.451,48.321
identical_balls_trick_000_018.mp4,914,15.248567,bytetrack,577,32,sports ball,0.877105,448.548,52.414,500.077,107.114,474.000,80.000,51.529,54.701
identical_balls_trick_000_018.mp4,914,15.248567,bytetrack,580,32,sports ball,0.871035,570.321,298.993,618.669,347.208,594.000,323.000,48.348,48.215
identical_balls_trick_000_018.mp4,915,15.265250,bytetrack,577,32,sports ball,0.838469,443.449,64.139,495.976,119.964,470.000,92.000,52.527,55.825
identical_balls_trick_000_018.mp4,915,15.265250,bytetrack,580,32,sports ball,0.825998,566.244,305.068,614.795,353.513,591.000,329.000,48.551,48.445
identical_balls_trick_000_018.mp4,916,15.281933,bytetrack,577,32,sports ball,0.799861,439.996,79.141,491.837,134.195,466.000,107.000,51.841,55.054
identical_balls_trick_000_018.mp4,916,15.281933,bytetrack,580,32,sports ball,0.819381,562.641,313.031,611.102,361.404,587.000,337.000,48.461,48.373
identical_balls_trick_000_018.mp4,917,15.298617,bytetrack,577,32,sports ball,0.689143,436.417,96.167,488.030,150.896,462.000,124.000,51.613,54.728
identical_balls_trick_000_018.mp4,917,15.298617,bytetrack,580,32,sports ball,0.789913,559.468,323.015,606.521,369.866,583.000,346.000,47.053,46.852
identical_balls_trick_000_018.mp4,918,15.315300,bytetrack,577,32,sports ball,0.821803,432.906,115.875,484.093,170.144,458.000,143.000,51.187,54.269
identical_balls_trick_000_018.mp4,918,15.315300,bytetrack,580,32,sports ball,0.693160,555.287,334.293,602.507,381.257,579.000,358.000,47.220,46.964
identical_balls_trick_000_018.mp4,919,15.331983,bytetrack,577,32,sports ball,0.756110,428.950,137.714,480.121,191.926,455.000,165.000,51.170,54.212
identical_balls_trick_000_018.mp4,919,15.331983,bytetrack,580,32,sports ball,0.702197,551.611,347.052,599.082,394.329,575.000,371.000,47.471,47.277
identical_balls_trick_000_018.mp4,920,15.348667,bytetrack,577,32,sports ball,0.664319,425.945,162.119,476.837,215.887,451.000,189.000,50.892,53.768
identical_balls_trick_000_018.mp4,920,15.348667,bytetrack,580,32,sports ball,0.510653,548.391,361.108,595.883,408.431,572.000,385.000,47.492,47.323
identical_balls_trick_000_018.mp4,921,15.365350,bytetrack,,32,sports ball,0.390135,336.993,240.701,386.155,288.133,362.000,264.000,49.161,47.432
identical_balls_trick_000_018.mp4,921,15.365350,bytetrack,,32,sports ball,0.249726,420.927,194.815,473.484,250.262,447.000,223.000,52.557,55.447
identical_balls_trick_000_018.mp4,923,15.398717,bytetrack,,32,sports ball,0.810938,539.695,421.846,585.945,467.809,563.000,445.000,46.250,45.963
identical_balls_trick_000_018.mp4,923,15.398717,bytetrack,,32,sports ball,0.590928,412.739,257.054,465.051,310.128,439.000,284.000,52.311,53.074
identical_balls_trick_000_018.mp4,923,15.398717,bytetrack,,32,sports ball,0.420018,344.539,194.143,392.199,241.289,368.000,218.000,47.660,47.146
identical_balls_trick_000_018.mp4,924,15.415400,bytetrack,,32,sports ball,0.686118,346.616,175.169,395.250,221.012,371.000,198.000,48.634,45.843
identical_balls_trick_000_018.mp4,924,15.415400,bytetrack,,32,sports ball,0.598433,538.024,443.397,583.700,489.041,561.000,466.000,45.676,45.644
identical_balls_trick_000_018.mp4,924,15.415400,bytetrack,,32,sports ball,0.343967,409.465,289.658,462.692,343.537,436.000,317.000,53.227,53.879
identical_balls_trick_000_018.mp4,925,15.432083,bytetrack,,32,sports ball,0.539515,350.673,155.317,398.949,204.461,375.000,180.000,48.276,49.144
identical_balls_trick_000_018.mp4,925,15.432083,bytetrack,,32,sports ball,0.324371,536.399,465.370,580.829,512.813,559.000,489.000,44.430,47.443
identical_balls_trick_000_018.mp4,925,15.432083,bytetrack,,32,sports ball,0.151356,406.417,323.757,458.230,377.825,432.000,351.000,51.813,54.068
identical_balls_trick_000_018.mp4,926,15.448767,bytetrack,,32,sports ball,0.523665,400.914,353.576,451.960,409.080,426.000,381.000,51.046,55.505
identical_balls_trick_000_018.mp4,926,15.448767,bytetrack,,32,sports ball,0.292838,532.696,490.179,578.182,538.516,555.000,514.000,45.486,48.337
identical_balls_trick_000_018.mp4,926,15.448767,bytetrack,,32,sports ball,0.230288,353.438,139.040,401.790,186.898,378.000,163.000,48.352,47.858
identical_balls_trick_000_018.mp4,927,15.465450,bytetrack,,32,sports ball,0.675187,356.569,123.603,404.904,172.657,381.000,148.000,48.336,49.054
identical_balls_trick_000_018.mp4,927,15.465450,bytetrack,,32,sports ball,0.282731,405.742,375.957,452.747,426.418,429.000,401.000,47.005,50.461
identical_balls_trick_000_018.mp4,927,15.465450,bytetrack,,32,sports ball,0.252134,406.288,375.876,452.261,425.916,429.000,401.000,45.973,50.041
identical_balls_trick_000_018.mp4,928,15.482133,bytetrack,,32,sports ball,0.731304,417.736,391.035,460.383,440.536,439.000,416.000,42.647,49.501
identical_balls_trick_000_018.mp4,928,15.482133,bytetrack,,32,sports ball,0.563252,360.290,111.126,409.018,160.814,385.000,136.000,48.728,49.688
identical_balls_trick_000_018.mp4,928,15.482133,bytetrack,,32,sports ball,0.230424,535.884,527.410,579.536,571.374,558.000,549.000,43.652,43.963
identical_balls_trick_000_018.mp4,929,15.498817,bytetrack,,32,sports ball,0.450218,364.045,99.206,412.468,148.853,388.000,124.000,48.424,49.647
identical_balls_trick_000_018.mp4,929,15.498817,bytetrack,,32,sports ball,0.373582,429.159,403.823,474.881,454.389,452.000,429.000,45.721,50.567
identical_balls_trick_000_018.mp4,929,15.498817,bytetrack,,32,sports ball,0.167836,539.887,532.593,577.824,576.849,559.000,555.000,37.937,44.257
identical_balls_trick_000_018.mp4,930,15.515500,bytetrack,608,32,sports ball,0.839711,368.150,92.359,416.339,141.767,392.000,117.000,48.189,49.408
identical_balls_trick_000_018.mp4,931,15.532183,bytetrack,608,32,sports ball,0.449658,371.611,85.226,420.201,135.039,396.000,110.000,48.591,49.813
identical_balls_trick_000_018.mp4,932,15.548867,bytetrack,608,32,sports ball,0.521211,376.570,79.804,424.815,129.223,401.000,105.000,48.245,49.419
identical_balls_trick_000_018.mp4,933,15.565550,bytetrack,608,32,sports ball,0.154282,381.229,75.704,430.004,125.625,406.000,101.000,48.775,49.922
identical_balls_trick_000_018.mp4,934,15.582233,bytetrack,608,32,sports ball,0.598942,385.757,74.313,434.650,124.363,410.000,99.000,48.893,50.049
identical_balls_trick_000_018.mp4,935,15.598917,bytetrack,608,32,sports ball,0.391856,390.089,74.660,438.954,124.693,415.000,100.000,48.865,50.033
identical_balls_trick_000_018.mp4,936,15.615600,bytetrack,608,32,sports ball,0.154156,394.413,77.381,443.201,127.322,419.000,102.000,48.788,49.940
identical_balls_trick_000_018.mp4,937,15.632283,bytetrack,,32,sports ball,0.174228,525.855,576.149,570.143,621.427,548.000,599.000,44.289,45.278
identical_balls_trick_000_018.mp4,939,15.665650,bytetrack,,32,sports ball,0.646969,647.570,536.951,694.081,574.938,671.000,556.000,46.511,37.987
identical_balls_trick_000_018.mp4,939,15.665650,bytetrack,,32,sports ball,0.291949,535.747,581.798,578.478,622.328,557.000,602.000,42.731,40.530
identical_balls_trick_000_018.mp4,940,15.682333,bytetrack,,32,sports ball,0.453095,666.800,551.975,712.666,588.482,690.000,570.000,45.866,36.507
identical_balls_trick_000_018.mp4,940,15.682333,bytetrack,,32,sports ball,0.208206,540.202,582.973,582.656,621.965,561.000,602.000,42.455,38.991
identical_balls_trick_000_018.mp4,940,15.682333,bytetrack,,32,sports ball,0.186658,413.388,112.586,462.649,162.336,438.000,137.000,49.261,49.750
identical_balls_trick_000_018.mp4,941,15.699017,bytetrack,,32,sports ball,0.493113,418.870,126.175,466.590,175.312,443.000,151.000,47.721,49.137
identical_balls_trick_000_018.mp4,941,15.699017,bytetrack,,32,sports ball,0.299022,680.919,567.737,728.048,604.655,704.000,586.000,47.129,36.918
identical_balls_trick_000_018.mp4,941,15.699017,bytetrack,,32,sports ball,0.199725,543.473,582.356,586.460,620.594,565.000,601.000,42.986,38.239
identical_balls_trick_000_018.mp4,942,15.715700,bytetrack,,32,sports ball,0.613498,691.321,581.362,737.371,619.913,714.000,601.000,46.050,38.551
identical_balls_trick_000_018.mp4,942,15.715700,bytetrack,,32,sports ball,0.248166,544.514,582.460,585.863,620.801,565.000,602.000,41.349,38.341
identical_balls_trick_000_018.mp4,943,15.732383,bytetrack,,32,sports ball,0.518225,543.696,580.877,587.736,618.247,566.000,600.000,44.040,37.370
identical_balls_trick_000_018.mp4,943,15.732383,bytetrack,,32,sports ball,0.386834,698.102,596.814,744.887,639.243,721.000,618.000,46.785,42.429
identical_balls_trick_000_018.mp4,943,15.732383,bytetrack,,32,sports ball,0.357759,429.221,158.666,475.224,207.678,452.000,183.000,46.004,49.013
identical_balls_trick_000_018.mp4,944,15.749067,bytetrack,,32,sports ball,0.494438,432.992,177.521,480.723,227.285,457.000,202.000,47.731,49.764
identical_balls_trick_000_018.mp4,944,15.749067,bytetrack,,32,sports ball,0.374354,545.612,575.493,588.949,612.871,567.000,594.000,43.336,37.378
identical_balls_trick_000_018.mp4,944,15.749067,bytetrack,,32,sports ball,0.223319,702.662,610.583,746.836,653.771,725.000,632.000,44.175,43.189
identical_balls_trick_000_018.mp4,945,15.765750,bytetrack,,32,sports ball,0.531419,437.390,199.175,485.165,248.421,461.000,224.000,47.774,49.246
identical_balls_trick_000_018.mp4,945,15.765750,bytetrack,,32,sports ball,0.181304,548.003,567.130,592.550,601.753,570.000,584.000,44.547,34.623
identical_balls_trick_000_018.mp4,945,15.765750,bytetrack,,32,sports ball,0.156991,703.502,621.487,747.734,666.554,726.000,644.000,44.232,45.066
identical_balls_trick_000_018.mp4,946,15.782433,bytetrack,,32,sports ball,0.530057,442.297,222.680,490.132,271.244,466.000,247.000,47.835,48.564
identical_balls_trick_000_018.mp4,946,15.782433,bytetrack,,32,sports ball,0.194711,550.958,554.920,594.831,591.557,573.000,573.000,43.873,36.637
identical_balls_trick_000_018.mp4,947,15.799117,bytetrack,,32,sports ball,0.314616,552.981,542.096,599.125,575.932,576.000,559.000,46.144,33.837
identical_balls_trick_000_018.mp4,947,15.799117,bytetrack,,32,sports ball,0.259675,447.561,247.826,494.902,295.669,471.000,272.000,47.341,47.843
identical_balls_trick_000_018.mp4,948,15.815800,bytetrack,,32,sports ball,0.505703,452.105,274.064,498.784,322.849,475.000,298.000,46.679,48.784
identical_balls_trick_000_018.mp4,948,15.815800,bytetrack,,32,sports ball,0.419167,560.067,528.999,606.324,566.181,583.000,548.000,46.257,37.182
identical_balls_trick_000_018.mp4,948,15.815800,bytetrack,,32,sports ball,0.294277,704.543,621.906,746.825,666.995,726.000,644.000,42.281,45.088
identical_balls_trick_000_018.mp4,949,15.832483,bytetrack,,32,sports ball,0.480106,456.435,304.342,503.428,351.769,480.000,328.000,46.993,47.426
identical_balls_trick_000_018.mp4,949,15.832483,bytetrack,,32,sports ball,0.205624,704.530,607.362,746.768,650.403,726.000,629.000,42.238,43.041
identical_balls_trick_000_018.mp4,951,15.865850,bytetrack,,32,sports ball,0.183141,703.524,558.369,747.050,598.877,725.000,579.000,43.526,40.508
identical_balls_trick_000_018.mp4,952,15.882533,bytetrack,,32,sports ball,0.418960,469.714,401.169,516.566,449.173,493.000,425.000,46.852,48.004
identical_balls_trick_000_018.mp4,952,15.882533,bytetrack,,32,sports ball,0.315547,700.609,527.784,746.781,573.244,724.000,551.000,46.173,45.460
identical_balls_trick_000_018.mp4,953,15.899217,bytetrack,,32,sports ball,0.259405,474.091,435.181,521.080,484.740,498.000,460.000,46.989,49.559
identical_balls_trick_000_018.mp4,954,15.915900,bytetrack,,32,sports ball,0.508618,478.920,472.371,525.739,522.425,502.000,497.000,46.819,50.055
identical_balls_trick_000_018.mp4,954,15.915900,bytetrack,,32,sports ball,0.269373,701.075,468.840,746.855,514.945,724.000,492.000,45.781,46.105
identical_balls_trick_000_018.mp4,955,15.932583,bytetrack,,32,sports ball,0.702814,484.193,512.755,530.602,560.532,507.000,537.000,46.408,47.778
identical_balls_trick_000_018.mp4,955,15.932583,bytetrack,,32,sports ball,0.418421,700.557,444.623,746.632,490.878,724.000,468.000,46.075,46.255
identical_balls_trick_000_018.mp4,955,15.932583,bytetrack,,32,sports ball,0.186908,645.522,482.255,689.412,526.923,667.000,505.000,43.890,44.668
identical_balls_trick_000_018.mp4,956,15.949267,bytetrack,,32,sports ball,0.403324,488.693,554.436,533.960,602.582,511.000,579.000,45.268,48.146
identical_balls_trick_000_018.mp4,956,15.949267,bytetrack,,32,sports ball,0.330971,700.328,420.422,746.854,466.039,724.000,443.000,46.526,45.616
identical_balls_trick_000_018.mp4,956,15.949267,bytetrack,,32,sports ball,0.201472,657.716,482.206,701.816,527.003,680.000,505.000,44.100,44.797
identical_balls_trick_000_018.mp4,957,15.965950,bytetrack,,32,sports ball,0.639951,699.381,398.847,746.782,443.955,723.000,421.000,47.401,45.108
identical_balls_trick_000_018.mp4,957,15.965950,bytetrack,,32,sports ball,0.400877,491.590,597.667,539.375,642.969,515.000,620.000,47.785,45.301
identical_balls_trick_000_018.mp4,957,15.965950,bytetrack,,32,sports ball,0.255392,669.805,484.392,714.099,528.780,692.000,507.000,44.293,44.388
identical_balls_trick_000_018.mp4,958,15.982633,bytetrack,,32,sports ball,0.462951,698.894,377.652,746.178,422.933,723.000,400.000,47.285,45.281
identical_balls_trick_000_018.mp4,958,15.982633,bytetrack,,32,sports ball,0.225749,681.919,487.565,725.645,532.450,704.000,510.000,43.727,44.885
identical_balls_trick_000_018.mp4,959,15.999317,bytetrack,,32,sports ball,0.525860,689.372,489.774,732.312,533.196,711.000,511.000,42.939,43.423
identical_balls_trick_000_018.mp4,959,15.999317,bytetrack,,32,sports ball,0.458018,698.567,358.641,745.344,405.285,722.000,382.000,46.777,46.644
identical_balls_trick_000_018.mp4,959,15.999317,bytetrack,,32,sports ball,0.203313,499.635,649.570,544.435,691.199,522.000,670.000,44.801,41.630
identical_balls_trick_000_018.mp4,960,16.016000,bytetrack,651,32,sports ball,0.645491,690.284,488.904,733.340,532.442,712.000,511.000,43.056,43.538
identical_balls_trick_000_018.mp4,961,16.032683,bytetrack,654,32,sports ball,0.624677,697.190,329.126,743.963,375.834,721.000,352.000,46.773,46.707
identical_balls_trick_000_018.mp4,962,16.049367,bytetrack,654,32,sports ball,0.751260,696.595,317.027,742.864,363.232,720.000,340.000,46.269,46.205
identical_balls_trick_000_018.mp4,963,16.066050,bytetrack,654,32,sports ball,0.781866,696.181,304.818,741.556,350.082,719.000,327.000,45.374,45.264
identical_balls_trick_000_018.mp4,964,16.082733,bytetrack,654,32,sports ball,0.645478,694.571,293.348,740.960,339.626,718.000,316.000,46.389,46.279
identical_balls_trick_000_018.mp4,965,16.099417,bytetrack,654,32,sports ball,0.679407,693.254,284.628,740.277,331.556,717.000,308.000,47.023,46.929
identical_balls_trick_000_018.mp4,966,16.116100,bytetrack,654,32,sports ball,0.623485,692.595,278.044,739.517,324.850,716.000,301.000,46.922,46.807
identical_balls_trick_000_018.mp4,967,16.132783,bytetrack,654,32,sports ball,0.452874,691.645,273.358,739.040,320.678,715.000,297.000,47.395,47.319
identical_balls_trick_000_018.mp4,968,16.149467,bytetrack,654,32,sports ball,0.205448,690.633,270.889,737.959,318.151,714.000,295.000,47.326,47.263
identical_balls_trick_000_018.mp4,969,16.166150,bytetrack,654,32,sports ball,0.354822,689.892,270.599,736.948,317.662,713.000,294.000,47.056,47.063
identical_balls_trick_000_018.mp4,970,16.182833,bytetrack,654,32,sports ball,0.176298,688.725,271.744,736.129,319.205,712.000,295.000,47.405,47.461
identical_balls_trick_000_018.mp4,971,16.199517,bytetrack,654,32,sports ball,0.467609,687.851,275.312,734.580,322.154,711.000,299.000,46.729,46.841
identical_balls_trick_000_018.mp4,972,16.216200,bytetrack,654,32,sports ball,0.209466,686.819,280.895,733.269,327.538,710.000,304.000,46.449,46.643
identical_balls_trick_000_018.mp4,973,16.232883,bytetrack,,32,sports ball,0.313856,536.817,535.549,583.199,573.387,560.000,554.000,46.382,37.838
identical_balls_trick_000_018.mp4,973,16.232883,bytetrack,,32,sports ball,0.274392,686.748,293.296,731.550,340.491,709.000,317.000,44.802,47.195
identical_balls_trick_000_018.mp4,974,16.249567,bytetrack,662,32,sports ball,0.554092,686.082,301.534,729.630,347.374,708.000,324.000,43.548,45.840
identical_balls_trick_000_018.mp4,975,16.266250,bytetrack,662,32,sports ball,0.519321,685.342,311.884,728.873,357.644,707.000,335.000,43.531,45.760
identical_balls_trick_000_018.mp4,976,16.282933,bytetrack,662,32,sports ball,0.673181,683.378,325.395,727.592,371.790,705.000,349.000,44.215,46.395
identical_balls_trick_000_018.mp4,977,16.299617,bytetrack,662,32,sports ball,0.640315,682.283,340.788,726.684,387.290,704.000,364.000,44.401,46.502
identical_balls_trick_000_018.mp4,978,16.316300,bytetrack,662,32,sports ball,0.789187,681.240,357.432,726.131,404.452,704.000,381.000,44.891,47.020
identical_balls_trick_000_018.mp4,979,16.332983,bytetrack,662,32,sports ball,0.176492,680.122,375.405,725.479,422.949,703.000,399.000,45.357,47.544
identical_balls_trick_000_018.mp4,980,16.349667,bytetrack,,32,sports ball,0.734773,526.584,318.254,572.551,365.738,550.000,342.000,45.966,47.484
identical_balls_trick_000_018.mp4,980,16.349667,bytetrack,,32,sports ball,0.288420,679.261,399.045,724.314,445.429,702.000,422.000,45.053,46.383
identical_balls_trick_000_018.mp4,980,16.349667,bytetrack,,32,sports ball,0.263915,528.778,499.397,571.801,541.861,550.000,521.000,43.023,42.465
identical_balls_trick_000_018.mp4,981,16.366350,bytetrack,,32,sports ball,0.617722,524.477,293.224,571.207,341.256,548.000,317.000,46.730,48.032
identical_balls_trick_000_018.mp4,981,16.366350,bytetrack,,32,sports ball,0.376490,678.347,421.082,722.846,467.746,701.000,444.000,44.499,46.664
identical_balls_trick_000_018.mp4,981,16.366350,bytetrack,,32,sports ball,0.341464,514.972,502.744,559.827,545.350,537.000,524.000,44.855,42.607
identical_balls_trick_000_018.mp4,982,16.383033,bytetrack,677,32,sports ball,0.445786,512.783,504.280,557.698,547.058,535.000,526.000,44.915,42.778
identical_balls_trick_000_018.mp4,983,16.399717,bytetrack,,32,sports ball,0.192349,675.472,471.219,720.337,518.479,698.000,495.000,44.865,47.260
identical_balls_trick_000_018.mp4,983,16.399717,bytetrack,,32,sports ball,0.150689,521.493,250.320,568.018,296.255,545.000,273.000,46.526,45.936
identical_balls_trick_000_018.mp4,984,16.416400,bytetrack,,32,sports ball,0.316600,503.002,499.685,538.041,544.016,521.000,522.000,35.039,44.331
identical_balls_trick_000_018.mp4,984,16.416400,bytetrack,,32,sports ball,0.289648,521.146,230.196,566.677,277.380,544.000,254.000,45.531,47.184
identical_balls_trick_000_018.mp4,984,16.416400,bytetrack,,32,sports ball,0.166044,673.103,496.290,719.284,543.046,696.000,520.000,46.182,46.757
identical_balls_trick_000_018.mp4,985,16.433083,bytetrack,,32,sports ball,0.328762,519.511,212.417,565.350,259.331,542.000,236.000,45.839,46.915
identical_balls_trick_000_018.mp4,985,16.433083,bytetrack,,32,sports ball,0.195873,491.203,497.706,531.886,541.401,512.000,520.000,40.684,43.694
identical_balls_trick_000_018.mp4,986,16.449767,bytetrack,681,32,sports ball,0.659144,518.432,199.281,564.136,246.047,541.000,223.000,45.703,46.766
identical_balls_trick_000_018.mp4,987,16.466450,bytetrack,682,32,sports ball,0.648406,480.363,498.314,521.977,541.918,501.000,520.000,41.613,43.605
identical_balls_trick_000_018.mp4,988,16.483133,bytetrack,682,32,sports ball,0.564652,475.553,501.909,516.764,545.071,496.000,523.000,41.210,43.162
identical_balls_trick_000_018.mp4,988,16.483133,bytetrack,683,32,sports ball,0.640460,515.122,172.748,560.983,220.009,538.000,196.000,45.861,47.261
identical_balls_trick_000_018.mp4,989,16.499817,bytetrack,682,32,sports ball,0.592893,471.686,506.144,512.771,549.154,492.000,528.000,41.084,43.009
identical_balls_trick_000_018.mp4,990,16.516500,bytetrack,682,32,sports ball,0.557215,469.442,511.849,510.947,555.273,490.000,534.000,41.505,43.424
identical_balls_trick_000_018.mp4,990,16.516500,bytetrack,684,32,sports ball,0.562025,511.827,152.523,558.886,200.408,535.000,176.000,47.058,47.885
identical_balls_trick_000_018.mp4,991,16.533183,bytetrack,682,32,sports ball,0.564704,468.711,519.097,509.476,561.621,489.000,540.000,40.764,42.524
identical_balls_trick_000_018.mp4,991,16.533183,bytetrack,684,32,sports ball,0.187576,510.171,146.553,556.965,194.153,534.000,170.000,46.793,47.600
identical_balls_trick_000_018.mp4,992,16.549867,bytetrack,682,32,sports ball,0.184819,468.342,527.734,509.383,570.445,489.000,549.000,41.041,42.711
identical_balls_trick_000_018.mp4,993,16.566550,bytetrack,682,32,sports ball,0.657718,470.720,538.524,510.337,579.454,491.000,559.000,39.617,40.929
identical_balls_trick_000_018.mp4,994,16.583233,bytetrack,682,32,sports ball,0.518386,478.649,545.672,516.959,584.798,498.000,565.000,38.310,39.126
identical_balls_trick_000_018.mp4,995,16.599917,bytetrack,682,32,sports ball,0.616156,489.733,551.330,523.889,585.315,507.000,568.000,34.156,33.984
identical_balls_trick_000_018.mp4,995,16.599917,bytetrack,684,32,sports ball,0.296595,504.631,137.198,552.656,186.080,529.000,162.000,48.025,48.882
identical_balls_trick_000_018.mp4,996,16.616600,bytetrack,682,32,sports ball,0.635301,497.893,554.647,530.363,585.995,514.000,570.000,32.470,31.348
identical_balls_trick_000_018.mp4,996,16.616600,bytetrack,684,32,sports ball,0.177613,502.806,138.596,550.764,187.434,527.000,163.000,47.958,48.839
identical_balls_trick_000_018.mp4,997,16.633283,bytetrack,682,32,sports ball,0.505726,504.456,557.194,535.851,586.951,520.000,572.000,31.395,29.756
identical_balls_trick_000_018.mp4,998,16.649967,bytetrack,682,32,sports ball,0.480563,506.603,556.832,538.174,586.083,522.000,571.000,31.571,29.251
identical_balls_trick_000_018.mp4,999,16.666650,bytetrack,682,32,sports ball,0.693090,506.137,554.922,538.140,583.773,522.000,569.000,32.003,28.850
identical_balls_trick_000_018.mp4,1000,16.683333,bytetrack,682,32,sports ball,0.781384,505.448,549.741,539.207,579.467,522.000,565.000,33.758,29.726
identical_balls_trick_000_018.mp4,1001,16.700017,bytetrack,682,32,sports ball,0.766568,507.460,543.503,541.735,572.917,525.000,558.000,34.275,29.414
identical_balls_trick_000_018.mp4,1002,16.716700,bytetrack,,32,sports ball,0.537777,508.561,528.251,554.672,561.126,532.000,545.000,46.111,32.876
identical_balls_trick_000_018.mp4,1002,16.716700,bytetrack,,32,sports ball,0.422149,682.999,527.155,730.309,565.440,707.000,546.000,47.310,38.285
identical_balls_trick_000_018.mp4,1002,16.716700,bytetrack,,32,sports ball,0.218738,496.315,201.263,542.639,249.873,519.000,226.000,46.324,48.610
identical_balls_trick_000_018.mp4,1003,16.733383,bytetrack,,32,sports ball,0.517995,494.514,217.823,541.105,267.094,518.000,242.000,46.591,49.272
identical_balls_trick_000_018.mp4,1003,16.733383,bytetrack,,32,sports ball,0.420406,521.017,515.345,567.175,553.087,544.000,534.000,46.158,37.742
identical_balls_trick_000_018.mp4,1003,16.733383,bytetrack,,32,sports ball,0.268713,681.385,495.844,728.797,535.884,705.000,516.000,47.412,40.041
identical_balls_trick_000_018.mp4,1004,16.750067,bytetrack,,32,sports ball,0.450402,542.736,503.271,583.193,544.900,563.000,524.000,40.457,41.629
identical_balls_trick_000_018.mp4,1004,16.750067,bytetrack,,32,sports ball,0.270453,493.131,237.370,540.246,286.673,517.000,262.000,47.116,49.303
identical_balls_trick_000_018.mp4,1004,16.750067,bytetrack,,32,sports ball,0.186423,680.646,464.642,726.245,508.012,703.000,486.000,45.599,43.369
identical_balls_trick_000_018.mp4,1005,16.766750,bytetrack,,32,sports ball,0.398651,491.793,258.890,539.464,306.874,516.000,283.000,47.671,47.984
identical_balls_trick_000_018.mp4,1005,16.766750,bytetrack,,32,sports ball,0.185423,562.808,490.896,602.345,535.172,583.000,513.000,39.537,44.276
identical_balls_trick_000_018.mp4,1005,16.766750,bytetrack,,32,sports ball,0.150246,677.981,436.695,724.677,480.549,701.000,459.000,46.696,43.854
identical_balls_trick_000_018.mp4,1006,16.783433,bytetrack,,32,sports ball,0.507089,490.722,281.962,538.531,330.870,515.000,306.000,47.810,48.907
identical_balls_trick_000_018.mp4,1006,16.783433,bytetrack,,32,sports ball,0.227677,676.009,408.567,722.671,455.508,699.000,432.000,46.662,46.940
identical_balls_trick_000_018.mp4,1007,16.800117,bytetrack,,32,sports ball,0.486750,489.951,307.462,537.397,356.192,514.000,332.000,47.446,48.730
identical_balls_trick_000_018.mp4,1007,16.800117,bytetrack,,32,sports ball,0.197029,595.730,472.641,640.142,517.318,618.000,495.000,44.412,44.676
identical_balls_trick_000_018.mp4,1008,16.816800,bytetrack,,32,sports ball,0.733007,671.436,360.663,716.851,406.589,694.000,384.000,45.415,45.926
identical_balls_trick_000_018.mp4,1008,16.816800,bytetrack,,32,sports ball,0.681412,614.728,465.761,659.376,511.503,637.000,489.000,44.648,45.742
identical_balls_trick_000_018.mp4,1008,16.816800,bytetrack,,32,sports ball,0.458285,489.194,335.113,536.737,383.751,513.000,359.000,47.544,48.638
identical_balls_trick_000_018.mp4,1009,16.833483,bytetrack,,32,sports ball,0.512231,487.780,362.575,535.692,413.242,512.000,388.000,47.911,50.668
identical_balls_trick_000_018.mp4,1009,16.833483,bytetrack,,32,sports ball,0.429875,669.083,338.171,715.227,384.445,692.000,361.000,46.144,46.273
identical_balls_trick_000_018.mp4,1009,16.833483,bytetrack,,32,sports ball,0.248437,634.590,461.500,678.417,505.772,657.000,484.000,43.828,44.272
identical_balls_trick_000_018.mp4,1010,16.850167,bytetrack,,32,sports ball,0.659562,666.624,319.301,713.188,364.881,690.000,342.000,46.564,45.580
identical_balls_trick_000_018.mp4,1010,16.850167,bytetrack,,32,sports ball,0.616642,487.286,393.666,534.613,444.379,511.000,419.000,47.327,50.713
identical_balls_trick_000_018.mp4,1011,16.866850,bytetrack,,32,sports ball,0.482461,486.656,426.308,534.101,476.308,510.000,451.000,47.445,49.999
identical_balls_trick_000_018.mp4,1011,16.866850,bytetrack,,32,sports ball,0.418992,665.019,300.897,711.576,346.093,688.000,323.000,46.557,45.196
identical_balls_trick_000_018.mp4,1011,16.866850,bytetrack,,32,sports ball,0.216242,663.150,455.074,703.733,494.687,683.000,475.000,40.583,39.612
identical_balls_trick_000_018.mp4,1012,16.883533,bytetrack,,32,sports ball,0.362573,663.676,283.961,708.907,329.228,686.000,307.000,45.231,45.267
identical_balls_trick_000_018.mp4,1013,16.900217,bytetrack,,32,sports ball,0.308057,484.920,499.163,532.484,548.762,509.000,524.000,47.564,49.600
identical_balls_trick_000_018.mp4,1013,16.900217,bytetrack,,32,sports ball,0.232994,661.134,268.888,706.332,313.689,684.000,291.000,45.198,44.801
identical_balls_trick_000_018.mp4,1014,16.916900,bytetrack,,32,sports ball,0.194787,657.411,256.952,703.828,301.478,681.000,279.000,46.417,44.526
identical_balls_trick_000_018.mp4,1015,16.933583,bytetrack,,32,sports ball,0.389083,484.085,562.760,531.694,611.256,508.000,587.000,47.609,48.497
identical_balls_trick_000_018.mp4,1015,16.933583,bytetrack,,32,sports ball,0.229778,656.027,245.756,703.146,290.581,680.000,268.000,47.119,44.825
identical_balls_trick_000_018.mp4,1016,16.950267,bytetrack,,32,sports ball,0.613995,654.589,236.725,699.569,281.743,677.000,259.000,44.980,45.018
identical_balls_trick_000_018.mp4,1017,16.966950,bytetrack,716,32,sports ball,0.506510,652.930,230.650,697.883,275.621,675.000,253.000,44.953,44.971
identical_balls_trick_000_018.mp4,1018,16.983633,bytetrack,716,32,sports ball,0.390911,651.084,225.438,696.173,270.533,674.000,248.000,45.089,45.094
identical_balls_trick_000_018.mp4,1019,17.000317,bytetrack,716,32,sports ball,0.277434,648.889,220.509,694.399,266.042,672.000,243.000,45.511,45.534
identical_balls_trick_000_018.mp4,1020,17.017000,bytetrack,716,32,sports ball,0.198917,647.346,217.846,692.995,263.580,670.000,241.000,45.649,45.733
identical_balls_trick_000_018.mp4,1021,17.033683,bytetrack,,32,sports ball,0.181158,496.442,624.285,539.505,664.425,518.000,644.000,43.063,40.140
identical_balls_trick_000_018.mp4,1021,17.033683,bytetrack,,32,sports ball,0.161209,788.916,489.745,831.054,526.118,810.000,508.000,42.138,36.373
identical_balls_trick_000_018.mp4,1024,17.083733,bytetrack,,32,sports ball,0.237712,785.938,488.701,827.365,529.320,807.000,509.000,41.427,40.619
identical_balls_trick_000_018.mp4,1024,17.083733,bytetrack,,32,sports ball,0.205578,503.598,616.660,547.447,660.522,526.000,639.000,43.849,43.862
identical_balls_trick_000_018.mp4,1025,17.100417,bytetrack,,32,sports ball,0.210612,638.782,236.289,682.834,282.141,661.000,259.000,44.052,45.853
identical_balls_trick_000_018.mp4,1027,17.133783,bytetrack,,32,sports ball,0.365759,634.135,257.230,678.423,302.856,656.000,280.000,44.288,45.626
identical_balls_trick_000_018.mp4,1027,17.133783,bytetrack,,32,sports ball,0.313128,728.177,464.033,769.913,505.929,749.000,485.000,41.735,41.897
identical_balls_trick_000_018.mp4,1027,17.133783,bytetrack,,32,sports ball,0.250917,501.625,564.750,547.639,607.958,525.000,586.000,46.013,43.208
identical_balls_trick_000_018.mp4,1028,17.150467,bytetrack,719,32,sports ball,0.601516,633.561,268.189,676.896,312.830,655.000,291.000,43.336,44.642
identical_balls_trick_000_018.mp4,1029,17.167150,bytetrack,,32,sports ball,0.250920,630.764,285.154,674.810,329.990,653.000,308.000,44.047,44.835
identical_balls_trick_000_018.mp4,1029,17.167150,bytetrack,,32,sports ball,0.168197,497.630,503.014,543.485,545.955,521.000,524.000,45.855,42.941
identical_balls_trick_000_018.mp4,1029,17.167150,bytetrack,,32,sports ball,0.157591,665.198,447.903,709.941,491.760,688.000,470.000,44.743,43.857
identical_balls_trick_000_018.mp4,1030,17.183833,bytetrack,,32,sports ball,0.627862,633.947,441.407,677.272,486.250,656.000,464.000,43.326,44.843
identical_balls_trick_000_018.mp4,1030,17.183833,bytetrack,,32,sports ball,0.562893,628.190,302.758,673.476,347.290,651.000,325.000,45.286,44.532
identical_balls_trick_000_018.mp4,1030,17.183833,bytetrack,,32,sports ball,0.508406,496.447,471.493,542.531,517.321,519.000,494.000,46.084,45.828
identical_balls_trick_000_018.mp4,1031,17.200517,bytetrack,,32,sports ball,0.394069,626.603,319.738,672.217,365.269,649.000,343.000,45.614,45.531
identical_balls_trick_000_018.mp4,1031,17.200517,bytetrack,,32,sports ball,0.382752,495.497,440.450,541.878,487.627,519.000,464.000,46.381,47.178
identical_balls_trick_000_018.mp4,1031,17.200517,bytetrack,,32,sports ball,0.322169,601.321,437.070,647.519,481.465,624.000,459.000,46.199,44.394
identical_balls_trick_000_018.mp4,1032,17.217200,bytetrack,,32,sports ball,0.601180,569.169,434.257,616.038,478.703,593.000,456.000,46.869,44.446
identical_balls_trick_000_018.mp4,1032,17.217200,bytetrack,,32,sports ball,0.560886,624.992,339.103,670.526,385.413,648.000,362.000,45.534,46.310
identical_balls_trick_000_018.mp4,1032,17.217200,bytetrack,,32,sports ball,0.454422,493.685,412.098,540.417,460.819,517.000,436.000,46.732,48.722
identical_balls_trick_000_018.mp4,1033,17.233883,bytetrack,,32,sports ball,0.627585,624.593,360.823,668.219,407.431,646.000,384.000,43.626,46.608
identical_balls_trick_000_018.mp4,1033,17.233883,bytetrack,,32,sports ball,0.541607,536.313,433.376,584.277,478.217,560.000,456.000,47.965,44.841
identical_balls_trick_000_018.mp4,1033,17.233883,bytetrack,,32,sports ball,0.428865,491.899,385.274,539.604,433.251,516.000,409.000,47.706,47.977
identical_balls_trick_000_018.mp4,1034,17.250567,bytetrack,,32,sports ball,0.539579,490.768,360.381,538.534,409.044,515.000,385.000,47.766,48.663
identical_balls_trick_000_018.mp4,1034,17.250567,bytetrack,,32,sports ball,0.386274,505.479,434.455,552.208,479.565,529.000,457.000,46.729,45.110
identical_balls_trick_000_018.mp4,1034,17.250567,bytetrack,,32,sports ball,0.287510,622.105,384.703,667.042,430.867,645.000,408.000,44.937,46.164
identical_balls_trick_000_018.mp4,1035,17.267250,bytetrack,,32,sports ball,0.510540,474.125,438.184,519.310,482.265,497.000,460.000,45.185,44.081
identical_balls_trick_000_018.mp4,1035,17.267250,bytetrack,,32,sports ball,0.335219,489.522,337.891,537.221,385.522,513.000,362.000,47.699,47.631
identical_balls_trick_000_018.mp4,1035,17.267250,bytetrack,,32,sports ball,0.255293,620.048,410.133,665.710,455.937,643.000,433.000,45.663,45.804
identical_balls_trick_000_018.mp4,1036,17.283933,bytetrack,,32,sports ball,0.183890,457.924,440.203,504.725,486.021,481.000,463.000,46.801,45.818
identical_balls_trick_000_018.mp4,1036,17.283933,bytetrack,,32,sports ball,0.173896,489.136,316.865,535.338,364.492,512.000,341.000,46.202,47.626
identical_balls_trick_000_018.mp4,1037,17.300617,bytetrack,,32,sports ball,0.300906,440.567,446.827,486.400,491.246,463.000,469.000,45.833,44.419
identical_balls_trick_000_018.mp4,1037,17.300617,bytetrack,,32,sports ball,0.209840,488.133,297.089,533.755,344.050,511.000,321.000,45.622,46.961
identical_balls_trick_000_018.mp4,1038,17.317300,bytetrack,,32,sports ball,0.405815,486.359,278.138,532.187,324.901,509.000,302.000,45.828,46.764
identical_balls_trick_000_018.mp4,1038,17.317300,bytetrack,,32,sports ball,0.225062,423.529,453.482,469.444,499.050,446.000,476.000,45.916,45.568
identical_balls_trick_000_018.mp4,1039,17.333983,bytetrack,,32,sports ball,0.539336,484.874,260.995,531.132,308.642,508.000,285.000,46.258,47.647
identical_balls_trick_000_018.mp4,1039,17.333983,bytetrack,,32,sports ball,0.271665,619.727,511.661,665.556,554.381,643.000,533.000,45.829,42.720
identical_balls_trick_000_018.mp4,1039,17.333983,bytetrack,,32,sports ball,0.155765,405.767,461.578,451.184,506.057,428.000,484.000,45.417,44.479
identical_balls_trick_000_018.mp4,1040,17.350667,bytetrack,745,32,sports ball,0.643173,483.741,249.816,529.230,296.661,506.000,273.000,45.489,46.845
identical_balls_trick_000_018.mp4,1041,17.367350,bytetrack,745,32,sports ball,0.675429,481.833,237.138,527.989,284.662,505.000,261.000,46.157,47.524
identical_balls_trick_000_018.mp4,1042,17.384033,bytetrack,745,32,sports ball,0.616155,479.536,224.567,525.541,271.927,503.000,248.000,46.005,47.360
identical_balls_trick_000_018.mp4,1042,17.384033,bytetrack,749,32,sports ball,0.757506,360.690,481.640,406.533,525.478,384.000,504.000,45.842,43.838
identical_balls_trick_000_018.mp4,1043,17.400717,bytetrack,745,32,sports ball,0.703537,477.375,213.757,523.798,261.530,501.000,238.000,46.423,47.773
identical_balls_trick_000_018.mp4,1043,17.400717,bytetrack,749,32,sports ball,0.543146,353.491,486.295,399.546,530.289,377.000,508.000,46.055,43.994
identical_balls_trick_000_018.mp4,1044,17.417400,bytetrack,745,32,sports ball,0.559636,475.524,205.452,521.831,253.055,499.000,229.000,46.307,47.602
identical_balls_trick_000_018.mp4,1044,17.417400,bytetrack,749,32,sports ball,0.473508,349.181,489.864,395.529,534.033,372.000,512.000,46.348,44.169
identical_balls_trick_000_018.mp4,1045,17.434083,bytetrack,745,32,sports ball,0.332363,473.536,199.042,520.032,246.785,497.000,223.000,46.497,47.743
identical_balls_trick_000_018.mp4,1045,17.434083,bytetrack,749,32,sports ball,0.461583,349.376,490.958,396.065,535.314,373.000,513.000,46.690,44.356
identical_balls_trick_000_018.mp4,1046,17.450767,bytetrack,745,32,sports ball,0.546693,471.437,194.102,517.994,241.850,495.000,218.000,46.558,47.748
identical_balls_trick_000_018.mp4,1046,17.450767,bytetrack,749,32,sports ball,0.454522,353.082,490.411,399.604,534.372,376.000,512.000,46.523,43.961
identical_balls_trick_000_018.mp4,1047,17.467450,bytetrack,745,32,sports ball,0.511183,469.043,191.345,515.835,239.255,492.000,215.000,46.792,47.910
identical_balls_trick_000_018.mp4,1047,17.467450,bytetrack,749,32,sports ball,0.516921,358.375,488.209,404.918,532.150,382.000,510.000,46.543,43.941
identical_balls_trick_000_018.mp4,1048,17.484133,bytetrack,745,32,sports ball,0.459218,467.056,190.653,514.224,238.904,491.000,215.000,47.168,48.251
identical_balls_trick_000_018.mp4,1049,17.500817,bytetrack,,32,sports ball,0.482110,685.582,533.088,731.130,578.053,708.000,556.000,45.548,44.964
identical_balls_trick_000_018.mp4,1049,17.500817,bytetrack,,32,sports ball,0.434862,388.331,474.667,434.276,518.212,411.000,496.000,45.944,43.545
identical_balls_trick_000_018.mp4,1049,17.500817,bytetrack,,32,sports ball,0.314644,465.167,195.658,512.866,244.343,489.000,220.000,47.699,48.685
identical_balls_trick_000_018.mp4,1050,17.517500,bytetrack,,32,sports ball,0.407128,408.871,466.605,454.415,511.052,432.000,489.000,45.544,44.447
identical_balls_trick_000_018.mp4,1050,17.517500,bytetrack,,32,sports ball,0.239055,463.042,200.103,511.235,248.590,487.000,224.000,48.193,48.488
identical_balls_trick_000_018.mp4,1050,17.517500,bytetrack,,32,sports ball,0.211471,688.763,507.842,733.005,551.641,711.000,530.000,44.242,43.799
identical_balls_trick_000_018.mp4,1051,17.534183,bytetrack,,32,sports ball,0.281632,460.586,206.405,507.960,254.610,484.000,231.000,47.375,48.205
identical_balls_trick_000_018.mp4,1052,17.550867,bytetrack,758,32,sports ball,0.502189,459.085,212.387,506.551,260.678,483.000,237.000,47.465,48.290
identical_balls_trick_000_018.mp4,1053,17.567550,bytetrack,758,32,sports ball,0.414677,458.167,221.831,504.939,269.381,482.000,246.000,46.772,47.550
identical_balls_trick_000_018.mp4,1054,17.584233,bytetrack,758,32,sports ball,0.637757,455.282,233.701,503.370,282.595,479.000,258.000,48.089,48.894
identical_balls_trick_000_018.mp4,1055,17.600917,bytetrack,758,32,sports ball,0.842424,452.970,247.761,501.335,296.921,477.000,272.000,48.365,49.159
identical_balls_trick_000_018.mp4,1056,17.617600,bytetrack,758,32,sports ball,0.853343,451.613,263.882,499.395,312.422,476.000,288.000,47.782,48.540
identical_balls_trick_000_018.mp4,1057,17.634283,bytetrack,758,32,sports ball,0.758395,449.675,281.287,497.724,330.063,474.000,306.000,48.049,48.776
identical_balls_trick_000_018.mp4,1057,17.634283,bytetrack,764,32,sports ball,0.866363,687.131,333.016,730.871,378.887,709.000,356.000,43.740,45.872
identical_balls_trick_000_018.mp4,1058,17.650967,bytetrack,758,32,sports ball,0.612011,448.531,301.157,496.050,349.359,472.000,325.000,47.519,48.202
identical_balls_trick_000_018.mp4,1058,17.650967,bytetrack,764,32,sports ball,0.778180,686.659,315.017,729.971,360.398,708.000,338.000,43.312,45.381
identical_balls_trick_000_018.mp4,1059,17.667650,bytetrack,758,32,sports ball,0.492414,446.591,322.974,494.167,371.275,470.000,347.000,47.577,48.301
identical_balls_trick_000_018.mp4,1059,17.667650,bytetrack,764,32,sports ball,0.536213,686.120,294.721,729.461,340.037,708.000,317.000,43.341,45.315
identical_balls_trick_000_018.mp4,1060,17.684333,bytetrack,758,32,sports ball,0.369432,444.529,346.191,492.482,394.815,469.000,371.000,47.953,48.624
identical_balls_trick_000_018.mp4,1061,17.701017,bytetrack,764,32,sports ball,0.649029,686.072,262.791,729.317,307.919,708.000,285.000,43.245,45.128
identical_balls_trick_000_018.mp4,1062,17.717700,bytetrack,764,32,sports ball,0.547036,686.031,249.813,728.926,294.438,707.000,272.000,42.895,44.624
identical_balls_trick_000_018.mp4,1063,17.734383,bytetrack,764,32,sports ball,0.619822,685.722,238.830,728.639,283.269,707.000,261.000,42.917,44.439
identical_balls_trick_000_018.mp4,1064,17.751067,bytetrack,764,32,sports ball,0.592275,685.544,229.711,728.515,274.025,707.000,252.000,42.970,44.314
identical_balls_trick_000_018.mp4,1065,17.767750,bytetrack,764,32,sports ball,0.408693,685.079,222.309,728.467,266.866,707.000,245.000,43.388,44.556
identical_balls_trick_000_018.mp4,1066,17.784433,bytetrack,764,32,sports ball,0.697735,684.993,216.421,728.818,261.268,707.000,239.000,43.825,44.847
identical_balls_trick_000_018.mp4,1067,17.801117,bytetrack,764,32,sports ball,0.573821,684.870,212.710,728.980,257.706,707.000,235.000,44.110,44.995
identical_balls_trick_000_018.mp4,1068,17.817800,bytetrack,764,32,sports ball,0.486430,684.844,211.149,729.094,256.151,707.000,234.000,44.249,45.002
identical_balls_trick_000_018.mp4,1069,17.834483,bytetrack,764,32,sports ball,0.628156,684.956,211.332,729.360,256.421,707.000,234.000,44.404,45.089
identical_balls_trick_000_018.mp4,1070,17.851167,bytetrack,764,32,sports ball,0.667106,685.231,213.416,729.744,258.568,707.000,236.000,44.513,45.153
identical_balls_trick_000_018.mp4,1071,17.867850,bytetrack,764,32,sports ball,0.520106,685.453,217.970,729.690,262.764,708.000,240.000,44.238,44.793
identical_balls_trick_000_018.mp4,1072,17.884533,bytetrack,764,32,sports ball,0.445227,685.501,223.385,730.133,268.557,708.000,246.000,44.632,45.172
identical_balls_trick_000_018.mp4,1073,17.901217,bytetrack,764,32,sports ball,0.578358,686.002,230.899,730.696,276.221,708.000,254.000,44.694,45.321
identical_balls_trick_000_018.mp4,1074,17.917900,bytetrack,,32,sports ball,0.420608,686.735,248.251,730.441,292.264,709.000,270.000,43.706,44.013
identical_balls_trick_000_018.mp4,1074,17.917900,bytetrack,,32,sports ball,0.173294,510.231,590.074,555.841,635.667,533.000,613.000,45.609,45.594
identical_balls_trick_000_018.mp4,1074,17.917900,bytetrack,,32,sports ball,0.172260,812.716,464.437,858.017,507.076,835.000,486.000,45.301,42.639
identical_balls_trick_000_018.mp4,1075,17.934583,bytetrack,782,32,sports ball,0.649137,686.622,256.987,730.843,301.524,709.000,279.000,44.222,44.537
identical_balls_trick_000_018.mp4,1076,17.951267,bytetrack,,32,sports ball,0.517759,765.598,441.318,808.327,485.469,787.000,463.000,42.730,44.151
identical_balls_trick_000_018.mp4,1076,17.951267,bytetrack,,32,sports ball,0.397837,686.917,272.571,731.047,316.718,709.000,295.000,44.129,44.147
identical_balls_trick_000_018.mp4,1076,17.951267,bytetrack,,32,sports ball,0.290926,512.165,548.094,560.315,595.241,536.000,572.000,48.150,47.147
identical_balls_trick_000_018.mp4,1077,17.967950,bytetrack,,32,sports ball,0.414041,688.396,288.780,731.076,332.436,710.000,311.000,42.680,43.656
identical_balls_trick_000_018.mp4,1077,17.967950,bytetrack,,32,sports ball,0.380358,512.620,520.326,559.171,567.533,536.000,544.000,46.552,47.206
identical_balls_trick_000_018.mp4,1077,17.967950,bytetrack,,32,sports ball,0.193848,736.879,431.021,779.513,473.725,758.000,452.000,42.634,42.704
identical_balls_trick_000_018.mp4,1078,17.984633,bytetrack,,32,sports ball,0.337942,687.900,304.918,731.472,349.381,710.000,327.000,43.573,44.463
