video,frame,time_seconds,person_index,person_confidence,left_wrist_x,left_wrist_y,left_wrist_confidence,right_wrist_x,right_wrist_y,right_wrist_confidence
videos/identical_balls_trick_000_018.mp4,0,0.000000,0,0.936913,734.677429,485.329834,0.988325,515.782227,489.754272,0.992793
videos/identical_balls_trick_000_018.mp4,1,0.016683,0,0.937132,737.538879,480.094086,0.987504,520.443604,490.546997,0.992507
videos/identical_balls_trick_000_018.mp4,2,0.033367,0,0.937464,739.884460,482.944244,0.986169,526.208496,493.766602,0.993322
videos/identical_balls_trick_000_018.mp4,3,0.050050,0,0.939049,741.720703,481.429962,0.988511,532.742737,498.173553,0.993248
videos/identical_balls_trick_000_018.mp4,4,0.066733,0,0.939723,744.438171,482.341827,0.984476,534.844666,503.635223,0.993599
videos/identical_balls_trick_000_018.mp4,5,0.083417,0,0.938011,747.052734,482.489899,0.985294,536.741028,505.655609,0.992023
videos/identical_balls_trick_000_018.mp4,6,0.100100,0,0.934379,745.665222,491.808868,0.969520,537.095520,507.758667,0.992165
videos/identical_balls_trick_000_018.mp4,7,0.116783,0,0.943291,752.742432,495.032379,0.974871,537.276428,523.290222,0.989031
videos/identical_balls_trick_000_018.mp4,8,0.133467,0,0.939183,767.249023,494.091339,0.979521,534.925049,524.258850,0.988669
videos/identical_balls_trick_000_018.mp4,9,0.150150,0,0.926150,776.978577,491.480255,0.985215,541.661011,535.285645,0.991859
videos/identical_balls_trick_000_018.mp4,10,0.166833,0,0.930635,781.795715,494.572052,0.992989,540.374268,541.115417,0.992626
videos/identical_balls_trick_000_018.mp4,11,0.183517,0,0.927796,783.526550,498.482880,0.994535,542.674133,550.509460,0.991886
videos/identical_balls_trick_000_018.mp4,12,0.200200,0,0.926088,789.233826,502.130890,0.994534,543.894958,558.016418,0.990723
videos/identical_balls_trick_000_018.mp4,13,0.216883,0,0.923108,795.378906,502.711090,0.993208,544.214417,565.852234,0.989655
videos/identical_balls_trick_000_018.mp4,14,0.233567,0,0.923897,795.917969,503.160675,0.993374,543.939148,569.859985,0.989650
videos/identical_balls_trick_000_018.mp4,15,0.250250,0,0.924528,797.421814,503.373260,0.993373,544.457336,570.202087,0.989525
videos/identical_balls_trick_000_018.mp4,16,0.266933,0,0.924576,796.672546,503.158051,0.993687,545.070068,568.936707,0.989929
videos/identical_balls_trick_000_018.mp4,17,0.283617,0,0.923604,795.621277,502.358154,0.994007,546.241638,564.713623,0.989071
videos/identical_balls_trick_000_018.mp4,18,0.300300,0,0.922363,792.053406,500.740875,0.994247,544.024963,556.489441,0.989578
videos/identical_balls_trick_000_018.mp4,19,0.316983,0,0.920007,787.024109,498.135223,0.994030,541.858521,545.576477,0.990744
videos/identical_balls_trick_000_018.mp4,20,0.333667,0,0.920308,777.823425,493.341400,0.993782,537.831726,535.533569,0.991636
videos/identical_balls_trick_000_018.mp4,21,0.350350,0,0.917108,774.462402,493.995270,0.985981,538.456665,526.121887,0.991514
videos/identical_balls_trick_000_018.mp4,22,0.367033,0,0.915556,775.238770,490.471283,0.980116,531.941711,517.545349,0.990711
videos/identical_balls_trick_000_018.mp4,23,0.383717,0,0.731127,756.006897,492.904816,0.968009,531.730713,512.957642,0.990194
videos/identical_balls_trick_000_018.mp4,24,0.400400,0,0.939115,742.809509,488.702393,0.957599,530.434509,504.671722,0.993144
videos/identical_balls_trick_000_018.mp4,25,0.417083,0,0.940268,739.122864,490.364899,0.970061,523.118408,493.388580,0.993568
videos/identical_balls_trick_000_018.mp4,26,0.433767,0,0.937434,734.057800,488.096191,0.976328,519.812561,487.562225,0.993631
videos/identical_balls_trick_000_018.mp4,27,0.450450,0,0.938524,732.279602,483.004761,0.980001,515.241760,483.883545,0.994332
videos/identical_balls_trick_000_018.mp4,28,0.467133,0,0.938884,730.434998,479.534393,0.980852,510.325958,483.461182,0.993341
videos/identical_balls_trick_000_018.mp4,29,0.483817,0,0.939005,727.218445,478.545441,0.984517,504.918060,482.170654,0.993349
videos/identical_balls_trick_000_018.mp4,30,0.500500,0,0.938884,726.229675,478.886108,0.985811,498.796875,482.472260,0.992648
videos/identical_balls_trick_000_018.mp4,31,0.517183,0,0.940743,727.487122,483.956329,0.986581,493.349701,481.693085,0.990833
videos/identical_balls_trick_000_018.mp4,32,0.533867,0,0.940351,726.250427,487.167236,0.987450,489.724701,479.356689,0.989844
videos/identical_balls_trick_000_018.mp4,33,0.550550,0,0.942201,723.656555,486.788422,0.987551,486.210114,480.338165,0.991732
videos/identical_balls_trick_000_018.mp4,34,0.567233,0,0.939367,725.459229,490.560211,0.975050,481.277313,478.642914,0.992711
videos/identical_balls_trick_000_018.mp4,35,0.583917,0,0.937548,728.684998,492.873413,0.978417,478.151215,480.213531,0.992463
videos/identical_balls_trick_000_018.mp4,36,0.600600,0,0.936995,726.954590,497.394440,0.988195,475.083588,481.198456,0.993072
videos/identical_balls_trick_000_018.mp4,37,0.617283,0,0.937904,727.445007,503.527374,0.989419,468.407074,479.114136,0.993001
videos/identical_balls_trick_000_018.mp4,38,0.633967,0,0.938324,726.100586,510.021088,0.990260,465.630280,479.922150,0.993434
videos/identical_balls_trick_000_018.mp4,39,0.650650,0,0.937703,726.700256,516.055603,0.989315,462.551422,479.350250,0.992779
videos/identical_balls_trick_000_018.mp4,40,0.667333,0,0.938221,727.216125,522.599609,0.988805,460.796234,479.382233,0.992899
videos/identical_balls_trick_000_018.mp4,41,0.684017,0,0.938243,727.630371,529.714355,0.988159,460.124664,480.208160,0.992714
videos/identical_balls_trick_000_018.mp4,42,0.700700,0,0.938944,729.429871,530.558289,0.987248,462.922852,480.993256,0.993362
videos/identical_balls_trick_000_018.mp4,43,0.717383,0,0.939365,731.120300,528.433228,0.986008,467.451141,481.164276,0.993658
videos/identical_balls_trick_000_018.mp4,44,0.734067,0,0.933041,734.301025,523.177429,0.987281,477.468750,482.318878,0.993938
videos/identical_balls_trick_000_018.mp4,45,0.750750,0,0.935399,737.667419,514.592590,0.987192,487.218597,484.736053,0.994152
videos/identical_balls_trick_000_018.mp4,46,0.767433,0,0.933388,741.237793,507.187622,0.985786,492.881439,486.120575,0.994542
videos/identical_balls_trick_000_018.mp4,47,0.784117,0,0.936727,743.492188,498.741119,0.979099,494.765991,485.299042,0.993491
videos/identical_balls_trick_000_018.mp4,48,0.800800,0,0.939408,735.443298,498.553741,0.922791,499.275635,483.627350,0.993939
videos/identical_balls_trick_000_018.mp4,49,0.817483,0,0.934848,747.982666,495.829681,0.886236,505.566254,487.343994,0.993033
videos/identical_balls_trick_000_018.mp4,50,0.834167,0,0.937446,740.198425,492.919189,0.967898,507.679565,486.067841,0.992662
videos/identical_balls_trick_000_018.mp4,51,0.850850,0,0.936711,738.511169,480.481049,0.986449,511.554565,484.613892,0.993766
videos/identical_balls_trick_000_018.mp4,52,0.867533,0,0.939314,740.577087,475.651825,0.990859,517.572266,485.162598,0.993378
videos/identical_balls_trick_000_018.mp4,53,0.884217,0,0.938003,743.903259,474.403290,0.989816,521.762634,486.109894,0.991875
videos/identical_balls_trick_000_018.mp4,54,0.900900,0,0.938195,744.789978,474.318848,0.991259,524.569519,489.577606,0.991456
videos/identical_balls_trick_000_018.mp4,55,0.917583,0,0.937875,747.922913,477.601654,0.991060,517.085144,492.649689,0.987214
videos/identical_balls_trick_000_018.mp4,56,0.934267,0,0.934033,747.134094,481.190033,0.990093,520.695068,494.803711,0.982688
videos/identical_balls_trick_000_018.mp4,57,0.950950,0,0.932484,756.392761,484.422485,0.987146,524.426819,506.594727,0.985279
videos/identical_balls_trick_000_018.mp4,58,0.967633,0,0.901309,758.122314,491.010742,0.979392,527.756104,527.059814,0.965504
videos/identical_balls_trick_000_018.mp4,59,0.984317,0,0.931826,774.122803,490.903351,0.982032,522.631409,525.118042,0.973841
videos/identical_balls_trick_000_018.mp4,60,1.001000,0,0.928227,777.665100,488.614471,0.992087,528.297424,523.387329,0.991638
videos/identical_balls_trick_000_018.mp4,61,1.017683,0,0.926376,785.373718,492.356659,0.993947,530.346497,536.592834,0.990653
videos/identical_balls_trick_000_018.mp4,62,1.034367,0,0.927771,785.935059,496.556641,0.994279,531.554016,542.530640,0.990858
videos/identical_balls_trick_000_018.mp4,63,1.051050,0,0.921812,792.912170,498.794586,0.994603,533.033020,551.252563,0.989540
videos/identical_balls_trick_000_018.mp4,64,1.067733,0,0.922224,792.743713,499.878021,0.994600,535.163147,558.899170,0.989882
videos/identical_balls_trick_000_018.mp4,65,1.084417,0,0.922560,793.044373,501.612427,0.994460,536.211731,562.192322,0.989232
videos/identical_balls_trick_000_018.mp4,66,1.101100,0,0.922966,792.515137,502.392609,0.994968,538.611084,563.554932,0.989044
videos/identical_balls_trick_000_018.mp4,67,1.117783,0,0.922073,791.650146,502.716064,0.994675,541.725403,560.764099,0.988602
videos/identical_balls_trick_000_018.mp4,68,1.134467,0,0.921715,787.540344,501.852203,0.994755,541.705811,553.735168,0.989154
videos/identical_balls_trick_000_018.mp4,69,1.151150,0,0.922262,781.398499,500.261993,0.994689,542.270569,545.292236,0.990730
videos/identical_balls_trick_000_018.mp4,70,1.167833,0,0.921679,777.079407,497.606964,0.993648,539.195435,536.542969,0.991331
videos/identical_balls_trick_000_018.mp4,71,1.184517,0,0.917459,763.132263,497.300995,0.986784,537.831299,526.600403,0.991347
videos/identical_balls_trick_000_018.mp4,72,1.201200,0,0.710102,755.785645,495.928619,0.986559,532.267761,516.618530,0.991572
videos/identical_balls_trick_000_018.mp4,73,1.217883,0,0.920318,749.524963,498.195892,0.962507,536.308594,512.948059,0.990809
videos/identical_balls_trick_000_018.mp4,74,1.234567,0,0.933358,737.756653,495.808502,0.957699,537.426575,506.623688,0.992065
videos/identical_balls_trick_000_018.mp4,75,1.251250,0,0.934046,733.713562,493.165497,0.968953,528.935364,497.820557,0.993159
videos/identical_balls_trick_000_018.mp4,76,1.267933,0,0.933432,731.798767,493.998077,0.978431,522.563232,491.131134,0.993125
videos/identical_balls_trick_000_018.mp4,77,1.284617,0,0.934619,729.440674,491.048309,0.982627,519.311951,488.629181,0.992970
videos/identical_balls_trick_000_018.mp4,78,1.301300,0,0.933564,727.112244,493.468475,0.984470,516.078857,487.516571,0.992944
videos/identical_balls_trick_000_018.mp4,79,1.317983,0,0.933808,723.655518,494.380096,0.983352,511.766266,488.971191,0.992114
videos/identical_balls_trick_000_018.mp4,80,1.334667,0,0.930590,718.249451,499.442139,0.986436,506.742096,490.089996,0.989287
videos/identical_balls_trick_000_018.mp4,81,1.351350,0,0.933122,718.841248,501.544434,0.986869,503.088104,490.728760,0.989571
videos/identical_balls_trick_000_018.mp4,82,1.368033,0,0.933826,714.840027,514.979675,0.978686,499.565521,495.772217,0.985136
videos/identical_balls_trick_000_018.mp4,83,1.384717,0,0.936121,719.276367,515.766602,0.987412,493.706207,493.245239,0.989074
videos/identical_balls_trick_000_018.mp4,84,1.401400,0,0.942091,716.875183,526.358826,0.988206,489.230255,496.276855,0.990687
videos/identical_balls_trick_000_018.mp4,85,1.418083,0,0.937975,718.226746,532.521118,0.986838,484.411407,494.865814,0.991324
videos/identical_balls_trick_000_018.mp4,86,1.434767,0,0.937904,716.869934,540.264099,0.985769,478.505280,491.488647,0.992331
videos/identical_balls_trick_000_018.mp4,87,1.451450,0,0.894804,718.055847,542.950928,0.986088,476.767059,490.343292,0.993259
videos/identical_balls_trick_000_018.mp4,88,1.468133,0,0.730271,717.367371,548.532532,0.985416,472.650146,490.395172,0.993046
videos/identical_balls_trick_000_018.mp4,88,1.468133,1,0.256123,717.096863,549.471497,0.985912,471.426727,490.125336,0.991988
videos/identical_balls_trick_000_018.mp4,89,1.484817,0,0.939826,717.713318,552.708435,0.985896,465.351715,490.524628,0.992269
videos/identical_balls_trick_000_018.mp4,90,1.501500,0,0.940943,718.375061,552.953735,0.984980,462.076141,490.422028,0.992250
videos/identical_balls_trick_000_018.mp4,91,1.518183,0,0.939420,719.563660,552.013184,0.985094,461.947266,490.864502,0.992325
videos/identical_balls_trick_000_018.mp4,92,1.534867,0,0.938850,720.370300,547.807556,0.984903,463.184723,490.507324,0.992252
videos/identical_balls_trick_000_018.mp4,93,1.551550,0,0.937832,724.331055,541.291443,0.983920,468.196381,489.469116,0.992629
videos/identical_balls_trick_000_018.mp4,94,1.568233,0,0.933717,727.622742,533.067932,0.986741,476.810150,489.192749,0.992477
videos/identical_balls_trick_000_018.mp4,95,1.584917,0,0.924585,730.711426,521.246643,0.984605,484.929840,489.944672,0.992508
videos/identical_balls_trick_000_018.mp4,96,1.601600,0,0.927100,737.405029,508.385895,0.979343,493.452026,491.596344,0.992781
videos/identical_balls_trick_000_018.mp4,97,1.618283,0,0.931414,738.521667,504.319946,0.959870,498.183258,493.955963,0.993331
videos/identical_balls_trick_000_018.mp4,98,1.634967,0,0.935147,744.021545,504.506104,0.931818,499.587494,494.094269,0.990916
videos/identical_balls_trick_000_018.mp4,99,1.651650,0,0.940464,741.364685,495.392700,0.973400,511.250580,494.085205,0.991874
videos/identical_balls_trick_000_018.mp4,100,1.668333,0,0.941666,742.271057,483.766571,0.986387,514.479797,488.307159,0.993848
videos/identical_balls_trick_000_018.mp4,101,1.685017,0,0.939423,741.240295,473.876587,0.991158,516.152771,484.818512,0.994420
videos/identical_balls_trick_000_018.mp4,102,1.701700,0,0.939869,744.150085,471.667480,0.990601,519.582153,483.817902,0.995232
videos/identical_balls_trick_000_018.mp4,103,1.718383,0,0.940987,744.809570,468.531647,0.989638,521.406677,484.950409,0.995508
videos/identical_balls_trick_000_018.mp4,104,1.735067,0,0.940207,746.353699,469.382690,0.989027,521.057190,488.801178,0.995218
videos/identical_balls_trick_000_018.mp4,105,1.751750,0,0.940222,747.516663,468.608734,0.987765,517.800659,495.364105,0.992991
videos/identical_balls_trick_000_018.mp4,106,1.768433,0,0.939998,752.414734,471.531372,0.987914,515.348145,501.085571,0.992302
videos/identical_balls_trick_000_018.mp4,107,1.785117,0,0.931850,757.774353,469.914642,0.989679,509.224121,508.946869,0.985646
videos/identical_balls_trick_000_018.mp4,108,1.801800,0,0.942680,763.556213,474.940094,0.990482,509.251862,514.857605,0.981102
videos/identical_balls_trick_000_018.mp4,109,1.818483,0,0.937644,769.626770,474.171844,0.991122,509.219971,527.344238,0.966710
videos/identical_balls_trick_000_018.mp4,110,1.835167,0,0.932875,774.751404,472.522919,0.990581,511.728760,538.026062,0.956408
videos/identical_balls_trick_000_018.mp4,111,1.851850,0,0.918117,784.453613,473.527985,0.991871,516.131287,541.790161,0.978010
videos/identical_balls_trick_000_018.mp4,112,1.868533,0,0.924734,787.907715,477.191650,0.993172,520.077820,543.178406,0.989381
videos/identical_balls_trick_000_018.mp4,113,1.885217,0,0.924674,795.013184,476.553955,0.995151,523.986755,546.292908,0.989927
videos/identical_balls_trick_000_018.mp4,114,1.901900,0,0.922888,799.426270,476.474335,0.995196,530.064087,556.820374,0.989678
videos/identical_balls_trick_000_018.mp4,115,1.918583,0,0.920899,804.063171,476.708649,0.995234,533.985168,560.696167,0.988696
videos/identical_balls_trick_000_018.mp4,116,1.935267,0,0.922273,808.007324,477.932037,0.995240,538.103455,562.680847,0.989454
videos/identical_balls_trick_000_018.mp4,117,1.951950,0,0.922206,807.533020,478.372070,0.995198,541.598694,562.561829,0.989829
videos/identical_balls_trick_000_018.mp4,118,1.968633,0,0.921129,803.221252,478.343109,0.995079,544.892090,560.772888,0.989564
videos/identical_balls_trick_000_018.mp4,119,1.985317,0,0.919212,799.072266,478.004486,0.994875,547.114929,554.208679,0.989804
videos/identical_balls_trick_000_018.mp4,120,2.002000,0,0.917531,796.084900,476.159576,0.994808,545.239014,545.630371,0.991183
videos/identical_balls_trick_000_018.mp4,121,2.018683,0,0.915532,789.173035,474.626923,0.994470,545.920654,537.788696,0.991329
videos/identical_balls_trick_000_018.mp4,122,2.035367,0,0.916198,781.108704,475.572876,0.992827,544.661987,525.182068,0.992218
videos/identical_balls_trick_000_018.mp4,123,2.052050,0,0.922391,777.637207,473.846558,0.991552,542.931274,515.079285,0.992413
videos/identical_balls_trick_000_018.mp4,124,2.068733,0,0.934000,768.993408,475.142578,0.990330,544.720764,510.584991,0.992574
videos/identical_balls_trick_000_018.mp4,125,2.085417,0,0.946828,761.454346,475.434723,0.991243,547.999329,495.706635,0.993374
videos/identical_balls_trick_000_018.mp4,126,2.102100,0,0.937019,757.565613,478.582031,0.981655,538.280823,486.255707,0.994953
videos/identical_balls_trick_000_018.mp4,127,2.118783,0,0.936942,755.076416,481.304077,0.981147,534.663757,476.940430,0.995058
videos/identical_balls_trick_000_018.mp4,128,2.135467,0,0.936749,750.853577,483.418793,0.984861,527.456787,468.622650,0.994926
videos/identical_balls_trick_000_018.mp4,129,2.152150,0,0.934185,751.058411,484.823334,0.979720,525.759888,464.895599,0.995136
videos/identical_balls_trick_000_018.mp4,130,2.168833,0,0.935334,751.656494,494.710480,0.985558,521.010437,464.348846,0.994788
videos/identical_balls_trick_000_018.mp4,131,2.185517,0,0.935704,756.002258,496.084839,0.980219,518.043823,465.540436,0.994118
videos/identical_balls_trick_000_018.mp4,132,2.202200,0,0.717895,763.777588,502.994049,0.970729,516.277161,471.890350,0.993514
videos/identical_balls_trick_000_018.mp4,133,2.218883,0,0.940794,768.110657,513.251648,0.953096,514.242371,476.708832,0.989564
videos/identical_balls_trick_000_018.mp4,134,2.235567,0,0.937446,770.925781,510.007202,0.972893,515.605164,481.467194,0.989468
videos/identical_balls_trick_000_018.mp4,135,2.252250,0,0.935196,772.179138,522.119324,0.981876,515.974792,485.656647,0.990599
videos/identical_balls_trick_000_018.mp4,136,2.268933,0,0.938292,774.655945,532.015198,0.985988,513.195923,499.854767,0.986330
videos/identical_balls_trick_000_018.mp4,137,2.285617,0,0.940614,775.459961,538.421753,0.989236,514.195862,511.530182,0.980606
videos/identical_balls_trick_000_018.mp4,138,2.302300,0,0.940996,775.499756,544.975586,0.987908,516.570068,517.288635,0.969391
videos/identical_balls_trick_000_018.mp4,139,2.318983,0,0.940014,774.363708,548.160950,0.987179,519.178101,523.886536,0.952490
videos/identical_balls_trick_000_018.mp4,140,2.335667,0,0.941066,773.224060,551.225403,0.987454,528.306396,528.997314,0.981225
videos/identical_balls_trick_000_018.mp4,141,2.352350,0,0.940177,772.048645,554.003601,0.988894,535.597717,535.381714,0.981656
videos/identical_balls_trick_000_018.mp4,142,2.369033,0,0.940876,770.569641,554.412537,0.989251,542.071411,539.493286,0.987736
videos/identical_balls_trick_000_018.mp4,143,2.385717,0,0.940466,770.270203,553.589478,0.989670,546.204407,542.807617,0.988527
videos/identical_balls_trick_000_018.mp4,144,2.402400,0,0.938803,768.835754,551.465515,0.990386,547.927917,543.762634,0.989742
videos/identical_balls_trick_000_018.mp4,145,2.419083,0,0.937507,765.804993,545.696350,0.990476,551.444397,543.586487,0.989895
videos/identical_balls_trick_000_018.mp4,146,2.435767,0,0.935579,764.243835,541.639709,0.989873,555.397644,537.776855,0.990115
videos/identical_balls_trick_000_018.mp4,147,2.452450,0,0.932934,760.190125,535.466797,0.989541,559.048767,530.777771,0.989996
videos/identical_balls_trick_000_018.mp4,148,2.469133,0,0.930129,756.636963,529.736267,0.986448,556.604309,518.432556,0.990757
videos/identical_balls_trick_000_018.mp4,149,2.485817,0,0.931354,754.743103,531.094177,0.980292,551.984070,515.819763,0.987379
videos/identical_balls_trick_000_018.mp4,150,2.502500,0,0.926120,736.091736,531.809631,0.939648,555.707581,515.944519,0.981406
videos/identical_balls_trick_000_018.mp4,151,2.519183,0,0.928904,743.292786,533.342957,0.954763,562.821228,497.027435,0.984430
videos/identical_balls_trick_000_018.mp4,152,2.535867,0,0.927753,733.483154,520.356689,0.965735,562.648987,480.660187,0.991316
videos/identical_balls_trick_000_018.mp4,153,2.552550,0,0.395189,722.214905,519.845032,0.956203,559.789001,466.864044,0.993363
videos/identical_balls_trick_000_018.mp4,153,2.552550,1,0.376954,721.247986,520.187317,0.959645,559.231079,467.779205,0.992490
videos/identical_balls_trick_000_018.mp4,154,2.569233,0,0.924855,710.476868,517.271606,0.981762,556.364807,455.901733,0.993469
videos/identical_balls_trick_000_018.mp4,155,2.585917,0,0.915031,690.179199,519.933533,0.984107,556.440247,447.196564,0.993465
videos/identical_balls_trick_000_018.mp4,156,2.602600,0,0.911533,671.169495,514.591003,0.993296,556.280518,439.471405,0.994791
videos/identical_balls_trick_000_018.mp4,157,2.619283,0,0.901194,651.904114,515.520325,0.993690,556.398193,435.786224,0.994560
videos/identical_balls_trick_000_018.mp4,158,2.635967,0,0.899961,634.748413,517.701721,0.994547,558.684326,431.865723,0.994876
videos/identical_balls_trick_000_018.mp4,159,2.652650,0,0.893713,614.619995,521.167053,0.994219,559.311890,434.033539,0.995102
videos/identical_balls_trick_000_018.mp4,160,2.669333,0,0.896361,600.428467,523.695679,0.994041,561.075378,435.447540,0.994693
videos/identical_balls_trick_000_018.mp4,161,2.686017,0,0.914992,583.732971,527.063416,0.994804,564.809387,434.835663,0.995111
videos/identical_balls_trick_000_018.mp4,162,2.702700,0,0.907515,576.044006,527.965393,0.993441,567.593262,432.748993,0.995176
videos/identical_balls_trick_000_018.mp4,163,2.719383,0,0.913803,568.605286,527.999756,0.993491,570.471497,429.798615,0.994585
videos/identical_balls_trick_000_018.mp4,164,2.736067,0,0.920497,560.673828,530.125549,0.992018,571.395081,427.427948,0.993928
videos/identical_balls_trick_000_018.mp4,165,2.752750,0,0.917739,554.966553,532.816711,0.994097,572.030457,425.638336,0.992328
videos/identical_balls_trick_000_018.mp4,166,2.769433,0,0.918116,547.773621,535.316589,0.993651,573.335205,425.657318,0.992205
videos/identical_balls_trick_000_018.mp4,167,2.786117,0,0.924700,541.761169,538.202087,0.993056,574.645203,424.500854,0.992109
videos/identical_balls_trick_000_018.mp4,168,2.802800,0,0.926725,536.720642,538.448303,0.992737,574.179138,424.136383,0.992035
videos/identical_balls_trick_000_018.mp4,169,2.819483,0,0.929146,534.057617,537.216064,0.992416,574.295715,422.128510,0.991919
videos/identical_balls_trick_000_018.mp4,170,2.836167,0,0.935029,529.715027,533.880981,0.991674,571.483215,419.405365,0.991527
videos/identical_balls_trick_000_018.mp4,171,2.852850,0,0.931718,527.544189,528.696289,0.992038,568.536438,415.384857,0.991942
videos/identical_balls_trick_000_018.mp4,172,2.869533,0,0.931972,526.455627,520.557373,0.990429,563.908508,409.522308,0.993337
videos/identical_balls_trick_000_018.mp4,173,2.886217,0,0.931631,524.579590,508.745514,0.993014,558.303589,407.159668,0.992513
videos/identical_balls_trick_000_018.mp4,174,2.902900,0,0.932510,525.429504,496.573761,0.993606,552.805359,406.908295,0.989917
videos/identical_balls_trick_000_018.mp4,175,2.919583,0,0.924077,528.465637,485.030975,0.993132,545.888123,396.901855,0.992022
videos/identical_balls_trick_000_018.mp4,176,2.936267,0,0.922491,532.112000,468.719482,0.989905,532.103943,408.265533,0.981344
videos/identical_balls_trick_000_018.mp4,177,2.952950,0,0.919454,532.622864,454.012665,0.988815,514.048523,438.982666,0.970603
videos/identical_balls_trick_000_018.mp4,178,2.969633,0,0.913145,539.768494,442.042480,0.992011,507.293701,438.559479,0.989414
videos/identical_balls_trick_000_018.mp4,179,2.986317,0,0.929249,547.136841,426.802887,0.992065,501.228851,431.762207,0.993423
videos/identical_balls_trick_000_018.mp4,180,3.003000,0,0.928685,560.147034,418.330597,0.993782,500.495514,449.184723,0.994762
videos/identical_balls_trick_000_018.mp4,181,3.019683,0,0.915229,572.378174,413.997437,0.995346,506.086517,467.874512,0.994626
videos/identical_balls_trick_000_018.mp4,182,3.036367,0,0.915628,585.081360,415.092133,0.996529,509.090424,492.420441,0.993419
videos/identical_balls_trick_000_018.mp4,183,3.053050,0,0.923902,602.320374,420.019928,0.995495,508.654053,513.245422,0.986253
videos/identical_balls_trick_000_018.mp4,184,3.069733,0,0.920316,606.384338,422.498383,0.994813,524.672302,528.473450,0.982069
videos/identical_balls_trick_000_018.mp4,185,3.086417,0,0.918149,615.485901,429.464691,0.996089,544.923767,558.009094,0.981779
videos/identical_balls_trick_000_018.mp4,186,3.103100,0,0.915382,623.456604,438.537201,0.994167,558.180359,570.967224,0.990141
videos/identical_balls_trick_000_018.mp4,187,3.119783,0,0.910450,635.879456,450.181976,0.995730,574.837646,582.253723,0.989830
videos/identical_balls_trick_000_018.mp4,188,3.136467,0,0.909190,640.146851,462.567627,0.994635,586.349060,589.676331,0.988609
videos/identical_balls_trick_000_018.mp4,189,3.153150,0,0.903232,647.937317,477.318329,0.990725,591.895569,593.964844,0.987631
videos/identical_balls_trick_000_018.mp4,190,3.169833,0,0.898825,657.157898,492.026855,0.989583,595.609863,599.758606,0.987303
videos/identical_balls_trick_000_018.mp4,191,3.186517,0,0.895638,669.672363,497.919098,0.988835,602.519836,607.340393,0.988780
videos/identical_balls_trick_000_018.mp4,192,3.203200,0,0.898673,677.680359,506.435791,0.990232,606.919739,612.697266,0.987610
videos/identical_balls_trick_000_018.mp4,193,3.219883,0,0.901381,680.660034,511.575775,0.991900,607.861267,615.989441,0.988165
videos/identical_balls_trick_000_018.mp4,194,3.236567,0,0.900681,687.207336,519.709167,0.991390,606.960876,616.250305,0.987601
videos/identical_balls_trick_000_018.mp4,195,3.253250,0,0.901963,690.345764,527.006042,0.991130,604.460388,618.338684,0.987528
videos/identical_balls_trick_000_018.mp4,196,3.269933,0,0.905812,697.727356,532.610657,0.988206,601.518372,616.298340,0.987549
videos/identical_balls_trick_000_018.mp4,197,3.286617,0,0.906765,701.140930,535.044250,0.991148,600.371033,615.317322,0.987147
videos/identical_balls_trick_000_018.mp4,198,3.303300,0,0.908947,705.738525,537.824707,0.991906,599.934509,612.648682,0.986602
videos/identical_balls_trick_000_018.mp4,199,3.319983,0,0.913969,709.416992,540.789978,0.991910,599.882080,609.478821,0.987321
videos/identical_balls_trick_000_018.mp4,200,3.336667,0,0.919549,712.920654,540.798889,0.991166,602.156250,605.699707,0.987439
videos/identical_balls_trick_000_018.mp4,201,3.353350,0,0.919775,713.979675,539.259644,0.991179,600.824524,596.001404,0.988627
videos/identical_balls_trick_000_018.mp4,202,3.370033,0,0.919412,714.935486,536.680603,0.990188,597.604919,583.335510,0.989177
videos/identical_balls_trick_000_018.mp4,203,3.386717,0,0.917381,716.457031,532.009949,0.989431,596.451233,571.184814,0.989551
videos/identical_balls_trick_000_018.mp4,204,3.403400,0,0.917854,717.810242,529.052856,0.987689,596.659729,555.377563,0.989567
videos/identical_balls_trick_000_018.mp4,205,3.420083,0,0.912483,721.482483,533.507568,0.975868,590.969849,538.038330,0.991213
videos/identical_balls_trick_000_018.mp4,206,3.436767,0,0.907685,712.341492,520.807068,0.977932,588.882751,521.673157,0.990897
videos/identical_balls_trick_000_018.mp4,207,3.453450,0,0.909109,701.040588,515.126892,0.980545,581.544250,511.396515,0.990101
videos/identical_balls_trick_000_018.mp4,208,3.470133,0,0.911295,702.293762,531.633850,0.964256,585.541809,496.638947,0.991220
videos/identical_balls_trick_000_018.mp4,209,3.486817,0,0.542563,702.926270,527.740417,0.969683,582.044861,476.241302,0.993240
videos/identical_balls_trick_000_018.mp4,209,3.486817,1,0.212079,702.365417,527.027710,0.969174,582.114380,476.321136,0.994422
videos/identical_balls_trick_000_018.mp4,210,3.503500,0,0.911054,687.918762,520.804504,0.965189,575.261780,460.671967,0.994861
videos/identical_balls_trick_000_018.mp4,211,3.520183,0,0.908544,675.552551,526.933044,0.954333,571.423401,449.290558,0.994494
videos/identical_balls_trick_000_018.mp4,212,3.536867,0,0.905968,664.702942,526.644287,0.974796,570.514465,439.726562,0.994657
videos/identical_balls_trick_000_018.mp4,213,3.553550,0,0.902897,646.431885,524.523743,0.990463,569.698792,432.246918,0.995390
videos/identical_balls_trick_000_018.mp4,214,3.570233,0,0.905780,630.039856,531.531677,0.992458,570.592346,425.976227,0.995066
videos/identical_balls_trick_000_018.mp4,215,3.586917,0,0.905192,611.130554,535.283142,0.992741,574.242981,421.517090,0.994780
videos/identical_balls_trick_000_018.mp4,216,3.603600,0,0.907230,595.731384,536.630615,0.992678,576.438110,420.504883,0.994987
videos/identical_balls_trick_000_018.mp4,217,3.620283,0,0.912188,573.945374,538.463928,0.993209,579.771301,422.954254,0.995128
videos/identical_balls_trick_000_018.mp4,218,3.636967,0,0.914615,568.617554,538.874939,0.991626,581.114441,422.271576,0.994925
videos/identical_balls_trick_000_018.mp4,219,3.653650,0,0.916615,561.562073,536.644958,0.991834,582.386047,421.932617,0.995067
videos/identical_balls_trick_000_018.mp4,220,3.670333,0,0.923499,553.632507,539.296692,0.990710,580.772278,423.813385,0.994999
videos/identical_balls_trick_000_018.mp4,221,3.687017,0,0.921589,547.349365,540.324524,0.991353,580.128296,425.906494,0.994691
videos/identical_balls_trick_000_018.mp4,222,3.703700,0,0.925269,540.418335,541.939270,0.991102,578.822571,428.959747,0.994716
videos/identical_balls_trick_000_018.mp4,223,3.720383,0,0.927929,536.031860,543.900330,0.991035,577.201477,430.244476,0.994650
videos/identical_balls_trick_000_018.mp4,224,3.737067,0,0.928858,529.266663,545.346680,0.990849,576.327454,429.393036,0.994317
videos/identical_balls_trick_000_018.mp4,225,3.753750,0,0.931601,524.849426,544.917847,0.991313,575.157471,427.977997,0.994452
videos/identical_balls_trick_000_018.mp4,226,3.770433,0,0.932924,519.904846,542.795227,0.991577,573.894348,423.551483,0.994729
videos/identical_balls_trick_000_018.mp4,227,3.787117,0,0.935241,517.406738,539.823792,0.990993,572.286133,416.179688,0.994217
videos/identical_balls_trick_000_018.mp4,228,3.803800,0,0.934862,517.063416,533.370178,0.991180,568.378113,406.555328,0.993629
videos/identical_balls_trick_000_018.mp4,229,3.820483,0,0.915104,518.220947,525.395813,0.992765,564.032898,402.814575,0.994575
videos/identical_balls_trick_000_018.mp4,230,3.837167,0,0.916730,514.313293,514.255615,0.992941,557.431335,393.525391,0.993847
videos/identical_balls_trick_000_018.mp4,231,3.853850,0,0.913157,512.135071,500.962616,0.993940,547.270447,391.666901,0.992507
videos/identical_balls_trick_000_018.mp4,232,3.870533,0,0.903781,512.777954,486.912323,0.992834,537.042786,388.671631,0.990900
videos/identical_balls_trick_000_018.mp4,233,3.887217,0,0.890341,516.612061,469.617188,0.992491,520.369202,391.600830,0.991025
videos/identical_balls_trick_000_018.mp4,234,3.903900,0,0.906212,517.227478,453.732666,0.991808,504.112457,405.095795,0.984610
videos/identical_balls_trick_000_018.mp4,235,3.920583,0,0.902254,518.154114,440.094391,0.989998,488.932770,423.795807,0.981595
videos/identical_balls_trick_000_018.mp4,236,3.937267,0,0.916691,527.629578,426.268646,0.993100,482.401215,422.691986,0.993953
videos/identical_balls_trick_000_018.mp4,237,3.953950,0,0.920193,537.194946,414.792450,0.993628,482.842499,434.653320,0.994278
videos/identical_balls_trick_000_018.mp4,238,3.970633,0,0.917962,544.332886,401.638428,0.995805,485.761627,454.381348,0.996005
videos/identical_balls_trick_000_018.mp4,239,3.987317,0,0.912748,546.894592,393.472748,0.996064,488.242188,471.373291,0.995661
videos/identical_balls_trick_000_018.mp4,240,4.004000,0,0.911546,555.146973,385.153931,0.996186,487.180389,495.010101,0.992513
videos/identical_balls_trick_000_018.mp4,241,4.020683,0,0.896492,563.288025,384.167084,0.995610,501.611115,511.341064,0.990158
videos/identical_balls_trick_000_018.mp4,242,4.037367,0,0.890359,566.536682,380.982574,0.993717,520.851624,526.377380,0.976477
videos/identical_balls_trick_000_018.mp4,243,4.054050,0,0.924007,572.022217,383.511322,0.994785,532.441101,533.699829,0.983880
videos/identical_balls_trick_000_018.mp4,244,4.070733,0,0.916747,573.704773,384.491455,0.995444,543.739929,542.159607,0.985708
videos/identical_balls_trick_000_018.mp4,245,4.087417,0,0.923990,577.546326,390.701141,0.994625,559.725403,553.401306,0.991969
videos/identical_balls_trick_000_018.mp4,246,4.104100,0,0.914156,581.944397,396.652466,0.995548,558.116882,553.431702,0.978199
videos/identical_balls_trick_000_018.mp4,247,4.120783,0,0.903175,586.992493,403.914948,0.994844,567.218567,559.831360,0.973630
videos/identical_balls_trick_000_018.mp4,248,4.137467,0,0.913713,592.176086,417.502441,0.994089,574.148315,564.849548,0.987379
videos/identical_balls_trick_000_018.mp4,249,4.154150,0,0.920565,599.936096,428.499268,0.995278,576.980164,570.593140,0.987910
videos/identical_balls_trick_000_018.mp4,250,4.170833,0,0.865548,608.361450,437.639648,0.995237,575.498291,573.937683,0.991110
videos/identical_balls_trick_000_018.mp4,251,4.187517,0,0.921161,621.099487,448.442017,0.995994,573.589233,574.987000,0.992398
videos/identical_balls_trick_000_018.mp4,252,4.204200,0,0.898645,633.382141,458.773560,0.996933,571.938904,577.502625,0.990614
videos/identical_balls_trick_000_018.mp4,253,4.220883,0,0.919620,640.512146,469.422943,0.995312,573.931580,581.613220,0.991652
videos/identical_balls_trick_000_018.mp4,254,4.237567,0,0.923180,650.606384,483.770020,0.995852,574.577332,583.500061,0.991770
videos/identical_balls_trick_000_018.mp4,255,4.254250,0,0.915643,662.922668,492.707062,0.995689,576.379944,586.020874,0.990072
videos/identical_balls_trick_000_018.mp4,256,4.270933,0,0.914363,675.464233,501.612793,0.994996,579.210754,587.736633,0.988754
videos/identical_balls_trick_000_018.mp4,257,4.287617,0,0.914823,679.744324,503.471832,0.995135,580.263306,588.238464,0.988151
videos/identical_balls_trick_000_018.mp4,258,4.304300,0,0.915561,679.822388,503.553864,0.995159,580.183472,588.272705,0.988159
videos/identical_balls_trick_000_018.mp4,259,4.320983,0,0.912686,683.277161,504.227081,0.994758,581.012512,587.603455,0.987847
videos/identical_balls_trick_000_018.mp4,260,4.337667,0,0.912502,683.357666,504.327789,0.994706,581.018433,587.689514,0.987756
videos/identical_balls_trick_000_018.mp4,261,4.354350,0,0.910936,687.637207,506.531036,0.994701,582.465271,586.551147,0.988312
videos/identical_balls_trick_000_018.mp4,262,4.371033,0,0.911968,687.633972,506.555420,0.994699,582.487122,586.669250,0.988392
videos/identical_balls_trick_000_018.mp4,263,4.387717,0,0.909435,692.813782,506.002808,0.994599,584.772888,584.397278,0.988391
videos/identical_balls_trick_000_018.mp4,264,4.404400,0,0.909060,692.860168,506.042938,0.994574,584.656616,584.424316,0.988463
videos/identical_balls_trick_000_018.mp4,265,4.421083,0,0.907299,696.335266,507.892609,0.993344,586.459229,581.951477,0.988309
videos/identical_balls_trick_000_018.mp4,266,4.437767,0,0.907630,696.195374,507.804657,0.993395,586.457581,581.960999,0.988368
videos/identical_balls_trick_000_018.mp4,267,4.454450,0,0.909079,698.705811,507.283447,0.993499,586.750793,576.954285,0.989086
videos/identical_balls_trick_000_018.mp4,268,4.471133,0,0.909144,698.745422,507.219971,0.993460,586.714600,576.927490,0.989075
videos/identical_balls_trick_000_018.mp4,269,4.487817,0,0.909030,700.675354,507.160034,0.992653,587.677612,573.070129,0.989403
videos/identical_balls_trick_000_018.mp4,270,4.504500,0,0.909026,700.586365,507.171997,0.992724,587.856262,573.075806,0.989397
videos/identical_balls_trick_000_018.mp4,271,4.521183,0,0.911327,704.557190,506.469086,0.990464,589.577881,566.681885,0.989406
videos/identical_balls_trick_000_018.mp4,272,4.537867,0,0.911332,704.599609,506.409302,0.990480,589.592712,566.677429,0.989381
videos/identical_balls_trick_000_018.mp4,273,4.554550,0,0.914139,706.055237,506.301544,0.988693,590.883850,558.937927,0.989457
videos/identical_balls_trick_000_018.mp4,274,4.571233,0,0.913856,706.216064,506.560333,0.988736,590.827209,559.016174,0.989526
videos/identical_balls_trick_000_018.mp4,275,4.587917,0,0.913005,707.498108,506.211639,0.986069,589.824158,551.477966,0.990100
videos/identical_balls_trick_000_018.mp4,276,4.604600,0,0.913143,707.487000,506.132111,0.986255,589.888367,551.439819,0.990167
videos/identical_balls_trick_000_018.mp4,277,4.621283,0,0.913901,710.762390,504.957245,0.984855,589.870789,542.857483,0.990942
videos/identical_balls_trick_000_018.mp4,278,4.637967,0,0.913649,710.675232,505.052338,0.984708,589.858643,542.885986,0.990851
videos/identical_balls_trick_000_018.mp4,279,4.654650,0,0.911636,712.361572,501.835785,0.986198,593.791321,535.572205,0.988413
videos/identical_balls_trick_000_018.mp4,280,4.671333,0,0.912290,712.901794,501.783569,0.986309,593.620422,535.624329,0.988507
videos/identical_balls_trick_000_018.mp4,281,4.688017,0,0.926083,713.854065,498.910187,0.984357,589.875549,526.494751,0.986523
videos/identical_balls_trick_000_018.mp4,282,4.704700,0,0.926601,713.738281,498.709503,0.984374,589.768433,526.490540,0.986431
videos/identical_balls_trick_000_018.mp4,283,4.721383,0,0.921653,716.205261,493.791534,0.985393,593.623352,521.338074,0.981109
videos/identical_balls_trick_000_018.mp4,284,4.738067,0,0.921006,715.797546,494.193604,0.984804,593.518982,521.308777,0.980960
videos/identical_balls_trick_000_018.mp4,285,4.754750,0,0.917311,716.200378,490.890778,0.984683,609.529236,515.589417,0.958546
videos/identical_balls_trick_000_018.mp4,286,4.771433,0,0.917006,716.419373,490.935028,0.984659,609.501892,515.535645,0.958703
videos/identical_balls_trick_000_018.mp4,287,4.788117,0,0.913122,719.049988,496.366791,0.969563,600.460449,520.875916,0.953901
videos/identical_balls_trick_000_018.mp4,288,4.804800,0,0.908135,719.058655,496.489960,0.969312,600.860657,520.768005,0.953241
videos/identical_balls_trick_000_018.mp4,289,4.821483,0,0.916403,723.622803,495.193756,0.975259,602.502136,502.015137,0.982392
videos/identical_balls_trick_000_018.mp4,290,4.838167,0,0.917449,723.893860,495.295868,0.975187,602.661682,501.967651,0.981890
videos/identical_balls_trick_000_018.mp4,291,4.854850,0,0.905295,725.917419,496.877533,0.982026,600.320862,498.793915,0.992363
videos/identical_balls_trick_000_018.mp4,292,4.871533,0,0.699753,726.248596,495.855927,0.981535,600.149353,498.250000,0.992008
videos/identical_balls_trick_000_018.mp4,293,4.888217,0,0.917566,722.270691,497.402802,0.986753,599.729919,489.483917,0.994388
videos/identical_balls_trick_000_018.mp4,294,4.904900,0,0.918130,722.620911,497.513794,0.986770,599.776611,489.608551,0.994395
videos/identical_balls_trick_000_018.mp4,295,4.921583,0,0.915263,718.521790,492.558258,0.992034,601.716980,480.657623,0.995543
videos/identical_balls_trick_000_018.mp4,296,4.938267,0,0.915343,718.457092,492.644257,0.992022,601.739868,480.669189,0.995542
videos/identical_balls_trick_000_018.mp4,297,4.954950,0,0.916960,719.415833,487.043701,0.988789,602.128662,471.657562,0.995344
videos/identical_balls_trick_000_018.mp4,298,4.971633,0,0.916612,719.493408,486.607208,0.988057,602.137634,471.498688,0.995320
videos/identical_balls_trick_000_018.mp4,299,4.988317,0,0.916114,716.804626,486.527222,0.990915,602.802551,460.835480,0.995767
videos/identical_balls_trick_000_018.mp4,300,5.005000,0,0.916736,717.012451,486.554779,0.991412,602.891418,460.903717,0.995646
videos/identical_balls_trick_000_018.mp4,301,5.021683,0,0.917707,712.016541,484.412384,0.992364,602.296570,454.952240,0.995372
videos/identical_balls_trick_000_018.mp4,302,5.038367,0,0.918052,712.342773,484.126587,0.992975,602.011047,455.611694,0.995383
videos/identical_balls_trick_000_018.mp4,303,5.055050,0,0.920481,709.934387,482.984467,0.993505,602.744202,447.574188,0.995039
videos/identical_balls_trick_000_018.mp4,304,5.071733,0,0.920536,709.967834,483.013947,0.993541,602.695251,447.671021,0.995027
videos/identical_balls_trick_000_018.mp4,305,5.088417,0,0.919434,705.441895,481.932251,0.995020,604.642334,439.144409,0.994614
videos/identical_balls_trick_000_018.mp4,306,5.105100,0,0.919461,705.131165,481.951294,0.995025,604.934021,439.022797,0.994669
videos/identical_balls_trick_000_018.mp4,307,5.121783,0,0.917406,700.125183,481.156952,0.995456,605.122925,435.468719,0.995062
videos/identical_balls_trick_000_018.mp4,308,5.138467,0,0.917678,700.206787,481.152466,0.995420,605.066833,435.446625,0.995042
videos/identical_balls_trick_000_018.mp4,309,5.155150,0,0.913956,699.733398,481.692139,0.995630,607.050110,432.848480,0.995005
videos/identical_balls_trick_000_018.mp4,310,5.171833,0,0.914262,699.245667,481.703888,0.995833,606.846619,432.418091,0.995120
videos/identical_balls_trick_000_018.mp4,311,5.188517,0,0.911611,696.929993,480.896851,0.996137,608.412231,429.254120,0.994942
videos/identical_balls_trick_000_018.mp4,312,5.205200,0,0.911259,696.941711,480.856689,0.996100,608.459778,429.367401,0.994911
videos/identical_balls_trick_000_018.mp4,313,5.221883,0,0.907099,693.200256,482.141388,0.996220,610.127319,424.106323,0.995110
videos/identical_balls_trick_000_018.mp4,314,5.238567,0,0.907666,692.881836,481.951202,0.996410,610.093689,423.283936,0.995279
videos/identical_balls_trick_000_018.mp4,315,5.255250,0,0.908484,692.280518,483.779633,0.996055,612.937439,419.655365,0.995230
videos/identical_balls_trick_000_018.mp4,316,5.271933,0,0.908469,692.242188,483.748993,0.996056,612.937256,419.635345,0.995201
videos/identical_balls_trick_000_018.mp4,317,5.288617,0,0.904738,691.392578,486.728119,0.996569,617.221985,416.848969,0.995373
videos/identical_balls_trick_000_018.mp4,318,5.305300,0,0.904626,691.456116,486.601837,0.996564,617.513489,416.974731,0.995337
videos/identical_balls_trick_000_018.mp4,319,5.321983,0,0.898898,688.065857,488.626007,0.996641,620.536804,414.252899,0.994508
videos/identical_balls_trick_000_018.mp4,320,5.338667,0,0.899002,687.879456,488.594727,0.996560,620.516541,414.248749,0.994474
videos/identical_balls_trick_000_018.mp4,321,5.355350,0,0.898101,685.513855,493.079620,0.997063,622.425720,408.431854,0.994600
videos/identical_balls_trick_000_018.mp4,322,5.372033,0,0.898859,685.187561,492.999878,0.997011,622.340637,408.441986,0.994601
videos/identical_balls_trick_000_018.mp4,323,5.388717,0,0.891276,682.128784,497.717194,0.997211,626.377258,405.898834,0.994364
videos/identical_balls_trick_000_018.mp4,324,5.405400,0,0.891492,682.128723,497.706543,0.997216,626.397522,405.951813,0.994346
videos/identical_balls_trick_000_018.mp4,325,5.422083,0,0.886400,679.155884,499.674103,0.997143,630.384888,398.708832,0.994041
videos/identical_balls_trick_000_018.mp4,326,5.438767,0,0.887276,679.129395,499.654205,0.997066,630.409973,398.608734,0.993967
videos/identical_balls_trick_000_018.mp4,327,5.455450,0,0.885724,676.416260,501.280121,0.997356,633.304260,395.601929,0.994289
videos/identical_balls_trick_000_018.mp4,328,5.472133,0,0.885544,676.368225,501.315460,0.997366,633.287231,395.587982,0.994291
videos/identical_balls_trick_000_018.mp4,329,5.488817,0,0.885144,673.560852,502.652252,0.997188,636.753113,390.646637,0.994734
videos/identical_balls_trick_000_018.mp4,330,5.505500,0,0.884228,673.593567,502.609619,0.997190,636.702759,390.635864,0.994817
videos/identical_balls_trick_000_018.mp4,331,5.522183,0,0.885387,671.214294,504.383331,0.997114,639.999817,388.165375,0.994813
videos/identical_balls_trick_000_018.mp4,332,5.538867,0,0.885469,671.218445,504.386810,0.997092,639.925537,388.129364,0.994830
videos/identical_balls_trick_000_018.mp4,333,5.555550,0,0.885802,668.390015,505.350433,0.996949,643.485107,385.777802,0.994627
videos/identical_balls_trick_000_018.mp4,334,5.572233,0,0.886191,668.079163,505.315796,0.996938,643.425537,385.765228,0.994597
videos/identical_balls_trick_000_018.mp4,335,5.588917,0,0.887511,663.949341,506.491241,0.996946,646.346497,382.252838,0.994611
videos/identical_balls_trick_000_018.mp4,336,5.605600,0,0.887341,663.760681,506.497772,0.996949,646.320862,382.252655,0.994635
videos/identical_balls_trick_000_018.mp4,337,5.622283,0,0.881590,661.990356,506.242706,0.996992,647.201477,377.885101,0.994236
videos/identical_balls_trick_000_018.mp4,338,5.638967,0,0.880913,662.509460,506.171631,0.996952,647.066772,378.048248,0.994238
videos/identical_balls_trick_000_018.mp4,339,5.655650,0,0.881117,661.751465,506.948761,0.996592,648.488342,376.791107,0.994685
videos/identical_balls_trick_000_018.mp4,340,5.672333,0,0.880960,661.786682,506.943726,0.996568,648.478943,376.750244,0.994697
videos/identical_balls_trick_000_018.mp4,341,5.689017,0,0.880894,663.041199,506.819366,0.996743,651.058044,373.899048,0.994064
videos/identical_balls_trick_000_018.mp4,342,5.705700,0,0.880052,662.047424,506.797455,0.996700,651.129578,374.018341,0.994190
videos/identical_balls_trick_000_018.mp4,343,5.722383,0,0.879811,663.294067,506.699738,0.996475,651.645325,373.193207,0.994238
videos/identical_balls_trick_000_018.mp4,344,5.739067,0,0.879909,663.350952,506.801239,0.996458,651.590027,373.252319,0.994232
videos/identical_balls_trick_000_018.mp4,345,5.755750,0,0.878517,663.781067,506.616699,0.996442,652.175110,372.744232,0.993985
videos/identical_balls_trick_000_018.mp4,346,5.772433,0,0.878646,663.814209,506.655518,0.996510,652.022278,372.691071,0.994118
videos/identical_balls_trick_000_018.mp4,347,5.789117,0,0.879877,664.146057,507.866455,0.996275,653.385376,370.148193,0.993594
videos/identical_balls_trick_000_018.mp4,348,5.805800,0,0.879500,664.157043,507.882355,0.996255,653.436584,370.100983,0.993594
videos/identical_balls_trick_000_018.mp4,349,5.822483,0,0.882300,663.796204,509.854156,0.995798,654.112854,367.619293,0.993405
videos/identical_balls_trick_000_018.mp4,350,5.839167,0,0.881828,664.021240,509.713135,0.995840,654.113220,367.539154,0.993434
videos/identical_balls_trick_000_018.mp4,351,5.855850,0,0.882751,664.131470,511.975616,0.995946,655.487244,365.566681,0.993500
videos/identical_balls_trick_000_018.mp4,352,5.872533,0,0.881768,664.060730,512.017639,0.995947,655.482117,365.490479,0.993525
videos/identical_balls_trick_000_018.mp4,353,5.889217,0,0.881927,664.010986,513.978882,0.995828,656.085632,363.440094,0.993558
videos/identical_balls_trick_000_018.mp4,354,5.905900,0,0.882018,663.629333,513.982605,0.995841,656.197388,363.669922,0.993558
videos/identical_balls_trick_000_018.mp4,355,5.922583,0,0.883103,663.432495,516.361755,0.995941,656.409973,362.598846,0.993851
videos/identical_balls_trick_000_018.mp4,356,5.939267,0,0.883118,663.383789,516.435364,0.995957,656.319519,362.714325,0.993910
videos/identical_balls_trick_000_018.mp4,357,5.955950,0,0.878882,664.152405,518.878113,0.996213,656.380920,359.499115,0.994205
videos/identical_balls_trick_000_018.mp4,358,5.972633,0,0.879095,663.895691,519.040710,0.996180,656.468567,359.577240,0.994224
videos/identical_balls_trick_000_018.mp4,359,5.989317,0,0.879723,663.974670,521.224121,0.996161,656.497131,358.233551,0.994266
videos/identical_balls_trick_000_018.mp4,360,6.006000,0,0.879936,664.058411,521.202820,0.996147,656.506042,358.355865,0.994258
videos/identical_balls_trick_000_018.mp4,361,6.022683,0,0.880712,663.424866,523.309021,0.996195,655.969116,356.605225,0.994513
videos/identical_balls_trick_000_018.mp4,362,6.039367,0,0.880830,663.200378,523.431580,0.996203,656.092957,356.768311,0.994489
videos/identical_balls_trick_000_018.mp4,363,6.056050,0,0.882552,662.726318,525.487610,0.996108,655.595764,355.745941,0.994474
videos/identical_balls_trick_000_018.mp4,364,6.072733,0,0.881448,662.793701,525.433899,0.996136,655.619385,355.783844,0.994463
videos/identical_balls_trick_000_018.mp4,365,6.089417,0,0.881389,661.352722,527.561951,0.996114,655.947449,353.700592,0.994562
videos/identical_balls_trick_000_018.mp4,366,6.106100,0,0.881167,661.429138,527.524109,0.996150,655.906067,353.727081,0.994621
videos/identical_balls_trick_000_018.mp4,367,6.122783,0,0.879478,659.043396,529.722839,0.996109,655.529602,353.222534,0.994818
videos/identical_balls_trick_000_018.mp4,368,6.139467,0,0.879550,659.127747,529.762085,0.996119,655.552612,353.201904,0.994804
videos/identical_balls_trick_000_018.mp4,369,6.156150,0,0.878510,653.500488,532.838806,0.995981,655.110107,352.080231,0.994812
videos/identical_balls_trick_000_018.mp4,370,6.172833,0,0.877655,653.483154,533.023804,0.995906,655.333435,351.797363,0.994847
videos/identical_balls_trick_000_018.mp4,371,6.189517,0,0.880157,650.718567,535.922424,0.995624,654.982056,350.545776,0.994818
videos/identical_balls_trick_000_018.mp4,372,6.206200,0,0.880715,650.628113,536.009460,0.995601,654.956909,350.567413,0.994824
videos/identical_balls_trick_000_018.mp4,373,6.222883,0,0.879734,648.545898,537.470398,0.995489,654.592529,350.756989,0.994614
videos/identical_balls_trick_000_018.mp4,374,6.239567,0,0.879441,648.727661,537.395081,0.995484,654.757996,350.702240,0.994613
videos/identical_balls_trick_000_018.mp4,375,6.256250,0,0.880213,647.447754,538.660095,0.995141,654.569641,349.833588,0.994336
videos/identical_balls_trick_000_018.mp4,376,6.272933,0,0.880884,647.456726,538.708313,0.995159,654.577576,349.853119,0.994378
videos/identical_balls_trick_000_018.mp4,377,6.289617,0,0.884030,645.979187,539.427429,0.994751,654.925232,350.671753,0.994247
videos/identical_balls_trick_000_018.mp4,378,6.306300,0,0.883486,646.142944,539.370850,0.994807,654.957214,350.677643,0.994230
videos/identical_balls_trick_000_018.mp4,379,6.322983,0,0.883004,643.893799,540.592224,0.994583,654.875427,349.800659,0.993984
videos/identical_balls_trick_000_018.mp4,380,6.339667,0,0.883323,643.987732,540.646851,0.994507,654.833252,349.746063,0.993950
videos/identical_balls_trick_000_018.mp4,381,6.356350,0,0.882626,641.474182,541.126526,0.994189,654.004333,349.803497,0.993749
videos/identical_balls_trick_000_018.mp4,382,6.373033,0,0.883386,641.571106,541.347595,0.994125,653.784424,349.735229,0.993685
videos/identical_balls_trick_000_018.mp4,383,6.389717,0,0.883431,639.834961,541.043762,0.993818,652.535156,349.617523,0.993465
videos/identical_balls_trick_000_018.mp4,384,6.406400,0,0.883815,639.822327,541.044128,0.993768,652.580505,349.653809,0.993436
videos/identical_balls_trick_000_018.mp4,385,6.423083,0,0.883133,638.724548,539.989685,0.993685,650.902405,349.749603,0.993604
videos/identical_balls_trick_000_018.mp4,386,6.439767,0,0.884567,638.640076,539.941772,0.993724,650.823242,349.957275,0.993653
videos/identical_balls_trick_000_018.mp4,387,6.456450,0,0.883786,635.066345,539.152893,0.992963,648.359009,349.370209,0.993215
videos/identical_balls_trick_000_018.mp4,388,6.473133,0,0.883562,635.049866,539.176941,0.992983,648.346741,349.235260,0.993261
videos/identical_balls_trick_000_018.mp4,389,6.489817,0,0.883473,631.586853,537.240295,0.992884,644.411194,348.936676,0.993252
videos/identical_balls_trick_000_018.mp4,390,6.506500,0,0.884482,631.494446,537.275818,0.992790,644.393372,349.002533,0.993270
videos/identical_balls_trick_000_018.mp4,391,6.523183,0,0.885451,628.526367,534.942078,0.992733,639.929993,348.080688,0.993191
videos/identical_balls_trick_000_018.mp4,392,6.539867,0,0.885579,628.507751,534.975952,0.992750,639.915527,348.169159,0.993220
videos/identical_balls_trick_000_018.mp4,393,6.556550,0,0.884038,626.105957,532.153809,0.993159,636.329956,348.631989,0.992916
videos/identical_balls_trick_000_018.mp4,394,6.573233,0,0.884199,626.220825,532.190369,0.993098,636.410706,348.753418,0.992912
videos/identical_balls_trick_000_018.mp4,395,6.589917,0,0.886102,624.333679,528.632874,0.993694,633.152588,349.310150,0.992668
videos/identical_balls_trick_000_018.mp4,396,6.606600,0,0.886053,624.303711,528.688049,0.993686,633.169189,349.270874,0.992638
videos/identical_balls_trick_000_018.mp4,397,6.623283,0,0.888357,622.046387,524.008057,0.993779,629.636047,350.739136,0.992483
videos/identical_balls_trick_000_018.mp4,398,6.639967,0,0.887788,621.984192,524.154297,0.993755,629.444641,350.788177,0.992531
videos/identical_balls_trick_000_018.mp4,399,6.656650,0,0.895463,619.212585,518.137390,0.993934,624.687317,354.954132,0.992620
videos/identical_balls_trick_000_018.mp4,400,6.673333,0,0.895063,619.074463,518.158447,0.993875,624.707764,354.944092,0.992568
videos/identical_balls_trick_000_018.mp4,401,6.690017,0,0.899844,619.511230,510.726959,0.993709,614.850464,358.087372,0.992980
videos/identical_balls_trick_000_018.mp4,402,6.706700,0,0.899560,619.453308,510.761841,0.993660,614.906738,358.130981,0.992973
videos/identical_balls_trick_000_018.mp4,403,6.723383,0,0.908858,618.509155,504.542328,0.994208,607.979492,362.489868,0.993964
videos/identical_balls_trick_000_018.mp4,404,6.740067,0,0.909022,618.532593,504.612183,0.994213,608.086731,362.474457,0.993952
videos/identical_balls_trick_000_018.mp4,405,6.756750,0,0.909365,618.813354,498.084351,0.994634,603.243958,368.744141,0.993991
videos/identical_balls_trick_000_018.mp4,406,6.773433,0,0.909288,618.718323,498.054443,0.994639,603.272705,368.908844,0.993985
videos/identical_balls_trick_000_018.mp4,407,6.790117,0,0.910787,616.702820,490.515411,0.994302,596.536316,375.355713,0.993382
videos/identical_balls_trick_000_018.mp4,408,6.806800,0,0.910473,616.702698,490.545441,0.994277,596.552856,375.385498,0.993376
videos/identical_balls_trick_000_018.mp4,409,6.823483,0,0.913359,615.372559,483.096710,0.994848,589.184082,383.714264,0.993610
videos/identical_balls_trick_000_018.mp4,410,6.840167,0,0.913704,615.033020,483.174225,0.994860,589.241638,383.565338,0.993464
videos/identical_balls_trick_000_018.mp4,411,6.856850,0,0.910372,612.819580,476.180420,0.995106,581.138123,392.514801,0.991356
videos/identical_balls_trick_000_018.mp4,412,6.873533,0,0.910002,612.856201,476.141449,0.995096,581.127991,392.549805,0.991338
videos/identical_balls_trick_000_018.mp4,413,6.890217,0,0.907142,611.682312,468.493134,0.994844,573.224792,406.384857,0.988672
videos/identical_balls_trick_000_018.mp4,414,6.906900,0,0.907568,611.525574,468.521149,0.994835,573.094910,406.692474,0.988630
videos/identical_balls_trick_000_018.mp4,415,6.923583,0,0.914007,614.838806,464.675812,0.995000,560.495056,449.874542,0.965289
videos/identical_balls_trick_000_018.mp4,416,6.940267,0,0.913996,614.872742,464.692627,0.994969,560.415222,450.898315,0.965075
videos/identical_balls_trick_000_018.mp4,417,6.956950,0,0.916748,616.482849,460.046417,0.993556,565.373352,458.325592,0.977524
videos/identical_balls_trick_000_018.mp4,418,6.973633,0,0.916463,616.269043,460.065887,0.993459,565.396301,457.935760,0.977667
videos/identical_balls_trick_000_018.mp4,419,6.990317,0,0.924635,616.227600,453.455170,0.993053,559.025696,457.363495,0.987596
videos/identical_balls_trick_000_018.mp4,420,7.007000,0,0.924451,616.264648,453.538086,0.993101,559.005310,457.505859,0.987596
videos/identical_balls_trick_000_018.mp4,421,7.023683,0,0.927646,615.759033,447.213837,0.994061,554.736206,463.518951,0.992188
videos/identical_balls_trick_000_018.mp4,422,7.040367,0,0.927368,615.715820,447.316925,0.994075,554.813965,463.456909,0.992145
videos/identical_balls_trick_000_018.mp4,423,7.057050,0,0.930600,618.271667,442.311890,0.994491,553.629089,471.555939,0.993619
videos/identical_balls_trick_000_018.mp4,424,7.073733,0,0.930206,618.259949,442.329803,0.994445,553.564087,471.634521,0.993579
videos/identical_balls_trick_000_018.mp4,425,7.090417,0,0.924084,620.370544,435.687408,0.995173,554.197205,480.344574,0.989101
videos/identical_balls_trick_000_018.mp4,426,7.107100,0,0.923766,620.490601,436.043182,0.995092,553.954773,479.147675,0.988574
videos/identical_balls_trick_000_018.mp4,427,7.123783,0,0.924257,624.382690,434.038239,0.995467,550.276855,487.154755,0.967149
videos/identical_balls_trick_000_018.mp4,428,7.140467,0,0.924218,624.404480,434.080566,0.995471,550.298401,487.344238,0.967233
videos/identical_balls_trick_000_018.mp4,429,7.157150,0,0.923628,628.124695,430.397705,0.995983,550.815979,500.177277,0.979848
videos/identical_balls_trick_000_018.mp4,430,7.173833,0,0.923105,627.927673,430.176849,0.995926,551.135559,500.587250,0.978571
videos/identical_balls_trick_000_018.mp4,431,7.190517,0,0.923869,630.985413,428.278839,0.995906,558.099854,510.678833,0.986478
videos/identical_balls_trick_000_018.mp4,432,7.207200,0,0.923501,630.992432,428.180695,0.995898,558.170410,510.633942,0.986519
videos/identical_balls_trick_000_018.mp4,433,7.223883,0,0.924749,633.271606,426.706390,0.995545,563.047302,516.186035,0.989439
videos/identical_balls_trick_000_018.mp4,434,7.240567,0,0.924668,633.337524,426.730194,0.995557,563.446838,515.964294,0.989880
videos/identical_balls_trick_000_018.mp4,435,7.257250,0,0.925635,637.007629,425.895142,0.995751,571.331604,524.240723,0.991674
videos/identical_balls_trick_000_018.mp4,436,7.273933,0,0.925644,636.991882,425.892944,0.995745,571.449890,524.351135,0.991676
videos/identical_balls_trick_000_018.mp4,437,7.290617,0,0.925399,640.094299,424.297638,0.995698,579.390442,535.484985,0.991019
videos/identical_balls_trick_000_018.mp4,438,7.307300,0,0.925248,640.163757,424.111542,0.995725,580.463684,535.379456,0.990925
videos/identical_balls_trick_000_018.mp4,439,7.323983,0,0.924614,643.144958,421.767487,0.995877,590.810425,544.275085,0.991520
videos/identical_balls_trick_000_018.mp4,440,7.340667,0,0.924772,643.145996,421.757355,0.995889,590.885254,544.320984,0.991539
videos/identical_balls_trick_000_018.mp4,441,7.357350,0,0.928608,645.052795,420.917847,0.996279,604.741760,554.333435,0.992293
videos/identical_balls_trick_000_018.mp4,442,7.374033,0,0.927640,645.037048,421.030273,0.996289,604.707214,554.241028,0.992244
videos/identical_balls_trick_000_018.mp4,443,7.390717,0,0.930839,647.240601,421.258392,0.996400,614.726013,561.948425,0.991996
videos/identical_balls_trick_000_018.mp4,444,7.407400,0,0.930220,647.258362,421.205597,0.996386,614.719727,561.952332,0.992010
videos/identical_balls_trick_000_018.mp4,445,7.424083,0,0.932267,648.916626,421.623444,0.996433,623.408020,566.918030,0.992744
videos/identical_balls_trick_000_018.mp4,446,7.440767,0,0.932290,648.680359,421.516693,0.996393,623.872314,567.100403,0.992814
videos/identical_balls_trick_000_018.mp4,447,7.457450,0,0.927825,650.267151,421.960571,0.995718,630.450562,570.261414,0.992065
videos/identical_balls_trick_000_018.mp4,448,7.474133,0,0.924702,650.260010,422.093384,0.995787,630.540833,570.311340,0.992143
videos/identical_balls_trick_000_018.mp4,449,7.490817,0,0.908149,652.021057,422.001984,0.994830,638.457581,572.374023,0.993469
videos/identical_balls_trick_000_018.mp4,450,7.507500,0,0.918190,652.120667,422.057404,0.994826,638.385315,572.594727,0.993442
videos/identical_balls_trick_000_018.mp4,451,7.524183,0,0.922299,652.934631,422.860443,0.995419,645.959167,574.619263,0.993547
videos/identical_balls_trick_000_018.mp4,452,7.540867,0,0.921929,652.926086,422.859650,0.995429,646.006775,574.636169,0.993544
videos/identical_balls_trick_000_018.mp4,453,7.557550,0,0.921429,656.045288,428.776703,0.996149,651.195251,575.837097,0.993436
videos/identical_balls_trick_000_018.mp4,454,7.574233,0,0.920567,656.044556,429.032257,0.996101,651.338013,575.992004,0.993389
videos/identical_balls_trick_000_018.mp4,455,7.590917,0,0.922904,657.931641,437.771240,0.996456,654.692932,575.394348,0.993165
videos/identical_balls_trick_000_018.mp4,456,7.607600,0,0.922734,657.861206,437.697235,0.996447,654.852051,575.493958,0.993158
videos/identical_balls_trick_000_018.mp4,457,7.624283,0,0.922402,660.231140,443.689056,0.996498,657.247253,574.912537,0.993390
videos/identical_balls_trick_000_018.mp4,458,7.640967,0,0.922394,660.396667,443.672333,0.996500,657.428955,575.024658,0.993315
videos/identical_balls_trick_000_018.mp4,459,7.657650,0,0.921220,663.599731,447.295685,0.996119,659.333557,574.191345,0.993677
videos/identical_balls_trick_000_018.mp4,460,7.674333,0,0.920891,663.610596,447.302490,0.996120,659.478455,574.230957,0.993633
videos/identical_balls_trick_000_018.mp4,461,7.691017,0,0.919468,667.127319,449.034912,0.994863,661.183960,574.575989,0.993310
videos/identical_balls_trick_000_018.mp4,462,7.707700,0,0.919614,666.577881,448.838623,0.994838,661.467102,574.633484,0.993214
videos/identical_balls_trick_000_018.mp4,463,7.724383,0,0.917865,673.678162,456.489044,0.993024,660.775085,573.492981,0.993579
videos/identical_balls_trick_000_018.mp4,464,7.741067,0,0.918046,673.796204,456.503265,0.992969,660.661255,573.496338,0.993565
videos/identical_balls_trick_000_018.mp4,465,7.757750,0,0.916047,679.012512,464.543823,0.991163,659.889771,574.185059,0.992745
videos/identical_balls_trick_000_018.mp4,466,7.774433,0,0.916110,678.597961,464.652008,0.990798,659.727905,574.048889,0.992714
videos/identical_balls_trick_000_018.mp4,467,7.791117,0,0.917133,679.739319,469.217621,0.989377,658.464050,573.587585,0.992553
videos/identical_balls_trick_000_018.mp4,468,7.807800,0,0.916754,679.784851,469.352173,0.989619,658.433044,573.584290,0.992564
videos/identical_balls_trick_000_018.mp4,469,7.824483,0,0.910183,702.973877,494.307343,0.977401,657.870056,575.268982,0.991134
videos/identical_balls_trick_000_018.mp4,470,7.841167,0,0.910311,703.016113,494.685333,0.975520,657.110535,575.070923,0.991175
videos/identical_balls_trick_000_018.mp4,471,7.857850,0,0.909618,692.223694,503.250488,0.948524,658.380066,577.481995,0.991570
videos/identical_balls_trick_000_018.mp4,472,7.874533,0,0.909082,693.169128,503.207245,0.949860,658.410706,577.555664,0.991505
videos/identical_balls_trick_000_018.mp4,473,7.891217,0,0.909271,686.717285,506.162750,0.902167,658.617310,579.990540,0.992184
videos/identical_balls_trick_000_018.mp4,474,7.907900,0,0.909264,686.097351,506.362061,0.902147,658.504822,579.973328,0.992225
videos/identical_balls_trick_000_018.mp4,475,7.924583,0,0.909048,691.829773,512.444397,0.900279,656.698303,581.431885,0.991497
videos/identical_balls_trick_000_018.mp4,476,7.941267,0,0.909408,691.048828,512.568176,0.897580,656.721191,581.523438,0.991448
videos/identical_balls_trick_000_018.mp4,477,7.957950,0,0.907562,699.012512,502.163330,0.937321,657.688782,585.328430,0.991304
videos/identical_balls_trick_000_018.mp4,478,7.974633,0,0.908566,698.677429,501.777710,0.938702,657.758728,585.383667,0.991274
videos/identical_balls_trick_000_018.mp4,479,7.991317,0,0.909299,703.358398,497.182465,0.955482,655.737122,587.819946,0.991104
videos/identical_balls_trick_000_018.mp4,480,8.008000,0,0.909246,703.470032,497.041595,0.955566,655.691345,587.804993,0.991045
videos/identical_balls_trick_000_018.mp4,481,8.024683,0,0.909709,700.532898,498.048920,0.959069,654.464600,590.262268,0.991118
videos/identical_balls_trick_000_018.mp4,482,8.041367,0,0.909628,701.850769,497.705963,0.958622,654.677185,590.306641,0.991272
videos/identical_balls_trick_000_018.mp4,483,8.058050,0,0.911668,700.225769,499.812622,0.972544,653.715820,592.553650,0.991010
videos/identical_balls_trick_000_018.mp4,484,8.074733,0,0.911607,699.849670,499.945099,0.973181,653.761719,592.575195,0.991030
videos/identical_balls_trick_000_018.mp4,485,8.091417,0,0.913524,703.141541,501.531647,0.986320,651.869446,594.482666,0.990531
videos/identical_balls_trick_000_018.mp4,486,8.108100,0,0.913217,702.712463,501.613495,0.986264,651.538513,594.343323,0.990601
videos/identical_balls_trick_000_018.mp4,487,8.124783,0,0.915424,705.514160,504.479858,0.983038,648.078796,595.721924,0.990695
videos/identical_balls_trick_000_018.mp4,488,8.141467,0,0.915342,705.309021,504.507202,0.982979,648.069275,595.706909,0.990709
videos/identical_balls_trick_000_018.mp4,489,8.158150,0,0.915124,708.292419,503.561432,0.988297,646.331970,595.988464,0.990506
videos/identical_balls_trick_000_018.mp4,490,8.174833,0,0.915206,708.571472,503.539429,0.988507,645.915588,595.530518,0.990527
videos/identical_balls_trick_000_018.mp4,491,8.191517,0,0.917487,710.906189,504.850861,0.987521,642.875916,595.300293,0.989886
videos/identical_balls_trick_000_018.mp4,492,8.208200,0,0.917788,711.126282,504.831299,0.987772,642.836792,595.292236,0.989867
videos/identical_balls_trick_000_018.mp4,493,8.224883,0,0.918660,712.820801,505.801605,0.988961,640.933044,597.144409,0.989829
videos/identical_balls_trick_000_018.mp4,494,8.241567,0,0.918595,712.891602,505.750854,0.989241,640.860657,597.187927,0.989891
videos/identical_balls_trick_000_018.mp4,495,8.258250,0,0.920128,713.428711,506.890137,0.990166,638.862305,598.082581,0.989401
videos/identical_balls_trick_000_018.mp4,496,8.274933,0,0.920195,713.255432,506.982452,0.990192,638.839844,598.104919,0.989423
videos/identical_balls_trick_000_018.mp4,497,8.291617,0,0.921378,714.209229,507.474030,0.990302,635.140381,596.600708,0.988957
videos/identical_balls_trick_000_018.mp4,498,8.308300,0,0.920864,714.325134,507.446167,0.990510,635.089233,596.478699,0.989099
videos/identical_balls_trick_000_018.mp4,499,8.324983,0,0.921025,713.639587,508.437012,0.991083,631.901855,596.432495,0.989262
videos/identical_balls_trick_000_018.mp4,500,8.341667,0,0.920538,713.223328,508.924347,0.991014,631.570984,596.293213,0.989334
videos/identical_balls_trick_000_018.mp4,501,8.358350,0,0.920796,713.433411,509.855927,0.990288,629.042664,596.157654,0.989268
videos/identical_balls_trick_000_018.mp4,502,8.375033,0,0.920505,713.438477,509.808716,0.990224,629.004456,596.278931,0.989387
videos/identical_balls_trick_000_018.mp4,503,8.391717,0,0.920592,713.703796,509.484955,0.990535,627.218079,596.009033,0.989491
videos/identical_balls_trick_000_018.mp4,504,8.408400,0,0.920566,713.613464,509.492035,0.990462,627.264038,596.056458,0.989456
videos/identical_balls_trick_000_018.mp4,505,8.425083,0,0.921819,713.459717,509.849487,0.988751,625.373474,595.521240,0.989220
videos/identical_balls_trick_000_018.mp4,506,8.441767,0,0.921906,713.746765,509.931549,0.988425,625.377258,595.599426,0.989150
videos/identical_balls_trick_000_018.mp4,507,8.458450,0,0.923230,713.472168,508.860748,0.988750,622.091797,592.981812,0.989463
videos/identical_balls_trick_000_018.mp4,508,8.475133,0,0.923126,713.435120,509.031952,0.988397,622.176941,593.030457,0.989446
videos/identical_balls_trick_000_018.mp4,509,8.491817,0,0.923303,713.613831,507.076691,0.986206,619.359253,590.519958,0.989291
videos/identical_balls_trick_000_018.mp4,510,8.508500,0,0.923072,713.638733,507.041504,0.986252,619.371887,590.400818,0.989292
videos/identical_balls_trick_000_018.mp4,511,8.525183,0,0.922467,713.957092,506.729645,0.986323,617.404968,588.038208,0.989157
videos/identical_balls_trick_000_018.mp4,512,8.541867,0,0.922273,714.171448,506.759796,0.986198,617.383484,587.944275,0.989105
videos/identical_balls_trick_000_018.mp4,513,8.558550,0,0.926657,715.826843,504.935516,0.984395,614.108521,582.474731,0.988625
videos/identical_balls_trick_000_018.mp4,514,8.575233,0,0.926493,716.059509,504.912567,0.984631,613.947205,582.437195,0.988627
videos/identical_balls_trick_000_018.mp4,515,8.591917,0,0.925562,717.132019,506.098846,0.978509,611.838318,577.026001,0.989355
videos/identical_balls_trick_000_018.mp4,516,8.608600,0,0.925366,716.660400,506.024811,0.977368,611.841248,577.160767,0.989296
videos/identical_balls_trick_000_018.mp4,517,8.625283,0,0.926852,717.475037,503.944214,0.980272,610.014832,569.905945,0.990152
videos/identical_balls_trick_000_018.mp4,518,8.641967,0,0.926321,717.441650,503.888458,0.980298,610.419006,570.100769,0.990070
videos/identical_balls_trick_000_018.mp4,519,8.658650,0,0.923820,717.025574,503.793579,0.977620,607.013062,562.890198,0.991128
videos/identical_balls_trick_000_018.mp4,520,8.675333,0,0.924064,716.989807,503.743622,0.977467,607.033264,562.925415,0.991041
videos/identical_balls_trick_000_018.mp4,521,8.692017,0,0.923714,714.526794,500.289673,0.977550,605.665771,555.689453,0.990142
videos/identical_balls_trick_000_018.mp4,522,8.708700,0,0.923793,714.478516,500.368896,0.977464,605.740906,555.783630,0.990177
videos/identical_balls_trick_000_018.mp4,523,8.725383,0,0.922803,712.151794,496.847626,0.969009,602.476746,547.390869,0.990011
videos/identical_balls_trick_000_018.mp4,524,8.742067,0,0.922890,711.925537,497.511353,0.967937,602.471680,547.391174,0.990014
videos/identical_balls_trick_000_018.mp4,525,8.758750,0,0.921342,708.451904,502.493683,0.938681,598.602966,537.240967,0.990817
videos/identical_balls_trick_000_018.mp4,526,8.775433,0,0.921833,708.627197,502.725922,0.938209,598.628174,537.188293,0.990796
videos/identical_balls_trick_000_018.mp4,527,8.792117,0,0.920566,711.637390,501.409698,0.953913,596.354797,528.079651,0.990007
videos/identical_balls_trick_000_018.mp4,528,8.808800,0,0.920864,711.228821,501.473907,0.953618,596.188049,527.940430,0.990036
videos/identical_balls_trick_000_018.mp4,529,8.825483,0,0.919545,709.165771,503.639313,0.951739,591.075195,520.739990,0.989937
videos/identical_balls_trick_000_018.mp4,530,8.842167,0,0.919648,709.064209,503.552521,0.951370,591.476318,520.754700,0.989646
videos/identical_balls_trick_000_018.mp4,531,8.858850,0,0.921037,713.059570,516.554016,0.981563,592.083435,515.927612,0.989594
videos/identical_balls_trick_000_018.mp4,532,8.875533,0,0.921055,713.080322,516.937195,0.981991,592.156982,515.892761,0.989593
videos/identical_balls_trick_000_018.mp4,533,8.892217,0,0.922044,713.013916,513.943481,0.986157,587.327881,511.811035,0.990494
videos/identical_balls_trick_000_018.mp4,534,8.908900,0,0.922078,712.783630,513.325500,0.985734,587.498962,511.914673,0.990624
videos/identical_balls_trick_000_018.mp4,535,8.925583,0,0.929518,704.666443,507.396088,0.990469,591.572021,510.790283,0.990354
videos/identical_balls_trick_000_018.mp4,536,8.942267,0,0.929679,704.587830,507.508087,0.990370,591.574036,510.811279,0.990393
videos/identical_balls_trick_000_018.mp4,537,8.958950,0,0.910637,699.019775,503.058014,0.990429,589.792664,494.860931,0.993022
videos/identical_balls_trick_000_018.mp4,538,8.975633,0,0.910705,698.867188,502.930542,0.990453,589.955505,494.876312,0.992950
videos/identical_balls_trick_000_018.mp4,539,8.992317,0,0.914618,694.505859,500.599274,0.992395,588.180481,485.696289,0.995015
videos/identical_balls_trick_000_018.mp4,540,9.009000,0,0.915137,694.610596,500.690704,0.992358,588.217407,485.750702,0.995023
videos/identical_balls_trick_000_018.mp4,541,9.025683,0,0.915506,690.550964,498.308472,0.992707,585.766174,477.844879,0.995280
videos/identical_balls_trick_000_018.mp4,542,9.042367,0,0.915287,690.755798,498.420868,0.992595,585.854736,477.757721,0.995260
videos/identical_balls_trick_000_018.mp4,543,9.059050,0,0.912230,688.676514,498.230499,0.991986,583.843445,466.111084,0.995542
videos/identical_balls_trick_000_018.mp4,544,9.075733,0,0.912293,688.666809,498.260284,0.991974,583.864319,466.133881,0.995520
videos/identical_balls_trick_000_018.mp4,545,9.092417,0,0.912301,683.895996,499.200439,0.993076,580.764282,457.095306,0.995970
videos/identical_balls_trick_000_018.mp4,546,9.109100,0,0.912182,683.745605,498.592682,0.993154,581.042542,456.980560,0.995966
videos/identical_balls_trick_000_018.mp4,547,9.125783,0,0.911598,677.812317,500.109619,0.993215,577.743286,450.994598,0.995813
videos/identical_balls_trick_000_018.mp4,548,9.142467,0,0.911984,677.658569,499.976776,0.993200,577.778870,451.003265,0.995797
videos/identical_balls_trick_000_018.mp4,549,9.159150,0,0.910859,674.523071,500.105499,0.993302,575.400696,443.367035,0.995938
videos/identical_balls_trick_000_018.mp4,550,9.175833,0,0.910945,674.736023,500.076569,0.993483,575.457092,442.967133,0.995926
videos/identical_balls_trick_000_018.mp4,551,9.192517,0,0.912299,666.249512,500.741943,0.993426,575.304626,435.803711,0.995832
videos/identical_balls_trick_000_018.mp4,552,9.209200,0,0.912233,666.250061,500.617523,0.993402,575.315002,435.860199,0.995796
videos/identical_balls_trick_000_018.mp4,553,9.225883,0,0.907315,657.297058,501.393341,0.994000,574.586182,430.015961,0.995643
videos/identical_balls_trick_000_018.mp4,554,9.242567,0,0.907112,657.421143,501.478394,0.993948,574.644470,430.313446,0.995631
videos/identical_balls_trick_000_018.mp4,555,9.259250,0,0.904901,653.229919,505.190674,0.992872,570.682678,427.032837,0.995037
videos/identical_balls_trick_000_018.mp4,556,9.275933,0,0.905015,653.370239,505.252594,0.992898,570.677551,427.103790,0.995005
videos/identical_balls_trick_000_018.mp4,557,9.292617,0,0.901815,647.605286,506.468018,0.994219,571.702393,420.136719,0.994714
videos/identical_balls_trick_000_018.mp4,558,9.309300,0,0.901884,647.695068,506.442657,0.994237,571.515991,420.203125,0.994702
videos/identical_balls_trick_000_018.mp4,559,9.325983,0,0.902892,639.507385,509.385254,0.994038,571.862488,416.989746,0.994417
videos/identical_balls_trick_000_018.mp4,560,9.342667,0,0.903051,639.517639,509.359955,0.994022,571.963135,417.021820,0.994365
videos/identical_balls_trick_000_018.mp4,561,9.359350,0,0.902959,622.002502,512.272644,0.992357,571.255127,414.638916,0.993940
videos/identical_balls_trick_000_018.mp4,562,9.376033,0,0.903370,622.062073,512.277222,0.992676,570.986633,414.661865,0.993938
videos/identical_balls_trick_000_018.mp4,563,9.392717,0,0.904379,614.246948,516.354736,0.991455,569.264221,413.941803,0.993381
videos/identical_balls_trick_000_018.mp4,564,9.409400,0,0.904598,614.336975,516.400208,0.991490,569.181519,414.057373,0.993434
videos/identical_balls_trick_000_018.mp4,565,9.426083,0,0.903805,598.905945,518.176941,0.990911,570.894775,410.114227,0.992549
videos/identical_balls_trick_000_018.mp4,566,9.442767,0,0.904062,599.182922,518.174683,0.991101,570.970520,410.030273,0.992671
videos/identical_balls_trick_000_018.mp4,567,9.459450,0,0.908979,596.418945,521.103882,0.991780,572.032593,407.601654,0.992739
videos/identical_balls_trick_000_018.mp4,568,9.476133,0,0.909140,595.996521,521.070435,0.991800,572.039612,407.560089,0.992763
videos/identical_balls_trick_000_018.mp4,569,9.492817,0,0.916591,588.463013,524.768494,0.992459,572.295959,405.845581,0.993319
videos/identical_balls_trick_000_018.mp4,570,9.509500,0,0.916787,587.973572,524.810852,0.992430,572.374207,405.818481,0.993375
videos/identical_balls_trick_000_018.mp4,571,9.526183,0,0.913008,580.389160,527.258240,0.991491,575.789551,401.011993,0.993760
videos/identical_balls_trick_000_018.mp4,572,9.542867,0,0.914364,580.211609,527.268677,0.991592,575.818420,401.026703,0.993812
videos/identical_balls_trick_000_018.mp4,573,9.559550,0,0.913984,572.897278,527.487854,0.990688,577.819214,397.472137,0.993527
videos/identical_balls_trick_000_018.mp4,574,9.576233,0,0.914025,572.738464,527.461975,0.990709,577.930603,397.450958,0.993533
videos/identical_balls_trick_000_018.mp4,575,9.592917,0,0.918645,563.187927,529.431091,0.991027,580.318787,395.192230,0.993698
videos/identical_balls_trick_000_018.mp4,576,9.609600,0,0.918775,563.162170,529.434387,0.991009,580.216370,395.300781,0.993648
videos/identical_balls_trick_000_018.mp4,577,9.626283,0,0.920443,555.627502,530.313904,0.990349,582.096252,393.987793,0.994172
videos/identical_balls_trick_000_018.mp4,578,9.642967,0,0.920648,555.629211,530.380249,0.990390,582.122437,393.804932,0.994162
videos/identical_balls_trick_000_018.mp4,579,9.659650,0,0.924052,552.510437,529.743713,0.989888,582.595581,392.432220,0.993647
videos/identical_balls_trick_000_018.mp4,580,9.676333,0,0.924110,552.433289,529.748657,0.989870,582.573547,392.463135,0.993651
videos/identical_balls_trick_000_018.mp4,581,9.693017,0,0.925665,549.110596,528.103577,0.989529,584.074524,392.286652,0.994081
videos/identical_balls_trick_000_018.mp4,582,9.709700,0,0.925907,549.376404,527.903503,0.989699,583.964783,392.233887,0.994092
videos/identical_balls_trick_000_018.mp4,583,9.726383,0,0.926284,545.031555,526.547363,0.989648,585.685913,390.976105,0.994200
videos/identical_balls_trick_000_018.mp4,584,9.743067,0,0.926568,544.990723,526.553772,0.989593,585.697510,390.991058,0.994218
videos/identical_balls_trick_000_018.mp4,585,9.759750,0,0.925600,540.561035,525.555969,0.989297,586.701233,390.501465,0.994211
videos/identical_balls_trick_000_018.mp4,586,9.776433,0,0.925647,540.576721,525.499695,0.989286,586.656738,390.558228,0.994173
videos/identical_balls_trick_000_018.mp4,587,9.793117,0,0.928723,534.677185,525.322571,0.989994,589.191833,388.264038,0.994181
videos/identical_balls_trick_000_018.mp4,588,9.809800,0,0.928678,534.683533,525.332092,0.990020,589.052063,388.365509,0.994206
videos/identical_balls_trick_000_018.mp4,589,9.826483,0,0.931346,531.781006,524.718872,0.990238,592.119263,385.574005,0.993993
videos/identical_balls_trick_000_018.mp4,590,9.843167,0,0.931010,531.930847,524.722900,0.990184,592.149353,385.519287,0.994012
videos/identical_balls_trick_000_018.mp4,591,9.859850,0,0.932309,529.822266,524.603088,0.990553,592.923157,384.415192,0.993763
videos/identical_balls_trick_000_018.mp4,592,9.876533,0,0.932330,529.868591,524.688782,0.990554,592.957520,384.310333,0.993718
videos/identical_balls_trick_000_018.mp4,593,9.893217,0,0.930424,524.536316,525.359680,0.991096,594.599609,382.850586,0.993598
videos/identical_balls_trick_000_018.mp4,594,9.909900,0,0.930245,524.473206,525.331909,0.991098,594.640503,382.904419,0.993576
videos/identical_balls_trick_000_018.mp4,595,9.926583,0,0.929430,523.294739,524.927063,0.991370,595.498352,381.868073,0.993586
videos/identical_balls_trick_000_018.mp4,596,9.943267,0,0.929393,523.268250,524.906677,0.991386,595.489685,381.925934,0.993607
videos/identical_balls_trick_000_018.mp4,597,9.959950,0,0.930413,520.336731,524.860291,0.991553,595.691772,382.426056,0.993595
videos/identical_balls_trick_000_018.mp4,598,9.976633,0,0.930093,520.260681,524.880676,0.991589,595.684692,382.385284,0.993586
videos/identical_balls_trick_000_018.mp4,599,9.993317,0,0.931044,518.638306,524.149841,0.991722,596.409180,382.476166,0.993592
videos/identical_balls_trick_000_018.mp4,600,10.010000,0,0.930499,518.804199,524.065857,0.991760,595.872192,382.500122,0.993594
videos/identical_balls_trick_000_018.mp4,601,10.026683,0,0.931181,515.598877,523.868713,0.991332,597.697815,380.977905,0.993371
videos/identical_balls_trick_000_018.mp4,602,10.043367,0,0.931202,515.665955,523.716370,0.991370,597.792786,380.838165,0.993401
videos/identical_balls_trick_000_018.mp4,603,10.060050,0,0.934387,512.064148,523.841370,0.991733,599.071228,379.428192,0.993377
videos/identical_balls_trick_000_018.mp4,604,10.076733,0,0.934214,512.004456,523.874573,0.991691,599.009094,379.204742,0.993375
videos/identical_balls_trick_000_018.mp4,605,10.093417,0,0.934942,510.263947,523.205933,0.992512,599.905640,377.842896,0.993385
videos/identical_balls_trick_000_018.mp4,606,10.110100,0,0.935051,510.320526,523.151611,0.992486,599.889771,377.814850,0.993396
videos/identical_balls_trick_000_018.mp4,607,10.126783,0,0.935304,508.751831,521.634949,0.992802,601.362244,376.785156,0.993319
videos/identical_balls_trick_000_018.mp4,608,10.143467,0,0.935565,508.702637,521.734436,0.992803,601.391479,376.775604,0.993292
videos/identical_balls_trick_000_018.mp4,609,10.160150,0,0.937087,505.238068,520.350525,0.993066,601.608765,375.799957,0.993435
videos/identical_balls_trick_000_018.mp4,610,10.176833,0,0.937102,505.190887,520.350525,0.993056,601.529907,375.715668,0.993426
videos/identical_balls_trick_000_018.mp4,611,10.193517,0,0.939968,502.120758,519.740051,0.992708,601.966980,373.784576,0.993532
videos/identical_balls_trick_000_018.mp4,612,10.210200,0,0.940124,502.086914,519.718933,0.992706,602.036316,373.669678,0.993530
videos/identical_balls_trick_000_018.mp4,613,10.226883,0,0.908146,501.097656,516.761047,0.992666,603.547546,373.624847,0.993013
videos/identical_balls_trick_000_018.mp4,614,10.243567,0,0.896298,501.072968,516.723572,0.992638,603.420471,373.693695,0.993015
videos/identical_balls_trick_000_018.mp4,615,10.260250,0,0.931254,498.747803,515.923889,0.992747,602.962097,371.385834,0.992946
videos/identical_balls_trick_000_018.mp4,616,10.276933,0,0.931358,498.942474,516.038147,0.992757,603.123657,371.434357,0.992923
videos/identical_balls_trick_000_018.mp4,617,10.293617,0,0.929204,498.008331,513.811279,0.992831,602.173035,369.071503,0.992840
videos/identical_balls_trick_000_018.mp4,618,10.310300,0,0.928963,498.000885,513.815369,0.992843,602.234192,369.085724,0.992825
videos/identical_balls_trick_000_018.mp4,619,10.326983,0,0.926850,496.514618,510.834625,0.992949,601.986145,365.359833,0.992761
videos/identical_balls_trick_000_018.mp4,620,10.343667,0,0.926995,496.436432,510.847382,0.992978,601.970520,365.280243,0.992774
videos/identical_balls_trick_000_018.mp4,621,10.360350,0,0.926162,496.174896,507.604828,0.992914,598.918030,363.872223,0.992317
videos/identical_balls_trick_000_018.mp4,622,10.377033,0,0.926312,496.153351,507.639557,0.992947,598.860291,363.945404,0.992307
videos/identical_balls_trick_000_018.mp4,623,10.393717,0,0.922393,495.143768,505.046478,0.992064,594.671570,361.957855,0.991733
videos/identical_balls_trick_000_018.mp4,624,10.410400,0,0.922626,495.157379,505.071381,0.992096,594.663086,361.900482,0.991740
videos/identical_balls_trick_000_018.mp4,625,10.427083,0,0.922041,492.053223,502.933868,0.992071,589.787659,359.457520,0.992071
videos/identical_balls_trick_000_018.mp4,626,10.443767,0,0.922267,492.075317,502.932251,0.992061,589.839661,359.407227,0.992036
videos/identical_balls_trick_000_018.mp4,627,10.460450,0,0.923207,492.055786,495.701874,0.991125,583.714417,358.303101,0.992544
videos/identical_balls_trick_000_018.mp4,628,10.477133,0,0.922516,492.180939,495.690063,0.991062,583.714905,358.345367,0.992548
videos/identical_balls_trick_000_018.mp4,629,10.493817,0,0.920226,491.942291,490.563965,0.989972,577.199768,357.121094,0.992200
videos/identical_balls_trick_000_018.mp4,630,10.510500,0,0.920337,491.965332,490.507568,0.989987,577.237549,357.050873,0.992183
videos/identical_balls_trick_000_018.mp4,631,10.527183,0,0.918455,491.198212,484.348236,0.989339,570.616394,356.437134,0.992138
videos/identical_balls_trick_000_018.mp4,632,10.543867,0,0.918284,491.213257,484.339325,0.989268,570.767517,356.424683,0.992136
videos/identical_balls_trick_000_018.mp4,633,10.560550,0,0.920536,492.584595,478.350739,0.990605,565.239136,356.326080,0.992601
videos/identical_balls_trick_000_018.mp4,634,10.577233,0,0.920461,492.583740,478.390900,0.990644,565.173401,356.353607,0.992591
videos/identical_balls_trick_000_018.mp4,635,10.593917,0,0.919349,495.062836,470.500580,0.989559,558.935547,355.183258,0.993198
videos/identical_balls_trick_000_018.mp4,636,10.610600,0,0.919590,495.069122,470.448334,0.989480,559.034851,355.049835,0.993156
videos/identical_balls_trick_000_018.mp4,637,10.627283,0,0.914579,493.256348,464.871490,0.988972,550.675354,359.358398,0.992797
videos/identical_balls_trick_000_018.mp4,638,10.643967,0,0.914836,493.360809,464.968414,0.988971,550.633362,359.364380,0.992798
videos/identical_balls_trick_000_018.mp4,639,10.660650,0,0.907285,491.179321,458.684662,0.989124,538.565186,363.141815,0.992078
videos/identical_balls_trick_000_018.mp4,640,10.677333,0,0.907719,491.135223,458.666412,0.989081,538.539246,363.235840,0.992063
videos/identical_balls_trick_000_018.mp4,641,10.694017,0,0.903163,495.630249,451.164795,0.989176,521.870911,376.219147,0.992200
videos/identical_balls_trick_000_018.mp4,642,10.710700,0,0.903470,495.528778,451.123505,0.989203,521.874268,376.057281,0.992238
videos/identical_balls_trick_000_018.mp4,643,10.727383,0,0.896852,498.027557,442.634766,0.991348,507.829559,399.236572,0.990327
videos/identical_balls_trick_000_018.mp4,644,10.744067,0,0.896288,498.114014,442.576324,0.991239,507.920013,398.990814,0.990217
videos/identical_balls_trick_000_018.mp4,645,10.760750,0,0.901076,496.318695,435.723297,0.991918,493.203156,428.284454,0.978673
videos/identical_balls_trick_000_018.mp4,646,10.777433,0,0.901386,496.296967,435.792023,0.991995,493.333038,428.027557,0.978612
videos/identical_balls_trick_000_018.mp4,647,10.794117,0,0.914344,496.210297,429.348267,0.992343,486.150116,430.464081,0.982224
videos/identical_balls_trick_000_018.mp4,648,10.810800,0,0.914097,496.119995,429.211456,0.992336,486.239380,430.346893,0.982134
videos/identical_balls_trick_000_018.mp4,649,10.827483,0,0.910047,499.811401,423.486969,0.992822,485.438599,427.666382,0.989550
videos/identical_balls_trick_000_018.mp4,650,10.844167,0,0.909807,499.876984,423.564453,0.992868,485.478790,427.727264,0.989552
videos/identical_balls_trick_000_018.mp4,651,10.860850,0,0.921938,500.130463,415.555695,0.992469,483.205170,422.707153,0.993219
videos/identical_balls_trick_000_018.mp4,652,10.877533,0,0.921744,500.121674,415.459961,0.992444,483.168427,422.594025,0.993202
videos/identical_balls_trick_000_018.mp4,653,10.894217,0,0.917515,504.404816,408.872650,0.992885,479.299835,435.779083,0.995242
videos/identical_balls_trick_000_018.mp4,654,10.910900,0,0.917502,504.367523,408.895996,0.992862,479.299316,435.806641,0.995251
videos/identical_balls_trick_000_018.mp4,655,10.927583,0,0.918222,508.598419,402.367828,0.993684,477.819611,451.857635,0.995542
videos/identical_balls_trick_000_018.mp4,656,10.944267,0,0.918266,508.629730,402.429535,0.993735,477.803619,451.820526,0.995568
videos/identical_balls_trick_000_018.mp4,657,10.960950,0,0.917639,510.217560,396.141937,0.994549,478.583527,464.024567,0.995486
videos/identical_balls_trick_000_018.mp4,658,10.977633,0,0.917641,510.174957,396.025513,0.994540,478.714447,464.350739,0.995472
videos/identical_balls_trick_000_018.mp4,659,10.994317,0,0.913811,510.694305,389.821686,0.995160,478.489655,474.726044,0.995236
videos/identical_balls_trick_000_018.mp4,660,11.011000,0,0.913668,510.755035,389.856720,0.995160,478.459229,474.717804,0.995262
videos/identical_balls_trick_000_018.mp4,661,11.027683,0,0.913167,515.097839,386.085907,0.995628,474.120209,486.472809,0.994708
videos/identical_balls_trick_000_018.mp4,662,11.044367,0,0.913341,514.945557,385.920502,0.995643,473.926239,486.388184,0.994736
videos/identical_balls_trick_000_018.mp4,663,11.061050,0,0.914265,520.334656,384.361908,0.995730,475.179535,502.420319,0.994321
videos/identical_balls_trick_000_018.mp4,664,11.077733,0,0.914187,520.251221,384.333160,0.995757,475.100494,502.446503,0.994313
videos/identical_balls_trick_000_018.mp4,665,11.094417,0,0.915826,522.385437,382.024994,0.995503,483.119019,513.665161,0.994016
videos/identical_balls_trick_000_018.mp4,666,11.111100,0,0.915885,522.389099,382.019531,0.995522,483.205322,513.691956,0.994004
videos/identical_balls_trick_000_018.mp4,667,11.127783,0,0.912149,523.636414,377.912262,0.995105,490.217285,520.579773,0.994109
videos/identical_balls_trick_000_018.mp4,668,11.144467,0,0.912096,523.692993,377.942017,0.995125,490.206879,520.630737,0.994115
videos/identical_balls_trick_000_018.mp4,669,11.161150,0,0.904329,526.575134,375.909821,0.994668,493.425049,531.359558,0.992834
videos/identical_balls_trick_000_018.mp4,670,11.177833,0,0.904720,526.467834,376.062897,0.994660,493.343781,531.601379,0.992828
videos/identical_balls_trick_000_018.mp4,671,11.194517,0,0.894372,528.530701,374.152863,0.994389,502.697968,538.438538,0.993292
videos/identical_balls_trick_000_018.mp4,672,11.211200,0,0.894284,528.388184,374.042999,0.994379,502.757446,538.359741,0.993263
videos/identical_balls_trick_000_018.mp4,673,11.227883,0,0.882965,531.302673,371.634247,0.993863,506.737183,545.390808,0.993390
videos/identical_balls_trick_000_018.mp4,674,11.244567,0,0.882969,531.226135,371.644897,0.993909,506.842682,545.064636,0.993419
videos/identical_balls_trick_000_018.mp4,675,11.261250,0,0.874678,530.501404,370.158051,0.994224,513.708923,552.680237,0.992663
videos/identical_balls_trick_000_018.mp4,676,11.277933,0,0.874757,530.505493,370.200592,0.994194,513.748108,552.548401,0.992667
videos/identical_balls_trick_000_018.mp4,677,11.294617,0,0.868642,533.510925,371.084473,0.993463,520.658447,561.759460,0.991613
videos/identical_balls_trick_000_018.mp4,678,11.311300,0,0.868522,533.620178,371.184570,0.993467,520.638855,561.753845,0.991619
videos/identical_balls_trick_000_018.mp4,679,11.327983,0,0.870209,536.072083,372.553802,0.993076,527.473633,570.064880,0.991142
videos/identical_balls_trick_000_018.mp4,680,11.344667,0,0.870402,536.146545,372.603394,0.993068,527.410889,569.943359,0.991117
videos/identical_balls_trick_000_018.mp4,681,11.361350,0,0.867296,537.160889,375.429108,0.993045,537.218079,577.405334,0.991594
videos/identical_balls_trick_000_018.mp4,682,11.378033,0,0.867267,537.222351,375.429657,0.993036,537.270325,577.336670,0.991593
videos/identical_balls_trick_000_018.mp4,683,11.394717,0,0.872911,538.923767,377.842499,0.993492,542.454956,582.656494,0.991184
videos/identical_balls_trick_000_018.mp4,684,11.411400,0,0.872608,538.928833,377.842682,0.993532,542.453796,582.576599,0.991205
videos/identical_balls_trick_000_018.mp4,685,11.428083,0,0.876100,541.435242,381.081696,0.992715,549.882507,586.109802,0.990659
videos/identical_balls_trick_000_018.mp4,686,11.444767,0,0.875703,541.543213,381.241089,0.992726,549.931641,586.148621,0.990641
videos/identical_balls_trick_000_018.mp4,687,11.461450,0,0.882720,544.003784,384.019287,0.992471,554.629944,586.512146,0.990220
videos/identical_balls_trick_000_018.mp4,688,11.478133,0,0.882940,543.986389,384.063843,0.992463,554.619202,586.655457,0.990160
videos/identical_balls_trick_000_018.mp4,689,11.494817,0,0.882743,548.366882,389.337067,0.991893,559.123596,586.582458,0.988915
videos/identical_balls_trick_000_018.mp4,690,11.511500,0,0.882339,548.393860,389.429565,0.991904,559.108093,586.512878,0.989016
videos/identical_balls_trick_000_018.mp4,691,11.528183,0,0.581758,550.011902,390.462250,0.990666,560.426819,582.221680,0.987379
videos/identical_balls_trick_000_018.mp4,692,11.544867,0,0.894271,550.014648,390.572266,0.990666,560.387634,582.226440,0.987315
videos/identical_balls_trick_000_018.mp4,693,11.561550,0,0.927839,551.528870,394.496246,0.990610,562.835388,580.414856,0.987151
videos/identical_balls_trick_000_018.mp4,694,11.578233,0,0.927845,551.667419,394.626617,0.990814,562.932922,580.419189,0.987172
videos/identical_balls_trick_000_018.mp4,695,11.594917,0,0.916502,553.813293,401.714935,0.990507,566.356934,578.832092,0.987012
videos/identical_balls_trick_000_018.mp4,696,11.611600,0,0.916215,553.929749,401.705963,0.990337,566.452820,578.890869,0.986915
videos/identical_balls_trick_000_018.mp4,697,11.628283,0,0.925649,558.065430,409.196777,0.989196,570.267090,579.504639,0.987026
videos/identical_balls_trick_000_018.mp4,698,11.644967,0,0.925010,557.986389,409.079376,0.989057,570.341492,579.662170,0.986951
videos/identical_balls_trick_000_018.mp4,699,11.661650,0,0.923621,564.334290,421.673615,0.985460,573.558777,580.123230,0.986831
videos/identical_balls_trick_000_018.mp4,700,11.678333,0,0.923820,564.354492,421.759247,0.985585,573.257080,579.949341,0.987148
videos/identical_balls_trick_000_018.mp4,701,11.695017,0,0.925393,570.794250,432.481842,0.980078,576.114563,581.652283,0.986963
videos/identical_balls_trick_000_018.mp4,702,11.711700,0,0.925237,570.790466,432.583496,0.979926,576.067810,581.628662,0.986910
videos/identical_balls_trick_000_018.mp4,703,11.728383,0,0.924790,572.004089,444.861176,0.979220,574.357361,582.283386,0.987197
videos/identical_balls_trick_000_018.mp4,704,11.745067,0,0.924465,571.967346,444.705078,0.979155,574.219421,582.202393,0.987204
videos/identical_balls_trick_000_018.mp4,705,11.761750,0,0.922893,571.355774,450.942749,0.933772,573.128845,580.725525,0.985581
videos/identical_balls_trick_000_018.mp4,706,11.778433,0,0.923085,569.947876,450.837372,0.933035,573.192993,580.709656,0.985723
videos/identical_balls_trick_000_018.mp4,707,11.795117,0,0.924013,578.426880,460.590424,0.920722,574.684875,584.488892,0.985891
videos/identical_balls_trick_000_018.mp4,708,11.811800,0,0.923830,578.787598,460.288818,0.920313,574.695801,584.401794,0.985732
videos/identical_balls_trick_000_018.mp4,709,11.828483,0,0.924467,574.253235,463.908966,0.928036,572.498352,587.551758,0.985879
videos/identical_balls_trick_000_018.mp4,710,11.845167,0,0.924536,574.429382,463.993195,0.926983,572.560242,587.546265,0.985851
videos/identical_balls_trick_000_018.mp4,711,11.861850,0,0.923711,582.439392,463.553467,0.953036,568.813904,589.616211,0.985996
videos/identical_balls_trick_000_018.mp4,712,11.878533,0,0.923885,582.612732,463.454987,0.953638,568.867065,589.640320,0.985955
videos/identical_balls_trick_000_018.mp4,713,11.895217,0,0.923003,588.110840,469.902496,0.974692,566.247864,591.132874,0.987823
videos/identical_balls_trick_000_018.mp4,714,11.911900,0,0.923163,588.118591,469.902374,0.974723,566.319641,591.160095,0.987794
videos/identical_balls_trick_000_018.mp4,715,11.928583,0,0.924267,593.246643,479.628906,0.986734,564.511719,590.526367,0.989572
videos/identical_balls_trick_000_018.mp4,716,11.945267,0,0.924233,593.281799,479.543976,0.986824,564.520447,590.531189,0.989577
videos/identical_balls_trick_000_018.mp4,717,11.961950,0,0.927705,598.164734,486.322968,0.988612,563.808594,592.691162,0.989626
videos/identical_balls_trick_000_018.mp4,718,11.978633,0,0.927702,598.164856,486.329010,0.988599,563.716919,592.633240,0.989651
videos/identical_balls_trick_000_018.mp4,719,11.995317,0,0.930319,600.564880,492.044952,0.992070,559.616150,591.980774,0.989401
videos/identical_balls_trick_000_018.mp4,720,12.012000,0,0.929966,600.464905,492.061768,0.992020,559.570496,591.998291,0.989369
videos/identical_balls_trick_000_018.mp4,721,12.028683,0,0.929304,602.392090,498.541504,0.992754,555.523987,593.841614,0.990133
videos/identical_balls_trick_000_018.mp4,722,12.045367,0,0.929583,602.294678,498.604248,0.992723,555.586853,593.947693,0.990105
videos/identical_balls_trick_000_018.mp4,723,12.062050,0,0.930689,606.993713,504.277344,0.993091,555.072937,595.628967,0.990001
videos/identical_balls_trick_000_018.mp4,724,12.078733,0,0.930521,607.013916,504.238281,0.993124,555.151367,595.758728,0.990050
videos/identical_balls_trick_000_018.mp4,725,12.095417,0,0.931662,609.939575,512.017944,0.993850,553.480347,600.264404,0.989631
videos/identical_balls_trick_000_018.mp4,726,12.112100,0,0.931551,609.898743,511.954590,0.993903,553.453430,600.252930,0.989660
videos/identical_balls_trick_000_018.mp4,727,12.128783,0,0.933352,612.725403,517.222534,0.993740,552.610901,601.424011,0.989060
videos/identical_balls_trick_000_018.mp4,728,12.145467,0,0.933303,612.679321,517.205322,0.993760,552.588196,601.386169,0.989125
videos/identical_balls_trick_000_018.mp4,729,12.162150,0,0.935514,614.990173,520.245544,0.993492,550.493164,602.085693,0.989462
videos/identical_balls_trick_000_018.mp4,730,12.178833,0,0.935500,614.968628,520.223877,0.993472,550.512756,602.106995,0.989428
videos/identical_balls_trick_000_018.mp4,731,12.195517,0,0.936245,618.931702,525.176697,0.993234,548.881104,603.922241,0.989007
videos/identical_balls_trick_000_018.mp4,732,12.212200,0,0.936158,618.962646,525.125793,0.993211,548.934814,604.000061,0.989018
videos/identical_balls_trick_000_018.mp4,733,12.228883,0,0.936106,621.036438,531.740601,0.993647,547.315247,605.141052,0.988604
videos/identical_balls_trick_000_018.mp4,734,12.245567,0,0.936182,621.079895,531.724792,0.993665,547.342468,605.065857,0.988586
videos/identical_balls_trick_000_018.mp4,735,12.262250,0,0.934396,623.888184,534.536682,0.994069,545.437683,605.091614,0.988704
videos/identical_balls_trick_000_018.mp4,736,12.278933,0,0.934334,623.827454,534.533264,0.994040,545.196533,605.090515,0.988607
videos/identical_balls_trick_000_018.mp4,737,12.295617,0,0.933533,624.993469,537.291199,0.993227,544.084045,605.700195,0.987931
videos/identical_balls_trick_000_018.mp4,738,12.312300,0,0.933517,624.877686,537.327209,0.993225,544.068054,605.745911,0.987886
videos/identical_balls_trick_000_018.mp4,739,12.328983,0,0.932053,627.299988,538.519958,0.993620,542.802673,604.625427,0.988383
videos/identical_balls_trick_000_018.mp4,740,12.345667,0,0.931997,627.380188,538.512024,0.993614,542.710144,604.642151,0.988322
videos/identical_balls_trick_000_018.mp4,741,12.362350,0,0.931211,629.302917,539.178955,0.993065,541.283386,602.907471,0.987729
videos/identical_balls_trick_000_018.mp4,742,12.379033,0,0.931097,629.287476,539.138794,0.993079,541.374207,602.948486,0.987665
videos/identical_balls_trick_000_018.mp4,743,12.395717,0,0.930602,630.962830,539.327454,0.992888,539.616272,599.545471,0.987581
videos/identical_balls_trick_000_018.mp4,744,12.412400,0,0.930522,630.933350,539.463928,0.992918,539.606384,599.404663,0.987755
videos/identical_balls_trick_000_018.mp4,745,12.429083,0,0.929226,633.259521,538.260742,0.993392,538.739380,596.516357,0.988386
videos/identical_balls_trick_000_018.mp4,746,12.445767,0,0.929207,633.078064,538.254822,0.993392,538.662842,596.434814,0.988460
videos/identical_balls_trick_000_018.mp4,747,12.462450,0,0.928285,635.612000,536.749817,0.993363,537.229126,592.901367,0.988018
videos/identical_balls_trick_000_018.mp4,748,12.479133,0,0.928235,635.610107,536.838440,0.993342,537.312012,592.981750,0.987976
videos/identical_balls_trick_000_018.mp4,749,12.495817,0,0.929311,638.147949,534.018127,0.993095,535.072937,585.589172,0.987283
videos/identical_balls_trick_000_018.mp4,750,12.512500,0,0.931169,637.975281,534.623535,0.992896,534.916443,585.781982,0.987383
videos/identical_balls_trick_000_018.mp4,751,12.529183,0,0.931098,639.246033,532.741882,0.991920,534.351501,580.511963,0.988124
videos/identical_balls_trick_000_018.mp4,752,12.545867,0,0.931175,639.233459,532.791687,0.991875,534.376526,580.497253,0.988103
videos/identical_balls_trick_000_018.mp4,753,12.562550,0,0.929332,639.325928,531.188843,0.991336,532.850891,574.959290,0.988807
videos/identical_balls_trick_000_018.mp4,754,12.579233,0,0.929383,639.609314,531.121521,0.991418,532.837524,575.023743,0.988743
videos/identical_balls_trick_000_018.mp4,755,12.595917,0,0.928647,641.772888,527.097717,0.991033,531.240784,565.271484,0.988860
videos/identical_balls_trick_000_018.mp4,756,12.612600,0,0.928582,641.750916,527.089111,0.990954,531.240540,565.286621,0.988808
videos/identical_balls_trick_000_018.mp4,757,12.629283,0,0.929471,641.630554,526.332214,0.989969,531.318420,560.898926,0.988484
videos/identical_balls_trick_000_018.mp4,758,12.645967,0,0.929302,641.534241,526.548767,0.989974,531.220825,560.817932,0.988472
videos/identical_balls_trick_000_018.mp4,759,12.662650,0,0.927737,646.299500,524.968933,0.986699,528.050232,553.559204,0.988077
videos/identical_balls_trick_000_018.mp4,760,12.679333,0,0.927673,646.075623,525.146423,0.986555,528.130676,553.698914,0.988122
videos/identical_balls_trick_000_018.mp4,761,12.696017,0,0.922070,643.011536,524.843567,0.973100,528.292603,544.539856,0.984003
videos/identical_balls_trick_000_018.mp4,762,12.712700,0,0.921709,642.908264,524.989319,0.972587,528.925110,544.809875,0.983549
videos/identical_balls_trick_000_018.mp4,763,12.729383,0,0.914224,645.117371,526.214966,0.911492,524.692810,536.792603,0.976394
videos/identical_balls_trick_000_018.mp4,764,12.746067,0,0.914153,645.353210,525.920227,0.908903,524.698730,536.974426,0.975918
videos/identical_balls_trick_000_018.mp4,765,12.762750,0,0.906078,641.499512,532.827209,0.903857,527.041443,534.916077,0.917424
videos/identical_balls_trick_000_018.mp4,766,12.779433,0,0.906329,640.823547,533.255920,0.899627,526.950623,535.067932,0.920918
videos/identical_balls_trick_000_018.mp4,767,12.796117,0,0.911624,641.057373,531.213379,0.974363,529.078064,528.869568,0.968386
videos/identical_balls_trick_000_018.mp4,768,12.812800,0,0.911827,640.978027,531.438293,0.974233,529.311462,528.738342,0.967884
videos/identical_balls_trick_000_018.mp4,769,12.829483,0,0.919117,638.123230,529.908020,0.986579,518.223206,523.167603,0.985015
videos/identical_balls_trick_000_018.mp4,770,12.846167,0,0.919441,638.449036,530.006531,0.986543,518.214050,523.354614,0.985019
videos/identical_balls_trick_000_018.mp4,771,12.862850,0,0.921673,632.641296,535.190002,0.987842,516.951477,514.844177,0.986389
videos/identical_balls_trick_000_018.mp4,772,12.879533,0,0.921804,632.371887,535.202820,0.987884,516.990662,514.749146,0.986495
videos/identical_balls_trick_000_018.mp4,773,12.896217,0,0.923403,620.698364,538.791016,0.986793,511.419647,501.586700,0.989732
videos/identical_balls_trick_000_018.mp4,774,12.912900,0,0.926730,604.388245,542.534241,0.987961,509.534882,484.957397,0.990756
videos/identical_balls_trick_000_018.mp4,775,12.929583,0,0.927119,577.247314,559.633057,0.984205,506.707031,473.649872,0.990752
videos/identical_balls_trick_000_018.mp4,776,12.946267,0,0.922585,558.618774,575.286072,0.980795,506.843506,469.888306,0.989121
videos/identical_balls_trick_000_018.mp4,777,12.962950,0,0.923121,536.532043,591.878235,0.985187,507.475433,461.567749,0.990521
videos/identical_balls_trick_000_018.mp4,778,12.979633,0,0.912302,522.638367,598.475952,0.986493,511.179199,457.070801,0.991830
videos/identical_balls_trick_000_018.mp4,779,12.996317,0,0.911497,505.895264,605.969482,0.985185,517.167358,444.528839,0.991643
videos/identical_balls_trick_000_018.mp4,780,13.013000,0,0.913480,501.707977,604.293274,0.986446,524.355591,429.300537,0.991424
videos/identical_balls_trick_000_018.mp4,781,13.029683,0,0.912681,490.086700,607.619934,0.985582,532.080750,418.830597,0.991496
videos/identical_balls_trick_000_018.mp4,782,13.046367,0,0.911565,478.814087,610.997559,0.987111,537.951050,410.484833,0.991324
videos/identical_balls_trick_000_018.mp4,783,13.063050,0,0.912804,468.654327,611.888245,0.988628,542.761292,396.514679,0.990518
videos/identical_balls_trick_000_018.mp4,784,13.079733,0,0.914848,463.723907,608.372009,0.989081,547.747192,390.407501,0.990265
videos/identical_balls_trick_000_018.mp4,785,13.096417,0,0.918790,462.783478,604.197571,0.990044,551.690002,385.486359,0.990222
videos/identical_balls_trick_000_018.mp4,786,13.113100,0,0.919453,459.693695,600.146423,0.990903,555.236511,382.650513,0.991000
videos/identical_balls_trick_000_018.mp4,787,13.129783,0,0.921702,457.604523,596.126160,0.992458,559.335510,382.967621,0.991557
videos/identical_balls_trick_000_018.mp4,788,13.146467,0,0.928904,452.687225,592.879517,0.992732,563.770569,382.934326,0.991137
videos/identical_balls_trick_000_018.mp4,789,13.163150,0,0.928492,451.285858,587.945312,0.993320,566.300903,383.261322,0.990763
videos/identical_balls_trick_000_018.mp4,790,13.179833,0,0.927240,449.858032,581.520813,0.994496,567.878357,383.061432,0.991409
videos/identical_balls_trick_000_018.mp4,791,13.196517,0,0.931485,446.830811,575.696289,0.994384,566.990906,382.415039,0.991643
videos/identical_balls_trick_000_018.mp4,792,13.213200,0,0.937099,444.597565,567.941345,0.993726,565.901428,380.624847,0.991366
videos/identical_balls_trick_000_018.mp4,793,13.229883,0,0.938555,441.037720,559.730652,0.992948,564.005310,377.392456,0.991822
videos/identical_balls_trick_000_018.mp4,794,13.246567,0,0.937444,439.762299,550.348816,0.992483,561.980957,371.244110,0.991261
videos/identical_balls_trick_000_018.mp4,795,13.263250,0,0.941572,435.759979,540.216858,0.991666,556.691467,363.628784,0.990075
videos/identical_balls_trick_000_018.mp4,796,13.279933,0,0.939328,437.582916,526.646057,0.992000,549.248047,353.762543,0.988812
videos/identical_balls_trick_000_018.mp4,797,13.296617,0,0.909249,434.481934,506.805939,0.989240,537.606873,351.669037,0.989244
videos/identical_balls_trick_000_018.mp4,798,13.313300,0,0.917651,441.596924,483.978485,0.987860,520.677063,361.764648,0.991321
videos/identical_balls_trick_000_018.mp4,799,13.329983,0,0.914459,447.859772,463.693481,0.991804,501.470123,373.485138,0.993988
videos/identical_balls_trick_000_018.mp4,800,13.346667,0,0.903927,457.522491,445.526245,0.993363,468.671295,422.439667,0.984377
videos/identical_balls_trick_000_018.mp4,801,13.363350,0,0.913427,459.907745,425.547211,0.993558,460.110687,434.140350,0.987851
videos/identical_balls_trick_000_018.mp4,802,13.380033,0,0.917346,470.608795,408.887207,0.992985,458.875763,423.050781,0.993774
videos/identical_balls_trick_000_018.mp4,803,13.396717,0,0.910395,488.726074,398.116058,0.994080,461.017059,452.826630,0.995140
videos/identical_balls_trick_000_018.mp4,804,13.413400,0,0.910490,496.199677,381.470551,0.995677,464.318756,480.224457,0.995936
videos/identical_balls_trick_000_018.mp4,805,13.430083,0,0.909118,503.843994,374.098419,0.995481,466.776245,506.669922,0.994825
videos/identical_balls_trick_000_018.mp4,806,13.446767,0,0.904509,519.861694,375.527924,0.995786,489.416779,532.794128,0.994576
videos/identical_balls_trick_000_018.mp4,807,13.463450,0,0.884605,532.796570,371.463715,0.995035,509.237061,545.189514,0.992638
videos/identical_balls_trick_000_018.mp4,808,13.480133,0,0.879270,546.388367,376.663574,0.993992,526.482544,563.886658,0.989422
videos/identical_balls_trick_000_018.mp4,809,13.496817,0,0.888451,556.751160,384.946136,0.993134,544.634521,572.062317,0.989045
videos/identical_balls_trick_000_018.mp4,810,13.513500,0,0.839879,570.987000,396.392242,0.993681,560.756409,571.648438,0.986951
videos/identical_balls_trick_000_018.mp4,811,13.530183,0,0.920076,586.555786,407.012848,0.990144,558.526794,571.340759,0.981471
videos/identical_balls_trick_000_018.mp4,812,13.546867,0,0.919939,598.931396,422.887939,0.983479,568.541809,580.330688,0.971955
videos/identical_balls_trick_000_018.mp4,813,13.563550,0,0.920238,613.713196,448.785553,0.973764,574.611023,576.527832,0.941705
videos/identical_balls_trick_000_018.mp4,814,13.580233,0,0.906989,617.323181,461.369995,0.867374,572.772522,584.955078,0.964889
videos/identical_balls_trick_000_018.mp4,815,13.596917,0,0.918339,641.609802,478.788330,0.953330,568.430603,589.919922,0.984015
videos/identical_balls_trick_000_018.mp4,816,13.613600,0,0.920445,645.086487,494.343842,0.913372,569.297424,597.456482,0.980212
videos/identical_balls_trick_000_018.mp4,817,13.630283,0,0.923682,652.200684,499.039307,0.955132,564.112976,598.973083,0.984281
videos/identical_balls_trick_000_018.mp4,818,13.646967,0,0.926114,658.172363,512.235168,0.963891,562.564819,598.378235,0.987629
videos/identical_balls_trick_000_018.mp4,819,13.663650,0,0.925074,663.725891,519.419617,0.990175,560.844055,598.673340,0.989220
videos/identical_balls_trick_000_018.mp4,820,13.680333,0,0.926076,666.457581,524.915894,0.991676,561.104187,600.550110,0.989057
videos/identical_balls_trick_000_018.mp4,821,13.697017,0,0.925444,668.311707,532.593445,0.990786,561.919067,602.295227,0.988147
videos/identical_balls_trick_000_018.mp4,822,13.713700,0,0.924968,671.115845,536.943787,0.992587,563.461853,601.536377,0.988310
videos/identical_balls_trick_000_018.mp4,823,13.730383,0,0.924523,673.502991,537.369812,0.992809,563.484680,596.953674,0.988856
videos/identical_balls_trick_000_018.mp4,824,13.747067,0,0.923205,675.790161,536.283752,0.992337,564.499939,590.713318,0.989022
videos/identical_balls_trick_000_018.mp4,825,13.763750,0,0.921070,676.153442,531.754822,0.990718,566.854675,582.519531,0.989230
videos/identical_balls_trick_000_018.mp4,826,13.780433,0,0.920307,677.887329,525.922546,0.986707,565.808838,570.083008,0.989851
videos/identical_balls_trick_000_018.mp4,827,13.797117,0,0.917048,680.968506,518.909302,0.985551,563.913635,556.381897,0.989380
videos/identical_balls_trick_000_018.mp4,828,13.813800,0,0.907857,680.265686,525.307739,0.964336,562.304749,536.669373,0.988038
videos/identical_balls_trick_000_018.mp4,829,13.830483,0,0.904543,665.542419,530.394226,0.841897,574.066467,528.314941,0.923698
videos/identical_balls_trick_000_018.mp4,830,13.847167,0,0.906562,678.046204,519.082520,0.938953,557.853394,524.029968,0.967368
videos/identical_balls_trick_000_018.mp4,831,13.863850,0,0.915129,671.051270,516.743958,0.980828,567.897644,497.520355,0.992383
videos/identical_balls_trick_000_018.mp4,832,13.880533,0,0.913952,669.492859,513.374451,0.986759,562.006042,476.976929,0.994787
videos/identical_balls_trick_000_018.mp4,833,13.897217,0,0.912092,664.361755,515.242737,0.978475,561.102539,458.050171,0.995243
videos/identical_balls_trick_000_018.mp4,834,13.913900,0,0.914374,653.637878,512.923584,0.984071,560.427795,446.802399,0.993946
videos/identical_balls_trick_000_018.mp4,835,13.930583,0,0.915928,637.661804,523.825989,0.985729,560.006775,436.869781,0.994033
videos/identical_balls_trick_000_018.mp4,836,13.947267,0,0.915719,621.968201,531.288452,0.988358,560.204102,428.499908,0.993225
videos/identical_balls_trick_000_018.mp4,837,13.963950,0,0.917382,602.666199,532.596497,0.991866,563.919617,423.029572,0.993423
videos/identical_balls_trick_000_018.mp4,838,13.980633,0,0.917532,597.939392,533.172546,0.992190,567.529236,420.250854,0.994056
videos/identical_balls_trick_000_018.mp4,839,13.997317,0,0.915111,582.155579,533.303223,0.992186,570.697571,415.571045,0.994790
videos/identical_balls_trick_000_018.mp4,840,14.014000,0,0.916544,573.467163,532.453308,0.990397,577.221191,406.007172,0.995109
videos/identical_balls_trick_000_018.mp4,841,14.030683,0,0.921359,565.103088,531.341858,0.990219,583.035095,400.956665,0.994719
videos/identical_balls_trick_000_018.mp4,842,14.047367,0,0.920779,560.933899,531.630676,0.989013,588.464722,398.034058,0.994000
videos/identical_balls_trick_000_018.mp4,843,14.064050,0,0.918829,556.409668,532.044128,0.988387,594.288635,395.303802,0.993997
videos/identical_balls_trick_000_018.mp4,844,14.080733,0,0.917571,551.963684,531.949158,0.989102,597.275940,392.691559,0.994253
videos/identical_balls_trick_000_018.mp4,845,14.097417,0,0.918898,544.897461,533.334778,0.989574,601.671204,391.230713,0.994122
videos/identical_balls_trick_000_018.mp4,846,14.114100,0,0.921282,535.859741,535.432129,0.990517,604.701721,391.367218,0.993991
videos/identical_balls_trick_000_018.mp4,847,14.130783,0,0.924384,530.369019,536.687439,0.990410,607.747192,390.867340,0.994252
videos/identical_balls_trick_000_018.mp4,848,14.147467,0,0.926230,524.729919,537.263184,0.990549,608.357727,388.563110,0.993910
videos/identical_balls_trick_000_018.mp4,849,14.164150,0,0.927908,520.782166,536.469849,0.991072,609.285950,384.838043,0.993655
videos/identical_balls_trick_000_018.mp4,850,14.180833,0,0.926465,519.572754,533.460144,0.991127,608.199402,380.156097,0.993838
videos/identical_balls_trick_000_018.mp4,851,14.197517,0,0.926112,520.151306,529.765991,0.991622,606.512268,374.590729,0.993532
videos/identical_balls_trick_000_018.mp4,852,14.214200,0,0.931863,517.936279,523.566467,0.992541,602.993958,368.952789,0.993524
videos/identical_balls_trick_000_018.mp4,853,14.230883,0,0.933869,514.921021,517.115540,0.992288,593.293762,363.684937,0.992784
videos/identical_balls_trick_000_018.mp4,854,14.247567,0,0.935641,514.505188,507.862701,0.992854,583.020996,356.746490,0.992611
videos/identical_balls_trick_000_018.mp4,855,14.264250,0,0.939155,512.600586,495.529877,0.990699,564.416016,359.868927,0.992491
videos/identical_balls_trick_000_018.mp4,856,14.280933,0,0.935414,513.139465,479.292328,0.990681,548.628723,364.046875,0.993317
videos/identical_balls_trick_000_018.mp4,857,14.297617,0,0.474330,515.068176,463.270874,0.989191,525.203003,374.150635,0.991180
videos/identical_balls_trick_000_018.mp4,857,14.297617,1,0.150154,516.071716,463.491333,0.990907,524.068176,374.061737,0.993240
videos/identical_balls_trick_000_018.mp4,858,14.314300,0,0.914559,516.144775,447.876617,0.993065,482.695923,426.410309,0.989430
videos/identical_balls_trick_000_018.mp4,859,14.330983,0,0.920071,517.575256,432.923828,0.991462,483.204010,439.259247,0.989599
videos/identical_balls_trick_000_018.mp4,860,14.347667,0,0.920979,528.580872,421.690826,0.991908,488.066925,431.828522,0.995605
videos/identical_balls_trick_000_018.mp4,861,14.364350,0,0.891245,537.539246,408.183136,0.992762,488.257599,451.685089,0.995904
videos/identical_balls_trick_000_018.mp4,862,14.381033,0,0.913201,544.387268,398.736053,0.994928,490.195557,477.146484,0.996293
videos/identical_balls_trick_000_018.mp4,863,14.397717,0,0.915066,554.258972,387.571777,0.995267,502.241730,505.631226,0.990672
videos/identical_balls_trick_000_018.mp4,864,14.414400,0,0.924631,561.059631,386.716919,0.995749,516.782837,520.547791,0.989960
videos/identical_balls_trick_000_018.mp4,865,14.431083,0,0.923916,569.555115,386.441162,0.994561,532.121460,530.164368,0.982431
videos/identical_balls_trick_000_018.mp4,866,14.447767,0,0.915520,580.318665,394.083405,0.994589,562.822327,556.542480,0.975413
videos/identical_balls_trick_000_018.mp4,867,14.464450,0,0.918221,585.960205,400.818756,0.992145,587.251099,581.269836,0.969834
videos/identical_balls_trick_000_018.mp4,868,14.481133,0,0.915171,592.083679,408.747650,0.992006,586.050720,585.417908,0.985602
videos/identical_balls_trick_000_018.mp4,869,14.497817,0,0.917287,601.118774,419.094147,0.991076,596.046692,594.848694,0.987999
videos/identical_balls_trick_000_018.mp4,870,14.514500,0,0.912363,612.598572,435.516449,0.994946,609.166931,606.923279,0.989464
videos/identical_balls_trick_000_018.mp4,871,14.531183,0,0.910580,621.067139,448.836792,0.995483,620.075073,612.759399,0.989870
videos/identical_balls_trick_000_018.mp4,872,14.547867,0,0.905785,634.435669,463.501923,0.995877,625.593872,616.797974,0.989291
videos/identical_balls_trick_000_018.mp4,873,14.564550,0,0.905794,641.193542,475.107880,0.994588,626.856628,622.206482,0.987681
videos/identical_balls_trick_000_018.mp4,874,14.581233,0,0.899589,653.033630,491.078125,0.990667,625.315674,625.546875,0.987376
videos/identical_balls_trick_000_018.mp4,875,14.597917,0,0.897959,662.281067,500.717255,0.977817,624.970703,629.705383,0.988050
videos/identical_balls_trick_000_018.mp4,876,14.614600,0,0.905401,663.434814,509.461304,0.993024,625.137512,634.345642,0.987383
videos/identical_balls_trick_000_018.mp4,877,14.631283,0,0.902476,669.107727,520.943481,0.995130,623.083557,635.280640,0.988313
videos/identical_balls_trick_000_018.mp4,878,14.647967,0,0.902170,673.333496,532.007629,0.994564,619.009583,633.364075,0.987470
videos/identical_balls_trick_000_018.mp4,879,14.664650,0,0.901358,676.969055,537.062927,0.994649,616.406921,631.512329,0.986762
videos/identical_balls_trick_000_018.mp4,880,14.681333,0,0.903465,678.674622,540.532288,0.993906,613.029663,626.464355,0.987284
videos/identical_balls_trick_000_018.mp4,881,14.698017,0,0.901372,679.131042,540.864502,0.994206,608.348083,618.490967,0.988155
videos/identical_balls_trick_000_018.mp4,882,14.714700,0,0.903146,683.538330,539.366821,0.993254,603.571045,605.800659,0.987575
videos/identical_balls_trick_000_018.mp4,883,14.731383,0,0.904508,687.405579,538.339294,0.987852,598.539124,590.454895,0.987181
videos/identical_balls_trick_000_018.mp4,884,14.748067,0,0.903756,685.935242,536.579285,0.966804,593.394104,574.510925,0.985418
videos/identical_balls_trick_000_018.mp4,885,14.764750,0,0.896717,688.837402,551.859680,0.890878,588.910217,556.535339,0.981207
videos/identical_balls_trick_000_018.mp4,886,14.781433,0,0.894897,687.778259,540.181152,0.937031,574.289185,535.136902,0.947415
videos/identical_balls_trick_000_018.mp4,887,14.798117,0,0.897080,680.985962,543.386292,0.942654,579.185913,534.695374,0.916242
videos/identical_balls_trick_000_018.mp4,888,14.814800,0,0.904221,682.105530,539.102722,0.940748,572.070679,508.136566,0.989907
videos/identical_balls_trick_000_018.mp4,889,14.831483,0,0.910582,655.613098,550.895264,0.980911,566.123718,487.321777,0.990396
videos/identical_balls_trick_000_018.mp4,890,14.848167,0,0.912267,632.679260,571.017029,0.983857,561.342773,471.002106,0.991316
videos/identical_balls_trick_000_018.mp4,891,14.864850,0,0.919149,614.970764,585.239502,0.971665,559.329407,454.928314,0.991637
videos/identical_balls_trick_000_018.mp4,892,14.881533,0,0.922414,601.270996,591.427368,0.977487,560.286621,439.801117,0.991284
videos/identical_balls_trick_000_018.mp4,893,14.898217,0,0.915641,580.896912,597.163513,0.981862,560.786011,426.280273,0.991477
videos/identical_balls_trick_000_018.mp4,894,14.914900,0,0.918118,558.519714,603.164368,0.978829,568.633545,415.543304,0.991931
videos/identical_balls_trick_000_018.mp4,895,14.931583,0,0.920891,537.400452,606.269470,0.982630,577.147034,406.735504,0.991980
videos/identical_balls_trick_000_018.mp4,896,14.948267,0,0.918955,530.861816,603.695007,0.984915,581.390076,400.799805,0.991896
videos/identical_balls_trick_000_018.mp4,897,14.964950,0,0.926282,516.639099,602.647278,0.989301,587.208313,396.536255,0.992398
videos/identical_balls_trick_000_018.mp4,898,14.981633,0,0.930170,505.598145,604.002441,0.990041,589.909607,393.318390,0.992546
videos/identical_balls_trick_000_018.mp4,899,14.998317,0,0.932262,496.281403,604.060547,0.990508,593.697815,389.100464,0.992263
videos/identical_balls_trick_000_018.mp4,900,15.015000,0,0.932347,489.113739,602.946350,0.989825,597.442322,386.429840,0.991441
videos/identical_balls_trick_000_018.mp4,901,15.031683,0,0.932885,481.919159,601.911316,0.989963,600.900024,384.229828,0.990981
videos/identical_balls_trick_000_018.mp4,902,15.048367,0,0.936318,475.942627,599.606628,0.989804,599.815002,383.241241,0.990652
videos/identical_balls_trick_000_018.mp4,903,15.065050,0,0.924495,468.356720,597.144653,0.991363,602.088867,380.741852,0.990098
videos/identical_balls_trick_000_018.mp4,904,15.081733,0,0.924561,465.963531,590.831726,0.992697,600.170105,377.110840,0.990423
videos/identical_balls_trick_000_018.mp4,905,15.098417,0,0.924524,462.940186,583.136719,0.994695,596.443176,372.867462,0.990115
videos/identical_balls_trick_000_018.mp4,906,15.115100,0,0.926784,453.700073,577.986206,0.994710,593.891541,367.148468,0.990340
videos/identical_balls_trick_000_018.mp4,907,15.131783,0,0.932247,446.900421,572.419556,0.993912,588.158386,363.725433,0.990177
videos/identical_balls_trick_000_018.mp4,908,15.148467,0,0.936602,442.607758,564.113342,0.993436,579.340576,362.026031,0.990449
videos/identical_balls_trick_000_018.mp4,909,15.165150,0,0.935478,432.402863,556.473694,0.993114,570.437988,358.411774,0.990617
videos/identical_balls_trick_000_018.mp4,910,15.181833,0,0.938189,428.345612,545.760620,0.992484,562.424011,358.982025,0.989634
videos/identical_balls_trick_000_018.mp4,911,15.198517,0,0.939350,426.966766,534.312073,0.990572,548.597839,359.705109,0.989042
videos/identical_balls_trick_000_018.mp4,912,15.215200,0,0.939293,427.320435,515.650208,0.990117,530.921814,371.232697,0.988876
videos/identical_balls_trick_000_018.mp4,913,15.231883,0,0.935840,426.907227,496.972931,0.991416,512.474121,385.588867,0.990684
videos/identical_balls_trick_000_018.mp4,914,15.248567,0,0.929197,429.153198,477.167084,0.992686,495.370605,399.998871,0.990284
videos/identical_balls_trick_000_018.mp4,915,15.265250,0,0.913661,435.621704,464.494904,0.992683,480.315094,419.196198,0.992184
videos/identical_balls_trick_000_018.mp4,916,15.281933,0,0.907726,440.534698,449.572662,0.991110,440.716034,431.333588,0.941220
videos/identical_balls_trick_000_018.mp4,917,15.298617,0,0.913080,442.234955,436.016113,0.994293,456.967621,452.744720,0.991818
videos/identical_balls_trick_000_018.mp4,918,15.315300,0,0.918093,440.755737,420.006012,0.995639,464.933594,482.827393,0.993636
videos/identical_balls_trick_000_018.mp4,919,15.331983,0,0.918831,447.734039,410.520020,0.996229,477.501801,505.125702,0.993218
videos/identical_balls_trick_000_018.mp4,920,15.348667,0,0.908223,448.340424,406.364960,0.996814,484.372711,522.172974,0.994099
videos/identical_balls_trick_000_018.mp4,921,15.365350,0,0.905739,450.503998,407.934937,0.996821,495.794189,538.260803,0.993933
videos/identical_balls_trick_000_018.mp4,922,15.382033,0,0.909188,447.940674,404.115814,0.995544,506.965912,547.680176,0.993580
videos/identical_balls_trick_000_018.mp4,923,15.398717,0,0.908804,451.452057,407.290192,0.995258,522.420166,553.757996,0.993522
videos/identical_balls_trick_000_018.mp4,924,15.415400,0,0.916369,451.523926,410.718536,0.995845,536.543030,558.314087,0.993498
videos/identical_balls_trick_000_018.mp4,925,15.432083,0,0.920517,454.250092,412.297974,0.995767,543.133789,557.812439,0.993436
videos/identical_balls_trick_000_018.mp4,926,15.448767,0,0.919260,461.780853,418.072113,0.995393,545.331543,553.936340,0.992538
videos/identical_balls_trick_000_018.mp4,927,15.465450,0,0.920460,473.061249,427.849457,0.995086,544.198059,561.082214,0.986999
videos/identical_balls_trick_000_018.mp4,928,15.482133,0,0.919036,480.554047,437.336761,0.994656,547.953064,561.339050,0.975621
videos/identical_balls_trick_000_018.mp4,929,15.498817,0,0.914566,495.366364,447.815643,0.994032,542.137817,564.523315,0.990414
videos/identical_balls_trick_000_018.mp4,930,15.515500,0,0.919817,509.642090,463.105499,0.993713,531.828552,567.305664,0.993387
videos/identical_balls_trick_000_018.mp4,931,15.532183,0,0.919674,523.291565,473.818359,0.993983,523.766724,566.799500,0.993715
videos/identical_balls_trick_000_018.mp4,932,15.548867,0,0.918429,540.975220,482.452911,0.993124,516.615540,569.545105,0.993124
videos/identical_balls_trick_000_018.mp4,933,15.565550,0,0.915618,560.798279,493.315582,0.989533,514.543945,570.593445,0.992908
videos/identical_balls_trick_000_018.mp4,934,15.582233,0,0.912605,580.756226,500.126495,0.974685,516.348999,574.920044,0.992158
videos/identical_balls_trick_000_018.mp4,935,15.598917,0,0.913409,587.205200,523.184448,0.951188,519.055847,578.802795,0.990442
videos/identical_balls_trick_000_018.mp4,936,15.615600,0,0.914354,621.265991,520.941406,0.915080,522.245605,580.140869,0.989722
videos/identical_balls_trick_000_018.mp4,937,15.632283,0,0.921360,635.531189,534.005798,0.956223,522.669556,579.823486,0.989295
videos/identical_balls_trick_000_018.mp4,938,15.648967,0,0.919303,646.164001,546.394897,0.955818,528.127625,580.612488,0.990544
videos/identical_balls_trick_000_018.mp4,939,15.665650,0,0.921587,668.852417,547.298950,0.983051,528.787354,579.334900,0.991177
videos/identical_balls_trick_000_018.mp4,940,15.682333,0,0.926392,682.687012,555.276794,0.987893,530.369751,578.890625,0.991112
videos/identical_balls_trick_000_018.mp4,941,15.699017,0,0.925390,695.158020,561.613098,0.989030,534.069275,578.926758,0.991216
videos/identical_balls_trick_000_018.mp4,942,15.715700,0,0.913152,700.949036,565.548462,0.988872,538.431885,577.125977,0.991119
videos/identical_balls_trick_000_018.mp4,943,15.732383,0,0.930755,706.020752,573.062256,0.989546,537.545471,571.925720,0.988754
videos/identical_balls_trick_000_018.mp4,944,15.749067,0,0.931577,710.181702,578.828552,0.989696,540.238525,569.061951,0.989264
videos/identical_balls_trick_000_018.mp4,945,15.765750,0,0.930262,714.222961,580.785339,0.988675,543.947266,563.692505,0.989070
videos/identical_balls_trick_000_018.mp4,946,15.782433,0,0.926468,715.548401,586.511169,0.987440,544.720581,561.847534,0.985868
videos/identical_balls_trick_000_018.mp4,947,15.799117,0,0.924453,714.702209,584.374146,0.987568,547.819519,562.958801,0.985130
videos/identical_balls_trick_000_018.mp4,948,15.815800,0,0.923199,712.974060,579.836243,0.989834,549.550537,565.811462,0.989380
videos/identical_balls_trick_000_018.mp4,949,15.832483,0,0.924342,711.330017,572.668091,0.990592,555.431335,564.957092,0.991063
videos/identical_balls_trick_000_018.mp4,950,15.849167,0,0.920053,713.356140,576.562561,0.971550,560.985779,566.512573,0.992772
videos/identical_balls_trick_000_018.mp4,951,15.865850,0,0.916175,710.627991,588.429321,0.866779,563.845398,569.924438,0.993001
videos/identical_balls_trick_000_018.mp4,952,15.882533,0,0.914472,708.123352,575.142883,0.923234,561.318604,578.986328,0.992740
videos/identical_balls_trick_000_018.mp4,953,15.899217,0,0.924550,713.608826,561.235657,0.949745,553.873779,592.512390,0.991807
videos/identical_balls_trick_000_018.mp4,954,15.915900,0,0.918612,709.990173,554.127014,0.956634,543.804626,604.609863,0.989866
videos/identical_balls_trick_000_018.mp4,955,15.932583,0,0.904040,705.199036,561.432739,0.953911,533.508606,614.927612,0.973229
videos/identical_balls_trick_000_018.mp4,956,15.949267,0,0.896168,707.780457,557.173889,0.980134,519.536194,616.410645,0.980817
videos/identical_balls_trick_000_018.mp4,957,15.965950,0,0.891824,709.762512,560.629395,0.961869,520.409851,644.057678,0.971192
videos/identical_balls_trick_000_018.mp4,958,15.982633,0,0.896719,707.413513,568.300537,0.956649,515.823669,643.372009,0.977516
videos/identical_balls_trick_000_018.mp4,959,15.999317,0,0.907078,711.729553,571.297363,0.977187,519.920105,661.158508,0.980058
videos/identical_balls_trick_000_018.mp4,960,16.016000,0,0.909070,710.426025,568.426270,0.984261,526.462708,676.302979,0.969108
videos/identical_balls_trick_000_018.mp4,961,16.032683,0,0.912193,703.253845,560.543457,0.990152,527.052612,677.000000,0.979093
videos/identical_balls_trick_000_018.mp4,962,16.049367,0,0.908764,704.831970,555.870605,0.990933,530.329285,676.658020,0.981262
videos/identical_balls_trick_000_018.mp4,963,16.066050,0,0.909855,705.098694,550.090393,0.992673,534.000366,675.633728,0.983157
videos/identical_balls_trick_000_018.mp4,964,16.082733,0,0.914303,707.633240,542.412537,0.991610,536.900696,674.403015,0.983967
videos/identical_balls_trick_000_018.mp4,965,16.099417,0,0.920885,711.052917,540.360779,0.992961,539.630737,671.272278,0.985426
videos/identical_balls_trick_000_018.mp4,966,16.116100,0,0.923012,715.900146,533.991760,0.993028,542.237000,664.583618,0.987395
videos/identical_balls_trick_000_018.mp4,967,16.132783,0,0.922810,716.419434,532.335632,0.993232,543.344238,654.291077,0.987610
videos/identical_balls_trick_000_018.mp4,968,16.149467,0,0.920007,716.277527,530.158569,0.994800,543.060730,637.407043,0.989625
videos/identical_balls_trick_000_018.mp4,969,16.166150,0,0.925444,717.324280,526.813965,0.993852,540.214233,624.288391,0.989916
videos/identical_balls_trick_000_018.mp4,970,16.182833,0,0.931400,714.789490,528.799561,0.993021,536.815979,607.365723,0.990010
videos/identical_balls_trick_000_018.mp4,971,16.199517,0,0.933273,712.089539,529.295410,0.988119,534.458374,590.438171,0.989741
videos/identical_balls_trick_000_018.mp4,972,16.216200,0,0.932157,712.596985,531.549500,0.985869,532.470886,578.905090,0.990150
videos/identical_balls_trick_000_018.mp4,973,16.232883,0,0.931248,711.576233,528.983887,0.980413,527.533264,563.708374,0.989387
videos/identical_balls_trick_000_018.mp4,974,16.249567,0,0.933308,705.352539,521.870972,0.987295,525.323914,551.377319,0.991289
videos/identical_balls_trick_000_018.mp4,975,16.266250,0,0.938021,698.221985,516.385132,0.992143,522.314026,539.288452,0.992043
videos/identical_balls_trick_000_018.mp4,976,16.282933,0,0.938253,695.381653,514.716797,0.993754,516.554626,527.946045,0.992922
videos/identical_balls_trick_000_018.mp4,977,16.299617,0,0.938141,695.039978,515.115295,0.994400,512.540771,520.831360,0.991803
videos/identical_balls_trick_000_018.mp4,978,16.316300,0,0.937316,694.874512,515.726685,0.993806,508.553314,518.338745,0.989996
videos/identical_balls_trick_000_018.mp4,979,16.332983,0,0.934523,694.585999,516.079468,0.993831,501.972260,514.530029,0.988764
videos/identical_balls_trick_000_018.mp4,980,16.349667,0,0.930356,696.369629,515.677490,0.992241,500.506744,513.570251,0.986073
videos/identical_balls_trick_000_018.mp4,981,16.366350,0,0.932878,701.321533,516.836121,0.989181,497.746338,518.948486,0.984561
videos/identical_balls_trick_000_018.mp4,982,16.383033,0,0.932022,702.335266,517.514954,0.979035,491.771454,515.487549,0.977792
videos/identical_balls_trick_000_018.mp4,983,16.399717,0,0.933330,703.111023,528.678711,0.976841,486.764160,518.330383,0.976468
videos/identical_balls_trick_000_018.mp4,984,16.416400,0,0.932491,705.263733,534.348450,0.949050,479.086029,520.277161,0.975007
videos/identical_balls_trick_000_018.mp4,985,16.433083,0,0.932929,705.087341,529.250183,0.965325,481.140045,517.547668,0.974551
videos/identical_balls_trick_000_018.mp4,986,16.449767,0,0.936462,705.653625,535.829529,0.988543,476.866852,511.498199,0.981578
videos/identical_balls_trick_000_018.mp4,987,16.466450,0,0.938670,712.549133,538.031616,0.989956,469.663086,513.269104,0.988590
videos/identical_balls_trick_000_018.mp4,988,16.483133,0,0.939214,710.642151,548.996826,0.988056,469.290405,518.087036,0.988440
videos/identical_balls_trick_000_018.mp4,989,16.499817,0,0.939448,710.913757,559.095703,0.987829,469.214600,522.758606,0.986833
videos/identical_balls_trick_000_018.mp4,990,16.516500,0,0.940357,712.419250,562.305542,0.986349,472.404999,525.350464,0.986182
videos/identical_balls_trick_000_018.mp4,991,16.533183,0,0.942684,713.753174,565.870422,0.986020,473.106537,529.683411,0.984331
videos/identical_balls_trick_000_018.mp4,992,16.549867,0,0.943515,714.080566,574.260437,0.983679,476.151947,534.722107,0.982562
videos/identical_balls_trick_000_018.mp4,993,16.566550,0,0.944792,714.916199,576.862732,0.982697,482.036621,532.765564,0.985703
videos/identical_balls_trick_000_018.mp4,994,16.583233,0,0.943848,715.138367,580.058044,0.982859,487.041138,538.000244,0.985402
videos/identical_balls_trick_000_018.mp4,995,16.599917,0,0.944801,716.579041,578.272827,0.982461,493.543610,542.388916,0.985638
videos/identical_balls_trick_000_018.mp4,996,16.616600,0,0.944504,717.337585,577.125305,0.983960,500.318573,545.323425,0.984344
videos/identical_balls_trick_000_018.mp4,997,16.633283,0,0.944293,718.511230,571.912598,0.985569,506.583099,549.396790,0.985022
videos/identical_balls_trick_000_018.mp4,998,16.649967,0,0.943535,719.511047,561.486938,0.986349,509.071289,547.854492,0.986421
videos/identical_balls_trick_000_018.mp4,999,16.666650,0,0.943365,722.154602,552.053467,0.987675,510.877594,543.372070,0.985992
videos/identical_balls_trick_000_018.mp4,1000,16.683333,0,0.943805,723.660889,542.728516,0.986596,513.523132,541.030945,0.986793
videos/identical_balls_trick_000_018.mp4,1001,16.700017,0,0.940718,728.861267,532.986816,0.987388,515.104797,537.944763,0.986111
videos/identical_balls_trick_000_018.mp4,1002,16.716700,0,0.937885,730.003601,524.572205,0.981996,522.329163,536.947205,0.983199
videos/identical_balls_trick_000_018.mp4,1003,16.733383,0,0.936430,732.241882,519.273010,0.931124,522.090149,526.900574,0.979606
videos/identical_balls_trick_000_018.mp4,1004,16.750067,0,0.935316,728.754211,508.492798,0.977346,524.683655,527.716003,0.982625
videos/identical_balls_trick_000_018.mp4,1005,16.766750,0,0.938850,729.650208,502.812744,0.980608,525.425293,522.660767,0.990381
videos/identical_balls_trick_000_018.mp4,1006,16.783433,0,0.935195,730.791687,501.711334,0.987379,528.639648,520.304565,0.991759
videos/identical_balls_trick_000_018.mp4,1007,16.800117,0,0.924517,729.045105,499.570770,0.986951,528.889648,519.310791,0.992285
videos/identical_balls_trick_000_018.mp4,1008,16.816800,0,0.944828,725.199646,495.789276,0.983998,529.958740,520.755432,0.992743
videos/identical_balls_trick_000_018.mp4,1009,16.833483,0,0.936544,721.033203,495.075592,0.984276,524.937134,527.974365,0.991579
videos/identical_balls_trick_000_018.mp4,1010,16.850167,0,0.937729,720.401123,495.518036,0.984485,518.091736,535.721924,0.990650
videos/identical_balls_trick_000_018.mp4,1011,16.866850,0,0.935257,721.834656,492.919403,0.978905,513.404663,540.861877,0.989442
videos/identical_balls_trick_000_018.mp4,1012,16.883533,0,0.934319,722.148987,493.433990,0.978729,507.330231,550.917969,0.985427
videos/identical_balls_trick_000_018.mp4,1013,16.900217,0,0.931839,721.327698,490.896393,0.964471,495.305023,553.711121,0.982969
videos/identical_balls_trick_000_018.mp4,1014,16.916900,0,0.929907,718.083191,487.959808,0.956825,495.987671,569.401550,0.964449
videos/identical_balls_trick_000_018.mp4,1015,16.933583,0,0.938022,720.354492,489.228516,0.966625,498.524811,568.402161,0.985460
videos/identical_balls_trick_000_018.mp4,1016,16.950267,0,0.939340,730.422180,493.159180,0.978721,495.261932,580.037781,0.984625
videos/identical_balls_trick_000_018.mp4,1017,16.966950,0,0.932684,744.787903,501.390045,0.979458,497.884644,588.062378,0.984612
videos/identical_balls_trick_000_018.mp4,1018,16.983633,0,0.926117,742.894836,496.217529,0.985452,500.388824,595.130554,0.985628
videos/identical_balls_trick_000_018.mp4,1019,17.000317,0,0.922654,747.316589,493.191437,0.988755,503.019562,597.391602,0.987080
videos/identical_balls_trick_000_018.mp4,1020,17.017000,0,0.920044,751.739502,496.099884,0.989194,505.195679,595.723022,0.987487
videos/identical_balls_trick_000_018.mp4,1021,17.033683,0,0.918775,755.021973,494.825439,0.991851,508.264740,593.290710,0.987885
videos/identical_balls_trick_000_018.mp4,1022,17.050367,0,0.919196,756.671692,498.348358,0.991901,510.206879,589.228638,0.987893
videos/identical_balls_trick_000_018.mp4,1023,17.067050,0,0.918915,755.436523,499.096100,0.991764,511.224457,583.193726,0.988408
videos/identical_balls_trick_000_018.mp4,1024,17.083733,0,0.920674,746.596375,499.117096,0.990096,511.914581,575.743835,0.989884
videos/identical_balls_trick_000_018.mp4,1025,17.100417,0,0.925320,744.273438,496.467072,0.986337,510.227417,565.174011,0.990640
videos/identical_balls_trick_000_018.mp4,1026,17.117100,0,0.925088,747.064636,500.449738,0.981523,506.894073,553.525940,0.991321
videos/identical_balls_trick_000_018.mp4,1027,17.133783,0,0.936708,739.467712,504.734711,0.971344,503.015350,541.812805,0.990264
videos/identical_balls_trick_000_018.mp4,1028,17.150467,0,0.942777,719.532471,497.189178,0.961607,500.162445,535.080505,0.986323
videos/identical_balls_trick_000_018.mp4,1029,17.167150,0,0.934978,722.700012,492.720978,0.977729,499.628784,536.486206,0.964786
videos/identical_balls_trick_000_018.mp4,1030,17.183833,0,0.939057,707.646179,490.435791,0.990630,501.658936,521.622742,0.983927
videos/identical_balls_trick_000_018.mp4,1031,17.200517,0,0.940255,699.390381,490.509796,0.993859,491.647675,509.815826,0.985808
videos/identical_balls_trick_000_018.mp4,1032,17.217200,0,0.940915,696.179443,490.344574,0.991999,487.256683,504.460114,0.975232
videos/identical_balls_trick_000_018.mp4,1033,17.233883,0,0.936917,690.762512,492.247223,0.992920,484.421417,502.238556,0.968370
videos/identical_balls_trick_000_018.mp4,1034,17.250567,0,0.936858,688.812500,493.826660,0.993957,488.839111,502.812988,0.965544
videos/identical_balls_trick_000_018.mp4,1035,17.267250,0,0.937359,687.730774,497.095673,0.994702,481.790527,497.275635,0.956401
videos/identical_balls_trick_000_018.mp4,1036,17.283933,0,0.937139,682.872375,503.566406,0.995743,477.398468,494.891266,0.948226
videos/identical_balls_trick_000_018.mp4,1037,17.300617,0,0.936053,682.428833,507.645355,0.995769,482.127319,504.414764,0.978681
videos/identical_balls_trick_000_018.mp4,1038,17.317300,0,0.931591,684.512390,514.871399,0.993080,468.930389,508.027344,0.981286
videos/identical_balls_trick_000_018.mp4,1039,17.333983,0,0.934984,683.276306,523.665344,0.992828,463.573090,504.585602,0.990590
videos/identical_balls_trick_000_018.mp4,1040,17.350667,0,0.934479,686.674622,531.130188,0.992539,458.612305,502.793854,0.991962
videos/identical_balls_trick_000_018.mp4,1041,17.367350,0,0.936331,690.137756,535.804504,0.992878,451.886322,500.702423,0.992911
videos/identical_balls_trick_000_018.mp4,1042,17.384033,0,0.936224,689.513184,542.129639,0.990160,447.716400,502.073608,0.992342
videos/identical_balls_trick_000_018.mp4,1043,17.400717,0,0.934272,694.433594,541.900635,0.991847,444.195953,503.578705,0.992323
videos/identical_balls_trick_000_018.mp4,1044,17.417400,0,0.935344,698.389709,542.692810,0.991022,445.867889,503.339142,0.993360
videos/identical_balls_trick_000_018.mp4,1045,17.434083,0,0.930552,701.318115,541.167664,0.990423,447.070099,503.414520,0.993358
videos/identical_balls_trick_000_018.mp4,1046,17.450767,0,0.940018,705.533752,536.900269,0.991069,451.048248,502.207031,0.993378
videos/identical_balls_trick_000_018.mp4,1047,17.467450,0,0.929178,708.217102,530.584656,0.991637,458.325226,502.523773,0.993583
videos/identical_balls_trick_000_018.mp4,1048,17.484133,0,0.935890,714.408508,521.546570,0.990837,466.195709,502.716797,0.993584
videos/identical_balls_trick_000_018.mp4,1049,17.500817,0,0.935272,719.502686,512.639709,0.991162,473.853912,503.717896,0.992958
videos/identical_balls_trick_000_018.mp4,1050,17.517500,0,0.937419,719.736511,509.892975,0.973558,482.236237,506.567261,0.991443
videos/identical_balls_trick_000_018.mp4,1051,17.534183,0,0.932883,723.567566,508.237823,0.937674,491.510529,510.455566,0.987242
videos/identical_balls_trick_000_018.mp4,1052,17.550867,0,0.938442,728.356201,500.607452,0.982710,496.568390,506.094849,0.985576
videos/identical_balls_trick_000_018.mp4,1053,17.567550,0,0.942646,724.629150,494.392548,0.990991,498.449493,503.226166,0.988342
videos/identical_balls_trick_000_018.mp4,1054,17.584233,0,0.938350,724.793030,491.744019,0.986980,498.668427,500.029419,0.987470
videos/identical_balls_trick_000_018.mp4,1055,17.600917,0,0.939695,729.040955,488.691803,0.985276,501.403473,496.840790,0.988238
videos/identical_balls_trick_000_018.mp4,1056,17.617600,0,0.938551,731.782959,489.876007,0.975386,502.331451,497.089508,0.988916
videos/identical_balls_trick_000_018.mp4,1057,17.634283,0,0.940090,733.354492,486.979004,0.982706,502.013336,497.670074,0.989562
videos/identical_balls_trick_000_018.mp4,1058,17.650967,0,0.942812,733.957581,484.517212,0.986365,499.882172,500.130371,0.990274
videos/identical_balls_trick_000_018.mp4,1059,17.667650,0,0.940450,739.079834,486.049164,0.987227,496.583649,499.776733,0.992311
videos/identical_balls_trick_000_018.mp4,1060,17.684333,0,0.941439,744.835876,488.517456,0.989238,490.739105,499.429779,0.992867
videos/identical_balls_trick_000_018.mp4,1061,17.701017,0,0.936227,756.110901,488.601654,0.989934,486.743317,499.756836,0.993601
videos/identical_balls_trick_000_018.mp4,1062,17.717700,0,0.932840,768.182190,487.640411,0.993995,482.333496,501.639160,0.992648
videos/identical_balls_trick_000_018.mp4,1063,17.734383,0,0.928433,778.542725,488.210175,0.995174,485.986664,513.093323,0.991783
videos/identical_balls_trick_000_018.mp4,1064,17.751067,0,0.389261,786.821533,490.836182,0.994996,486.773804,521.474426,0.986578
videos/identical_balls_trick_000_018.mp4,1064,17.751067,1,0.363077,788.406311,491.190796,0.995662,487.291626,521.638245,0.979753
videos/identical_balls_trick_000_018.mp4,1065,17.767750,0,0.929298,794.182434,494.116058,0.994909,485.405640,529.439209,0.962272
videos/identical_balls_trick_000_018.mp4,1066,17.784433,0,0.923504,800.980408,496.791779,0.993621,490.423859,529.881775,0.958196
videos/identical_balls_trick_000_018.mp4,1067,17.801117,0,0.915609,806.459473,497.787689,0.992658,494.520020,539.633179,0.969752
videos/identical_balls_trick_000_018.mp4,1068,17.817800,0,0.919482,809.166199,499.333008,0.993263,501.401459,542.007385,0.984827
videos/identical_balls_trick_000_018.mp4,1069,17.834483,0,0.921849,808.807617,499.996735,0.993784,507.763153,549.874634,0.986867
videos/identical_balls_trick_000_018.mp4,1070,17.851167,0,0.922771,807.267273,499.621368,0.994407,512.896912,555.039978,0.987496
videos/identical_balls_trick_000_018.mp4,1071,17.867850,0,0.921862,804.210449,498.087524,0.994861,517.916504,557.711670,0.987316
videos/identical_balls_trick_000_018.mp4,1072,17.884533,0,0.921853,796.118103,496.697113,0.995554,521.074829,558.558838,0.988137
videos/identical_balls_trick_000_018.mp4,1073,17.901217,0,0.920270,788.844666,494.156738,0.995475,524.388306,556.511841,0.988945
videos/identical_balls_trick_000_018.mp4,1074,17.917900,0,0.921968,779.791809,490.835602,0.995488,525.949890,550.069641,0.989978
videos/identical_balls_trick_000_018.mp4,1075,17.934583,0,0.928642,769.687012,490.048737,0.993209,523.591797,540.609924,0.990305
videos/identical_balls_trick_000_018.mp4,1076,17.951267,0,0.924766,757.333252,490.207123,0.987902,523.696106,534.516174,0.989410
videos/identical_balls_trick_000_018.mp4,1077,17.967950,0,0.934673,747.603027,490.977142,0.982500,528.890320,531.690491,0.980772
videos/identical_balls_trick_000_018.mp4,1078,17.984633,0,0.937217,731.607361,490.837036,0.980734,522.878113,527.506653,0.973743
