frame,time_seconds,track_id,confidence,center_x,center_y,observed
2,0.033367,1,0.837167,553.165,347.082,1
2,0.033367,2,0.681836,611.921,440.955,1
3,0.050050,1,0.884583,553.053,368.549,1
3,0.050050,2,0.717514,640.199,442.165,1
3,0.050050,3,0.733108,713.173,366.470,1
4,0.066733,1,0.823091,552.781,395.033,1
4,0.066733,2,0.688336,672.745,445.232,1
4,0.066733,3,0.794196,712.375,344.046,1
5,0.083417,1,0.263305,552.602,424.462,1
5,0.083417,2,0.353519,706.720,450.240,1
5,0.083417,3,0.623144,711.598,319.434,1
6,0.100100,1,0.438313,552.342,454.992,1
6,0.100100,2,0.452311,739.665,456.551,1
6,0.100100,3,0.477771,711.164,295.296,1
7,0.116783,1,0.447278,552.136,486.442,1
7,0.116783,2,0.345197,766.038,464.594,1
7,0.116783,3,0.584841,710.968,273.114,1
8,0.133467,1,0.233000,551.449,519.830,1
8,0.133467,2,0.172623,787.538,473.395,1
8,0.133467,3,0.590068,710.845,253.221,1
9,0.150150,1,0.229583,550.414,548.935,1
9,0.150150,2,0.223218,806.412,482.137,1
9,0.150150,3,0.632476,710.825,235.827,1
10,0.166833,1,0.319067,549.540,574.879,1
10,0.166833,2,0.223218,830.157,488.752,0
10,0.166833,3,0.524035,710.604,220.983,1
11,0.183517,1,0.431967,549.298,597.724,1
11,0.183517,2,0.223218,853.901,495.367,0
11,0.183517,3,0.449327,710.267,208.632,1
12,0.200200,1,0.184563,549.827,617.664,1
12,0.200200,2,0.223218,877.646,501.982,0
12,0.200200,3,0.513071,710.103,198.493,1
13,0.216883,1,0.196990,551.718,634.287,1
13,0.216883,2,0.310595,883.689,514.063,1
13,0.216883,3,0.699566,710.016,190.521,1
14,0.233567,1,0.293956,553.759,645.923,1
14,0.233567,2,0.701136,885.780,525.594,1
14,0.233567,3,0.626435,709.821,184.734,1
15,0.250250,1,0.446738,555.292,652.299,1
15,0.250250,2,0.657738,886.323,534.558,1
15,0.250250,3,0.547052,709.317,180.983,1
16,0.266933,1,0.344403,557.030,652.322,1
16,0.266933,2,0.461105,885.153,539.232,1
16,0.266933,3,0.425026,708.784,179.307,1
17,0.283617,1,0.324213,559.274,646.634,1
17,0.283617,2,0.706884,882.131,539.085,1
17,0.283617,3,0.395066,708.348,179.491,1
18,0.300300,1,0.324213,560.739,653.805,0
18,0.300300,2,0.706884,886.964,544.800,0
18,0.300300,3,0.280171,707.906,181.706,1
19,0.316983,1,0.324213,562.203,660.977,0
19,0.316983,2,0.706884,891.797,550.515,0
19,0.316983,3,0.560067,707.157,185.597,1
20,0.333667,1,0.324213,563.667,668.148,0
20,0.333667,2,0.706884,896.630,556.231,0
20,0.333667,3,0.630828,706.477,191.475,1
21,0.350350,1,0.324213,565.131,675.319,0
21,0.350350,2,0.706884,901.462,561.946,0
21,0.350350,3,0.318198,705.494,199.381,1
21,0.350350,4,0.812284,835.057,499.385,1
21,0.350350,5,0.341252,565.828,564.349,1
22,0.367033,1,0.324213,566.595,682.490,0
22,0.367033,2,0.706884,906.295,567.661,0
22,0.367033,3,0.248163,704.599,208.813,1
22,0.367033,4,0.411429,815.743,488.908,1
22,0.367033,5,0.201477,565.527,539.283,1
23,0.383717,3,0.167686,703.615,220.394,1
23,0.383717,4,0.181043,790.199,476.299,1
23,0.383717,5,0.201477,565.395,526.621,0
24,0.400400,3,0.554653,702.905,233.710,1
24,0.400400,4,0.181043,775.420,468.487,0
24,0.400400,5,0.201477,565.264,513.958,0
25,0.417083,3,0.261601,702.291,248.958,1
25,0.417083,4,0.183873,737.712,454.104,1
25,0.417083,5,0.201477,565.132,501.296,0
26,0.433767,3,0.261601,701.564,258.985,0
26,0.433767,4,0.752481,700.940,442.202,1
26,0.433767,5,0.201477,565.000,488.633,0
27,0.450450,3,0.615654,700.785,279.808,1
27,0.450450,4,0.891569,665.723,432.868,1
27,0.450450,6,0.874979,558.724,398.133,1
28,0.467133,3,0.696052,699.867,302.164,1
28,0.467133,4,0.812657,631.393,426.002,1
28,0.467133,6,0.798094,556.977,376.309,1
29,0.483817,3,0.669716,698.824,325.849,1
29,0.483817,4,0.802978,598.095,421.483,1
29,0.483817,6,0.837010,555.144,352.573,1
30,0.500500,3,0.631177,697.884,350.658,1
30,0.500500,4,0.696582,565.122,419.303,1
30,0.500500,6,0.675431,553.859,329.299,1
31,0.517183,3,0.183634,696.954,376.788,1
31,0.517183,4,0.344298,532.933,419.171,1
31,0.517183,6,0.693792,552.259,307.713,1
32,0.533867,3,0.183634,696.062,398.058,0
32,0.533867,4,0.466602,502.490,420.522,1
32,0.533867,6,0.727789,550.792,288.195,1
33,0.550550,3,0.183634,695.171,419.327,0
33,0.550550,4,0.196586,477.905,422.750,1
33,0.550550,6,0.422673,549.063,270.995,1
34,0.567233,3,0.183634,694.279,440.597,0
34,0.567233,4,0.196586,448.346,421.015,0
34,0.567233,6,0.501750,547.053,256.306,1
35,0.583917,3,0.183634,693.387,461.867,0
35,0.583917,4,0.196586,418.786,419.280,0
35,0.583917,6,0.261906,545.198,243.720,1
36,0.600600,3,0.183634,692.495,483.137,0
36,0.600600,4,0.196586,389.227,417.546,0
36,0.600600,6,0.357210,543.596,233.429,1
37,0.617283,4,0.196586,359.668,415.811,0
37,0.617283,6,0.659746,541.913,225.577,1
38,0.633967,4,0.196586,330.109,414.076,0
38,0.633967,6,0.591395,540.070,219.748,1
39,0.650650,6,0.674280,538.436,215.855,1
39,0.650650,7,0.759841,397.717,458.073,1
40,0.667333,6,0.754191,536.885,214.055,1
40,0.667333,7,0.629672,390.482,465.181,1
41,0.684017,6,0.648435,535.265,214.044,1
41,0.684017,7,0.777797,384.781,471.563,1
42,0.700700,6,0.680988,533.830,216.037,1
42,0.700700,7,0.671334,382.706,476.044,1
43,0.717383,6,0.725420,532.351,219.873,1
43,0.717383,7,0.651514,386.320,477.606,1
43,0.717383,8,0.325066,725.951,601.942,1
44,0.734067,6,0.671184,530.840,225.429,1
44,0.734067,7,0.786438,393.554,475.898,1
44,0.734067,8,0.309094,730.393,598.261,1
45,0.750750,6,0.613023,529.340,232.653,1
45,0.750750,7,0.645827,405.001,470.991,1
45,0.750750,8,0.350669,733.859,588.501,1
46,0.767433,6,0.585212,528.009,241.717,1
46,0.767433,7,0.640144,421.165,463.397,1
46,0.767433,8,0.304931,736.113,573.444,1
47,0.784117,6,0.429079,526.590,252.796,1
47,0.784117,7,0.252420,441.509,454.468,1
47,0.784117,8,0.304931,739.217,567.149,0
48,0.800800,6,0.528441,525.255,265.762,1
48,0.800800,7,0.434797,467.667,444.766,1
48,0.800800,8,0.304931,742.321,560.854,0
49,0.817483,6,0.284275,523.661,280.494,1
49,0.817483,7,0.439245,497.935,435.201,1
49,0.817483,8,0.304931,745.425,554.560,0
50,0.834167,6,0.756161,522.290,296.659,1
50,0.834167,7,0.189901,530.583,427.438,1
50,0.834167,8,0.304931,748.529,548.265,0
51,0.850850,6,0.685294,521.008,315.325,1
51,0.850850,7,0.725370,564.505,421.596,1
51,0.850850,8,0.304931,751.633,541.970,0
51,0.850850,9,0.604701,730.877,446.006,1
52,0.867533,6,0.854965,519.844,335.666,1
52,0.867533,7,0.829079,599.233,417.728,1
52,0.867533,9,0.697430,728.673,422.355,1
53,0.884217,6,0.586401,518.688,357.513,1
53,0.884217,7,0.621696,633.726,416.431,1
53,0.884217,9,0.364831,726.070,396.743,1
54,0.900900,6,0.785672,517.526,380.884,1
54,0.900900,7,0.153892,668.210,417.249,1
54,0.900900,9,0.522899,723.519,371.765,1
55,0.917583,6,0.629518,516.462,405.959,1
55,0.917583,7,0.637884,701.792,420.109,1
55,0.917583,9,0.740202,721.402,348.732,1
56,0.934267,6,0.702504,515.489,432.623,1
56,0.934267,7,0.329040,734.991,425.145,1
56,0.934267,9,0.699493,719.357,328.020,1
57,0.950950,6,0.196223,514.162,461.233,1
57,0.950950,7,0.329040,767.054,425.328,0
57,0.950950,9,0.165606,717.560,309.727,1
58,0.967633,6,0.299266,513.092,491.755,1
58,0.967633,7,0.329040,799.117,425.510,0
58,0.967633,9,0.403947,715.678,293.752,1
59,0.984317,6,0.299266,511.932,517.321,0
59,0.984317,7,0.329040,831.180,425.693,0
59,0.984317,9,0.701500,713.681,280.551,1
60,1.001000,6,0.299266,510.772,542.886,0
60,1.001000,7,0.329040,863.243,425.875,0
60,1.001000,9,0.603774,712.073,269.627,1
61,1.017683,6,0.299266,509.612,568.452,0
61,1.017683,7,0.329040,895.305,426.058,0
61,1.017683,9,0.617790,710.525,261.006,1
62,1.034367,6,0.299266,508.452,594.017,0
62,1.034367,9,0.679461,708.885,254.214,1
63,1.051050,6,0.168127,513.861,614.022,1
63,1.051050,9,0.597561,707.402,249.537,1
64,1.067733,6,0.665706,520.312,630.618,1
64,1.067733,9,0.518087,706.105,246.917,1
64,1.067733,10,0.600804,864.110,512.871,1
65,1.084417,6,0.404204,527.718,642.953,1
65,1.084417,9,0.445026,704.590,246.168,1
65,1.084417,10,0.342904,871.441,522.308,1
66,1.101100,6,0.313736,535.783,649.405,1
66,1.101100,9,0.501049,703.226,247.227,1
66,1.101100,10,0.193787,875.871,529.586,1
67,1.117783,6,0.458305,543.270,649.782,1
67,1.117783,9,0.649342,702.082,250.044,1
67,1.117783,10,0.255995,876.492,531.338,1
68,1.134467,6,0.388648,550.125,643.316,1
68,1.134467,9,0.676155,701.248,254.644,1
68,1.134467,10,0.200849,873.259,528.567,1
69,1.151150,6,0.367370,556.162,630.508,1
69,1.151150,9,0.561732,700.302,261.106,1
69,1.151150,10,0.517311,866.352,521.815,1
70,1.167833,6,0.226043,561.647,611.967,1
70,1.167833,9,0.723356,699.147,269.287,1
70,1.167833,10,0.477995,856.349,512.492,1
71,1.184517,6,0.462104,565.429,589.100,1
71,1.184517,9,0.481470,697.880,279.084,1
71,1.184517,10,0.246146,841.977,501.746,1
72,1.201200,6,0.704558,567.788,561.164,1
72,1.201200,9,0.658060,696.908,290.774,1
72,1.201200,10,0.610751,821.636,489.364,1
73,1.217883,6,0.236590,568.665,529.534,1
73,1.217883,9,0.481433,695.905,304.388,1
73,1.217883,10,0.156746,796.201,476.324,1
74,1.234567,6,0.556265,568.239,495.888,1
74,1.234567,9,0.337694,694.532,319.689,1
74,1.234567,10,0.376699,766.082,465.883,1
75,1.251250,6,0.373051,567.021,462.397,1
75,1.251250,9,0.494212,693.395,336.527,1
75,1.251250,10,0.395996,733.195,457.361,1
76,1.267933,6,0.580536,565.805,430.522,1
76,1.267933,9,0.393416,692.408,355.244,1
76,1.267933,10,0.316391,699.102,451.374,1
77,1.284617,6,0.871011,564.357,400.057,1
77,1.284617,9,0.607436,691.517,375.542,1
77,1.284617,10,0.822590,664.399,447.500,1
78,1.301300,6,0.800587,562.889,372.336,1
78,1.301300,9,0.541768,690.538,397.545,1
78,1.301300,10,0.793558,629.963,446.005,1
79,1.317983,6,0.848089,561.505,347.504,1
79,1.317983,9,0.800994,689.533,421.167,1
79,1.317983,10,0.600185,595.934,446.602,1
80,1.334667,6,0.788649,560.076,325.177,1
80,1.334667,9,0.292333,688.628,446.534,1
80,1.334667,10,0.600185,565.173,442.716,0
81,1.351350,6,0.531228,559.037,305.498,1
81,1.351350,9,0.263789,687.538,473.604,1
81,1.351350,10,0.600185,534.413,438.830,0
82,1.368033,6,0.264476,557.643,287.728,1
82,1.368033,9,0.263789,686.517,495.960,0
82,1.368033,10,0.600185,503.653,434.943,0
83,1.384717,6,0.508617,556.176,272.189,1
83,1.384717,9,0.263789,685.497,518.315,0
83,1.384717,10,0.600185,472.893,431.057,0
84,1.401400,6,0.528015,554.797,258.454,1
84,1.401400,9,0.263789,684.476,540.670,0
84,1.401400,10,0.600185,442.132,427.171,0
85,1.418083,6,0.486346,553.405,246.653,1
85,1.418083,9,0.263789,683.456,563.025,0
86,1.434767,6,0.253108,551.971,236.797,1
86,1.434767,9,0.367336,687.299,582.280,1
87,1.451450,6,0.586572,550.608,228.548,1
87,1.451450,9,0.617620,690.556,599.421,1
87,1.451450,11,0.911282,442.273,472.101,1
88,1.468133,6,0.203512,548.920,222.052,1
88,1.468133,9,0.334947,694.174,613.994,1
88,1.468133,11,0.452303,427.778,476.809,1
89,1.484817,6,0.402427,547.090,217.376,1
89,1.484817,9,0.151870,698.326,624.912,1
89,1.484817,11,0.665594,414.559,482.831,1
90,1.501500,6,0.272686,545.468,214.451,1
90,1.501500,9,0.325459,702.680,631.748,1
90,1.501500,11,0.658683,404.007,488.604,1
91,1.518183,6,0.680423,544.016,213.173,1
91,1.518183,9,0.479954,707.247,633.865,1
91,1.518183,11,0.736057,396.588,493.057,1
92,1.534867,6,0.623618,542.612,213.931,1
92,1.534867,9,0.278403,711.038,631.218,1
92,1.534867,11,0.534655,393.140,496.127,1
93,1.551550,6,0.623650,541.342,216.478,1
93,1.551550,9,0.601423,714.085,623.616,1
93,1.551550,11,0.467129,393.254,497.325,1
94,1.568233,6,0.454618,540.300,220.710,1
94,1.568233,9,0.501186,716.684,611.244,1
94,1.568233,11,0.681052,397.394,496.118,1
95,1.584917,6,0.568327,538.656,226.897,1
95,1.584917,9,0.614675,718.714,593.460,1
95,1.584917,11,0.823156,406.029,492.777,1
96,1.601600,6,0.654749,537.407,234.860,1
96,1.601600,9,0.410241,720.445,570.035,1
96,1.601600,11,0.733463,419.385,487.163,1
97,1.618283,6,0.382889,536.276,244.768,1
97,1.618283,9,0.284118,722.347,542.797,1
97,1.618283,11,0.687425,437.864,478.533,1
98,1.634967,6,0.414127,535.143,256.524,1
98,1.634967,9,0.335469,724.023,511.524,1
98,1.634967,11,0.687425,445.400,475.501,0
99,1.651650,6,0.246488,534.015,270.445,1
99,1.651650,9,0.335469,726.219,492.452,0
99,1.651650,11,0.687425,452.936,472.468,0
100,1.668333,6,0.246488,532.789,279.017,0
100,1.668333,9,0.335469,728.414,473.379,0
100,1.668333,11,0.687425,460.473,469.435,0
101,1.685017,6,0.494479,531.992,298.641,1
101,1.685017,9,0.335469,730.610,454.306,0
101,1.685017,11,0.687425,468.009,466.403,0
102,1.701700,6,0.643920,531.382,319.795,1
102,1.701700,9,0.335469,732.805,435.233,0
102,1.701700,11,0.687425,475.545,463.370,0
103,1.718383,6,0.699816,530.566,342.348,1
103,1.718383,9,0.335469,735.000,416.161,0
104,1.735067,6,0.652958,530.006,366.410,1
104,1.735067,12,0.797905,731.105,349.922,1
104,1.735067,13,0.526297,631.981,423.225,1
105,1.751750,6,0.622319,529.271,392.086,1
105,1.751750,12,0.597107,732.588,329.769,1
105,1.751750,13,0.450322,658.188,422.128,1
106,1.768433,6,0.680502,528.781,418.879,1
106,1.768433,12,0.467936,734.216,308.202,1
106,1.768433,13,0.359451,688.772,422.099,1
107,1.785117,6,0.212696,528.234,447.639,1
107,1.785117,12,0.459809,735.870,287.455,1
107,1.785117,13,0.268067,721.100,423.705,1
108,1.801800,6,0.162981,527.915,477.455,1
108,1.801800,12,0.459809,737.115,271.109,0
108,1.801800,13,0.268067,744.500,423.795,0
109,1.818483,6,0.243119,527.334,505.054,1
109,1.818483,12,0.384812,738.609,254.245,1
109,1.818483,13,0.268067,767.901,423.884,0
110,1.835167,6,0.222035,526.783,528.339,1
110,1.835167,12,0.510461,740.295,239.723,1
110,1.835167,13,0.268067,791.302,423.974,0
111,1.851850,6,0.394089,525.777,547.492,1
111,1.851850,12,0.196573,741.952,227.937,1
111,1.851850,13,0.268067,814.702,424.064,0
112,1.868533,6,0.222577,525.181,562.837,1
112,1.868533,12,0.527249,743.838,218.542,1
112,1.868533,13,0.409268,831.153,438.651,1
113,1.885217,6,0.363868,525.174,576.632,1
113,1.885217,12,0.574033,745.388,211.039,1
113,1.885217,13,0.516838,846.642,450.386,1
114,1.901900,6,0.430877,528.309,591.026,1
114,1.901900,12,0.593964,746.876,206.371,1
114,1.901900,13,0.516838,866.433,456.678,0
115,1.918583,6,0.636941,534.459,603.753,1
115,1.918583,12,0.219900,748.273,203.672,1
115,1.918583,13,0.245453,876.249,467.210,1
116,1.935267,6,0.203645,541.893,614.387,1
116,1.935267,12,0.248900,749.698,203.147,1
116,1.935267,13,0.679407,883.542,476.146,1
117,1.951950,6,0.398800,549.721,621.607,1
117,1.951950,12,0.426753,751.322,204.784,1
117,1.951950,13,0.457047,887.099,483.319,1
118,1.968633,6,0.322072,557.997,623.759,1
118,1.968633,12,0.592478,752.787,208.136,1
118,1.968633,13,0.562964,887.126,486.955,1
119,1.985317,6,0.383969,565.758,620.264,1
119,1.985317,12,0.154505,754.315,213.621,1
119,1.985317,13,0.726858,883.263,486.559,1
120,2.002000,6,0.314371,572.767,610.620,1
120,2.002000,12,0.508039,755.858,221.259,1
120,2.002000,13,0.581109,875.729,482.333,1
121,2.018683,6,0.384705,578.339,595.502,1
121,2.018683,12,0.382236,757.328,230.563,1
121,2.018683,13,0.562545,864.136,474.909,1
122,2.035367,6,0.202781,582.321,574.920,1
122,2.035367,12,0.411998,758.973,241.603,1
122,2.035367,13,0.292366,848.185,465.005,1
123,2.052050,6,0.202781,587.907,567.705,0
123,2.052050,12,0.336724,760.478,254.793,1
123,2.052050,13,0.291877,827.134,454.290,1
124,2.068733,6,0.202781,593.493,560.490,0
124,2.068733,12,0.298496,761.842,270.027,1
124,2.068733,13,0.362293,801.781,444.307,1
125,2.085417,6,0.202781,599.079,553.275,0
125,2.085417,12,0.192764,763.447,287.016,1
125,2.085417,13,0.212258,773.593,435.694,1
126,2.102100,6,0.202781,604.665,546.060,0
126,2.102100,12,0.330454,764.955,305.605,1
126,2.102100,13,0.355092,745.647,428.695,1
126,2.102100,14,0.164575,577.042,447.591,1
127,2.118783,6,0.202781,610.251,538.845,0
127,2.118783,12,0.555707,766.517,326.361,1
127,2.118783,13,0.795604,716.683,424.174,1
127,2.118783,14,0.788767,575.755,421.663,1
128,2.135467,12,0.181364,767.964,349.078,1
128,2.135467,13,0.797914,688.335,421.967,1
128,2.135467,14,0.382850,573.967,392.362,1
129,2.152150,12,0.751982,769.170,373.277,1
129,2.152150,13,0.878929,659.657,422.132,1
129,2.152150,14,0.850070,571.804,362.759,1
130,2.168833,12,0.643588,770.713,399.467,1
130,2.168833,13,0.790886,631.285,424.307,1
130,2.168833,14,0.846298,569.964,334.865,1
131,2.185517,12,0.458368,772.230,427.783,1
131,2.185517,13,0.734137,603.525,428.598,1
131,2.185517,14,0.798975,568.220,309.290,1
132,2.202200,12,0.336853,773.564,458.082,1
132,2.202200,13,0.734137,576.944,428.124,0
132,2.202200,14,0.798975,566.621,284.858,0
133,2.218883,12,0.641925,774.418,489.133,1
133,2.218883,13,0.335103,552.311,436.331,1
133,2.218883,14,0.581697,564.433,263.849,1
134,2.235567,12,0.641925,775.699,515.677,0
134,2.235567,13,0.335103,526.246,438.161,0
134,2.235567,14,0.236365,562.137,244.661,1
135,2.252250,12,0.388478,774.331,540.439,1
135,2.252250,13,0.335103,500.182,439.990,0
135,2.252250,14,0.309557,559.896,227.916,1
136,2.268933,12,0.227275,774.930,562.152,1
136,2.268933,13,0.335103,474.118,441.820,0
136,2.268933,14,0.748036,557.686,213.096,1
137,2.285617,12,0.227275,775.514,587.066,0
137,2.285617,13,0.335103,448.053,443.650,0
137,2.285617,14,0.268133,555.124,200.870,1
138,2.302300,12,0.227275,776.098,611.980,0
138,2.302300,13,0.335103,421.989,445.480,0
138,2.302300,14,0.777765,552.959,190.671,1
138,2.302300,15,0.178659,525.697,491.184,1
139,2.318983,12,0.181491,780.109,619.221,1
139,2.318983,14,0.725338,550.667,182.399,1
139,2.318983,15,0.344650,526.523,506.477,1
140,2.335667,12,0.578038,783.778,624.176,1
140,2.335667,14,0.631452,548.299,175.897,1
140,2.335667,15,0.666155,527.180,527.229,1
141,2.352350,12,0.365500,786.993,627.933,1
141,2.352350,14,0.388758,546.166,171.270,1
141,2.352350,15,0.452002,528.859,550.976,1
142,2.369033,12,0.407971,789.776,629.199,1
142,2.369033,14,0.691889,543.970,168.712,1
142,2.369033,15,0.486342,532.656,572.241,1
143,2.385717,12,0.619523,792.012,627.664,1
143,2.385717,14,0.654679,541.810,167.909,1
143,2.385717,15,0.370270,538.860,589.340,1
144,2.402400,12,0.522689,793.549,623.310,1
144,2.402400,14,0.568650,539.604,168.950,1
144,2.402400,15,0.443265,546.588,601.578,1
145,2.419083,12,0.680572,794.139,616.274,1
145,2.419083,14,0.381116,537.466,171.907,1
145,2.419083,15,0.719416,555.009,607.363,1
146,2.435767,12,0.413839,793.687,606.202,1
146,2.435767,14,0.291023,535.270,176.648,1
146,2.435767,15,0.348110,563.536,606.201,1
147,2.452450,12,0.204762,792.017,593.824,1
147,2.452450,14,0.344644,533.029,183.528,1
147,2.452450,15,0.525464,571.263,598.036,1
148,2.469133,12,0.191334,789.100,578.278,1
148,2.469133,14,0.298531,530.908,192.112,1
148,2.469133,15,0.530837,577.760,583.040,1
149,2.485817,12,0.385034,784.271,560.343,1
149,2.485817,14,0.338197,528.818,202.656,1
149,2.485817,15,0.537014,582.573,560.962,1
150,2.502500,12,0.385034,782.647,549.996,0
150,2.502500,14,0.620805,526.722,215.231,1
150,2.502500,15,0.537014,588.645,554.798,0
151,2.519183,12,0.385034,781.023,539.649,0
151,2.519183,14,0.418730,524.428,229.815,1
151,2.519183,15,0.537014,594.716,548.634,0
152,2.535867,12,0.385034,779.399,529.302,0
152,2.535867,14,0.164677,522.561,246.579,1
152,2.535867,15,0.537014,600.787,542.470,0
153,2.552550,12,0.385034,777.775,518.955,0
153,2.552550,14,0.164677,520.464,257.773,0
153,2.552550,15,0.537014,606.859,536.307,0
154,2.569233,12,0.385034,776.151,508.608,0
154,2.569233,14,0.164677,518.366,268.967,0
154,2.569233,15,0.537014,612.930,530.143,0
155,2.585917,14,0.189998,516.251,295.992,1
156,2.602600,14,0.536588,514.616,324.303,1
157,2.619283,14,0.307696,512.887,353.500,1
157,2.619283,16,0.561120,584.985,303.461,1
158,2.635967,14,0.449097,511.231,383.401,1
158,2.635967,16,0.579445,585.389,279.805,1
159,2.652650,14,0.379437,509.548,414.804,1
159,2.652650,16,0.579445,585.628,267.128,0
160,2.669333,14,0.273756,508.335,447.409,1
160,2.669333,16,0.400901,585.799,235.530,1
161,2.686017,14,0.273756,506.689,475.020,0
161,2.686017,16,0.400901,586.015,216.472,0
162,2.702700,14,0.273756,505.044,502.631,0
162,2.702700,16,0.219206,586.032,189.401,1
163,2.719383,14,0.273756,503.399,530.242,0
163,2.719383,16,0.151586,586.076,167.009,1
164,2.736067,14,0.273756,501.753,557.853,0
164,2.736067,16,0.312411,586.186,148.506,1
165,2.752750,14,0.273756,500.108,585.464,0
165,2.752750,17,0.187965,581.663,364.696,1
165,2.752750,16,0.707132,586.484,133.015,1
166,2.769433,17,0.356806,577.094,367.496,1
166,2.769433,16,0.606011,586.642,121.005,1
166,2.769433,18,0.217140,586.581,135.607,1
167,2.786117,17,0.174978,574.635,369.702,1
167,2.786117,16,0.606011,586.807,103.525,0
167,2.786117,18,0.409091,586.705,127.150,1
168,2.802800,17,0.214453,573.868,371.354,1
168,2.802800,16,0.606011,586.972,86.044,0
168,2.802800,18,0.688809,586.986,118.801,1
169,2.819483,17,0.214453,567.514,371.126,0
169,2.819483,16,0.606011,587.136,68.564,0
169,2.819483,18,0.606485,587.174,112.303,1
170,2.836167,17,0.214453,561.159,370.897,0
170,2.836167,16,0.606011,587.301,51.084,0
170,2.836167,18,0.612884,587.413,107.518,1
171,2.852850,17,0.214453,554.805,370.669,0
171,2.852850,16,0.606011,587.466,33.603,0
171,2.852850,18,0.712087,587.718,105.050,1
172,2.869533,17,0.156537,568.756,368.383,1
172,2.869533,18,0.671149,588.034,105.061,1
173,2.886217,17,0.151586,581.520,366.723,1
173,2.886217,18,0.866066,588.275,107.313,1
174,2.902900,17,0.775809,592.704,366.167,1
174,2.902900,18,0.818947,588.522,112.051,1
174,2.902900,19,0.471025,459.773,537.974,1
175,2.919583,17,0.782694,601.783,366.919,1
175,2.919583,18,0.686517,588.940,119.118,1
175,2.919583,19,0.650895,453.533,511.723,1
176,2.936267,17,0.816790,609.038,369.650,1
176,2.936267,18,0.842968,589.283,128.314,1
176,2.936267,19,0.756021,449.034,479.772,1
177,2.952950,17,0.753708,615.185,374.375,1
177,2.952950,18,0.532781,589.636,139.743,1
177,2.952950,19,0.838224,446.571,443.772,1
178,2.969633,17,0.421160,619.829,381.347,1
178,2.969633,18,0.276314,590.058,153.465,1
178,2.969633,19,0.704646,445.648,407.517,1
179,2.986317,17,0.619900,623.794,390.603,1
179,2.986317,18,0.643103,590.516,169.393,1
179,2.986317,19,0.711033,445.533,371.869,1
180,3.003000,17,0.644723,627.240,401.536,1
180,3.003000,18,0.227480,590.910,187.616,1
180,3.003000,19,0.560659,445.749,337.482,1
181,3.019683,17,0.372896,630.318,414.576,1
181,3.019683,18,0.285795,591.400,207.516,1
181,3.019683,19,0.212644,446.261,304.819,1
182,3.036367,17,0.226012,633.542,429.394,1
182,3.036367,18,0.588063,591.768,229.384,1
182,3.036367,19,0.639744,447.062,274.307,1
183,3.053050,17,0.226012,637.614,439.277,0
183,3.053050,18,0.217057,592.012,253.425,1
183,3.053050,19,0.639744,446.515,243.028,0
184,3.069733,17,0.226012,641.686,449.161,0
184,3.069733,18,0.668204,592.624,279.442,1
184,3.069733,19,0.323697,448.342,218.006,1
185,3.086417,17,0.291380,643.698,473.785,1
185,3.086417,18,0.585755,593.073,307.786,1
185,3.086417,19,0.331766,450.367,194.928,1
186,3.103100,17,0.578810,646.163,498.922,1
186,3.103100,18,0.274199,593.352,337.597,1
186,3.103100,19,0.220129,451.882,174.089,1
187,3.119783,17,0.216979,649.055,524.741,1
187,3.119783,18,0.274199,593.743,362.024,0
187,3.119783,19,0.396904,453.604,154.966,1
188,3.136467,17,0.325813,652.187,551.772,1
188,3.136467,18,0.186104,594.651,396.994,1
188,3.136467,19,0.472664,455.167,137.868,1
189,3.153150,17,0.168832,656.083,575.078,1
189,3.153150,18,0.222802,598.224,429.605,1
189,3.153150,19,0.472456,456.342,122.359,1
190,3.169833,17,0.168832,659.428,596.894,0
190,3.169833,18,0.246335,604.564,460.178,1
190,3.169833,19,0.491909,457.600,108.651,1
191,3.186517,17,0.478750,660.314,609.451,1
191,3.186517,18,0.246335,607.228,489.342,0
191,3.186517,19,0.259445,458.844,97.038,1
192,3.203200,17,0.478750,663.007,628.810,0
192,3.203200,18,0.331916,621.709,516.547,1
192,3.203200,19,0.219381,460.159,87.228,1
193,3.219883,17,0.332147,656.243,634.645,1
193,3.219883,18,0.471049,637.237,539.263,1
193,3.219883,19,0.422448,461.323,79.209,1
194,3.236567,17,0.298145,650.156,639.703,1
194,3.236567,18,0.256846,652.487,557.274,1
194,3.236567,19,0.422448,462.547,66.092,0
195,3.253250,17,0.415928,645.966,643.999,1
195,3.253250,18,0.286554,667.208,571.012,1
195,3.253250,19,0.179951,464.315,63.926,1
196,3.269933,17,0.234307,642.351,649.462,1
196,3.269933,18,0.347644,681.440,581.616,1
196,3.269933,19,0.179951,465.683,53.715,0
197,3.286617,17,0.219958,640.097,653.302,1
197,3.286617,18,0.347644,693.594,600.420,0
197,3.286617,19,0.179951,467.051,43.505,0
198,3.303300,17,0.368793,638.511,654.734,1
198,3.303300,18,0.197154,706.189,601.178,1
198,3.303300,19,0.179951,468.420,33.294,0
199,3.319983,17,0.394781,636.747,653.441,1
199,3.319983,18,0.303942,717.086,601.379,1
199,3.319983,19,0.179951,469.788,23.084,0
200,3.336667,17,0.418242,634.000,649.313,1
200,3.336667,18,0.559769,726.359,599.302,1
200,3.336667,19,0.179951,471.156,12.873,0
201,3.353350,17,0.182759,630.852,642.694,1
201,3.353350,18,0.477052,733.593,596.175,1
202,3.370033,17,0.228649,627.309,633.437,1
202,3.370033,18,0.394063,738.908,592.085,1
202,3.370033,20,0.394349,474.137,99.655,1
203,3.386717,17,0.311599,623.421,620.733,1
203,3.386717,18,0.339652,742.054,586.632,1
203,3.386717,20,0.487026,475.401,109.667,1
204,3.403400,17,0.181410,619.944,604.503,1
204,3.403400,18,0.390489,743.355,579.938,1
204,3.403400,20,0.548092,477.071,123.040,1
205,3.420083,17,0.593001,616.748,583.672,1
205,3.420083,18,0.428423,742.858,571.334,1
205,3.420083,20,0.510360,479.078,138.953,1
206,3.436767,17,0.707285,612.903,557.424,1
206,3.436767,18,0.387506,740.900,559.905,1
206,3.436767,20,0.224804,480.983,156.833,1
207,3.453450,17,0.620516,609.485,525.465,1
207,3.453450,18,0.387506,743.383,554.277,0
207,3.453450,20,0.401466,482.335,176.604,1
208,3.470133,17,0.620516,606.108,505.618,0
208,3.470133,18,0.387506,745.867,548.649,0
208,3.470133,20,0.168192,484.031,197.963,1
209,3.486817,17,0.620516,602.731,485.771,0
209,3.486817,18,0.387506,748.351,543.021,0
209,3.486817,20,0.168192,485.544,214.283,0
210,3.503500,17,0.620516,599.354,465.924,0
210,3.503500,18,0.387506,750.834,537.392,0
210,3.503500,20,0.168192,487.057,230.603,0
211,3.520183,17,0.620516,595.977,446.077,0
211,3.520183,18,0.387506,753.318,531.764,0
211,3.520183,20,0.168192,488.570,246.923,0
212,3.536867,17,0.620516,592.600,426.230,0
212,3.536867,20,0.168192,490.084,263.244,0
212,3.536867,21,0.677767,602.616,343.875,1
213,3.553550,20,0.168192,491.597,279.564,0
213,3.553550,21,0.319165,601.174,312.146,1
214,3.570233,21,0.319165,600.442,295.449,0
215,3.586917,21,0.319165,599.709,278.753,0
216,3.603600,21,0.319165,598.977,262.056,0
217,3.620283,21,0.319165,598.244,245.359,0
220,3.670333,22,0.448833,591.398,124.839,1
221,3.687017,22,0.517719,589.732,107.252,1
222,3.703700,22,0.369263,588.023,88.258,1
223,3.720383,22,0.633018,586.537,70.450,1
224,3.737067,22,0.439742,585.170,54.578,1
225,3.753750,22,0.338952,583.633,41.113,1
226,3.770433,22,0.259972,581.933,29.999,1
227,3.787117,22,0.546050,580.228,21.513,1
228,3.803800,22,0.613827,578.579,16.132,1
229,3.820483,22,0.496653,577.011,13.478,1
230,3.837167,22,0.643884,575.359,13.015,1
231,3.853850,22,0.596880,573.611,14.147,1
232,3.870533,22,0.738738,572.060,16.386,1
232,3.870533,24,0.694356,443.254,522.477,1
232,3.870533,23,0.814149,602.099,366.072,1
233,3.887217,22,0.407195,570.631,20.498,1
233,3.887217,24,0.782766,439.597,497.728,1
233,3.887217,23,0.881057,601.694,366.096,1
234,3.903900,22,0.165749,569.214,26.856,1
234,3.903900,24,0.607937,437.357,464.659,1
234,3.903900,23,0.688747,601.204,367.720,1
235,3.920583,22,0.767408,567.830,35.213,1
235,3.920583,24,0.594721,437.186,425.905,1
235,3.920583,23,0.279220,600.667,371.599,1
236,3.937267,22,0.210695,566.436,46.024,1
236,3.937267,24,0.574642,439.178,387.232,1
236,3.937267,23,0.279220,600.267,373.046,0
237,3.953950,22,0.424738,564.832,58.856,1
237,3.953950,24,0.574642,438.681,358.143,0
237,3.953950,23,0.279220,599.868,374.494,0
238,3.970633,22,0.682485,563.451,73.665,1
238,3.970633,24,0.459905,442.963,319.103,1
238,3.970633,23,0.279220,599.468,375.941,0
239,3.987317,22,0.717377,561.913,90.386,1
239,3.987317,24,0.602382,447.461,283.140,1
239,3.987317,23,0.279220,599.068,377.388,0
240,4.004000,22,0.230163,560.485,109.227,1
240,4.004000,24,0.466040,451.208,249.697,1
240,4.004000,23,0.279220,598.668,378.835,0
241,4.020683,22,0.218772,559.031,129.781,1
241,4.020683,24,0.198206,454.888,219.346,1
242,4.037367,22,0.551502,557.821,152.413,1
242,4.037367,24,0.675133,458.237,191.795,1
243,4.054050,22,0.281599,556.396,176.678,1
243,4.054050,24,0.457339,461.405,166.744,1
243,4.054050,25,0.258799,594.045,472.282,1
244,4.070733,22,0.490110,555.307,202.702,1
244,4.070733,24,0.651579,464.563,144.533,1
244,4.070733,25,0.761336,593.081,491.190,1
245,4.087417,22,0.490110,553.986,223.592,0
245,4.087417,24,0.330946,467.955,124.853,1
245,4.087417,25,0.761336,592.574,500.833,0
246,4.104100,22,0.492599,553.082,255.847,1
246,4.104100,24,0.591367,471.463,107.017,1
246,4.104100,25,0.761336,592.068,510.477,0
247,4.120783,22,0.590658,551.860,289.402,1
247,4.120783,24,0.171224,474.592,91.273,1
247,4.120783,25,0.176437,591.232,540.233,1
248,4.137467,22,0.582072,550.728,324.020,1
248,4.137467,24,0.598856,477.883,77.809,1
248,4.137467,25,0.176437,590.615,556.660,0
249,4.154150,22,0.518695,549.891,359.746,1
249,4.154150,24,0.407364,481.246,65.965,1
249,4.154150,25,0.401340,590.926,573.658,1
250,4.170833,22,0.606241,551.209,393.889,1
250,4.170833,24,0.686837,484.655,56.135,1
250,4.170833,25,0.382363,591.431,586.336,1
251,4.187517,22,0.427941,556.007,425.325,1
251,4.187517,24,0.210702,488.400,47.931,1
251,4.187517,25,0.382363,591.340,601.814,0
252,4.204200,22,0.228098,564.533,453.721,1
252,4.204200,24,0.650505,492.039,41.650,1
252,4.204200,25,0.382363,591.249,617.292,0
253,4.220883,22,0.228098,567.485,484.373,0
253,4.220883,24,0.623075,495.710,37.084,1
253,4.220883,25,0.382363,591.158,632.770,0
254,4.237567,22,0.228098,570.437,515.024,0
254,4.237567,24,0.258266,499.526,34.729,1
254,4.237567,25,0.382363,591.067,648.248,0
255,4.254250,22,0.228098,573.389,545.675,0
255,4.254250,24,0.434598,503.462,33.961,1
255,4.254250,25,0.264746,590.908,652.261,1
256,4.270933,22,0.228098,576.340,576.326,0
256,4.270933,24,0.314542,507.126,35.004,1
256,4.270933,25,0.264746,590.798,664.606,0
257,4.287617,22,0.228098,579.292,606.977,0
257,4.287617,24,0.498592,510.010,37.102,1
257,4.287617,26,0.436113,644.213,530.625,1
258,4.304300,24,0.481642,511.559,39.181,1
258,4.304300,26,0.425135,649.227,534.635,1
259,4.320983,24,0.593850,512.965,41.827,1
259,4.320983,26,0.272102,657.329,540.115,1
260,4.337667,24,0.573210,513.498,43.871,1
260,4.337667,26,0.269869,661.863,543.104,1
261,4.354350,24,0.475034,514.302,46.401,1
261,4.354350,26,0.269869,666.965,546.792,0
262,4.371033,24,0.467937,514.567,48.122,1
262,4.371033,26,0.269869,672.066,550.480,0
263,4.387717,24,0.425219,515.413,50.338,1
263,4.387717,26,0.223268,678.727,552.903,1
263,4.387717,27,0.196374,593.004,641.926,1
264,4.404400,24,0.423405,515.815,51.723,1
264,4.404400,26,0.229524,682.396,554.026,1
264,4.404400,27,0.199753,593.301,640.679,1
265,4.421083,24,0.408664,516.788,53.970,1
265,4.421083,26,0.275637,688.688,555.609,1
265,4.421083,27,0.284519,594.204,638.139,1
266,4.437767,24,0.387560,517.313,55.337,1
266,4.437767,26,0.272672,692.282,556.352,1
266,4.437767,27,0.278690,594.745,636.659,1
267,4.454450,24,0.387560,518.171,56.908,0
267,4.454450,26,0.352158,698.206,557.064,1
267,4.454450,27,0.173554,595.940,633.033,1
268,4.471133,24,0.387560,519.029,58.480,0
268,4.471133,26,0.349363,701.632,557.283,1
268,4.471133,27,0.171361,596.651,630.880,1
269,4.487817,24,0.253834,520.517,61.178,1
269,4.487817,26,0.551031,706.523,557.340,1
269,4.487817,27,0.227592,597.738,626.875,1
270,4.504500,24,0.190878,521.488,62.937,1
270,4.504500,26,0.552748,709.306,557.202,1
270,4.504500,27,0.229907,598.386,624.444,1
271,4.521183,24,0.429194,522.584,65.685,1
271,4.521183,26,0.551304,714.064,556.331,1
271,4.521183,27,0.217730,599.444,619.804,1
272,4.537867,24,0.385891,523.250,67.352,1
272,4.537867,26,0.537660,716.781,555.621,1
272,4.537867,27,0.186399,600.073,616.937,1
273,4.554550,24,0.287008,524.382,70.644,1
273,4.554550,26,0.355411,721.060,554.044,1
273,4.554550,27,0.186399,600.853,613.896,0
274,4.571233,24,0.287958,525.045,72.662,1
274,4.571233,26,0.348979,723.492,552.969,1
274,4.571233,27,0.186399,601.633,610.855,0
275,4.587917,24,0.353830,526.299,75.788,1
275,4.587917,26,0.272828,726.964,550.398,1
275,4.587917,27,0.348013,603.034,603.102,1
276,4.604600,24,0.360502,527.068,77.654,1
276,4.604600,26,0.260881,728.867,548.673,1
276,4.604600,27,0.351773,603.903,598.105,1
277,4.621283,24,0.379244,528.269,81.380,1
277,4.621283,26,0.206815,731.971,544.937,1
277,4.621283,27,0.224295,605.161,589.860,1
278,4.637967,24,0.394718,529.024,83.682,1
278,4.637967,26,0.220164,733.707,542.475,1
278,4.637967,27,0.218699,605.895,584.775,1
279,4.654650,24,0.490227,530.313,87.510,1
279,4.654650,26,0.417322,736.243,538.030,1
279,4.654650,27,0.175364,607.057,576.105,1
280,4.671333,24,0.495623,531.090,89.841,1
280,4.671333,26,0.432737,737.578,535.224,1
280,4.671333,27,0.341730,607.731,570.782,1
281,4.688017,24,0.296563,532.157,94.248,1
281,4.688017,26,0.371737,739.365,529.746,1
281,4.688017,27,0.198294,608.261,561.346,1
282,4.704700,24,0.283301,532.748,96.940,1
282,4.704700,26,0.370405,740.279,526.292,1
282,4.704700,27,0.204776,608.488,555.588,1
283,4.721383,24,0.583663,534.071,101.735,1
283,4.721383,26,0.609757,741.531,519.887,1
283,4.721383,27,0.393567,609.099,545.122,1
284,4.738067,24,0.577051,534.915,104.657,1
284,4.738067,26,0.612976,742.139,515.888,1
284,4.738067,27,0.384339,609.431,538.737,1
285,4.754750,24,0.614794,536.269,109.236,1
285,4.754750,26,0.585180,742.066,509.184,1
285,4.754750,27,0.626386,609.751,526.806,1
286,4.771433,24,0.634527,537.085,111.939,1
286,4.771433,26,0.570569,741.804,505.101,1
286,4.771433,27,0.576777,609.924,519.426,1
287,4.788117,24,0.451388,538.195,117.175,1
287,4.788117,26,0.192271,741.168,497.852,1
287,4.788117,27,0.297078,610.055,506.357,1
288,4.804800,24,0.460989,538.829,120.346,1
288,4.804800,26,0.194473,740.620,493.440,1
288,4.804800,27,0.313056,610.086,498.374,1
289,4.821483,24,0.629049,539.993,125.714,1
289,4.821483,26,0.194473,740.715,488.349,0
289,4.821483,27,0.219832,610.533,484.794,1
290,4.838167,24,0.612725,540.689,128.908,1
290,4.838167,26,0.194473,740.809,483.259,0
290,4.838167,27,0.210648,610.803,476.603,1
291,4.854850,24,0.710397,541.930,134.577,1
291,4.854850,26,0.194473,740.904,478.168,0
291,4.854850,27,0.278244,611.397,463.792,1
292,4.871533,24,0.719257,542.696,137.998,1
292,4.871533,26,0.194473,740.998,473.078,0
292,4.871533,27,0.260123,611.777,456.233,1
293,4.888217,24,0.666242,543.782,143.951,1
293,4.888217,26,0.265081,736.981,464.225,1
293,4.888217,27,0.313485,612.494,444.300,1
294,4.904900,24,0.676349,544.434,147.523,1
294,4.904900,26,0.266928,734.150,458.735,1
294,4.904900,27,0.334192,612.953,437.344,1
295,4.921583,24,0.641457,545.656,153.540,1
295,4.921583,26,0.266928,732.667,452.805,0
295,4.921583,27,0.334192,613.417,427.906,0
296,4.938267,24,0.625640,546.388,157.139,1
296,4.938267,26,0.266928,731.183,446.875,0
296,4.938267,27,0.334192,613.882,418.468,0
297,4.954950,24,0.632718,547.905,163.713,1
297,4.954950,26,0.482370,727.189,438.186,1
297,4.954950,27,0.176136,614.568,407.483,1
298,4.971633,24,0.614376,548.832,167.629,1
298,4.971633,26,0.478893,724.612,432.925,1
298,4.971633,27,0.176136,615.091,397.635,0
299,4.988317,24,0.700708,550.042,174.387,1
299,4.988317,26,0.446682,721.086,425.161,1
299,4.988317,27,0.495172,615.677,387.494,1
300,5.005000,24,0.730541,550.719,178.429,1
300,5.005000,26,0.407977,718.951,420.640,1
300,5.005000,27,0.466496,615.981,381.826,1
301,5.021683,24,0.582063,551.732,185.490,1
301,5.021683,26,0.558505,715.659,414.010,1
301,5.021683,27,0.565474,616.211,371.961,1
302,5.038367,24,0.593134,552.302,189.721,1
302,5.038367,26,0.491903,713.683,410.255,1
302,5.038367,27,0.561345,616.300,366.318,1
303,5.055050,24,0.795119,553.392,197.170,1
303,5.055050,26,0.652512,711.119,403.424,1
303,5.055050,27,0.655007,616.853,356.767,1
304,5.071733,24,0.797025,554.023,201.638,1
304,5.071733,26,0.653873,709.685,399.445,1
304,5.071733,27,0.654805,617.194,351.251,1
305,5.088417,24,0.441852,555.149,209.175,1
305,5.088417,26,0.324996,706.909,393.211,1
305,5.088417,27,0.756578,617.602,340.776,1
306,5.105100,24,0.568906,555.818,213.701,1
306,5.105100,26,0.342097,705.307,389.632,1
306,5.105100,27,0.759516,617.836,334.559,1
307,5.121783,24,0.557902,557.453,221.569,1
307,5.121783,26,0.748640,702.668,383.480,1
307,5.121783,27,0.618336,618.312,324.041,1
308,5.138467,24,0.573762,558.485,226.283,1
308,5.138467,26,0.763315,701.141,379.898,1
308,5.138467,27,0.622791,618.596,317.805,1
309,5.155150,24,0.547251,559.861,234.457,1
309,5.155150,26,0.652135,698.464,373.988,1
309,5.155150,27,0.857173,618.939,307.273,1
310,5.171833,24,0.555098,560.685,239.316,1
310,5.171833,26,0.675374,696.881,370.554,1
310,5.171833,27,0.853533,619.125,301.057,1
311,5.188517,24,0.354336,561.496,247.694,1
311,5.188517,26,0.675374,694.810,365.851,0
311,5.188517,27,0.271976,619.533,290.627,1
312,5.205200,24,0.365034,561.876,252.686,1
312,5.205200,26,0.675374,692.740,361.148,0
312,5.205200,27,0.275771,619.776,284.470,1
313,5.221883,24,0.365034,562.705,258.892,0
313,5.221883,26,0.675374,690.669,356.444,0
313,5.221883,27,0.275771,620.086,276.489,0
314,5.238567,24,0.365034,563.533,265.097,0
314,5.238567,26,0.675374,688.599,351.741,0
314,5.238567,27,0.275771,620.396,268.508,0
315,5.255250,24,0.365034,564.362,271.302,0
315,5.255250,26,0.171031,685.538,347.768,1
315,5.255250,27,0.275771,620.705,260.527,0
316,5.271933,24,0.365034,565.191,277.507,0
316,5.271933,26,0.172565,683.696,345.665,1
316,5.271933,27,0.275771,621.015,252.546,0
317,5.288617,24,0.225245,566.515,287.891,1
317,5.288617,26,0.597001,680.914,341.704,1
317,5.288617,27,0.275771,621.325,244.565,0
318,5.305300,24,0.224985,567.327,294.267,1
318,5.305300,26,0.586624,679.275,339.495,1
319,5.321983,24,0.467503,568.704,304.419,1
319,5.321983,26,0.873319,676.286,335.763,1
320,5.338667,24,0.467959,569.539,310.519,1
320,5.338667,26,0.868835,674.504,333.645,1
321,5.355350,24,0.205299,570.668,320.639,1
321,5.355350,26,0.782711,671.367,329.805,1
322,5.372033,24,0.204522,571.295,326.801,1
322,5.372033,26,0.780090,669.519,327.555,1
323,5.388717,24,0.587309,572.276,336.610,1
323,5.388717,26,0.830502,666.504,323.896,1
324,5.405400,24,0.608703,572.829,342.383,1
324,5.405400,26,0.830429,664.723,321.771,1
325,5.422083,24,0.608703,573.663,349.933,0
325,5.422083,26,0.604840,661.802,318.441,1
326,5.438767,24,0.192055,574.130,356.270,1
326,5.438767,26,0.554647,660.167,316.534,1
327,5.455450,24,0.185485,574.940,366.853,1
327,5.455450,26,0.679582,657.213,313.236,1
328,5.472133,24,0.175172,575.399,373.231,1
328,5.472133,26,0.682556,655.475,311.321,1
329,5.488817,24,0.175172,576.076,380.887,0
329,5.488817,26,0.586251,652.792,308.586,1
330,5.505500,24,0.175172,576.754,388.543,0
330,5.505500,26,0.591687,651.287,306.983,1
331,5.522183,24,0.175172,577.431,396.200,0
331,5.522183,26,0.456685,649.600,304.712,1
332,5.538867,24,0.175172,578.108,403.856,0
332,5.538867,26,0.467759,648.734,303.467,1
333,5.555550,24,0.175172,578.785,411.512,0
333,5.555550,26,0.467759,647.022,301.412,0
333,5.555550,28,0.221620,627.540,144.788,1
334,5.572233,26,0.213899,646.698,300.258,1
334,5.572233,28,0.315807,627.693,141.224,1
335,5.588917,26,0.213899,645.354,298.442,0
335,5.588917,28,0.167747,628.135,133.718,1
336,5.605600,26,0.213899,644.011,296.626,0
336,5.605600,28,0.405851,628.336,129.220,1
337,5.622283,26,0.213899,642.667,294.810,0
337,5.622283,28,0.339679,628.672,121.761,1
338,5.638967,26,0.213899,641.323,292.994,0
338,5.638967,28,0.361986,628.867,117.449,1
339,5.655650,26,0.213899,639.980,291.178,0
339,5.655650,28,0.420366,629.391,110.625,1
340,5.672333,28,0.433105,629.720,106.662,1
341,5.689017,28,0.263551,630.284,100.458,1
342,5.705700,28,0.282502,630.628,96.871,1
343,5.722383,28,0.333204,631.241,91.208,1
344,5.739067,28,0.328287,631.613,87.965,1
345,5.755750,28,0.328287,632.032,83.366,0
346,5.772433,28,0.328287,632.451,78.767,0
347,5.789117,28,0.386445,632.768,73.959,1
348,5.805800,28,0.345744,632.913,71.260,1
349,5.822483,28,0.479398,633.039,66.696,1
350,5.839167,28,0.458733,633.067,64.080,1
351,5.855850,28,0.458733,633.275,60.264,0
352,5.872533,28,0.458733,633.483,56.449,0
353,5.889217,28,0.171376,633.768,52.428,1
354,5.905900,28,0.194406,633.955,50.144,1
355,5.922583,28,0.244946,634.367,46.294,1
356,5.939267,28,0.262455,634.622,44.108,1
357,5.955950,28,0.262455,634.888,40.916,0
358,5.972633,28,0.262455,635.153,37.723,0
359,5.989317,28,0.196350,635.680,34.637,1
360,6.006000,28,0.191087,636.012,32.939,1
361,6.022683,28,0.348596,636.444,30.316,1
362,6.039367,28,0.358609,636.674,28.876,1
363,6.056050,28,0.450242,636.991,26.497,1
364,6.072733,28,0.457354,637.165,25.174,1
365,6.089417,28,0.491577,637.436,23.718,1
366,6.106100,28,0.519696,637.612,22.985,1
367,6.122783,28,0.434254,637.898,21.869,1
368,6.139467,28,0.425117,638.062,21.323,1
369,6.156150,28,0.433311,638.418,20.644,1
370,6.172833,28,0.421237,638.655,20.351,1
371,6.189517,28,0.415685,639.134,19.701,1
372,6.206200,28,0.396570,639.434,19.355,1
373,6.222883,28,0.396570,639.747,18.664,0
374,6.239567,28,0.396570,640.060,17.973,0
375,6.256250,28,0.396570,640.373,17.282,0
376,6.272933,28,0.396570,640.686,16.591,0
377,6.289617,28,0.156577,640.979,16.808,1
378,6.306300,28,0.157834,641.133,17.068,1
379,6.322983,28,0.156210,641.427,17.225,1
380,6.339667,28,0.155476,641.595,17.342,1
381,6.356350,28,0.160428,641.891,17.436,1
382,6.373033,28,0.183144,642.062,17.517,1
383,6.389717,28,0.183144,642.298,17.514,0
384,6.406400,28,0.183144,642.534,17.511,0
385,6.423083,28,0.183144,642.770,17.508,0
386,6.439767,28,0.183144,643.005,17.505,0
387,6.456450,28,0.183144,643.241,17.502,0
391,6.523183,29,0.208441,644.033,21.141,1
392,6.539867,29,0.210074,644.293,21.586,1
393,6.556550,29,0.338396,644.707,22.722,1
394,6.573233,29,0.338488,645.071,23.402,1
395,6.589917,29,0.303818,645.525,24.579,1
396,6.606600,29,0.320321,645.770,25.259,1
397,6.623283,29,0.582840,646.516,26.895,1
398,6.639967,29,0.628887,646.910,27.893,1
399,6.656650,29,0.672175,647.450,30.546,1
399,6.656650,30,0.443656,663.229,263.135,1
400,6.673333,29,0.662987,647.813,32.251,1
400,6.673333,30,0.431554,664.034,263.487,1
401,6.690017,29,0.610071,647.920,35.318,1
401,6.690017,30,0.365824,665.154,264.763,1
402,6.706700,29,0.601807,648.029,37.304,1
402,6.706700,30,0.369372,665.793,265.536,1
403,6.723383,29,0.621832,648.371,40.781,1
403,6.723383,30,0.322452,666.652,266.943,1
404,6.740067,29,0.632294,648.598,42.940,1
404,6.740067,30,0.336955,667.114,267.765,1
405,6.756750,29,0.631050,648.797,46.775,1
405,6.756750,30,0.347845,668.314,269.459,1
406,6.773433,29,0.597025,648.952,49.125,1
406,6.773433,30,0.312887,669.137,270.485,1
407,6.790117,29,0.766399,649.191,53.403,1
407,6.790117,30,0.654508,670.217,272.251,1
408,6.806800,29,0.769118,649.320,56.030,1
408,6.806800,30,0.664922,670.848,273.340,1
409,6.823483,29,0.802737,649.435,60.552,1
409,6.823483,30,0.641223,671.687,275.846,1
410,6.840167,29,0.815719,649.507,63.294,1
410,6.840167,30,0.648527,672.126,277.422,1
411,6.856850,29,0.798185,649.909,68.037,1
411,6.856850,30,0.818322,673.124,279.913,1
411,6.856850,31,0.276821,547.632,496.830,1
412,6.873533,29,0.803609,650.158,70.858,1
412,6.873533,30,0.819935,673.727,281.480,1
412,6.873533,31,0.255423,546.346,491.790,1
413,6.890217,29,0.325730,650.484,76.036,1
413,6.890217,30,0.653423,675.047,284.246,1
413,6.890217,31,0.255423,545.500,488.455,0
414,6.906900,29,0.154910,650.650,79.231,1
414,6.906900,30,0.635324,676.061,285.942,1
414,6.906900,31,0.255423,544.654,485.120,0
415,6.923583,29,0.571881,651.125,84.522,1
415,6.923583,30,0.787193,677.384,289.140,1
415,6.923583,31,0.255423,543.808,481.785,0
416,6.940267,29,0.651339,651.416,87.585,1
416,6.940267,30,0.789282,678.215,291.093,1
416,6.940267,31,0.255423,542.962,478.450,0
417,6.956950,29,0.572733,651.760,93.186,1
417,6.956950,30,0.801239,679.425,294.513,1
417,6.956950,31,0.371601,542.471,455.934,1
418,6.973633,29,0.558512,651.968,96.547,1
418,6.973633,30,0.803174,680.117,296.598,1
418,6.973633,31,0.377660,542.286,442.260,1
419,6.990317,29,0.728858,652.257,102.645,1
419,6.990317,30,0.837994,681.212,300.327,1
419,6.990317,31,0.651778,541.825,426.293,1
420,7.007000,29,0.734957,652.438,106.393,1
420,7.007000,30,0.841842,681.833,302.592,1
420,7.007000,31,0.651263,541.595,417.360,1
421,7.023683,29,0.824512,652.964,112.743,1
421,7.023683,30,0.801262,682.656,306.775,1
421,7.023683,31,0.692184,541.046,404.807,1
422,7.040367,29,0.803350,653.166,116.533,1
422,7.040367,30,0.804225,683.119,309.391,1
422,7.040367,31,0.711118,540.737,397.771,1
423,7.057050,29,0.286393,653.621,123.169,1
423,7.057050,30,0.823196,684.136,313.594,1
423,7.057050,31,0.742096,539.849,387.018,1
424,7.073733,29,0.428530,653.795,127.187,1
424,7.073733,30,0.829012,684.753,316.113,1
424,7.073733,31,0.740912,539.298,381.011,1
425,7.090417,29,0.351965,654.140,134.214,1
425,7.090417,30,0.840303,686.135,320.939,1
425,7.090417,31,0.692414,538.413,371.273,1
425,7.090417,32,0.613855,654.053,131.725,1
426,7.107100,29,0.391882,654.398,138.469,1
426,7.107100,30,0.840413,686.990,323.864,1
426,7.107100,31,0.703052,537.865,365.797,1
426,7.107100,32,0.454957,654.184,135.283,1
427,7.123783,29,0.282953,654.989,145.644,1
427,7.123783,30,0.803175,688.000,328.565,1
427,7.123783,31,0.460134,536.726,356.328,1
427,7.123783,32,0.195004,654.960,143.183,1
428,7.140467,29,0.222621,655.452,149.929,1
428,7.140467,30,0.802020,688.576,331.376,1
428,7.140467,31,0.471436,536.007,350.911,1
428,7.140467,32,0.260470,655.326,147.821,1
429,7.157150,29,0.222621,655.848,155.225,0
429,7.157150,30,0.855847,689.539,336.480,1
429,7.157150,31,0.624251,535.129,341.487,1
429,7.157150,32,0.260470,655.669,152.169,0
430,7.173833,29,0.222621,656.245,160.520,0
430,7.173833,30,0.858441,690.113,339.538,1
430,7.173833,31,0.617567,534.647,335.980,1
430,7.173833,32,0.260470,656.012,156.518,0
431,7.190517,29,0.255238,656.601,168.606,1
431,7.190517,30,0.818626,691.212,344.659,1
431,7.190517,31,0.701159,533.708,326.502,1
431,7.190517,32,0.260470,656.355,160.866,0
432,7.207200,29,0.234307,656.792,173.525,1
432,7.207200,30,0.818212,691.874,347.715,1
432,7.207200,31,0.686515,533.149,320.950,1
432,7.207200,32,0.260470,656.698,165.215,0
433,7.223883,29,0.291836,657.031,181.873,1
433,7.223883,30,0.531619,692.791,353.280,1
433,7.223883,31,0.248812,532.268,311.603,1
433,7.223883,32,0.260470,657.041,169.563,0
434,7.240567,29,0.235040,657.144,186.908,1
434,7.240567,30,0.469434,693.299,356.650,1
434,7.240567,31,0.208391,531.735,306.108,1
435,7.257250,29,0.235040,657.400,192.969,0
435,7.257250,30,0.184458,694.248,362.468,1
435,7.257250,31,0.499668,531.220,296.904,1
436,7.273933,29,0.235040,657.657,199.030,0
436,7.273933,30,0.204273,694.805,365.967,1
436,7.273933,31,0.474008,530.959,291.457,1
437,7.290617,29,0.501925,658.292,208.614,1
437,7.290617,30,0.616285,696.044,372.374,1
437,7.290617,31,0.692848,530.227,282.694,1
438,7.307300,29,0.464194,658.737,214.461,1
438,7.307300,30,0.587412,696.806,376.266,1
438,7.307300,31,0.650033,529.845,277.670,1
439,7.323983,29,0.453596,659.062,223.720,1
439,7.323983,30,0.271781,697.821,382.640,1
439,7.323983,31,0.384852,529.477,268.938,1
440,7.340667,29,0.454802,659.235,229.247,1
440,7.340667,30,0.260323,698.411,386.450,1
440,7.340667,31,0.381377,529.297,263.817,1
441,7.357350,29,0.403657,660.008,238.908,1
441,7.357350,30,0.260323,699.220,391.170,0
441,7.357350,31,0.194566,528.646,255.446,1
442,7.374033,29,0.420555,660.498,244.670,1
442,7.374033,30,0.260323,700.030,395.889,0
442,7.374033,31,0.187269,528.252,250.567,1
443,7.390717,29,0.394581,660.915,254.830,1
443,7.390717,30,0.260323,700.839,400.608,0
443,7.390717,31,0.601159,527.926,242.620,1
444,7.407400,29,0.397968,661.138,260.925,1
444,7.407400,30,0.260323,701.649,405.328,0
444,7.407400,31,0.613260,527.767,237.992,1
445,7.424083,29,0.578406,661.648,270.841,1
445,7.424083,30,0.251296,702.536,413.372,1
445,7.424083,31,0.217060,527.514,229.937,1
446,7.440767,29,0.567568,661.958,276.761,1
446,7.440767,30,0.244455,703.040,418.335,1
446,7.440767,31,0.389566,527.241,225.192,1
447,7.457450,29,0.588857,662.209,286.784,1
447,7.457450,30,0.225588,703.882,426.222,1
447,7.457450,31,0.183360,526.872,217.666,1
448,7.474133,29,0.574247,662.403,292.694,1
448,7.474133,30,0.219344,704.372,430.970,1
448,7.474133,31,0.357942,526.650,213.298,1
449,7.490817,29,0.739386,662.881,303.091,1
449,7.490817,30,0.168932,705.710,438.878,1
449,7.490817,31,0.411465,526.164,205.915,1
450,7.507500,29,0.751146,663.197,309.296,1
450,7.507500,30,0.168961,706.551,443.563,1
450,7.507500,31,0.439559,525.879,201.563,1
451,7.524183,29,0.696241,663.637,320.513,1
451,7.524183,30,0.168961,707.410,449.440,0
451,7.524183,31,0.150709,525.358,194.536,1
452,7.540867,29,0.692126,663.899,327.255,1
452,7.540867,30,0.168961,708.269,455.317,0
452,7.540867,31,0.547630,525.023,190.421,1
453,7.557550,29,0.726480,664.100,338.635,1
453,7.557550,30,0.168961,709.128,461.194,0
453,7.557550,31,0.487724,524.555,183.350,1
454,7.574233,29,0.711573,664.162,345.417,1
454,7.574233,30,0.168961,709.987,467.071,0
454,7.574233,31,0.465196,524.285,179.222,1
455,7.590917,29,0.711573,664.402,353.843,0
455,7.590917,30,0.168961,710.847,472.948,0
455,7.590917,31,0.614993,523.977,172.532,1
456,7.607600,29,0.711573,664.642,362.269,0
456,7.607600,31,0.597815,523.807,168.646,1
457,7.624283,29,0.711573,664.882,370.695,0
457,7.624283,31,0.211810,523.551,162.310,1
458,7.640967,29,0.168824,665.250,378.509,1
458,7.640967,31,0.309881,523.387,158.648,1
459,7.657650,29,0.390428,666.441,389.882,1
459,7.657650,31,0.320360,523.175,152.709,1
460,7.674333,29,0.401243,667.241,396.661,1
460,7.674333,31,0.310635,523.058,149.288,1
461,7.691017,29,0.401243,667.833,405.136,0
461,7.691017,31,0.154987,522.599,143.075,1
461,7.691017,33,0.198922,714.478,515.046,1
462,7.707700,29,0.401243,668.425,413.612,0
462,7.707700,31,0.154987,522.322,137.899,0
462,7.707700,33,0.215827,715.170,522.363,1
463,7.724383,29,0.401243,669.018,422.088,0
463,7.724383,31,0.177408,522.131,132.661,1
463,7.724383,33,0.215827,715.781,528.530,0
464,7.741067,29,0.401243,669.610,430.563,0
464,7.741067,31,0.180388,522.031,129.741,1
464,7.741067,33,0.215827,716.392,534.697,0
465,7.757750,29,0.401243,670.202,439.039,0
465,7.757750,31,0.260654,521.831,124.862,1
465,7.757750,33,0.215827,717.003,540.864,0
466,7.774433,31,0.288199,521.679,122.075,1
466,7.774433,33,0.215827,717.614,547.030,0
467,7.791117,31,0.232353,521.414,117.063,1
467,7.791117,33,0.158086,716.159,557.686,1
468,7.807800,31,0.249357,521.234,114.156,1
468,7.807800,33,0.162859,715.171,563.617,1
469,7.824483,31,0.361112,520.984,109.322,1
469,7.824483,33,0.189222,713.176,569.328,1
470,7.841167,31,0.403736,520.862,106.527,1
470,7.841167,33,0.213622,711.913,572.254,1
471,7.857850,31,0.253240,520.622,102.037,1
471,7.857850,33,0.265717,710.503,575.967,1
471,7.857850,34,0.246644,687.717,466.285,1
472,7.874533,31,0.258689,520.480,99.447,1
472,7.874533,33,0.267776,709.656,577.750,1
472,7.874533,34,0.246961,689.310,470.005,1
473,7.891217,31,0.458620,520.357,95.065,1
473,7.891217,33,0.267776,708.672,582.031,0
473,7.891217,34,0.246961,690.365,472.467,0
474,7.907900,31,0.505192,520.300,92.518,1
474,7.907900,33,0.267776,707.689,586.311,0
474,7.907900,34,0.246961,691.420,474.928,0
475,7.924583,31,0.346034,520.067,88.596,1
475,7.924583,33,0.267776,706.705,590.592,0
475,7.924583,34,0.246961,692.476,477.389,0
476,7.941267,31,0.350095,519.925,86.352,1
476,7.941267,33,0.267776,705.721,594.873,0
476,7.941267,34,0.246961,693.531,479.850,0
477,7.957950,31,0.223838,519.490,82.695,1
477,7.957950,33,0.267776,704.737,599.153,0
478,7.974633,31,0.183751,519.179,80.611,1
479,7.991317,31,0.321308,518.667,77.172,1
480,8.008000,31,0.221321,518.355,75.192,1
481,8.024683,31,0.553714,517.807,72.097,1
482,8.041367,31,0.579427,517.387,70.344,1
483,8.058050,31,0.456953,516.868,67.483,1
484,8.074733,31,0.461048,516.562,65.866,1
485,8.091417,31,0.462968,516.169,63.517,1
486,8.108100,31,0.432529,515.879,62.206,1
487,8.124783,31,0.432529,515.513,60.113,0
488,8.141467,31,0.432529,515.147,58.019,0
489,8.158150,31,0.209558,514.831,56.487,1
490,8.174833,31,0.274910,514.670,55.654,1
491,8.191517,31,0.182648,514.393,54.055,1
492,8.208200,31,0.183433,514.239,53.170,1
493,8.224883,31,0.172954,513.964,51.847,1
494,8.241567,31,0.161040,513.812,51.130,1
495,8.258250,31,0.308824,513.544,50.138,1
496,8.274933,31,0.162018,513.336,49.580,1
497,8.291617,31,0.256639,513.041,48.886,1
498,8.308300,31,0.241777,512.798,48.538,1
499,8.324983,31,0.251680,512.478,48.222,1
500,8.341667,31,0.216695,512.381,48.142,1
501,8.358350,31,0.339161,512.073,48.150,1
502,8.375033,31,0.355438,511.915,48.230,1
503,8.391717,31,0.343555,511.628,48.592,1
504,8.408400,31,0.317426,511.430,48.925,1
505,8.425083,31,0.294156,511.054,49.524,1
506,8.441767,31,0.345099,510.798,49.936,1
507,8.458450,31,0.364016,510.206,50.825,1
507,8.458450,35,0.162805,722.384,548.516,1
508,8.475133,31,0.369888,509.789,51.418,1
508,8.475133,35,0.165604,723.164,547.495,1
509,8.491817,31,0.369888,509.421,51.879,0
509,8.491817,35,0.254106,724.287,545.878,1
510,8.508500,31,0.369888,509.052,52.339,0
510,8.508500,35,0.250380,724.902,544.952,1
511,8.525183,31,0.369888,508.683,52.800,0
511,8.525183,35,0.250380,725.735,543.890,0
512,8.541867,31,0.369888,508.315,53.260,0
512,8.541867,35,0.250380,726.568,542.827,0
513,8.558550,31,0.187900,507.839,56.130,1
513,8.558550,35,0.274481,726.711,540.042,1
514,8.575233,31,0.262878,507.477,58.078,1
514,8.575233,35,0.273562,726.702,538.299,1
515,8.591917,31,0.156876,507.154,60.890,1
515,8.591917,35,0.167910,726.828,535.955,1
516,8.608600,31,0.156876,506.784,62.609,0
516,8.608600,35,0.178707,726.848,534.559,1
517,8.625283,31,0.545106,506.501,65.316,1
517,8.625283,35,0.314829,726.939,532.922,1
518,8.641967,31,0.563322,506.300,66.949,1
518,8.641967,35,0.321272,726.956,532.010,1
519,8.658650,31,0.356390,505.893,69.813,1
519,8.658650,35,0.293260,726.814,529.841,1
520,8.675333,31,0.324787,505.700,71.509,1
520,8.675333,35,0.286059,726.682,528.529,1
521,8.692017,31,0.270150,505.200,74.624,1
521,8.692017,35,0.283816,726.379,523.740,1
522,8.708700,31,0.201802,504.890,76.514,1
522,8.708700,35,0.256894,726.157,520.567,1
523,8.725383,31,0.201802,504.550,78.717,0
523,8.725383,35,0.256894,726.057,517.947,0
524,8.742067,31,0.201802,504.210,80.920,0
524,8.742067,35,0.256894,725.957,515.328,0
525,8.758750,31,0.201802,503.870,83.123,0
525,8.758750,35,0.256894,725.857,512.708,0
526,8.775433,31,0.201802,503.530,85.326,0
526,8.775433,35,0.256894,725.757,510.089,0
527,8.792117,31,0.201802,503.190,87.529,0
527,8.792117,35,0.256894,725.656,507.470,0
533,8.892217,36,0.462480,501.412,113.952,1
533,8.892217,37,0.172441,716.764,480.889,1
533,8.892217,38,0.169692,618.640,508.075,1
534,8.908900,36,0.491753,501.239,116.586,1
534,8.908900,37,0.185265,716.178,477.791,1
534,8.908900,38,0.168194,618.331,501.990,1
535,8.925583,36,0.491753,501.125,118.323,0
535,8.925583,37,0.185265,715.779,475.761,0
535,8.925583,38,0.168194,618.124,497.966,0
536,8.942267,36,0.491753,501.012,120.061,0
536,8.942267,37,0.185265,715.380,473.732,0
536,8.942267,38,0.168194,617.917,493.941,0
537,8.958950,36,0.173586,500.492,129.169,1
537,8.958950,37,0.185265,714.981,471.702,0
537,8.958950,38,0.168194,617.710,489.917,0
538,8.975633,36,0.198781,500.161,134.658,1
538,8.975633,37,0.185265,714.582,469.673,0
538,8.975633,38,0.168194,617.504,485.893,0
539,8.992317,36,0.262932,499.512,142.619,1
540,9.009000,36,0.522535,499.120,147.235,1
541,9.025683,36,0.744795,498.631,154.207,1
542,9.042367,36,0.744401,498.361,158.213,1
543,9.059050,36,0.307189,498.091,165.229,1
544,9.075733,36,0.153627,497.947,169.348,1
545,9.092417,36,0.630023,497.572,176.459,1
545,9.092417,39,0.409264,614.795,400.372,1
546,9.109100,36,0.636698,497.446,180.635,1
546,9.109100,39,0.401445,614.481,395.047,1
547,9.125783,36,0.785720,497.321,188.159,1
547,9.125783,39,0.733201,613.988,383.023,1
548,9.142467,36,0.783662,497.254,192.652,1
548,9.142467,39,0.744361,613.702,375.949,1
549,9.159150,36,0.903677,496.804,200.462,1
549,9.159150,39,0.869020,613.348,364.756,1
549,9.159150,40,0.622584,687.749,406.548,1
550,9.175833,36,0.895642,496.483,205.099,1
550,9.175833,39,0.873407,613.162,358.345,1
550,9.175833,40,0.653208,685.658,402.906,1
551,9.192517,36,0.603743,496.073,213.268,1
551,9.192517,39,0.662101,612.502,347.817,1
551,9.192517,40,0.168229,682.707,398.106,1
552,9.209200,36,0.564397,495.847,218.156,1
552,9.209200,39,0.650026,612.095,341.684,1
552,9.209200,40,0.157475,681.076,395.547,1
553,9.225883,36,0.581148,495.391,226.699,1
553,9.225883,39,0.754097,611.394,331.306,1
553,9.225883,40,0.262324,678.600,391.266,1
554,9.242567,36,0.609461,495.093,231.834,1
554,9.242567,39,0.753539,610.953,325.182,1
554,9.242567,40,0.248354,677.208,388.869,1
555,9.259250,36,0.810865,494.547,240.690,1
555,9.259250,39,0.833186,610.309,315.196,1
555,9.259250,40,0.376444,674.704,384.871,1
556,9.275933,36,0.805203,494.217,245.996,1
556,9.275933,39,0.831140,609.922,309.348,1
556,9.275933,40,0.367096,673.257,382.602,1
557,9.292617,36,0.242719,493.762,255.089,1
557,9.292617,39,0.629696,609.390,299.299,1
557,9.292617,40,0.166982,670.979,378.942,1
558,9.309300,36,0.381231,493.521,260.561,1
558,9.309300,39,0.596229,609.090,293.389,1
558,9.309300,40,0.166982,668.923,375.517,0
559,9.325983,36,0.198924,493.041,270.078,1
559,9.325983,39,0.780393,608.832,283.646,1
559,9.325983,40,0.207304,666.770,372.551,1
560,9.342667,36,0.207661,492.760,275.776,1
560,9.342667,39,0.777883,608.729,277.925,1
560,9.342667,40,0.212403,665.559,370.966,1
561,9.359350,36,0.603922,492.586,285.589,1
561,9.359350,39,0.679670,608.318,268.213,1
561,9.359350,40,0.293156,663.489,368.253,1
562,9.376033,36,0.578114,492.516,291.456,1
562,9.376033,39,0.675062,608.078,262.474,1
562,9.376033,40,0.291363,662.271,366.775,1
563,9.392717,36,0.274539,492.308,301.399,1
563,9.392717,39,0.370735,607.748,253.498,1
563,9.392717,40,0.167305,659.999,364.206,1
564,9.409400,36,0.323567,492.196,307.285,1
564,9.409400,39,0.386432,607.557,248.279,1
564,9.409400,40,0.172458,658.653,362.766,1
565,9.426083,36,0.448547,491.884,317.867,1
565,9.426083,39,0.547866,607.048,239.228,1
565,9.426083,40,0.226058,656.294,360.742,1
566,9.442767,36,0.228782,491.578,324.271,1
566,9.442767,39,0.554911,606.709,233.886,1
566,9.442767,40,0.260888,654.874,359.639,1
567,9.459450,36,0.445242,491.189,335.159,1
567,9.459450,39,0.631962,606.127,225.667,1
567,9.459450,40,0.391103,652.399,357.591,1
568,9.476133,36,0.479241,490.959,341.674,1
568,9.476133,39,0.629713,605.771,220.927,1
568,9.476133,40,0.420223,650.924,356.417,1
569,9.492817,36,0.302219,490.636,352.888,1
569,9.492817,39,0.310073,605.139,212.584,1
569,9.492817,40,0.557194,648.657,354.403,1
570,9.509500,36,0.212636,490.443,359.585,1
570,9.509500,39,0.298913,604.748,207.716,1
570,9.509500,40,0.524137,647.332,353.246,1
571,9.526183,36,0.166566,490.243,371.209,1
571,9.526183,39,0.288813,604.282,200.182,1
571,9.526183,40,0.605404,644.653,351.671,1
572,9.542867,36,0.174872,490.140,378.160,1
572,9.542867,39,0.272617,604.020,195.872,1
572,9.542867,40,0.584998,643.032,350.808,1
573,9.559550,36,0.174872,489.932,386.752,0
573,9.559550,39,0.272617,603.623,189.742,0
573,9.559550,40,0.189259,640.435,349.606,1
574,9.576233,36,0.174872,489.725,395.343,0
574,9.576233,39,0.272617,603.226,183.612,0
574,9.576233,40,0.206109,638.881,348.960,1
575,9.592917,36,0.174872,489.517,403.935,0
575,9.592917,39,0.333907,602.724,175.655,1
575,9.592917,40,0.505937,637.457,347.511,1
576,9.609600,36,0.174872,489.310,412.527,0
576,9.609600,39,0.326409,602.433,170.896,1
576,9.609600,40,0.512206,636.739,346.666,1
577,9.626283,36,0.155885,489.243,426.276,1
577,9.626283,39,0.370747,601.817,163.758,1
577,9.626283,40,0.779341,633.774,345.605,1
578,9.642967,36,0.157350,489.231,434.688,1
578,9.642967,39,0.396620,601.462,159.655,1
578,9.642967,40,0.757041,631.933,345.019,1
579,9.659650,36,0.157350,489.103,444.238,0
579,9.659650,39,0.645382,600.947,152.400,1
579,9.659650,40,0.582959,630.196,344.797,1
580,9.676333,36,0.157350,488.974,453.787,0
580,9.676333,39,0.591304,600.662,148.124,1
580,9.676333,40,0.590038,629.253,344.783,1
581,9.693017,36,0.157350,488.846,463.337,0
581,9.693017,39,0.349253,600.225,141.196,1
581,9.693017,40,0.210689,628.678,344.730,1
582,9.709700,39,0.371632,599.916,137.162,1
582,9.709700,40,0.223070,628.506,344.775,1
583,9.726383,39,0.337199,599.295,130.993,1
583,9.726383,40,0.223070,627.481,344.467,0
584,9.743067,39,0.341973,598.920,127.462,1
584,9.743067,40,0.223070,626.455,344.159,0
585,9.759750,39,0.251853,598.476,121.261,1
585,9.759750,40,0.223070,625.430,343.851,0
586,9.776433,39,0.299098,598.213,117.513,1
586,9.776433,40,0.223070,624.405,343.543,0
587,9.793117,39,0.426239,597.466,111.696,1
587,9.793117,40,0.223070,623.380,343.235,0
588,9.809800,39,0.393124,596.972,108.330,1
589,9.826483,39,0.239872,596.222,102.808,1
590,9.843167,39,0.208891,595.770,99.596,1
591,9.859850,39,0.333369,595.238,94.377,1
591,9.859850,41,0.277792,626.679,343.390,1
592,9.876533,39,0.314384,594.942,91.371,1
592,9.876533,41,0.258083,626.485,343.116,1
593,9.893217,39,0.573641,594.409,86.348,1
593,9.893217,41,0.480729,626.178,342.546,1
593,9.893217,42,0.400922,483.609,519.556,1
594,9.909900,39,0.571230,594.104,83.392,1
594,9.909900,41,0.498402,625.999,342.215,1
594,9.909900,42,0.420349,482.399,520.820,1
595,9.926583,39,0.215638,593.653,78.589,1
595,9.926583,41,0.151739,625.750,341.590,1
595,9.926583,42,0.420349,481.596,521.654,0
596,9.943267,39,0.212362,593.443,75.808,1
596,9.943267,41,0.153854,625.612,341.227,1
596,9.943267,42,0.420349,480.792,522.487,0
597,9.959950,39,0.605116,592.971,71.227,1
597,9.959950,41,0.283349,625.512,340.618,1
597,9.959950,42,0.179559,477.273,526.775,1
598,9.976633,39,0.585255,592.695,68.576,1
598,9.976633,41,0.256047,625.473,340.256,1
598,9.976633,42,0.170193,475.150,529.331,1
599,9.993317,39,0.441550,592.196,64.405,1
599,9.993317,41,0.256047,625.342,339.828,0
599,9.993317,42,0.170193,473.306,531.501,0
600,10.010000,39,0.526447,591.885,61.909,1
600,10.010000,41,0.170795,625.251,339.625,1
600,10.010000,42,0.170193,471.462,533.672,0
601,10.026683,39,0.213373,591.151,58.398,1
601,10.026683,41,0.170795,625.130,339.256,0
601,10.026683,42,0.170193,469.618,535.842,0
602,10.043367,39,0.228731,590.698,56.401,1
602,10.043367,41,0.170795,625.010,338.887,0
602,10.043367,42,0.170193,467.774,538.013,0
603,10.060050,39,0.327895,589.899,52.683,1
603,10.060050,41,0.170795,624.890,338.518,0
604,10.076733,39,0.318593,589.390,50.517,1
604,10.076733,41,0.160737,624.336,338.553,1
605,10.093417,39,0.319754,588.786,47.202,1
605,10.093417,41,0.291651,623.534,338.329,1
606,10.110100,39,0.311831,588.444,45.308,1
606,10.110100,41,0.293749,623.010,338.258,1
607,10.126783,39,0.472129,587.909,42.457,1
607,10.126783,41,0.172283,622.511,336.614,1
608,10.143467,39,0.466723,587.610,40.854,1
608,10.143467,41,0.165883,622.222,335.497,1
609,10.160150,39,0.314114,587.145,38.114,1
609,10.160150,41,0.165883,621.820,334.770,0
610,10.176833,39,0.336234,586.896,36.550,1
610,10.176833,41,0.165883,621.418,334.043,0
611,10.193517,39,0.481627,586.486,34.231,1
611,10.193517,41,0.165883,621.017,333.316,0
612,10.210200,39,0.486244,586.260,32.946,1
612,10.210200,41,0.165883,620.615,332.590,0
613,10.226883,39,0.721691,585.796,31.033,1
613,10.226883,41,0.165883,620.213,331.863,0
614,10.243567,39,0.720208,585.519,29.988,1
615,10.260250,39,0.657793,584.849,28.408,1
616,10.276933,39,0.668542,584.428,27.552,1
617,10.293617,39,0.726985,583.720,26.492,1
618,10.310300,39,0.729501,583.287,25.962,1
619,10.326983,39,0.789493,582.585,25.324,1
620,10.343667,39,0.793663,582.166,25.049,1
621,10.360350,39,0.792416,581.450,24.693,1
621,10.360350,43,0.207458,625.135,322.182,1
622,10.377033,39,0.789532,581.027,24.484,1
622,10.377033,43,0.193184,624.794,321.629,1
623,10.393717,39,0.769885,580.502,24.379,1
623,10.393717,43,0.193184,624.567,321.264,0
623,10.393717,44,0.350913,435.908,537.837,1
624,10.410400,39,0.778187,580.292,24.374,1
624,10.410400,43,0.193184,624.340,320.900,0
624,10.410400,44,0.365988,435.254,536.478,1
625,10.427083,39,0.739394,579.763,24.451,1
625,10.427083,43,0.193184,624.112,320.536,0
625,10.427083,44,0.262448,433.884,532.780,1
626,10.443767,39,0.737086,579.450,24.545,1
626,10.443767,43,0.193184,623.885,320.172,0
626,10.443767,44,0.258600,433.097,530.599,1
627,10.460450,39,0.662911,578.858,24.621,1
627,10.460450,44,0.258600,432.288,528.620,0
628,10.477133,39,0.658923,578.514,24.701,1
628,10.477133,44,0.258600,431.479,526.641,0
629,10.493817,39,0.599085,577.912,25.093,1
629,10.493817,44,0.258600,430.670,524.662,0
630,10.510500,39,0.604265,577.564,25.386,1
630,10.510500,44,0.258600,429.861,522.683,0
631,10.527183,39,0.741215,577.027,25.920,1
631,10.527183,44,0.695229,428.195,515.160,1
631,10.527183,45,0.822821,619.270,313.041,1
632,10.543867,39,0.748716,576.714,26.278,1
632,10.543867,44,0.687838,427.195,510.453,1
632,10.543867,45,0.825130,618.245,312.838,1
633,10.560550,39,0.714384,576.060,27.087,1
633,10.560550,44,0.635900,425.870,502.809,1
633,10.560550,45,0.649898,617.562,312.546,1
634,10.577233,39,0.706714,575.663,27.617,1
634,10.577233,44,0.621673,425.092,498.088,1
634,10.577233,45,0.707682,617.210,312.386,1
635,10.593917,39,0.706475,575.035,28.774,1
635,10.593917,44,0.732157,423.937,490.719,1
635,10.593917,45,0.766659,616.521,312.286,1
636,10.610600,39,0.675999,574.634,29.522,1
636,10.610600,44,0.724995,423.282,486.288,1
636,10.610600,45,0.762839,616.145,312.252,1
637,10.627283,39,0.677928,574.055,31.042,1
637,10.627283,44,0.294353,421.792,478.252,1
637,10.627283,45,0.831482,615.667,312.599,1
638,10.643967,39,0.686049,573.711,32.007,1
638,10.643967,44,0.452109,420.915,473.200,1
638,10.643967,45,0.835171,615.417,312.856,1
639,10.660650,39,0.165314,573.164,34.188,1
639,10.660650,44,0.679586,419.485,464.477,1
639,10.660650,45,0.810882,615.190,313.492,1
640,10.677333,39,0.153627,572.849,35.595,1
640,10.677333,44,0.679830,418.614,459.177,1
640,10.677333,45,0.810609,615.101,313.916,1
641,10.694017,39,0.706113,572.079,38.093,1
641,10.694017,44,0.671041,418.040,449.671,1
641,10.694017,45,0.773518,614.815,315.012,1
642,10.710700,39,0.734703,571.605,39.655,1
642,10.710700,44,0.668142,417.815,443.898,1
642,10.710700,45,0.770565,614.657,315.741,1
643,10.727383,39,0.761212,571.125,42.670,1
643,10.727383,44,0.734863,417.498,433.610,1
643,10.727383,45,0.785122,614.487,317.298,1
644,10.744067,39,0.722222,570.862,44.564,1
644,10.744067,44,0.718715,417.393,427.375,1
644,10.744067,45,0.775779,614.416,318.309,1
645,10.760750,39,0.895932,570.441,47.938,1
645,10.760750,44,0.743188,417.356,417.113,1
645,10.760750,45,0.799672,614.192,320.138,1
646,10.777433,39,0.898056,570.206,50.014,1
646,10.777433,44,0.747808,417.403,410.978,1
646,10.777433,45,0.801503,614.060,321.298,1
647,10.794117,39,0.876487,569.649,53.854,1
647,10.794117,44,0.747603,417.490,400.554,1
647,10.794117,45,0.781593,613.839,323.084,1
648,10.810800,39,0.856470,569.271,56.221,1
648,10.810800,44,0.744463,417.580,394.317,1
648,10.810800,45,0.781454,613.709,324.172,1
649,10.827483,39,0.819718,568.574,60.238,1
649,10.827483,44,0.801917,417.713,383.980,1
649,10.827483,45,0.747706,613.454,326.338,1
650,10.844167,39,0.818748,568.176,62.685,1
650,10.844167,44,0.814964,417.822,377.889,1
650,10.844167,45,0.758240,613.297,327.679,1
651,10.860850,39,0.860765,567.437,67.041,1
651,10.860850,44,0.836045,417.797,368.061,1
651,10.860850,45,0.799264,612.970,330.306,1
652,10.877533,39,0.851224,566.966,69.699,1
652,10.877533,44,0.836254,417.777,362.303,1
652,10.877533,45,0.787630,612.890,331.883,1
653,10.894217,39,0.689943,566.490,74.582,1
653,10.894217,44,0.630456,418.064,353.465,1
653,10.894217,45,0.483692,612.751,334.736,1
654,10.910900,39,0.666736,566.239,77.555,1
654,10.910900,44,0.638081,418.267,348.366,1
654,10.910900,45,0.495997,612.680,336.484,1
655,10.927583,39,0.806572,565.807,82.413,1
655,10.927583,44,0.798847,418.508,339.916,1
655,10.927583,45,0.663117,612.331,339.486,1
656,10.944267,39,0.800393,565.562,85.290,1
656,10.944267,44,0.801738,418.662,335.027,1
656,10.944267,45,0.670420,612.113,341.312,1
657,10.960950,39,0.873194,564.947,90.763,1
657,10.960950,44,0.277508,418.683,326.298,1
657,10.960950,45,0.881748,611.725,344.629,1
658,10.977633,39,0.868320,564.600,94.087,1
658,10.977633,44,0.647816,418.682,321.145,1
658,10.977633,45,0.886836,611.448,346.666,1
659,10.994317,39,0.865048,564.050,100.090,1
659,10.994317,44,0.796799,418.566,312.344,1
659,10.994317,45,0.718378,611.117,350.495,1
660,11.011000,39,0.866426,563.736,103.740,1
660,11.011000,44,0.800009,418.458,307.149,1
660,11.011000,45,0.720685,610.924,352.847,1
661,11.027683,39,0.894111,563.181,109.794,1
661,11.027683,44,0.832324,418.445,298.844,1
661,11.027683,45,0.831385,610.758,356.891,1
662,11.044367,39,0.893580,562.861,113.438,1
662,11.044367,44,0.837630,418.437,294.024,1
662,11.044367,45,0.836657,610.678,359.348,1
663,11.061050,39,0.824833,562.255,120.200,1
663,11.061050,44,0.851949,418.523,285.789,1
663,11.061050,45,0.671490,610.385,363.579,1
664,11.077733,39,0.827339,561.893,124.312,1
664,11.077733,44,0.853063,418.582,280.964,1
664,11.077733,45,0.669559,610.206,366.132,1
665,11.094417,39,0.876911,561.426,131.099,1
665,11.094417,44,0.535494,418.622,273.328,1
665,11.094417,45,0.759336,609.825,370.494,1
666,11.111100,39,0.876199,561.167,135.160,1
666,11.111100,44,0.497780,418.646,268.913,1
666,11.111100,45,0.772930,609.592,373.117,1
667,11.127783,39,0.830575,560.594,142.453,1
667,11.127783,44,0.828159,418.710,261.455,1
667,11.127783,45,0.720025,609.367,378.026,1
668,11.144467,39,0.817737,560.202,146.843,1
668,11.144467,44,0.821793,418.739,257.107,1
668,11.144467,45,0.726146,609.247,381.005,1
669,11.161150,39,0.323886,559.571,154.623,1
669,11.161150,44,0.728141,418.664,249.812,1
669,11.161150,45,0.175183,609.120,386.007,1
670,11.177833,39,0.310878,559.207,159.321,1
670,11.177833,44,0.729685,418.605,245.556,1
670,11.177833,45,0.168681,609.059,389.014,1
671,11.194517,39,0.310878,558.756,164.934,0
671,11.194517,44,0.389364,418.650,238.564,1
671,11.194517,45,0.168681,608.905,392.659,0
672,11.211200,39,0.310878,558.304,170.547,0
672,11.211200,44,0.274355,418.739,234.439,1
672,11.211200,45,0.168681,608.751,396.305,0
673,11.227883,39,0.317800,557.866,179.848,1
673,11.227883,44,0.443305,418.816,227.840,1
673,11.227883,45,0.168681,608.597,399.950,0
674,11.244567,39,0.327447,557.631,185.555,1
674,11.244567,44,0.344942,418.856,224.022,1
674,11.244567,45,0.168681,608.443,403.595,0
675,11.261250,39,0.327447,557.239,191.912,0
675,11.261250,44,0.458520,419.044,217.669,1
675,11.261250,45,0.168681,608.289,407.241,0
676,11.277933,39,0.152376,557.047,198.093,1
676,11.277933,44,0.620096,419.166,213.993,1
677,11.294617,39,0.152376,556.709,204.404,0
677,11.294617,44,0.377275,419.222,207.838,1
678,11.311300,39,0.152376,556.370,210.714,0
678,11.311300,44,0.384318,419.246,204.259,1
679,11.327983,39,0.152376,556.032,217.025,0
679,11.327983,44,0.384318,419.312,199.371,0
679,11.327983,46,0.224154,607.686,430.306,1
680,11.344667,39,0.152376,555.693,223.335,0
680,11.344667,44,0.156676,419.415,195.700,1
680,11.344667,46,0.260439,607.700,433.523,1
681,11.361350,39,0.152376,555.354,229.646,0
681,11.361350,44,0.156676,419.491,191.135,0
681,11.361350,46,0.324811,607.343,441.702,1
682,11.378033,44,0.156676,419.567,186.570,0
682,11.378033,46,0.316070,607.117,446.540,1
683,11.394717,44,0.238175,419.776,181.346,1
683,11.394717,46,0.409438,606.930,454.242,1
684,11.411400,44,0.232750,419.919,178.342,1
684,11.411400,46,0.422674,606.827,458.649,1
685,11.428083,44,0.677618,420.182,173.786,1
685,11.428083,46,0.420540,606.490,466.499,1
685,11.428083,47,0.524242,553.200,269.578,1
686,11.444767,44,0.676829,420.350,171.218,1
686,11.444767,46,0.414833,606.280,471.144,1
686,11.444767,47,0.505793,552.784,275.037,1
687,11.461450,44,0.649967,420.427,167.111,1
687,11.461450,46,0.414833,606.081,476.653,0
687,11.461450,47,0.594575,552.287,287.300,1
688,11.478133,44,0.664873,420.466,164.785,1
688,11.478133,46,0.414833,605.881,482.162,0
688,11.478133,47,0.587496,551.999,294.492,1
689,11.494817,44,0.807000,420.607,160.702,1
689,11.494817,46,0.414833,605.682,487.671,0
689,11.494817,47,0.595145,551.250,307.236,1
690,11.511500,44,0.814588,420.676,158.339,1
690,11.511500,46,0.414833,605.482,493.179,0
690,11.511500,47,0.600080,550.817,314.606,1
691,11.528183,44,0.801178,420.775,154.520,1
691,11.528183,46,0.207269,605.029,501.988,1
691,11.528183,47,0.266625,549.854,326.431,1
691,11.528183,48,0.179824,57.944,674.744,1
692,11.544867,44,0.797759,420.823,152.332,1
692,11.544867,46,0.201205,604.744,507.315,1
692,11.544867,47,0.349594,549.262,333.354,1
692,11.544867,48,0.187895,57.948,674.752,1
693,11.561550,44,0.777748,420.970,148.683,1
693,11.561550,46,0.289079,604.301,516.161,1
693,11.561550,47,0.655927,548.710,345.418,1
693,11.561550,48,0.176999,57.946,674.795,1
694,11.578233,44,0.765679,421.062,146.574,1
694,11.578233,46,0.272459,604.030,521.476,1
694,11.578233,47,0.624640,548.415,352.600,1
694,11.578233,48,0.179396,57.946,674.826,1
695,11.594917,44,0.796317,421.246,143.430,1
695,11.594917,46,0.420680,603.717,530.334,1
695,11.594917,47,0.793545,548.091,365.579,1
695,11.594917,48,0.174846,57.951,674.894,1
696,11.611600,44,0.801698,421.379,141.647,1
696,11.611600,46,0.432491,603.543,535.618,1
696,11.611600,47,0.796480,547.936,373.397,1
696,11.611600,48,0.176062,57.952,674.948,1
697,11.628283,44,0.776579,421.606,138.744,1
697,11.628283,46,0.197561,603.367,544.439,1
697,11.628283,47,0.694529,548.223,383.622,1
697,11.628283,48,0.175842,57.952,674.969,1
697,11.628283,49,0.152806,129.726,662.305,1
698,11.644967,44,0.769477,421.740,137.104,1
698,11.644967,46,0.195571,603.286,549.669,1
698,11.644967,47,0.696075,548.472,389.435,1
698,11.644967,48,0.173156,57.951,674.977,1
698,11.644967,49,0.152806,129.726,662.305,0
699,11.661650,44,0.494824,421.749,134.535,1
699,11.661650,46,0.370250,602.650,558.647,1
699,11.661650,47,0.464850,549.413,397.296,1
699,11.661650,48,0.155819,57.942,674.982,1
699,11.661650,49,0.152806,129.726,662.305,0
700,11.678333,44,0.503118,421.738,133.073,1
700,11.678333,46,0.363882,602.232,563.978,1
700,11.678333,47,0.466678,550.091,401.553,1
700,11.678333,48,0.151921,57.929,674.952,1
700,11.678333,49,0.152806,129.726,662.305,0
701,11.695017,44,0.622138,422.062,130.524,1
701,11.695017,46,0.580543,602.156,572.154,1
701,11.695017,47,0.449486,551.688,408.447,1
701,11.695017,48,0.151921,57.925,674.959,0
702,11.711700,44,0.639743,422.228,129.064,1
702,11.711700,46,0.576123,602.157,576.906,1
702,11.711700,47,0.439000,552.759,412.220,1
702,11.711700,48,0.151921,57.921,674.967,0
703,11.728383,44,0.296445,422.254,127.162,1
703,11.728383,46,0.576123,601.957,583.411,0
703,11.728383,47,0.164879,553.991,419.316,1
703,11.728383,48,0.151921,57.917,674.974,0
704,11.745067,44,0.320270,422.239,126.094,1
704,11.745067,46,0.576123,601.756,589.916,0
704,11.745067,47,0.185283,554.742,423.382,1
704,11.745067,48,0.151921,57.913,674.982,0
705,11.761750,44,0.239984,422.230,124.513,1
705,11.761750,46,0.576123,601.556,596.421,0
705,11.761750,47,0.185283,555.597,429.237,0
705,11.761750,48,0.151921,57.908,674.989,0
706,11.778433,44,0.300506,422.327,123.662,1
706,11.778433,46,0.576123,601.356,602.926,0
706,11.778433,47,0.185283,556.451,435.093,0
707,11.795117,44,0.320400,422.536,122.503,1
707,11.795117,46,0.309281,598.981,597.137,1
707,11.795117,47,0.299814,557.819,443.187,1
708,11.811800,44,0.351656,422.696,121.904,1
708,11.811800,46,0.322415,597.339,592.111,1
708,11.811800,47,0.316666,558.662,448.013,1
709,11.828483,44,0.396522,422.928,121.019,1
709,11.828483,46,0.311808,594.967,589.036,1
709,11.828483,47,0.391927,560.365,455.897,1
710,11.845167,44,0.354026,423.152,120.575,1
710,11.845167,46,0.301079,593.449,586.721,1
710,11.845167,47,0.368874,561.281,460.501,1
711,11.861850,44,0.328665,423.405,119.697,1
711,11.861850,46,0.288503,591.181,587.118,1
711,11.861850,47,0.705503,563.241,468.234,1
712,11.878533,44,0.289226,423.661,119.209,1
712,11.878533,46,0.297069,589.796,587.492,1
712,11.878533,47,0.714827,564.459,472.797,1
713,11.895217,44,0.193526,423.877,118.998,1
713,11.895217,46,0.156197,587.839,590.072,1
713,11.895217,47,0.601980,567.474,480.333,1
714,11.911900,44,0.193526,424.087,118.351,0
714,11.911900,46,0.160611,586.692,591.910,1
714,11.911900,47,0.604517,569.405,484.756,1
715,11.928583,44,0.237987,424.164,118.585,1
715,11.928583,46,0.250319,585.275,595.189,1
715,11.928583,47,0.532245,572.132,491.493,1
716,11.945267,44,0.211747,424.326,118.840,1
716,11.945267,46,0.251287,584.502,597.358,1
716,11.945267,47,0.512410,573.784,495.371,1
717,11.961950,44,0.211747,424.497,118.605,0
717,11.961950,46,0.251287,583.194,599.057,0
717,11.961950,47,0.512410,575.724,500.876,0
718,11.978633,44,0.211747,424.669,118.369,0
718,11.978633,46,0.251287,581.885,600.756,0
718,11.978633,47,0.512410,577.664,506.381,0
719,11.995317,44,0.202944,424.978,119.716,1
719,11.995317,46,0.251287,580.576,602.455,0
719,11.995317,47,0.174771,580.361,512.653,1
720,12.012000,44,0.214572,425.183,120.710,1
720,12.012000,46,0.251287,579.268,604.154,0
720,12.012000,47,0.198289,581.803,516.968,1
721,12.028683,44,0.326907,425.332,122.000,1
721,12.028683,46,0.251287,577.959,605.853,0
721,12.028683,47,0.198289,583.759,522.307,0
722,12.045367,44,0.349527,425.434,122.839,1
722,12.045367,47,0.158485,585.602,526.627,1
723,12.062050,44,0.192368,425.719,124.156,1
723,12.062050,47,0.158485,587.528,531.696,0
724,12.078733,44,0.211272,425.930,124.976,1
724,12.078733,47,0.158485,589.454,536.764,0
725,12.095417,44,0.399696,426.150,126.559,1
725,12.095417,47,0.374946,591.698,543.651,1
726,12.112100,44,0.403108,426.271,127.543,1
726,12.112100,47,0.376640,592.980,547.738,1
727,12.128783,44,0.409622,426.581,129.490,1
727,12.128783,47,0.376640,594.797,552.901,0
728,12.145467,44,0.420077,426.766,130.713,1
728,12.145467,47,0.376640,596.614,558.063,0
729,12.162150,44,0.536463,426.906,133.053,1
729,12.162150,47,0.187404,599.410,562.141,1
730,12.178833,44,0.525935,426.975,134.538,1
730,12.178833,47,0.184344,601.103,564.252,1
731,12.195517,44,0.602248,427.220,137.223,1
731,12.195517,47,0.196173,603.375,568.632,1
732,12.212200,44,0.601035,427.364,138.883,1
732,12.212200,47,0.193520,604.676,571.092,1
733,12.228883,44,0.440245,427.586,141.983,1
733,12.228883,47,0.709768,606.943,574.060,1
733,12.228883,50,0.400064,561.768,653.321,1
734,12.245567,44,0.491368,427.720,143.905,1
734,12.245567,47,0.711164,608.263,575.596,1
734,12.245567,50,0.406129,559.833,655.927,1
735,12.262250,44,0.551525,428.134,147.157,1
735,12.262250,47,0.422946,610.050,578.309,1
735,12.262250,50,0.406129,557.718,658.984,0
736,12.278933,44,0.494056,428.417,149.187,1
736,12.278933,47,0.425500,611.045,579.803,1
736,12.278933,50,0.406129,555.602,662.042,0
737,12.295617,44,0.545761,428.856,152.825,1
737,12.295617,47,0.493563,612.558,582.881,1
737,12.295617,50,0.406129,553.487,665.099,0
738,12.312300,44,0.526499,429.090,155.043,1
738,12.312300,47,0.498420,613.389,584.688,1
738,12.312300,50,0.406129,551.371,668.157,0
739,12.328983,44,0.371730,429.691,159.008,1
739,12.328983,47,0.396743,614.977,585.995,1
739,12.328983,50,0.168520,549.423,667.127,1
740,12.345667,44,0.382216,430.065,161.396,1
740,12.345667,47,0.406976,615.893,586.554,1
740,12.345667,50,0.164739,548.435,666.120,1
741,12.362350,44,0.179552,430.222,165.831,1
741,12.362350,47,0.399183,617.540,588.148,1
741,12.362350,50,0.225315,545.977,665.078,1
742,12.379033,44,0.185959,430.284,168.542,1
742,12.379033,47,0.406712,618.512,588.962,1
742,12.379033,50,0.246004,544.537,664.251,1
743,12.395717,44,0.214484,430.631,173.256,1
743,12.395717,47,0.455500,619.757,589.728,1
743,12.395717,50,0.302475,542.473,663.022,1
744,12.412400,44,0.192943,430.827,176.108,1
744,12.412400,47,0.454481,620.444,590.045,1
744,12.412400,50,0.310154,541.295,662.136,1
745,12.429083,44,0.366385,431.096,181.082,1
745,12.429083,47,0.290426,621.534,589.418,1
745,12.429083,50,0.295326,539.875,659.221,1
746,12.445767,44,0.385314,431.243,184.075,1
746,12.445767,47,0.292222,622.137,588.829,1
746,12.445767,50,0.294056,539.131,657.233,1
747,12.462450,44,0.508914,431.451,189.380,1
747,12.462450,47,0.335949,623.229,587.164,1
747,12.462450,50,0.228325,537.381,654.001,1
748,12.479133,44,0.500497,431.562,192.584,1
748,12.479133,47,0.331544,623.852,585.952,1
748,12.479133,50,0.232338,536.333,651.904,1
749,12.495817,44,0.493833,431.996,198.184,1
749,12.495817,47,0.481711,624.983,583.972,1
749,12.495817,50,0.217086,535.025,647.051,1
750,12.512500,44,0.297981,432.223,201.496,1
750,12.512500,47,0.389616,625.625,582.790,1
750,12.512500,50,0.155463,534.373,643.964,1
751,12.529183,44,0.415732,432.629,207.633,1
751,12.529183,47,0.523321,626.527,579.499,1
751,12.529183,50,0.261761,533.118,638.186,1
752,12.545867,44,0.440090,432.868,211.373,1
752,12.545867,47,0.528308,627.033,577.329,1
752,12.545867,50,0.267592,532.413,634.558,1
753,12.562550,44,0.440090,433.144,215.735,0
753,12.562550,47,0.470805,627.701,573.637,1
753,12.562550,50,0.214784,531.577,627.401,1
754,12.579233,44,0.161242,433.349,220.082,1
754,12.579233,47,0.485664,628.055,571.299,1
754,12.579233,50,0.218658,531.142,622.886,1
755,12.595917,44,0.175154,433.636,227.471,1
755,12.595917,47,0.504923,628.462,565.744,1
755,12.595917,50,0.218658,530.291,618.354,0
756,12.612600,44,0.201558,433.791,232.029,1
756,12.612600,47,0.508245,628.653,562.176,1
756,12.612600,50,0.218658,529.440,613.823,0
757,12.629283,44,0.201558,434.027,237.031,0
757,12.629283,47,0.180775,628.615,556.586,1
757,12.629283,50,0.197992,528.386,602.634,1
758,12.645967,44,0.156985,434.435,242.039,1
758,12.645967,47,0.170394,628.519,553.312,1
758,12.645967,50,0.203328,527.764,595.424,1
759,12.662650,44,0.353730,435.124,250.073,1
759,12.662650,47,0.453415,628.292,545.499,1
759,12.662650,50,0.194264,526.824,584.482,1
760,12.679333,44,0.386172,435.578,254.958,1
760,12.679333,47,0.451059,628.098,540.485,1
760,12.679333,50,0.180333,526.291,577.750,1
761,12.696017,44,0.386172,435.985,260.521,0
761,12.696017,47,0.161321,627.497,533.754,1
761,12.696017,50,0.180333,525.519,570.300,0
762,12.712700,44,0.386172,436.392,266.083,0
762,12.712700,47,0.161321,627.357,528.397,0
762,12.712700,50,0.180333,524.746,562.851,0
763,12.729383,44,0.581883,436.841,274.529,1
763,12.729383,47,0.334126,625.695,521.916,1
763,12.729383,50,0.180333,523.974,555.402,0
764,12.746067,44,0.557787,437.102,279.646,1
764,12.746067,47,0.476991,624.614,516.098,1
764,12.746067,50,0.180333,523.201,547.952,0
765,12.762750,44,0.612863,437.607,288.167,1
765,12.762750,47,0.327144,622.938,510.098,1
765,12.762750,50,0.534003,523.950,533.471,1
765,12.762750,51,0.352654,622.696,513.939,1
766,12.779433,44,0.187322,437.908,293.313,1
766,12.779433,47,0.420775,621.860,506.461,1
766,12.779433,50,0.521935,524.567,524.415,1
766,12.779433,51,0.305528,622.019,511.142,1
767,12.796117,44,0.167304,438.360,302.060,1
767,12.796117,47,0.420775,620.877,501.251,0
767,12.796117,50,0.246353,525.332,509.152,1
767,12.796117,51,0.305528,621.568,509.342,0
768,12.812800,44,0.167304,438.760,308.986,0
768,12.812800,47,0.420775,619.893,496.041,0
768,12.812800,50,0.227538,525.909,499.759,1
768,12.812800,51,0.305528,621.118,507.542,0
769,12.829483,44,0.152361,439.039,317.586,1
769,12.829483,47,0.420775,618.910,490.830,0
769,12.829483,50,0.227538,526.154,489.301,0
769,12.829483,51,0.305528,620.667,505.742,0
770,12.846167,44,0.152361,439.407,324.956,0
770,12.846167,47,0.420775,617.927,485.620,0
770,12.846167,50,0.227538,526.398,478.843,0
770,12.846167,51,0.305528,620.216,503.942,0
771,12.862850,44,0.152361,439.776,332.327,0
771,12.862850,47,0.420775,616.943,480.410,0
771,12.862850,50,0.248849,527.458,467.051,1
772,12.879533,44,0.152361,440.144,339.697,0
772,12.879533,50,0.243962,528.160,460.264,1
773,12.896217,44,0.706564,440.881,354.887,1
773,12.896217,50,0.745383,529.389,440.213,1
774,12.912900,44,0.737312,441.930,379.081,1
774,12.912900,50,0.284395,530.755,412.259,1
775,12.929583,44,0.743359,443.263,410.303,1
775,12.929583,50,0.758680,532.501,378.869,1
775,12.929583,52,0.595813,598.926,438.824,1
776,12.946267,44,0.661735,444.666,446.635,1
776,12.946267,50,0.779080,534.452,343.555,1
776,12.946267,52,0.708437,593.860,426.772,1
777,12.962950,44,0.371293,446.261,486.677,1
777,12.962950,50,0.656317,536.097,307.663,1
777,12.962950,52,0.636918,588.087,414.296,1
778,12.979633,44,0.617113,448.243,529.675,1
778,12.979633,50,0.671621,537.895,271.995,1
778,12.979633,52,0.521975,582.008,403.204,1
779,12.996317,44,0.605101,450.039,574.142,1
779,12.996317,50,0.606258,539.468,238.142,1
779,12.996317,52,0.708707,576.160,394.223,1
780,13.013000,44,0.298157,446.908,615.323,1
780,13.013000,50,0.162059,540.861,205.943,1
780,13.013000,52,0.648585,571.054,387.187,1
781,13.029683,44,0.298157,447.160,651.973,0
781,13.029683,50,0.610095,542.259,176.578,1
781,13.029683,52,0.648585,566.129,378.540,0
782,13.046367,44,0.298157,447.413,688.622,0
782,13.046367,50,0.159800,543.645,149.472,1
782,13.046367,52,0.648585,561.204,369.893,0
783,13.063050,44,0.298157,447.665,725.272,0
783,13.063050,50,0.184828,545.120,124.890,1
783,13.063050,52,0.648585,556.280,361.245,0
784,13.079733,44,0.298157,447.918,761.921,0
784,13.079733,50,0.706967,546.429,102.657,1
784,13.079733,52,0.648585,551.355,352.598,0
785,13.096417,44,0.298157,448.170,798.570,0
785,13.096417,50,0.441707,547.383,82.609,1
785,13.096417,52,0.648585,546.430,343.951,0
786,13.113100,50,0.664700,548.388,64.602,1
787,13.129783,50,0.497122,549.692,48.868,1
788,13.146467,50,0.628942,550.950,34.690,1
789,13.163150,50,0.455942,552.607,22.547,1
790,13.179833,50,0.731532,554.044,13.709,1
791,13.196517,50,0.405230,555.447,8.311,1
791,13.196517,53,0.291624,394.962,628.681,1
792,13.213200,50,0.531471,556.862,5.398,1
792,13.213200,53,0.381764,391.694,620.633,1
793,13.229883,50,0.734522,558.341,4.217,1
793,13.229883,53,0.412641,387.268,609.872,1
794,13.246567,50,0.716129,559.973,4.399,1
794,13.246567,53,0.373371,383.020,596.521,1
795,13.263250,50,0.811180,561.703,5.712,1
795,13.263250,53,0.600512,378.356,580.782,1
796,13.279933,50,0.619476,563.325,8.230,1
796,13.279933,53,0.688204,373.878,562.342,1
797,13.296617,50,0.737586,565.265,11.546,1
797,13.296617,53,0.596386,370.512,540.282,1
797,13.296617,54,0.664181,587.974,340.150,1
798,13.313300,50,0.699562,567.074,15.767,1
798,13.313300,53,0.734611,367.466,512.952,1
798,13.313300,54,0.839412,587.269,340.535,1
799,13.329983,50,0.762787,569.070,21.131,1
799,13.329983,53,0.701066,365.911,480.384,1
799,13.329983,54,0.880483,586.580,342.706,1
800,13.346667,50,0.789690,571.097,29.051,1
800,13.346667,53,0.642341,365.922,442.483,1
800,13.346667,54,0.759788,585.835,347.006,1
801,13.363350,50,0.671414,572.983,40.612,1
801,13.363350,53,0.673889,366.714,404.056,1
801,13.363350,54,0.679831,584.928,353.497,1
802,13.380033,50,0.840603,574.943,55.407,1
802,13.380033,53,0.773341,368.608,367.221,1
802,13.380033,54,0.672728,583.971,361.599,1
803,13.396717,50,0.788850,577.081,73.381,1
803,13.396717,53,0.832206,370.900,331.578,1
803,13.396717,54,0.650942,583.127,371.768,1
804,13.413400,50,0.848044,579.516,94.224,1
804,13.413400,53,0.750459,373.712,297.468,1
804,13.413400,54,0.626538,582.148,384.118,1
805,13.430083,50,0.781661,581.710,117.386,1
805,13.430083,53,0.837708,376.421,264.984,1
805,13.430083,54,0.640652,580.984,398.110,1
806,13.446767,50,0.781661,583.820,133.368,0
806,13.446767,53,0.528763,379.212,234.911,1
806,13.446767,54,0.640652,580.065,407.462,0
807,13.463450,50,0.781661,585.930,149.350,0
807,13.463450,53,0.414080,382.579,207.920,1
807,13.463450,54,0.243140,578.468,428.058,1
808,13.480133,50,0.781661,588.040,165.332,0
808,13.480133,53,0.414080,384.763,177.168,0
808,13.480133,54,0.374250,577.173,450.107,1
809,13.496817,50,0.781661,590.150,181.314,0
809,13.496817,53,0.183728,388.383,156.269,1
809,13.496817,54,0.374250,576.022,465.008,0
810,13.513500,50,0.781661,592.260,197.296,0
810,13.513500,53,0.797668,392.375,136.979,1
810,13.513500,54,0.168635,574.740,492.705,1
811,13.530183,53,0.762715,396.300,119.290,1
811,13.530183,54,0.464387,573.912,521.507,1
811,13.530183,55,0.789702,596.355,304.109,1
812,13.546867,53,0.794074,400.659,103.401,1
812,13.546867,54,0.478892,572.914,549.814,1
812,13.546867,55,0.789702,596.990,313.498,0
813,13.563550,53,0.453303,405.010,88.899,1
813,13.563550,54,0.175554,573.543,570.604,1
813,13.563550,55,0.789702,597.626,322.887,0
814,13.580233,53,0.749448,409.491,76.300,1
814,13.580233,54,0.643779,576.439,585.992,1
814,13.580233,55,0.789702,598.262,332.276,0
814,13.580233,56,0.345648,610.783,418.295,1
815,13.596917,53,0.722953,413.694,65.816,1
815,13.596917,54,0.266189,581.099,597.406,1
815,13.596917,56,0.498345,620.108,444.417,1
816,13.613600,53,0.714804,417.944,57.382,1
816,13.613600,54,0.300978,585.043,606.801,1
816,13.613600,56,0.261971,631.801,471.816,1
817,13.630283,53,0.339098,421.935,51.130,1
817,13.630283,54,0.300978,587.168,622.608,0
817,13.630283,56,0.261971,638.764,490.635,0
818,13.646967,53,0.309230,426.302,46.979,1
818,13.646967,54,0.354917,584.601,631.126,1
818,13.646967,56,0.184830,649.377,513.585,1
819,13.663650,53,0.632877,430.363,44.695,1
819,13.663650,54,0.481037,583.097,638.192,1
819,13.663650,56,0.371394,657.619,535.001,1
820,13.680333,53,0.624309,434.301,44.556,1
820,13.680333,54,0.564025,583.042,643.640,1
820,13.680333,56,0.255862,664.621,555.066,1
821,13.697017,53,0.666784,438.339,46.604,1
821,13.697017,54,0.371592,583.335,648.257,1
821,13.697017,56,0.301850,669.752,574.443,1
822,13.713700,53,0.687572,442.589,50.834,1
822,13.713700,54,0.296280,582.713,651.980,1
822,13.713700,56,0.530352,673.729,587.709,1
823,13.730383,53,0.376945,446.593,57.164,1
823,13.730383,54,0.458168,581.353,653.504,1
823,13.730383,56,0.486332,676.707,595.450,1
824,13.747067,53,0.437790,450.671,65.696,1
824,13.747067,54,0.345656,580.314,651.388,1
824,13.747067,56,0.405497,679.063,598.042,1
825,13.763750,53,0.470098,454.519,76.345,1
825,13.763750,54,0.354343,579.954,644.630,1
825,13.763750,56,0.324950,680.749,595.483,1
826,13.780433,53,0.554317,458.746,89.459,1
826,13.780433,54,0.584602,579.797,632.531,1
826,13.780433,56,0.295888,681.765,587.345,1
827,13.797117,53,0.402351,462.774,104.584,1
827,13.797117,54,0.284532,579.624,613.599,1
827,13.797117,56,0.292785,682.596,572.556,1
828,13.813800,53,0.311220,466.761,121.715,1
828,13.813800,54,0.662238,578.968,587.492,1
828,13.813800,56,0.541145,683.151,554.173,1
829,13.830483,53,0.614540,470.801,140.780,1
829,13.830483,54,0.213319,577.769,556.867,1
829,13.830483,56,0.192216,683.251,531.652,1
830,13.847167,53,0.493808,474.831,162.115,1
830,13.847167,54,0.243985,577.037,519.178,1
830,13.847167,56,0.192216,684.726,521.507,0
831,13.863850,53,0.703115,478.777,186.001,1
831,13.863850,54,0.243985,576.377,496.746,0
831,13.863850,56,0.192216,686.202,511.362,0
832,13.880533,53,0.394870,482.663,211.730,1
832,13.880533,54,0.243985,575.718,474.314,0
832,13.880533,56,0.192216,687.677,501.218,0
833,13.897217,53,0.601273,486.781,239.808,1
833,13.897217,54,0.243985,575.058,451.882,0
833,13.897217,56,0.192216,689.153,491.073,0
834,13.913900,53,0.839481,491.077,269.618,1
834,13.913900,54,0.243985,574.399,429.450,0
834,13.913900,56,0.192216,690.628,480.928,0
835,13.930583,53,0.687098,495.549,301.762,1
835,13.930583,54,0.243985,573.740,407.018,0
836,13.947267,53,0.687098,499.741,327.985,0
837,13.963950,53,0.292191,503.645,365.991,1
838,13.980633,53,0.610941,507.918,405.750,1
839,13.997317,53,0.619261,512.245,447.008,1
839,13.997317,57,0.429896,587.969,198.536,1
840,14.014000,53,0.619261,516.448,481.547,0
840,14.014000,57,0.170642,588.455,172.626,1
841,14.030683,53,0.619261,520.650,516.087,0
841,14.030683,57,0.155782,588.891,144.114,1
842,14.047367,53,0.619261,524.852,550.627,0
842,14.047367,57,0.417385,589.227,116.320,1
843,14.064050,53,0.619261,529.055,585.166,0
843,14.064050,57,0.528759,589.479,90.831,1
844,14.080733,53,0.619261,533.257,619.706,0
844,14.080733,57,0.642537,589.652,68.216,1
845,14.097417,57,0.241589,589.762,48.008,1
846,14.114100,57,0.241589,590.000,26.024,0
847,14.130783,57,0.504613,590.104,13.526,1
848,14.147467,57,0.373158,590.175,5.154,1
849,14.164150,57,0.776293,590.152,0.073,1
850,14.180833,57,0.626414,590.403,-2.717,1
851,14.197517,57,0.486054,590.498,-3.703,1
852,14.214200,57,0.204515,590.737,-3.565,1
853,14.230883,57,0.333519,590.927,-2.313,1
854,14.247567,57,0.601140,591.130,-0.282,1
855,14.264250,57,0.387046,591.697,2.440,1
855,14.264250,58,0.695074,457.172,527.697,1
856,14.280933,57,0.769459,592.177,6.082,1
856,14.280933,58,0.606305,454.848,511.056,1
856,14.280933,59,0.567561,661.995,342.837,1
857,14.297617,57,0.781037,592.409,10.553,1
857,14.297617,58,0.606305,453.596,502.894,0
857,14.297617,59,0.670291,662.793,346.886,1
858,14.314300,57,0.602702,592.672,16.079,1
858,14.314300,58,0.606305,452.345,494.732,0
858,14.314300,59,0.651784,663.752,353.019,1
859,14.330983,57,0.798141,592.858,22.710,1
859,14.330983,58,0.606305,451.093,486.569,0
859,14.330983,59,0.756109,664.955,361.256,1
860,14.347667,57,0.709381,593.178,32.538,1
860,14.347667,58,0.606305,449.841,478.407,0
860,14.347667,59,0.547727,666.079,371.093,1
860,14.347667,60,0.669968,449.533,393.317,1
861,14.364350,57,0.654548,593.699,46.840,1
861,14.364350,59,0.547727,666.966,377.335,0
861,14.364350,60,0.198292,450.128,366.807,1
862,14.381033,57,0.796039,594.576,64.650,1
862,14.381033,59,0.409178,668.666,393.412,1
862,14.381033,60,0.425761,450.727,337.850,1
863,14.397717,57,0.776608,595.416,85.749,1
863,14.397717,59,0.322177,668.692,411.493,1
863,14.397717,60,0.328618,451.040,308.769,1
864,14.414400,57,0.493349,596.251,109.713,1
864,14.414400,59,0.555385,669.272,430.795,1
864,14.414400,60,0.348040,451.108,281.976,1
865,14.431083,57,0.291385,597.042,136.176,1
865,14.431083,59,0.733161,669.647,451.382,1
865,14.431083,60,0.229446,451.050,257.491,1
866,14.447767,57,0.345260,597.732,165.507,1
866,14.447767,59,0.733161,670.303,466.729,0
866,14.447767,60,0.694150,450.964,235.773,1
867,14.464450,57,0.345260,598.418,187.112,0
867,14.464450,59,0.154347,670.313,492.244,1
867,14.464450,60,0.180736,450.893,216.324,1
868,14.481133,57,0.518157,599.532,223.760,1
868,14.481133,59,0.154347,670.798,510.280,0
868,14.481133,60,0.360405,450.751,199.587,1
869,14.497817,57,0.794455,600.742,262.228,1
869,14.497817,59,0.154347,671.283,528.315,0
869,14.497817,60,0.495617,451.006,185.365,1
870,14.514500,57,0.836892,602.229,302.930,1
870,14.514500,59,0.154347,671.768,546.351,0
870,14.514500,60,0.561106,451.354,173.455,1
871,14.531183,57,0.651418,603.446,345.997,1
871,14.531183,59,0.154347,672.254,564.386,0
871,14.531183,60,0.419834,452.020,163.740,1
872,14.547867,57,0.557828,604.463,389.032,1
872,14.547867,59,0.333403,668.966,601.229,1
872,14.547867,60,0.438184,452.552,156.425,1
873,14.564550,57,0.297820,605.989,432.825,1
873,14.564550,59,0.333403,668.451,624.247,0
873,14.564550,60,0.554410,453.447,151.189,1
874,14.581233,57,0.177724,610.862,470.967,1
874,14.581233,59,0.333403,667.937,647.265,0
874,14.581233,60,0.584466,454.078,147.985,1
875,14.597917,57,0.177724,613.035,509.675,0
875,14.597917,60,0.597854,454.986,146.845,1
876,14.614600,57,0.193575,622.869,536.994,1
876,14.614600,60,0.570852,455.886,147.728,1
877,14.631283,57,0.193575,627.075,572.679,0
877,14.631283,60,0.466578,456.897,150.761,1
878,14.647967,57,0.193575,631.282,608.365,0
878,14.647967,60,0.293151,457.963,155.772,1
879,14.664650,57,0.380845,636.518,663.617,1
879,14.664650,60,0.529024,459.113,162.708,1
880,14.681333,57,0.350842,635.720,695.216,1
880,14.681333,60,0.444875,460.475,171.810,1
881,14.698017,57,0.350842,638.799,733.632,0
881,14.698017,60,0.573332,462.063,182.976,1
882,14.714700,57,0.350842,641.878,772.048,0
882,14.714700,60,0.573332,463.256,188.439,0
883,14.731383,57,0.350842,644.957,810.464,0
883,14.731383,60,0.366584,464.993,206.174,1
883,14.731383,61,0.175617,615.833,648.902,1
884,14.748067,57,0.350842,648.036,848.879,0
884,14.748067,60,0.595488,466.642,225.619,1
884,14.748067,61,0.371018,611.188,626.744,1
885,14.764750,57,0.350842,651.115,887.295,0
885,14.764750,60,0.294114,468.119,246.826,1
885,14.764750,61,0.156160,604.915,595.622,1
885,14.764750,62,0.461344,679.256,543.796,1
886,14.781433,60,0.766820,469.668,269.816,1
886,14.781433,61,0.156160,601.188,577.969,0
886,14.781433,62,0.162563,677.114,521.055,1
887,14.798117,60,0.213301,471.257,294.410,1
887,14.798117,61,0.156160,597.461,560.315,0
887,14.798117,62,0.162563,676.132,509.312,0
888,14.814800,60,0.685039,472.952,320.789,1
888,14.814800,61,0.156160,593.734,542.662,0
888,14.814800,62,0.455420,669.850,477.960,1
889,14.831483,60,0.560079,474.475,349.044,1
889,14.831483,61,0.156160,590.008,525.009,0
889,14.831483,62,0.455420,667.080,459.604,0
890,14.848167,60,0.678478,475.912,379.107,1
890,14.848167,61,0.156160,586.281,507.355,0
890,14.848167,62,0.503979,659.626,432.241,1
890,14.848167,63,0.363643,587.240,414.103,1
891,14.864850,60,0.231670,477.365,410.901,1
891,14.864850,62,0.254245,653.156,409.597,1
891,14.864850,63,0.534840,584.125,382.786,1
892,14.881533,60,0.737664,479.104,444.817,1
892,14.881533,62,0.682020,647.412,390.972,1
892,14.881533,63,0.273267,580.101,347.635,1
893,14.898217,60,0.580819,480.776,480.800,1
893,14.898217,62,0.514080,642.132,375.862,1
893,14.898217,63,0.781403,575.776,312.466,1
894,14.914900,60,0.405428,482.446,518.749,1
894,14.914900,62,0.674625,637.546,363.978,1
894,14.914900,63,0.516386,571.453,279.629,1
895,14.931583,60,0.405428,484.058,551.217,0
895,14.931583,62,0.371728,633.595,355.168,1
895,14.931583,63,0.217640,566.376,248.789,1
896,14.948267,60,0.405428,485.670,583.685,0
896,14.948267,62,0.276093,632.690,349.192,1
896,14.948267,63,0.455762,561.814,219.721,1
897,14.964950,60,0.309842,479.590,616.665,1
897,14.964950,62,0.276093,628.975,336.531,0
897,14.964950,63,0.605152,556.932,193.110,1
898,14.981633,60,0.398978,471.221,638.264,1
898,14.981633,62,0.260475,634.344,336.684,1
898,14.981633,63,0.507762,551.888,168.748,1
899,14.998317,60,0.209949,460.137,651.515,1
899,14.998317,62,0.260475,633.035,327.418,0
899,14.998317,63,0.791036,546.832,146.898,1
900,15.015000,60,0.236488,448.545,658.391,1
900,15.015000,62,0.260475,631.727,318.151,0
900,15.015000,63,0.663159,541.438,127.022,1
901,15.031683,60,0.497713,437.442,660.779,1
901,15.031683,62,0.260475,630.419,308.885,0
901,15.031683,63,0.492544,536.139,109.347,1
902,15.048367,60,0.163832,427.826,659.685,1
902,15.048367,62,0.260475,629.111,299.618,0
902,15.048367,63,0.226865,530.826,94.070,1
903,15.065050,60,0.373091,419.654,655.533,1
903,15.065050,62,0.185760,626.055,310.356,1
903,15.065050,63,0.224043,525.490,81.035,1
904,15.081733,60,0.246517,412.432,649.901,1
904,15.081733,62,0.185760,624.283,306.396,0
904,15.081733,63,0.361724,520.426,69.924,1
905,15.098417,60,0.246517,404.453,653.640,0
905,15.098417,62,0.189261,618.717,315.580,1
905,15.098417,63,0.605884,515.194,60.758,1
906,15.115100,60,0.216811,397.384,642.801,1
906,15.115100,62,0.220217,614.371,321.210,1
906,15.115100,63,0.664585,510.181,53.549,1
907,15.131783,60,0.216811,389.646,642.671,0
907,15.131783,62,0.220217,611.176,322.358,0
907,15.131783,63,0.560254,505.576,48.582,1
908,15.148467,60,0.168191,381.739,627.311,1
908,15.148467,62,0.215075,608.876,321.553,1
908,15.148467,63,0.536443,500.688,45.483,1
909,15.165150,60,0.255996,373.273,610.773,1
909,15.165150,62,0.410463,605.403,318.849,1
909,15.165150,63,0.667400,495.797,44.659,1
910,15.181833,60,0.263272,364.914,593.102,1
910,15.181833,62,0.295289,604.209,316.544,1
910,15.181833,63,0.726662,491.192,45.970,1
911,15.198517,60,0.426650,356.878,573.008,1
911,15.198517,62,0.778975,602.622,314.924,1
911,15.198517,63,0.703120,486.383,49.790,1
912,15.215200,60,0.679429,349.846,550.009,1
912,15.215200,62,0.878536,600.415,314.548,1
912,15.215200,63,0.817316,481.942,55.532,1
913,15.231883,60,0.861174,345.164,523.312,1
913,15.231883,62,0.840791,597.820,316.362,1
913,15.231883,63,0.902499,477.903,63.615,1
914,15.248567,60,0.856447,342.169,492.610,1
914,15.248567,62,0.871035,594.839,319.632,1
914,15.248567,63,0.877105,473.795,73.908,1
915,15.265250,60,0.812741,341.611,458.036,1
915,15.265250,62,0.825998,591.286,324.943,1
915,15.265250,63,0.838469,469.450,86.588,1
916,15.281933,60,0.798959,343.084,421.311,1
916,15.281933,62,0.819381,587.639,332.307,1
916,15.281933,63,0.799861,465.551,101.685,1
917,15.298617,60,0.517443,345.580,384.332,1
917,15.298617,62,0.789913,583.741,341.411,1
917,15.298617,63,0.689143,461.824,118.961,1
918,15.315300,60,0.329178,348.728,349.591,1
918,15.315300,62,0.693160,579.612,352.584,1
918,15.315300,63,0.821803,458.157,138.739,1
919,15.331983,60,0.672902,352.037,317.779,1
919,15.331983,62,0.702197,575.744,365.644,1
919,15.331983,63,0.756110,454.360,160.870,1
920,15.348667,60,0.563220,355.810,287.849,1
920,15.348667,62,0.510653,572.189,380.190,1
920,15.348667,63,0.664319,451.063,185.392,1
921,15.365350,60,0.390135,359.211,260.085,1
921,15.365350,62,0.510653,568.608,390.145,0
921,15.365350,63,0.249726,447.250,211.910,1
922,15.382033,60,0.390135,361.225,229.778,0
922,15.382033,62,0.510653,565.028,400.100,0
922,15.382033,63,0.249726,443.464,232.188,0
923,15.398717,60,0.420018,365.518,207.575,1
923,15.398717,62,0.810938,562.057,425.500,1
923,15.398717,63,0.590928,439.330,266.291,1
924,15.415400,60,0.686118,369.379,187.712,1
924,15.415400,62,0.598433,559.626,451.398,1
924,15.415400,63,0.343967,435.730,301.947,1
925,15.432083,60,0.539515,373.431,169.810,1
925,15.432083,62,0.324371,557.422,477.700,1
925,15.432083,63,0.151356,432.102,338.680,1
926,15.448767,60,0.230288,377.090,153.533,1
926,15.448767,62,0.292838,554.927,504.880,1
926,15.448767,63,0.523665,427.497,374.088,1
927,15.465450,60,0.675187,380.573,139.007,1
927,15.465450,62,0.292838,552.132,526.501,0
927,15.465450,63,0.282731,426.059,403.444,1
928,15.482133,60,0.563252,384.268,126.607,1
928,15.482133,62,0.230424,553.056,548.686,1
928,15.482133,63,0.731304,429.995,425.979,1
929,15.498817,60,0.450218,387.968,115.515,1
929,15.498817,62,0.167836,554.627,563.468,1
929,15.498817,63,0.373582,439.008,443.219,1
930,15.515500,60,0.839711,392.273,106.485,1
930,15.515500,62,0.307514,555.182,571.543,1
930,15.515500,63,0.363219,452.882,457.145,1
931,15.532183,60,0.449658,396.443,99.294,1
931,15.532183,62,0.307514,554.659,588.316,0
931,15.532183,63,0.266134,471.292,469.342,1
932,15.548867,60,0.521211,400.868,94.439,1
932,15.548867,62,0.187011,550.641,587.086,1
932,15.548867,63,0.310747,493.735,480.010,1
933,15.565550,60,0.154282,405.496,91.491,1
933,15.565550,62,0.185095,546.022,585.347,1
933,15.565550,63,0.409837,519.394,490.260,1
934,15.582233,60,0.598942,410.085,90.781,1
934,15.582233,62,0.574002,541.549,585.022,1
934,15.582233,63,0.548757,546.923,500.682,1
935,15.598917,60,0.391856,414.534,91.898,1
935,15.598917,62,0.307873,539.220,586.679,1
935,15.598917,63,0.270136,574.201,510.388,1
936,15.615600,60,0.154156,418.912,95.159,1
936,15.615600,62,0.163916,538.967,590.760,1
936,15.615600,63,0.270136,595.270,523.331,0
937,15.632283,60,0.154156,423.252,92.812,0
937,15.632283,62,0.174228,541.828,596.921,1
937,15.632283,63,0.270136,616.339,536.274,0
938,15.648967,60,0.154156,427.591,90.466,0
938,15.648967,62,0.174228,541.067,601.987,0
938,15.648967,63,0.270136,637.408,549.218,0
939,15.665650,60,0.154156,431.930,88.119,0
939,15.665650,62,0.291949,547.771,604.837,1
939,15.665650,63,0.646969,663.962,559.399,1
940,15.682333,60,0.154156,436.270,85.773,0
940,15.682333,62,0.208206,554.515,606.274,1
940,15.682333,63,0.453095,687.929,570.996,1
941,15.699017,60,0.154156,440.609,83.426,0
941,15.699017,62,0.199725,560.651,606.182,1
941,15.699017,63,0.299022,708.014,584.444,1
942,15.715700,62,0.248166,564.668,605.646,1
942,15.715700,63,0.613498,723.143,598.540,1
943,15.732383,62,0.518225,567.196,603.956,1
943,15.732383,63,0.386834,733.690,614.346,1
944,15.749067,62,0.374354,569.123,600.109,1
944,15.749067,63,0.223319,739.560,629.850,1
944,15.749067,64,0.494438,453.281,188.529,1
945,15.765750,62,0.181304,571.306,592.945,1
945,15.765750,63,0.156991,741.463,644.003,1
945,15.765750,64,0.531419,459.007,212.448,1
946,15.782433,62,0.194711,573.562,582.985,1
946,15.782433,63,0.156991,752.668,658.145,0
946,15.782433,64,0.530057,464.681,237.749,1
947,15.799117,62,0.314616,576.140,569.981,1
947,15.799117,63,0.156991,763.873,672.287,0
947,15.799117,64,0.259675,470.224,263.955,1
948,15.815800,62,0.419167,580.735,556.387,1
948,15.815800,63,0.156991,775.078,686.430,0
948,15.815800,64,0.505703,475.246,291.269,1
949,15.832483,62,0.419167,583.886,547.957,0
949,15.832483,63,0.156991,786.282,700.572,0
949,15.832483,64,0.480106,480.042,320.414,1
950,15.849167,62,0.419167,587.036,539.527,0
950,15.849167,63,0.156991,797.487,714.714,0
950,15.849167,64,0.480106,484.908,344.736,0
951,15.865850,62,0.419167,590.187,531.096,0
951,15.865850,64,0.480106,489.774,369.058,0
952,15.882533,62,0.419167,593.338,522.666,0
952,15.882533,64,0.418960,493.960,407.802,1
953,15.899217,62,0.419167,596.488,514.236,0
953,15.899217,64,0.259405,498.170,446.712,1
954,15.915900,64,0.508618,502.552,486.478,1
955,15.932583,64,0.702814,507.213,527.281,1
956,15.949267,64,0.403324,511.570,569.653,1
956,15.949267,65,0.330971,723.627,456.860,1
957,15.965950,64,0.400877,515.810,612.817,1
957,15.965950,65,0.639951,723.325,435.442,1
957,15.965950,66,0.255392,685.151,505.663,1
958,15.982633,64,0.400877,520.241,651.576,0
958,15.982633,65,0.462951,722.849,411.563,1
958,15.982633,66,0.225749,696.337,508.078,1
959,15.999317,64,0.203313,523.501,681.472,1
959,15.999317,65,0.458018,722.271,388.772,1
959,15.999317,66,0.525860,706.749,510.362,1
960,16.016000,64,0.457885,527.163,703.451,1
960,16.016000,65,0.338303,721.678,367.793,1
960,16.016000,66,0.645491,713.084,511.130,1
961,16.032683,64,0.239384,531.693,720.366,1
961,16.032683,65,0.624677,720.833,349.244,1
961,16.032683,66,0.645491,720.166,512.378,0
962,16.049367,64,0.295902,537.165,729.885,1
962,16.049367,65,0.751260,719.919,333.287,1
962,16.049367,66,0.167758,722.582,510.945,1
963,16.066050,64,0.200479,542.577,733.598,1
963,16.066050,65,0.177954,719.099,319.932,1
963,16.066050,66,0.167758,728.327,511.424,0
964,16.082733,64,0.253633,547.279,733.207,1
964,16.082733,65,0.645478,718.049,308.802,1
964,16.082733,66,0.167758,734.071,511.903,0
965,16.099417,64,0.253633,552.006,746.457,0
965,16.099417,65,0.679407,716.999,300.179,1
965,16.099417,66,0.183439,737.581,507.478,1
966,16.116100,64,0.253633,556.734,759.707,0
966,16.116100,65,0.468955,716.220,293.670,1
966,16.116100,66,0.183439,742.715,506.617,0
967,16.132783,64,0.253633,561.462,772.957,0
967,16.132783,65,0.452874,715.382,289.499,1
967,16.132783,66,0.183439,747.849,505.756,0
968,16.149467,64,0.253633,566.189,786.207,0
968,16.149467,65,0.205448,714.378,287.469,1
968,16.149467,66,0.183439,752.983,504.896,0
968,16.149467,67,0.244728,714.816,298.403,1
969,16.166150,64,0.253633,570.917,799.456,0
969,16.166150,65,0.205448,713.499,279.829,0
969,16.166150,66,0.183439,758.117,504.035,0
969,16.166150,67,0.354822,713.957,297.525,1
970,16.182833,65,0.176298,712.498,284.118,1
970,16.182833,67,0.302096,712.958,297.984,1
970,16.182833,68,0.229502,561.281,668.717,1
971,16.199517,65,0.176298,711.587,279.644,0
971,16.199517,67,0.467609,711.660,300.326,1
971,16.199517,68,0.617544,561.936,644.366,1
972,16.216200,65,0.176298,710.675,275.170,0
972,16.216200,67,0.209466,710.369,304.790,1
972,16.216200,68,0.193436,562.135,610.531,1
973,16.232883,65,0.176298,709.764,270.696,0
973,16.232883,67,0.274392,709.279,311.411,1
973,16.232883,68,0.313856,561.270,572.351,1
974,16.249567,65,0.176298,708.852,266.222,0
974,16.249567,67,0.554092,707.932,319.932,1
974,16.249567,68,0.313856,561.323,547.168,0
975,16.266250,65,0.176298,707.941,261.749,0
975,16.266250,67,0.519321,706.863,330.440,1
975,16.266250,68,0.189549,558.640,505.618,1
976,16.282933,67,0.673181,705.486,343.046,1
976,16.282933,68,0.247758,556.538,466.605,1
977,16.299617,67,0.640315,704.373,357.781,1
977,16.299617,68,0.700505,554.496,430.041,1
977,16.299617,69,0.718456,621.697,496.127,1
978,16.316300,67,0.789187,703.446,374.501,1
978,16.316300,68,0.825576,552.730,395.764,1
978,16.316300,69,0.738346,601.769,501.831,1
979,16.332983,67,0.176492,702.551,393.009,1
979,16.332983,68,0.681466,551.068,364.523,1
979,16.332983,69,0.589138,578.688,510.028,1
980,16.349667,67,0.288420,701.635,413.421,1
980,16.349667,68,0.734773,549.559,336.166,1
980,16.349667,69,0.263915,557.014,517.699,1
981,16.366350,67,0.376490,700.614,435.656,1
981,16.366350,68,0.617722,547.955,310.087,1
981,16.366350,69,0.341464,538.832,523.638,1
982,16.383033,67,0.294153,699.318,459.771,1
982,16.383033,68,0.617722,546.416,279.797,0
982,16.383033,69,0.445786,527.860,527.761,1
983,16.399717,67,0.192349,698.086,485.889,1
983,16.399717,68,0.150689,544.824,260.074,1
983,16.399717,69,0.445786,512.372,532.997,0
984,16.416400,67,0.166044,696.621,512.487,1
984,16.416400,68,0.289648,543.555,242.005,1
984,16.416400,69,0.316600,507.817,530.656,1
985,16.433083,67,0.166044,695.405,534.868,0
985,16.433083,68,0.328762,542.235,225.394,1
985,16.433083,69,0.195873,502.640,527.376,1
986,16.449767,67,0.166044,694.190,557.249,0
986,16.449767,68,0.659144,540.887,210.063,1
986,16.449767,69,0.450742,498.048,524.502,1
987,16.466450,67,0.166044,692.975,579.630,0
987,16.466450,68,0.440711,539.399,196.407,1
987,16.466450,69,0.648406,493.960,522.847,1
988,16.483133,67,0.203932,692.198,593.885,1
988,16.483133,68,0.640460,537.866,184.897,1
988,16.483133,69,0.564652,489.985,523.479,1
989,16.499817,67,0.177168,692.075,607.501,1
989,16.499817,68,0.302934,536.453,174.861,1
989,16.499817,69,0.592893,487.044,525.671,1
990,16.516500,67,0.206382,692.484,621.107,1
990,16.516500,68,0.562025,535.033,166.397,1
990,16.516500,69,0.557215,485.397,529.998,1
991,16.533183,67,0.206382,691.976,638.286,0
991,16.533183,68,0.187576,533.345,159.927,1
991,16.533183,69,0.327651,484.678,535.849,1
992,16.549867,67,0.179715,692.895,647.773,1
992,16.549867,68,0.187576,531.840,148.409,0
992,16.549867,69,0.184819,484.904,544.020,1
993,16.566550,67,0.266861,693.455,655.785,1
993,16.566550,68,0.187576,530.334,136.890,0
993,16.566550,69,0.657718,486.654,553.884,1
994,16.583233,67,0.159939,694.023,661.866,1
994,16.583233,68,0.187576,528.828,125.371,0
994,16.583233,69,0.518386,492.431,562.103,1
995,16.599917,67,0.190898,694.983,665.343,1
995,16.599917,68,0.296595,527.880,135.126,1
995,16.599917,69,0.616156,500.763,567.809,1
996,16.616600,67,0.197277,696.786,665.266,1
996,16.616600,68,0.177613,526.508,144.918,1
996,16.616600,69,0.635301,509.058,571.756,1
997,16.633283,67,0.215741,699.128,660.695,1
997,16.633283,68,0.177613,525.146,143.202,0
997,16.633283,69,0.505726,516.831,574.446,1
998,16.649967,67,0.484266,701.720,651.864,1
998,16.649967,68,0.199914,523.848,157.216,1
998,16.649967,69,0.480563,521.933,574.908,1
999,16.666650,67,0.264120,704.695,638.619,1
999,16.666650,68,0.199914,522.504,159.675,0
999,16.666650,69,0.693090,524.222,573.418,1
1000,16.683333,67,0.374520,707.118,620.121,1
1000,16.683333,68,0.366572,521.047,177.676,1
1000,16.683333,69,0.781384,525.340,569.364,1
1001,16.700017,67,0.640312,708.224,596.463,1
1001,16.700017,68,0.304860,519.905,195.924,1
1001,16.700017,69,0.766568,526.972,563.108,1
1002,16.716700,67,0.422149,708.533,567.725,1
1002,16.716700,68,0.218738,518.985,214.471,1
1002,16.716700,69,0.537777,530.697,554.253,1
1003,16.733383,67,0.268713,707.789,535.709,1
1003,16.733383,68,0.517995,517.791,233.590,1
1003,16.733383,69,0.420406,538.419,543.552,1
1004,16.750067,67,0.186423,706.326,502.454,1
1004,16.750067,68,0.270453,516.632,253.952,1
1004,16.750067,69,0.450402,551.762,532.004,1
1005,16.766750,67,0.150246,704.233,469.763,1
1005,16.766750,68,0.398651,515.523,275.487,1
1005,16.766750,69,0.185423,569.209,519.743,1
1006,16.783433,67,0.227677,701.844,438.472,1
1006,16.783433,68,0.507089,514.474,298.781,1
1006,16.783433,69,0.185423,578.809,511.421,0
1007,16.800117,67,0.227677,700.926,410.957,0
1007,16.800117,68,0.486750,513.486,323.916,1
1007,16.800117,69,0.197029,601.524,499.492,1
1008,16.816800,67,0.733007,697.402,383.524,1
1008,16.816800,68,0.458285,512.644,351.080,1
1008,16.816800,69,0.681412,624.576,489.511,1
1009,16.833483,67,0.429875,694.177,358.375,1
1009,16.833483,68,0.512231,511.668,379.812,1
1009,16.833483,69,0.248437,647.499,481.640,1
1010,16.850167,67,0.659562,691.147,336.207,1
1010,16.850167,68,0.616642,510.784,410.557,1
1010,16.850167,69,0.248437,665.135,472.598,0
1011,16.866850,67,0.418992,688.602,316.319,1
1011,16.866850,68,0.482461,510.059,442.983,1
1011,16.866850,69,0.216242,683.069,468.586,1
1012,16.883533,67,0.362573,686.260,298.604,1
1012,16.883533,68,0.482461,509.146,470.523,0
1012,16.883533,69,0.216242,700.785,460.878,0
1013,16.900217,67,0.232994,683.826,282.900,1
1013,16.900217,68,0.308057,508.441,509.567,1
1013,16.900217,69,0.216242,718.500,453.171,0
1014,16.916900,67,0.194787,681.079,269.798,1
1014,16.916900,68,0.308057,507.584,540.160,0
1014,16.916900,69,0.216242,736.216,445.464,0
1015,16.933583,67,0.229778,679.039,258.720,1
1015,16.933583,68,0.389083,507.242,577.973,1
1015,16.933583,69,0.216242,753.931,437.756,0
1016,16.950267,67,0.613995,676.856,249.707,1
1016,16.950267,68,0.389083,506.522,610.482,0
1016,16.950267,69,0.216242,771.647,430.049,0
1017,16.966950,67,0.506510,674.740,242.435,1
1017,16.966950,68,0.389083,505.801,642.991,0
1018,16.983633,67,0.390911,672.755,237.184,1
1018,16.983633,68,0.389083,505.081,675.500,0
1019,17.000317,67,0.277434,670.898,233.651,1
1019,17.000317,68,0.389083,504.360,708.009,0
1020,17.017000,67,0.198917,669.378,232.013,1
1020,17.017000,68,0.389083,503.639,740.518,0
1021,17.033683,67,0.198917,667.432,225.118,0
1022,17.050367,67,0.198917,665.486,218.224,0
1023,17.067050,67,0.198917,663.540,211.330,0
1024,17.083733,67,0.198917,661.594,204.435,0
1025,17.100417,67,0.198917,659.648,197.541,0
1029,17.167150,70,0.250920,654.015,298.760,1
1029,17.167150,72,0.157591,704.738,473.734,1
1029,17.167150,71,0.168197,521.604,541.796,1
1030,17.183833,70,0.562893,651.819,316.047,1
1030,17.183833,72,0.627862,675.418,467.683,1
1030,17.183833,71,0.508406,520.264,513.360,1
1031,17.200517,70,0.394069,649.866,334.831,1
1031,17.200517,72,0.322169,641.415,461.694,1
1031,17.200517,71,0.382752,519.061,480.368,1
1032,17.217200,70,0.560886,648.004,355.060,1
1032,17.217200,72,0.601180,605.885,456.967,1
1032,17.217200,71,0.454422,517.578,447.605,1
1033,17.233883,70,0.627585,646.358,376.872,1
1033,17.233883,72,0.541607,570.274,454.176,1
1033,17.233883,71,0.428865,516.120,416.189,1
1034,17.250567,70,0.287510,644.630,400.319,1
1034,17.250567,72,0.386274,535.531,453.472,1
1034,17.250567,71,0.539579,514.791,387.269,1
1035,17.267250,70,0.255293,642.911,425.397,1
1035,17.267250,72,0.510540,501.278,454.961,1
1035,17.267250,71,0.335219,513.469,360.809,1
1036,17.283933,70,0.255293,641.212,445.809,0
1036,17.283933,72,0.183890,475.085,457.657,1
1036,17.283933,71,0.173896,512.222,336.911,1
1037,17.300617,70,0.255293,639.514,466.220,0
1037,17.300617,72,0.300906,453.335,462.411,1
1037,17.300617,71,0.209840,510.956,315.133,1
1038,17.317300,70,0.255293,637.815,486.632,0
1038,17.317300,72,0.225062,434.863,469.025,1
1038,17.317300,71,0.405815,509.508,295.193,1
1039,17.333983,70,0.271665,639.043,518.695,1
1039,17.333983,72,0.155765,417.945,476.897,1
1039,17.333983,71,0.539336,508.112,277.428,1
1040,17.350667,70,0.278873,642.645,546.976,1
1040,17.350667,72,0.197196,401.708,484.598,1
1040,17.350667,71,0.643173,506.480,261.990,1
1041,17.367350,70,0.548083,647.332,571.858,1
1041,17.367350,72,0.283638,386.110,493.283,1
1041,17.367350,71,0.209231,504.846,248.569,1
1042,17.384033,70,0.433549,653.452,592.613,1
1042,17.384033,72,0.757506,372.938,501.708,1
1042,17.384033,71,0.616155,502.792,237.251,1
1043,17.400717,70,0.323864,661.036,608.456,1
1043,17.400717,72,0.543146,363.541,508.912,1
1043,17.400717,71,0.703537,500.825,227.889,1
1044,17.417400,70,0.228091,670.252,619.533,1
1044,17.417400,72,0.473508,358.592,514.186,1
1044,17.417400,71,0.559636,498.856,220.466,1
1045,17.434083,70,0.158843,680.247,624.702,1
1045,17.434083,72,0.461583,358.313,517.003,1
1045,17.434083,71,0.332363,496.899,214.951,1
1046,17.450767,70,0.164643,689.954,623.258,1
1046,17.450767,72,0.454522,362.063,517.436,1
1046,17.450767,71,0.546693,494.838,210.963,1
1047,17.467450,70,0.287002,698.916,615.238,1
1047,17.467450,72,0.516921,368.576,515.789,1
1047,17.467450,71,0.511183,492.616,208.932,1
1048,17.484133,70,0.195810,705.929,600.872,1
1048,17.484133,72,0.259717,379.407,511.490,1
1048,17.484133,71,0.459218,490.648,208.917,1
1049,17.500817,70,0.482110,711.240,580.995,1
1049,17.500817,72,0.434862,394.077,505.216,1
1049,17.500817,71,0.314644,488.825,210.914,1
1050,17.517500,70,0.211471,714.974,555.478,1
1050,17.517500,72,0.407128,413.296,497.314,1
1050,17.517500,71,0.239055,487.000,215.025,1
1051,17.534183,70,0.211471,721.110,545.070,0
1051,17.534183,72,0.407128,421.743,494.394,0
1051,17.534183,71,0.281632,484.730,221.145,1
1052,17.550867,70,0.211471,727.246,534.662,0
1052,17.550867,72,0.407128,430.191,491.473,0
1052,17.550867,71,0.173374,482.564,228.923,1
1053,17.567550,70,0.211471,733.382,524.254,0
1053,17.567550,72,0.407128,438.639,488.553,0
1053,17.567550,71,0.414677,480.810,238.937,1
1054,17.584233,70,0.211471,739.518,513.846,0
1054,17.584233,72,0.407128,447.087,485.632,0
1054,17.584233,71,0.637757,478.856,250.996,1
1054,17.584233,73,0.697350,539.585,461.233,1
1055,17.600917,70,0.211471,745.654,503.438,0
1055,17.600917,72,0.407128,455.534,482.712,0
1055,17.600917,71,0.842424,476.862,265.135,1
1055,17.600917,73,0.678500,571.636,457.862,1
1056,17.617600,71,0.853343,475.140,281.191,1
1056,17.617600,73,0.633613,608.767,455.403,1
1056,17.617600,74,0.689741,709.975,385.545,1
1057,17.634283,71,0.758395,473.394,299.109,1
1057,17.634283,73,0.826761,647.030,454.457,1
1057,17.634283,74,0.866363,709.279,365.154,1
1058,17.650967,71,0.239074,471.885,319.083,1
1058,17.650967,73,0.748839,684.750,454.967,1
1058,17.650967,74,0.778180,708.463,342.832,1
1059,17.667650,71,0.492414,470.163,341.243,1
1059,17.667650,73,0.748839,715.629,453.859,0
1059,17.667650,74,0.536213,707.815,320.965,1
1060,17.684333,71,0.369432,468.398,365.183,1
1060,17.684333,73,0.233860,749.492,453.625,1
1060,17.684333,74,0.536213,707.227,304.052,0
1061,17.701017,71,0.369432,466.639,383.670,0
1061,17.701017,73,0.233860,781.186,452.757,0
1061,17.701017,74,0.649029,707.213,285.848,1
1062,17.717700,71,0.488693,465.530,413.888,1
1062,17.717700,73,0.233860,812.880,451.888,0
1062,17.717700,74,0.547036,707.120,270.509,1
1063,17.734383,71,0.488693,463.943,435.488,0
1063,17.734383,73,0.233860,844.575,451.019,0
1063,17.734383,74,0.619822,706.955,257.774,1
1064,17.751067,71,0.388031,463.225,471.331,1
1064,17.751067,73,0.233860,876.269,450.151,0
1064,17.751067,74,0.592275,706.849,247.461,1
1065,17.767750,71,0.242746,464.998,504.856,1
1065,17.767750,73,0.233860,907.963,449.282,0
1065,17.767750,74,0.408693,706.676,239.500,1
1066,17.784433,71,0.404786,468.297,534.982,1
1066,17.784433,74,0.697735,706.733,233.597,1
1067,17.801117,71,0.404786,468.786,563.209,0
1067,17.801117,74,0.573821,706.780,229.960,1
1068,17.817800,71,0.295129,476.562,588.058,1
1068,17.817800,74,0.486430,706.854,228.553,1
1069,17.834483,71,0.429815,486.179,611.033,1
1069,17.834483,74,0.628156,707.030,229.143,1
1070,17.851167,71,0.625273,497.516,630.680,1
1070,17.851167,74,0.667106,707.332,231.703,1
1070,17.851167,75,0.151569,879.167,511.493,1
1071,17.867850,71,0.414956,509.242,644.749,1
1071,17.867850,74,0.520106,707.515,236.424,1
1071,17.867850,75,0.289626,876.663,507.079,1
1072,17.884533,71,0.274832,520.097,651.140,1
1072,17.884533,74,0.445227,707.772,242.633,1
1072,17.884533,75,0.203707,870.027,503.513,1
1073,17.901217,71,0.361464,528.995,649.221,1
1073,17.901217,74,0.578358,708.231,250.709,1
1073,17.901217,75,0.323587,859.802,496.152,1
1074,17.917900,71,0.173294,535.576,639.990,1
1074,17.917900,74,0.420608,708.519,260.984,1
1074,17.917900,75,0.172260,845.160,489.107,1
1075,17.934583,71,0.173294,543.649,646.680,0
1075,17.934583,74,0.649137,708.767,272.784,1
1075,17.934583,75,0.222502,826.027,478.059,1
1076,17.951267,71,0.173294,551.722,653.370,0
1076,17.951267,74,0.397837,709.000,286.207,1
1076,17.951267,75,0.517759,802.091,467.812,1
1077,17.967950,71,0.173294,559.794,660.060,0
1077,17.967950,74,0.414041,709.463,301.753,1
1077,17.967950,75,0.193848,774.316,456.733,1
1077,17.967950,76,0.380358,536.044,559.002,1
1078,17.984633,71,0.173294,567.867,666.750,0
1078,17.984633,74,0.337942,709.729,318.784,1
1078,17.984633,75,0.193848,756.389,448.318,0
1078,17.984633,76,0.380358,536.004,552.548,0
