video,frame,time_seconds,class_id,class_name,confidence,x1,y1,x2,y2,center_x,center_y,width,height
identical_balls_trick_000_018.mp4,0,0.000000,32,sports ball,0.665575,532.012,294.035,575.844,339.853,553.928,316.944,43.832,45.818
identical_balls_trick_000_018.mp4,0,0.000000,32,sports ball,0.628203,693.441,408.705,739.446,454.282,716.444,431.493,46.005,45.577
identical_balls_trick_000_018.mp4,0,0.000000,32,sports ball,0.313906,544.524,418.920,592.347,464.726,568.435,441.823,47.823,45.806
identical_balls_trick_000_018.mp4,1,0.016683,32,sports ball,0.804028,531.411,313.544,575.271,359.787,553.341,336.665,43.859,46.243
identical_balls_trick_000_018.mp4,1,0.016683,32,sports ball,0.792490,574.868,417.954,622.410,463.247,598.639,440.600,47.543,45.293
identical_balls_trick_000_018.mp4,1,0.016683,32,sports ball,0.570049,692.511,380.781,737.183,426.611,714.847,403.696,44.672,45.830
identical_balls_trick_000_018.mp4,1,0.016683,32,sports ball,0.363506,692.261,379.887,737.435,426.797,714.848,403.342,45.174,46.910
identical_balls_trick_000_018.mp4,2,0.033367,32,sports ball,0.837167,530.757,336.392,575.066,382.680,552.911,359.536,44.309,46.289
identical_balls_trick_000_018.mp4,2,0.033367,32,sports ball,0.795883,690.737,353.984,736.302,400.565,713.520,377.275,45.564,46.581
identical_balls_trick_000_018.mp4,2,0.033367,32,sports ball,0.681836,605.313,418.318,652.035,463.786,628.674,441.052,46.722,45.467
identical_balls_trick_000_018.mp4,3,0.050050,32,sports ball,0.884583,530.848,360.366,575.274,406.132,553.061,383.249,44.426,45.766
identical_balls_trick_000_018.mp4,3,0.050050,32,sports ball,0.733108,689.546,329.254,735.739,375.911,712.643,352.583,46.193,46.658
identical_balls_trick_000_018.mp4,3,0.050050,32,sports ball,0.717514,635.923,420.652,682.489,465.974,659.206,443.313,46.566,45.322
identical_balls_trick_000_018.mp4,4,0.066733,32,sports ball,0.823091,530.625,385.650,574.658,432.435,552.642,409.042,44.033,46.785
identical_balls_trick_000_018.mp4,4,0.066733,32,sports ball,0.794196,689.049,306.402,734.718,352.159,711.884,329.281,45.669,45.756
identical_balls_trick_000_018.mp4,4,0.066733,32,sports ball,0.688336,665.915,425.022,711.782,470.287,688.848,447.654,45.866,45.265
identical_balls_trick_000_018.mp4,5,0.083417,32,sports ball,0.623144,688.884,285.142,733.720,330.745,711.302,307.944,44.836,45.603
identical_balls_trick_000_018.mp4,5,0.083417,32,sports ball,0.353519,696.779,432.076,741.795,475.466,719.287,453.771,45.016,43.390
identical_balls_trick_000_018.mp4,5,0.083417,32,sports ball,0.263305,530.563,413.889,574.625,460.136,552.594,437.013,44.062,46.248
identical_balls_trick_000_018.mp4,6,0.100100,32,sports ball,0.477771,688.651,265.744,733.915,309.759,711.283,287.751,45.264,44.015
identical_balls_trick_000_018.mp4,6,0.100100,32,sports ball,0.452311,725.845,439.430,770.100,481.609,747.973,460.519,44.255,42.179
identical_balls_trick_000_018.mp4,6,0.100100,32,sports ball,0.438313,529.782,441.828,574.723,489.121,552.252,465.474,44.941,47.293
identical_balls_trick_000_018.mp4,7,0.116783,32,sports ball,0.584841,688.762,246.754,733.840,292.239,711.301,269.497,45.078,45.486
identical_balls_trick_000_018.mp4,7,0.116783,32,sports ball,0.447278,530.060,473.240,574.195,517.723,552.127,495.481,44.135,44.483
identical_balls_trick_000_018.mp4,7,0.116783,32,sports ball,0.345197,743.486,448.262,786.848,490.812,765.167,469.537,43.362,42.550
identical_balls_trick_000_018.mp4,8,0.133467,32,sports ball,0.590068,688.392,229.956,733.970,275.983,711.181,252.969,45.578,46.027
identical_balls_trick_000_018.mp4,8,0.133467,32,sports ball,0.233000,530.229,506.144,571.537,551.892,550.883,529.018,41.308,45.747
identical_balls_trick_000_018.mp4,8,0.133467,32,sports ball,0.172623,759.914,455.725,802.504,500.415,781.209,478.070,42.590,44.690
identical_balls_trick_000_018.mp4,9,0.150150,32,sports ball,0.632476,688.662,215.746,733.741,261.334,711.201,238.540,45.079,45.587
identical_balls_trick_000_018.mp4,9,0.150150,32,sports ball,0.229583,528.735,527.778,570.397,573.739,549.566,550.758,41.662,45.961
identical_balls_trick_000_018.mp4,9,0.150150,32,sports ball,0.223218,776.501,463.807,820.372,507.429,798.437,485.618,43.870,43.622
identical_balls_trick_000_018.mp4,10,0.166833,32,sports ball,0.524035,687.537,203.095,733.761,249.132,710.649,226.114,46.224,46.037
identical_balls_trick_000_018.mp4,10,0.166833,32,sports ball,0.319067,528.859,551.362,569.341,593.365,549.100,572.364,40.482,42.003
identical_balls_trick_000_018.mp4,11,0.183517,32,sports ball,0.449327,687.564,192.565,732.754,238.538,710.159,215.552,45.190,45.973
identical_balls_trick_000_018.mp4,11,0.183517,32,sports ball,0.431967,529.829,571.643,569.680,612.362,549.755,592.002,39.851,40.719
identical_balls_trick_000_018.mp4,12,0.200200,32,sports ball,0.513071,687.549,183.665,732.922,229.111,710.236,206.388,45.372,45.446
identical_balls_trick_000_018.mp4,12,0.200200,32,sports ball,0.184563,531.276,588.966,570.981,630.648,551.129,609.807,39.705,41.681
identical_balls_trick_000_018.mp4,13,0.216883,32,sports ball,0.699566,687.642,176.332,732.781,221.790,710.212,199.061,45.139,45.458
identical_balls_trick_000_018.mp4,13,0.216883,32,sports ball,0.310595,841.887,501.399,881.957,540.168,861.922,520.783,40.070,38.769
identical_balls_trick_000_018.mp4,13,0.216883,32,sports ball,0.196990,533.519,602.891,575.237,645.824,554.378,624.357,41.718,42.934
identical_balls_trick_000_018.mp4,14,0.233567,32,sports ball,0.701136,841.549,509.159,887.814,550.660,864.681,529.910,46.265,41.501
identical_balls_trick_000_018.mp4,14,0.233567,32,sports ball,0.626435,687.270,170.642,732.386,216.866,709.828,193.754,45.116,46.223
identical_balls_trick_000_018.mp4,14,0.233567,32,sports ball,0.293956,534.716,610.438,577.093,654.330,555.904,632.384,42.376,43.893
identical_balls_trick_000_018.mp4,15,0.250250,32,sports ball,0.657738,846.149,512.498,891.444,556.586,868.797,534.542,45.295,44.088
identical_balls_trick_000_018.mp4,15,0.250250,32,sports ball,0.547052,686.552,166.879,731.324,213.444,708.938,190.162,44.772,46.565
identical_balls_trick_000_018.mp4,15,0.250250,32,sports ball,0.446738,534.915,613.819,577.549,657.723,556.232,635.771,42.634,43.904
identical_balls_trick_000_018.mp4,16,0.266933,32,sports ball,0.461105,848.776,513.168,891.436,554.544,870.106,533.856,42.660,41.375
identical_balls_trick_000_018.mp4,16,0.266933,32,sports ball,0.425026,685.891,165.413,731.047,211.875,708.469,188.644,45.157,46.462
identical_balls_trick_000_018.mp4,16,0.266933,32,sports ball,0.344403,535.968,610.101,579.984,654.367,557.976,632.234,44.016,44.266
identical_balls_trick_000_018.mp4,17,0.283617,32,sports ball,0.706884,847.094,509.068,890.416,549.138,868.755,529.103,43.322,40.070
identical_balls_trick_000_018.mp4,17,0.283617,32,sports ball,0.395066,685.786,165.515,730.687,211.841,708.236,188.678,44.901,46.327
identical_balls_trick_000_018.mp4,17,0.283617,32,sports ball,0.324213,539.840,603.429,581.367,646.039,560.603,624.734,41.527,42.610
identical_balls_trick_000_018.mp4,18,0.300300,32,sports ball,0.280171,685.187,168.181,730.452,213.808,707.819,190.994,45.265,45.627
identical_balls_trick_000_018.mp4,19,0.316983,32,sports ball,0.560067,683.715,171.309,729.696,217.724,706.706,194.517,45.981,46.414
identical_balls_trick_000_018.mp4,19,0.316983,32,sports ball,0.254726,834.253,493.104,877.486,535.867,855.869,514.486,43.234,42.763
identical_balls_trick_000_018.mp4,19,0.316983,32,sports ball,0.194878,544.437,575.849,587.043,619.265,565.740,597.557,42.606,43.416
identical_balls_trick_000_018.mp4,20,0.333667,32,sports ball,0.630828,683.124,177.589,729.346,223.442,706.235,200.516,46.222,45.853
identical_balls_trick_000_018.mp4,20,0.333667,32,sports ball,0.423111,822.178,482.693,864.595,525.531,843.387,504.112,42.417,42.838
identical_balls_trick_000_018.mp4,20,0.333667,32,sports ball,0.262496,545.197,555.529,587.092,596.694,566.144,576.111,41.895,41.165
identical_balls_trick_000_018.mp4,21,0.350350,32,sports ball,0.812284,803.670,471.892,847.660,515.082,825.665,493.487,43.990,43.190
identical_balls_trick_000_018.mp4,21,0.350350,32,sports ball,0.341252,544.088,529.755,587.160,571.102,565.624,550.429,43.072,41.347
identical_balls_trick_000_018.mp4,21,0.350350,32,sports ball,0.318198,681.927,185.404,727.945,231.716,704.936,208.560,46.018,46.311
identical_balls_trick_000_018.mp4,22,0.367033,32,sports ball,0.411429,779.712,459.777,823.615,503.675,801.663,481.726,43.904,43.898
identical_balls_trick_000_018.mp4,22,0.367033,32,sports ball,0.248163,681.332,194.367,727.265,240.562,704.298,217.465,45.933,46.195
identical_balls_trick_000_018.mp4,22,0.367033,32,sports ball,0.201477,543.725,500.329,586.852,543.350,565.288,521.839,43.127,43.020
identical_balls_trick_000_018.mp4,23,0.383717,32,sports ball,0.181043,754.029,447.665,796.953,491.820,775.491,469.742,42.924,44.155
identical_balls_trick_000_018.mp4,23,0.383717,32,sports ball,0.167686,680.373,206.538,726.195,252.341,703.284,229.439,45.823,45.804
identical_balls_trick_000_018.mp4,24,0.400400,32,sports ball,0.554653,680.414,219.327,725.594,265.723,703.004,242.525,45.180,46.396
identical_balls_trick_000_018.mp4,25,0.417083,32,sports ball,0.261601,680.166,234.531,724.804,281.175,702.485,257.853,44.638,46.644
identical_balls_trick_000_018.mp4,25,0.417083,32,sports ball,0.251476,537.855,411.613,583.553,457.795,560.704,434.704,45.698,46.182
identical_balls_trick_000_018.mp4,25,0.417083,32,sports ball,0.183873,693.896,425.940,737.915,469.768,715.906,447.854,44.020,43.828
identical_balls_trick_000_018.mp4,26,0.433767,32,sports ball,0.752481,663.270,417.456,708.033,462.720,685.651,440.088,44.763,45.264
identical_balls_trick_000_018.mp4,26,0.433767,32,sports ball,0.736478,536.897,385.519,581.759,431.820,559.328,408.669,44.861,46.301
identical_balls_trick_000_018.mp4,27,0.450450,32,sports ball,0.891569,632.761,411.364,678.689,456.788,655.725,434.076,45.927,45.424
identical_balls_trick_000_018.mp4,27,0.450450,32,sports ball,0.874979,535.689,361.066,580.232,407.905,557.961,384.486,44.542,46.840
identical_balls_trick_000_018.mp4,27,0.450450,32,sports ball,0.615654,678.588,271.488,722.851,315.146,700.720,293.317,44.263,43.658
identical_balls_trick_000_018.mp4,28,0.467133,32,sports ball,0.812657,600.997,407.235,648.510,452.359,624.753,429.797,47.513,45.124
identical_balls_trick_000_018.mp4,28,0.467133,32,sports ball,0.798094,532.856,338.861,578.529,385.176,555.692,362.018,45.673,46.315
identical_balls_trick_000_018.mp4,28,0.467133,32,sports ball,0.696052,677.602,290.985,721.690,337.030,699.646,314.008,44.088,46.045
identical_balls_trick_000_018.mp4,29,0.483817,32,sports ball,0.837010,531.819,318.859,576.661,364.420,554.240,341.639,44.843,45.561
identical_balls_trick_000_018.mp4,29,0.483817,32,sports ball,0.802978,570.345,404.184,618.238,450.205,594.292,427.194,47.894,46.021
identical_balls_trick_000_018.mp4,29,0.483817,32,sports ball,0.669716,676.508,313.609,720.502,358.816,698.505,336.212,43.994,45.207
identical_balls_trick_000_018.mp4,30,0.500500,32,sports ball,0.696582,538.750,403.711,586.580,449.225,562.665,426.468,47.830,45.513
identical_balls_trick_000_018.mp4,30,0.500500,32,sports ball,0.675431,531.659,299.915,575.838,344.343,553.749,322.129,44.179,44.428
identical_balls_trick_000_018.mp4,30,0.500500,32,sports ball,0.631177,675.832,336.690,719.727,382.664,697.779,359.677,43.895,45.975
identical_balls_trick_000_018.mp4,31,0.517183,32,sports ball,0.693792,529.748,281.595,573.964,326.608,551.856,304.101,44.216,45.013
identical_balls_trick_000_018.mp4,31,0.517183,32,sports ball,0.344298,508.971,404.579,555.186,449.512,532.079,427.046,46.215,44.934
identical_balls_trick_000_018.mp4,31,0.517183,32,sports ball,0.183634,675.137,361.848,718.642,408.283,696.889,385.066,43.505,46.435
identical_balls_trick_000_018.mp4,32,0.533867,32,sports ball,0.727789,528.915,265.624,572.340,309.784,550.628,287.704,43.425,44.159
identical_balls_trick_000_018.mp4,32,0.533867,32,sports ball,0.466602,480.636,406.667,527.443,449.717,504.039,428.192,46.807,43.050
identical_balls_trick_000_018.mp4,33,0.550550,32,sports ball,0.422673,526.342,251.562,570.928,295.063,548.635,273.313,44.586,43.501
identical_balls_trick_000_018.mp4,33,0.550550,32,sports ball,0.196586,463.465,407.397,509.277,451.593,486.371,429.495,45.812,44.196
identical_balls_trick_000_018.mp4,34,0.567233,32,sports ball,0.501750,523.849,239.142,568.927,283.037,546.388,261.090,45.078,43.894
identical_balls_trick_000_018.mp4,35,0.583917,32,sports ball,0.261906,522.329,227.221,567.447,272.579,544.888,249.900,45.118,45.358
identical_balls_trick_000_018.mp4,36,0.600600,32,sports ball,0.357210,521.448,218.436,565.915,263.318,543.681,240.877,44.467,44.882
identical_balls_trick_000_018.mp4,37,0.617283,32,sports ball,0.659746,519.979,211.560,563.770,256.692,541.874,234.126,43.791,45.132
identical_balls_trick_000_018.mp4,37,0.617283,32,sports ball,0.517163,390.347,423.116,435.580,469.718,412.964,446.417,45.233,46.602
identical_balls_trick_000_018.mp4,38,0.633967,32,sports ball,0.591395,517.697,205.891,561.984,251.256,539.841,228.573,44.287,45.365
identical_balls_trick_000_018.mp4,38,0.633967,32,sports ball,0.540432,379.236,432.132,424.279,477.076,401.757,454.604,45.042,44.943
identical_balls_trick_000_018.mp4,39,0.650650,32,sports ball,0.759841,369.381,440.130,415.166,484.869,392.273,462.500,45.785,44.739
identical_balls_trick_000_018.mp4,39,0.650650,32,sports ball,0.674280,516.231,202.161,560.831,247.366,538.531,224.764,44.601,45.205
identical_balls_trick_000_018.mp4,39,0.650650,32,sports ball,0.348308,686.494,555.973,729.572,600.422,708.033,578.198,43.077,44.448
identical_balls_trick_000_018.mp4,40,0.667333,32,sports ball,0.754191,514.855,200.767,559.261,245.670,537.058,223.218,44.406,44.903
identical_balls_trick_000_018.mp4,40,0.667333,32,sports ball,0.629672,363.656,447.840,408.687,491.878,386.172,469.859,45.031,44.038
identical_balls_trick_000_018.mp4,41,0.684017,32,sports ball,0.777797,361.951,451.612,404.839,496.222,383.395,473.917,42.888,44.610
identical_balls_trick_000_018.mp4,41,0.684017,32,sports ball,0.648435,513.218,200.597,557.389,245.429,535.304,223.013,44.171,44.832
identical_balls_trick_000_018.mp4,41,0.684017,32,sports ball,0.351628,697.764,576.909,740.956,623.792,719.360,600.351,43.193,46.883
identical_balls_trick_000_018.mp4,42,0.700700,32,sports ball,0.680988,512.017,202.290,556.164,247.972,534.091,225.131,44.147,45.682
identical_balls_trick_000_018.mp4,42,0.700700,32,sports ball,0.671334,363.673,453.967,406.710,497.780,385.191,475.874,43.037,43.813
identical_balls_trick_000_018.mp4,42,0.700700,32,sports ball,0.171127,702.642,581.218,746.428,625.336,724.535,603.277,43.787,44.118
identical_balls_trick_000_018.mp4,43,0.717383,32,sports ball,0.725420,510.188,206.322,554.789,251.402,532.489,228.862,44.602,45.081
identical_balls_trick_000_018.mp4,43,0.717383,32,sports ball,0.651514,370.194,452.068,417.812,496.905,394.003,474.487,47.619,44.837
identical_balls_trick_000_018.mp4,43,0.717383,32,sports ball,0.325066,706.776,578.886,750.594,624.083,728.685,601.485,43.819,45.197
identical_balls_trick_000_018.mp4,44,0.734067,32,sports ball,0.786438,379.834,446.801,427.012,493.021,403.423,469.911,47.178,46.220
identical_balls_trick_000_018.mp4,44,0.734067,32,sports ball,0.671184,508.407,211.323,553.393,257.043,530.900,234.183,44.987,45.720
identical_balls_trick_000_018.mp4,44,0.734067,32,sports ball,0.309094,710.225,570.524,753.311,614.988,731.768,592.756,43.085,44.464
identical_balls_trick_000_018.mp4,45,0.750750,32,sports ball,0.645827,394.352,440.259,440.583,485.101,417.467,462.680,46.230,44.842
identical_balls_trick_000_018.mp4,45,0.750750,32,sports ball,0.613023,506.906,218.444,551.890,263.899,529.398,241.171,44.984,45.455
identical_balls_trick_000_018.mp4,45,0.750750,32,sports ball,0.350669,711.721,556.655,756.050,601.124,733.886,578.889,44.329,44.469
identical_balls_trick_000_018.mp4,46,0.767433,32,sports ball,0.640144,413.676,431.513,458.965,476.177,436.321,453.845,45.289,44.664
identical_balls_trick_000_018.mp4,46,0.767433,32,sports ball,0.585212,506.178,227.635,550.349,272.921,528.263,250.278,44.170,45.286
identical_balls_trick_000_018.mp4,46,0.767433,32,sports ball,0.304931,712.668,538.548,757.117,583.152,734.892,560.850,44.449,44.604
identical_balls_trick_000_018.mp4,47,0.784117,32,sports ball,0.429079,504.809,239.490,548.524,283.723,526.667,261.607,43.715,44.232
identical_balls_trick_000_018.mp4,47,0.784117,32,sports ball,0.252420,434.801,423.378,481.265,467.927,458.033,445.652,46.464,44.549
identical_balls_trick_000_018.mp4,48,0.800800,32,sports ball,0.528441,503.751,252.074,547.080,297.113,525.416,274.594,43.329,45.040
identical_balls_trick_000_018.mp4,48,0.800800,32,sports ball,0.434797,462.960,415.982,511.405,458.512,487.183,437.247,48.444,42.531
identical_balls_trick_000_018.mp4,49,0.817483,32,sports ball,0.439245,493.918,407.694,541.053,451.936,517.486,429.815,47.134,44.242
identical_balls_trick_000_018.mp4,49,0.817483,32,sports ball,0.284275,501.488,266.605,545.424,311.781,523.456,289.193,43.935,45.176
identical_balls_trick_000_018.mp4,49,0.817483,32,sports ball,0.277221,711.448,462.903,756.904,508.521,734.176,485.712,45.456,45.618
identical_balls_trick_000_018.mp4,50,0.834167,32,sports ball,0.756161,500.748,282.880,544.087,326.807,522.417,304.843,43.339,43.927
identical_balls_trick_000_018.mp4,50,0.834167,32,sports ball,0.401057,709.300,435.609,754.911,480.104,732.105,457.857,45.611,44.495
identical_balls_trick_000_018.mp4,50,0.834167,32,sports ball,0.189901,523.766,402.620,572.146,448.834,547.956,425.727,48.380,46.214
identical_balls_trick_000_018.mp4,51,0.850850,32,sports ball,0.725370,554.015,400.095,603.722,445.385,578.868,422.740,49.707,45.290
identical_balls_trick_000_018.mp4,51,0.850850,32,sports ball,0.685294,499.318,301.973,543.108,346.961,521.213,324.467,43.790,44.988
identical_balls_trick_000_018.mp4,51,0.850850,32,sports ball,0.604701,706.806,408.115,752.099,453.689,729.452,430.902,45.293,45.573
identical_balls_trick_000_018.mp4,52,0.867533,32,sports ball,0.854965,497.676,321.417,542.609,367.538,520.143,344.477,44.933,46.120
identical_balls_trick_000_018.mp4,52,0.867533,32,sports ball,0.829079,587.112,398.642,634.475,443.438,610.793,421.040,47.363,44.796
identical_balls_trick_000_018.mp4,52,0.867533,32,sports ball,0.697430,704.487,384.430,749.935,429.447,727.211,406.939,45.447,45.017
identical_balls_trick_000_018.mp4,53,0.884217,32,sports ball,0.621696,617.721,399.909,666.125,444.249,641.923,422.079,48.404,44.340
identical_balls_trick_000_018.mp4,53,0.884217,32,sports ball,0.586401,496.693,342.719,541.142,389.020,518.917,365.870,44.449,46.301
identical_balls_trick_000_018.mp4,53,0.884217,32,sports ball,0.364831,702.499,361.690,747.032,408.392,724.766,385.041,44.533,46.703
identical_balls_trick_000_018.mp4,54,0.900900,32,sports ball,0.785672,495.757,366.483,539.618,411.381,517.688,388.932,43.860,44.897
identical_balls_trick_000_018.mp4,54,0.900900,32,sports ball,0.522899,699.591,341.324,745.731,387.122,722.661,364.223,46.140,45.798
identical_balls_trick_000_018.mp4,54,0.900900,32,sports ball,0.208597,650.135,401.437,698.132,446.945,674.133,424.191,47.997,45.509
identical_balls_trick_000_018.mp4,54,0.900900,32,sports ball,0.153892,650.222,401.305,698.223,446.785,674.222,424.045,48.002,45.480
identical_balls_trick_000_018.mp4,55,0.917583,32,sports ball,0.740202,698.598,322.197,743.819,368.013,721.208,345.105,45.221,45.816
identical_balls_trick_000_018.mp4,55,0.917583,32,sports ball,0.637884,681.898,405.140,728.260,450.169,705.079,427.655,46.362,45.029
identical_balls_trick_000_018.mp4,55,0.917583,32,sports ball,0.629518,494.539,391.050,538.866,436.954,516.702,414.002,44.327,45.904
identical_balls_trick_000_018.mp4,56,0.934267,32,sports ball,0.702504,494.117,417.328,537.444,463.715,515.781,440.521,43.327,46.387
identical_balls_trick_000_018.mp4,56,0.934267,32,sports ball,0.699493,697.212,305.583,741.365,350.014,719.288,327.798,44.153,44.431
identical_balls_trick_000_018.mp4,56,0.934267,32,sports ball,0.329040,713.579,410.855,760.276,455.969,736.927,433.412,46.697,45.114
identical_balls_trick_000_018.mp4,57,0.950950,32,sports ball,0.196223,491.770,447.799,536.095,491.139,513.932,469.469,44.324,43.340
identical_balls_trick_000_018.mp4,57,0.950950,32,sports ball,0.165606,696.065,290.039,739.524,334.695,717.794,312.367,43.459,44.656
identical_balls_trick_000_018.mp4,58,0.967633,32,sports ball,0.403947,693.305,276.318,738.204,320.782,715.755,298.550,44.899,44.464
identical_balls_trick_000_018.mp4,58,0.967633,32,sports ball,0.299266,491.764,477.652,534.726,522.746,513.245,500.199,42.962,45.094
identical_balls_trick_000_018.mp4,59,0.984317,32,sports ball,0.701500,691.109,265.224,736.082,309.907,713.596,287.566,44.973,44.683
identical_balls_trick_000_018.mp4,60,1.001000,32,sports ball,0.603774,689.729,255.242,735.259,300.106,712.494,277.674,45.529,44.865
identical_balls_trick_000_018.mp4,61,1.017683,32,sports ball,0.617790,688.476,247.725,733.346,291.931,710.911,269.828,44.870,44.206
identical_balls_trick_000_018.mp4,62,1.034367,32,sports ball,0.679461,686.516,240.694,731.589,285.298,709.053,262.996,45.074,44.604
identical_balls_trick_000_018.mp4,62,1.034367,32,sports ball,0.201942,823.648,472.230,868.340,516.750,845.994,494.490,44.692,44.520
identical_balls_trick_000_018.mp4,63,1.051050,32,sports ball,0.597561,684.826,235.897,730.622,281.381,707.724,258.639,45.796,45.485
identical_balls_trick_000_018.mp4,63,1.051050,32,sports ball,0.479153,838.232,486.864,882.120,529.429,860.176,508.146,43.888,42.565
identical_balls_trick_000_018.mp4,63,1.051050,32,sports ball,0.168127,501.806,585.033,542.354,629.095,522.080,607.064,40.548,44.062
identical_balls_trick_000_018.mp4,64,1.067733,32,sports ball,0.665706,506.885,599.088,548.428,643.391,527.656,621.240,41.544,44.304
identical_balls_trick_000_018.mp4,64,1.067733,32,sports ball,0.600804,848.737,498.051,891.214,540.616,869.975,519.334,42.476,42.565
identical_balls_trick_000_018.mp4,64,1.067733,32,sports ball,0.518087,683.819,233.659,729.328,278.695,706.573,256.177,45.509,45.036
identical_balls_trick_000_018.mp4,65,1.084417,32,sports ball,0.445026,681.818,232.858,727.507,277.762,704.662,255.310,45.689,44.904
identical_balls_trick_000_018.mp4,65,1.084417,32,sports ball,0.404204,513.344,608.499,555.270,652.967,534.307,630.733,41.926,44.468
identical_balls_trick_000_018.mp4,65,1.084417,32,sports ball,0.342904,854.863,505.701,896.208,550.651,875.535,528.176,41.345,44.949
identical_balls_trick_000_018.mp4,66,1.101100,32,sports ball,0.501049,681.083,233.664,725.852,278.749,703.467,256.206,44.769,45.085
identical_balls_trick_000_018.mp4,66,1.101100,32,sports ball,0.313736,519.249,610.295,563.647,655.835,541.448,633.065,44.398,45.540
identical_balls_trick_000_018.mp4,66,1.101100,32,sports ball,0.193787,855.533,509.373,896.222,553.448,875.878,531.410,40.688,44.075
identical_balls_trick_000_018.mp4,67,1.117783,32,sports ball,0.649342,680.415,236.057,724.656,281.621,702.535,258.839,44.241,45.564
identical_balls_trick_000_018.mp4,67,1.117783,32,sports ball,0.458305,525.301,607.831,568.112,652.524,546.707,630.177,42.812,44.693
identical_balls_trick_000_018.mp4,67,1.117783,32,sports ball,0.255995,851.342,506.315,894.407,548.389,872.875,527.352,43.065,42.074
identical_balls_trick_000_018.mp4,68,1.134467,32,sports ball,0.676155,679.973,240.724,723.964,285.948,701.968,263.336,43.991,45.224
identical_balls_trick_000_018.mp4,68,1.134467,32,sports ball,0.388648,529.834,598.194,573.885,642.507,551.860,620.351,44.051,44.313
identical_balls_trick_000_018.mp4,68,1.134467,32,sports ball,0.200849,844.263,498.934,888.960,542.987,866.612,520.960,44.697,44.054
identical_balls_trick_000_018.mp4,69,1.151150,32,sports ball,0.561732,678.264,247.488,723.117,292.151,700.690,269.820,44.853,44.663
identical_balls_trick_000_018.mp4,69,1.151150,32,sports ball,0.517311,833.338,490.336,881.098,532.878,857.218,511.607,47.761,42.542
identical_balls_trick_000_018.mp4,69,1.151150,32,sports ball,0.367370,534.426,584.086,578.402,627.320,556.414,605.703,43.976,43.234
identical_balls_trick_000_018.mp4,70,1.167833,32,sports ball,0.723356,677.021,255.518,721.321,300.165,699.171,277.841,44.300,44.648
identical_balls_trick_000_018.mp4,70,1.167833,32,sports ball,0.477995,823.467,480.228,868.024,523.117,845.745,501.672,44.556,42.889
identical_balls_trick_000_018.mp4,70,1.167833,32,sports ball,0.226043,539.214,565.568,583.067,607.571,561.141,586.569,43.853,42.003
identical_balls_trick_000_018.mp4,71,1.184517,32,sports ball,0.481470,676.014,265.639,719.504,309.138,697.759,287.389,43.490,43.500
identical_balls_trick_000_018.mp4,71,1.184517,32,sports ball,0.462104,540.661,543.379,585.189,586.681,562.925,565.030,44.528,43.302
identical_balls_trick_000_018.mp4,71,1.184517,32,sports ball,0.246146,805.371,469.690,851.936,513.931,828.654,491.810,46.566,44.240
identical_balls_trick_000_018.mp4,72,1.201200,32,sports ball,0.704558,541.999,515.372,586.338,558.904,564.169,537.138,44.339,43.532
identical_balls_trick_000_018.mp4,72,1.201200,32,sports ball,0.658060,675.327,276.859,719.044,321.632,697.186,299.246,43.716,44.773
identical_balls_trick_000_018.mp4,72,1.201200,32,sports ball,0.610751,781.510,458.493,827.074,501.286,804.292,479.889,45.563,42.793
identical_balls_trick_000_018.mp4,73,1.217883,32,sports ball,0.481433,673.704,290.375,718.440,335.660,696.072,313.017,44.736,45.285
identical_balls_trick_000_018.mp4,73,1.217883,32,sports ball,0.236590,542.320,484.333,585.982,530.192,564.151,507.263,43.662,45.859
identical_balls_trick_000_018.mp4,73,1.217883,32,sports ball,0.156746,753.899,445.641,800.038,491.278,776.968,468.459,46.139,45.636
identical_balls_trick_000_018.mp4,74,1.234567,32,sports ball,0.556265,540.640,454.259,585.948,499.747,563.294,477.003,45.308,45.488
identical_balls_trick_000_018.mp4,74,1.234567,32,sports ball,0.376699,724.043,441.962,768.002,484.667,746.023,463.314,43.959,42.705
identical_balls_trick_000_018.mp4,74,1.234567,32,sports ball,0.337694,672.464,305.805,715.919,350.475,694.192,328.140,43.455,44.670
identical_balls_trick_000_018.mp4,75,1.251250,32,sports ball,0.494212,671.414,321.593,715.466,367.725,693.440,344.659,44.052,46.132
identical_balls_trick_000_018.mp4,75,1.251250,32,sports ball,0.395996,692.932,436.035,736.996,479.705,714.964,457.870,44.064,43.670
identical_balls_trick_000_018.mp4,75,1.251250,32,sports ball,0.373051,539.626,425.605,585.168,471.836,562.397,448.720,45.542,46.230
identical_balls_trick_000_018.mp4,76,1.267933,32,sports ball,0.580536,539.619,399.518,585.199,445.474,562.409,422.496,45.581,45.956
identical_balls_trick_000_018.mp4,76,1.267933,32,sports ball,0.393416,670.841,341.254,714.416,385.885,692.628,363.569,43.575,44.631
identical_balls_trick_000_018.mp4,76,1.267933,32,sports ball,0.316391,660.747,432.779,707.635,477.061,684.191,454.920,46.887,44.281
identical_balls_trick_000_018.mp4,77,1.284617,32,sports ball,0.871011,538.706,372.468,584.440,419.382,561.573,395.925,45.735,46.914
identical_balls_trick_000_018.mp4,77,1.284617,32,sports ball,0.822590,628.875,430.223,676.490,475.273,652.683,452.748,47.615,45.050
identical_balls_trick_000_018.mp4,77,1.284617,32,sports ball,0.607436,669.916,361.026,713.684,406.246,691.800,383.636,43.768,45.220
identical_balls_trick_000_018.mp4,78,1.301300,32,sports ball,0.800587,537.824,349.459,583.811,396.011,560.818,372.735,45.987,46.551
identical_balls_trick_000_018.mp4,78,1.301300,32,sports ball,0.793558,598.153,430.636,645.232,475.035,621.692,452.836,47.079,44.399
identical_balls_trick_000_018.mp4,78,1.301300,32,sports ball,0.541768,668.531,383.808,712.738,427.439,690.635,405.623,44.207,43.632
identical_balls_trick_000_018.mp4,79,1.317983,32,sports ball,0.848089,537.163,327.975,583.016,374.847,560.089,351.411,45.853,46.872
identical_balls_trick_000_018.mp4,79,1.317983,32,sports ball,0.800994,667.601,407.174,711.544,451.082,689.573,429.128,43.943,43.908
identical_balls_trick_000_018.mp4,79,1.317983,32,sports ball,0.600185,566.544,432.227,614.187,476.248,590.365,454.237,47.642,44.021
identical_balls_trick_000_018.mp4,80,1.334667,32,sports ball,0.788649,536.325,307.628,581.635,354.738,558.980,331.183,45.310,47.110
identical_balls_trick_000_018.mp4,80,1.334667,32,sports ball,0.292333,666.809,432.575,710.752,476.559,688.781,454.567,43.943,43.984
identical_balls_trick_000_018.mp4,81,1.351350,32,sports ball,0.531228,536.572,289.715,580.865,336.731,558.719,313.223,44.294,47.016
identical_balls_trick_000_018.mp4,81,1.351350,32,sports ball,0.263789,665.526,458.776,709.311,504.496,687.419,481.636,43.786,45.720
identical_balls_trick_000_018.mp4,82,1.368033,32,sports ball,0.264476,534.406,272.876,579.524,318.707,556.965,295.792,45.118,45.830
identical_balls_trick_000_018.mp4,83,1.384717,32,sports ball,0.508617,532.857,257.968,578.320,303.841,555.588,280.904,45.464,45.872
identical_balls_trick_000_018.mp4,84,1.401400,32,sports ball,0.528015,532.182,245.018,576.767,289.212,554.475,267.115,44.584,44.195
identical_balls_trick_000_018.mp4,85,1.418083,32,sports ball,0.486346,530.481,232.570,575.821,278.300,553.151,255.435,45.340,45.730
identical_balls_trick_000_018.mp4,85,1.418083,32,sports ball,0.239026,445.287,443.130,485.200,488.528,465.244,465.829,39.913,45.398
identical_balls_trick_000_018.mp4,86,1.434767,32,sports ball,0.588481,430.937,448.606,468.652,491.273,449.794,469.939,37.716,42.666
identical_balls_trick_000_018.mp4,86,1.434767,32,sports ball,0.367336,673.382,557.706,713.390,599.094,693.386,578.400,40.008,41.388
identical_balls_trick_000_018.mp4,86,1.434767,32,sports ball,0.253108,529.353,223.231,574.112,268.132,551.733,245.682,44.760,44.900
identical_balls_trick_000_018.mp4,87,1.451450,32,sports ball,0.911282,412.958,453.707,453.187,495.670,433.072,474.689,40.229,41.963
identical_balls_trick_000_018.mp4,87,1.451450,32,sports ball,0.617620,674.028,573.256,714.556,614.598,694.292,593.927,40.529,41.342
identical_balls_trick_000_018.mp4,87,1.451450,32,sports ball,0.586572,527.977,214.227,573.065,259.945,550.521,237.086,45.089,45.717
identical_balls_trick_000_018.mp4,88,1.468133,32,sports ball,0.452303,398.614,459.951,437.816,500.227,418.215,480.089,39.202,40.277
identical_balls_trick_000_018.mp4,88,1.468133,32,sports ball,0.334947,677.771,585.611,716.975,627.877,697.373,606.744,39.203,42.266
identical_balls_trick_000_018.mp4,88,1.468133,32,sports ball,0.203512,526.107,207.746,570.793,253.288,548.450,230.517,44.685,45.542
identical_balls_trick_000_018.mp4,89,1.484817,32,sports ball,0.665594,387.203,465.460,431.914,506.807,409.558,486.133,44.711,41.347
identical_balls_trick_000_018.mp4,89,1.484817,32,sports ball,0.402427,523.523,202.795,569.610,248.950,546.567,225.873,46.087,46.154
identical_balls_trick_000_018.mp4,89,1.484817,32,sports ball,0.151870,681.147,593.456,721.540,636.566,701.343,615.011,40.392,43.111
identical_balls_trick_000_018.mp4,90,1.501500,32,sports ball,0.658683,380.214,470.073,425.911,511.258,403.062,490.665,45.696,41.185
identical_balls_trick_000_018.mp4,90,1.501500,32,sports ball,0.325459,685.390,597.760,724.909,640.977,705.149,619.368,39.519,43.217
identical_balls_trick_000_018.mp4,90,1.501500,32,sports ball,0.272686,522.170,199.961,568.518,245.806,545.344,222.883,46.348,45.845
identical_balls_trick_000_018.mp4,91,1.518183,32,sports ball,0.736057,376.708,472.533,421.484,513.945,399.096,493.239,44.776,41.412
identical_balls_trick_000_018.mp4,91,1.518183,32,sports ball,0.680423,521.189,198.302,567.084,244.557,544.137,221.430,45.895,46.255
identical_balls_trick_000_018.mp4,91,1.518183,32,sports ball,0.479954,689.402,596.663,729.252,641.069,709.327,618.866,39.850,44.406
identical_balls_trick_000_018.mp4,92,1.534867,32,sports ball,0.623618,520.009,199.467,565.515,245.619,542.762,222.543,45.505,46.153
identical_balls_trick_000_018.mp4,92,1.534867,32,sports ball,0.534655,376.886,473.910,421.976,515.580,399.431,494.745,45.090,41.670
identical_balls_trick_000_018.mp4,92,1.534867,32,sports ball,0.278403,691.484,592.814,731.707,635.661,711.596,614.237,40.223,42.847
identical_balls_trick_000_018.mp4,93,1.551550,32,sports ball,0.623650,518.658,201.923,564.581,248.162,541.619,225.043,45.923,46.239
identical_balls_trick_000_018.mp4,93,1.551550,32,sports ball,0.601423,692.600,582.916,734.528,626.967,713.564,604.941,41.928,44.051
identical_balls_trick_000_018.mp4,93,1.551550,32,sports ball,0.467129,379.517,473.348,424.922,514.832,402.219,494.090,45.405,41.484
identical_balls_trick_000_018.mp4,94,1.568233,32,sports ball,0.681052,385.947,469.808,432.170,511.714,409.058,490.761,46.222,41.906
identical_balls_trick_000_018.mp4,94,1.568233,32,sports ball,0.501186,695.192,569.786,736.287,613.326,715.739,591.556,41.095,43.540
identical_balls_trick_000_018.mp4,94,1.568233,32,sports ball,0.454618,517.261,206.057,564.318,252.166,540.789,229.112,47.057,46.109
identical_balls_trick_000_018.mp4,95,1.584917,32,sports ball,0.823156,397.470,464.787,443.160,507.477,420.315,486.132,45.690,42.690
identical_balls_trick_000_018.mp4,95,1.584917,32,sports ball,0.614675,695.997,551.209,738.621,593.241,717.309,572.225,42.624,42.032
identical_balls_trick_000_018.mp4,95,1.584917,32,sports ball,0.568327,515.907,212.089,560.617,258.938,538.262,235.514,44.710,46.849
identical_balls_trick_000_018.mp4,96,1.601600,32,sports ball,0.733463,413.085,458.426,458.674,500.362,435.879,479.394,45.590,41.936
identical_balls_trick_000_018.mp4,96,1.601600,32,sports ball,0.654749,515.078,220.131,560.144,266.695,537.611,243.413,45.065,46.565
identical_balls_trick_000_018.mp4,96,1.601600,32,sports ball,0.410241,697.220,527.846,740.855,566.909,719.038,547.378,43.635,39.063
identical_balls_trick_000_018.mp4,97,1.618283,32,sports ball,0.687425,432.810,447.349,480.083,490.707,456.447,469.028,47.273,43.357
identical_balls_trick_000_018.mp4,97,1.618283,32,sports ball,0.382889,513.582,230.393,559.566,276.577,536.574,253.485,45.984,46.183
identical_balls_trick_000_018.mp4,97,1.618283,32,sports ball,0.284118,698.860,499.763,744.195,542.995,721.528,521.379,45.335,43.232
identical_balls_trick_000_018.mp4,98,1.634967,32,sports ball,0.414127,513.092,242.091,557.626,288.391,535.359,265.241,44.534,46.300
identical_balls_trick_000_018.mp4,98,1.634967,32,sports ball,0.335469,699.617,470.075,746.661,511.412,723.139,490.743,47.044,41.337
identical_balls_trick_000_018.mp4,99,1.651650,32,sports ball,0.246488,512.275,256.502,556.085,302.612,534.180,279.557,43.810,46.111
identical_balls_trick_000_018.mp4,101,1.685017,32,sports ball,0.494479,510.350,289.125,554.705,335.816,532.528,312.471,44.355,46.690
identical_balls_trick_000_018.mp4,102,1.701700,32,sports ball,0.643920,509.458,308.489,554.560,355.252,532.009,331.870,45.102,46.763
identical_balls_trick_000_018.mp4,102,1.701700,32,sports ball,0.565602,706.234,359.877,751.400,406.224,728.817,383.050,45.166,46.347
identical_balls_trick_000_018.mp4,102,1.701700,32,sports ball,0.382614,568.619,405.448,615.480,451.267,592.049,428.358,46.861,45.819
identical_balls_trick_000_018.mp4,103,1.718383,32,sports ball,0.798633,707.397,336.526,753.390,382.839,730.393,359.683,45.993,46.313
identical_balls_trick_000_018.mp4,103,1.718383,32,sports ball,0.738103,594.933,401.412,642.976,446.559,618.955,423.986,48.043,45.147
identical_balls_trick_000_018.mp4,103,1.718383,32,sports ball,0.699816,507.459,329.076,554.079,376.860,530.769,352.968,46.620,47.784
identical_balls_trick_000_018.mp4,104,1.735067,32,sports ball,0.797905,708.658,314.342,755.332,360.476,731.995,337.409,46.674,46.134
identical_balls_trick_000_018.mp4,104,1.735067,32,sports ball,0.652958,507.442,352.483,553.511,399.719,530.476,376.101,46.069,47.237
identical_balls_trick_000_018.mp4,104,1.735067,32,sports ball,0.526297,624.461,399.365,671.423,444.255,647.942,421.810,46.962,44.890
identical_balls_trick_000_018.mp4,105,1.751750,32,sports ball,0.622319,506.006,377.049,552.788,425.401,529.397,401.225,46.782,48.352
identical_balls_trick_000_018.mp4,105,1.751750,32,sports ball,0.597107,710.422,294.048,756.745,338.960,733.583,316.504,46.323,44.912
identical_balls_trick_000_018.mp4,105,1.751750,32,sports ball,0.450322,652.933,399.597,698.547,444.024,675.740,421.810,45.613,44.427
identical_balls_trick_000_018.mp4,106,1.768433,32,sports ball,0.680502,505.827,403.064,552.532,450.915,529.180,426.990,46.705,47.851
identical_balls_trick_000_018.mp4,106,1.768433,32,sports ball,0.467936,712.401,276.051,757.571,320.711,734.986,298.381,45.170,44.660
identical_balls_trick_000_018.mp4,106,1.768433,32,sports ball,0.359451,681.041,400.800,727.031,444.925,704.036,422.863,45.990,44.125
identical_balls_trick_000_018.mp4,107,1.785117,32,sports ball,0.459809,713.320,258.382,759.542,304.416,736.431,281.399,46.222,46.035
identical_balls_trick_000_018.mp4,107,1.785117,32,sports ball,0.268067,710.878,403.284,755.888,448.296,733.383,425.790,45.010,45.012
identical_balls_trick_000_018.mp4,107,1.785117,32,sports ball,0.212696,505.635,432.567,551.278,479.551,528.456,456.059,45.643,46.984
identical_balls_trick_000_018.mp4,108,1.801800,32,sports ball,0.162981,505.675,462.657,551.052,507.266,528.364,484.962,45.376,44.608
identical_balls_trick_000_018.mp4,109,1.818483,32,sports ball,0.384812,715.354,230.972,762.369,276.457,738.862,253.714,47.015,45.485
identical_balls_trick_000_018.mp4,109,1.818483,32,sports ball,0.243119,504.888,485.651,549.780,529.936,527.334,507.793,44.892,44.284
identical_balls_trick_000_018.mp4,110,1.835167,32,sports ball,0.510461,717.846,219.041,763.557,264.746,740.702,241.894,45.711,45.705
identical_balls_trick_000_018.mp4,110,1.835167,32,sports ball,0.222035,504.351,503.521,549.294,546.388,526.822,524.955,44.944,42.867
identical_balls_trick_000_018.mp4,110,1.835167,32,sports ball,0.153817,717.499,218.813,763.904,264.984,740.702,241.899,46.406,46.171
identical_balls_trick_000_018.mp4,111,1.851850,32,sports ball,0.394089,503.317,521.641,547.158,558.028,525.237,539.835,43.841,36.387
identical_balls_trick_000_018.mp4,111,1.851850,32,sports ball,0.196573,719.227,209.085,765.234,256.479,742.230,232.782,46.007,47.394
identical_balls_trick_000_018.mp4,112,1.868533,32,sports ball,0.527249,720.955,201.666,767.693,248.541,744.324,225.103,46.737,46.875
identical_balls_trick_000_018.mp4,112,1.868533,32,sports ball,0.409268,805.942,431.508,842.113,475.521,824.028,453.514,36.171,44.013
identical_balls_trick_000_018.mp4,112,1.868533,32,sports ball,0.222577,504.976,535.489,545.616,569.402,525.296,552.446,40.640,33.912
identical_balls_trick_000_018.mp4,113,1.885217,32,sports ball,0.574033,722.473,194.946,768.212,241.641,745.342,218.293,45.739,46.695
identical_balls_trick_000_018.mp4,113,1.885217,32,sports ball,0.516838,819.577,437.324,860.675,479.938,840.126,458.631,41.097,42.614
identical_balls_trick_000_018.mp4,113,1.885217,32,sports ball,0.363868,505.264,552.203,546.729,581.915,525.997,567.059,41.465,29.711
identical_balls_trick_000_018.mp4,114,1.901900,32,sports ball,0.593964,723.878,192.154,769.650,238.426,746.764,215.290,45.773,46.272
identical_balls_trick_000_018.mp4,114,1.901900,32,sports ball,0.430877,511.660,568.041,554.029,601.450,532.845,584.745,42.369,33.409
identical_balls_trick_000_018.mp4,115,1.918583,32,sports ball,0.636941,519.429,577.605,563.698,616.499,541.563,597.052,44.269,38.894
identical_balls_trick_000_018.mp4,115,1.918583,32,sports ball,0.245453,842.353,451.321,886.963,492.950,864.658,472.136,44.610,41.628
identical_balls_trick_000_018.mp4,115,1.918583,32,sports ball,0.219900,724.973,189.330,771.177,236.112,748.075,212.721,46.205,46.782
identical_balls_trick_000_018.mp4,116,1.935267,32,sports ball,0.679407,848.863,457.925,894.525,498.010,871.694,477.968,45.661,40.085
identical_balls_trick_000_018.mp4,116,1.935267,32,sports ball,0.248900,726.253,189.006,772.922,236.051,749.588,212.529,46.669,47.045
identical_balls_trick_000_018.mp4,116,1.935267,32,sports ball,0.203645,526.919,586.721,570.517,626.967,548.718,606.844,43.598,40.246
identical_balls_trick_000_018.mp4,117,1.951950,32,sports ball,0.457047,850.710,460.655,896.505,504.389,873.607,482.522,45.795,43.734
identical_balls_trick_000_018.mp4,117,1.951950,32,sports ball,0.426753,728.354,191.276,774.625,237.495,751.490,214.385,46.271,46.219
identical_balls_trick_000_018.mp4,117,1.951950,32,sports ball,0.398800,532.820,590.644,577.639,632.948,555.230,611.796,44.819,42.304
identical_balls_trick_000_018.mp4,118,1.968633,32,sports ball,0.592478,729.514,193.966,775.912,240.703,752.713,217.334,46.398,46.737
identical_balls_trick_000_018.mp4,118,1.968633,32,sports ball,0.562964,849.596,460.188,895.812,503.741,872.704,481.964,46.216,43.553
identical_balls_trick_000_018.mp4,118,1.968633,32,sports ball,0.322072,540.045,589.415,585.159,631.002,562.602,610.209,45.114,41.587
identical_balls_trick_000_018.mp4,119,1.985317,32,sports ball,0.726858,845.253,456.517,890.241,499.163,867.747,477.840,44.988,42.646
identical_balls_trick_000_018.mp4,119,1.985317,32,sports ball,0.383969,546.211,582.706,590.785,623.780,568.498,603.243,44.574,41.074
identical_balls_trick_000_018.mp4,119,1.985317,32,sports ball,0.300216,730.533,199.855,777.838,246.520,754.185,223.188,47.304,46.665
identical_balls_trick_000_018.mp4,119,1.985317,32,sports ball,0.154505,730.495,199.762,778.179,246.331,754.337,223.047,47.684,46.569
identical_balls_trick_000_018.mp4,120,2.002000,32,sports ball,0.581109,836.929,449.490,882.506,492.754,859.717,471.122,45.576,43.264
identical_balls_trick_000_018.mp4,120,2.002000,32,sports ball,0.508039,732.419,207.709,779.370,254.043,755.894,230.876,46.951,46.334
identical_balls_trick_000_018.mp4,120,2.002000,32,sports ball,0.314371,551.409,570.651,596.269,610.192,573.839,590.422,44.859,39.541
identical_balls_trick_000_018.mp4,121,2.018683,32,sports ball,0.565170,733.459,216.500,780.785,262.921,757.122,239.711,47.325,46.421
identical_balls_trick_000_018.mp4,121,2.018683,32,sports ball,0.562545,825.407,440.809,869.167,484.528,847.287,462.669,43.760,43.719
identical_balls_trick_000_018.mp4,121,2.018683,32,sports ball,0.384705,554.625,553.538,600.030,594.089,577.327,573.814,45.405,40.552
identical_balls_trick_000_018.mp4,121,2.018683,32,sports ball,0.382236,733.522,216.368,781.007,263.056,757.264,239.712,47.486,46.689
identical_balls_trick_000_018.mp4,122,2.035367,32,sports ball,0.411998,735.839,227.247,782.450,273.744,759.145,250.496,46.611,46.497
identical_balls_trick_000_018.mp4,122,2.035367,32,sports ball,0.292366,808.892,431.697,851.819,474.121,830.356,452.909,42.927,42.424
identical_balls_trick_000_018.mp4,122,2.035367,32,sports ball,0.202781,556.461,531.646,602.718,572.659,579.589,552.152,46.258,41.013
identical_balls_trick_000_018.mp4,123,2.052050,32,sports ball,0.556505,737.081,240.878,783.552,287.765,760.317,264.322,46.472,46.887
identical_balls_trick_000_018.mp4,123,2.052050,32,sports ball,0.336724,737.208,240.689,783.646,287.346,760.427,264.018,46.439,46.656
identical_balls_trick_000_018.mp4,123,2.052050,32,sports ball,0.291877,787.220,423.522,828.094,465.262,807.657,444.392,40.874,41.740
identical_balls_trick_000_018.mp4,124,2.068733,32,sports ball,0.362293,763.206,415.969,800.977,459.930,782.091,437.950,37.771,43.961
identical_balls_trick_000_018.mp4,124,2.068733,32,sports ball,0.314148,556.552,473.907,602.978,514.043,579.765,493.975,46.426,40.136
identical_balls_trick_000_018.mp4,124,2.068733,32,sports ball,0.298496,738.808,256.065,784.451,302.655,761.630,279.360,45.642,46.589
identical_balls_trick_000_018.mp4,125,2.085417,32,sports ball,0.215275,554.133,441.431,601.432,479.349,577.782,460.390,47.299,37.917
identical_balls_trick_000_018.mp4,125,2.085417,32,sports ball,0.212258,736.446,410.440,774.716,455.037,755.581,432.739,38.270,44.597
identical_balls_trick_000_018.mp4,125,2.085417,32,sports ball,0.192764,740.602,272.695,786.584,319.445,763.593,296.070,45.982,46.750
identical_balls_trick_000_018.mp4,126,2.102100,32,sports ball,0.355092,709.873,405.569,755.563,451.520,732.718,428.544,45.690,45.951
identical_balls_trick_000_018.mp4,126,2.102100,32,sports ball,0.330454,741.985,291.159,787.895,337.355,764.940,314.257,45.910,46.196
identical_balls_trick_000_018.mp4,126,2.102100,32,sports ball,0.164575,552.989,410.806,599.125,450.539,576.057,430.673,46.135,39.733
identical_balls_trick_000_018.mp4,127,2.118783,32,sports ball,0.795604,682.425,404.071,729.399,450.257,705.912,427.164,46.974,46.186
identical_balls_trick_000_018.mp4,127,2.118783,32,sports ball,0.788767,552.260,382.620,597.725,427.487,574.993,405.053,45.465,44.867
identical_balls_trick_000_018.mp4,127,2.118783,32,sports ball,0.555707,743.596,312.709,789.553,358.151,766.574,335.430,45.957,45.442
identical_balls_trick_000_018.mp4,128,2.135467,32,sports ball,0.797914,657.577,403.704,704.809,450.413,681.193,427.059,47.233,46.709
identical_balls_trick_000_018.mp4,128,2.135467,32,sports ball,0.382850,550.208,353.853,595.839,403.373,573.023,378.613,45.630,49.520
identical_balls_trick_000_018.mp4,128,2.135467,32,sports ball,0.181364,745.014,335.611,790.708,380.773,767.861,358.192,45.694,45.162
identical_balls_trick_000_018.mp4,129,2.152150,32,sports ball,0.878929,629.450,405.243,678.543,452.438,653.996,428.841,49.093,47.195
identical_balls_trick_000_018.mp4,129,2.152150,32,sports ball,0.850070,547.712,329.011,593.868,376.789,570.790,352.900,46.156,47.777
identical_balls_trick_000_018.mp4,129,2.152150,32,sports ball,0.751982,745.499,359.162,792.091,404.495,768.795,381.828,46.591,45.333
identical_balls_trick_000_018.mp4,130,2.168833,32,sports ball,0.846298,546.854,305.723,592.225,352.820,569.539,329.272,45.371,47.098
identical_balls_trick_000_018.mp4,130,2.168833,32,sports ball,0.790886,603.627,408.704,651.393,454.796,627.510,431.750,47.765,46.092
identical_balls_trick_000_018.mp4,130,2.168833,32,sports ball,0.643588,747.866,385.113,793.848,431.369,770.857,408.241,45.981,46.256
identical_balls_trick_000_018.mp4,131,2.185517,32,sports ball,0.798975,545.267,283.574,590.735,331.546,568.001,307.560,45.468,47.972
identical_balls_trick_000_018.mp4,131,2.185517,32,sports ball,0.734137,577.092,413.216,625.944,460.212,601.518,436.714,48.852,46.996
identical_balls_trick_000_018.mp4,131,2.185517,32,sports ball,0.458368,749.835,413.908,794.774,459.868,772.305,436.888,44.940,45.960
identical_balls_trick_000_018.mp4,132,2.202200,32,sports ball,0.336853,750.615,443.055,796.164,491.447,773.389,467.251,45.548,48.392
identical_balls_trick_000_018.mp4,133,2.218883,32,sports ball,0.641925,750.947,473.012,796.429,520.610,773.688,496.811,45.482,47.598
identical_balls_trick_000_018.mp4,133,2.218883,32,sports ball,0.581697,540.801,245.259,586.695,290.396,563.748,267.827,45.894,45.137
identical_balls_trick_000_018.mp4,133,2.218883,32,sports ball,0.335103,530.057,424.593,579.440,469.791,554.749,447.192,49.382,45.198
identical_balls_trick_000_018.mp4,134,2.235567,32,sports ball,0.236365,538.698,226.572,584.276,273.180,561.487,249.876,45.578,46.608
identical_balls_trick_000_018.mp4,135,2.252250,32,sports ball,0.388478,747.573,515.050,794.455,561.369,771.014,538.209,46.883,46.319
identical_balls_trick_000_018.mp4,135,2.252250,32,sports ball,0.309557,536.729,212.005,582.223,257.669,559.476,234.837,45.493,45.664
identical_balls_trick_000_018.mp4,136,2.268933,32,sports ball,0.748036,534.623,197.467,580.200,243.807,557.411,220.637,45.578,46.340
identical_balls_trick_000_018.mp4,136,2.268933,32,sports ball,0.388465,508.634,442.485,554.843,487.684,531.738,465.085,46.209,45.200
identical_balls_trick_000_018.mp4,136,2.268933,32,sports ball,0.227275,753.270,532.777,796.642,580.618,774.956,556.698,43.372,47.842
identical_balls_trick_000_018.mp4,137,2.285617,32,sports ball,0.268133,531.807,186.448,577.156,232.916,554.482,209.682,45.349,46.468
identical_balls_trick_000_018.mp4,137,2.285617,32,sports ball,0.230567,501.325,457.878,551.184,503.890,526.255,480.884,49.859,46.012
identical_balls_trick_000_018.mp4,138,2.302300,32,sports ball,0.777765,530.183,176.427,575.782,222.957,552.982,199.692,45.598,46.530
identical_balls_trick_000_018.mp4,138,2.302300,32,sports ball,0.178659,500.591,477.593,547.940,528.127,524.266,502.860,47.349,50.534
identical_balls_trick_000_018.mp4,139,2.318983,32,sports ball,0.725338,528.442,167.937,572.610,214.947,550.526,191.442,44.168,47.010
identical_balls_trick_000_018.mp4,139,2.318983,32,sports ball,0.344650,508.265,498.651,547.799,533.377,528.032,516.014,39.534,34.727
identical_balls_trick_000_018.mp4,139,2.318983,32,sports ball,0.181491,763.779,575.938,805.015,618.275,784.397,597.106,41.236,42.337
identical_balls_trick_000_018.mp4,140,2.335667,32,sports ball,0.666155,506.859,521.367,549.137,555.257,527.998,538.312,42.278,33.890
identical_balls_trick_000_018.mp4,140,2.335667,32,sports ball,0.631452,525.578,161.214,570.620,208.291,548.099,184.753,45.042,47.077
identical_balls_trick_000_018.mp4,140,2.335667,32,sports ball,0.578038,764.830,584.324,808.173,625.812,786.501,605.068,43.343,41.488
identical_balls_trick_000_018.mp4,141,2.352350,32,sports ball,0.528850,522.366,156.423,569.765,204.380,546.066,180.402,47.399,47.957
identical_balls_trick_000_018.mp4,141,2.352350,32,sports ball,0.452002,507.515,540.511,553.287,582.571,530.401,561.541,45.772,42.060
identical_balls_trick_000_018.mp4,141,2.352350,32,sports ball,0.388758,522.605,156.104,570.026,204.142,546.315,180.123,47.421,48.038
identical_balls_trick_000_018.mp4,141,2.352350,32,sports ball,0.365500,765.580,589.912,811.270,634.886,788.425,612.399,45.691,44.974
identical_balls_trick_000_018.mp4,142,2.369033,32,sports ball,0.691889,520.869,153.809,567.130,201.796,544.000,177.803,46.261,47.987
identical_balls_trick_000_018.mp4,142,2.369033,32,sports ball,0.486342,512.739,557.144,559.212,597.987,535.976,577.566,46.473,40.843
identical_balls_trick_000_018.mp4,142,2.369033,32,sports ball,0.407971,767.767,593.001,812.804,636.336,790.286,614.669,45.036,43.335
identical_balls_trick_000_018.mp4,143,2.385717,32,sports ball,0.654679,518.875,152.857,564.879,200.707,541.877,176.782,46.003,47.851
identical_balls_trick_000_018.mp4,143,2.385717,32,sports ball,0.619523,768.338,592.098,815.071,634.872,791.704,613.485,46.733,42.775
identical_balls_trick_000_018.mp4,143,2.385717,32,sports ball,0.370270,520.965,567.546,567.137,610.125,544.051,588.835,46.172,42.579
identical_balls_trick_000_018.mp4,144,2.402400,32,sports ball,0.568650,516.566,153.991,562.623,201.562,539.594,177.776,46.057,47.571
identical_balls_trick_000_018.mp4,144,2.402400,32,sports ball,0.522689,769.441,587.472,815.452,631.261,792.446,609.367,46.011,43.789
identical_balls_trick_000_018.mp4,144,2.402400,32,sports ball,0.443265,529.585,573.646,575.100,617.438,552.342,595.542,45.516,43.792
identical_balls_trick_000_018.mp4,145,2.419083,32,sports ball,0.719416,536.952,572.813,583.484,617.192,560.218,595.003,46.532,44.379
identical_balls_trick_000_018.mp4,145,2.419083,32,sports ball,0.680572,768.718,580.949,815.575,624.401,792.146,602.675,46.857,43.451
identical_balls_trick_000_018.mp4,145,2.419083,32,sports ball,0.381116,514.130,156.756,560.961,204.824,537.546,180.790,46.831,48.068
identical_balls_trick_000_018.mp4,146,2.435767,32,sports ball,0.413839,767.608,571.868,814.226,612.956,790.917,592.412,46.617,41.088
identical_balls_trick_000_018.mp4,146,2.435767,32,sports ball,0.348110,544.702,567.552,590.455,609.201,567.578,588.377,45.753,41.649
identical_balls_trick_000_018.mp4,146,2.435767,32,sports ball,0.291023,511.579,161.648,558.932,209.161,535.256,185.404,47.354,47.513
identical_balls_trick_000_018.mp4,147,2.452450,32,sports ball,0.525464,550.103,554.839,596.447,597.310,573.275,576.075,46.345,42.471
identical_balls_trick_000_018.mp4,147,2.452450,32,sports ball,0.344644,509.755,168.701,556.168,216.576,532.961,192.638,46.412,47.875
identical_balls_trick_000_018.mp4,147,2.452450,32,sports ball,0.204762,764.994,560.065,811.927,601.556,788.460,580.810,46.933,41.491
identical_balls_trick_000_018.mp4,148,2.469133,32,sports ball,0.530837,554.094,537.669,601.329,578.896,577.711,558.282,47.235,41.227
identical_balls_trick_000_018.mp4,148,2.469133,32,sports ball,0.298531,507.494,177.224,554.525,224.651,531.009,200.937,47.031,47.427
identical_balls_trick_000_018.mp4,148,2.469133,32,sports ball,0.191334,761.062,544.447,808.791,585.055,784.926,564.751,47.729,40.608
identical_balls_trick_000_018.mp4,149,2.485817,32,sports ball,0.537014,556.263,513.645,604.604,554.112,580.433,533.879,48.341,40.467
identical_balls_trick_000_018.mp4,149,2.485817,32,sports ball,0.385034,754.710,528.758,802.914,566.079,778.812,547.418,48.204,37.321
identical_balls_trick_000_018.mp4,149,2.485817,32,sports ball,0.338197,505.605,187.623,552.256,235.557,528.931,211.590,46.651,47.934
identical_balls_trick_000_018.mp4,149,2.485817,32,sports ball,0.282022,505.809,187.639,551.923,235.796,528.866,211.717,46.115,48.157
identical_balls_trick_000_018.mp4,150,2.502500,32,sports ball,0.620805,504.056,200.743,549.537,247.931,526.797,224.337,45.481,47.188
identical_balls_trick_000_018.mp4,150,2.502500,32,sports ball,0.275915,559.406,482.840,606.928,523.883,583.167,503.362,47.522,41.044
identical_balls_trick_000_018.mp4,151,2.519183,32,sports ball,0.418730,500.456,215.476,548.016,262.560,524.236,239.018,47.560,47.083
identical_balls_trick_000_018.mp4,152,2.535867,32,sports ball,0.164677,500.058,232.312,545.851,279.823,522.955,256.068,45.794,47.511
identical_balls_trick_000_018.mp4,153,2.552550,32,sports ball,0.321776,713.964,446.778,759.821,491.939,736.893,469.358,45.857,45.161
identical_balls_trick_000_018.mp4,153,2.552550,32,sports ball,0.321534,559.798,379.408,607.365,426.821,583.582,403.114,47.567,47.413
identical_balls_trick_000_018.mp4,155,2.585917,32,sports ball,0.723680,560.255,318.529,608.126,368.431,584.190,343.480,47.872,49.902
identical_balls_trick_000_018.mp4,155,2.585917,32,sports ball,0.193444,685.967,411.953,733.391,459.550,709.679,435.752,47.424,47.597
identical_balls_trick_000_018.mp4,155,2.585917,32,sports ball,0.189998,493.208,292.516,539.251,339.090,516.230,315.803,46.043,46.574
identical_balls_trick_000_018.mp4,156,2.602600,32,sports ball,0.553918,561.089,289.449,608.227,340.421,584.658,314.935,47.138,50.972
identical_balls_trick_000_018.mp4,156,2.602600,32,sports ball,0.536588,492.197,316.859,538.203,364.072,515.200,340.466,46.006,47.213
identical_balls_trick_000_018.mp4,156,2.602600,32,sports ball,0.365841,672.806,397.670,719.960,444.800,696.383,421.235,47.153,47.130
identical_balls_trick_000_018.mp4,157,2.619283,32,sports ball,0.561120,562.076,264.008,608.624,313.122,585.350,288.565,46.549,49.113
identical_balls_trick_000_018.mp4,157,2.619283,32,sports ball,0.307696,489.460,342.956,536.937,390.005,513.199,366.481,47.477,47.049
identical_balls_trick_000_018.mp4,158,2.635967,32,sports ball,0.579445,562.088,239.944,609.153,288.784,585.621,264.364,47.065,48.840
identical_balls_trick_000_018.mp4,158,2.635967,32,sports ball,0.449097,488.810,369.757,534.292,417.881,511.551,393.819,45.482,48.123
identical_balls_trick_000_018.mp4,159,2.652650,32,sports ball,0.379437,487.269,400.665,532.229,448.005,509.749,424.335,44.961,47.340
identical_balls_trick_000_018.mp4,159,2.652650,32,sports ball,0.323257,631.609,365.726,678.976,413.289,655.293,389.507,47.367,47.563
identical_balls_trick_000_018.mp4,160,2.669333,32,sports ball,0.437958,616.237,358.269,664.736,406.477,640.487,382.373,48.499,48.208
identical_balls_trick_000_018.mp4,160,2.669333,32,sports ball,0.400901,561.660,194.599,609.815,242.193,585.738,218.396,48.155,47.594
identical_balls_trick_000_018.mp4,160,2.669333,32,sports ball,0.273756,485.943,432.341,532.199,479.491,509.071,455.916,46.257,47.150
identical_balls_trick_000_018.mp4,162,2.702700,32,sports ball,0.219206,562.195,156.542,609.492,207.018,585.843,181.780,47.298,50.476
identical_balls_trick_000_018.mp4,162,2.702700,32,sports ball,0.213169,585.830,350.779,636.598,397.445,611.214,374.112,50.768,46.666
identical_balls_trick_000_018.mp4,163,2.719383,32,sports ball,0.151586,562.481,141.353,609.443,190.905,585.962,166.129,46.962,49.552
identical_balls_trick_000_018.mp4,164,2.736067,32,sports ball,0.312411,562.716,128.221,609.625,176.002,586.171,152.111,46.909,47.781
identical_balls_trick_000_018.mp4,164,2.736067,32,sports ball,0.307370,562.467,128.108,609.815,176.258,586.141,152.183,47.349,48.150
identical_balls_trick_000_018.mp4,164,2.736067,32,sports ball,0.176012,568.686,351.352,619.819,398.564,594.252,374.958,51.133,47.212
identical_balls_trick_000_018.mp4,165,2.752750,32,sports ball,0.707132,563.196,114.400,610.188,164.162,586.692,139.281,46.992,49.761
identical_balls_trick_000_018.mp4,165,2.752750,32,sports ball,0.187965,564.359,350.821,616.298,398.895,590.328,374.858,51.939,48.074
identical_balls_trick_000_018.mp4,165,2.752750,32,sports ball,0.184036,564.095,351.217,616.441,398.745,590.268,374.981,52.347,47.528
identical_balls_trick_000_018.mp4,165,2.752750,32,sports ball,0.176425,563.229,114.766,609.973,164.193,586.601,139.480,46.744,49.426
identical_balls_trick_000_018.mp4,166,2.769433,32,sports ball,0.606011,562.952,105.019,610.312,154.899,586.632,129.959,47.360,49.880
identical_balls_trick_000_018.mp4,166,2.769433,32,sports ball,0.356806,560.724,351.495,612.194,398.774,586.459,375.134,51.470,47.280
identical_balls_trick_000_018.mp4,166,2.769433,32,sports ball,0.217140,563.107,105.289,610.179,154.810,586.643,130.050,47.072,49.520
identical_balls_trick_000_018.mp4,167,2.786117,32,sports ball,0.409091,563.314,96.918,610.230,146.782,586.772,121.850,46.916,49.865
identical_balls_trick_000_018.mp4,167,2.786117,32,sports ball,0.174978,558.641,350.687,609.945,398.893,584.293,374.790,51.304,48.207
identical_balls_trick_000_018.mp4,168,2.802800,32,sports ball,0.688809,563.571,90.057,610.770,140.914,587.171,115.486,47.200,50.857
identical_balls_trick_000_018.mp4,168,2.802800,32,sports ball,0.214453,557.646,349.861,608.762,399.130,583.204,374.495,51.116,49.268
identical_balls_trick_000_018.mp4,169,2.819483,32,sports ball,0.606485,563.372,86.626,611.056,136.884,587.214,111.755,47.684,50.258
identical_balls_trick_000_018.mp4,170,2.836167,32,sports ball,0.612884,563.827,83.654,611.165,134.080,587.496,108.867,47.338,50.426
identical_balls_trick_000_018.mp4,170,2.836167,32,sports ball,0.297317,452.066,552.591,497.126,598.140,474.596,575.366,45.060,45.548
identical_balls_trick_000_018.mp4,171,2.852850,32,sports ball,0.712087,564.170,83.147,611.539,134.119,587.854,108.633,47.369,50.972
identical_balls_trick_000_018.mp4,171,2.852850,32,sports ball,0.159950,447.038,547.606,494.101,592.544,470.569,570.075,47.064,44.937
identical_balls_trick_000_018.mp4,172,2.869533,32,sports ball,0.671149,564.205,85.201,612.097,136.180,588.151,110.691,47.891,50.979
identical_balls_trick_000_018.mp4,172,2.869533,32,sports ball,0.156537,568.620,343.200,619.356,388.449,593.988,365.825,50.736,45.249
identical_balls_trick_000_018.mp4,173,2.886217,32,sports ball,0.866066,564.611,88.798,611.936,139.782,588.273,114.290,47.325,50.984
identical_balls_trick_000_018.mp4,173,2.886217,32,sports ball,0.522210,574.981,342.233,623.063,389.071,599.022,365.652,48.082,46.839
identical_balls_trick_000_018.mp4,173,2.886217,32,sports ball,0.457606,438.007,523.274,483.498,567.305,460.752,545.289,45.491,44.031
identical_balls_trick_000_018.mp4,173,2.886217,32,sports ball,0.151586,574.300,341.905,623.072,389.325,598.686,365.615,48.771,47.420
identical_balls_trick_000_018.mp4,174,2.902900,32,sports ball,0.818947,564.726,95.494,612.329,145.204,588.528,120.349,47.603,49.709
identical_balls_trick_000_018.mp4,174,2.902900,32,sports ball,0.775809,579.485,342.875,627.247,390.588,603.366,366.731,47.762,47.714
identical_balls_trick_000_018.mp4,174,2.902900,32,sports ball,0.471025,433.096,502.935,479.223,545.711,456.159,524.323,46.127,42.776
identical_balls_trick_000_018.mp4,175,2.919583,32,sports ball,0.782694,583.218,345.071,630.753,392.869,606.986,368.970,47.535,47.798
identical_balls_trick_000_018.mp4,175,2.919583,32,sports ball,0.686517,565.296,102.971,613.017,153.395,589.157,128.183,47.721,50.424
identical_balls_trick_000_018.mp4,175,2.919583,32,sports ball,0.650895,427.800,475.108,473.798,517.923,450.799,496.515,45.998,42.815
identical_balls_trick_000_018.mp4,176,2.936267,32,sports ball,0.842968,565.582,112.810,613.120,162.536,589.351,137.673,47.538,49.726
identical_balls_trick_000_018.mp4,176,2.936267,32,sports ball,0.816790,585.986,348.908,635.173,398.359,610.580,373.634,49.187,49.451
identical_balls_trick_000_018.mp4,176,2.936267,32,sports ball,0.756021,425.390,442.486,472.185,485.046,448.787,463.766,46.795,42.560
identical_balls_trick_000_018.mp4,177,2.952950,32,sports ball,0.838224,425.070,407.503,471.882,447.886,448.476,427.694,46.811,40.383
identical_balls_trick_000_018.mp4,177,2.952950,32,sports ball,0.753708,590.810,355.686,639.053,403.902,614.931,379.794,48.243,48.216
identical_balls_trick_000_018.mp4,177,2.952950,32,sports ball,0.532781,565.445,124.078,613.950,174.771,589.698,149.424,48.504,50.693
identical_balls_trick_000_018.mp4,178,2.969633,32,sports ball,0.704646,425.253,372.629,472.347,417.219,448.800,394.924,47.094,44.590
identical_balls_trick_000_018.mp4,178,2.969633,32,sports ball,0.421160,594.094,363.679,641.432,412.602,617.763,388.140,47.338,48.923
identical_balls_trick_000_018.mp4,178,2.969633,32,sports ball,0.276314,566.502,138.622,613.875,188.278,590.189,163.450,47.374,49.656
identical_balls_trick_000_018.mp4,179,2.986317,32,sports ball,0.711033,425.252,340.067,472.529,385.759,448.891,362.913,47.277,45.692
identical_balls_trick_000_018.mp4,179,2.986317,32,sports ball,0.643103,567.112,154.559,614.204,204.421,590.658,179.490,47.092,49.861
identical_balls_trick_000_018.mp4,179,2.986317,32,sports ball,0.619900,597.144,374.405,645.706,422.496,621.425,398.450,48.562,48.091
identical_balls_trick_000_018.mp4,180,3.003000,32,sports ball,0.644723,601.156,385.390,648.548,433.408,624.852,409.399,47.391,48.018
identical_balls_trick_000_018.mp4,180,3.003000,32,sports ball,0.560659,425.516,309.170,471.882,355.217,448.699,332.193,46.367,46.047
identical_balls_trick_000_018.mp4,180,3.003000,32,sports ball,0.227480,566.173,173.403,615.693,222.400,590.933,197.901,49.521,48.997
identical_balls_trick_000_018.mp4,181,3.019683,32,sports ball,0.372896,604.957,399.473,651.245,446.507,628.101,422.990,46.288,47.034
identical_balls_trick_000_018.mp4,181,3.019683,32,sports ball,0.285795,567.129,192.091,615.946,242.251,591.538,217.171,48.817,50.160
identical_balls_trick_000_018.mp4,181,3.019683,32,sports ball,0.212644,425.725,280.067,471.958,325.864,448.841,302.965,46.233,45.797
identical_balls_trick_000_018.mp4,182,3.036367,32,sports ball,0.639744,426.760,252.028,471.922,299.176,449.341,275.602,45.162,47.148
identical_balls_trick_000_018.mp4,182,3.036367,32,sports ball,0.588063,567.605,215.148,615.826,262.728,591.716,238.938,48.221,47.581
identical_balls_trick_000_018.mp4,182,3.036367,32,sports ball,0.302923,426.588,251.860,472.099,299.377,449.343,275.618,45.511,47.518
identical_balls_trick_000_018.mp4,182,3.036367,32,sports ball,0.226012,608.958,413.972,655.237,461.626,632.097,437.799,46.279,47.654
identical_balls_trick_000_018.mp4,183,3.053050,32,sports ball,0.217057,567.472,237.993,616.165,288.333,591.819,263.163,48.694,50.340
identical_balls_trick_000_018.mp4,184,3.069733,32,sports ball,0.668204,568.602,264.938,617.285,313.198,592.944,289.068,48.684,48.261
identical_balls_trick_000_018.mp4,184,3.069733,32,sports ball,0.323697,428.295,202.217,474.318,249.417,451.306,225.817,46.023,47.200
identical_balls_trick_000_018.mp4,185,3.086417,32,sports ball,0.585755,568.786,293.136,617.421,342.403,593.103,317.770,48.635,49.267
identical_balls_trick_000_018.mp4,185,3.086417,32,sports ball,0.331766,430.347,179.181,475.252,227.038,452.799,203.109,44.905,47.856
identical_balls_trick_000_018.mp4,185,3.086417,32,sports ball,0.291380,617.558,468.241,664.681,516.218,641.119,492.230,47.123,47.977
identical_balls_trick_000_018.mp4,186,3.103100,32,sports ball,0.578810,621.703,489.459,667.971,536.769,644.837,513.114,46.268,47.310
identical_balls_trick_000_018.mp4,186,3.103100,32,sports ball,0.274199,569.068,321.426,617.254,372.106,593.161,346.766,48.187,50.680
identical_balls_trick_000_018.mp4,186,3.103100,32,sports ball,0.268620,429.582,159.119,476.510,206.877,453.046,182.998,46.928,47.758
identical_balls_trick_000_018.mp4,186,3.103100,32,sports ball,0.220129,429.138,158.981,476.920,206.830,453.029,182.905,47.782,47.849
identical_balls_trick_000_018.mp4,187,3.119783,32,sports ball,0.396904,431.424,139.485,477.991,187.692,454.707,163.589,46.568,48.208
identical_balls_trick_000_018.mp4,187,3.119783,32,sports ball,0.216979,625.506,512.194,671.724,559.849,648.615,536.021,46.218,47.654
identical_balls_trick_000_018.mp4,188,3.136467,32,sports ball,0.472664,432.069,121.952,479.488,171.518,455.778,146.735,47.419,49.566
identical_balls_trick_000_018.mp4,188,3.136467,32,sports ball,0.325813,628.826,537.765,675.503,585.383,652.164,561.574,46.678,47.617
identical_balls_trick_000_018.mp4,188,3.136467,32,sports ball,0.186104,571.296,384.535,619.302,435.836,595.299,410.186,48.006,51.301
identical_balls_trick_000_018.mp4,189,3.153150,32,sports ball,0.472456,432.557,106.467,480.055,155.254,456.306,130.860,47.498,48.787
identical_balls_trick_000_018.mp4,189,3.153150,32,sports ball,0.222802,577.588,411.393,626.477,461.295,602.033,436.344,48.889,49.902
identical_balls_trick_000_018.mp4,189,3.153150,32,sports ball,0.168832,634.129,554.614,679.916,600.623,657.022,577.619,45.786,46.009
identical_balls_trick_000_018.mp4,190,3.169833,32,sports ball,0.491909,433.997,92.526,481.357,141.775,457.677,117.151,47.360,49.249
identical_balls_trick_000_018.mp4,190,3.169833,32,sports ball,0.246335,586.498,437.765,635.151,487.395,610.825,462.580,48.653,49.630
identical_balls_trick_000_018.mp4,191,3.186517,32,sports ball,0.478750,634.210,576.019,680.265,619.716,657.238,597.867,46.054,43.697
identical_balls_trick_000_018.mp4,191,3.186517,32,sports ball,0.259445,435.358,81.008,482.407,130.796,458.883,105.902,47.048,49.788
identical_balls_trick_000_018.mp4,192,3.203200,32,sports ball,0.331916,612.711,489.093,660.281,539.099,636.496,514.096,47.570,50.006
identical_balls_trick_000_018.mp4,192,3.203200,32,sports ball,0.219381,436.455,70.793,484.098,121.202,460.276,95.997,47.644,50.409
identical_balls_trick_000_018.mp4,193,3.219883,32,sports ball,0.471049,626.282,507.108,672.538,556.580,649.410,531.844,46.256,49.472
identical_balls_trick_000_018.mp4,193,3.219883,32,sports ball,0.422448,437.139,63.141,485.303,112.641,461.221,87.891,48.164,49.500
identical_balls_trick_000_018.mp4,193,3.219883,32,sports ball,0.332147,621.432,594.357,667.386,641.087,644.409,617.722,45.954,46.730
identical_balls_trick_000_018.mp4,194,3.236567,32,sports ball,0.298145,619.041,603.220,665.580,649.380,642.310,626.300,46.538,46.160
identical_balls_trick_000_018.mp4,194,3.236567,32,sports ball,0.256846,638.950,522.496,683.215,569.379,661.082,545.938,44.266,46.883
identical_balls_trick_000_018.mp4,195,3.253250,32,sports ball,0.415928,619.676,610.376,665.476,656.020,642.576,633.198,45.800,45.643
identical_balls_trick_000_018.mp4,195,3.253250,32,sports ball,0.286554,649.719,533.830,696.001,580.844,672.860,557.337,46.281,47.014
identical_balls_trick_000_018.mp4,195,3.253250,32,sports ball,0.179951,440.974,52.812,489.014,102.444,464.994,77.628,48.039,49.631
identical_balls_trick_000_018.mp4,196,3.269933,32,sports ball,0.347644,662.917,544.151,707.042,591.147,684.980,567.649,44.125,46.996
identical_balls_trick_000_018.mp4,196,3.269933,32,sports ball,0.234307,618.944,620.962,662.217,665.016,640.580,642.989,43.274,44.054
identical_balls_trick_000_018.mp4,197,3.286617,32,sports ball,0.219958,618.401,624.706,662.596,668.325,640.499,646.515,44.195,43.620
identical_balls_trick_000_018.mp4,198,3.303300,32,sports ball,0.368793,617.599,624.599,661.687,668.872,639.643,646.736,44.088,44.273
identical_balls_trick_000_018.mp4,198,3.303300,32,sports ball,0.197154,684.409,557.245,729.070,599.945,706.740,578.595,44.661,42.700
identical_balls_trick_000_018.mp4,199,3.319983,32,sports ball,0.394781,615.279,621.991,659.431,666.320,637.355,644.155,44.152,44.328
identical_balls_trick_000_018.mp4,199,3.319983,32,sports ball,0.303942,693.032,561.549,737.705,606.638,715.368,584.093,44.673,45.088
identical_balls_trick_000_018.mp4,200,3.336667,32,sports ball,0.559769,700.272,563.061,745.856,604.445,723.064,583.753,45.584,41.384
identical_balls_trick_000_018.mp4,200,3.336667,32,sports ball,0.418242,611.901,616.702,654.534,661.187,633.217,638.944,42.634,44.485
identical_balls_trick_000_018.mp4,200,3.336667,32,sports ball,0.230539,448.606,61.307,496.123,111.719,472.365,86.513,47.517,50.412
identical_balls_trick_000_018.mp4,201,3.353350,32,sports ball,0.477052,705.379,562.364,751.862,604.516,728.620,583.440,46.483,42.152
identical_balls_trick_000_018.mp4,201,3.353350,32,sports ball,0.473856,449.876,69.844,496.898,120.224,473.387,95.034,47.022,50.380
identical_balls_trick_000_018.mp4,201,3.353350,32,sports ball,0.182759,608.907,610.594,650.640,653.326,629.774,631.960,41.733,42.732
identical_balls_trick_000_018.mp4,202,3.370033,32,sports ball,0.394349,451.244,80.225,498.686,130.054,474.965,105.140,47.443,49.829
identical_balls_trick_000_018.mp4,202,3.370033,32,sports ball,0.394063,709.668,560.430,756.043,602.619,732.855,581.524,46.375,42.189
identical_balls_trick_000_018.mp4,202,3.370033,32,sports ball,0.228649,604.775,601.635,647.271,642.867,626.023,622.251,42.496,41.232
identical_balls_trick_000_018.mp4,203,3.386717,32,sports ball,0.487026,452.396,91.680,500.098,141.640,476.247,116.660,47.702,49.960
identical_balls_trick_000_018.mp4,203,3.386717,32,sports ball,0.339652,711.542,555.249,758.239,599.088,734.891,577.168,46.697,43.839
identical_balls_trick_000_018.mp4,203,3.386717,32,sports ball,0.311599,600.169,586.997,643.923,629.405,622.046,608.201,43.755,42.408
identical_balls_trick_000_018.mp4,204,3.403400,32,sports ball,0.548092,454.297,105.666,501.669,155.509,477.983,130.587,47.372,49.843
identical_balls_trick_000_018.mp4,204,3.403400,32,sports ball,0.390489,712.599,549.751,758.974,593.114,735.787,571.432,46.375,43.363
identical_balls_trick_000_018.mp4,204,3.403400,32,sports ball,0.181410,597.925,570.450,640.968,611.320,619.446,590.885,43.042,40.869
identical_balls_trick_000_018.mp4,204,3.403400,32,sports ball,0.166544,455.354,105.936,501.610,155.639,478.482,130.787,46.257,49.702
identical_balls_trick_000_018.mp4,205,3.420083,32,sports ball,0.593001,594.733,548.593,638.736,587.232,616.735,567.912,44.003,38.640
identical_balls_trick_000_018.mp4,205,3.420083,32,sports ball,0.510360,456.013,121.555,504.054,171.685,480.034,146.620,48.041,50.130
identical_balls_trick_000_018.mp4,205,3.420083,32,sports ball,0.428423,711.538,540.608,758.555,584.781,735.046,562.695,47.017,44.173
identical_balls_trick_000_018.mp4,206,3.436767,32,sports ball,0.707285,589.118,521.219,635.046,556.915,612.082,539.067,45.927,35.696
identical_balls_trick_000_018.mp4,206,3.436767,32,sports ball,0.387506,709.756,529.559,756.913,570.494,733.334,550.026,47.157,40.934
identical_balls_trick_000_018.mp4,206,3.436767,32,sports ball,0.224804,457.627,139.534,505.555,189.592,481.591,164.563,47.928,50.057
identical_balls_trick_000_018.mp4,207,3.453450,32,sports ball,0.620516,585.299,486.327,633.532,523.338,609.416,504.833,48.233,37.011
identical_balls_trick_000_018.mp4,207,3.453450,32,sports ball,0.401466,458.245,160.396,506.135,208.816,482.190,184.606,47.890,48.420
identical_balls_trick_000_018.mp4,208,3.470133,32,sports ball,0.168192,460.856,181.448,507.787,230.446,484.321,205.947,46.931,48.997
identical_balls_trick_000_018.mp4,210,3.503500,32,sports ball,0.333782,580.541,369.325,628.613,417.310,604.577,393.317,48.072,47.985
identical_balls_trick_000_018.mp4,210,3.503500,32,sports ball,0.196588,679.141,459.726,726.896,504.766,703.019,482.246,47.755,45.040
identical_balls_trick_000_018.mp4,211,3.520183,32,sports ball,0.294117,579.467,335.493,627.122,383.600,603.295,359.547,47.655,48.106
identical_balls_trick_000_018.mp4,212,3.536867,32,sports ball,0.677767,577.983,299.655,625.628,349.203,601.805,324.429,47.645,49.548
identical_balls_trick_000_018.mp4,212,3.536867,32,sports ball,0.385100,467.538,289.387,514.502,339.096,491.020,314.241,46.964,49.708
identical_balls_trick_000_018.mp4,213,3.553550,32,sports ball,0.319165,575.991,267.211,624.364,314.802,600.177,291.006,48.373,47.591
identical_balls_trick_000_018.mp4,218,3.636967,32,sports ball,0.234316,570.172,131.743,616.076,178.264,593.124,155.004,45.904,46.521
identical_balls_trick_000_018.mp4,219,3.653650,32,sports ball,0.514455,569.286,109.686,614.634,157.051,591.960,133.369,45.348,47.364
identical_balls_trick_000_018.mp4,220,3.670333,32,sports ball,0.448833,568.476,89.561,612.940,137.824,590.708,113.693,44.464,48.262
identical_balls_trick_000_018.mp4,221,3.687017,32,sports ball,0.517719,565.635,71.645,611.340,119.993,588.487,95.819,45.705,48.348
identical_balls_trick_000_018.mp4,222,3.703700,32,sports ball,0.369263,564.087,55.197,610.279,104.047,587.183,79.622,46.192,48.849
identical_balls_trick_000_018.mp4,223,3.720383,32,sports ball,0.633018,563.195,40.728,609.132,90.405,586.163,65.567,45.937,49.678
identical_balls_trick_000_018.mp4,224,3.737067,32,sports ball,0.439742,561.912,28.149,608.116,77.699,585.014,52.924,46.204,49.550
identical_balls_trick_000_018.mp4,224,3.737067,32,sports ball,0.159453,449.833,553.583,497.464,598.172,473.648,575.878,47.630,44.589
identical_balls_trick_000_018.mp4,225,3.753750,32,sports ball,0.338952,559.982,17.286,606.670,67.709,583.326,42.497,46.687,50.423
identical_balls_trick_000_018.mp4,226,3.770433,32,sports ball,0.259972,558.707,8.975,604.311,58.607,581.509,33.791,45.604,49.632
identical_balls_trick_000_018.mp4,227,3.787117,32,sports ball,0.546050,556.658,3.291,603.140,51.831,579.899,27.561,46.482,48.540
identical_balls_trick_000_018.mp4,228,3.803800,32,sports ball,0.613827,555.120,1.337,601.683,47.647,578.402,24.492,46.563,46.310
identical_balls_trick_000_018.mp4,229,3.820483,32,sports ball,0.496653,554.081,0.818,599.874,45.352,576.978,23.085,45.794,44.535
identical_balls_trick_000_018.mp4,230,3.837167,32,sports ball,0.643884,552.530,0.943,597.930,44.760,575.230,22.851,45.400,43.817
identical_balls_trick_000_018.mp4,230,3.837167,32,sports ball,0.462848,425.898,530.044,473.217,573.694,449.558,551.869,47.319,43.650
identical_balls_trick_000_018.mp4,230,3.837167,32,sports ball,0.151858,579.521,346.669,626.466,392.289,602.994,369.479,46.945,45.620
identical_balls_trick_000_018.mp4,231,3.853850,32,sports ball,0.756077,579.137,342.646,625.998,389.888,602.567,366.267,46.861,47.242
identical_balls_trick_000_018.mp4,231,3.853850,32,sports ball,0.596880,550.336,0.962,596.460,45.799,573.398,23.381,46.124,44.837
identical_balls_trick_000_018.mp4,231,3.853850,32,sports ball,0.528857,423.125,511.738,467.768,554.669,445.447,533.204,44.643,42.931
identical_balls_trick_000_018.mp4,232,3.870533,32,sports ball,0.814149,577.640,341.682,625.596,389.014,601.618,365.348,47.957,47.332
identical_balls_trick_000_018.mp4,232,3.870533,32,sports ball,0.738738,548.594,1.006,595.702,48.116,572.148,24.561,47.108,47.110
identical_balls_trick_000_018.mp4,232,3.870533,32,sports ball,0.694356,418.535,488.678,462.744,531.192,440.639,509.935,44.209,42.514
identical_balls_trick_000_018.mp4,233,3.887217,32,sports ball,0.881057,577.739,342.943,625.249,390.112,601.494,366.527,47.509,47.168
identical_balls_trick_000_018.mp4,233,3.887217,32,sports ball,0.782766,415.568,459.257,459.000,500.736,437.284,479.996,43.432,41.479
identical_balls_trick_000_018.mp4,233,3.887217,32,sports ball,0.407195,547.399,4.029,594.296,53.661,570.848,28.845,46.896,49.632
identical_balls_trick_000_018.mp4,233,3.887217,32,sports ball,0.304308,547.663,4.381,594.086,53.503,570.875,28.942,46.423,49.123
identical_balls_trick_000_018.mp4,234,3.903900,32,sports ball,0.688747,577.182,346.142,624.813,392.750,600.997,369.446,47.631,46.609
identical_balls_trick_000_018.mp4,234,3.903900,32,sports ball,0.607937,414.389,425.574,459.916,465.841,437.152,445.708,45.527,40.267
identical_balls_trick_000_018.mp4,234,3.903900,32,sports ball,0.292669,546.276,10.988,592.678,61.070,569.477,36.029,46.401,50.082
identical_balls_trick_000_018.mp4,234,3.903900,32,sports ball,0.165749,546.446,10.882,592.333,60.713,569.390,35.798,45.887,49.830
identical_balls_trick_000_018.mp4,235,3.920583,32,sports ball,0.767408,545.281,19.243,590.716,69.323,567.999,44.283,45.435,50.080
identical_balls_trick_000_018.mp4,235,3.920583,32,sports ball,0.594721,416.578,387.005,461.441,427.609,439.009,407.307,44.863,40.604
identical_balls_trick_000_018.mp4,235,3.920583,32,sports ball,0.279220,576.646,351.334,624.312,398.556,600.479,374.945,47.667,47.222
identical_balls_trick_000_018.mp4,236,3.937267,32,sports ball,0.574642,419.982,352.832,465.528,394.080,442.755,373.456,45.547,41.248
identical_balls_trick_000_018.mp4,236,3.937267,32,sports ball,0.210695,543.999,31.742,589.097,79.770,566.548,55.756,45.098,48.028
identical_balls_trick_000_018.mp4,237,3.953950,32,sports ball,0.424738,542.000,44.021,587.302,93.048,564.651,68.535,45.302,49.027
identical_balls_trick_000_018.mp4,238,3.970633,32,sports ball,0.682485,540.368,58.637,586.828,107.861,563.598,83.249,46.460,49.224
identical_balls_trick_000_018.mp4,238,3.970633,32,sports ball,0.459905,425.620,285.517,470.827,330.784,448.224,308.150,45.207,45.267
identical_balls_trick_000_018.mp4,239,3.987317,32,sports ball,0.717377,538.214,75.183,585.434,124.454,561.824,99.819,47.219,49.270
identical_balls_trick_000_018.mp4,239,3.987317,32,sports ball,0.602382,429.916,255.804,473.578,300.819,451.747,278.312,43.662,45.014
identical_balls_trick_000_018.mp4,240,4.004000,32,sports ball,0.466040,431.628,226.179,475.493,271.944,453.561,249.062,43.865,45.765
identical_balls_trick_000_018.mp4,240,4.004000,32,sports ball,0.230163,537.623,94.437,583.493,143.184,560.558,118.810,45.871,48.748
identical_balls_trick_000_018.mp4,240,4.004000,32,sports ball,0.156690,537.945,94.595,582.653,143.186,560.299,118.891,44.708,48.592
identical_balls_trick_000_018.mp4,241,4.020683,32,sports ball,0.222632,572.665,423.120,618.318,468.807,595.491,445.963,45.653,45.688
identical_balls_trick_000_018.mp4,241,4.020683,32,sports ball,0.218772,537.072,114.603,581.033,163.326,559.052,138.964,43.962,48.723
identical_balls_trick_000_018.mp4,241,4.020683,32,sports ball,0.198206,433.573,199.765,479.575,245.579,456.574,222.672,46.002,45.814
identical_balls_trick_000_018.mp4,242,4.037367,32,sports ball,0.794163,570.857,440.034,618.260,486.958,594.559,463.496,47.403,46.924
identical_balls_trick_000_018.mp4,242,4.037367,32,sports ball,0.675133,436.264,175.385,481.892,220.110,459.078,197.747,45.628,44.725
identical_balls_trick_000_018.mp4,242,4.037367,32,sports ball,0.551502,535.978,137.348,580.304,186.170,558.141,161.759,44.326,48.823
identical_balls_trick_000_018.mp4,243,4.054050,32,sports ball,0.457339,439.510,151.240,484.094,197.291,461.802,174.265,44.584,46.051
identical_balls_trick_000_018.mp4,243,4.054050,32,sports ball,0.281599,533.473,161.312,579.253,209.863,556.363,185.587,45.779,48.550
identical_balls_trick_000_018.mp4,243,4.054050,32,sports ball,0.258799,570.185,459.181,616.691,506.702,593.438,482.941,46.506,47.520
identical_balls_trick_000_018.mp4,244,4.070733,32,sports ball,0.761336,569.440,480.359,615.436,528.081,592.438,504.220,45.996,47.722
identical_balls_trick_000_018.mp4,244,4.070733,32,sports ball,0.651579,442.107,130.558,487.579,176.684,464.843,153.621,45.472,46.127
identical_balls_trick_000_018.mp4,244,4.070733,32,sports ball,0.490110,532.786,187.098,578.620,235.800,555.703,211.449,45.835,48.702
identical_balls_trick_000_018.mp4,245,4.087417,32,sports ball,0.330946,445.555,111.236,491.351,158.162,468.453,134.699,45.796,46.926
identical_balls_trick_000_018.mp4,246,4.104100,32,sports ball,0.591367,449.316,92.708,494.630,140.409,471.973,116.559,45.314,47.702
identical_balls_trick_000_018.mp4,246,4.104100,32,sports ball,0.492599,531.173,245.226,576.035,294.912,553.604,270.069,44.862,49.686
identical_balls_trick_000_018.mp4,247,4.120783,32,sports ball,0.590658,529.584,276.130,574.107,326.821,551.846,301.476,44.524,50.691
identical_balls_trick_000_018.mp4,247,4.120783,32,sports ball,0.176437,568.160,535.749,613.711,581.146,590.935,558.448,45.550,45.396
identical_balls_trick_000_018.mp4,247,4.120783,32,sports ball,0.171224,452.041,77.288,496.946,124.507,474.494,100.898,44.905,47.219
identical_balls_trick_000_018.mp4,247,4.120783,32,sports ball,0.168064,451.716,77.181,497.141,124.706,474.428,100.943,45.426,47.525
identical_balls_trick_000_018.mp4,248,4.137467,32,sports ball,0.598856,455.173,64.104,500.851,111.358,478.012,87.731,45.677,47.254
identical_balls_trick_000_018.mp4,248,4.137467,32,sports ball,0.582072,528.035,309.213,573.627,359.227,550.831,334.220,45.593,50.015
identical_balls_trick_000_018.mp4,249,4.154150,32,sports ball,0.518695,527.771,343.724,572.900,393.530,550.335,368.627,45.130,49.806
identical_balls_trick_000_018.mp4,249,4.154150,32,sports ball,0.407364,458.610,51.248,504.257,99.315,481.433,75.281,45.647,48.066
identical_balls_trick_000_018.mp4,249,4.154150,32,sports ball,0.401340,570.065,552.160,613.552,596.239,591.809,574.200,43.487,44.079
identical_balls_trick_000_018.mp4,249,4.154150,32,sports ball,0.184864,458.864,51.609,504.013,99.431,481.438,75.520,45.149,47.822
identical_balls_trick_000_018.mp4,250,4.170833,32,sports ball,0.686837,462.451,41.450,507.246,89.548,484.849,65.499,44.795,48.098
identical_balls_trick_000_018.mp4,250,4.170833,32,sports ball,0.606241,531.491,375.569,576.973,421.292,554.232,398.431,45.482,45.723
identical_balls_trick_000_018.mp4,250,4.170833,32,sports ball,0.382363,572.444,561.165,612.134,603.459,592.289,582.312,39.690,42.293
identical_balls_trick_000_018.mp4,251,4.187517,32,sports ball,0.427941,539.863,402.654,585.298,447.896,562.581,425.275,45.436,45.242
identical_balls_trick_000_018.mp4,251,4.187517,32,sports ball,0.348819,466.395,33.177,511.676,80.533,489.035,56.855,45.281,47.356
identical_balls_trick_000_018.mp4,251,4.187517,32,sports ball,0.210702,465.971,33.082,511.953,80.608,488.962,56.845,45.981,47.526
identical_balls_trick_000_018.mp4,252,4.204200,32,sports ball,0.650505,469.679,26.842,514.961,74.366,492.320,50.604,45.282,47.524
identical_balls_trick_000_018.mp4,252,4.204200,32,sports ball,0.228098,551.917,427.607,596.143,472.152,574.030,449.880,44.226,44.545
identical_balls_trick_000_018.mp4,253,4.220883,32,sports ball,0.623075,473.549,21.901,518.364,69.716,495.956,45.808,44.816,47.815
identical_balls_trick_000_018.mp4,254,4.237567,32,sports ball,0.258266,477.488,19.767,522.287,68.045,499.888,43.906,44.799,48.277
identical_balls_trick_000_018.mp4,255,4.254250,32,sports ball,0.434598,481.262,18.319,526.496,67.054,503.879,42.687,45.233,48.735
identical_balls_trick_000_018.mp4,255,4.254250,32,sports ball,0.391020,599.806,488.239,643.220,532.531,621.513,510.385,43.414,44.292
identical_balls_trick_000_018.mp4,255,4.254250,32,sports ball,0.264746,569.694,619.375,611.973,659.906,590.833,639.641,42.279,40.531
identical_balls_trick_000_018.mp4,256,4.270933,32,sports ball,0.348026,618.574,505.646,662.245,551.112,640.410,528.379,43.671,45.466
identical_balls_trick_000_018.mp4,256,4.270933,32,sports ball,0.314542,484.331,19.480,529.850,67.880,507.091,43.680,45.519,48.400
identical_balls_trick_000_018.mp4,256,4.270933,32,sports ball,0.152006,484.596,19.440,529.634,68.017,507.115,43.729,45.037,48.576
identical_balls_trick_000_018.mp4,257,4.287617,32,sports ball,0.498592,486.424,20.626,531.592,68.967,509.008,44.796,45.169,48.341
identical_balls_trick_000_018.mp4,257,4.287617,32,sports ball,0.436113,629.054,513.076,672.503,558.289,650.779,535.683,43.448,45.213
identical_balls_trick_000_018.mp4,258,4.304300,32,sports ball,0.481642,486.419,20.633,531.888,68.986,509.154,44.810,45.469,48.353
identical_balls_trick_000_018.mp4,258,4.304300,32,sports ball,0.425135,629.041,513.081,672.389,558.336,650.715,535.708,43.348,45.255
identical_balls_trick_000_018.mp4,259,4.320983,32,sports ball,0.593850,488.979,22.886,533.058,70.458,511.018,46.672,44.079,47.573
identical_balls_trick_000_018.mp4,259,4.320983,32,sports ball,0.272102,638.934,520.162,683.229,564.112,661.082,542.137,44.295,43.950
identical_balls_trick_000_018.mp4,260,4.337667,32,sports ball,0.573210,488.973,22.909,532.980,70.443,510.976,46.676,44.007,47.534
identical_balls_trick_000_018.mp4,260,4.337667,32,sports ball,0.269869,638.922,520.158,683.246,564.126,661.084,542.142,44.324,43.967
identical_balls_trick_000_018.mp4,261,4.354350,32,sports ball,0.475034,490.021,25.418,535.556,72.720,512.788,49.069,45.534,47.303
identical_balls_trick_000_018.mp4,261,4.354350,32,sports ball,0.158707,571.490,622.577,613.456,665.485,592.473,644.031,41.966,42.908
identical_balls_trick_000_018.mp4,262,4.371033,32,sports ball,0.467937,490.008,25.418,535.555,72.723,512.781,49.070,45.547,47.305
identical_balls_trick_000_018.mp4,262,4.371033,32,sports ball,0.156135,571.527,622.584,613.500,665.506,592.514,644.045,41.974,42.922
identical_balls_trick_000_018.mp4,263,4.387717,32,sports ball,0.425219,491.896,27.795,537.759,75.514,514.828,51.655,45.862,47.719
identical_balls_trick_000_018.mp4,263,4.387717,32,sports ball,0.223268,657.975,528.964,702.677,574.248,680.326,551.606,44.702,45.284
identical_balls_trick_000_018.mp4,263,4.387717,32,sports ball,0.196374,571.830,618.991,615.042,661.184,593.436,640.087,43.212,42.193
identical_balls_trick_000_018.mp4,264,4.404400,32,sports ball,0.423405,491.889,27.798,537.768,75.499,514.828,51.649,45.880,47.702
identical_balls_trick_000_018.mp4,264,4.404400,32,sports ball,0.229524,657.982,528.973,702.672,574.230,680.327,551.602,44.690,45.257
identical_balls_trick_000_018.mp4,264,4.404400,32,sports ball,0.199753,571.833,618.994,615.051,661.176,593.442,640.085,43.218,42.182
identical_balls_trick_000_018.mp4,265,4.421083,32,sports ball,0.408664,494.782,31.482,538.778,78.509,516.780,54.996,43.996,47.027
identical_balls_trick_000_018.mp4,265,4.421083,32,sports ball,0.284519,572.666,615.513,617.019,657.662,594.843,636.587,44.352,42.149
identical_balls_trick_000_018.mp4,265,4.421083,32,sports ball,0.275637,668.531,531.682,711.768,576.885,690.150,554.284,43.237,45.203
identical_balls_trick_000_018.mp4,266,4.437767,32,sports ball,0.387560,494.726,31.462,538.761,78.515,516.744,54.988,44.035,47.053
identical_balls_trick_000_018.mp4,266,4.437767,32,sports ball,0.278690,572.666,615.516,617.024,657.657,594.845,636.586,44.359,42.141
identical_balls_trick_000_018.mp4,266,4.437767,32,sports ball,0.272672,668.544,531.666,711.743,577.000,690.143,554.333,43.199,45.334
identical_balls_trick_000_018.mp4,267,4.454450,32,sports ball,0.352158,677.821,532.825,721.104,578.196,699.463,555.510,43.283,45.371
identical_balls_trick_000_018.mp4,267,4.454450,32,sports ball,0.173554,574.675,609.939,618.697,651.617,596.686,630.778,44.021,41.678
identical_balls_trick_000_018.mp4,268,4.471133,32,sports ball,0.349363,677.824,532.821,721.107,578.204,699.465,555.513,43.283,45.383
identical_balls_trick_000_018.mp4,268,4.471133,32,sports ball,0.171361,574.679,609.931,618.699,651.619,596.689,630.775,44.020,41.688
identical_balls_trick_000_018.mp4,269,4.487817,32,sports ball,0.551031,684.858,533.353,728.643,578.311,706.750,555.832,43.785,44.958
identical_balls_trick_000_018.mp4,269,4.487817,32,sports ball,0.253834,499.009,38.762,543.603,86.416,521.306,62.589,44.594,47.655
identical_balls_trick_000_018.mp4,269,4.487817,32,sports ball,0.227592,576.108,603.986,620.302,645.301,598.205,624.643,44.194,41.315
identical_balls_trick_000_018.mp4,269,4.487817,32,sports ball,0.208321,499.321,39.098,543.434,86.479,521.377,62.789,44.113,47.381
identical_balls_trick_000_018.mp4,270,4.504500,32,sports ball,0.552748,684.919,533.373,728.754,578.318,706.837,555.846,43.836,44.945
identical_balls_trick_000_018.mp4,270,4.504500,32,sports ball,0.280344,498.947,38.740,543.703,86.448,521.325,62.594,44.755,47.708
identical_balls_trick_000_018.mp4,270,4.504500,32,sports ball,0.229907,576.114,603.982,620.307,645.302,598.210,624.642,44.193,41.320
identical_balls_trick_000_018.mp4,270,4.504500,32,sports ball,0.190878,499.290,39.086,543.549,86.508,521.419,62.797,44.258,47.423
identical_balls_trick_000_018.mp4,271,4.521183,32,sports ball,0.551304,693.247,532.019,736.193,576.820,714.720,554.419,42.945,44.802
identical_balls_trick_000_018.mp4,271,4.521183,32,sports ball,0.429194,500.539,43.334,544.844,90.308,522.691,66.821,44.304,46.974
identical_balls_trick_000_018.mp4,271,4.521183,32,sports ball,0.217730,577.468,596.194,622.166,638.278,599.817,617.236,44.698,42.084
identical_balls_trick_000_018.mp4,272,4.537867,32,sports ball,0.537660,693.219,532.014,736.196,576.817,714.708,554.416,42.977,44.803
identical_balls_trick_000_018.mp4,272,4.537867,32,sports ball,0.385891,500.529,43.329,545.049,90.337,522.789,66.833,44.521,47.008
identical_balls_trick_000_018.mp4,272,4.537867,32,sports ball,0.186399,577.463,596.186,622.171,638.278,599.817,617.232,44.708,42.092
identical_balls_trick_000_018.mp4,273,4.554550,32,sports ball,0.355411,700.476,529.073,742.510,575.080,721.493,552.076,42.034,46.006
identical_balls_trick_000_018.mp4,273,4.554550,32,sports ball,0.287008,502.787,48.930,546.469,95.664,524.628,72.297,43.682,46.735
identical_balls_trick_000_018.mp4,274,4.571233,32,sports ball,0.348979,700.483,529.074,742.514,575.225,721.498,552.150,42.032,46.151
identical_balls_trick_000_018.mp4,274,4.571233,32,sports ball,0.287958,502.788,48.908,546.491,95.654,524.639,72.281,43.703,46.747
identical_balls_trick_000_018.mp4,275,4.587917,32,sports ball,0.353830,505.149,53.547,548.332,100.241,526.740,76.894,43.183,46.694
identical_balls_trick_000_018.mp4,275,4.587917,32,sports ball,0.348013,581.056,576.082,626.564,618.354,603.810,597.218,45.508,42.272
identical_balls_trick_000_018.mp4,275,4.587917,32,sports ball,0.272828,705.807,525.526,747.795,570.323,726.801,547.924,41.988,44.797
identical_balls_trick_000_018.mp4,276,4.604600,32,sports ball,0.360502,505.178,53.566,548.391,100.218,526.784,76.892,43.213,46.652
identical_balls_trick_000_018.mp4,276,4.604600,32,sports ball,0.351773,581.059,576.088,626.558,618.355,603.808,597.221,45.498,42.267
identical_balls_trick_000_018.mp4,276,4.604600,32,sports ball,0.260881,705.750,525.523,747.818,570.310,726.784,547.916,42.067,44.787
identical_balls_trick_000_018.mp4,277,4.621283,32,sports ball,0.379244,506.536,59.528,550.665,106.763,528.601,83.146,44.129,47.235
identical_balls_trick_000_018.mp4,277,4.621283,32,sports ball,0.224295,582.795,563.973,628.361,606.319,605.578,585.146,45.567,42.346
identical_balls_trick_000_018.mp4,277,4.621283,32,sports ball,0.206815,710.691,519.565,753.194,564.163,731.943,541.864,42.504,44.597
identical_balls_trick_000_018.mp4,278,4.637967,32,sports ball,0.394718,506.540,59.529,550.882,106.866,528.711,83.198,44.342,47.337
identical_balls_trick_000_018.mp4,278,4.637967,32,sports ball,0.220164,710.664,519.555,753.287,564.069,731.975,541.812,42.623,44.514
identical_balls_trick_000_018.mp4,278,4.637967,32,sports ball,0.218699,582.777,564.152,628.312,606.377,605.545,585.265,45.535,42.225
identical_balls_trick_000_018.mp4,279,4.654650,32,sports ball,0.490227,508.538,65.648,552.964,112.483,530.751,89.065,44.426,46.835
identical_balls_trick_000_018.mp4,279,4.654650,32,sports ball,0.417322,715.143,513.354,756.802,556.765,735.972,535.060,41.659,43.411
identical_balls_trick_000_018.mp4,279,4.654650,32,sports ball,0.240128,584.006,550.630,630.721,592.694,607.363,571.662,46.714,42.064
identical_balls_trick_000_018.mp4,279,4.654650,32,sports ball,0.175364,584.181,550.984,630.491,592.977,607.336,571.980,46.310,41.993
identical_balls_trick_000_018.mp4,280,4.671333,32,sports ball,0.495623,508.603,65.617,552.937,112.601,530.770,89.109,44.334,46.983
identical_balls_trick_000_018.mp4,280,4.671333,32,sports ball,0.432737,715.086,513.349,756.664,556.839,735.875,535.094,41.577,43.491
identical_balls_trick_000_018.mp4,280,4.671333,32,sports ball,0.341730,584.160,550.978,630.490,592.901,607.325,571.939,46.329,41.923
identical_balls_trick_000_018.mp4,281,4.688017,32,sports ball,0.371737,717.724,505.389,759.636,547.225,738.680,526.307,41.911,41.836
identical_balls_trick_000_018.mp4,281,4.688017,32,sports ball,0.296563,510.059,72.839,554.515,119.776,532.287,96.307,44.456,46.936
identical_balls_trick_000_018.mp4,281,4.688017,32,sports ball,0.198294,584.272,536.898,631.296,577.202,607.784,557.050,47.024,40.304
identical_balls_trick_000_018.mp4,282,4.704700,32,sports ball,0.370405,717.728,505.393,759.638,547.206,738.683,526.299,41.910,41.813
identical_balls_trick_000_018.mp4,282,4.704700,32,sports ball,0.283301,510.030,72.838,554.461,119.777,532.246,96.308,44.432,46.938
identical_balls_trick_000_018.mp4,282,4.704700,32,sports ball,0.204776,584.199,536.888,631.317,577.180,607.758,557.034,47.118,40.292
identical_balls_trick_000_018.mp4,283,4.721383,32,sports ball,0.609757,719.380,495.664,762.185,536.732,740.783,516.198,42.806,41.068
identical_balls_trick_000_018.mp4,283,4.721383,32,sports ball,0.583663,512.904,80.623,556.335,127.179,534.619,103.901,43.431,46.556
identical_balls_trick_000_018.mp4,283,4.721383,32,sports ball,0.393567,585.358,520.366,632.725,560.224,609.042,540.295,47.367,39.858
identical_balls_trick_000_018.mp4,284,4.738067,32,sports ball,0.612976,719.372,495.664,762.194,536.715,740.783,516.190,42.821,41.052
identical_balls_trick_000_018.mp4,284,4.738067,32,sports ball,0.577051,512.875,80.628,556.558,127.184,534.717,103.906,43.683,46.557
identical_balls_trick_000_018.mp4,284,4.738067,32,sports ball,0.384339,585.354,520.368,632.725,560.225,609.040,540.296,47.370,39.857
identical_balls_trick_000_018.mp4,285,4.754750,32,sports ball,0.626386,586.392,502.463,632.506,539.559,609.449,521.011,46.114,37.096
identical_balls_trick_000_018.mp4,285,4.754750,32,sports ball,0.614794,514.507,87.730,559.019,133.783,536.763,110.756,44.512,46.053
identical_balls_trick_000_018.mp4,285,4.754750,32,sports ball,0.585180,717.301,485.706,763.132,526.336,740.216,506.021,45.831,40.630
identical_balls_trick_000_018.mp4,286,4.771433,32,sports ball,0.634527,514.519,87.672,559.029,133.748,536.774,110.710,44.510,46.076
identical_balls_trick_000_018.mp4,286,4.771433,32,sports ball,0.576777,586.391,502.215,632.646,539.514,609.519,520.865,46.255,37.299
identical_balls_trick_000_018.mp4,286,4.771433,32,sports ball,0.570569,717.311,485.696,763.111,526.418,740.211,506.057,45.800,40.722
identical_balls_trick_000_018.mp4,287,4.788117,32,sports ball,0.451388,516.563,96.122,560.106,142.758,538.334,119.440,43.543,46.635
identical_balls_trick_000_018.mp4,287,4.788117,32,sports ball,0.297078,586.687,481.246,632.723,519.345,609.705,500.295,46.036,38.098
identical_balls_trick_000_018.mp4,287,4.788117,32,sports ball,0.192271,716.340,474.354,762.716,514.830,739.528,494.592,46.376,40.476
identical_balls_trick_000_018.mp4,288,4.804800,32,sports ball,0.460989,516.575,96.104,560.098,142.753,538.337,119.428,43.523,46.649
identical_balls_trick_000_018.mp4,288,4.804800,32,sports ball,0.313056,586.682,481.250,632.724,519.318,609.703,500.284,46.043,38.068
identical_balls_trick_000_018.mp4,288,4.804800,32,sports ball,0.194473,716.334,474.349,762.721,514.842,739.527,494.595,46.386,40.494
identical_balls_trick_000_018.mp4,289,4.821483,32,sports ball,0.629049,518.344,104.525,562.241,151.048,540.293,127.786,43.897,46.522
identical_balls_trick_000_018.mp4,289,4.821483,32,sports ball,0.219832,586.791,459.975,634.755,498.415,610.773,479.195,47.964,38.440
identical_balls_trick_000_018.mp4,290,4.838167,32,sports ball,0.612725,518.308,104.417,562.339,151.006,540.324,127.712,44.031,46.589
identical_balls_trick_000_018.mp4,290,4.838167,32,sports ball,0.210648,586.779,460.019,634.738,498.443,610.758,479.231,47.960,38.424
identical_balls_trick_000_018.mp4,291,4.854850,32,sports ball,0.710397,520.628,113.524,564.063,160.066,542.345,136.795,43.435,46.542
identical_balls_trick_000_018.mp4,291,4.854850,32,sports ball,0.278244,588.325,440.920,635.213,478.965,611.769,459.943,46.887,38.046
identical_balls_trick_000_018.mp4,292,4.871533,32,sports ball,0.719257,520.655,113.549,564.156,160.078,542.406,136.814,43.501,46.529
identical_balls_trick_000_018.mp4,292,4.871533,32,sports ball,0.260123,588.353,440.969,635.212,478.986,611.782,459.978,46.859,38.018
identical_balls_trick_000_018.mp4,293,4.888217,32,sports ball,0.666242,521.762,122.712,566.173,169.789,543.968,146.250,44.411,47.078
identical_balls_trick_000_018.mp4,293,4.888217,32,sports ball,0.313485,589.574,421.704,636.265,461.450,612.920,441.577,46.692,39.746
identical_balls_trick_000_018.mp4,293,4.888217,32,sports ball,0.265081,708.368,437.037,755.302,481.994,731.835,459.516,46.934,44.956
identical_balls_trick_000_018.mp4,294,4.904900,32,sports ball,0.676349,521.771,122.655,566.289,169.812,544.030,146.233,44.518,47.156
identical_balls_trick_000_018.mp4,294,4.904900,32,sports ball,0.334192,589.623,421.740,636.260,461.404,612.942,441.572,46.637,39.664
identical_balls_trick_000_018.mp4,294,4.904900,32,sports ball,0.266928,708.392,436.996,755.320,481.973,731.856,459.485,46.929,44.977
identical_balls_trick_000_018.mp4,295,4.921583,32,sports ball,0.641457,523.987,132.652,568.155,178.650,546.071,155.651,44.168,45.998
identical_balls_trick_000_018.mp4,296,4.938267,32,sports ball,0.625640,523.967,132.671,568.193,178.658,546.080,155.664,44.226,45.987
identical_balls_trick_000_018.mp4,297,4.954950,32,sports ball,0.632718,527.016,143.495,570.305,189.211,548.660,166.353,43.289,45.717
identical_balls_trick_000_018.mp4,297,4.954950,32,sports ball,0.482370,700.960,411.498,747.133,457.968,724.047,434.733,46.173,46.470
identical_balls_trick_000_018.mp4,297,4.954950,32,sports ball,0.176136,591.353,382.929,638.335,428.165,614.844,405.547,46.982,45.236
identical_balls_trick_000_018.mp4,298,4.971633,32,sports ball,0.614376,526.982,143.473,570.315,189.010,548.649,166.242,43.332,45.537
identical_balls_trick_000_018.mp4,298,4.971633,32,sports ball,0.478893,700.989,411.501,747.166,457.858,724.077,434.679,46.177,46.357
identical_balls_trick_000_018.mp4,299,4.988317,32,sports ball,0.700708,528.855,154.025,571.671,199.825,550.263,176.925,42.817,45.800
identical_balls_trick_000_018.mp4,299,4.988317,32,sports ball,0.495172,592.104,363.520,639.408,410.739,615.756,387.129,47.303,47.219
identical_balls_trick_000_018.mp4,299,4.988317,32,sports ball,0.446682,696.845,400.761,742.165,445.873,719.505,423.317,45.321,45.112
identical_balls_trick_000_018.mp4,300,5.005000,32,sports ball,0.730541,528.799,153.975,571.627,199.810,550.213,176.893,42.828,45.835
identical_balls_trick_000_018.mp4,300,5.005000,32,sports ball,0.466496,592.034,363.554,639.337,410.754,615.685,387.154,47.302,47.199
identical_balls_trick_000_018.mp4,300,5.005000,32,sports ball,0.407977,696.868,400.754,742.197,445.931,719.532,423.343,45.329,45.177
identical_balls_trick_000_018.mp4,301,5.021683,32,sports ball,0.582063,530.261,165.024,573.304,211.257,551.782,188.140,43.043,46.233
identical_balls_trick_000_018.mp4,301,5.021683,32,sports ball,0.565474,592.053,345.664,639.751,395.584,615.902,370.624,47.698,49.920
identical_balls_trick_000_018.mp4,301,5.021683,32,sports ball,0.558505,691.621,389.532,737.653,437.184,714.637,413.358,46.032,47.652
identical_balls_trick_000_018.mp4,302,5.038367,32,sports ball,0.593134,530.285,165.002,573.281,211.252,551.783,188.127,42.996,46.249
identical_balls_trick_000_018.mp4,302,5.038367,32,sports ball,0.561345,592.047,345.655,639.746,395.582,615.896,370.618,47.699,49.927
identical_balls_trick_000_018.mp4,302,5.038367,32,sports ball,0.491903,691.539,389.602,737.619,437.143,714.579,413.372,46.080,47.541
identical_balls_trick_000_018.mp4,303,5.055050,32,sports ball,0.795119,532.115,177.154,575.209,222.897,553.662,200.026,43.095,45.743
identical_balls_trick_000_018.mp4,303,5.055050,32,sports ball,0.655007,593.948,330.277,640.328,379.796,617.138,355.037,46.381,49.519
identical_balls_trick_000_018.mp4,303,5.055050,32,sports ball,0.652512,687.604,378.376,734.480,425.356,711.042,401.866,46.876,46.980
identical_balls_trick_000_018.mp4,304,5.071733,32,sports ball,0.797025,532.097,177.130,575.198,222.883,553.647,200.006,43.101,45.753
identical_balls_trick_000_018.mp4,304,5.071733,32,sports ball,0.654805,593.939,330.263,640.334,379.793,617.137,355.028,46.395,49.529
identical_balls_trick_000_018.mp4,304,5.071733,32,sports ball,0.653873,687.609,378.379,734.473,425.357,711.041,401.868,46.864,46.978
identical_balls_trick_000_018.mp4,305,5.088417,32,sports ball,0.756578,594.219,312.673,641.067,362.019,617.643,337.346,46.848,49.345
identical_balls_trick_000_018.mp4,305,5.088417,32,sports ball,0.441852,534.464,189.390,576.521,234.243,555.492,211.816,42.057,44.853
identical_balls_trick_000_018.mp4,305,5.088417,32,sports ball,0.324996,683.002,368.905,729.452,415.433,706.227,392.169,46.451,46.529
identical_balls_trick_000_018.mp4,306,5.105100,32,sports ball,0.759516,594.219,312.691,641.084,362.042,617.651,337.367,46.865,49.351
identical_balls_trick_000_018.mp4,306,5.105100,32,sports ball,0.568906,534.509,189.537,576.487,234.212,555.498,211.874,41.979,44.674
identical_balls_trick_000_018.mp4,306,5.105100,32,sports ball,0.342097,683.106,368.938,729.445,415.441,706.275,392.190,46.339,46.503
identical_balls_trick_000_018.mp4,307,5.121783,32,sports ball,0.748640,679.282,358.614,724.882,405.667,702.082,382.140,45.600,47.053
identical_balls_trick_000_018.mp4,307,5.121783,32,sports ball,0.618336,594.897,297.156,642.059,344.289,618.478,320.722,47.161,47.134
identical_balls_trick_000_018.mp4,307,5.121783,32,sports ball,0.557902,536.450,202.298,580.405,246.521,558.428,224.409,43.956,44.223
identical_balls_trick_000_018.mp4,308,5.138467,32,sports ball,0.763315,679.290,358.618,724.909,405.638,702.100,382.128,45.619,47.020
identical_balls_trick_000_018.mp4,308,5.138467,32,sports ball,0.622791,594.903,297.175,642.052,344.274,618.477,320.725,47.149,47.098
identical_balls_trick_000_018.mp4,308,5.138467,32,sports ball,0.573762,536.484,202.305,580.409,246.539,558.446,224.422,43.925,44.234
identical_balls_trick_000_018.mp4,309,5.155150,32,sports ball,0.857173,595.399,280.940,642.452,327.144,618.925,304.042,47.053,46.204
identical_balls_trick_000_018.mp4,309,5.155150,32,sports ball,0.652135,674.630,349.820,720.834,395.607,697.732,372.713,46.203,45.787
identical_balls_trick_000_018.mp4,309,5.155150,32,sports ball,0.547251,538.507,215.155,582.018,259.682,560.262,237.419,43.510,44.528
identical_balls_trick_000_018.mp4,310,5.171833,32,sports ball,0.853533,595.396,280.947,642.443,327.221,618.920,304.084,47.047,46.275
identical_balls_trick_000_018.mp4,310,5.171833,32,sports ball,0.675374,674.611,349.821,720.809,395.612,697.710,372.717,46.198,45.791
identical_balls_trick_000_018.mp4,310,5.171833,32,sports ball,0.555098,538.471,215.126,582.109,259.562,560.290,237.344,43.638,44.435
identical_balls_trick_000_018.mp4,311,5.188517,32,sports ball,0.354336,539.865,228.509,582.511,272.789,561.188,250.649,42.647,44.279
identical_balls_trick_000_018.mp4,311,5.188517,32,sports ball,0.271976,595.556,265.033,643.765,310.123,619.660,287.578,48.210,45.090
identical_balls_trick_000_018.mp4,312,5.205200,32,sports ball,0.365034,539.718,228.499,582.505,272.742,561.111,250.621,42.787,44.243
identical_balls_trick_000_018.mp4,312,5.205200,32,sports ball,0.275771,595.559,265.033,643.766,310.121,619.662,287.577,48.207,45.088
identical_balls_trick_000_018.mp4,315,5.255250,32,sports ball,0.171031,660.471,325.490,708.126,371.874,684.299,348.682,47.654,46.384
identical_balls_trick_000_018.mp4,316,5.271933,32,sports ball,0.172565,660.469,325.486,708.152,371.867,684.310,348.676,47.682,46.381
identical_balls_trick_000_018.mp4,317,5.288617,32,sports ball,0.597001,656.856,318.060,703.523,365.123,680.190,341.591,46.667,47.063
identical_balls_trick_000_018.mp4,317,5.288617,32,sports ball,0.225245,545.635,271.518,588.632,314.721,567.134,293.120,42.998,43.203
identical_balls_trick_000_018.mp4,318,5.305300,32,sports ball,0.586624,656.816,318.076,703.527,365.134,680.172,341.605,46.711,47.058
identical_balls_trick_000_018.mp4,318,5.305300,32,sports ball,0.224985,545.651,271.459,588.632,314.728,567.141,293.094,42.981,43.269
identical_balls_trick_000_018.mp4,319,5.321983,32,sports ball,0.873319,651.437,312.511,699.080,358.304,675.258,335.407,47.643,45.793
identical_balls_trick_000_018.mp4,319,5.321983,32,sports ball,0.467503,548.068,285.581,590.483,330.981,569.276,308.281,42.415,45.400
identical_balls_trick_000_018.mp4,320,5.338667,32,sports ball,0.868835,651.434,312.500,699.083,358.304,675.258,335.402,47.649,45.804
identical_balls_trick_000_018.mp4,320,5.338667,32,sports ball,0.467959,548.074,285.596,590.484,330.978,569.279,308.287,42.410,45.381
identical_balls_trick_000_018.mp4,321,5.355350,32,sports ball,0.782711,646.842,305.765,693.608,352.119,670.225,328.942,46.766,46.354
identical_balls_trick_000_018.mp4,321,5.355350,32,sports ball,0.205299,549.349,301.614,592.344,346.443,570.847,324.029,42.995,44.829
identical_balls_trick_000_018.mp4,322,5.372033,32,sports ball,0.780090,646.972,305.764,693.616,352.059,670.294,328.911,46.643,46.295
identical_balls_trick_000_018.mp4,322,5.372033,32,sports ball,0.204522,549.243,302.200,592.351,346.476,570.797,324.338,43.108,44.275
identical_balls_trick_000_018.mp4,323,5.388717,32,sports ball,0.830502,641.926,300.126,689.297,346.132,665.611,323.129,47.371,46.007
identical_balls_trick_000_018.mp4,323,5.388717,32,sports ball,0.587309,550.546,316.544,594.160,362.185,572.353,339.364,43.614,45.641
identical_balls_trick_000_018.mp4,323,5.388717,32,sports ball,0.171172,600.614,176.520,648.847,224.615,624.730,200.567,48.234,48.095
identical_balls_trick_000_018.mp4,324,5.405400,32,sports ball,0.830429,641.924,300.117,689.304,346.138,665.614,323.127,47.380,46.021
identical_balls_trick_000_018.mp4,324,5.405400,32,sports ball,0.608703,550.544,316.520,594.156,362.197,572.350,339.358,43.612,45.676
identical_balls_trick_000_018.mp4,324,5.405400,32,sports ball,0.172208,600.610,176.516,648.863,224.619,624.736,200.568,48.253,48.103
identical_balls_trick_000_018.mp4,325,5.422083,32,sports ball,0.604840,638.492,295.565,683.565,340.291,661.028,317.928,45.074,44.726
identical_balls_trick_000_018.mp4,326,5.438767,32,sports ball,0.554647,638.680,295.391,683.737,340.488,661.209,317.940,45.057,45.097
identical_balls_trick_000_018.mp4,326,5.438767,32,sports ball,0.192055,552.160,331.163,595.185,378.339,573.672,354.751,43.025,47.175
identical_balls_trick_000_018.mp4,327,5.455450,32,sports ball,0.679582,633.533,289.582,679.120,335.471,656.326,312.526,45.586,45.889
identical_balls_trick_000_018.mp4,327,5.455450,32,sports ball,0.185485,553.317,347.697,596.743,394.407,575.030,371.052,43.426,46.710
identical_balls_trick_000_018.mp4,328,5.472133,32,sports ball,0.682556,633.544,289.588,679.147,335.475,656.346,312.531,45.602,45.887
identical_balls_trick_000_018.mp4,328,5.472133,32,sports ball,0.175172,553.313,347.692,596.743,394.412,575.028,371.052,43.430,46.719
identical_balls_trick_000_018.mp4,329,5.488817,32,sports ball,0.586251,629.123,285.954,675.374,330.946,652.249,308.450,46.251,44.992
identical_balls_trick_000_018.mp4,330,5.505500,32,sports ball,0.591687,629.383,285.685,675.343,330.913,652.363,308.299,45.960,45.228
identical_balls_trick_000_018.mp4,331,5.522183,32,sports ball,0.456685,626.646,282.203,673.681,327.480,650.163,304.841,47.035,45.277
identical_balls_trick_000_018.mp4,331,5.522183,32,sports ball,0.154144,604.099,127.145,650.282,174.540,627.191,150.843,46.182,47.395
identical_balls_trick_000_018.mp4,332,5.538867,32,sports ball,0.467759,626.655,282.204,673.693,327.489,650.174,304.847,47.039,45.285
identical_balls_trick_000_018.mp4,332,5.538867,32,sports ball,0.150547,604.106,127.154,650.255,174.554,627.181,150.854,46.149,47.399
identical_balls_trick_000_018.mp4,333,5.555550,32,sports ball,0.221620,604.682,115.242,651.018,163.798,627.850,139.520,46.335,48.556
identical_balls_trick_000_018.mp4,334,5.572233,32,sports ball,0.315807,604.395,115.242,651.087,163.824,627.741,139.533,46.692,48.583
identical_balls_trick_000_018.mp4,334,5.572233,32,sports ball,0.213899,624.891,279.134,671.974,323.637,648.433,301.385,47.084,44.503
identical_balls_trick_000_018.mp4,335,5.588917,32,sports ball,0.395840,605.035,104.544,651.599,153.123,628.317,128.834,46.564,48.580
identical_balls_trick_000_018.mp4,335,5.588917,32,sports ball,0.167747,605.434,104.960,651.422,153.156,628.428,129.058,45.988,48.196
identical_balls_trick_000_018.mp4,336,5.605600,32,sports ball,0.405851,605.038,104.551,651.583,153.124,628.311,128.838,46.544,48.572
identical_balls_trick_000_018.mp4,337,5.622283,32,sports ball,0.339679,605.277,93.983,652.308,142.899,628.792,118.441,47.031,48.916
identical_balls_trick_000_018.mp4,338,5.638967,32,sports ball,0.361986,605.292,93.845,652.312,142.897,628.802,118.371,47.020,49.052
identical_balls_trick_000_018.mp4,339,5.655650,32,sports ball,0.420366,606.735,83.731,652.716,133.094,629.726,108.413,45.981,49.363
identical_balls_trick_000_018.mp4,340,5.672333,32,sports ball,0.433105,606.746,83.739,652.730,133.110,629.738,108.425,45.984,49.370
identical_balls_trick_000_018.mp4,341,5.689017,32,sports ball,0.263551,607.169,74.585,654.003,123.472,630.586,99.029,46.834,48.887
identical_balls_trick_000_018.mp4,342,5.705700,32,sports ball,0.282502,607.160,74.633,654.000,123.483,630.580,99.058,46.839,48.850
identical_balls_trick_000_018.mp4,343,5.722383,32,sports ball,0.333204,608.352,65.447,654.730,115.022,631.541,90.234,46.379,49.575
identical_balls_trick_000_018.mp4,344,5.739067,32,sports ball,0.328287,608.331,65.448,654.735,115.101,631.533,90.274,46.404,49.653
identical_balls_trick_000_018.mp4,347,5.789117,32,sports ball,0.386445,609.287,48.870,655.994,98.527,632.640,73.698,46.707,49.657
identical_balls_trick_000_018.mp4,348,5.805800,32,sports ball,0.345744,609.219,48.874,655.987,98.537,632.603,73.706,46.768,49.663
identical_balls_trick_000_018.mp4,349,5.822483,32,sports ball,0.479398,609.565,41.381,656.014,90.940,632.789,66.160,46.449,49.559
identical_balls_trick_000_018.mp4,350,5.839167,32,sports ball,0.458733,609.562,41.389,655.958,90.859,632.760,66.124,46.396,49.470
identical_balls_trick_000_018.mp4,353,5.889217,32,sports ball,0.171376,610.334,26.836,657.395,77.506,633.864,52.171,47.061,50.670
identical_balls_trick_000_018.mp4,354,5.905900,32,sports ball,0.194406,610.342,26.756,657.465,77.499,633.904,52.128,47.123,50.743
identical_balls_trick_000_018.mp4,355,5.922583,32,sports ball,0.244946,610.829,20.696,658.389,70.891,634.609,45.793,47.560,50.194
identical_balls_trick_000_018.mp4,356,5.939267,32,sports ball,0.262455,610.826,20.704,658.387,70.939,634.606,45.821,47.561,50.236
identical_balls_trick_000_018.mp4,359,5.989317,32,sports ball,0.196350,612.666,9.703,659.346,59.834,636.006,34.769,46.681,50.131
identical_balls_trick_000_018.mp4,360,6.006000,32,sports ball,0.191087,612.664,9.697,659.356,59.850,636.010,34.774,46.692,50.154
identical_balls_trick_000_018.mp4,361,6.022683,32,sports ball,0.348596,613.202,5.738,659.929,55.274,636.566,30.506,46.727,49.536
identical_balls_trick_000_018.mp4,362,6.039367,32,sports ball,0.358609,613.079,5.732,659.944,55.257,636.512,30.495,46.865,49.525
identical_balls_trick_000_018.mp4,363,6.056050,32,sports ball,0.450242,613.607,2.254,660.350,50.770,636.979,26.512,46.744,48.516
identical_balls_trick_000_018.mp4,364,6.072733,32,sports ball,0.457354,613.606,2.256,660.350,50.760,636.978,26.508,46.744,48.503
identical_balls_trick_000_018.mp4,365,6.089417,32,sports ball,0.491577,613.892,1.263,660.949,47.796,637.420,24.530,47.058,46.533
identical_balls_trick_000_018.mp4,366,6.106100,32,sports ball,0.519696,613.972,1.263,660.992,47.709,637.482,24.486,47.021,46.446
identical_balls_trick_000_018.mp4,367,6.122783,32,sports ball,0.434254,614.590,0.592,661.289,44.397,637.940,22.494,46.699,43.805
identical_balls_trick_000_018.mp4,368,6.139467,32,sports ball,0.425117,614.589,0.591,661.292,44.395,637.940,22.493,46.702,43.804
identical_balls_trick_000_018.mp4,369,6.156150,32,sports ball,0.433311,615.448,0.889,661.689,41.787,638.568,21.338,46.240,40.897
identical_balls_trick_000_018.mp4,370,6.172833,32,sports ball,0.421237,615.537,0.909,661.695,41.778,638.616,21.344,46.157,40.869
identical_balls_trick_000_018.mp4,371,6.189517,32,sports ball,0.415685,616.106,0.905,662.715,39.062,639.410,19.984,46.608,38.157
identical_balls_trick_000_018.mp4,372,6.206200,32,sports ball,0.396570,616.135,0.892,662.687,38.997,639.411,19.944,46.553,38.105
identical_balls_trick_000_018.mp4,377,6.289617,32,sports ball,0.156577,617.522,0.063,664.386,35.824,640.954,17.944,46.864,35.761
identical_balls_trick_000_018.mp4,378,6.306300,32,sports ball,0.157834,617.501,0.060,664.379,35.852,640.940,17.956,46.878,35.791
identical_balls_trick_000_018.mp4,379,6.322983,32,sports ball,0.156210,618.010,0.000,664.913,35.499,641.462,17.750,46.903,35.499
identical_balls_trick_000_018.mp4,380,6.339667,32,sports ball,0.155476,618.023,0.000,664.901,35.355,641.462,17.677,46.878,35.355
identical_balls_trick_000_018.mp4,381,6.356350,32,sports ball,0.160428,618.235,0.000,665.671,35.304,641.953,17.652,47.436,35.304
identical_balls_trick_000_018.mp4,382,6.373033,32,sports ball,0.183144,618.239,0.000,665.665,35.321,641.952,17.661,47.426,35.321
identical_balls_trick_000_018.mp4,389,6.489817,32,sports ball,0.200542,619.815,0.409,667.354,40.354,643.584,20.382,47.539,39.945
identical_balls_trick_000_018.mp4,390,6.506500,32,sports ball,0.200047,619.816,0.409,667.348,40.358,643.582,20.383,47.532,39.949
identical_balls_trick_000_018.mp4,391,6.523183,32,sports ball,0.208441,620.862,0.645,667.988,42.953,644.425,21.799,47.127,42.308
identical_balls_trick_000_018.mp4,392,6.539867,32,sports ball,0.210074,620.841,0.650,667.990,42.946,644.415,21.798,47.148,42.296
identical_balls_trick_000_018.mp4,393,6.556550,32,sports ball,0.338396,621.427,0.900,668.421,46.066,644.924,23.483,46.994,45.166
identical_balls_trick_000_018.mp4,394,6.573233,32,sports ball,0.338488,621.865,0.878,668.483,46.121,645.174,23.499,46.618,45.243
identical_balls_trick_000_018.mp4,395,6.589917,32,sports ball,0.303818,621.966,1.175,669.423,49.143,645.695,25.159,47.457,47.968
identical_balls_trick_000_018.mp4,396,6.606600,32,sports ball,0.320321,621.933,1.168,669.408,49.149,645.671,25.158,47.475,47.981
identical_balls_trick_000_018.mp4,397,6.623283,32,sports ball,0.582840,623.073,2.626,670.970,53.228,647.021,27.927,47.897,50.602
identical_balls_trick_000_018.mp4,397,6.623283,32,sports ball,0.363675,639.574,240.436,684.199,284.533,661.887,262.485,44.625,44.097
identical_balls_trick_000_018.mp4,398,6.639967,32,sports ball,0.628887,622.720,2.606,671.021,53.213,646.870,27.910,48.300,50.607
identical_balls_trick_000_018.mp4,398,6.639967,32,sports ball,0.434243,639.575,240.544,684.059,284.566,661.817,262.555,44.484,44.022
identical_balls_trick_000_018.mp4,399,6.656650,32,sports ball,0.672175,623.778,7.368,671.420,57.819,647.599,32.594,47.642,50.451
identical_balls_trick_000_018.mp4,399,6.656650,32,sports ball,0.443656,641.036,241.629,687.850,285.672,664.443,263.651,46.814,44.043
identical_balls_trick_000_018.mp4,400,6.673333,32,sports ball,0.662987,624.030,7.364,671.381,57.826,647.705,32.595,47.351,50.462
identical_balls_trick_000_018.mp4,400,6.673333,32,sports ball,0.431554,641.015,241.609,687.813,285.694,664.414,263.651,46.799,44.085
identical_balls_trick_000_018.mp4,401,6.690017,32,sports ball,0.610071,623.600,11.701,671.440,62.848,647.520,37.274,47.840,51.146
identical_balls_trick_000_018.mp4,401,6.690017,32,sports ball,0.365824,642.747,243.497,688.620,287.912,665.683,265.705,45.873,44.415
identical_balls_trick_000_018.mp4,402,6.706700,32,sports ball,0.601807,624.024,11.660,671.453,63.124,647.738,37.392,47.430,51.464
identical_balls_trick_000_018.mp4,402,6.706700,32,sports ball,0.369372,642.820,243.563,688.588,287.864,665.704,265.714,45.768,44.301
identical_balls_trick_000_018.mp4,403,6.723383,32,sports ball,0.621832,625.158,17.172,671.739,68.247,648.448,42.710,46.581,51.075
identical_balls_trick_000_018.mp4,403,6.723383,32,sports ball,0.322452,643.975,245.538,689.647,289.912,666.811,267.725,45.672,44.373
identical_balls_trick_000_018.mp4,404,6.740067,32,sports ball,0.632294,625.258,17.172,671.763,68.246,648.511,42.709,46.505,51.074
identical_balls_trick_000_018.mp4,404,6.740067,32,sports ball,0.336955,643.948,245.523,689.650,289.917,666.799,267.720,45.702,44.393
identical_balls_trick_000_018.mp4,405,6.756750,32,sports ball,0.631050,625.299,23.301,672.097,74.101,648.698,48.701,46.797,50.800
identical_balls_trick_000_018.mp4,405,6.756750,32,sports ball,0.347845,646.639,248.274,691.221,292.603,668.930,270.438,44.583,44.330
identical_balls_trick_000_018.mp4,406,6.773433,32,sports ball,0.597025,625.454,23.301,672.195,74.065,648.824,48.683,46.740,50.765
identical_balls_trick_000_018.mp4,406,6.773433,32,sports ball,0.312887,647.089,248.250,691.212,292.600,669.150,270.425,44.123,44.350
identical_balls_trick_000_018.mp4,407,6.790117,32,sports ball,0.766399,625.846,30.516,672.559,80.466,649.203,55.491,46.713,49.950
identical_balls_trick_000_018.mp4,407,6.790117,32,sports ball,0.654508,647.809,251.090,693.280,295.140,670.544,273.115,45.471,44.050
identical_balls_trick_000_018.mp4,408,6.806800,32,sports ball,0.769118,625.814,30.509,672.569,80.487,649.191,55.498,46.755,49.978
identical_balls_trick_000_018.mp4,408,6.806800,32,sports ball,0.664922,647.791,251.110,693.276,295.172,670.534,273.141,45.486,44.062
identical_balls_trick_000_018.mp4,409,6.823483,32,sports ball,0.802737,625.961,37.002,672.681,88.062,649.321,62.532,46.720,51.061
identical_balls_trick_000_018.mp4,409,6.823483,32,sports ball,0.641223,649.423,255.637,694.003,299.302,671.713,277.469,44.580,43.665
identical_balls_trick_000_018.mp4,409,6.823483,32,sports ball,0.297302,527.735,484.995,571.753,525.777,549.744,505.386,44.018,40.782
identical_balls_trick_000_018.mp4,410,6.840167,32,sports ball,0.815719,625.952,37.015,672.788,88.028,649.370,62.521,46.836,51.013
identical_balls_trick_000_018.mp4,410,6.840167,32,sports ball,0.648527,649.299,255.595,693.990,299.312,671.645,277.454,44.692,43.717
identical_balls_trick_000_018.mp4,410,6.840167,32,sports ball,0.299579,527.712,484.992,571.926,525.745,549.819,505.369,44.214,40.753
identical_balls_trick_000_018.mp4,411,6.856850,32,sports ball,0.818322,650.717,258.567,696.225,303.593,673.471,281.080,45.508,45.026
identical_balls_trick_000_018.mp4,411,6.856850,32,sports ball,0.798185,626.618,44.350,673.827,95.597,650.222,69.974,47.209,51.247
identical_balls_trick_000_018.mp4,411,6.856850,32,sports ball,0.276821,522.390,468.848,569.098,509.968,545.744,489.408,46.708,41.121
identical_balls_trick_000_018.mp4,412,6.873533,32,sports ball,0.819935,650.760,258.757,696.217,303.609,673.488,281.183,45.457,44.852
identical_balls_trick_000_018.mp4,412,6.873533,32,sports ball,0.803609,626.612,44.343,673.782,95.406,650.197,69.875,47.169,51.063
identical_balls_trick_000_018.mp4,412,6.873533,32,sports ball,0.255423,522.355,468.837,569.102,509.947,545.728,489.392,46.747,41.110
identical_balls_trick_000_018.mp4,413,6.890217,32,sports ball,0.653423,653.517,263.169,698.017,307.882,675.767,285.526,44.500,44.714
identical_balls_trick_000_018.mp4,413,6.890217,32,sports ball,0.325730,627.073,52.923,674.144,103.604,650.608,78.263,47.071,50.681
identical_balls_trick_000_018.mp4,414,6.906900,32,sports ball,0.635324,654.379,263.211,698.037,307.879,676.208,285.545,43.659,44.668
identical_balls_trick_000_018.mp4,414,6.906900,32,sports ball,0.154910,627.602,53.162,673.480,103.612,650.541,78.387,45.878,50.450
identical_balls_trick_000_018.mp4,415,6.923583,32,sports ball,0.787193,656.133,268.245,699.623,313.208,677.878,290.727,43.490,44.963
identical_balls_trick_000_018.mp4,415,6.923583,32,sports ball,0.571881,628.335,61.083,674.532,111.966,651.433,86.524,46.197,50.883
identical_balls_trick_000_018.mp4,416,6.940267,32,sports ball,0.789282,656.307,268.194,699.618,313.211,677.962,290.702,43.312,45.017
identical_balls_trick_000_018.mp4,416,6.940267,32,sports ball,0.651339,628.334,60.699,674.487,111.837,651.410,86.268,46.152,51.139
identical_balls_trick_000_018.mp4,417,6.956950,32,sports ball,0.801239,657.306,273.086,702.123,319.036,679.715,296.061,44.817,45.950
identical_balls_trick_000_018.mp4,417,6.956950,32,sports ball,0.572733,628.780,70.053,674.867,120.733,651.823,95.393,46.087,50.680
identical_balls_trick_000_018.mp4,417,6.956950,32,sports ball,0.371601,520.075,416.846,565.509,460.283,542.792,438.564,45.434,43.437
identical_balls_trick_000_018.mp4,418,6.973633,32,sports ball,0.803174,657.299,273.086,702.062,319.039,679.681,296.063,44.764,45.953
identical_balls_trick_000_018.mp4,418,6.973633,32,sports ball,0.558512,628.809,70.046,674.878,120.686,651.844,95.366,46.070,50.640
identical_balls_trick_000_018.mp4,418,6.973633,32,sports ball,0.377660,520.094,416.866,565.510,460.291,542.802,438.578,45.416,43.426
identical_balls_trick_000_018.mp4,419,6.990317,32,sports ball,0.837994,659.088,279.182,703.701,324.803,681.395,301.993,44.613,45.622
identical_balls_trick_000_018.mp4,419,6.990317,32,sports ball,0.728858,628.851,80.220,675.681,130.184,652.266,105.202,46.831,49.964
identical_balls_trick_000_018.mp4,419,6.990317,32,sports ball,0.651778,519.363,398.703,564.487,443.698,541.925,421.200,45.124,44.995
identical_balls_trick_000_018.mp4,420,7.007000,32,sports ball,0.841842,659.064,279.171,703.686,324.798,681.375,301.984,44.622,45.626
identical_balls_trick_000_018.mp4,420,7.007000,32,sports ball,0.734957,628.862,80.219,675.763,130.444,652.312,105.331,46.901,50.225
identical_balls_trick_000_018.mp4,420,7.007000,32,sports ball,0.651263,519.365,398.709,564.488,443.696,541.927,421.202,45.122,44.987
identical_balls_trick_000_018.mp4,421,7.023683,32,sports ball,0.824512,630.270,90.225,676.333,140.215,653.301,115.220,46.063,49.990
identical_balls_trick_000_018.mp4,421,7.023683,32,sports ball,0.801262,659.814,286.431,705.333,331.022,682.573,308.727,45.519,44.591
identical_balls_trick_000_018.mp4,421,7.023683,32,sports ball,0.692184,517.683,381.141,564.176,425.955,540.929,403.548,46.494,44.814
identical_balls_trick_000_018.mp4,422,7.040367,32,sports ball,0.804225,659.805,286.487,705.410,331.246,682.607,308.866,45.604,44.759
identical_balls_trick_000_018.mp4,422,7.040367,32,sports ball,0.803350,629.944,90.165,676.075,140.133,653.010,115.149,46.132,49.968
identical_balls_trick_000_018.mp4,422,7.040367,32,sports ball,0.711118,517.417,380.918,564.458,425.997,540.937,403.458,47.042,45.080
identical_balls_trick_000_018.mp4,423,7.057050,32,sports ball,0.823196,661.981,292.501,706.927,337.883,684.454,315.192,44.945,45.382
identical_balls_trick_000_018.mp4,423,7.057050,32,sports ball,0.742096,516.742,363.651,561.836,409.788,539.289,386.720,45.094,46.137
identical_balls_trick_000_018.mp4,423,7.057050,32,sports ball,0.434373,630.903,100.784,676.415,150.799,653.659,125.792,45.512,50.015
identical_balls_trick_000_018.mp4,423,7.057050,32,sports ball,0.286393,630.661,100.642,676.981,150.784,653.821,125.713,46.320,50.142
identical_balls_trick_000_018.mp4,424,7.073733,32,sports ball,0.829012,662.042,292.490,706.926,337.872,684.484,315.181,44.884,45.382
identical_balls_trick_000_018.mp4,424,7.073733,32,sports ball,0.740912,516.739,363.618,561.859,409.752,539.299,386.685,45.120,46.134
identical_balls_trick_000_018.mp4,424,7.073733,32,sports ball,0.428530,630.895,100.770,676.286,150.790,653.591,125.780,45.391,50.019
identical_balls_trick_000_018.mp4,424,7.073733,32,sports ball,0.329619,630.656,100.610,676.885,150.776,653.771,125.693,46.229,50.166
identical_balls_trick_000_018.mp4,425,7.090417,32,sports ball,0.840303,664.658,300.575,709.135,345.707,686.896,323.141,44.478,45.132
identical_balls_trick_000_018.mp4,425,7.090417,32,sports ball,0.692414,514.821,348.207,561.174,393.412,537.997,370.810,46.353,45.205
identical_balls_trick_000_018.mp4,425,7.090417,32,sports ball,0.613855,630.959,112.272,677.674,161.626,654.317,136.949,46.715,49.354
identical_balls_trick_000_018.mp4,425,7.090417,32,sports ball,0.351965,631.149,112.380,677.260,161.511,654.204,136.946,46.111,49.131
identical_balls_trick_000_018.mp4,426,7.107100,32,sports ball,0.840413,664.611,300.480,709.168,345.724,686.889,323.102,44.557,45.244
identical_balls_trick_000_018.mp4,426,7.107100,32,sports ball,0.703052,514.791,348.079,561.168,393.492,537.980,370.786,46.377,45.413
identical_balls_trick_000_018.mp4,426,7.107100,32,sports ball,0.454957,631.272,112.448,677.163,161.525,654.218,136.987,45.891,49.077
identical_balls_trick_000_018.mp4,426,7.107100,32,sports ball,0.391882,631.074,112.348,677.600,161.663,654.337,137.006,46.526,49.315
identical_balls_trick_000_018.mp4,427,7.123783,32,sports ball,0.803175,665.918,307.695,710.323,352.764,688.120,330.229,44.405,45.069
identical_balls_trick_000_018.mp4,427,7.123783,32,sports ball,0.460134,513.040,332.198,559.104,377.799,536.072,354.998,46.064,45.601
identical_balls_trick_000_018.mp4,427,7.123783,32,sports ball,0.282953,632.344,123.216,678.377,173.231,655.360,148.224,46.033,50.015
identical_balls_trick_000_018.mp4,427,7.123783,32,sports ball,0.195004,632.029,123.044,679.103,173.380,655.566,148.212,47.074,50.336
identical_balls_trick_000_018.mp4,428,7.140467,32,sports ball,0.802020,665.917,307.697,710.326,352.768,688.121,330.233,44.409,45.071
identical_balls_trick_000_018.mp4,428,7.140467,32,sports ball,0.471436,513.001,332.210,559.099,377.801,536.050,355.005,46.098,45.592
identical_balls_trick_000_018.mp4,428,7.140467,32,sports ball,0.260470,632.342,123.197,678.377,173.242,655.359,148.219,46.035,50.045
identical_balls_trick_000_018.mp4,428,7.140467,32,sports ball,0.222621,632.024,123.032,679.104,173.387,655.564,148.209,47.079,50.356
identical_balls_trick_000_018.mp4,429,7.157150,32,sports ball,0.855847,666.936,315.126,712.443,361.894,689.690,338.510,45.507,46.767
identical_balls_trick_000_018.mp4,429,7.157150,32,sports ball,0.624251,512.091,315.960,557.835,363.001,534.963,339.480,45.744,47.041
identical_balls_trick_000_018.mp4,430,7.173833,32,sports ball,0.858441,666.935,315.131,712.538,361.803,689.736,338.467,45.602,46.672
identical_balls_trick_000_018.mp4,430,7.173833,32,sports ball,0.617567,512.253,315.929,557.789,362.886,535.021,339.407,45.537,46.957
identical_balls_trick_000_018.mp4,431,7.190517,32,sports ball,0.818626,669.048,322.848,714.139,370.064,691.593,346.456,45.091,47.215
identical_balls_trick_000_018.mp4,431,7.190517,32,sports ball,0.701159,510.682,301.135,556.138,346.969,533.410,324.052,45.456,45.834
identical_balls_trick_000_018.mp4,431,7.190517,32,sports ball,0.255238,632.895,147.579,680.202,196.615,656.549,172.097,47.307,49.036
identical_balls_trick_000_018.mp4,432,7.207200,32,sports ball,0.818212,669.063,322.841,714.147,370.057,691.605,346.449,45.084,47.216
identical_balls_trick_000_018.mp4,432,7.207200,32,sports ball,0.686515,510.669,301.151,556.141,346.971,533.405,324.061,45.472,45.820
identical_balls_trick_000_018.mp4,432,7.207200,32,sports ball,0.234307,632.894,147.475,680.203,196.779,656.548,172.127,47.309,49.304
identical_balls_trick_000_018.mp4,433,7.223883,32,sports ball,0.531619,670.666,332.164,715.162,378.817,692.914,355.491,44.496,46.654
identical_balls_trick_000_018.mp4,433,7.223883,32,sports ball,0.291836,633.602,160.882,680.223,209.393,656.912,185.138,46.621,48.511
identical_balls_trick_000_018.mp4,433,7.223883,32,sports ball,0.248812,509.145,285.632,554.966,332.648,532.055,309.140,45.821,47.016
identical_balls_trick_000_018.mp4,434,7.240567,32,sports ball,0.469434,670.666,332.226,715.090,378.829,692.878,355.528,44.424,46.603
identical_balls_trick_000_018.mp4,434,7.240567,32,sports ball,0.235040,633.582,160.811,680.215,209.508,656.898,185.159,46.633,48.697
identical_balls_trick_000_018.mp4,434,7.240567,32,sports ball,0.208391,509.113,285.552,554.912,332.687,532.012,309.119,45.798,47.135
identical_balls_trick_000_018.mp4,435,7.257250,32,sports ball,0.499668,508.386,271.564,554.511,317.388,531.448,294.476,46.125,45.824
identical_balls_trick_000_018.mp4,435,7.257250,32,sports ball,0.184458,672.562,341.528,716.415,387.884,694.489,364.706,43.852,46.356
identical_balls_trick_000_018.mp4,436,7.273933,32,sports ball,0.474008,508.379,271.354,554.510,317.393,531.444,294.374,46.130,46.039
identical_balls_trick_000_018.mp4,436,7.273933,32,sports ball,0.204273,672.567,341.528,716.419,387.890,694.493,364.709,43.852,46.362
identical_balls_trick_000_018.mp4,437,7.290617,32,sports ball,0.692848,507.062,257.693,552.922,303.682,529.992,280.687,45.860,45.989
identical_balls_trick_000_018.mp4,437,7.290617,32,sports ball,0.616285,674.603,352.163,718.732,398.015,696.668,375.089,44.129,45.853
identical_balls_trick_000_018.mp4,437,7.290617,32,sports ball,0.501925,634.672,189.584,682.857,236.463,658.765,213.023,48.184,46.879
identical_balls_trick_000_018.mp4,438,7.307300,32,sports ball,0.650033,507.065,257.694,553.161,304.056,530.113,280.875,46.095,46.362
identical_balls_trick_000_018.mp4,438,7.307300,32,sports ball,0.587412,674.588,352.123,718.747,398.102,696.668,375.113,44.158,45.978
identical_balls_trick_000_018.mp4,438,7.307300,32,sports ball,0.464194,634.746,189.571,682.947,236.474,658.847,213.023,48.201,46.903
identical_balls_trick_000_018.mp4,439,7.323983,32,sports ball,0.453596,635.295,202.924,682.692,250.944,658.993,226.934,47.397,48.020
identical_balls_trick_000_018.mp4,439,7.323983,32,sports ball,0.384852,506.557,243.129,552.822,290.172,529.689,266.651,46.264,47.043
identical_balls_trick_000_018.mp4,439,7.323983,32,sports ball,0.271781,675.891,361.413,720.178,408.386,698.034,384.899,44.287,46.974
identical_balls_trick_000_018.mp4,440,7.340667,32,sports ball,0.454802,635.295,202.926,682.691,250.948,658.993,226.937,47.396,48.023
identical_balls_trick_000_018.mp4,440,7.340667,32,sports ball,0.381377,506.551,243.135,552.830,290.181,529.690,266.658,46.279,47.046
identical_balls_trick_000_018.mp4,440,7.340667,32,sports ball,0.260323,675.877,361.397,720.196,408.407,698.037,384.902,44.319,47.010
identical_balls_trick_000_018.mp4,441,7.357350,32,sports ball,0.403657,637.653,217.479,683.510,267.290,660.581,242.384,45.857,49.810
identical_balls_trick_000_018.mp4,441,7.357350,32,sports ball,0.194566,505.856,230.270,550.832,276.660,528.344,253.465,44.976,46.390
identical_balls_trick_000_018.mp4,442,7.374033,32,sports ball,0.420555,637.630,217.457,683.499,267.234,660.565,242.346,45.869,49.776
identical_balls_trick_000_018.mp4,442,7.374033,32,sports ball,0.187269,505.866,230.288,550.840,276.674,528.353,253.481,44.974,46.386
identical_balls_trick_000_018.mp4,443,7.390717,32,sports ball,0.601159,505.338,217.656,550.833,264.185,528.085,240.921,45.495,46.530
identical_balls_trick_000_018.mp4,443,7.390717,32,sports ball,0.394581,637.782,234.751,683.964,282.498,660.873,258.624,46.182,47.747
identical_balls_trick_000_018.mp4,444,7.407400,32,sports ball,0.613260,505.372,217.674,550.811,264.123,528.092,240.898,45.439,46.449
identical_balls_trick_000_018.mp4,444,7.407400,32,sports ball,0.397968,637.776,234.766,683.955,282.491,660.865,258.628,46.179,47.725
identical_balls_trick_000_018.mp4,445,7.424083,32,sports ball,0.578406,638.781,251.022,684.833,296.843,661.807,273.933,46.052,45.821
identical_balls_trick_000_018.mp4,445,7.424083,32,sports ball,0.251296,680.866,394.735,724.400,440.329,702.633,417.532,43.533,45.594
identical_balls_trick_000_018.mp4,445,7.424083,32,sports ball,0.217060,505.015,204.360,550.257,251.207,527.636,227.783,45.242,46.847
identical_balls_trick_000_018.mp4,445,7.424083,32,sports ball,0.195556,505.114,204.490,549.975,250.907,527.545,227.698,44.861,46.417
identical_balls_trick_000_018.mp4,446,7.440767,32,sports ball,0.567568,638.783,251.134,684.866,296.930,661.824,274.032,46.083,45.796
identical_balls_trick_000_018.mp4,446,7.440767,32,sports ball,0.389566,504.472,204.421,550.139,251.082,527.305,227.751,45.667,46.662
identical_balls_trick_000_018.mp4,446,7.440767,32,sports ball,0.244455,680.862,394.745,724.402,440.330,702.632,417.537,43.540,45.585
identical_balls_trick_000_018.mp4,447,7.457450,32,sports ball,0.588857,638.581,265.841,685.491,313.986,662.036,289.914,46.910,48.145
identical_balls_trick_000_018.mp4,447,7.457450,32,sports ball,0.390175,504.060,192.794,549.532,239.335,526.796,216.064,45.473,46.542
identical_balls_trick_000_018.mp4,447,7.457450,32,sports ball,0.225588,681.712,406.051,726.299,452.537,704.005,429.294,44.587,46.486
identical_balls_trick_000_018.mp4,447,7.457450,32,sports ball,0.183360,504.216,192.854,549.384,239.281,526.800,216.068,45.169,46.426
identical_balls_trick_000_018.mp4,448,7.474133,32,sports ball,0.574247,638.970,265.766,685.442,313.926,662.206,289.846,46.473,48.159
identical_balls_trick_000_018.mp4,448,7.474133,32,sports ball,0.357942,504.050,192.801,549.508,239.346,526.779,216.073,45.458,46.546
identical_balls_trick_000_018.mp4,448,7.474133,32,sports ball,0.219344,681.725,406.052,726.319,452.542,704.022,429.297,44.594,46.491
identical_balls_trick_000_018.mp4,448,7.474133,32,sports ball,0.210461,504.214,192.869,549.354,239.296,526.784,216.082,45.140,46.427
identical_balls_trick_000_018.mp4,449,7.490817,32,sports ball,0.739386,640.026,282.174,686.153,331.057,663.090,306.615,46.127,48.883
identical_balls_trick_000_018.mp4,449,7.490817,32,sports ball,0.411465,503.031,180.225,548.829,228.139,525.930,204.182,45.798,47.914
identical_balls_trick_000_018.mp4,449,7.490817,32,sports ball,0.168932,684.368,419.371,728.661,463.841,706.515,441.606,44.293,44.470
identical_balls_trick_000_018.mp4,450,7.507500,32,sports ball,0.751146,640.135,282.210,686.163,331.064,663.149,306.637,46.027,48.854
identical_balls_trick_000_018.mp4,450,7.507500,32,sports ball,0.439559,503.077,180.202,548.838,227.965,525.958,204.084,45.761,47.763
identical_balls_trick_000_018.mp4,450,7.507500,32,sports ball,0.168961,684.351,419.200,728.685,463.867,706.518,441.533,44.334,44.667
identical_balls_trick_000_018.mp4,451,7.524183,32,sports ball,0.696241,640.354,300.925,687.160,348.741,663.757,324.833,46.806,47.816
identical_balls_trick_000_018.mp4,451,7.524183,32,sports ball,0.548215,501.741,168.979,548.432,216.932,525.086,192.956,46.691,47.953
identical_balls_trick_000_018.mp4,451,7.524183,32,sports ball,0.150709,501.875,169.176,548.364,216.902,525.120,193.039,46.489,47.726
identical_balls_trick_000_018.mp4,452,7.540867,32,sports ball,0.692126,640.356,300.924,687.172,348.735,663.764,324.829,46.816,47.811
identical_balls_trick_000_018.mp4,452,7.540867,32,sports ball,0.547630,501.728,168.976,548.436,216.954,525.082,192.965,46.708,47.977
identical_balls_trick_000_018.mp4,452,7.540867,32,sports ball,0.156032,501.849,169.165,548.360,216.917,525.104,193.041,46.511,47.752
identical_balls_trick_000_018.mp4,453,7.557550,32,sports ball,0.726480,640.335,317.776,687.514,367.536,663.924,342.656,47.179,49.760
identical_balls_trick_000_018.mp4,453,7.557550,32,sports ball,0.487724,501.251,157.365,547.612,205.679,524.432,181.522,46.361,48.314
identical_balls_trick_000_018.mp4,454,7.574233,32,sports ball,0.711573,640.176,317.665,687.544,367.570,663.860,342.618,47.369,49.905
identical_balls_trick_000_018.mp4,454,7.574233,32,sports ball,0.465196,501.224,157.471,547.657,205.648,524.441,181.559,46.433,48.177
identical_balls_trick_000_018.mp4,455,7.590917,32,sports ball,0.614993,500.780,146.567,547.312,195.523,524.046,171.045,46.532,48.956
identical_balls_trick_000_018.mp4,456,7.607600,32,sports ball,0.597815,500.739,146.547,547.320,195.577,524.029,171.062,46.581,49.030
identical_balls_trick_000_018.mp4,457,7.624283,32,sports ball,0.211810,500.390,137.093,546.827,184.944,523.608,161.018,46.437,47.851
identical_balls_trick_000_018.mp4,457,7.624283,32,sports ball,0.193101,690.167,473.281,734.752,517.686,712.460,495.484,44.585,44.405
identical_balls_trick_000_018.mp4,458,7.640967,32,sports ball,0.309881,500.362,137.100,546.724,184.993,523.543,161.047,46.363,47.893
identical_balls_trick_000_018.mp4,458,7.640967,32,sports ball,0.173030,690.192,473.316,734.738,517.633,712.465,495.475,44.546,44.318
identical_balls_trick_000_018.mp4,458,7.640967,32,sports ball,0.168824,641.723,353.240,689.099,402.247,665.411,377.744,47.376,49.006
identical_balls_trick_000_018.mp4,459,7.657650,32,sports ball,0.390428,643.640,369.165,691.537,418.381,667.589,393.773,47.896,49.216
identical_balls_trick_000_018.mp4,459,7.657650,32,sports ball,0.320360,500.047,127.664,546.412,175.579,523.230,151.621,46.365,47.915
identical_balls_trick_000_018.mp4,460,7.674333,32,sports ball,0.401243,643.639,369.172,691.549,418.367,667.594,393.770,47.910,49.195
identical_balls_trick_000_018.mp4,460,7.674333,32,sports ball,0.310635,500.023,127.682,546.410,175.595,523.216,151.638,46.387,47.912
identical_balls_trick_000_018.mp4,460,7.674333,32,sports ball,0.175313,692.242,488.013,735.758,531.702,714.000,509.857,43.516,43.689
identical_balls_trick_000_018.mp4,461,7.691017,32,sports ball,0.198922,693.808,501.678,736.898,546.116,715.353,523.897,43.091,44.438
identical_balls_trick_000_018.mp4,461,7.691017,32,sports ball,0.154987,499.002,116.739,545.573,165.879,522.288,141.309,46.571,49.140
identical_balls_trick_000_018.mp4,462,7.707700,32,sports ball,0.215827,693.738,501.760,736.825,546.113,715.282,523.936,43.087,44.353
identical_balls_trick_000_018.mp4,463,7.724383,32,sports ball,0.177408,499.052,108.288,545.423,156.883,522.238,132.585,46.372,48.595
identical_balls_trick_000_018.mp4,464,7.741067,32,sports ball,0.180388,499.038,108.313,545.408,156.855,522.223,132.584,46.370,48.542
identical_balls_trick_000_018.mp4,465,7.757750,32,sports ball,0.260654,498.481,99.751,545.215,149.249,521.848,124.500,46.734,49.498
identical_balls_trick_000_018.mp4,466,7.774433,32,sports ball,0.288199,498.520,99.723,544.980,149.129,521.750,124.426,46.459,49.406
identical_balls_trick_000_018.mp4,467,7.791117,32,sports ball,0.232353,498.022,91.075,544.627,140.939,521.325,116.007,46.604,49.864
identical_balls_trick_000_018.mp4,467,7.791117,32,sports ball,0.158086,691.920,540.415,736.466,583.495,714.193,561.955,44.546,43.080
identical_balls_trick_000_018.mp4,468,7.807800,32,sports ball,0.249357,497.992,91.089,544.558,140.940,521.275,116.014,46.566,49.851
identical_balls_trick_000_018.mp4,468,7.807800,32,sports ball,0.162859,691.924,540.411,736.450,583.498,714.187,561.954,44.527,43.087
identical_balls_trick_000_018.mp4,469,7.824483,32,sports ball,0.361112,497.542,83.206,544.315,133.346,520.928,108.276,46.773,50.140
identical_balls_trick_000_018.mp4,469,7.824483,32,sports ball,0.189222,690.256,545.913,732.369,589.710,711.312,567.812,42.113,43.797
identical_balls_trick_000_018.mp4,469,7.824483,32,sports ball,0.161466,661.878,435.438,708.146,484.498,685.012,459.968,46.268,49.059
identical_balls_trick_000_018.mp4,470,7.841167,32,sports ball,0.403736,497.560,83.274,544.400,133.345,520.980,108.310,46.840,50.071
identical_balls_trick_000_018.mp4,470,7.841167,32,sports ball,0.213622,690.276,545.940,732.392,589.769,711.334,567.855,42.116,43.829
identical_balls_trick_000_018.mp4,470,7.841167,32,sports ball,0.165718,661.905,435.481,708.109,484.494,685.007,459.988,46.204,49.013
identical_balls_trick_000_018.mp4,471,7.857850,32,sports ball,0.265717,689.103,552.018,730.669,595.127,709.886,573.572,41.566,43.108
identical_balls_trick_000_018.mp4,471,7.857850,32,sports ball,0.253240,497.466,76.309,543.653,126.143,520.560,101.226,46.187,49.834
identical_balls_trick_000_018.mp4,471,7.857850,32,sports ball,0.246644,666.308,447.873,713.834,495.647,690.071,471.760,47.526,47.773
identical_balls_trick_000_018.mp4,472,7.874533,32,sports ball,0.267776,689.102,552.024,730.671,595.133,709.886,573.578,41.569,43.109
identical_balls_trick_000_018.mp4,472,7.874533,32,sports ball,0.258689,497.473,76.313,543.644,126.140,520.559,101.227,46.170,49.827
identical_balls_trick_000_018.mp4,472,7.874533,32,sports ball,0.246961,666.308,447.890,713.823,495.663,690.066,471.776,47.515,47.773
identical_balls_trick_000_018.mp4,473,7.891217,32,sports ball,0.458620,497.197,69.567,543.680,118.700,520.438,94.133,46.483,49.133
identical_balls_trick_000_018.mp4,474,7.907900,32,sports ball,0.505192,497.189,69.594,543.694,118.663,520.442,94.128,46.505,49.069
identical_balls_trick_000_018.mp4,475,7.924583,32,sports ball,0.346034,496.561,63.561,543.343,112.554,519.952,88.058,46.782,48.993
identical_balls_trick_000_018.mp4,476,7.941267,32,sports ball,0.350095,496.553,63.557,543.354,112.558,519.954,88.058,46.800,49.000
identical_balls_trick_000_018.mp4,477,7.957950,32,sports ball,0.223838,495.100,57.125,543.186,107.234,519.143,82.179,48.086,50.109
identical_balls_trick_000_018.mp4,478,7.974633,32,sports ball,0.183751,494.983,57.110,543.178,107.292,519.081,82.201,48.196,50.182
identical_balls_trick_000_018.mp4,479,7.991317,32,sports ball,0.321308,494.245,51.848,542.442,101.437,518.343,76.643,48.197,49.589
identical_balls_trick_000_018.mp4,480,8.008000,32,sports ball,0.221321,494.293,51.836,542.443,101.425,518.368,76.630,48.150,49.589
identical_balls_trick_000_018.mp4,481,8.024683,32,sports ball,0.553714,493.791,46.894,541.251,96.623,517.521,71.758,47.461,49.729
identical_balls_trick_000_018.mp4,482,8.041367,32,sports ball,0.579427,493.404,46.919,541.268,96.628,517.336,71.774,47.865,49.709
identical_balls_trick_000_018.mp4,483,8.058050,32,sports ball,0.456953,492.787,42.376,540.626,91.917,516.707,67.147,47.838,49.541
identical_balls_trick_000_018.mp4,484,8.074733,32,sports ball,0.461048,492.800,42.380,540.623,91.972,516.711,67.176,47.824,49.592
identical_balls_trick_000_018.mp4,485,8.091417,32,sports ball,0.462968,492.479,38.332,539.860,88.796,516.169,63.564,47.381,50.464
identical_balls_trick_000_018.mp4,485,8.091417,32,sports ball,0.324152,685.825,506.065,731.773,552.220,708.799,529.142,45.948,46.155
identical_balls_trick_000_018.mp4,486,8.108100,32,sports ball,0.432529,492.179,38.283,539.835,88.795,516.007,63.539,47.656,50.512
identical_balls_trick_000_018.mp4,486,8.108100,32,sports ball,0.275049,685.830,506.050,731.757,552.242,708.794,529.146,45.927,46.192
identical_balls_trick_000_018.mp4,489,8.158150,32,sports ball,0.209558,490.822,32.805,538.963,81.574,514.893,57.189,48.141,48.769
identical_balls_trick_000_018.mp4,489,8.158150,32,sports ball,0.171294,687.853,516.435,733.830,562.969,710.842,539.702,45.977,46.534
identical_balls_trick_000_018.mp4,490,8.174833,32,sports ball,0.274910,490.858,32.611,538.961,81.477,514.910,57.044,48.103,48.866
identical_balls_trick_000_018.mp4,490,8.174833,32,sports ball,0.163792,687.785,516.432,733.828,563.043,710.807,539.738,46.043,46.610
identical_balls_trick_000_018.mp4,491,8.191517,32,sports ball,0.182648,490.537,28.909,538.311,79.330,514.424,54.120,47.774,50.421
identical_balls_trick_000_018.mp4,492,8.208200,32,sports ball,0.183433,490.523,28.903,538.310,79.318,514.416,54.110,47.787,50.414
identical_balls_trick_000_018.mp4,493,8.224883,32,sports ball,0.257709,490.156,26.949,537.954,77.287,514.055,52.118,47.798,50.338
identical_balls_trick_000_018.mp4,493,8.224883,32,sports ball,0.224647,659.658,621.237,699.243,659.136,679.451,640.187,39.585,37.899
identical_balls_trick_000_018.mp4,493,8.224883,32,sports ball,0.172954,490.141,26.751,537.742,77.227,513.942,51.989,47.601,50.476
identical_balls_trick_000_018.mp4,494,8.241567,32,sports ball,0.304120,490.167,26.944,537.964,77.298,514.065,52.121,47.797,50.354
identical_balls_trick_000_018.mp4,494,8.241567,32,sports ball,0.222554,659.664,621.234,699.313,659.260,679.489,640.247,39.649,38.026
identical_balls_trick_000_018.mp4,494,8.241567,32,sports ball,0.161040,490.150,26.745,537.749,77.238,513.950,51.992,47.599,50.494
identical_balls_trick_000_018.mp4,495,8.258250,32,sports ball,0.308824,489.583,25.265,537.419,75.592,513.501,50.429,47.837,50.327
identical_balls_trick_000_018.mp4,496,8.274933,32,sports ball,0.279859,489.582,25.273,537.390,75.573,513.486,50.423,47.809,50.300
identical_balls_trick_000_018.mp4,496,8.274933,32,sports ball,0.162018,489.615,25.115,537.143,75.555,513.379,50.335,47.528,50.440
identical_balls_trick_000_018.mp4,497,8.291617,32,sports ball,0.256639,488.956,23.989,536.973,74.554,512.964,49.271,48.017,50.565
identical_balls_trick_000_018.mp4,498,8.308300,32,sports ball,0.241777,488.728,23.994,536.882,74.513,512.805,49.254,48.154,50.519
identical_balls_trick_000_018.mp4,499,8.324983,32,sports ball,0.251680,488.260,23.392,536.515,74.184,512.388,48.788,48.255,50.792
identical_balls_trick_000_018.mp4,500,8.341667,32,sports ball,0.216695,488.414,23.483,536.775,74.223,512.595,48.853,48.362,50.740
identical_balls_trick_000_018.mp4,501,8.358350,32,sports ball,0.339161,487.903,23.410,536.025,74.155,511.964,48.783,48.122,50.745
identical_balls_trick_000_018.mp4,501,8.358350,32,sports ball,0.180665,695.631,529.029,741.565,575.022,718.598,552.025,45.934,45.993
identical_balls_trick_000_018.mp4,502,8.375033,32,sports ball,0.355438,487.848,23.412,536.202,74.159,512.025,48.785,48.355,50.747
identical_balls_trick_000_018.mp4,502,8.375033,32,sports ball,0.165441,695.631,529.038,741.565,575.000,718.598,552.019,45.935,45.961
identical_balls_trick_000_018.mp4,503,8.391717,32,sports ball,0.343555,487.508,23.808,535.584,74.894,511.546,49.351,48.076,51.086
identical_balls_trick_000_018.mp4,504,8.408400,32,sports ball,0.317426,487.370,24.003,535.591,74.895,511.481,49.449,48.222,50.892
identical_balls_trick_000_018.mp4,505,8.425083,32,sports ball,0.294156,486.880,24.708,534.861,75.771,510.870,50.239,47.982,51.062
identical_balls_trick_000_018.mp4,505,8.425083,32,sports ball,0.167608,698.920,527.427,744.016,572.183,721.468,549.805,45.096,44.757
identical_balls_trick_000_018.mp4,506,8.441767,32,sports ball,0.345099,486.764,24.706,534.859,75.753,510.811,50.230,48.095,51.048
identical_balls_trick_000_018.mp4,506,8.441767,32,sports ball,0.154686,698.881,527.524,743.962,572.438,721.422,549.981,45.081,44.914
identical_balls_trick_000_018.mp4,507,8.458450,32,sports ball,0.364016,485.655,25.871,533.937,77.399,509.796,51.635,48.282,51.528
identical_balls_trick_000_018.mp4,507,8.458450,32,sports ball,0.162805,700.734,525.448,745.443,569.263,723.089,547.355,44.709,43.815
identical_balls_trick_000_018.mp4,508,8.475133,32,sports ball,0.369888,485.493,25.867,533.922,77.423,509.708,51.645,48.430,51.555
identical_balls_trick_000_018.mp4,508,8.475133,32,sports ball,0.165604,700.744,525.445,745.444,569.245,723.094,547.345,44.700,43.800
identical_balls_trick_000_018.mp4,509,8.491817,32,sports ball,0.254106,702.427,523.763,746.747,566.547,724.587,545.155,44.320,42.783
identical_balls_trick_000_018.mp4,510,8.508500,32,sports ball,0.250380,702.406,523.760,746.741,566.556,724.573,545.158,44.335,42.796
identical_balls_trick_000_018.mp4,513,8.558550,32,sports ball,0.274481,703.768,517.660,748.052,558.421,725.910,538.040,44.284,40.761
identical_balls_trick_000_018.mp4,513,8.558550,32,sports ball,0.187900,483.638,33.504,531.771,84.789,507.705,59.146,48.133,51.286
identical_balls_trick_000_018.mp4,514,8.575233,32,sports ball,0.273562,703.758,517.658,748.062,558.406,725.910,538.032,44.304,40.748
identical_balls_trick_000_018.mp4,514,8.575233,32,sports ball,0.262878,483.621,33.500,531.419,84.776,507.520,59.138,47.798,51.276
identical_balls_trick_000_018.mp4,515,8.591917,32,sports ball,0.167910,703.527,513.605,749.271,556.430,726.399,535.017,45.744,42.825
identical_balls_trick_000_018.mp4,515,8.591917,32,sports ball,0.156876,483.160,36.638,531.312,88.865,507.236,62.751,48.152,52.227
identical_balls_trick_000_018.mp4,516,8.608600,32,sports ball,0.178707,703.536,513.662,749.260,556.417,726.398,535.039,45.724,42.755
identical_balls_trick_000_018.mp4,517,8.625283,32,sports ball,0.545106,482.637,41.028,530.588,92.076,506.612,66.552,47.952,51.049
identical_balls_trick_000_018.mp4,517,8.625283,32,sports ball,0.314829,704.562,510.000,748.825,555.952,726.693,532.976,44.263,45.952
identical_balls_trick_000_018.mp4,518,8.641967,32,sports ball,0.563322,482.647,41.022,530.317,92.002,506.482,66.512,47.670,50.980
identical_balls_trick_000_018.mp4,518,8.641967,32,sports ball,0.321272,704.556,510.008,748.813,555.903,726.685,532.956,44.257,45.895
identical_balls_trick_000_018.mp4,519,8.658650,32,sports ball,0.356390,481.601,45.309,529.938,96.759,505.770,71.034,48.337,51.450
identical_balls_trick_000_018.mp4,519,8.658650,32,sports ball,0.293260,703.669,505.167,749.158,552.762,726.414,528.964,45.489,47.595
identical_balls_trick_000_018.mp4,520,8.675333,32,sports ball,0.324787,481.754,45.334,530.000,96.555,505.877,70.944,48.246,51.220
identical_balls_trick_000_018.mp4,520,8.675333,32,sports ball,0.286059,703.659,505.168,749.143,552.744,726.401,528.956,45.485,47.575
identical_balls_trick_000_018.mp4,521,8.692017,32,sports ball,0.283816,703.575,499.824,748.341,539.586,725.958,519.705,44.766,39.763
identical_balls_trick_000_018.mp4,521,8.692017,32,sports ball,0.270150,481.344,50.280,528.546,101.687,504.945,75.983,47.201,51.407
identical_balls_trick_000_018.mp4,522,8.708700,32,sports ball,0.256894,703.587,499.839,748.316,539.410,725.951,519.624,44.730,39.571
identical_balls_trick_000_018.mp4,522,8.708700,32,sports ball,0.201802,481.351,50.277,528.532,101.682,504.942,75.980,47.181,51.405
identical_balls_trick_000_018.mp4,525,8.758750,32,sports ball,0.160586,601.521,552.654,646.385,590.183,623.953,571.418,44.864,37.529
identical_balls_trick_000_018.mp4,526,8.775433,32,sports ball,0.156847,601.488,552.648,646.383,590.193,623.936,571.421,44.895,37.545
identical_balls_trick_000_018.mp4,531,8.858850,32,sports ball,0.445528,477.425,84.003,525.950,135.052,501.687,109.528,48.525,51.049
identical_balls_trick_000_018.mp4,531,8.858850,32,sports ball,0.245140,694.562,462.884,741.103,508.991,717.832,485.937,46.541,46.107
identical_balls_trick_000_018.mp4,531,8.858850,32,sports ball,0.150190,595.756,501.461,642.623,535.297,619.189,518.379,46.867,33.836
identical_balls_trick_000_018.mp4,532,8.875533,32,sports ball,0.441670,477.472,84.004,525.937,135.006,501.704,109.505,48.465,51.002
identical_balls_trick_000_018.mp4,532,8.875533,32,sports ball,0.239319,694.601,462.959,741.023,509.246,717.812,486.103,46.422,46.288
identical_balls_trick_000_018.mp4,532,8.875533,32,sports ball,0.152349,595.713,501.457,642.621,535.313,619.167,518.385,46.908,33.856
identical_balls_trick_000_018.mp4,533,8.892217,32,sports ball,0.462480,476.922,92.178,525.403,143.445,501.162,117.811,48.480,51.267
identical_balls_trick_000_018.mp4,533,8.892217,32,sports ball,0.172441,693.639,452.797,738.062,499.978,715.850,476.388,44.423,47.181
identical_balls_trick_000_018.mp4,533,8.892217,32,sports ball,0.169692,594.805,482.503,641.550,515.734,618.178,499.118,46.745,33.231
identical_balls_trick_000_018.mp4,534,8.908900,32,sports ball,0.491753,476.906,92.153,525.399,143.541,501.153,117.847,48.494,51.388
identical_balls_trick_000_018.mp4,534,8.908900,32,sports ball,0.185265,693.681,452.813,738.151,499.763,715.916,476.288,44.470,46.950
identical_balls_trick_000_018.mp4,534,8.908900,32,sports ball,0.168194,594.863,482.479,641.511,515.705,618.187,499.092,46.648,33.226
identical_balls_trick_000_018.mp4,537,8.958950,32,sports ball,0.173586,476.270,110.421,523.978,161.265,500.124,135.843,47.708,50.844
identical_balls_trick_000_018.mp4,538,8.975633,32,sports ball,0.198781,476.168,110.411,523.998,161.314,500.083,135.863,47.830,50.903
identical_balls_trick_000_018.mp4,539,8.992317,32,sports ball,0.262932,474.669,120.496,523.590,171.602,499.129,146.049,48.921,51.105
identical_balls_trick_000_018.mp4,540,9.009000,32,sports ball,0.522535,474.658,120.475,523.561,171.889,499.110,146.182,48.903,51.414
identical_balls_trick_000_018.mp4,541,9.025683,32,sports ball,0.744795,474.002,130.655,523.020,181.616,498.511,156.135,49.018,50.960
identical_balls_trick_000_018.mp4,542,9.042367,32,sports ball,0.744401,474.013,130.650,523.052,181.566,498.532,156.108,49.039,50.916
identical_balls_trick_000_018.mp4,543,9.059050,32,sports ball,0.440564,591.761,386.581,638.914,432.291,615.337,409.436,47.153,45.710
identical_balls_trick_000_018.mp4,543,9.059050,32,sports ball,0.307189,473.704,141.959,522.738,192.736,498.221,167.347,49.034,50.777
identical_balls_trick_000_018.mp4,543,9.059050,32,sports ball,0.276569,673.491,404.503,722.014,452.973,697.753,428.738,48.522,48.470
identical_balls_trick_000_018.mp4,544,9.075733,32,sports ball,0.428524,591.764,386.597,638.907,432.338,615.336,409.468,47.142,45.741
identical_balls_trick_000_018.mp4,544,9.075733,32,sports ball,0.273624,673.495,404.454,722.007,452.978,697.751,428.716,48.513,48.525
identical_balls_trick_000_018.mp4,544,9.075733,32,sports ball,0.153627,473.660,141.953,522.741,192.697,498.200,167.325,49.080,50.744
identical_balls_trick_000_018.mp4,545,9.092417,32,sports ball,0.630023,472.989,153.592,521.952,203.804,497.470,178.698,48.963,50.212
identical_balls_trick_000_018.mp4,545,9.092417,32,sports ball,0.409264,590.509,369.163,638.141,415.788,614.325,392.475,47.631,46.625
identical_balls_trick_000_018.mp4,546,9.109100,32,sports ball,0.636698,473.008,153.579,522.355,203.651,497.682,178.615,49.347,50.071
identical_balls_trick_000_018.mp4,546,9.109100,32,sports ball,0.401445,590.511,369.167,638.157,415.885,614.334,392.526,47.646,46.718
identical_balls_trick_000_018.mp4,547,9.125783,32,sports ball,0.785720,473.119,165.267,521.873,216.457,497.496,190.862,48.754,51.189
identical_balls_trick_000_018.mp4,547,9.125783,32,sports ball,0.733201,590.043,351.932,637.418,398.737,613.731,375.334,47.375,46.805
identical_balls_trick_000_018.mp4,547,9.125783,32,sports ball,0.220263,666.521,387.703,714.252,433.261,690.387,410.482,47.731,45.557
identical_balls_trick_000_018.mp4,548,9.142467,32,sports ball,0.783662,473.201,165.266,521.710,216.427,497.456,190.846,48.509,51.161
identical_balls_trick_000_018.mp4,548,9.142467,32,sports ball,0.744361,590.021,351.904,637.420,398.703,613.721,375.304,47.398,46.798
identical_balls_trick_000_018.mp4,548,9.142467,32,sports ball,0.218681,666.526,387.706,714.250,433.267,690.388,410.486,47.724,45.561
identical_balls_trick_000_018.mp4,549,9.159150,32,sports ball,0.903677,472.047,177.903,520.896,228.666,496.472,203.284,48.849,50.763
identical_balls_trick_000_018.mp4,549,9.159150,32,sports ball,0.869020,589.522,335.978,637.060,384.129,613.291,360.054,47.539,48.151
identical_balls_trick_000_018.mp4,549,9.159150,32,sports ball,0.622584,661.444,380.608,710.060,427.309,685.752,403.958,48.617,46.701
identical_balls_trick_000_018.mp4,550,9.175833,32,sports ball,0.895642,471.997,177.850,520.805,228.555,496.401,203.203,48.809,50.705
identical_balls_trick_000_018.mp4,550,9.175833,32,sports ball,0.873407,589.540,335.972,637.069,384.042,613.305,360.007,47.529,48.070
identical_balls_trick_000_018.mp4,550,9.175833,32,sports ball,0.653208,661.625,380.627,710.052,427.331,685.839,403.979,48.428,46.705
identical_balls_trick_000_018.mp4,551,9.192517,32,sports ball,0.662101,588.333,319.674,635.788,368.942,612.060,344.308,47.455,49.268
identical_balls_trick_000_018.mp4,551,9.192517,32,sports ball,0.603743,471.871,191.743,519.931,240.846,495.901,216.295,48.060,49.103
identical_balls_trick_000_018.mp4,551,9.192517,32,sports ball,0.168229,658.088,373.878,705.830,421.560,681.959,397.719,47.743,47.682
identical_balls_trick_000_018.mp4,552,9.209200,32,sports ball,0.650026,588.332,319.660,635.793,368.960,612.063,344.310,47.461,49.300
identical_balls_trick_000_018.mp4,552,9.209200,32,sports ball,0.564397,471.871,191.734,520.034,240.812,495.952,216.273,48.162,49.078
identical_balls_trick_000_018.mp4,552,9.209200,32,sports ball,0.157475,658.082,373.872,705.828,421.560,681.955,397.716,47.746,47.689
identical_balls_trick_000_018.mp4,553,9.225883,32,sports ball,0.754097,586.861,303.303,635.160,352.815,611.010,328.059,48.299,49.512
identical_balls_trick_000_018.mp4,553,9.225883,32,sports ball,0.581148,471.272,204.730,519.087,255.050,495.180,229.890,47.816,50.320
identical_balls_trick_000_018.mp4,553,9.225883,32,sports ball,0.262324,654.424,366.945,702.166,414.914,678.295,390.930,47.742,47.969
identical_balls_trick_000_018.mp4,554,9.242567,32,sports ball,0.753539,586.867,303.312,635.112,352.795,610.990,328.053,48.246,49.483
identical_balls_trick_000_018.mp4,554,9.242567,32,sports ball,0.609461,471.312,204.743,518.959,255.083,495.135,229.913,47.647,50.341
identical_balls_trick_000_018.mp4,554,9.242567,32,sports ball,0.248354,654.412,366.926,702.148,414.840,678.280,390.883,47.736,47.914
identical_balls_trick_000_018.mp4,555,9.259250,32,sports ball,0.833186,585.968,287.934,634.197,337.059,610.082,312.497,48.229,49.125
identical_balls_trick_000_018.mp4,555,9.259250,32,sports ball,0.810865,470.065,219.069,518.473,268.801,494.269,243.935,48.408,49.733
identical_balls_trick_000_018.mp4,555,9.259250,32,sports ball,0.376444,649.993,359.852,698.292,408.977,674.143,384.414,48.299,49.124
identical_balls_trick_000_018.mp4,556,9.275933,32,sports ball,0.831140,585.964,288.002,634.190,337.065,610.077,312.534,48.226,49.062
identical_balls_trick_000_018.mp4,556,9.275933,32,sports ball,0.805203,470.076,219.059,518.486,268.818,494.281,243.939,48.410,49.758
identical_balls_trick_000_018.mp4,556,9.275933,32,sports ball,0.367096,649.999,359.851,698.308,408.971,674.153,384.411,48.309,49.120
identical_balls_trick_000_018.mp4,557,9.292617,32,sports ball,0.629696,585.064,271.937,633.583,320.833,609.323,296.385,48.519,48.896
identical_balls_trick_000_018.mp4,557,9.292617,32,sports ball,0.266859,469.741,233.934,517.685,282.857,493.713,258.396,47.944,48.924
identical_balls_trick_000_018.mp4,557,9.292617,32,sports ball,0.242719,469.592,233.740,517.718,282.891,493.655,258.315,48.125,49.151
identical_balls_trick_000_018.mp4,557,9.292617,32,sports ball,0.166982,646.685,354.484,694.522,402.603,670.604,378.543,47.838,48.119
identical_balls_trick_000_018.mp4,558,9.309300,32,sports ball,0.596229,585.081,272.000,633.579,320.856,609.330,296.428,48.498,48.855
identical_balls_trick_000_018.mp4,558,9.309300,32,sports ball,0.381231,469.700,233.883,517.717,282.919,493.709,258.401,48.017,49.036
identical_balls_trick_000_018.mp4,559,9.325983,32,sports ball,0.780393,584.581,256.765,633.543,305.401,609.062,281.083,48.962,48.636
identical_balls_trick_000_018.mp4,559,9.325983,32,sports ball,0.207304,642.717,349.004,690.584,397.244,666.650,373.124,47.866,48.240
identical_balls_trick_000_018.mp4,559,9.325983,32,sports ball,0.198924,468.699,248.544,517.058,298.562,492.879,273.553,48.359,50.019
identical_balls_trick_000_018.mp4,560,9.342667,32,sports ball,0.777883,584.582,256.760,633.603,305.385,609.092,281.072,49.022,48.624
identical_balls_trick_000_018.mp4,560,9.342667,32,sports ball,0.212403,642.705,348.988,690.591,397.243,666.648,373.115,47.886,48.256
identical_balls_trick_000_018.mp4,560,9.342667,32,sports ball,0.207661,468.717,248.549,517.065,298.551,492.891,273.550,48.348,50.002
identical_balls_trick_000_018.mp4,561,9.359350,32,sports ball,0.679670,583.843,241.027,632.554,290.039,608.198,265.533,48.711,49.011
identical_balls_trick_000_018.mp4,561,9.359350,32,sports ball,0.603922,468.666,264.703,516.967,313.500,492.817,289.102,48.301,48.797
identical_balls_trick_000_018.mp4,561,9.359350,32,sports ball,0.293156,638.794,344.185,687.636,392.657,663.215,368.421,48.842,48.473
identical_balls_trick_000_018.mp4,562,9.376033,32,sports ball,0.675062,583.828,241.041,632.581,289.912,608.204,265.477,48.753,48.871
identical_balls_trick_000_018.mp4,562,9.376033,32,sports ball,0.578114,468.663,264.703,516.966,313.496,492.815,289.099,48.302,48.794
identical_balls_trick_000_018.mp4,562,9.376033,32,sports ball,0.291363,638.785,344.210,687.485,392.678,663.135,368.444,48.700,48.468
identical_balls_trick_000_018.mp4,563,9.392717,32,sports ball,0.370735,583.370,227.299,632.089,276.007,607.729,251.653,48.720,48.708
identical_balls_trick_000_018.mp4,563,9.392717,32,sports ball,0.274539,468.103,280.180,516.607,329.356,492.355,304.768,48.504,49.176
identical_balls_trick_000_018.mp4,563,9.392717,32,sports ball,0.167305,635.099,340.107,683.535,388.027,659.317,364.067,48.435,47.920
identical_balls_trick_000_018.mp4,564,9.409400,32,sports ball,0.386432,583.368,227.278,632.065,275.971,607.717,251.624,48.697,48.694
identical_balls_trick_000_018.mp4,564,9.409400,32,sports ball,0.323567,468.094,280.193,516.607,329.174,492.350,304.683,48.513,48.982
identical_balls_trick_000_018.mp4,564,9.409400,32,sports ball,0.172458,635.086,340.101,683.530,388.049,659.308,364.075,48.445,47.947
identical_balls_trick_000_018.mp4,565,9.426083,32,sports ball,0.547866,582.758,212.559,630.775,261.224,606.767,236.892,48.017,48.665
identical_balls_trick_000_018.mp4,565,9.426083,32,sports ball,0.448547,467.677,296.934,515.820,346.733,491.748,321.833,48.144,49.799
identical_balls_trick_000_018.mp4,565,9.426083,32,sports ball,0.274253,467.621,297.110,515.382,346.839,491.502,321.975,47.761,49.730
identical_balls_trick_000_018.mp4,565,9.426083,32,sports ball,0.226058,631.766,336.911,679.251,385.036,655.509,360.974,47.484,48.126
identical_balls_trick_000_018.mp4,566,9.442767,32,sports ball,0.554911,582.763,212.418,630.668,261.201,606.715,236.810,47.905,48.783
identical_balls_trick_000_018.mp4,566,9.442767,32,sports ball,0.445133,467.493,296.860,515.876,346.723,491.685,321.791,48.383,49.863
identical_balls_trick_000_018.mp4,566,9.442767,32,sports ball,0.260888,631.718,336.876,679.225,385.046,655.472,360.961,47.507,48.171
identical_balls_trick_000_018.mp4,566,9.442767,32,sports ball,0.228782,467.481,297.056,515.491,346.853,491.486,321.955,48.010,49.797
identical_balls_trick_000_018.mp4,567,9.459450,32,sports ball,0.631962,582.319,200.292,629.336,248.140,605.828,224.216,47.018,47.848
identical_balls_trick_000_018.mp4,567,9.459450,32,sports ball,0.445242,466.875,314.249,515.160,363.892,491.017,339.070,48.286,49.643
identical_balls_trick_000_018.mp4,567,9.459450,32,sports ball,0.391103,627.607,333.547,675.430,381.212,651.519,357.380,47.823,47.665
identical_balls_trick_000_018.mp4,568,9.476133,32,sports ball,0.629713,582.327,200.287,629.340,248.138,605.833,224.213,47.014,47.851
identical_balls_trick_000_018.mp4,568,9.476133,32,sports ball,0.479241,466.898,314.272,515.167,363.874,491.032,339.073,48.268,49.602
identical_balls_trick_000_018.mp4,568,9.476133,32,sports ball,0.420223,627.609,333.524,675.445,381.190,651.527,357.357,47.836,47.667
identical_balls_trick_000_018.mp4,569,9.492817,32,sports ball,0.557194,624.578,330.293,671.643,377.790,648.110,354.042,47.065,47.497
identical_balls_trick_000_018.mp4,569,9.492817,32,sports ball,0.310073,580.641,186.372,629.039,234.605,604.840,210.489,48.398,48.232
identical_balls_trick_000_018.mp4,569,9.492817,32,sports ball,0.302219,466.173,331.295,514.974,382.420,490.573,356.858,48.801,51.125
identical_balls_trick_000_018.mp4,570,9.509500,32,sports ball,0.524137,624.567,330.302,671.651,377.805,648.109,354.053,47.085,47.503
identical_balls_trick_000_018.mp4,570,9.509500,32,sports ball,0.298913,580.590,186.453,629.068,234.603,604.829,210.528,48.478,48.151
identical_balls_trick_000_018.mp4,570,9.509500,32,sports ball,0.212636,466.203,331.342,514.914,382.359,490.558,356.851,48.711,51.018
identical_balls_trick_000_018.mp4,571,9.526183,32,sports ball,0.605404,619.549,327.869,667.510,375.610,643.529,351.739,47.961,47.741
identical_balls_trick_000_018.mp4,571,9.526183,32,sports ball,0.288813,580.354,174.531,628.143,223.288,604.249,198.909,47.790,48.757
identical_balls_trick_000_018.mp4,571,9.526183,32,sports ball,0.166566,465.805,350.466,514.836,400.260,490.320,375.363,49.031,49.794
identical_balls_trick_000_018.mp4,572,9.542867,32,sports ball,0.584998,619.552,327.883,667.509,375.620,643.531,351.752,47.957,47.737
identical_balls_trick_000_018.mp4,572,9.542867,32,sports ball,0.272617,580.364,174.665,628.138,223.280,604.251,198.972,47.774,48.615
identical_balls_trick_000_018.mp4,572,9.542867,32,sports ball,0.174872,465.806,350.467,514.829,400.264,490.317,375.366,49.023,49.797
identical_balls_trick_000_018.mp4,573,9.559550,32,sports ball,0.189259,615.562,326.578,663.597,373.171,639.579,349.874,48.035,46.593
identical_balls_trick_000_018.mp4,574,9.576233,32,sports ball,0.206109,615.522,326.573,663.596,373.128,639.559,349.851,48.073,46.555
identical_balls_trick_000_018.mp4,575,9.592917,32,sports ball,0.505937,615.557,324.132,660.675,370.194,638.116,347.163,45.117,46.062
identical_balls_trick_000_018.mp4,575,9.592917,32,sports ball,0.333907,578.484,148.594,626.705,198.142,602.594,173.368,48.221,49.548
identical_balls_trick_000_018.mp4,576,9.609600,32,sports ball,0.512206,615.549,324.133,660.666,370.195,638.107,347.164,45.117,46.062
identical_balls_trick_000_018.mp4,576,9.609600,32,sports ball,0.326409,578.448,148.371,626.750,198.070,602.599,173.220,48.303,49.699
identical_balls_trick_000_018.mp4,577,9.626283,32,sports ball,0.779341,607.475,322.388,656.460,369.016,631.967,345.702,48.985,46.628
identical_balls_trick_000_018.mp4,577,9.626283,32,sports ball,0.370747,577.407,137.593,625.661,187.382,601.534,162.487,48.255,49.790
identical_balls_trick_000_018.mp4,577,9.626283,32,sports ball,0.155885,465.016,407.050,513.824,458.408,489.420,432.729,48.808,51.358
identical_balls_trick_000_018.mp4,578,9.642967,32,sports ball,0.757041,607.580,322.342,656.445,369.025,632.012,345.684,48.865,46.682
identical_balls_trick_000_018.mp4,578,9.642967,32,sports ball,0.396620,577.399,137.648,625.763,187.388,601.581,162.518,48.365,49.740
identical_balls_trick_000_018.mp4,578,9.642967,32,sports ball,0.157350,465.015,407.074,513.841,458.428,489.428,432.751,48.826,51.355
identical_balls_trick_000_018.mp4,579,9.659650,32,sports ball,0.645382,577.099,125.413,624.570,175.708,600.834,150.561,47.471,50.295
identical_balls_trick_000_018.mp4,579,9.659650,32,sports ball,0.582959,608.568,323.280,652.202,368.202,630.385,345.741,43.634,44.921
identical_balls_trick_000_018.mp4,580,9.676333,32,sports ball,0.591304,577.082,125.315,624.650,175.684,600.866,150.499,47.568,50.369
identical_balls_trick_000_018.mp4,580,9.676333,32,sports ball,0.590038,608.569,323.276,652.202,368.200,630.386,345.738,43.634,44.924
identical_balls_trick_000_018.mp4,581,9.693017,32,sports ball,0.349253,576.405,114.125,623.966,165.123,600.185,139.624,47.561,50.998
identical_balls_trick_000_018.mp4,581,9.693017,32,sports ball,0.210689,608.729,323.491,651.212,367.271,629.970,345.381,42.483,43.779
identical_balls_trick_000_018.mp4,582,9.709700,32,sports ball,0.371632,576.167,114.100,623.927,165.151,600.047,139.626,47.760,51.051
identical_balls_trick_000_018.mp4,582,9.709700,32,sports ball,0.223070,608.701,323.469,651.218,367.286,629.959,345.377,42.516,43.816
identical_balls_trick_000_018.mp4,583,9.726383,32,sports ball,0.337199,574.960,105.229,623.040,155.037,599.000,130.133,48.079,49.808
identical_balls_trick_000_018.mp4,584,9.743067,32,sports ball,0.341973,574.949,105.228,623.077,155.037,599.013,130.132,48.128,49.809
identical_balls_trick_000_018.mp4,585,9.759750,32,sports ball,0.251853,573.969,94.304,622.943,145.458,598.456,119.881,48.974,51.153
identical_balls_trick_000_018.mp4,586,9.776433,32,sports ball,0.299098,573.949,93.612,622.902,145.521,598.425,119.567,48.953,51.908
identical_balls_trick_000_018.mp4,587,9.793117,32,sports ball,0.426239,572.491,85.075,621.541,136.161,597.016,110.618,49.051,51.086
identical_balls_trick_000_018.mp4,588,9.809800,32,sports ball,0.393124,572.360,85.056,621.561,136.153,596.960,110.604,49.201,51.098
identical_balls_trick_000_018.mp4,589,9.826483,32,sports ball,0.239872,571.357,75.960,620.426,127.603,595.891,101.782,49.069,51.643
identical_balls_trick_000_018.mp4,589,9.826483,32,sports ball,0.219782,605.472,323.592,648.529,364.300,627.000,343.946,43.057,40.708
identical_balls_trick_000_018.mp4,590,9.843167,32,sports ball,0.251384,605.494,323.345,648.545,364.310,627.019,343.827,43.051,40.965
identical_balls_trick_000_018.mp4,590,9.843167,32,sports ball,0.208891,571.377,75.863,620.424,127.601,595.900,101.732,49.047,51.738
identical_balls_trick_000_018.mp4,591,9.859850,32,sports ball,0.406294,464.620,494.361,506.758,540.530,485.689,517.446,42.138,46.169
identical_balls_trick_000_018.mp4,591,9.859850,32,sports ball,0.333369,570.647,67.170,619.822,119.701,595.234,93.435,49.175,52.531
identical_balls_trick_000_018.mp4,591,9.859850,32,sports ball,0.277792,604.743,323.005,648.031,362.975,626.387,342.990,43.288,39.970
identical_balls_trick_000_018.mp4,592,9.876533,32,sports ball,0.384865,464.588,494.314,506.752,540.524,485.670,517.419,42.164,46.210
identical_balls_trick_000_018.mp4,592,9.876533,32,sports ball,0.314384,570.651,67.196,619.816,119.701,595.233,93.448,49.165,52.505
identical_balls_trick_000_018.mp4,592,9.876533,32,sports ball,0.258083,604.733,323.000,648.054,362.981,626.393,342.991,43.321,39.981
identical_balls_trick_000_018.mp4,593,9.893217,32,sports ball,0.573641,569.727,59.187,618.930,111.510,594.328,85.349,49.203,52.323
identical_balls_trick_000_018.mp4,593,9.893217,32,sports ball,0.480729,604.387,321.724,647.645,362.672,626.016,342.198,43.258,40.948
identical_balls_trick_000_018.mp4,593,9.893217,32,sports ball,0.400922,459.351,498.209,504.282,544.606,481.816,521.408,44.931,46.398
identical_balls_trick_000_018.mp4,594,9.909900,32,sports ball,0.571230,569.727,58.986,618.931,111.507,594.329,85.246,49.204,52.521
identical_balls_trick_000_018.mp4,594,9.909900,32,sports ball,0.498402,604.382,321.735,647.637,362.665,626.010,342.200,43.255,40.930
identical_balls_trick_000_018.mp4,594,9.909900,32,sports ball,0.420349,459.373,498.245,504.284,544.609,481.828,521.427,44.910,46.364
identical_balls_trick_000_018.mp4,595,9.926583,32,sports ball,0.215638,569.022,51.493,618.248,103.785,593.635,77.639,49.226,52.292
identical_balls_trick_000_018.mp4,595,9.926583,32,sports ball,0.151739,604.521,321.276,646.848,361.279,625.685,341.277,42.326,40.003
identical_balls_trick_000_018.mp4,596,9.943267,32,sports ball,0.212362,569.016,51.483,618.449,103.796,593.733,77.640,49.433,52.313
identical_balls_trick_000_018.mp4,596,9.943267,32,sports ball,0.153854,604.520,321.272,646.848,361.282,625.684,341.277,42.328,40.010
identical_balls_trick_000_018.mp4,597,9.959950,32,sports ball,0.605116,567.837,44.013,617.873,96.630,592.855,70.322,50.035,52.617
identical_balls_trick_000_018.mp4,597,9.959950,32,sports ball,0.283349,604.558,320.436,646.669,360.301,625.613,340.369,42.111,39.864
identical_balls_trick_000_018.mp4,597,9.959950,32,sports ball,0.179559,452.216,506.192,497.413,553.613,474.814,529.903,45.198,47.422
identical_balls_trick_000_018.mp4,598,9.976633,32,sports ball,0.585255,567.838,44.009,617.875,96.638,592.856,70.324,50.037,52.629
identical_balls_trick_000_018.mp4,598,9.976633,32,sports ball,0.256047,604.578,320.448,646.664,360.283,625.621,340.366,42.086,39.835
identical_balls_trick_000_018.mp4,598,9.976633,32,sports ball,0.170193,452.214,506.093,497.320,553.629,474.767,529.861,45.106,47.536
identical_balls_trick_000_018.mp4,599,9.993317,32,sports ball,0.441550,567.190,37.259,616.881,90.318,592.035,63.789,49.691,53.059
identical_balls_trick_000_018.mp4,600,10.010000,32,sports ball,0.526447,567.213,37.205,616.789,89.900,592.001,63.552,49.576,52.695
identical_balls_trick_000_018.mp4,600,10.010000,32,sports ball,0.170795,603.441,320.296,647.154,359.505,625.298,339.901,43.713,39.209
identical_balls_trick_000_018.mp4,601,10.026683,32,sports ball,0.213373,565.616,32.920,615.798,83.749,590.707,58.335,50.182,50.828
identical_balls_trick_000_018.mp4,602,10.043367,32,sports ball,0.228731,565.637,32.888,615.813,83.610,590.725,58.249,50.176,50.721
identical_balls_trick_000_018.mp4,603,10.060050,32,sports ball,0.327895,564.652,25.517,614.318,78.254,589.485,51.886,49.667,52.737
identical_balls_trick_000_018.mp4,604,10.076733,32,sports ball,0.318593,564.635,25.535,614.260,78.215,589.448,51.875,49.625,52.680
identical_balls_trick_000_018.mp4,604,10.076733,32,sports ball,0.160737,600.964,321.090,646.630,357.022,623.797,339.056,45.665,35.932
identical_balls_trick_000_018.mp4,605,10.093417,32,sports ball,0.319754,563.813,20.121,613.609,73.404,588.711,46.762,49.796,53.283
identical_balls_trick_000_018.mp4,605,10.093417,32,sports ball,0.291651,599.745,320.545,645.908,356.204,622.826,338.375,46.163,35.658
identical_balls_trick_000_018.mp4,606,10.110100,32,sports ball,0.311831,563.819,20.118,613.614,73.403,588.716,46.761,49.795,53.285
identical_balls_trick_000_018.mp4,606,10.110100,32,sports ball,0.293749,599.779,320.771,645.893,356.199,622.836,338.485,46.114,35.428
identical_balls_trick_000_018.mp4,607,10.126783,32,sports ball,0.472129,563.137,15.913,612.598,68.742,587.868,42.328,49.461,52.829
identical_balls_trick_000_018.mp4,607,10.126783,32,sports ball,0.172283,599.417,314.081,645.412,355.543,622.414,334.812,45.996,41.462
identical_balls_trick_000_018.mp4,608,10.143467,32,sports ball,0.466723,563.150,15.908,612.598,68.736,587.874,42.322,49.448,52.828
identical_balls_trick_000_018.mp4,608,10.143467,32,sports ball,0.165883,599.410,314.125,645.419,355.544,622.414,334.834,46.009,41.419
identical_balls_trick_000_018.mp4,609,10.160150,32,sports ball,0.314114,562.413,11.320,611.852,64.215,587.133,37.768,49.439,52.895
identical_balls_trick_000_018.mp4,610,10.176833,32,sports ball,0.336234,562.448,11.323,611.864,64.212,587.156,37.768,49.416,52.890
identical_balls_trick_000_018.mp4,611,10.193517,32,sports ball,0.481627,561.606,7.792,611.346,60.572,586.476,34.182,49.741,52.780
identical_balls_trick_000_018.mp4,612,10.210200,32,sports ball,0.486244,561.622,7.801,611.345,60.602,586.484,34.202,49.724,52.801
identical_balls_trick_000_018.mp4,613,10.226883,32,sports ball,0.721691,561.104,4.274,610.220,58.070,585.662,31.172,49.116,53.796
identical_balls_trick_000_018.mp4,614,10.243567,32,sports ball,0.720208,561.095,4.279,610.216,58.071,585.655,31.175,49.121,53.792
identical_balls_trick_000_018.mp4,615,10.260250,32,sports ball,0.657793,559.196,2.087,609.718,55.133,584.457,28.610,50.521,53.046
identical_balls_trick_000_018.mp4,616,10.276933,32,sports ball,0.668542,559.191,2.084,609.713,55.131,584.452,28.607,50.522,53.047
identical_balls_trick_000_018.mp4,617,10.293617,32,sports ball,0.726985,557.731,1.250,609.024,52.773,583.378,27.012,51.294,51.522
identical_balls_trick_000_018.mp4,618,10.310300,32,sports ball,0.729501,557.733,1.243,609.026,52.770,583.379,27.007,51.293,51.527
identical_balls_trick_000_018.mp4,619,10.326983,32,sports ball,0.789493,556.681,0.767,607.953,51.147,582.317,25.957,51.272,50.380
identical_balls_trick_000_018.mp4,619,10.326983,32,sports ball,0.265984,603.478,299.982,648.009,346.326,625.743,323.154,44.531,46.344
identical_balls_trick_000_018.mp4,619,10.326983,32,sports ball,0.150077,416.967,519.470,461.378,566.159,439.173,542.815,44.411,46.689
identical_balls_trick_000_018.mp4,620,10.343667,32,sports ball,0.793663,556.691,0.767,607.955,51.167,582.323,25.967,51.264,50.400
identical_balls_trick_000_018.mp4,620,10.343667,32,sports ball,0.260621,603.409,299.840,648.009,346.309,625.709,323.075,44.600,46.469
identical_balls_trick_000_018.mp4,621,10.360350,32,sports ball,0.792416,555.047,0.572,607.340,49.964,581.194,25.268,52.292,49.391
identical_balls_trick_000_018.mp4,621,10.360350,32,sports ball,0.303052,414.673,515.978,458.855,563.492,436.764,539.735,44.182,47.514
identical_balls_trick_000_018.mp4,621,10.360350,32,sports ball,0.207458,602.568,298.864,646.693,343.922,624.631,321.393,44.126,45.058
identical_balls_trick_000_018.mp4,622,10.377033,32,sports ball,0.789532,555.068,0.575,607.344,49.603,581.206,25.089,52.276,49.028
identical_balls_trick_000_018.mp4,622,10.377033,32,sports ball,0.310109,414.674,515.974,458.845,563.474,436.759,539.724,44.171,47.500
identical_balls_trick_000_018.mp4,622,10.377033,32,sports ball,0.193184,602.569,298.800,646.700,343.924,624.635,321.362,44.130,45.125
identical_balls_trick_000_018.mp4,623,10.393717,32,sports ball,0.769885,554.727,0.625,606.286,49.281,580.506,24.953,51.559,48.657
identical_balls_trick_000_018.mp4,623,10.393717,32,sports ball,0.350913,412.687,512.709,457.589,559.537,435.138,536.123,44.902,46.828
identical_balls_trick_000_018.mp4,624,10.410400,32,sports ball,0.778187,554.711,0.620,606.662,49.226,580.687,24.923,51.951,48.606
identical_balls_trick_000_018.mp4,624,10.410400,32,sports ball,0.365988,412.687,512.704,457.596,559.528,435.141,536.116,44.908,46.824
identical_balls_trick_000_018.mp4,625,10.427083,32,sports ball,0.739394,553.506,0.621,605.808,49.288,579.657,24.955,52.302,48.667
identical_balls_trick_000_018.mp4,625,10.427083,32,sports ball,0.262448,410.624,507.072,455.626,553.532,433.125,530.302,45.002,46.460
identical_balls_trick_000_018.mp4,626,10.443767,32,sports ball,0.737086,553.464,0.581,605.819,49.296,579.641,24.938,52.355,48.715
identical_balls_trick_000_018.mp4,626,10.443767,32,sports ball,0.258600,410.627,507.072,455.628,553.544,433.128,530.308,45.001,46.472
identical_balls_trick_000_018.mp4,627,10.460450,32,sports ball,0.662911,553.012,0.571,604.283,49.203,578.648,24.887,51.271,48.632
identical_balls_trick_000_018.mp4,628,10.477133,32,sports ball,0.658923,553.014,0.596,604.327,49.205,578.671,24.901,51.313,48.608
identical_balls_trick_000_018.mp4,629,10.493817,32,sports ball,0.599085,551.981,0.499,603.430,50.760,577.705,25.629,51.450,50.261
identical_balls_trick_000_018.mp4,629,10.493817,32,sports ball,0.271923,599.664,290.591,642.432,336.185,621.048,313.388,42.768,45.593
identical_balls_trick_000_018.mp4,630,10.510500,32,sports ball,0.604265,552.025,0.551,603.435,50.764,577.730,25.658,51.410,50.212
identical_balls_trick_000_018.mp4,630,10.510500,32,sports ball,0.283229,599.647,290.589,642.437,336.200,621.042,313.394,42.791,45.610
identical_balls_trick_000_018.mp4,631,10.527183,32,sports ball,0.822821,594.285,289.490,641.173,335.981,617.729,312.736,46.887,46.492
identical_balls_trick_000_018.mp4,631,10.527183,32,sports ball,0.741215,551.144,0.649,602.679,52.192,576.911,26.421,51.535,51.543
identical_balls_trick_000_018.mp4,631,10.527183,32,sports ball,0.695229,404.000,485.954,450.501,532.162,427.251,509.058,46.501,46.208
identical_balls_trick_000_018.mp4,632,10.543867,32,sports ball,0.825130,594.309,289.531,641.225,335.955,617.767,312.743,46.916,46.424
identical_balls_trick_000_018.mp4,632,10.543867,32,sports ball,0.748716,551.144,0.660,602.678,52.190,576.911,26.425,51.534,51.530
identical_balls_trick_000_018.mp4,632,10.543867,32,sports ball,0.687838,403.992,485.924,450.498,532.163,427.245,509.043,46.506,46.239
identical_balls_trick_000_018.mp4,633,10.560550,32,sports ball,0.714384,549.784,1.343,601.768,54.177,575.776,27.760,51.984,52.834
identical_balls_trick_000_018.mp4,633,10.560550,32,sports ball,0.649898,594.059,289.185,641.067,335.622,617.563,312.404,47.008,46.437
identical_balls_trick_000_018.mp4,633,10.560550,32,sports ball,0.635900,402.380,474.818,448.653,521.586,425.517,498.202,46.274,46.768
identical_balls_trick_000_018.mp4,634,10.577233,32,sports ball,0.707682,593.994,289.174,641.060,335.653,617.527,312.413,47.066,46.479
identical_balls_trick_000_018.mp4,634,10.577233,32,sports ball,0.706714,549.790,1.348,601.765,54.176,575.777,27.762,51.975,52.828
identical_balls_trick_000_018.mp4,634,10.577233,32,sports ball,0.621673,402.341,474.835,448.660,521.604,425.500,498.220,46.319,46.769
identical_balls_trick_000_018.mp4,635,10.593917,32,sports ball,0.766659,592.563,289.158,640.259,335.576,616.411,312.367,47.695,46.418
identical_balls_trick_000_018.mp4,635,10.593917,32,sports ball,0.732157,400.062,464.497,447.477,510.559,423.770,487.528,47.415,46.062
identical_balls_trick_000_018.mp4,635,10.593917,32,sports ball,0.706475,548.839,2.270,600.822,57.060,574.830,29.665,51.983,54.790
identical_balls_trick_000_018.mp4,636,10.610600,32,sports ball,0.762839,592.536,289.188,640.272,335.587,616.404,312.388,47.737,46.399
identical_balls_trick_000_018.mp4,636,10.610600,32,sports ball,0.724995,400.084,464.618,447.487,510.577,423.785,487.597,47.403,45.960
identical_balls_trick_000_018.mp4,636,10.610600,32,sports ball,0.675999,548.715,2.260,600.821,57.073,574.768,29.666,52.106,54.813
identical_balls_trick_000_018.mp4,637,10.627283,32,sports ball,0.831482,591.921,289.929,639.577,336.362,615.749,313.146,47.656,46.433
identical_balls_trick_000_018.mp4,637,10.627283,32,sports ball,0.677928,548.112,4.728,599.746,59.496,573.929,32.112,51.634,54.768
identical_balls_trick_000_018.mp4,637,10.627283,32,sports ball,0.438217,397.336,451.749,444.919,496.928,421.128,474.338,47.583,45.179
identical_balls_trick_000_018.mp4,637,10.627283,32,sports ball,0.294353,396.809,451.711,445.424,497.704,421.117,474.707,48.615,45.993
identical_balls_trick_000_018.mp4,638,10.643967,32,sports ball,0.835171,591.932,289.929,639.571,336.396,615.752,313.163,47.639,46.467
identical_balls_trick_000_018.mp4,638,10.643967,32,sports ball,0.686049,548.093,4.722,599.736,59.477,573.914,32.100,51.643,54.755
identical_balls_trick_000_018.mp4,638,10.643967,32,sports ball,0.452109,397.452,451.722,444.918,496.934,421.185,474.328,47.466,45.212
identical_balls_trick_000_018.mp4,638,10.643967,32,sports ball,0.274534,396.939,451.686,445.425,497.702,421.182,474.694,48.486,46.016
identical_balls_trick_000_018.mp4,639,10.660650,32,sports ball,0.810882,591.929,290.556,639.015,337.818,615.472,314.187,47.085,47.262
identical_balls_trick_000_018.mp4,639,10.660650,32,sports ball,0.679586,395.245,438.485,442.739,482.938,418.992,460.712,47.494,44.453
identical_balls_trick_000_018.mp4,639,10.660650,32,sports ball,0.165314,547.112,8.183,599.005,63.369,573.058,35.776,51.892,55.185
identical_balls_trick_000_018.mp4,640,10.677333,32,sports ball,0.810609,591.926,290.525,639.037,337.817,615.482,314.171,47.110,47.292
identical_balls_trick_000_018.mp4,640,10.677333,32,sports ball,0.679830,395.229,438.446,442.676,482.946,418.952,460.696,47.447,44.500
identical_balls_trick_000_018.mp4,640,10.677333,32,sports ball,0.153627,547.138,8.187,598.985,63.403,573.061,35.795,51.847,55.216
identical_balls_trick_000_018.mp4,641,10.694017,32,sports ball,0.773518,591.017,292.545,638.681,339.533,614.849,316.039,47.664,46.988
identical_balls_trick_000_018.mp4,641,10.694017,32,sports ball,0.706113,545.709,11.984,597.625,67.224,571.667,39.604,51.916,55.239
identical_balls_trick_000_018.mp4,641,10.694017,32,sports ball,0.671041,393.433,423.069,443.888,467.979,418.660,445.524,50.455,44.910
identical_balls_trick_000_018.mp4,642,10.710700,32,sports ball,0.770565,591.006,292.548,638.680,339.527,614.843,316.038,47.674,46.978
identical_balls_trick_000_018.mp4,642,10.710700,32,sports ball,0.734703,545.728,12.005,597.619,67.184,571.673,39.595,51.891,55.179
identical_balls_trick_000_018.mp4,642,10.710700,32,sports ball,0.668142,393.496,423.034,443.914,468.011,418.705,445.522,50.418,44.976
identical_balls_trick_000_018.mp4,643,10.727383,32,sports ball,0.785122,590.866,294.964,638.355,342.142,614.610,318.553,47.490,47.178
identical_balls_trick_000_018.mp4,643,10.727383,32,sports ball,0.761212,545.198,16.530,597.135,72.356,571.166,44.443,51.937,55.825
identical_balls_trick_000_018.mp4,643,10.727383,32,sports ball,0.734863,393.379,407.535,442.697,450.769,418.038,429.152,49.318,43.234
identical_balls_trick_000_018.mp4,644,10.744067,32,sports ball,0.775779,590.909,294.950,638.349,342.145,614.629,318.547,47.440,47.195
identical_balls_trick_000_018.mp4,644,10.744067,32,sports ball,0.722222,545.175,16.543,597.150,72.387,571.163,44.465,51.975,55.844
identical_balls_trick_000_018.mp4,644,10.744067,32,sports ball,0.718715,393.376,407.550,442.736,450.795,418.056,429.173,49.361,43.245
identical_balls_trick_000_018.mp4,645,10.760750,32,sports ball,0.895932,544.867,21.965,596.066,77.467,570.467,49.716,51.199,55.502
identical_balls_trick_000_018.mp4,645,10.760750,32,sports ball,0.799672,590.864,297.484,637.448,345.190,614.156,321.337,46.583,47.706
identical_balls_trick_000_018.mp4,645,10.760750,32,sports ball,0.743188,393.343,391.857,442.508,434.935,417.926,413.396,49.165,43.077
identical_balls_trick_000_018.mp4,646,10.777433,32,sports ball,0.898056,544.854,21.966,596.057,77.429,570.455,49.697,51.203,55.463
identical_balls_trick_000_018.mp4,646,10.777433,32,sports ball,0.801503,590.864,297.496,637.437,345.188,614.151,321.342,46.573,47.692
identical_balls_trick_000_018.mp4,646,10.777433,32,sports ball,0.747808,393.349,391.890,442.508,434.927,417.928,413.409,49.159,43.037
identical_balls_trick_000_018.mp4,647,10.794117,32,sports ball,0.876487,543.668,28.372,595.194,83.282,569.431,55.827,51.526,54.910
identical_balls_trick_000_018.mp4,647,10.794117,32,sports ball,0.781593,590.501,300.341,637.084,347.457,613.793,323.899,46.583,47.115
identical_balls_trick_000_018.mp4,647,10.794117,32,sports ball,0.747603,392.945,375.640,442.905,418.308,417.925,396.974,49.960,42.669
identical_balls_trick_000_018.mp4,648,10.810800,32,sports ball,0.856470,543.642,28.355,595.027,83.300,569.335,55.828,51.386,54.945
identical_balls_trick_000_018.mp4,648,10.810800,32,sports ball,0.781454,590.514,300.338,637.064,347.458,613.789,323.898,46.550,47.119
identical_balls_trick_000_018.mp4,648,10.810800,32,sports ball,0.744463,392.907,375.546,442.903,418.309,417.905,396.927,49.996,42.763
identical_balls_trick_000_018.mp4,649,10.827483,32,sports ball,0.819718,542.293,34.266,594.147,89.762,568.220,62.014,51.854,55.496
identical_balls_trick_000_018.mp4,649,10.827483,32,sports ball,0.801917,393.392,358.498,442.618,403.036,418.005,380.767,49.227,44.538
identical_balls_trick_000_018.mp4,649,10.827483,32,sports ball,0.747706,590.456,304.459,636.261,350.512,613.358,327.485,45.805,46.053
identical_balls_trick_000_018.mp4,650,10.844167,32,sports ball,0.818748,542.486,34.266,594.098,89.783,568.292,62.025,51.612,55.517
identical_balls_trick_000_018.mp4,650,10.844167,32,sports ball,0.814964,393.406,358.666,442.607,403.015,418.006,380.840,49.201,44.349
identical_balls_trick_000_018.mp4,650,10.844167,32,sports ball,0.758240,590.438,304.461,636.259,350.520,613.348,327.490,45.821,46.059
identical_balls_trick_000_018.mp4,651,10.860850,32,sports ball,0.860765,541.225,41.429,592.966,96.460,567.095,68.945,51.741,55.031
identical_balls_trick_000_018.mp4,651,10.860850,32,sports ball,0.836045,393.151,344.746,442.376,386.361,417.764,365.554,49.224,41.615
identical_balls_trick_000_018.mp4,651,10.860850,32,sports ball,0.799264,589.894,308.193,635.696,355.357,612.795,331.775,45.802,47.164
identical_balls_trick_000_018.mp4,651,10.860850,32,sports ball,0.154037,39.325,660.969,76.522,688.837,57.923,674.903,37.196,27.868
identical_balls_trick_000_018.mp4,652,10.877533,32,sports ball,0.851224,541.356,41.470,592.742,96.476,567.049,68.973,51.386,55.005
identical_balls_trick_000_018.mp4,652,10.877533,32,sports ball,0.836254,393.147,344.749,442.373,386.361,417.760,365.555,49.226,41.612
identical_balls_trick_000_018.mp4,652,10.877533,32,sports ball,0.787630,590.437,307.959,635.704,355.340,613.070,331.650,45.267,47.381
identical_balls_trick_000_018.mp4,652,10.877533,32,sports ball,0.159967,39.317,660.970,76.512,688.539,57.915,674.755,37.195,27.569
identical_balls_trick_000_018.mp4,653,10.894217,32,sports ball,0.689943,540.751,48.884,592.339,104.780,566.545,76.832,51.588,55.897
identical_balls_trick_000_018.mp4,653,10.894217,32,sports ball,0.630456,393.470,330.508,443.400,373.490,418.435,351.999,49.930,42.982
identical_balls_trick_000_018.mp4,653,10.894217,32,sports ball,0.483692,590.247,312.814,635.371,359.508,612.809,336.161,45.124,46.694
identical_balls_trick_000_018.mp4,654,10.910900,32,sports ball,0.666736,540.723,48.865,592.399,104.774,566.561,76.819,51.676,55.909
identical_balls_trick_000_018.mp4,654,10.910900,32,sports ball,0.638081,393.468,330.517,443.403,373.420,418.435,351.968,49.935,42.903
identical_balls_trick_000_018.mp4,654,10.910900,32,sports ball,0.495997,590.230,312.784,635.386,359.512,612.808,336.148,45.156,46.728
identical_balls_trick_000_018.mp4,655,10.927583,32,sports ball,0.806572,539.746,56.540,591.889,111.921,565.817,84.230,52.143,55.381
identical_balls_trick_000_018.mp4,655,10.927583,32,sports ball,0.798847,394.023,315.223,443.333,361.512,418.678,338.368,49.310,46.288
identical_balls_trick_000_018.mp4,655,10.927583,32,sports ball,0.663117,589.171,316.839,634.983,364.778,612.077,340.809,45.811,47.939
identical_balls_trick_000_018.mp4,656,10.944267,32,sports ball,0.801738,394.032,315.211,443.325,361.481,418.679,338.346,49.293,46.270
identical_balls_trick_000_018.mp4,656,10.944267,32,sports ball,0.800393,539.803,56.487,591.806,111.806,565.805,84.147,52.003,55.319
identical_balls_trick_000_018.mp4,656,10.944267,32,sports ball,0.670420,589.180,316.836,634.999,364.788,612.090,340.812,45.819,47.953
identical_balls_trick_000_018.mp4,657,10.960950,32,sports ball,0.881748,588.176,321.961,634.815,370.291,611.496,346.126,46.639,48.330
identical_balls_trick_000_018.mp4,657,10.960950,32,sports ball,0.873194,538.077,64.959,591.245,121.382,564.661,93.171,53.168,56.422
identical_balls_trick_000_018.mp4,657,10.960950,32,sports ball,0.656939,393.690,300.693,443.376,347.076,418.533,323.884,49.686,46.383
identical_balls_trick_000_018.mp4,657,10.960950,32,sports ball,0.277508,393.802,300.288,443.256,347.576,418.529,323.932,49.454,47.288
identical_balls_trick_000_018.mp4,657,10.960950,32,sports ball,0.154064,39.268,660.971,76.513,688.461,57.890,674.716,37.244,27.490
identical_balls_trick_000_018.mp4,658,10.977633,32,sports ball,0.886836,588.017,321.983,634.821,370.350,611.419,346.166,46.804,48.366
identical_balls_trick_000_018.mp4,658,10.977633,32,sports ball,0.868320,538.089,64.913,591.362,121.422,564.726,93.167,53.273,56.509
identical_balls_trick_000_018.mp4,658,10.977633,32,sports ball,0.647816,393.703,300.675,443.382,347.084,418.542,323.880,49.679,46.408
identical_balls_trick_000_018.mp4,658,10.977633,32,sports ball,0.306636,393.800,300.276,443.259,347.584,418.529,323.930,49.459,47.307
identical_balls_trick_000_018.mp4,658,10.977633,32,sports ball,0.151273,39.254,660.973,76.511,688.457,57.882,674.715,37.258,27.484
identical_balls_trick_000_018.mp4,659,10.994317,32,sports ball,0.865048,537.324,74.899,590.451,130.635,563.887,102.767,53.127,55.736
identical_balls_trick_000_018.mp4,659,10.994317,32,sports ball,0.796799,393.576,287.760,443.060,331.820,418.318,309.790,49.484,44.060
identical_balls_trick_000_018.mp4,659,10.994317,32,sports ball,0.718378,587.603,328.642,634.451,376.098,611.027,352.370,46.848,47.457
identical_balls_trick_000_018.mp4,660,11.011000,32,sports ball,0.866426,537.353,74.921,590.473,130.601,563.913,102.761,53.120,55.680
identical_balls_trick_000_018.mp4,660,11.011000,32,sports ball,0.800009,393.577,287.765,442.996,331.804,418.287,309.785,49.419,44.039
identical_balls_trick_000_018.mp4,660,11.011000,32,sports ball,0.720685,587.635,328.641,634.429,376.106,611.032,352.374,46.794,47.465
identical_balls_trick_000_018.mp4,661,11.027683,32,sports ball,0.894111,536.397,84.063,589.622,140.105,563.009,112.084,53.225,56.042
identical_balls_trick_000_018.mp4,661,11.027683,32,sports ball,0.832324,393.615,273.289,443.261,320.484,418.438,296.887,49.646,47.195
identical_balls_trick_000_018.mp4,661,11.027683,32,sports ball,0.831385,587.247,335.081,634.491,382.244,610.869,358.663,47.244,47.164
identical_balls_trick_000_018.mp4,662,11.044367,32,sports ball,0.893580,536.372,84.086,589.687,140.124,563.029,112.105,53.315,56.039
identical_balls_trick_000_018.mp4,662,11.044367,32,sports ball,0.837630,393.614,273.280,443.261,320.619,418.438,296.950,49.647,47.339
identical_balls_trick_000_018.mp4,662,11.044367,32,sports ball,0.836657,587.250,335.083,634.491,382.244,610.870,358.664,47.241,47.160
identical_balls_trick_000_018.mp4,663,11.061050,32,sports ball,0.851949,393.872,260.744,443.407,306.583,418.640,283.663,49.535,45.839
identical_balls_trick_000_018.mp4,663,11.061050,32,sports ball,0.824833,535.885,95.123,588.155,151.120,562.020,123.122,52.270,55.997
identical_balls_trick_000_018.mp4,663,11.061050,32,sports ball,0.671490,586.469,341.692,634.045,388.899,610.257,365.295,47.576,47.207
identical_balls_trick_000_018.mp4,664,11.077733,32,sports ball,0.853063,393.872,260.749,443.403,306.594,418.637,283.671,49.531,45.846
identical_balls_trick_000_018.mp4,664,11.077733,32,sports ball,0.827339,535.870,95.158,588.185,151.129,562.027,123.143,52.316,55.971
identical_balls_trick_000_018.mp4,664,11.077733,32,sports ball,0.669559,586.466,341.695,634.043,388.892,610.255,365.293,47.577,47.197
identical_balls_trick_000_018.mp4,665,11.094417,32,sports ball,0.876911,535.221,105.585,587.562,161.589,561.392,133.587,52.341,56.004
identical_balls_trick_000_018.mp4,665,11.094417,32,sports ball,0.759336,586.201,348.402,633.016,395.884,609.609,372.143,46.814,47.482
identical_balls_trick_000_018.mp4,665,11.094417,32,sports ball,0.535494,393.781,248.718,443.492,294.876,418.636,271.797,49.712,46.158
identical_balls_trick_000_018.mp4,666,11.111100,32,sports ball,0.876199,535.226,105.562,587.581,161.593,561.403,133.577,52.355,56.030
identical_balls_trick_000_018.mp4,666,11.111100,32,sports ball,0.772930,586.215,348.417,633.021,395.884,609.618,372.150,46.805,47.467
identical_balls_trick_000_018.mp4,666,11.111100,32,sports ball,0.497780,393.782,248.734,443.493,294.906,418.638,271.820,49.711,46.171
identical_balls_trick_000_018.mp4,667,11.127783,32,sports ball,0.830575,533.915,117.324,586.832,173.343,560.373,145.333,52.917,56.019
identical_balls_trick_000_018.mp4,667,11.127783,32,sports ball,0.828159,394.013,236.638,443.495,282.928,418.754,259.783,49.482,46.289
identical_balls_trick_000_018.mp4,667,11.127783,32,sports ball,0.720025,585.987,356.162,632.806,404.192,609.396,380.177,46.820,48.030
identical_balls_trick_000_018.mp4,668,11.144467,32,sports ball,0.821793,393.962,236.629,443.492,282.910,418.727,259.769,49.530,46.281
identical_balls_trick_000_018.mp4,668,11.144467,32,sports ball,0.817737,533.924,117.340,586.612,173.315,560.268,145.328,52.689,55.975
identical_balls_trick_000_018.mp4,668,11.144467,32,sports ball,0.726146,585.981,356.131,632.821,404.209,609.401,380.170,46.840,48.078
identical_balls_trick_000_018.mp4,669,11.161150,32,sports ball,0.728141,393.674,224.680,443.374,271.482,418.524,248.081,49.700,46.802
identical_balls_trick_000_018.mp4,669,11.161150,32,sports ball,0.323886,532.829,129.801,585.811,185.701,559.320,157.751,52.982,55.899
identical_balls_trick_000_018.mp4,669,11.161150,32,sports ball,0.175183,585.645,363.851,632.802,411.999,609.223,387.925,47.157,48.148
identical_balls_trick_000_018.mp4,670,11.177833,32,sports ball,0.729685,393.672,224.685,443.375,271.492,418.524,248.088,49.703,46.807
identical_balls_trick_000_018.mp4,670,11.177833,32,sports ball,0.310878,532.856,129.804,585.858,185.719,559.357,157.762,53.002,55.915
identical_balls_trick_000_018.mp4,670,11.177833,32,sports ball,0.168681,585.626,363.851,632.810,412.002,609.218,387.927,47.184,48.151
identical_balls_trick_000_018.mp4,671,11.194517,32,sports ball,0.389364,393.817,213.484,443.621,260.516,418.719,237.000,49.804,47.032
identical_balls_trick_000_018.mp4,671,11.194517,32,sports ball,0.187463,393.905,213.046,443.796,260.698,418.851,236.872,49.891,47.652
identical_balls_trick_000_018.mp4,672,11.211200,32,sports ball,0.370876,393.812,213.491,443.611,260.515,418.711,237.003,49.799,47.024
identical_balls_trick_000_018.mp4,672,11.211200,32,sports ball,0.274355,393.908,213.051,443.782,260.701,418.845,236.876,49.874,47.650
identical_balls_trick_000_018.mp4,673,11.227883,32,sports ball,0.443305,394.169,202.259,443.590,250.815,418.880,226.537,49.421,48.556
identical_balls_trick_000_018.mp4,673,11.227883,32,sports ball,0.317800,531.270,155.915,584.494,213.010,557.882,184.463,53.224,57.095
identical_balls_trick_000_018.mp4,674,11.244567,32,sports ball,0.344942,394.172,202.280,443.539,250.805,418.856,226.542,49.367,48.525
identical_balls_trick_000_018.mp4,674,11.244567,32,sports ball,0.327447,531.242,155.892,584.554,213.005,557.898,184.448,53.312,57.113
identical_balls_trick_000_018.mp4,675,11.261250,32,sports ball,0.458520,394.321,192.170,444.139,240.530,419.230,216.350,49.819,48.360
identical_balls_trick_000_018.mp4,676,11.277933,32,sports ball,0.620096,394.332,192.228,444.108,240.519,419.220,216.373,49.777,48.291
identical_balls_trick_000_018.mp4,676,11.277933,32,sports ball,0.152376,530.214,170.289,584.380,225.459,557.297,197.874,54.167,55.170
identical_balls_trick_000_018.mp4,677,11.294617,32,sports ball,0.377275,394.344,182.499,444.010,230.471,419.177,206.485,49.666,47.972
identical_balls_trick_000_018.mp4,677,11.294617,32,sports ball,0.196669,584.780,401.173,630.558,448.376,607.669,424.775,45.778,47.202
identical_balls_trick_000_018.mp4,678,11.311300,32,sports ball,0.384318,394.343,182.497,444.005,230.476,419.174,206.487,49.662,47.979
identical_balls_trick_000_018.mp4,678,11.311300,32,sports ball,0.205735,584.775,401.173,630.555,448.373,607.665,424.773,45.779,47.199
identical_balls_trick_000_018.mp4,679,11.327983,32,sports ball,0.224154,584.991,411.820,630.418,458.405,607.704,435.113,45.427,46.585
identical_balls_trick_000_018.mp4,680,11.344667,32,sports ball,0.260439,585.002,411.659,630.413,458.409,607.708,435.034,45.411,46.750
identical_balls_trick_000_018.mp4,680,11.344667,32,sports ball,0.156676,394.471,172.767,444.453,221.679,419.462,197.223,49.982,48.912
identical_balls_trick_000_018.mp4,681,11.361350,32,sports ball,0.324811,584.342,423.889,629.681,470.450,607.012,447.169,45.339,46.561
identical_balls_trick_000_018.mp4,682,11.378033,32,sports ball,0.316070,584.337,423.884,629.686,470.448,607.011,447.166,45.349,46.564
identical_balls_trick_000_018.mp4,683,11.394717,32,sports ball,0.409438,584.283,434.271,629.500,481.023,606.892,457.647,45.217,46.752
identical_balls_trick_000_018.mp4,683,11.394717,32,sports ball,0.238175,394.101,154.617,445.783,206.424,419.942,180.520,51.682,51.807
identical_balls_trick_000_018.mp4,683,11.394717,32,sports ball,0.196961,527.272,232.146,580.537,288.414,553.904,260.280,53.265,56.268
identical_balls_trick_000_018.mp4,684,11.411400,32,sports ball,0.422674,584.283,434.245,629.495,481.013,606.889,457.629,45.212,46.768
identical_balls_trick_000_018.mp4,684,11.411400,32,sports ball,0.232750,394.104,154.609,445.814,206.419,419.959,180.514,51.710,51.809
identical_balls_trick_000_018.mp4,684,11.411400,32,sports ball,0.192437,527.277,232.147,580.538,288.427,553.907,260.287,53.261,56.280
identical_balls_trick_000_018.mp4,685,11.428083,32,sports ball,0.677618,394.840,148.598,445.885,198.284,420.362,173.441,51.044,49.686
identical_balls_trick_000_018.mp4,685,11.428083,32,sports ball,0.524242,525.926,248.797,579.249,306.507,552.587,277.652,53.324,57.711
identical_balls_trick_000_018.mp4,685,11.428083,32,sports ball,0.420540,583.405,446.738,629.129,492.694,606.267,469.716,45.723,45.956
identical_balls_trick_000_018.mp4,685,11.428083,32,sports ball,0.153039,39.173,660.889,76.562,688.671,57.868,674.780,37.389,27.783
identical_balls_trick_000_018.mp4,686,11.444767,32,sports ball,0.676829,394.831,148.594,445.895,198.305,420.363,173.450,51.064,49.710
identical_balls_trick_000_018.mp4,686,11.444767,32,sports ball,0.505793,525.931,248.799,579.238,306.449,552.585,277.624,53.307,57.649
identical_balls_trick_000_018.mp4,686,11.444767,32,sports ball,0.414833,583.408,446.734,629.119,492.728,606.263,469.731,45.711,45.995
identical_balls_trick_000_018.mp4,686,11.444767,32,sports ball,0.153615,39.133,660.929,76.589,688.536,57.861,674.733,37.455,27.607
identical_balls_trick_000_018.mp4,687,11.461450,32,sports ball,0.649967,394.345,141.510,446.299,192.143,420.322,166.826,51.954,50.633
identical_balls_trick_000_018.mp4,687,11.461450,32,sports ball,0.594575,525.665,265.803,578.508,324.452,552.087,295.128,52.843,58.649
identical_balls_trick_000_018.mp4,688,11.478133,32,sports ball,0.664873,394.343,141.507,446.341,192.101,420.342,166.804,51.998,50.594
identical_balls_trick_000_018.mp4,688,11.478133,32,sports ball,0.587496,525.612,265.812,578.502,324.423,552.057,295.117,52.890,58.612
identical_balls_trick_000_018.mp4,689,11.494817,32,sports ball,0.807000,394.739,134.336,446.549,185.637,420.644,159.986,51.810,51.301
identical_balls_trick_000_018.mp4,689,11.494817,32,sports ball,0.595145,523.977,283.110,577.667,343.681,550.822,313.395,53.690,60.571
identical_balls_trick_000_018.mp4,689,11.494817,32,sports ball,0.155787,39.295,661.001,76.599,688.478,57.947,674.739,37.303,27.477
identical_balls_trick_000_018.mp4,690,11.511500,32,sports ball,0.814588,394.715,134.294,446.511,185.638,420.613,159.966,51.797,51.344
identical_balls_trick_000_018.mp4,690,11.511500,32,sports ball,0.600080,523.982,283.147,577.693,343.669,550.837,313.408,53.711,60.523
identical_balls_trick_000_018.mp4,690,11.511500,32,sports ball,0.157048,39.266,660.997,76.602,688.491,57.934,674.744,37.336,27.494
identical_balls_trick_000_018.mp4,691,11.528183,32,sports ball,0.801178,394.807,128.881,446.722,178.907,420.765,153.894,51.915,50.025
identical_balls_trick_000_018.mp4,691,11.528183,32,sports ball,0.266625,521.457,301.544,577.046,359.830,549.252,330.687,55.589,58.286
identical_balls_trick_000_018.mp4,691,11.528183,32,sports ball,0.207269,581.843,482.235,627.591,529.854,604.717,506.045,45.748,47.619
identical_balls_trick_000_018.mp4,691,11.528183,32,sports ball,0.179824,39.283,660.991,76.607,688.506,57.945,674.749,37.324,27.515
identical_balls_trick_000_018.mp4,692,11.544867,32,sports ball,0.797759,394.781,128.892,446.725,178.933,420.753,153.912,51.944,50.041
identical_balls_trick_000_018.mp4,692,11.544867,32,sports ball,0.349594,521.465,301.542,577.040,359.832,549.252,330.687,55.575,58.290
identical_balls_trick_000_018.mp4,692,11.544867,32,sports ball,0.201205,581.868,482.191,627.573,529.823,604.721,506.007,45.705,47.632
identical_balls_trick_000_018.mp4,692,11.544867,32,sports ball,0.187895,39.269,660.976,76.605,688.541,57.937,674.758,37.336,27.565
identical_balls_trick_000_018.mp4,693,11.561550,32,sports ball,0.777748,395.312,122.350,446.771,173.681,421.041,148.015,51.458,51.331
identical_balls_trick_000_018.mp4,693,11.561550,32,sports ball,0.655927,521.052,320.540,576.454,378.927,548.753,349.734,55.403,58.387
identical_balls_trick_000_018.mp4,693,11.561550,32,sports ball,0.289079,581.023,496.081,627.152,543.092,604.087,519.586,46.129,47.012
identical_balls_trick_000_018.mp4,693,11.561550,32,sports ball,0.176999,39.265,660.960,76.600,688.713,57.932,674.836,37.335,27.752
identical_balls_trick_000_018.mp4,694,11.578233,32,sports ball,0.765679,395.294,122.342,446.799,173.683,421.046,148.012,51.505,51.341
identical_balls_trick_000_018.mp4,694,11.578233,32,sports ball,0.624640,521.069,320.502,576.461,378.989,548.765,349.745,55.392,58.488
identical_balls_trick_000_018.mp4,694,11.578233,32,sports ball,0.272459,581.017,496.062,627.160,543.104,604.088,519.583,46.142,47.042
identical_balls_trick_000_018.mp4,694,11.578233,32,sports ball,0.179396,39.275,660.960,76.596,688.729,57.936,674.844,37.321,27.769
identical_balls_trick_000_018.mp4,695,11.594917,32,sports ball,0.796317,395.360,117.132,447.339,169.251,421.350,143.191,51.979,52.119
identical_balls_trick_000_018.mp4,695,11.594917,32,sports ball,0.793545,521.194,340.820,575.433,400.593,548.314,370.707,54.239,59.773
identical_balls_trick_000_018.mp4,695,11.594917,32,sports ball,0.420680,580.835,509.246,626.574,557.504,603.705,533.375,45.740,48.258
identical_balls_trick_000_018.mp4,695,11.594917,32,sports ball,0.174846,39.283,660.958,76.619,688.943,57.951,674.951,37.336,27.986
identical_balls_trick_000_018.mp4,695,11.594917,32,sports ball,0.152235,112.882,649.927,146.570,674.679,129.726,662.303,33.688,24.752
identical_balls_trick_000_018.mp4,696,11.611600,32,sports ball,0.801698,395.433,117.107,447.348,169.240,421.391,143.174,51.915,52.133
identical_balls_trick_000_018.mp4,696,11.611600,32,sports ball,0.796480,521.195,340.834,575.429,400.600,548.312,370.717,54.234,59.766
identical_balls_trick_000_018.mp4,696,11.611600,32,sports ball,0.432491,580.840,509.255,626.583,557.510,603.711,533.382,45.743,48.255
identical_balls_trick_000_018.mp4,696,11.611600,32,sports ball,0.176062,39.278,660.989,76.617,688.958,57.947,674.974,37.339,27.970
identical_balls_trick_000_018.mp4,696,11.611600,32,sports ball,0.156833,112.884,649.927,146.568,674.690,129.726,662.308,33.684,24.763
identical_balls_trick_000_018.mp4,697,11.628283,32,sports ball,0.776579,395.744,112.559,447.720,164.367,421.732,138.463,51.977,51.808
identical_balls_trick_000_018.mp4,697,11.628283,32,sports ball,0.694529,521.848,355.976,576.255,413.351,549.051,384.664,54.407,57.375
identical_balls_trick_000_018.mp4,697,11.628283,32,sports ball,0.197561,580.463,523.455,626.508,570.983,603.485,547.219,46.045,47.527
identical_balls_trick_000_018.mp4,697,11.628283,32,sports ball,0.175842,39.285,660.992,76.608,688.904,57.946,674.948,37.323,27.912
identical_balls_trick_000_018.mp4,697,11.628283,32,sports ball,0.152806,112.882,649.922,146.571,674.686,129.726,662.304,33.690,24.764
identical_balls_trick_000_018.mp4,698,11.644967,32,sports ball,0.769477,395.728,112.554,447.707,164.405,421.717,138.479,51.979,51.850
identical_balls_trick_000_018.mp4,698,11.644967,32,sports ball,0.696075,521.817,355.990,576.249,413.374,549.033,384.682,54.433,57.383
identical_balls_trick_000_018.mp4,698,11.644967,32,sports ball,0.195571,580.462,523.462,626.526,570.977,603.494,547.220,46.065,47.515
identical_balls_trick_000_018.mp4,698,11.644967,32,sports ball,0.173156,39.285,660.988,76.607,688.904,57.946,674.946,37.322,27.916
identical_balls_trick_000_018.mp4,699,11.661650,32,sports ball,0.494824,395.242,108.375,447.909,160.393,421.576,134.384,52.666,52.018
identical_balls_trick_000_018.mp4,699,11.661650,32,sports ball,0.464850,523.645,367.602,577.739,425.128,550.692,396.365,54.094,57.527
identical_balls_trick_000_018.mp4,699,11.661650,32,sports ball,0.370250,579.050,538.365,625.166,584.709,602.108,561.537,46.116,46.345
identical_balls_trick_000_018.mp4,699,11.661650,32,sports ball,0.155819,39.252,660.973,76.606,688.936,57.929,674.955,37.355,27.962
identical_balls_trick_000_018.mp4,700,11.678333,32,sports ball,0.503118,395.246,108.363,447.925,160.326,421.586,134.345,52.679,51.963
identical_balls_trick_000_018.mp4,700,11.678333,32,sports ball,0.466678,523.653,367.617,577.747,425.107,550.700,396.362,54.094,57.491
identical_balls_trick_000_018.mp4,700,11.678333,32,sports ball,0.363882,579.049,538.370,625.164,584.704,602.106,561.537,46.115,46.335
identical_balls_trick_000_018.mp4,700,11.678333,32,sports ball,0.151921,39.224,660.965,76.602,688.810,57.913,674.888,37.378,27.845
identical_balls_trick_000_018.mp4,701,11.695017,32,sports ball,0.622138,396.966,104.578,447.771,155.620,422.368,130.099,50.805,51.043
identical_balls_trick_000_018.mp4,701,11.695017,32,sports ball,0.580543,579.401,551.689,625.581,596.155,602.491,573.922,46.180,44.467
identical_balls_trick_000_018.mp4,701,11.695017,32,sports ball,0.449486,527.164,380.055,579.406,435.809,553.285,407.932,52.242,55.754
identical_balls_trick_000_018.mp4,702,11.711700,32,sports ball,0.639743,396.810,104.599,447.702,155.634,422.256,130.116,50.892,51.035
identical_balls_trick_000_018.mp4,702,11.711700,32,sports ball,0.576123,579.404,551.691,625.596,596.147,602.500,573.919,46.193,44.456
identical_balls_trick_000_018.mp4,702,11.711700,32,sports ball,0.439000,527.143,380.059,579.410,435.813,553.276,407.936,52.268,55.754
identical_balls_trick_000_018.mp4,703,11.728383,32,sports ball,0.296445,396.282,101.368,447.916,153.390,422.099,127.379,51.634,52.023
identical_balls_trick_000_018.mp4,703,11.728383,32,sports ball,0.164879,528.372,392.122,580.768,448.532,554.570,420.327,52.397,56.410
identical_balls_trick_000_018.mp4,704,11.745067,32,sports ball,0.320270,396.224,101.178,447.926,153.418,422.075,127.298,51.702,52.240
identical_balls_trick_000_018.mp4,704,11.745067,32,sports ball,0.185283,528.396,392.135,580.739,448.531,554.568,420.333,52.343,56.395
identical_balls_trick_000_018.mp4,705,11.761750,32,sports ball,0.239984,395.977,98.827,448.253,150.687,422.115,124.757,52.277,51.860
identical_balls_trick_000_018.mp4,706,11.778433,32,sports ball,0.300506,396.430,98.828,448.322,150.681,422.376,124.754,51.892,51.853
identical_balls_trick_000_018.mp4,707,11.795117,32,sports ball,0.320400,396.852,97.061,448.573,148.779,422.713,122.920,51.721,51.718
identical_balls_trick_000_018.mp4,707,11.795117,32,sports ball,0.309281,574.960,559.987,617.560,603.520,596.260,581.753,42.600,43.533
identical_balls_trick_000_018.mp4,707,11.795117,32,sports ball,0.299814,532.497,417.062,584.426,474.915,558.461,445.989,51.929,57.853
identical_balls_trick_000_018.mp4,708,11.811800,32,sports ball,0.351656,396.913,97.083,448.613,148.739,422.763,122.911,51.700,51.656
identical_balls_trick_000_018.mp4,708,11.811800,32,sports ball,0.322415,574.960,559.993,617.552,603.535,596.256,581.764,42.593,43.542
identical_balls_trick_000_018.mp4,708,11.811800,32,sports ball,0.316666,532.497,417.047,584.462,474.913,558.479,445.980,51.966,57.865
identical_balls_trick_000_018.mp4,709,11.828483,32,sports ball,0.396522,397.407,95.773,448.729,147.030,423.068,121.401,51.322,51.257
identical_balls_trick_000_018.mp4,709,11.828483,32,sports ball,0.391927,535.326,430.326,587.282,486.135,561.304,458.231,51.956,55.809
identical_balls_trick_000_018.mp4,709,11.828483,32,sports ball,0.311808,573.311,562.054,613.207,605.703,593.259,583.878,39.895,43.648
identical_balls_trick_000_018.mp4,710,11.845167,32,sports ball,0.368874,534.702,430.305,587.272,485.918,560.987,458.112,52.569,55.614
identical_balls_trick_000_018.mp4,710,11.845167,32,sports ball,0.354026,397.681,95.794,448.811,147.019,423.246,121.407,51.129,51.225
identical_balls_trick_000_018.mp4,710,11.845167,32,sports ball,0.301079,573.318,562.078,613.206,605.683,593.262,583.881,39.888,43.606
identical_balls_trick_000_018.mp4,711,11.861850,32,sports ball,0.705503,538.091,442.216,590.570,498.571,564.331,470.393,52.480,56.355
identical_balls_trick_000_018.mp4,711,11.861850,32,sports ball,0.328665,397.948,94.147,449.070,145.385,423.509,119.766,51.122,51.237
identical_balls_trick_000_018.mp4,711,11.861850,32,sports ball,0.288503,570.810,566.454,609.405,610.401,590.107,588.427,38.595,43.947
identical_balls_trick_000_018.mp4,712,11.878533,32,sports ball,0.714827,538.105,442.238,590.559,498.595,564.332,470.417,52.455,56.357
identical_balls_trick_000_018.mp4,712,11.878533,32,sports ball,0.297069,570.819,566.466,609.403,610.383,590.111,588.424,38.584,43.917
identical_balls_trick_000_018.mp4,712,11.878533,32,sports ball,0.289226,398.241,94.137,449.244,145.355,423.742,119.746,51.003,51.218
identical_balls_trick_000_018.mp4,713,11.895217,32,sports ball,0.601980,544.083,453.751,595.178,510.858,569.630,482.305,51.095,57.107
identical_balls_trick_000_018.mp4,713,11.895217,32,sports ball,0.193526,398.341,94.111,449.428,145.369,423.885,119.740,51.087,51.258
identical_balls_trick_000_018.mp4,713,11.895217,32,sports ball,0.156197,568.612,571.454,606.094,615.579,587.353,593.516,37.481,44.125
identical_balls_trick_000_018.mp4,714,11.911900,32,sports ball,0.604517,544.084,453.758,595.178,510.859,569.631,482.309,51.094,57.100
identical_balls_trick_000_018.mp4,714,11.911900,32,sports ball,0.160611,568.608,571.454,606.091,615.570,587.350,593.512,37.482,44.116
identical_balls_trick_000_018.mp4,715,11.928583,32,sports ball,0.532245,546.944,465.075,599.646,520.109,573.295,492.592,52.703,55.034
identical_balls_trick_000_018.mp4,715,11.928583,32,sports ball,0.250319,568.275,576.239,602.568,620.101,585.421,598.170,34.293,43.862
identical_balls_trick_000_018.mp4,715,11.928583,32,sports ball,0.237987,398.331,94.011,449.662,145.362,423.997,119.686,51.331,51.351
identical_balls_trick_000_018.mp4,716,11.945267,32,sports ball,0.512410,546.935,465.082,599.649,520.118,573.292,492.600,52.713,55.037
identical_balls_trick_000_018.mp4,716,11.945267,32,sports ball,0.251287,568.259,576.235,602.571,620.080,585.415,598.158,34.312,43.845
identical_balls_trick_000_018.mp4,716,11.945267,32,sports ball,0.211747,398.754,93.989,449.864,145.365,424.309,119.677,51.110,51.376
identical_balls_trick_000_018.mp4,719,11.995317,32,sports ball,0.202944,399.700,95.875,450.600,147.518,425.150,121.697,50.900,51.643
identical_balls_trick_000_018.mp4,719,11.995317,32,sports ball,0.192070,555.096,487.350,606.777,543.100,580.937,515.225,51.681,55.750
identical_balls_trick_000_018.mp4,719,11.995317,32,sports ball,0.174771,556.093,487.453,606.523,539.776,581.308,513.614,50.430,52.323
identical_balls_trick_000_018.mp4,720,12.012000,32,sports ball,0.214572,399.715,95.882,450.644,147.562,425.179,121.722,50.930,51.680
identical_balls_trick_000_018.mp4,720,12.012000,32,sports ball,0.198289,555.090,487.345,606.769,543.104,580.929,515.224,51.679,55.759
identical_balls_trick_000_018.mp4,720,12.012000,32,sports ball,0.175950,556.090,487.452,606.528,539.874,581.309,513.663,50.437,52.422
identical_balls_trick_000_018.mp4,721,12.028683,32,sports ball,0.326907,399.834,97.062,450.683,149.170,425.259,123.116,50.849,52.109
identical_balls_trick_000_018.mp4,722,12.045367,32,sports ball,0.349527,399.810,97.042,450.834,149.145,425.322,123.093,51.024,52.103
identical_balls_trick_000_018.mp4,722,12.045367,32,sports ball,0.158485,560.085,497.043,610.839,553.663,585.462,525.353,50.754,56.620
identical_balls_trick_000_018.mp4,723,12.062050,32,sports ball,0.192368,400.779,98.647,450.950,151.234,425.865,124.940,50.171,52.587
identical_balls_trick_000_018.mp4,724,12.078733,32,sports ball,0.211272,400.892,98.607,451.000,151.255,425.946,124.931,50.108,52.647
identical_balls_trick_000_018.mp4,725,12.095417,32,sports ball,0.399696,401.134,101.446,451.210,153.513,426.172,127.480,50.076,52.066
identical_balls_trick_000_018.mp4,725,12.095417,32,sports ball,0.374946,567.464,517.702,616.725,574.149,592.095,545.926,49.261,56.447
identical_balls_trick_000_018.mp4,726,12.112100,32,sports ball,0.403108,401.235,101.446,451.092,153.496,426.164,127.471,49.856,52.050
identical_balls_trick_000_018.mp4,726,12.112100,32,sports ball,0.376640,567.460,517.695,616.677,574.118,592.069,545.907,49.217,56.423
identical_balls_trick_000_018.mp4,727,12.128783,32,sports ball,0.409622,401.403,104.860,452.072,156.423,426.738,130.641,50.670,51.563
identical_balls_trick_000_018.mp4,727,12.128783,32,sports ball,0.167605,550.745,617.961,592.417,658.772,571.581,638.366,41.672,40.811
identical_balls_trick_000_018.mp4,728,12.145467,32,sports ball,0.420077,401.431,104.876,452.020,156.433,426.725,130.654,50.589,51.558
identical_balls_trick_000_018.mp4,728,12.145467,32,sports ball,0.169961,550.750,617.949,592.423,658.743,571.586,638.346,41.673,40.794
identical_balls_trick_000_018.mp4,729,12.162150,32,sports ball,0.536463,401.646,108.292,451.991,160.520,426.819,134.406,50.345,52.228
identical_balls_trick_000_018.mp4,729,12.162150,32,sports ball,0.315349,576.211,534.504,624.044,581.464,600.127,557.984,47.834,46.960
identical_balls_trick_000_018.mp4,729,12.162150,32,sports ball,0.187404,575.874,534.344,625.395,587.222,600.635,560.783,49.521,52.878
identical_balls_trick_000_018.mp4,730,12.178833,32,sports ball,0.525935,401.657,108.417,451.988,160.509,426.823,134.463,50.331,52.093
identical_balls_trick_000_018.mp4,730,12.178833,32,sports ball,0.303054,576.220,534.580,624.029,581.250,600.124,557.915,47.810,46.670
identical_balls_trick_000_018.mp4,730,12.178833,32,sports ball,0.184344,575.881,534.387,625.366,587.198,600.624,560.793,49.485,52.811
identical_balls_trick_000_018.mp4,731,12.195517,32,sports ball,0.602248,402.024,112.607,452.634,164.731,427.329,138.669,50.610,52.123
identical_balls_trick_000_018.mp4,731,12.195517,32,sports ball,0.196173,578.815,541.456,628.679,596.406,603.747,568.931,49.865,54.950
identical_balls_trick_000_018.mp4,731,12.195517,32,sports ball,0.152540,542.036,630.668,586.146,670.141,564.091,650.404,44.110,39.474
identical_balls_trick_000_018.mp4,732,12.212200,32,sports ball,0.601035,402.001,112.599,452.633,164.726,427.317,138.663,50.631,52.127
identical_balls_trick_000_018.mp4,732,12.212200,32,sports ball,0.193520,578.803,541.441,628.664,596.380,603.734,568.910,49.861,54.938
identical_balls_trick_000_018.mp4,732,12.212200,32,sports ball,0.155418,542.046,630.663,586.063,670.159,564.054,650.411,44.017,39.496
identical_balls_trick_000_018.mp4,733,12.228883,32,sports ball,0.709768,583.805,547.514,631.113,598.668,607.459,573.091,47.308,51.154
identical_balls_trick_000_018.mp4,733,12.228883,32,sports ball,0.440245,402.282,117.265,453.017,169.979,427.650,143.622,50.735,52.714
identical_balls_trick_000_018.mp4,733,12.228883,32,sports ball,0.400064,537.121,635.499,583.052,675.134,560.087,655.316,45.930,39.635
identical_balls_trick_000_018.mp4,734,12.245567,32,sports ball,0.711164,583.803,547.513,631.114,598.675,607.459,573.094,47.311,51.162
identical_balls_trick_000_018.mp4,734,12.245567,32,sports ball,0.491368,402.270,117.263,453.042,170.012,427.656,143.637,50.772,52.748
identical_balls_trick_000_018.mp4,734,12.245567,32,sports ball,0.406129,537.116,635.491,583.047,675.121,560.082,655.306,45.930,39.630
identical_balls_trick_000_018.mp4,735,12.262250,32,sports ball,0.551525,403.039,122.650,453.834,174.599,428.437,148.624,50.796,51.948
identical_balls_trick_000_018.mp4,735,12.262250,32,sports ball,0.422946,586.136,553.614,633.948,602.270,610.042,577.942,47.812,48.656
identical_balls_trick_000_018.mp4,736,12.278933,32,sports ball,0.494056,403.030,122.648,453.922,174.819,428.476,148.734,50.892,52.172
identical_balls_trick_000_018.mp4,736,12.278933,32,sports ball,0.425500,586.128,553.597,633.970,602.422,610.049,578.009,47.842,48.825
identical_balls_trick_000_018.mp4,737,12.295617,32,sports ball,0.545761,403.650,128.643,454.540,180.367,429.095,154.505,50.890,51.724
identical_balls_trick_000_018.mp4,737,12.295617,32,sports ball,0.493563,589.672,558.721,635.277,608.368,612.474,583.545,45.605,49.648
identical_balls_trick_000_018.mp4,738,12.312300,32,sports ball,0.526499,403.652,128.642,454.365,180.363,429.009,154.502,50.714,51.721
identical_balls_trick_000_018.mp4,738,12.312300,32,sports ball,0.498420,589.662,558.723,635.286,608.449,612.474,583.586,45.624,49.727
identical_balls_trick_000_018.mp4,739,12.328983,32,sports ball,0.396743,592.271,561.833,638.235,607.287,615.253,584.560,45.964,45.454
identical_balls_trick_000_018.mp4,739,12.328983,32,sports ball,0.371730,404.120,134.919,456.060,186.671,430.090,160.795,51.940,51.752
identical_balls_trick_000_018.mp4,739,12.328983,32,sports ball,0.168520,526.848,641.851,572.342,684.021,549.595,662.936,45.494,42.170
identical_balls_trick_000_018.mp4,740,12.345667,32,sports ball,0.406976,592.266,561.828,638.242,607.298,615.254,584.563,45.976,45.470
identical_balls_trick_000_018.mp4,740,12.345667,32,sports ball,0.382216,404.133,134.912,456.015,186.559,430.074,160.736,51.882,51.647
identical_balls_trick_000_018.mp4,740,12.345667,32,sports ball,0.164739,526.846,641.853,572.397,684.021,549.622,662.937,45.552,42.168
identical_balls_trick_000_018.mp4,741,12.362350,32,sports ball,0.399183,594.572,564.099,641.399,611.862,617.986,587.980,46.827,47.763
identical_balls_trick_000_018.mp4,741,12.362350,32,sports ball,0.225315,522.765,641.222,567.600,683.966,545.182,662.594,44.836,42.744
identical_balls_trick_000_018.mp4,741,12.362350,32,sports ball,0.179552,404.249,142.147,455.665,193.667,429.957,167.907,51.417,51.520
identical_balls_trick_000_018.mp4,742,12.379033,32,sports ball,0.406712,594.584,564.096,641.403,611.629,617.994,587.863,46.819,47.533
identical_balls_trick_000_018.mp4,742,12.379033,32,sports ball,0.246004,522.741,641.226,567.572,684.021,545.156,662.623,44.831,42.795
identical_balls_trick_000_018.mp4,742,12.379033,32,sports ball,0.185959,404.254,142.134,455.690,193.687,429.972,167.910,51.436,51.552
identical_balls_trick_000_018.mp4,743,12.395717,32,sports ball,0.455500,596.748,564.025,642.690,613.697,619.719,588.861,45.943,49.672
identical_balls_trick_000_018.mp4,743,12.395717,32,sports ball,0.302475,519.838,640.101,564.508,682.506,542.173,661.304,44.670,42.405
identical_balls_trick_000_018.mp4,743,12.395717,32,sports ball,0.214484,404.987,149.893,456.527,200.702,430.757,175.298,51.540,50.809
identical_balls_trick_000_018.mp4,744,12.412400,32,sports ball,0.454481,596.757,564.038,642.680,613.651,619.718,588.845,45.923,49.614
identical_balls_trick_000_018.mp4,744,12.412400,32,sports ball,0.310154,519.861,640.100,564.480,682.470,542.171,661.285,44.619,42.370
identical_balls_trick_000_018.mp4,744,12.412400,32,sports ball,0.192943,405.000,149.914,456.461,200.642,430.731,175.278,51.460,50.728
identical_balls_trick_000_018.mp4,745,12.429083,32,sports ball,0.366385,405.357,157.794,456.875,208.462,431.116,183.128,51.518,50.668
identical_balls_trick_000_018.mp4,745,12.429083,32,sports ball,0.295326,517.288,635.159,563.157,676.960,540.222,656.059,45.869,41.801
identical_balls_trick_000_018.mp4,745,12.429083,32,sports ball,0.290426,597.999,563.302,645.012,611.411,621.505,587.357,47.013,48.109
identical_balls_trick_000_018.mp4,746,12.445767,32,sports ball,0.385314,405.333,157.776,456.879,208.420,431.106,183.098,51.546,50.644
identical_balls_trick_000_018.mp4,746,12.445767,32,sports ball,0.294056,517.296,635.164,563.163,676.964,540.230,656.064,45.867,41.800
identical_balls_trick_000_018.mp4,746,12.445767,32,sports ball,0.292222,597.997,563.303,645.015,611.422,621.506,587.362,47.017,48.119
identical_balls_trick_000_018.mp4,747,12.462450,32,sports ball,0.508914,405.575,165.898,457.277,217.214,431.426,191.556,51.703,51.317
identical_balls_trick_000_018.mp4,747,12.462450,32,sports ball,0.335949,600.419,561.573,646.334,607.905,623.376,584.739,45.915,46.332
identical_balls_trick_000_018.mp4,747,12.462450,32,sports ball,0.228325,513.737,630.004,560.125,673.168,536.931,651.586,46.388,43.164
identical_balls_trick_000_018.mp4,748,12.479133,32,sports ball,0.500497,405.579,165.888,457.269,217.219,431.424,191.553,51.690,51.331
identical_balls_trick_000_018.mp4,748,12.479133,32,sports ball,0.331544,600.417,561.566,646.333,607.910,623.375,584.738,45.916,46.344
identical_balls_trick_000_018.mp4,748,12.479133,32,sports ball,0.232338,513.740,630.003,560.020,673.096,536.880,651.549,46.281,43.093
identical_balls_trick_000_018.mp4,749,12.495817,32,sports ball,0.493833,406.048,175.198,458.548,225.652,432.298,200.425,52.499,50.454
identical_balls_trick_000_018.mp4,749,12.495817,32,sports ball,0.481711,601.823,557.463,648.712,606.775,625.267,582.119,46.889,49.312
identical_balls_trick_000_018.mp4,749,12.495817,32,sports ball,0.217086,512.579,623.093,557.625,663.591,535.102,643.342,45.046,40.499
identical_balls_trick_000_018.mp4,750,12.512500,32,sports ball,0.389616,601.927,557.113,648.520,607.741,625.223,582.427,46.594,50.628
identical_balls_trick_000_018.mp4,750,12.512500,32,sports ball,0.297981,405.924,174.790,458.446,225.769,432.185,200.280,52.522,50.979
identical_balls_trick_000_018.mp4,750,12.512500,32,sports ball,0.155463,512.695,623.318,557.806,663.581,535.250,643.449,45.111,40.263
identical_balls_trick_000_018.mp4,751,12.529183,32,sports ball,0.523321,603.008,552.216,650.107,600.973,626.557,576.594,47.098,48.757
identical_balls_trick_000_018.mp4,751,12.529183,32,sports ball,0.415732,407.120,184.766,458.533,235.779,432.826,210.273,51.413,51.013
identical_balls_trick_000_018.mp4,751,12.529183,32,sports ball,0.261761,510.419,614.342,555.596,654.541,533.008,634.441,45.177,40.199
identical_balls_trick_000_018.mp4,752,12.545867,32,sports ball,0.528308,603.011,552.216,650.107,600.979,626.559,576.598,47.096,48.763
identical_balls_trick_000_018.mp4,752,12.545867,32,sports ball,0.440090,407.055,184.847,458.549,235.783,432.802,210.315,51.494,50.936
identical_balls_trick_000_018.mp4,752,12.545867,32,sports ball,0.267592,510.447,614.399,555.592,654.597,533.020,634.498,45.145,40.198
identical_balls_trick_000_018.mp4,753,12.562550,32,sports ball,0.470805,604.563,545.196,650.547,597.192,627.555,571.194,45.984,51.996
identical_balls_trick_000_018.mp4,753,12.562550,32,sports ball,0.214784,508.894,603.512,554.824,642.367,531.859,622.940,45.931,38.855
identical_balls_trick_000_018.mp4,754,12.579233,32,sports ball,0.485664,604.560,545.199,650.553,597.202,627.556,571.200,45.994,52.003
identical_balls_trick_000_018.mp4,754,12.579233,32,sports ball,0.218658,508.896,603.508,554.809,642.323,531.852,622.916,45.912,38.815
identical_balls_trick_000_018.mp4,754,12.579233,32,sports ball,0.161242,407.091,194.082,459.427,246.045,433.259,220.064,52.335,51.963
identical_balls_trick_000_018.mp4,755,12.595917,32,sports ball,0.504923,605.287,537.826,651.036,585.463,628.161,561.644,45.748,47.637
identical_balls_trick_000_018.mp4,755,12.595917,32,sports ball,0.175154,407.851,205.059,459.494,257.468,433.672,231.264,51.643,52.409
identical_balls_trick_000_018.mp4,756,12.612600,32,sports ball,0.508245,605.307,537.835,651.014,585.469,628.161,561.652,45.708,47.634
identical_balls_trick_000_018.mp4,756,12.612600,32,sports ball,0.201558,407.842,205.041,459.463,257.504,433.653,231.272,51.622,52.463
identical_balls_trick_000_018.mp4,757,12.629283,32,sports ball,0.197992,505.738,576.292,550.526,612.318,528.132,594.305,44.789,36.026
identical_balls_trick_000_018.mp4,757,12.629283,32,sports ball,0.180775,605.048,528.815,650.890,578.528,627.969,553.671,45.842,49.713
identical_balls_trick_000_018.mp4,758,12.645967,32,sports ball,0.203328,505.744,576.291,550.491,612.277,528.118,594.284,44.747,35.986
identical_balls_trick_000_018.mp4,758,12.645967,32,sports ball,0.170394,605.020,528.852,650.919,579.286,627.970,554.069,45.898,50.434
identical_balls_trick_000_018.mp4,758,12.645967,32,sports ball,0.156985,409.131,216.169,460.170,267.924,434.651,242.047,51.039,51.755
identical_balls_trick_000_018.mp4,759,12.662650,32,sports ball,0.453415,603.932,519.350,651.521,561.396,627.726,540.373,47.589,42.047
identical_balls_trick_000_018.mp4,759,12.662650,32,sports ball,0.353730,410.576,228.096,460.691,279.636,435.633,253.866,50.116,51.540
identical_balls_trick_000_018.mp4,759,12.662650,32,sports ball,0.194264,503.789,561.155,549.583,596.791,526.686,578.973,45.793,35.636
identical_balls_trick_000_018.mp4,760,12.679333,32,sports ball,0.451059,603.942,519.367,651.502,561.079,627.722,540.223,47.560,41.712
identical_balls_trick_000_018.mp4,760,12.679333,32,sports ball,0.386172,410.583,228.089,460.735,279.516,435.659,253.802,50.152,51.427
identical_balls_trick_000_018.mp4,760,12.679333,32,sports ball,0.180333,503.818,561.201,549.581,596.744,526.700,578.972,45.762,35.543
identical_balls_trick_000_018.mp4,761,12.696017,32,sports ball,0.161321,601.775,505.653,651.651,557.176,626.713,531.414,49.876,51.523
identical_balls_trick_000_018.mp4,763,12.729383,32,sports ball,0.581883,411.442,252.432,462.346,303.842,436.894,278.137,50.904,51.410
identical_balls_trick_000_018.mp4,763,12.729383,32,sports ball,0.479301,598.454,495.329,649.428,536.285,623.941,515.807,50.975,40.957
identical_balls_trick_000_018.mp4,763,12.729383,32,sports ball,0.334126,597.921,495.207,649.658,545.811,623.790,520.509,51.737,50.603
identical_balls_trick_000_018.mp4,764,12.746067,32,sports ball,0.557787,411.456,252.418,462.355,303.843,436.906,278.131,50.899,51.425
identical_balls_trick_000_018.mp4,764,12.746067,32,sports ball,0.476991,598.455,495.313,649.433,536.478,623.944,515.895,50.977,41.164
identical_balls_trick_000_018.mp4,764,12.746067,32,sports ball,0.322290,597.919,495.190,649.676,545.590,623.797,520.390,51.757,50.400
identical_balls_trick_000_018.mp4,765,12.762750,32,sports ball,0.612863,412.260,266.366,463.275,316.259,437.768,291.313,51.015,49.893
identical_balls_trick_000_018.mp4,765,12.762750,32,sports ball,0.534003,502.158,502.385,549.549,546.961,525.854,524.673,47.390,44.577
identical_balls_trick_000_018.mp4,765,12.762750,32,sports ball,0.352654,595.634,483.467,647.795,534.783,621.715,509.125,52.161,51.316
identical_balls_trick_000_018.mp4,765,12.762750,32,sports ball,0.327144,595.652,483.296,647.745,536.142,621.699,509.719,52.093,52.846
identical_balls_trick_000_018.mp4,766,12.779433,32,sports ball,0.521935,501.983,502.490,549.618,546.987,525.800,524.738,47.635,44.497
identical_balls_trick_000_018.mp4,766,12.779433,32,sports ball,0.420775,595.648,483.557,647.749,534.725,621.699,509.141,52.101,51.169
identical_balls_trick_000_018.mp4,766,12.779433,32,sports ball,0.305528,595.680,483.358,647.722,536.119,621.701,509.739,52.041,52.761
identical_balls_trick_000_018.mp4,766,12.779433,32,sports ball,0.187322,412.220,266.339,463.322,316.465,437.771,291.402,51.102,50.126
identical_balls_trick_000_018.mp4,767,12.796117,32,sports ball,0.246353,503.199,480.980,549.648,522.269,526.423,501.624,46.449,41.289
identical_balls_trick_000_018.mp4,767,12.796117,32,sports ball,0.167304,413.247,279.505,463.648,330.815,438.447,305.160,50.401,51.311
identical_balls_trick_000_018.mp4,768,12.812800,32,sports ball,0.227538,503.302,480.979,549.650,522.171,526.476,501.575,46.348,41.193
identical_balls_trick_000_018.mp4,769,12.829483,32,sports ball,0.152361,413.874,294.311,463.904,345.050,438.889,319.681,50.030,50.739
identical_balls_trick_000_018.mp4,771,12.862850,32,sports ball,0.248849,505.048,441.551,551.908,489.216,528.478,465.383,46.860,47.665
identical_balls_trick_000_018.mp4,772,12.879533,32,sports ball,0.243962,505.003,441.609,551.919,488.993,528.461,465.301,46.916,47.384
identical_balls_trick_000_018.mp4,773,12.896217,32,sports ball,0.745383,506.195,403.390,554.349,451.238,530.272,427.314,48.154,47.848
identical_balls_trick_000_018.mp4,773,12.896217,32,sports ball,0.706564,416.654,338.780,466.030,390.564,441.342,364.672,49.375,51.784
identical_balls_trick_000_018.mp4,773,12.896217,32,sports ball,0.441560,581.776,435.544,632.425,486.327,607.100,460.935,50.649,50.784
identical_balls_trick_000_018.mp4,774,12.912900,32,sports ball,0.737312,417.516,371.136,467.801,423.937,442.659,397.536,50.285,52.801
identical_balls_trick_000_018.mp4,774,12.912900,32,sports ball,0.420527,576.139,419.685,626.890,469.991,601.514,444.838,50.751,50.306
identical_balls_trick_000_018.mp4,774,12.912900,32,sports ball,0.284395,507.170,367.829,555.976,417.960,531.573,392.895,48.806,50.131
identical_balls_trick_000_018.mp4,775,12.929583,32,sports ball,0.758680,509.484,331.837,557.670,383.844,533.577,357.841,48.187,52.007
identical_balls_trick_000_018.mp4,775,12.929583,32,sports ball,0.743359,418.787,406.061,469.524,459.251,444.156,432.656,50.737,53.190
identical_balls_trick_000_018.mp4,775,12.929583,32,sports ball,0.595813,570.268,405.273,621.158,456.367,595.713,430.820,50.890,51.094
identical_balls_trick_000_018.mp4,776,12.946267,32,sports ball,0.779080,511.568,301.192,559.435,350.212,535.501,325.702,47.867,49.021
identical_balls_trick_000_018.mp4,776,12.946267,32,sports ball,0.708437,565.197,394.146,615.858,444.098,590.528,419.122,50.660,49.952
identical_balls_trick_000_018.mp4,776,12.946267,32,sports ball,0.661735,420.148,442.958,470.666,495.941,445.407,469.450,50.518,52.983
identical_balls_trick_000_018.mp4,777,12.962950,32,sports ball,0.656317,512.948,268.396,560.018,319.250,536.483,293.823,47.070,50.854
identical_balls_trick_000_018.mp4,777,12.962950,32,sports ball,0.636918,560.080,384.513,610.524,433.458,585.302,408.986,50.445,48.945
identical_balls_trick_000_018.mp4,777,12.962950,32,sports ball,0.371293,422.102,481.772,471.991,534.384,447.047,508.078,49.889,52.612
identical_balls_trick_000_018.mp4,778,12.979633,32,sports ball,0.671621,514.342,238.342,562.398,285.874,538.370,262.108,48.056,47.532
identical_balls_trick_000_018.mp4,778,12.979633,32,sports ball,0.617113,424.601,522.661,474.008,575.531,449.305,549.096,49.406,52.870
identical_balls_trick_000_018.mp4,778,12.979633,32,sports ball,0.521975,554.456,376.472,605.098,425.177,579.777,400.825,50.642,48.704
identical_balls_trick_000_018.mp4,779,12.996317,32,sports ball,0.708707,550.256,369.842,599.215,419.387,574.735,394.614,48.959,49.544
identical_balls_trick_000_018.mp4,779,12.996317,32,sports ball,0.606258,515.670,208.626,563.402,257.676,539.536,233.151,47.732,49.050
identical_balls_trick_000_018.mp4,779,12.996317,32,sports ball,0.605101,425.748,563.960,475.421,616.535,450.585,590.248,49.673,52.575
identical_balls_trick_000_018.mp4,780,13.013000,32,sports ball,0.648585,546.690,365.799,594.869,413.457,570.780,389.628,48.179,47.658
identical_balls_trick_000_018.mp4,780,13.013000,32,sports ball,0.298157,418.251,599.174,464.037,646.912,441.144,623.043,45.787,47.738
identical_balls_trick_000_018.mp4,780,13.013000,32,sports ball,0.162059,516.532,179.649,564.840,229.040,540.686,204.345,48.308,49.391
identical_balls_trick_000_018.mp4,781,13.029683,32,sports ball,0.610095,517.833,153.670,566.441,204.234,542.137,178.952,48.608,50.565
identical_balls_trick_000_018.mp4,782,13.046367,32,sports ball,0.732652,518.782,129.143,567.932,179.262,543.357,154.203,49.149,50.119
identical_balls_trick_000_018.mp4,782,13.046367,32,sports ball,0.528776,402.636,615.815,449.655,661.980,426.145,638.898,47.020,46.166
identical_balls_trick_000_018.mp4,782,13.046367,32,sports ball,0.159800,519.285,129.103,567.793,178.982,543.539,154.042,48.507,49.880
identical_balls_trick_000_018.mp4,783,13.063050,32,sports ball,0.594928,520.795,105.895,569.647,157.275,545.221,131.585,48.852,51.380
identical_balls_trick_000_018.mp4,783,13.063050,32,sports ball,0.184828,520.889,105.938,569.418,156.875,545.154,131.406,48.529,50.937
identical_balls_trick_000_018.mp4,784,13.079733,32,sports ball,0.706967,521.440,84.210,571.052,136.554,546.246,110.382,49.613,52.344
identical_balls_trick_000_018.mp4,785,13.096417,32,sports ball,0.441707,521.914,65.072,571.696,116.967,546.805,91.019,49.782,51.895
identical_balls_trick_000_018.mp4,786,13.113100,32,sports ball,0.664700,523.078,47.135,572.975,99.530,548.026,73.333,49.897,52.395
identical_balls_trick_000_018.mp4,787,13.129783,32,sports ball,0.497122,524.179,32.281,575.422,83.972,549.801,58.127,51.244,51.691
identical_balls_trick_000_018.mp4,788,13.146467,32,sports ball,0.628942,525.406,16.627,576.538,70.252,550.972,43.440,51.132,53.625
identical_balls_trick_000_018.mp4,789,13.163150,32,sports ball,0.455942,528.174,4.465,578.074,58.573,553.124,31.519,49.901,54.108
identical_balls_trick_000_018.mp4,789,13.163150,32,sports ball,0.331923,377.248,615.434,421.425,661.922,399.336,638.678,44.177,46.488
identical_balls_trick_000_018.mp4,790,13.179833,32,sports ball,0.731532,528.645,0.568,579.648,48.306,554.146,24.437,51.003,47.738
identical_balls_trick_000_018.mp4,790,13.179833,32,sports ball,0.480979,374.869,608.702,418.453,655.312,396.661,632.007,43.585,46.610
identical_balls_trick_000_018.mp4,791,13.196517,32,sports ball,0.405230,530.650,0.752,580.315,40.240,555.482,20.496,49.665,39.488
identical_balls_trick_000_018.mp4,791,13.196517,32,sports ball,0.291624,370.874,600.897,415.176,648.381,393.025,624.639,44.301,47.484
identical_balls_trick_000_018.mp4,791,13.196517,32,sports ball,0.159827,563.696,321.971,615.410,386.188,589.553,354.080,51.713,64.217
identical_balls_trick_000_018.mp4,792,13.213200,32,sports ball,0.531471,531.579,0.000,582.225,34.918,556.902,17.459,50.646,34.918
identical_balls_trick_000_018.mp4,792,13.213200,32,sports ball,0.381764,368.063,592.150,410.835,637.634,389.449,614.892,42.772,45.483
identical_balls_trick_000_018.mp4,793,13.229883,32,sports ball,0.734522,532.521,0.000,584.376,30.490,558.449,15.245,51.856,30.490
identical_balls_trick_000_018.mp4,793,13.229883,32,sports ball,0.412641,362.917,580.459,406.630,626.979,384.773,603.719,43.714,46.520
identical_balls_trick_000_018.mp4,794,13.246567,32,sports ball,0.716129,534.266,0.000,586.224,28.410,560.245,14.205,51.959,28.410
identical_balls_trick_000_018.mp4,794,13.246567,32,sports ball,0.373371,359.950,567.622,402.957,611.927,381.453,589.775,43.007,44.305
identical_balls_trick_000_018.mp4,795,13.263250,32,sports ball,0.811180,535.961,0.000,588.091,28.663,562.026,14.331,52.130,28.663
identical_balls_trick_000_018.mp4,795,13.263250,32,sports ball,0.600512,354.330,551.434,399.194,595.181,376.762,573.307,44.865,43.747
identical_balls_trick_000_018.mp4,795,13.263250,32,sports ball,0.584446,566.071,319.211,613.396,366.612,589.734,342.911,47.325,47.402
identical_balls_trick_000_018.mp4,796,13.279933,32,sports ball,0.723280,563.861,315.924,612.842,364.149,588.352,340.036,48.981,48.225
identical_balls_trick_000_018.mp4,796,13.279933,32,sports ball,0.688204,350.443,530.575,395.281,576.714,372.862,553.645,44.838,46.140
identical_balls_trick_000_018.mp4,796,13.279933,32,sports ball,0.619476,536.751,0.000,590.101,32.139,563.426,16.069,53.350,32.139
identical_balls_trick_000_018.mp4,796,13.279933,32,sports ball,0.574862,537.533,0.000,590.185,32.146,563.859,16.073,52.652,32.146
identical_balls_trick_000_018.mp4,797,13.296617,32,sports ball,0.737586,539.328,0.000,592.149,36.611,565.738,18.305,52.822,36.611
identical_balls_trick_000_018.mp4,797,13.296617,32,sports ball,0.664181,562.782,315.617,612.032,363.890,587.407,339.753,49.250,48.273
identical_balls_trick_000_018.mp4,797,13.296617,32,sports ball,0.596386,346.982,505.491,395.067,553.316,371.025,529.403,48.085,47.825
identical_balls_trick_000_018.mp4,798,13.313300,32,sports ball,0.839412,562.479,316.689,611.277,365.666,586.878,341.178,48.798,48.977
identical_balls_trick_000_018.mp4,798,13.313300,32,sports ball,0.734611,345.028,475.988,391.453,520.686,368.240,498.337,46.426,44.698
identical_balls_trick_000_018.mp4,798,13.313300,32,sports ball,0.699562,540.756,0.156,593.757,43.571,567.256,21.863,53.001,43.414
identical_balls_trick_000_018.mp4,799,13.329983,32,sports ball,0.880483,562.084,320.197,610.599,369.275,586.342,344.736,48.515,49.078
identical_balls_trick_000_018.mp4,799,13.329983,32,sports ball,0.762787,543.617,1.013,595.260,53.069,569.439,27.041,51.643,52.057
identical_balls_trick_000_018.mp4,799,13.329983,32,sports ball,0.701066,344.458,441.511,392.195,484.422,368.326,462.966,47.737,42.911
identical_balls_trick_000_018.mp4,800,13.346667,32,sports ball,0.789690,545.157,8.378,597.655,64.801,571.406,36.589,52.497,56.423
identical_balls_trick_000_018.mp4,800,13.346667,32,sports ball,0.759788,561.589,326.288,609.643,374.603,585.616,350.445,48.054,48.315
identical_balls_trick_000_018.mp4,800,13.346667,32,sports ball,0.642341,345.040,403.126,394.291,442.671,369.665,422.899,49.251,39.544
identical_balls_trick_000_018.mp4,801,13.363350,32,sports ball,0.679831,560.466,334.590,608.732,382.022,584.599,358.306,48.266,47.433
identical_balls_trick_000_018.mp4,801,13.363350,32,sports ball,0.673889,344.780,368.487,396.127,409.371,370.454,388.929,51.347,40.884
identical_balls_trick_000_018.mp4,801,13.363350,32,sports ball,0.671414,546.748,22.188,599.322,79.227,573.035,50.708,52.575,57.039
identical_balls_trick_000_018.mp4,801,13.363350,32,sports ball,0.314444,345.246,368.352,395.853,408.851,370.549,388.602,50.607,40.499
identical_balls_trick_000_018.mp4,802,13.380033,32,sports ball,0.840603,548.616,38.097,601.529,95.643,575.073,66.870,52.913,57.546
identical_balls_trick_000_018.mp4,802,13.380033,32,sports ball,0.773341,347.691,336.534,397.790,379.612,372.741,358.073,50.099,43.078
identical_balls_trick_000_018.mp4,802,13.380033,32,sports ball,0.672728,559.447,343.535,607.880,390.574,583.664,367.055,48.433,47.039
identical_balls_trick_000_018.mp4,803,13.396717,32,sports ball,0.832206,349.509,303.366,399.363,349.324,374.436,326.345,49.854,45.958
identical_balls_trick_000_018.mp4,803,13.396717,32,sports ball,0.788850,551.508,57.160,603.287,114.399,577.398,85.779,51.779,57.239
identical_balls_trick_000_018.mp4,803,13.396717,32,sports ball,0.650942,559.106,354.002,606.939,402.707,583.023,378.355,47.833,48.705
identical_balls_trick_000_018.mp4,804,13.413400,32,sports ball,0.848044,553.298,78.088,606.945,135.754,580.122,106.921,53.647,57.665
identical_balls_trick_000_018.mp4,804,13.413400,32,sports ball,0.750459,352.387,271.837,401.532,319.244,376.960,295.540,49.145,47.407
identical_balls_trick_000_018.mp4,804,13.413400,32,sports ball,0.626538,557.692,367.687,606.117,415.816,581.905,391.751,48.424,48.128
identical_balls_trick_000_018.mp4,805,13.430083,32,sports ball,0.837708,354.019,241.597,403.334,289.610,378.677,265.603,49.315,48.013
identical_balls_trick_000_018.mp4,805,13.430083,32,sports ball,0.781661,555.072,100.811,608.634,158.421,581.853,129.616,53.562,57.610
identical_balls_trick_000_018.mp4,805,13.430083,32,sports ball,0.640652,557.205,382.568,603.946,429.157,580.576,405.863,46.741,46.589
identical_balls_trick_000_018.mp4,806,13.446767,32,sports ball,0.528763,356.566,214.485,405.380,262.280,380.973,238.383,48.814,47.795
identical_balls_trick_000_018.mp4,807,13.463450,32,sports ball,0.414080,360.370,190.561,408.814,238.090,384.592,214.325,48.444,47.529
identical_balls_trick_000_018.mp4,807,13.463450,32,sports ball,0.243140,553.620,418.205,601.631,465.856,577.626,442.031,48.011,47.651
identical_balls_trick_000_018.mp4,808,13.480133,32,sports ball,0.374250,552.965,438.614,600.890,485.879,576.927,462.247,47.925,47.265
identical_balls_trick_000_018.mp4,809,13.496817,32,sports ball,0.510271,565.857,223.014,619.077,277.320,592.467,250.167,53.220,54.306
identical_balls_trick_000_018.mp4,809,13.496817,32,sports ball,0.183728,364.644,144.230,415.715,192.966,390.179,168.598,51.071,48.736
identical_balls_trick_000_018.mp4,810,13.513500,32,sports ball,0.828862,568.410,259.116,622.294,314.140,595.352,286.628,53.884,55.024
identical_balls_trick_000_018.mp4,810,13.513500,32,sports ball,0.797668,369.536,121.702,418.782,174.397,394.159,148.050,49.246,52.695
identical_balls_trick_000_018.mp4,810,13.513500,32,sports ball,0.168635,551.022,484.219,598.130,533.191,574.576,508.705,47.108,48.971
identical_balls_trick_000_018.mp4,811,13.530183,32,sports ball,0.789702,569.482,296.632,625.966,354.548,597.724,325.590,56.484,57.917
identical_balls_trick_000_018.mp4,811,13.530183,32,sports ball,0.762715,372.836,103.087,422.221,155.765,397.528,129.426,49.385,52.678
identical_balls_trick_000_018.mp4,811,13.530183,32,sports ball,0.464387,551.511,510.815,597.207,558.487,574.359,534.651,45.696,47.672
identical_balls_trick_000_018.mp4,812,13.546867,32,sports ball,0.794074,376.711,87.119,427.496,139.081,402.104,113.100,50.785,51.963
identical_balls_trick_000_018.mp4,812,13.546867,32,sports ball,0.478892,549.803,535.701,596.258,582.001,573.030,558.851,46.455,46.300
identical_balls_trick_000_018.mp4,812,13.546867,32,sports ball,0.429265,571.780,337.080,628.184,395.955,599.982,366.517,56.404,58.875
identical_balls_trick_000_018.mp4,813,13.563550,32,sports ball,0.453303,379.993,71.576,432.129,123.942,406.061,97.759,52.135,52.365
identical_balls_trick_000_018.mp4,813,13.563550,32,sports ball,0.198360,582.158,378.945,631.272,435.154,606.715,407.050,49.113,56.209
identical_balls_trick_000_018.mp4,813,13.563550,32,sports ball,0.175554,552.446,544.409,598.880,591.267,575.663,567.838,46.434,46.858
identical_balls_trick_000_018.mp4,814,13.580233,32,sports ball,0.749448,384.922,58.800,435.933,111.581,410.427,85.190,51.012,52.781
identical_balls_trick_000_018.mp4,814,13.580233,32,sports ball,0.643779,557.604,553.671,604.063,600.732,580.833,577.201,46.459,47.061
identical_balls_trick_000_018.mp4,814,13.580233,32,sports ball,0.345648,590.058,405.744,640.899,464.377,615.479,435.061,50.840,58.633
identical_balls_trick_000_018.mp4,815,13.596917,32,sports ball,0.722953,388.056,48.508,440.010,101.478,414.033,74.993,51.954,52.970
identical_balls_trick_000_018.mp4,815,13.596917,32,sports ball,0.498345,600.695,432.242,652.935,489.415,626.815,460.829,52.240,57.173
identical_balls_trick_000_018.mp4,815,13.596917,32,sports ball,0.266189,563.326,563.208,609.741,608.744,586.534,585.976,46.415,45.536
identical_balls_trick_000_018.mp4,816,13.613600,32,sports ball,0.714804,393.006,40.080,443.496,93.298,418.251,66.689,50.490,53.219
identical_balls_trick_000_018.mp4,816,13.613600,32,sports ball,0.300978,565.056,572.513,611.221,619.244,588.139,595.878,46.165,46.732
identical_balls_trick_000_018.mp4,816,13.613600,32,sports ball,0.261971,612.607,454.509,663.923,512.571,638.265,483.540,51.316,58.062
identical_balls_trick_000_018.mp4,817,13.630283,32,sports ball,0.339098,395.849,34.031,447.824,87.363,421.837,60.697,51.975,53.332
identical_balls_trick_000_018.mp4,818,13.646967,32,sports ball,0.354917,555.259,597.726,602.198,646.280,578.728,622.003,46.939,48.554
identical_balls_trick_000_018.mp4,818,13.646967,32,sports ball,0.309230,401.189,30.107,452.211,83.167,426.700,56.637,51.022,53.060
identical_balls_trick_000_018.mp4,818,13.646967,32,sports ball,0.184830,628.628,495.352,677.068,539.676,652.848,517.514,48.441,44.324
identical_balls_trick_000_018.mp4,819,13.663650,32,sports ball,0.632877,404.059,27.553,456.487,80.698,430.273,54.126,52.427,53.145
identical_balls_trick_000_018.mp4,819,13.663650,32,sports ball,0.481037,556.669,606.903,603.557,652.446,580.113,629.674,46.888,45.543
identical_balls_trick_000_018.mp4,819,13.663650,32,sports ball,0.371394,633.275,517.937,682.277,554.774,657.776,536.355,49.002,36.838
identical_balls_trick_000_018.mp4,820,13.680333,32,sports ball,0.624309,408.171,27.661,459.991,80.676,434.081,54.169,51.819,53.015
identical_balls_trick_000_018.mp4,820,13.680333,32,sports ball,0.564025,559.462,611.766,605.866,658.953,582.664,635.359,46.404,47.188
identical_balls_trick_000_018.mp4,820,13.680333,32,sports ball,0.255862,639.601,533.101,687.146,576.133,663.374,554.617,47.545,43.032
identical_balls_trick_000_018.mp4,821,13.697017,32,sports ball,0.666784,412.608,29.650,463.998,83.152,438.303,56.401,51.390,53.502
identical_balls_trick_000_018.mp4,821,13.697017,32,sports ball,0.371592,560.380,616.879,606.605,665.387,583.492,641.133,46.225,48.508
identical_balls_trick_000_018.mp4,821,13.697017,32,sports ball,0.301850,641.583,546.038,691.663,600.559,666.623,573.299,50.080,54.521
identical_balls_trick_000_018.mp4,822,13.713700,32,sports ball,0.687572,416.879,34.076,468.777,87.448,442.828,60.762,51.898,53.372
identical_balls_trick_000_018.mp4,822,13.713700,32,sports ball,0.530352,645.297,555.254,694.622,603.706,669.960,579.480,49.325,48.452
identical_balls_trick_000_018.mp4,822,13.713700,32,sports ball,0.296280,558.082,622.724,605.284,668.529,581.683,645.627,47.202,45.805
identical_balls_trick_000_018.mp4,823,13.730383,32,sports ball,0.486332,646.816,560.694,698.482,604.257,672.649,582.476,51.666,43.563
identical_balls_trick_000_018.mp4,823,13.730383,32,sports ball,0.458168,555.112,624.471,604.236,667.700,579.674,646.086,49.125,43.228
identical_balls_trick_000_018.mp4,823,13.730383,32,sports ball,0.376945,420.189,40.291,472.731,93.878,446.460,67.085,52.542,53.587
identical_balls_trick_000_018.mp4,824,13.747067,32,sports ball,0.437790,424.778,49.296,476.552,102.183,450.665,75.739,51.774,52.887
identical_balls_trick_000_018.mp4,824,13.747067,32,sports ball,0.405497,650.165,560.563,700.378,603.423,675.271,581.993,50.212,42.860
identical_balls_trick_000_018.mp4,824,13.747067,32,sports ball,0.345656,555.316,619.976,603.647,662.789,579.482,641.383,48.331,42.813
identical_balls_trick_000_018.mp4,825,13.763750,32,sports ball,0.470098,428.037,59.663,480.419,113.083,454.228,86.373,52.382,53.420
identical_balls_trick_000_018.mp4,825,13.763750,32,sports ball,0.354343,556.528,610.404,603.856,652.543,580.192,631.473,47.328,42.139
identical_balls_trick_000_018.mp4,825,13.763750,32,sports ball,0.324950,651.281,554.573,702.940,599.810,677.111,577.192,51.659,45.238
identical_balls_trick_000_018.mp4,826,13.780433,32,sports ball,0.584602,556.396,594.934,604.054,637.428,580.225,616.181,47.658,42.494
identical_balls_trick_000_018.mp4,826,13.780433,32,sports ball,0.554317,433.948,73.247,484.064,126.571,459.006,99.909,50.115,53.325
identical_balls_trick_000_018.mp4,826,13.780433,32,sports ball,0.295888,652.477,544.345,704.019,589.459,678.248,566.902,51.542,45.114
identical_balls_trick_000_018.mp4,827,13.797117,32,sports ball,0.402351,437.222,88.667,488.210,140.889,462.716,114.778,50.988,52.223
identical_balls_trick_000_018.mp4,827,13.797117,32,sports ball,0.292785,655.056,529.360,704.504,569.057,679.780,549.208,49.448,39.696
identical_balls_trick_000_018.mp4,827,13.797117,32,sports ball,0.284532,556.218,573.419,603.620,612.657,579.919,593.038,47.402,39.238
identical_balls_trick_000_018.mp4,828,13.813800,32,sports ball,0.662238,554.385,545.259,602.779,581.559,578.582,563.409,48.394,36.300
identical_balls_trick_000_018.mp4,828,13.813800,32,sports ball,0.541145,656.018,512.720,705.455,552.331,680.736,532.525,49.438,39.610
identical_balls_trick_000_018.mp4,828,13.813800,32,sports ball,0.311220,441.259,105.427,492.074,157.999,466.667,131.713,50.815,52.572
identical_balls_trick_000_018.mp4,829,13.830483,32,sports ball,0.614540,445.588,124.154,496.010,176.937,470.799,150.545,50.422,52.784
identical_balls_trick_000_018.mp4,829,13.830483,32,sports ball,0.213319,553.209,510.269,600.399,556.773,576.804,533.521,47.191,46.503
identical_balls_trick_000_018.mp4,829,13.830483,32,sports ball,0.192216,656.850,490.780,704.965,530.366,680.908,510.573,48.115,39.586
identical_balls_trick_000_018.mp4,830,13.847167,32,sports ball,0.493808,449.822,145.926,499.811,198.332,474.817,172.129,49.989,52.406
identical_balls_trick_000_018.mp4,830,13.847167,32,sports ball,0.243985,552.028,469.225,601.796,517.153,576.912,493.189,49.768,47.928
identical_balls_trick_000_018.mp4,831,13.863850,32,sports ball,0.703115,453.508,170.565,503.812,222.536,478.660,196.551,50.304,51.970
identical_balls_trick_000_018.mp4,832,13.880533,32,sports ball,0.394870,457.833,195.338,507.173,248.229,482.503,221.784,49.341,52.891
identical_balls_trick_000_018.mp4,833,13.897217,32,sports ball,0.601273,461.603,224.766,512.305,275.503,486.954,250.135,50.703,50.737
identical_balls_trick_000_018.mp4,834,13.913900,32,sports ball,0.839481,466.830,253.609,516.023,305.131,491.426,279.370,49.193,51.522
identical_balls_trick_000_018.mp4,834,13.913900,32,sports ball,0.799528,558.253,311.967,608.845,367.615,583.549,339.791,50.592,55.648
identical_balls_trick_000_018.mp4,834,13.913900,32,sports ball,0.199999,634.395,397.392,685.346,448.399,659.871,422.896,50.951,51.007
identical_balls_trick_000_018.mp4,835,13.930583,32,sports ball,0.842859,559.128,279.095,609.599,331.885,584.364,305.490,50.471,52.790
identical_balls_trick_000_018.mp4,835,13.930583,32,sports ball,0.687098,471.268,286.703,520.784,336.992,496.026,311.848,49.517,50.289
identical_balls_trick_000_018.mp4,835,13.930583,32,sports ball,0.188094,630.199,384.860,681.507,436.092,655.853,410.476,51.308,51.232
identical_balls_trick_000_018.mp4,837,13.963950,32,sports ball,0.292191,478.988,353.364,527.583,408.108,503.285,380.736,48.595,54.744
identical_balls_trick_000_018.mp4,837,13.963950,32,sports ball,0.226355,561.448,215.244,611.205,265.932,586.326,240.588,49.757,50.688
identical_balls_trick_000_018.mp4,838,13.980633,32,sports ball,0.610941,483.886,393.420,532.347,444.128,508.116,418.774,48.461,50.708
identical_balls_trick_000_018.mp4,838,13.980633,32,sports ball,0.334676,562.752,185.251,612.751,235.479,587.751,210.365,49.999,50.229
identical_balls_trick_000_018.mp4,838,13.980633,32,sports ball,0.269291,619.517,360.297,671.589,411.912,645.553,386.105,52.072,51.615
identical_balls_trick_000_018.mp4,839,13.997317,32,sports ball,0.619261,487.843,433.138,537.071,483.765,512.457,458.452,49.228,50.627
identical_balls_trick_000_018.mp4,839,13.997317,32,sports ball,0.442450,617.195,356.505,667.942,408.533,642.569,382.519,50.747,52.028
identical_balls_trick_000_018.mp4,839,13.997317,32,sports ball,0.429896,564.028,157.125,612.781,208.957,588.405,183.041,48.752,51.832
identical_balls_trick_000_018.mp4,840,14.014000,32,sports ball,0.170642,564.314,129.511,613.052,181.306,588.683,155.408,48.738,51.795
identical_balls_trick_000_018.mp4,841,14.030683,32,sports ball,0.155782,563.822,104.836,614.165,156.508,588.993,130.672,50.343,51.672
identical_balls_trick_000_018.mp4,842,14.047367,32,sports ball,0.417385,563.948,81.349,614.456,133.944,589.202,107.646,50.508,52.595
identical_balls_trick_000_018.mp4,843,14.064050,32,sports ball,0.528759,563.977,59.814,614.773,113.648,589.375,86.731,50.796,53.835
identical_balls_trick_000_018.mp4,844,14.080733,32,sports ball,0.642537,564.136,41.465,614.834,95.015,589.485,68.240,50.698,53.551
identical_balls_trick_000_018.mp4,845,14.097417,32,sports ball,0.241589,564.152,23.652,614.971,77.993,589.562,50.823,50.818,54.341
identical_balls_trick_000_018.mp4,847,14.130783,32,sports ball,0.504613,564.452,0.839,615.438,49.060,589.945,24.950,50.986,48.220
identical_balls_trick_000_018.mp4,848,14.147467,32,sports ball,0.373158,564.510,0.000,615.517,37.618,590.014,18.809,51.007,37.618
identical_balls_trick_000_018.mp4,848,14.147467,32,sports ball,0.168778,626.284,345.408,678.940,384.851,652.612,365.130,52.656,39.443
identical_balls_trick_000_018.mp4,849,14.164150,32,sports ball,0.776293,564.614,0.000,615.217,28.636,589.915,14.318,50.603,28.636
identical_balls_trick_000_018.mp4,850,14.180833,32,sports ball,0.626414,567.001,0.000,614.142,21.342,590.571,10.671,47.141,21.342
identical_balls_trick_000_018.mp4,851,14.197517,32,sports ball,0.486054,567.814,0.000,613.036,16.820,590.425,8.410,45.222,16.820
identical_balls_trick_000_018.mp4,852,14.214200,32,sports ball,0.204515,568.867,0.000,612.863,13.491,590.865,6.746,43.996,13.491
identical_balls_trick_000_018.mp4,853,14.230883,32,sports ball,0.333519,568.845,0.000,613.070,13.310,590.958,6.655,44.226,13.310
identical_balls_trick_000_018.mp4,853,14.230883,32,sports ball,0.290973,438.065,523.842,483.990,569.621,461.028,546.731,45.925,45.779
identical_balls_trick_000_018.mp4,854,14.247567,32,sports ball,0.601140,569.135,0.000,613.206,14.555,591.171,7.278,44.071,14.555
identical_balls_trick_000_018.mp4,854,14.247567,32,sports ball,0.338553,435.313,512.511,481.519,558.398,458.416,535.455,46.206,45.886
identical_balls_trick_000_018.mp4,854,14.247567,32,sports ball,0.277287,635.542,315.188,685.637,364.739,660.590,339.963,50.095,49.551
identical_balls_trick_000_018.mp4,855,14.264250,32,sports ball,0.695074,432.569,496.788,478.712,541.234,455.641,519.011,46.143,44.446
identical_balls_trick_000_018.mp4,855,14.264250,32,sports ball,0.574671,568.200,0.000,616.616,17.851,592.408,8.926,48.417,17.851
identical_balls_trick_000_018.mp4,855,14.264250,32,sports ball,0.387046,567.600,0.000,616.762,17.719,592.181,8.860,49.162,17.719
identical_balls_trick_000_018.mp4,855,14.264250,32,sports ball,0.213200,636.511,315.790,686.693,367.043,661.602,341.417,50.182,51.253
identical_balls_trick_000_018.mp4,856,14.280933,32,sports ball,0.769459,567.541,0.000,617.309,23.898,592.425,11.949,49.768,23.898
identical_balls_trick_000_018.mp4,856,14.280933,32,sports ball,0.606305,429.316,476.804,477.363,521.461,453.339,499.132,48.046,44.657
identical_balls_trick_000_018.mp4,856,14.280933,32,sports ball,0.567561,637.428,319.270,687.597,369.374,662.512,344.322,50.169,50.105
identical_balls_trick_000_018.mp4,857,14.297617,32,sports ball,0.781037,566.596,0.000,617.967,31.800,592.281,15.900,51.371,31.800
identical_balls_trick_000_018.mp4,857,14.297617,32,sports ball,0.670291,638.364,325.062,688.251,375.041,663.307,350.051,49.887,49.979
identical_balls_trick_000_018.mp4,858,14.314300,32,sports ball,0.651784,639.426,331.902,689.033,381.988,664.229,356.945,49.607,50.086
identical_balls_trick_000_018.mp4,858,14.314300,32,sports ball,0.602702,566.901,0.679,618.330,41.974,592.615,21.327,51.430,41.295
identical_balls_trick_000_018.mp4,858,14.314300,32,sports ball,0.540869,424.360,418.188,473.516,462.603,448.938,440.396,49.156,44.415
identical_balls_trick_000_018.mp4,859,14.330983,32,sports ball,0.798141,566.074,1.290,619.368,54.605,592.721,27.948,53.294,53.315
identical_balls_trick_000_018.mp4,859,14.330983,32,sports ball,0.756109,640.603,341.212,690.434,390.766,665.519,365.989,49.831,49.554
identical_balls_trick_000_018.mp4,859,14.330983,32,sports ball,0.662493,424.169,385.182,474.092,425.666,449.130,405.424,49.923,40.484
identical_balls_trick_000_018.mp4,860,14.347667,32,sports ball,0.709381,566.889,11.555,619.599,69.219,593.244,40.387,52.711,57.663
identical_balls_trick_000_018.mp4,860,14.347667,32,sports ball,0.669968,425.062,356.643,474.770,396.879,449.916,376.761,49.707,40.235
identical_balls_trick_000_018.mp4,860,14.347667,32,sports ball,0.547727,641.511,352.359,691.323,400.163,666.417,376.261,49.812,47.805
identical_balls_trick_000_018.mp4,861,14.364350,32,sports ball,0.654548,567.330,29.192,620.671,87.219,594.001,58.205,53.341,58.027
identical_balls_trick_000_018.mp4,861,14.364350,32,sports ball,0.198292,425.966,326.907,475.125,372.379,450.546,349.643,49.160,45.472
identical_balls_trick_000_018.mp4,862,14.381033,32,sports ball,0.796039,568.450,48.687,622.033,106.087,595.242,77.387,53.583,57.401
identical_balls_trick_000_018.mp4,862,14.381033,32,sports ball,0.425761,426.208,300.311,475.791,348.853,450.999,324.582,49.584,48.542
identical_balls_trick_000_018.mp4,862,14.381033,32,sports ball,0.409178,643.860,379.812,695.260,428.663,669.560,404.238,51.400,48.851
identical_balls_trick_000_018.mp4,863,14.397717,32,sports ball,0.776608,568.788,70.662,622.927,127.783,595.858,99.222,54.139,57.121
identical_balls_trick_000_018.mp4,863,14.397717,32,sports ball,0.328618,426.577,273.996,475.336,324.836,450.957,299.416,48.759,50.841
identical_balls_trick_000_018.mp4,863,14.397717,32,sports ball,0.322177,643.298,398.935,691.565,445.318,667.432,422.127,48.267,46.384
identical_balls_trick_000_018.mp4,864,14.414400,32,sports ball,0.555385,645.667,416.406,692.298,464.288,668.983,440.347,46.631,47.882
identical_balls_trick_000_018.mp4,864,14.414400,32,sports ball,0.493349,569.614,95.405,623.527,150.986,596.570,123.196,53.913,55.581
identical_balls_trick_000_018.mp4,864,14.414400,32,sports ball,0.348040,426.445,252.047,475.147,302.658,450.796,277.353,48.702,50.611
identical_balls_trick_000_018.mp4,865,14.431083,32,sports ball,0.733161,645.750,436.129,692.602,484.147,669.176,460.138,46.852,48.018
identical_balls_trick_000_018.mp4,865,14.431083,32,sports ball,0.291385,570.359,121.236,624.084,177.179,597.222,149.208,53.724,55.942
identical_balls_trick_000_018.mp4,865,14.431083,32,sports ball,0.229446,426.344,231.097,475.002,281.885,450.673,256.491,48.657,50.788
identical_balls_trick_000_018.mp4,866,14.447767,32,sports ball,0.694150,426.182,213.127,475.101,263.313,450.641,238.220,48.919,50.186
identical_balls_trick_000_018.mp4,866,14.447767,32,sports ball,0.345260,570.730,151.078,624.745,206.262,597.737,178.670,54.015,55.184
identical_balls_trick_000_018.mp4,867,14.464450,32,sports ball,0.278608,426.325,195.496,474.731,246.730,450.528,221.113,48.406,51.233
identical_balls_trick_000_018.mp4,867,14.464450,32,sports ball,0.180736,426.389,195.154,474.943,246.678,450.666,220.916,48.553,51.524
identical_balls_trick_000_018.mp4,867,14.464450,32,sports ball,0.154347,645.835,480.406,693.185,529.356,669.510,504.881,47.350,48.950
identical_balls_trick_000_018.mp4,868,14.481133,32,sports ball,0.518157,572.816,215.418,627.314,269.752,600.065,242.585,54.497,54.333
identical_balls_trick_000_018.mp4,868,14.481133,32,sports ball,0.360405,426.162,180.708,474.821,232.034,450.492,206.371,48.659,51.327
identical_balls_trick_000_018.mp4,869,14.497817,32,sports ball,0.794455,574.179,251.795,628.331,304.876,601.255,278.335,54.152,53.080
identical_balls_trick_000_018.mp4,869,14.497817,32,sports ball,0.495617,426.539,168.554,476.077,218.520,451.308,193.537,49.538,49.967
identical_balls_trick_000_018.mp4,870,14.514500,32,sports ball,0.836892,575.817,288.863,630.086,346.251,602.952,317.557,54.268,57.388
identical_balls_trick_000_018.mp4,870,14.514500,32,sports ball,0.561106,426.816,156.820,476.573,207.942,451.694,182.381,49.756,51.122
identical_balls_trick_000_018.mp4,871,14.531183,32,sports ball,0.651418,576.170,331.142,631.110,388.264,603.640,359.703,54.940,57.122
identical_balls_trick_000_018.mp4,871,14.531183,32,sports ball,0.419834,427.965,147.298,477.370,198.813,452.667,173.056,49.406,51.515
identical_balls_trick_000_018.mp4,872,14.547867,32,sports ball,0.557828,577.240,369.940,631.467,428.181,604.354,399.060,54.227,58.242
identical_balls_trick_000_018.mp4,872,14.547867,32,sports ball,0.438184,427.172,140.409,478.546,192.140,452.859,166.274,51.374,51.730
identical_balls_trick_000_018.mp4,872,14.547867,32,sports ball,0.333403,639.900,600.816,688.609,648.599,664.255,624.708,48.709,47.783
identical_balls_trick_000_018.mp4,873,14.564550,32,sports ball,0.554410,428.525,135.114,479.732,186.937,454.128,161.026,51.207,51.824
identical_balls_trick_000_018.mp4,873,14.564550,32,sports ball,0.297820,579.877,412.913,633.217,469.364,606.547,441.139,53.340,56.451
identical_balls_trick_000_018.mp4,874,14.581233,32,sports ball,0.584466,428.480,131.636,480.015,183.873,454.247,157.754,51.534,52.237
identical_balls_trick_000_018.mp4,874,14.581233,32,sports ball,0.177724,589.280,440.967,641.637,499.043,615.459,470.005,52.357,58.076
identical_balls_trick_000_018.mp4,875,14.597917,32,sports ball,0.597854,430.133,130.382,480.783,182.824,455.458,156.603,50.650,52.442
identical_balls_trick_000_018.mp4,876,14.614600,32,sports ball,0.570852,430.731,131.069,481.713,183.785,456.222,157.427,50.981,52.715
identical_balls_trick_000_018.mp4,876,14.614600,32,sports ball,0.193575,606.790,495.072,658.117,550.416,632.454,522.744,51.327,55.344
identical_balls_trick_000_018.mp4,877,14.631283,32,sports ball,0.466578,431.951,134.597,482.613,186.557,457.282,160.577,50.662,51.960
identical_balls_trick_000_018.mp4,878,14.647967,32,sports ball,0.293151,432.898,139.129,483.733,191.788,458.316,165.458,50.835,52.659
identical_balls_trick_000_018.mp4,878,14.647967,32,sports ball,0.164263,624.211,662.658,668.069,705.451,646.140,684.054,43.858,42.794
identical_balls_trick_000_018.mp4,879,14.664650,32,sports ball,0.529024,434.091,146.073,484.862,198.394,459.476,172.233,50.771,52.321
identical_balls_trick_000_018.mp4,879,14.664650,32,sports ball,0.380845,615.842,666.254,659.771,709.950,637.807,688.102,43.929,43.695
identical_balls_trick_000_018.mp4,879,14.664650,32,sports ball,0.236080,631.728,556.230,683.453,610.940,657.590,583.585,51.725,54.710
identical_balls_trick_000_018.mp4,880,14.681333,32,sports ball,0.444875,435.713,155.448,486.304,207.585,461.009,181.516,50.591,52.138
identical_balls_trick_000_018.mp4,880,14.681333,32,sports ball,0.350842,606.953,661.379,651.276,705.833,629.115,683.606,44.323,44.454
identical_balls_trick_000_018.mp4,881,14.698017,32,sports ball,0.573332,436.791,166.738,488.682,218.642,462.737,192.690,51.891,51.904
identical_balls_trick_000_018.mp4,881,14.698017,32,sports ball,0.204572,599.645,651.833,645.694,695.414,622.669,673.623,46.049,43.581
identical_balls_trick_000_018.mp4,882,14.714700,32,sports ball,0.157930,594.416,638.233,642.191,679.848,618.303,659.040,47.776,41.615
identical_balls_trick_000_018.mp4,883,14.731383,32,sports ball,0.366584,440.041,195.403,491.307,247.654,465.674,221.529,51.266,52.251
identical_balls_trick_000_018.mp4,883,14.731383,32,sports ball,0.248247,656.502,550.210,703.979,602.512,680.241,576.361,47.477,52.302
identical_balls_trick_000_018.mp4,883,14.731383,32,sports ball,0.175617,589.454,618.041,636.412,657.113,612.933,637.577,46.958,39.072
identical_balls_trick_000_018.mp4,884,14.748067,32,sports ball,0.595488,441.402,212.884,492.663,265.198,467.033,239.041,51.261,52.314
identical_balls_trick_000_018.mp4,884,14.748067,32,sports ball,0.461196,656.499,529.009,704.945,581.117,680.722,555.063,48.446,52.108
identical_balls_trick_000_018.mp4,884,14.748067,32,sports ball,0.371018,584.321,591.816,631.829,629.720,608.075,610.768,47.509,37.904
identical_balls_trick_000_018.mp4,885,14.764750,32,sports ball,0.461344,651.830,504.032,704.300,556.631,678.065,530.331,52.470,52.599
identical_balls_trick_000_018.mp4,885,14.764750,32,sports ball,0.294114,442.320,233.070,494.061,284.709,468.190,258.889,51.741,51.639
identical_balls_trick_000_018.mp4,885,14.764750,32,sports ball,0.156160,577.601,559.269,625.266,595.166,601.434,577.218,47.665,35.897
identical_balls_trick_000_018.mp4,886,14.781433,32,sports ball,0.766820,444.111,255.259,495.510,306.562,469.810,280.910,51.400,51.303
identical_balls_trick_000_018.mp4,886,14.781433,32,sports ball,0.162563,649.650,480.193,701.320,530.981,675.485,505.587,51.670,50.788
identical_balls_trick_000_018.mp4,887,14.798117,32,sports ball,0.213301,446.786,279.263,496.039,329.871,471.413,304.567,49.253,50.607
identical_balls_trick_000_018.mp4,888,14.814800,32,sports ball,0.685039,448.151,304.990,498.244,355.975,473.197,330.483,50.093,50.985
identical_balls_trick_000_018.mp4,888,14.814800,32,sports ball,0.455420,639.181,434.328,690.921,486.078,665.051,460.203,51.740,51.750
identical_balls_trick_000_018.mp4,888,14.814800,32,sports ball,0.213303,568.357,440.702,615.300,490.088,591.829,465.395,46.943,49.386
identical_balls_trick_000_018.mp4,889,14.831483,32,sports ball,0.703494,564.082,404.611,612.344,452.169,588.213,428.390,48.262,47.557
identical_balls_trick_000_018.mp4,889,14.831483,32,sports ball,0.560079,449.498,332.844,499.385,384.182,474.442,358.513,49.888,51.337
identical_balls_trick_000_018.mp4,890,14.848167,32,sports ball,0.678478,450.794,362.662,500.763,413.989,475.778,388.326,49.969,51.328
identical_balls_trick_000_018.mp4,890,14.848167,32,sports ball,0.542698,561.668,369.604,609.750,420.296,585.709,394.950,48.082,50.693
identical_balls_trick_000_018.mp4,890,14.848167,32,sports ball,0.503979,629.738,398.162,680.603,449.186,655.171,423.674,50.866,51.024
identical_balls_trick_000_018.mp4,890,14.848167,32,sports ball,0.363643,562.348,370.097,609.191,420.510,585.770,395.303,46.843,50.413
identical_balls_trick_000_018.mp4,891,14.864850,32,sports ball,0.534840,557.904,336.871,605.972,387.179,581.938,362.025,48.068,50.308
identical_balls_trick_000_018.mp4,891,14.864850,32,sports ball,0.374673,452.949,395.067,501.717,445.065,477.333,420.066,48.768,49.999
identical_balls_trick_000_018.mp4,891,14.864850,32,sports ball,0.254245,625.557,382.581,676.135,433.524,650.846,408.052,50.578,50.944
identical_balls_trick_000_018.mp4,891,14.864850,32,sports ball,0.231670,452.672,394.348,501.903,445.330,477.287,419.839,49.231,50.982
identical_balls_trick_000_018.mp4,892,14.881533,32,sports ball,0.737664,454.323,427.601,504.489,480.479,479.406,454.040,50.166,52.878
identical_balls_trick_000_018.mp4,892,14.881533,32,sports ball,0.682020,621.258,368.798,671.627,419.630,646.442,394.214,50.368,50.832
identical_balls_trick_000_018.mp4,892,14.881533,32,sports ball,0.593040,553.330,304.540,602.606,356.678,577.968,330.609,49.276,52.138
identical_balls_trick_000_018.mp4,892,14.881533,32,sports ball,0.273267,553.276,304.969,602.462,356.620,577.869,330.794,49.185,51.651
identical_balls_trick_000_018.mp4,893,14.898217,32,sports ball,0.781403,549.037,274.299,598.837,327.156,573.937,300.728,49.800,52.857
identical_balls_trick_000_018.mp4,893,14.898217,32,sports ball,0.580819,456.273,463.646,505.551,516.672,480.912,490.159,49.277,53.026
identical_balls_trick_000_018.mp4,893,14.898217,32,sports ball,0.514080,616.801,357.063,667.048,407.800,641.925,382.432,50.247,50.738
identical_balls_trick_000_018.mp4,894,14.914900,32,sports ball,0.674625,613.171,347.697,663.281,398.018,638.226,372.857,50.110,50.321
identical_balls_trick_000_018.mp4,894,14.914900,32,sports ball,0.516386,545.565,248.552,594.604,297.997,570.084,273.274,49.038,49.445
identical_balls_trick_000_018.mp4,894,14.914900,32,sports ball,0.405428,457.660,501.276,507.429,554.897,482.544,528.087,49.770,53.621
identical_balls_trick_000_018.mp4,895,14.931583,32,sports ball,0.371728,610.191,341.139,659.581,390.094,634.886,365.617,49.390,48.955
identical_balls_trick_000_018.mp4,895,14.931583,32,sports ball,0.217640,540.084,221.058,588.912,271.182,564.498,246.120,48.828,50.124
identical_balls_trick_000_018.mp4,896,14.948267,32,sports ball,0.455762,536.385,194.064,585.557,245.398,560.971,219.731,49.172,51.333
identical_balls_trick_000_018.mp4,896,14.948267,32,sports ball,0.276093,614.423,337.010,660.448,383.962,637.435,360.486,46.025,46.951
identical_balls_trick_000_018.mp4,897,14.964950,32,sports ball,0.605152,531.072,170.547,580.740,221.607,555.906,196.077,49.668,51.060
identical_balls_trick_000_018.mp4,897,14.964950,32,sports ball,0.309842,446.238,593.089,493.689,641.524,469.964,617.306,47.451,48.435
identical_balls_trick_000_018.mp4,898,14.981633,32,sports ball,0.507762,525.754,148.265,576.084,199.220,550.919,173.743,50.329,50.955
identical_balls_trick_000_018.mp4,898,14.981633,32,sports ball,0.398978,438.334,600.079,484.237,648.908,461.286,624.493,45.903,48.829
identical_balls_trick_000_018.mp4,898,14.981633,32,sports ball,0.260475,621.955,333.332,669.408,372.030,645.682,352.681,47.453,38.698
identical_balls_trick_000_018.mp4,899,14.998317,32,sports ball,0.791036,521.241,128.429,570.952,179.039,546.096,153.734,49.711,50.610
identical_balls_trick_000_018.mp4,899,14.998317,32,sports ball,0.209949,425.540,606.572,473.339,655.334,449.440,630.953,47.799,48.762
identical_balls_trick_000_018.mp4,900,15.015000,32,sports ball,0.663159,515.631,108.548,565.313,160.530,540.472,134.539,49.682,51.982
identical_balls_trick_000_018.mp4,900,15.015000,32,sports ball,0.236488,415.731,610.144,464.373,660.474,440.052,635.309,48.642,50.330
identical_balls_trick_000_018.mp4,901,15.031683,32,sports ball,0.497713,408.756,613.834,454.872,662.578,431.814,638.206,46.116,48.744
identical_balls_trick_000_018.mp4,901,15.031683,32,sports ball,0.492544,511.038,91.206,560.055,144.058,535.547,117.632,49.017,52.852
identical_balls_trick_000_018.mp4,902,15.048367,32,sports ball,0.226865,505.173,76.730,555.571,129.591,530.372,103.161,50.398,52.862
identical_balls_trick_000_018.mp4,902,15.048367,32,sports ball,0.163832,402.886,613.983,448.222,663.509,425.554,638.746,45.337,49.526
identical_balls_trick_000_018.mp4,903,15.065050,32,sports ball,0.373091,396.929,611.919,442.651,660.727,419.790,636.323,45.722,48.808
identical_balls_trick_000_018.mp4,903,15.065050,32,sports ball,0.224043,500.267,64.605,549.993,116.431,525.130,90.518,49.726,51.826
identical_balls_trick_000_018.mp4,903,15.065050,32,sports ball,0.185760,600.194,315.093,647.541,355.649,623.868,335.371,47.347,40.556
identical_balls_trick_000_018.mp4,904,15.081733,32,sports ball,0.361724,495.406,52.567,545.595,106.029,520.501,79.298,50.188,53.462
identical_balls_trick_000_018.mp4,904,15.081733,32,sports ball,0.246517,391.274,610.009,436.168,657.867,413.721,633.938,44.894,47.858
identical_balls_trick_000_018.mp4,905,15.098417,32,sports ball,0.605884,489.543,43.541,540.534,96.611,515.039,70.076,50.991,53.069
identical_balls_trick_000_018.mp4,905,15.098417,32,sports ball,0.189261,588.177,308.597,639.768,355.452,613.972,332.024,51.592,46.855
identical_balls_trick_000_018.mp4,906,15.115100,32,sports ball,0.664585,484.605,35.523,536.078,90.160,510.341,62.842,51.473,54.637
identical_balls_trick_000_018.mp4,906,15.115100,32,sports ball,0.220217,585.804,304.215,639.013,353.471,612.409,328.843,53.209,49.255
identical_balls_trick_000_018.mp4,906,15.115100,32,sports ball,0.216811,376.535,600.439,420.511,648.676,398.523,624.558,43.976,48.237
identical_balls_trick_000_018.mp4,907,15.131783,32,sports ball,0.560254,481.054,31.491,531.355,84.940,506.204,58.215,50.300,53.449
identical_balls_trick_000_018.mp4,908,15.148467,32,sports ball,0.536443,474.658,27.743,526.934,82.053,500.796,54.898,52.276,54.310
identical_balls_trick_000_018.mp4,908,15.148467,32,sports ball,0.215075,583.420,295.002,636.571,343.219,609.995,319.110,53.151,48.217
identical_balls_trick_000_018.mp4,908,15.148467,32,sports ball,0.168191,359.950,584.571,403.103,631.935,381.527,608.253,43.153,47.364
identical_balls_trick_000_018.mp4,909,15.165150,32,sports ball,0.667400,469.772,27.141,521.971,81.703,495.872,54.422,52.199,54.562
identical_balls_trick_000_018.mp4,909,15.165150,32,sports ball,0.410463,575.586,290.165,633.929,339.191,604.758,314.678,58.343,49.025
identical_balls_trick_000_018.mp4,909,15.165150,32,sports ball,0.255996,349.979,572.153,394.857,618.444,372.418,595.299,44.878,46.291
identical_balls_trick_000_018.mp4,910,15.181833,32,sports ball,0.726662,466.186,28.360,517.024,83.267,491.605,55.814,50.838,54.907
identical_balls_trick_000_018.mp4,910,15.181833,32,sports ball,0.295289,581.524,288.992,631.647,338.968,606.586,313.980,50.123,49.976
identical_balls_trick_000_018.mp4,910,15.181833,32,sports ball,0.263272,342.083,557.098,386.758,603.533,364.420,580.315,44.674,46.434
identical_balls_trick_000_018.mp4,911,15.198517,32,sports ball,0.778975,579.538,289.266,628.216,338.525,603.877,313.896,48.677,49.259
identical_balls_trick_000_018.mp4,911,15.198517,32,sports ball,0.703120,459.948,32.821,512.912,87.501,486.430,60.161,52.964,54.680
identical_balls_trick_000_018.mp4,911,15.198517,32,sports ball,0.426650,334.391,537.105,379.447,584.061,356.919,560.583,45.056,46.956
identical_balls_trick_000_018.mp4,912,15.215200,32,sports ball,0.878536,576.158,291.095,624.965,339.607,600.561,315.351,48.807,48.512
identical_balls_trick_000_018.mp4,912,15.215200,32,sports ball,0.817316,456.578,38.150,508.299,92.961,482.438,65.555,51.720,54.811
identical_balls_trick_000_018.mp4,912,15.215200,32,sports ball,0.679429,327.617,514.123,374.646,560.373,351.132,537.248,47.029,46.250
identical_balls_trick_000_018.mp4,913,15.231883,32,sports ball,0.902499,452.321,46.372,505.220,101.445,478.771,73.909,52.899,55.073
identical_balls_trick_000_018.mp4,913,15.231883,32,sports ball,0.861174,326.496,487.276,371.606,531.342,349.051,509.309,45.110,44.066
identical_balls_trick_000_018.mp4,913,15.231883,32,sports ball,0.840791,573.355,295.541,621.529,343.842,597.442,319.692,48.175,48.301
identical_balls_trick_000_018.mp4,914,15.248567,32,sports ball,0.877105,449.070,57.020,499.621,111.449,474.345,84.234,50.552,54.429
identical_balls_trick_000_018.mp4,914,15.248567,32,sports ball,0.871035,569.814,299.754,618.340,348.047,594.077,323.900,48.526,48.293
identical_balls_trick_000_018.mp4,914,15.248567,32,sports ball,0.856447,323.315,456.770,370.951,497.855,347.133,477.312,47.636,41.084
identical_balls_trick_000_018.mp4,915,15.265250,32,sports ball,0.838469,443.432,69.000,495.685,125.323,469.558,97.161,52.252,56.323
identical_balls_trick_000_018.mp4,915,15.265250,32,sports ball,0.825998,565.941,306.316,614.082,354.949,590.012,330.633,48.142,48.633
identical_balls_trick_000_018.mp4,915,15.265250,32,sports ball,0.812741,324.187,421.034,372.433,462.869,348.310,441.952,48.246,41.835
identical_balls_trick_000_018.mp4,916,15.281933,32,sports ball,0.819381,562.492,314.853,610.677,363.256,586.584,339.055,48.185,48.404
identical_balls_trick_000_018.mp4,916,15.281933,32,sports ball,0.799861,440.281,85.208,492.096,139.744,466.188,112.476,51.815,54.536
identical_balls_trick_000_018.mp4,916,15.281933,32,sports ball,0.798959,326.955,387.127,374.134,426.482,350.544,406.805,47.179,39.355
identical_balls_trick_000_018.mp4,917,15.298617,32,sports ball,0.789913,558.522,325.425,606.786,371.666,582.654,348.545,48.263,46.242
identical_balls_trick_000_018.mp4,917,15.298617,32,sports ball,0.689143,436.373,102.362,488.640,156.870,462.507,129.616,52.267,54.508
identical_balls_trick_000_018.mp4,917,15.298617,32,sports ball,0.517443,328.689,353.614,375.994,393.099,352.341,373.357,47.305,39.485
identical_balls_trick_000_018.mp4,918,15.315300,32,sports ball,0.821803,433.224,122.692,484.245,176.700,458.735,149.696,51.021,54.008
identical_balls_trick_000_018.mp4,918,15.315300,32,sports ball,0.693160,554.405,336.823,602.640,384.005,578.523,360.414,48.235,47.181
identical_balls_trick_000_018.mp4,918,15.315300,32,sports ball,0.329178,329.567,323.873,379.454,364.786,354.511,344.330,49.887,40.914
identical_balls_trick_000_018.mp4,919,15.331983,32,sports ball,0.756110,428.852,144.773,480.391,198.956,454.622,171.865,51.539,54.183
identical_balls_trick_000_018.mp4,919,15.331983,32,sports ball,0.702197,551.821,349.977,598.719,397.540,575.270,373.758,46.898,47.562
identical_balls_trick_000_018.mp4,919,15.331983,32,sports ball,0.672902,331.571,295.478,381.404,339.679,356.488,317.578,49.832,44.200
identical_balls_trick_000_018.mp4,919,15.331983,32,sports ball,0.179212,556.896,160.638,617.710,214.929,587.303,187.784,60.814,54.291
identical_balls_trick_000_018.mp4,920,15.348667,32,sports ball,0.664319,425.816,169.688,477.947,223.234,451.881,196.461,52.131,53.547
identical_balls_trick_000_018.mp4,920,15.348667,32,sports ball,0.563220,335.299,266.675,384.017,313.440,359.658,290.058,48.718,46.765
identical_balls_trick_000_018.mp4,920,15.348667,32,sports ball,0.510653,548.589,364.287,595.880,411.731,572.234,388.009,47.292,47.444
identical_balls_trick_000_018.mp4,921,15.365350,32,sports ball,0.390135,336.993,240.701,386.155,288.133,361.574,264.417,49.161,47.432
identical_balls_trick_000_018.mp4,921,15.365350,32,sports ball,0.249726,420.927,194.815,473.484,250.262,447.205,222.538,52.557,55.447
identical_balls_trick_000_018.mp4,923,15.398717,32,sports ball,0.810938,539.695,421.846,585.945,467.809,562.820,444.827,46.250,45.963
identical_balls_trick_000_018.mp4,923,15.398717,32,sports ball,0.590928,412.739,257.054,465.051,310.128,438.895,283.591,52.311,53.074
identical_balls_trick_000_018.mp4,923,15.398717,32,sports ball,0.420018,344.539,194.143,392.199,241.289,368.369,217.716,47.660,47.146
identical_balls_trick_000_018.mp4,924,15.415400,32,sports ball,0.686118,346.616,175.169,395.250,221.012,370.933,198.090,48.634,45.843
identical_balls_trick_000_018.mp4,924,15.415400,32,sports ball,0.598433,538.024,443.397,583.700,489.041,560.862,466.219,45.676,45.644
identical_balls_trick_000_018.mp4,924,15.415400,32,sports ball,0.343967,409.465,289.658,462.692,343.537,436.079,316.598,53.227,53.879
identical_balls_trick_000_018.mp4,925,15.432083,32,sports ball,0.539515,350.673,155.317,398.949,204.461,374.811,179.889,48.276,49.144
identical_balls_trick_000_018.mp4,925,15.432083,32,sports ball,0.324371,536.399,465.370,580.829,512.813,558.614,489.092,44.430,47.443
identical_balls_trick_000_018.mp4,925,15.432083,32,sports ball,0.151356,406.417,323.757,458.230,377.825,432.323,350.791,51.813,54.068
identical_balls_trick_000_018.mp4,926,15.448767,32,sports ball,0.523665,400.914,353.576,451.960,409.080,426.437,381.328,51.046,55.505
identical_balls_trick_000_018.mp4,926,15.448767,32,sports ball,0.292838,532.696,490.179,578.182,538.516,555.439,514.348,45.486,48.337
identical_balls_trick_000_018.mp4,926,15.448767,32,sports ball,0.230288,353.438,139.040,401.790,186.898,377.614,162.969,48.352,47.858
identical_balls_trick_000_018.mp4,927,15.465450,32,sports ball,0.675187,356.569,123.603,404.904,172.657,380.737,148.130,48.336,49.054
identical_balls_trick_000_018.mp4,927,15.465450,32,sports ball,0.282731,405.742,375.957,452.747,426.418,429.244,401.188,47.005,50.461
identical_balls_trick_000_018.mp4,927,15.465450,32,sports ball,0.252134,406.288,375.876,452.261,425.916,429.275,400.896,45.973,50.041
identical_balls_trick_000_018.mp4,928,15.482133,32,sports ball,0.731304,417.736,391.035,460.383,440.536,439.059,415.786,42.647,49.501
identical_balls_trick_000_018.mp4,928,15.482133,32,sports ball,0.563252,360.290,111.126,409.018,160.814,384.654,135.970,48.728,49.688
identical_balls_trick_000_018.mp4,928,15.482133,32,sports ball,0.230424,535.884,527.410,579.536,571.374,557.710,549.392,43.652,43.963
identical_balls_trick_000_018.mp4,929,15.498817,32,sports ball,0.450218,364.045,99.206,412.468,148.853,388.257,124.029,48.424,49.647
identical_balls_trick_000_018.mp4,929,15.498817,32,sports ball,0.373582,429.159,403.823,474.881,454.389,452.020,429.106,45.721,50.567
identical_balls_trick_000_018.mp4,929,15.498817,32,sports ball,0.167836,539.887,532.593,577.824,576.849,558.856,554.721,37.937,44.257
identical_balls_trick_000_018.mp4,930,15.515500,32,sports ball,0.839711,369.263,90.647,417.221,139.996,393.242,115.321,47.959,49.348
identical_balls_trick_000_018.mp4,930,15.515500,32,sports ball,0.363219,446.509,417.381,490.537,467.882,468.523,442.631,44.028,50.501
identical_balls_trick_000_018.mp4,930,15.515500,32,sports ball,0.307514,536.182,536.472,577.850,576.978,557.016,556.725,41.667,40.506
identical_balls_trick_000_018.mp4,931,15.532183,32,sports ball,0.449658,372.447,83.119,421.528,133.051,396.987,108.085,49.080,49.932
identical_balls_trick_000_018.mp4,931,15.532183,32,sports ball,0.266134,466.391,431.549,510.525,481.482,488.458,456.515,44.134,49.933
identical_balls_trick_000_018.mp4,932,15.548867,32,sports ball,0.521211,376.899,79.196,426.272,128.446,401.586,103.821,49.373,49.250
identical_balls_trick_000_018.mp4,932,15.548867,32,sports ball,0.310747,489.553,443.382,533.233,493.969,511.393,468.675,43.681,50.587
identical_balls_trick_000_018.mp4,932,15.548867,32,sports ball,0.187011,524.349,543.475,568.184,585.638,546.267,564.556,43.835,42.163
identical_balls_trick_000_018.mp4,933,15.565550,32,sports ball,0.409837,514.424,456.372,558.357,506.447,536.390,481.409,43.933,50.075
identical_balls_trick_000_018.mp4,933,15.565550,32,sports ball,0.185095,520.125,546.484,563.988,589.839,542.056,568.161,43.863,43.354
identical_balls_trick_000_018.mp4,933,15.565550,32,sports ball,0.154282,381.294,75.719,431.260,125.819,406.277,100.769,49.966,50.100
identical_balls_trick_000_018.mp4,934,15.582233,32,sports ball,0.598942,386.234,75.373,434.990,125.423,410.612,100.398,48.756,50.050
identical_balls_trick_000_018.mp4,934,15.582233,32,sports ball,0.574002,517.256,552.540,560.379,595.790,538.818,574.165,43.123,43.249
identical_balls_trick_000_018.mp4,934,15.582233,32,sports ball,0.548757,540.257,469.643,583.240,519.147,561.748,494.395,42.983,49.504
identical_balls_trick_000_018.mp4,935,15.598917,32,sports ball,0.391856,390.450,76.262,439.037,126.234,414.744,101.248,48.586,49.972
identical_balls_trick_000_018.mp4,935,15.598917,32,sports ball,0.307873,518.691,559.747,561.102,602.621,539.897,581.184,42.411,42.875
identical_balls_trick_000_018.mp4,935,15.598917,32,sports ball,0.270136,562.446,481.424,607.111,528.327,584.778,504.875,44.665,46.904
identical_balls_trick_000_018.mp4,936,15.615600,32,sports ball,0.163916,520.069,567.470,564.058,612.043,542.063,589.756,43.990,44.573
identical_balls_trick_000_018.mp4,936,15.615600,32,sports ball,0.154156,394.517,79.783,443.442,129.639,418.979,104.711,48.924,49.856
identical_balls_trick_000_018.mp4,937,15.632283,32,sports ball,0.174228,525.855,576.149,570.143,621.427,547.999,598.788,44.289,45.278
identical_balls_trick_000_018.mp4,939,15.665650,32,sports ball,0.646969,647.570,536.951,694.081,574.938,670.826,555.944,46.511,37.987
identical_balls_trick_000_018.mp4,939,15.665650,32,sports ball,0.291949,535.747,581.798,578.478,622.328,557.112,602.063,42.731,40.530
identical_balls_trick_000_018.mp4,940,15.682333,32,sports ball,0.453095,666.800,551.975,712.666,588.482,689.733,570.229,45.866,36.507
identical_balls_trick_000_018.mp4,940,15.682333,32,sports ball,0.208206,540.202,582.973,582.656,621.965,561.429,602.469,42.455,38.991
identical_balls_trick_000_018.mp4,940,15.682333,32,sports ball,0.186658,413.388,112.586,462.649,162.336,438.019,137.461,49.261,49.750
identical_balls_trick_000_018.mp4,941,15.699017,32,sports ball,0.493113,418.870,126.175,466.590,175.312,442.730,150.743,47.721,49.137
identical_balls_trick_000_018.mp4,941,15.699017,32,sports ball,0.299022,680.919,567.737,728.048,604.655,704.484,586.196,47.129,36.918
identical_balls_trick_000_018.mp4,941,15.699017,32,sports ball,0.199725,543.473,582.356,586.460,620.594,564.967,601.475,42.986,38.239
identical_balls_trick_000_018.mp4,942,15.715700,32,sports ball,0.613498,691.321,581.362,737.371,619.913,714.346,600.638,46.050,38.551
identical_balls_trick_000_018.mp4,942,15.715700,32,sports ball,0.248166,544.514,582.460,585.863,620.801,565.188,601.631,41.349,38.341
identical_balls_trick_000_018.mp4,943,15.732383,32,sports ball,0.518225,543.696,580.877,587.736,618.247,565.716,599.562,44.040,37.370
identical_balls_trick_000_018.mp4,943,15.732383,32,sports ball,0.386834,698.102,596.814,744.887,639.243,721.495,618.028,46.785,42.429
identical_balls_trick_000_018.mp4,943,15.732383,32,sports ball,0.357759,429.221,158.666,475.224,207.678,452.223,183.172,46.004,49.013
identical_balls_trick_000_018.mp4,944,15.749067,32,sports ball,0.494438,432.992,177.521,480.723,227.285,456.858,202.403,47.731,49.764
identical_balls_trick_000_018.mp4,944,15.749067,32,sports ball,0.374354,545.612,575.493,588.949,612.871,567.281,594.182,43.336,37.378
identical_balls_trick_000_018.mp4,944,15.749067,32,sports ball,0.223319,702.662,610.583,746.836,653.771,724.749,632.177,44.175,43.189
identical_balls_trick_000_018.mp4,945,15.765750,32,sports ball,0.531419,437.390,199.175,485.165,248.421,461.278,223.798,47.774,49.246
identical_balls_trick_000_018.mp4,945,15.765750,32,sports ball,0.181304,548.003,567.130,592.550,601.753,570.276,584.441,44.547,34.623
identical_balls_trick_000_018.mp4,945,15.765750,32,sports ball,0.156991,703.502,621.487,747.734,666.554,725.618,644.021,44.232,45.066
identical_balls_trick_000_018.mp4,946,15.782433,32,sports ball,0.530057,442.297,222.680,490.132,271.244,466.214,246.962,47.835,48.564
identical_balls_trick_000_018.mp4,946,15.782433,32,sports ball,0.194711,550.958,554.920,594.831,591.557,572.894,573.238,43.873,36.637
identical_balls_trick_000_018.mp4,947,15.799117,32,sports ball,0.314616,552.981,542.096,599.125,575.932,576.053,559.014,46.144,33.837
identical_balls_trick_000_018.mp4,947,15.799117,32,sports ball,0.259675,447.561,247.826,494.902,295.669,471.231,271.748,47.341,47.843
identical_balls_trick_000_018.mp4,948,15.815800,32,sports ball,0.505703,452.105,274.064,498.784,322.849,475.444,298.457,46.679,48.784
identical_balls_trick_000_018.mp4,948,15.815800,32,sports ball,0.419167,560.067,528.999,606.324,566.181,583.196,547.590,46.257,37.182
identical_balls_trick_000_018.mp4,948,15.815800,32,sports ball,0.294277,704.543,621.906,746.825,666.995,725.684,644.451,42.281,45.088
identical_balls_trick_000_018.mp4,949,15.832483,32,sports ball,0.480106,456.435,304.342,503.428,351.769,479.931,328.056,46.993,47.426
identical_balls_trick_000_018.mp4,949,15.832483,32,sports ball,0.205624,704.530,607.362,746.768,650.403,725.649,628.883,42.238,43.041
identical_balls_trick_000_018.mp4,951,15.865850,32,sports ball,0.183141,703.524,558.369,747.050,598.877,725.287,578.623,43.526,40.508
identical_balls_trick_000_018.mp4,952,15.882533,32,sports ball,0.418960,469.714,401.169,516.566,449.173,493.140,425.171,46.852,48.004
identical_balls_trick_000_018.mp4,952,15.882533,32,sports ball,0.315547,700.609,527.784,746.781,573.244,723.695,550.514,46.173,45.460
identical_balls_trick_000_018.mp4,953,15.899217,32,sports ball,0.259405,474.091,435.181,521.080,484.740,497.585,459.961,46.989,49.559
identical_balls_trick_000_018.mp4,954,15.915900,32,sports ball,0.508618,478.920,472.371,525.739,522.425,502.330,497.398,46.819,50.055
identical_balls_trick_000_018.mp4,954,15.915900,32,sports ball,0.269373,701.075,468.840,746.855,514.945,723.965,491.892,45.781,46.105
identical_balls_trick_000_018.mp4,955,15.932583,32,sports ball,0.702814,484.193,512.755,530.602,560.532,507.398,536.644,46.408,47.778
identical_balls_trick_000_018.mp4,955,15.932583,32,sports ball,0.418421,700.557,444.623,746.632,490.878,723.594,467.750,46.075,46.255
identical_balls_trick_000_018.mp4,955,15.932583,32,sports ball,0.186908,645.522,482.255,689.412,526.923,667.467,504.589,43.890,44.668
identical_balls_trick_000_018.mp4,956,15.949267,32,sports ball,0.403324,488.693,554.436,533.960,602.582,511.326,578.509,45.268,48.146
identical_balls_trick_000_018.mp4,956,15.949267,32,sports ball,0.330971,700.328,420.422,746.854,466.039,723.591,443.231,46.526,45.616
identical_balls_trick_000_018.mp4,956,15.949267,32,sports ball,0.201472,657.716,482.206,701.816,527.003,679.766,504.604,44.100,44.797
identical_balls_trick_000_018.mp4,957,15.965950,32,sports ball,0.639951,699.381,398.847,746.782,443.955,723.082,421.401,47.401,45.108
identical_balls_trick_000_018.mp4,957,15.965950,32,sports ball,0.400877,491.590,597.667,539.375,642.969,515.483,620.318,47.785,45.301
identical_balls_trick_000_018.mp4,957,15.965950,32,sports ball,0.255392,669.805,484.392,714.099,528.780,691.952,506.586,44.293,44.388
identical_balls_trick_000_018.mp4,958,15.982633,32,sports ball,0.462951,698.894,377.652,746.178,422.933,722.536,400.293,47.285,45.281
identical_balls_trick_000_018.mp4,958,15.982633,32,sports ball,0.225749,681.919,487.565,725.645,532.450,703.782,510.007,43.727,44.885
identical_balls_trick_000_018.mp4,959,15.999317,32,sports ball,0.525860,689.372,489.774,732.312,533.196,710.842,511.485,42.939,43.423
identical_balls_trick_000_018.mp4,959,15.999317,32,sports ball,0.458018,698.567,358.641,745.344,405.285,721.955,381.963,46.777,46.644
identical_balls_trick_000_018.mp4,959,15.999317,32,sports ball,0.203313,499.635,649.570,544.435,691.199,522.035,670.384,44.801,41.630
identical_balls_trick_000_018.mp4,960,16.016000,32,sports ball,0.645491,690.392,488.686,733.717,532.253,712.055,510.470,43.325,43.567
identical_balls_trick_000_018.mp4,960,16.016000,32,sports ball,0.457885,505.140,665.108,548.042,705.696,526.591,685.402,42.902,40.589
identical_balls_trick_000_018.mp4,960,16.016000,32,sports ball,0.338303,698.018,341.204,744.837,387.952,721.428,364.578,46.819,46.748
identical_balls_trick_000_018.mp4,960,16.016000,32,sports ball,0.178029,697.815,341.285,744.676,387.732,721.246,364.509,46.861,46.447
identical_balls_trick_000_018.mp4,961,16.032683,32,sports ball,0.624677,697.300,326.107,743.427,372.804,720.364,349.455,46.127,46.697
identical_balls_trick_000_018.mp4,961,16.032683,32,sports ball,0.239384,509.276,681.544,555.440,720.000,532.358,700.772,46.164,38.456
identical_balls_trick_000_018.mp4,962,16.049367,32,sports ball,0.751260,696.438,313.433,742.519,359.489,719.478,336.461,46.080,46.056
identical_balls_trick_000_018.mp4,962,16.049367,32,sports ball,0.295902,515.336,692.472,562.327,720.000,538.831,706.236,46.991,27.528
identical_balls_trick_000_018.mp4,962,16.049367,32,sports ball,0.167758,697.523,487.015,738.071,529.378,717.797,508.196,40.548,42.363
identical_balls_trick_000_018.mp4,963,16.066050,32,sports ball,0.781866,695.347,302.988,742.130,348.056,718.739,325.522,46.782,45.068
identical_balls_trick_000_018.mp4,963,16.066050,32,sports ball,0.200479,519.824,698.270,567.629,719.652,543.727,708.961,47.805,21.382
identical_balls_trick_000_018.mp4,963,16.066050,32,sports ball,0.177954,695.301,302.709,742.455,348.247,718.878,325.478,47.154,45.538
identical_balls_trick_000_018.mp4,964,16.082733,32,sports ball,0.645478,694.192,292.323,741.006,339.084,717.599,315.704,46.814,46.761
identical_balls_trick_000_018.mp4,964,16.082733,32,sports ball,0.253633,524.798,700.642,569.670,719.303,547.234,709.973,44.873,18.661
identical_balls_trick_000_018.mp4,965,16.099417,32,sports ball,0.679407,693.209,284.831,740.122,332.026,716.666,308.428,46.913,47.195
identical_balls_trick_000_018.mp4,965,16.099417,32,sports ball,0.183439,717.202,479.931,753.040,524.229,735.121,502.080,35.839,44.297
identical_balls_trick_000_018.mp4,966,16.116100,32,sports ball,0.623485,692.497,279.123,739.697,325.821,716.097,302.472,47.200,46.697
identical_balls_trick_000_018.mp4,966,16.116100,32,sports ball,0.468955,692.641,278.927,739.981,325.881,716.311,302.404,47.340,46.953
identical_balls_trick_000_018.mp4,967,16.132783,32,sports ball,0.452874,691.913,275.099,738.837,322.610,715.375,298.854,46.925,47.511
identical_balls_trick_000_018.mp4,967,16.132783,32,sports ball,0.236462,692.060,275.528,738.600,322.738,715.330,299.133,46.540,47.209
identical_balls_trick_000_018.mp4,968,16.149467,32,sports ball,0.244728,690.906,273.810,737.569,320.577,714.237,297.193,46.663,46.767
identical_balls_trick_000_018.mp4,968,16.149467,32,sports ball,0.205448,690.643,273.444,737.692,320.606,714.167,297.025,47.049,47.162
identical_balls_trick_000_018.mp4,968,16.149467,32,sports ball,0.161493,536.491,676.560,579.736,719.261,558.114,697.910,43.245,42.700
identical_balls_trick_000_018.mp4,969,16.166150,32,sports ball,0.354822,690.412,273.830,736.371,320.737,713.392,297.284,45.958,46.907
identical_balls_trick_000_018.mp4,969,16.166150,32,sports ball,0.313765,538.232,657.819,582.107,701.717,560.170,679.768,43.876,43.898
identical_balls_trick_000_018.mp4,970,16.182833,32,sports ball,0.302096,689.167,275.250,735.765,322.831,712.466,299.040,46.597,47.581
identical_balls_trick_000_018.mp4,970,16.182833,32,sports ball,0.229502,540.450,635.167,584.754,676.802,562.602,655.984,44.304,41.635
identical_balls_trick_000_018.mp4,970,16.182833,32,sports ball,0.176298,688.877,275.235,735.814,322.852,712.346,299.043,46.937,47.616
identical_balls_trick_000_018.mp4,971,16.199517,32,sports ball,0.617544,538.743,607.636,585.292,646.411,562.018,627.023,46.549,38.775
identical_balls_trick_000_018.mp4,971,16.199517,32,sports ball,0.467609,688.192,279.614,733.877,326.087,711.035,302.851,45.685,46.473
identical_balls_trick_000_018.mp4,972,16.216200,32,sports ball,0.209466,687.206,285.582,732.611,332.114,709.909,308.848,45.404,46.532
identical_balls_trick_000_018.mp4,972,16.216200,32,sports ball,0.193436,538.021,570.757,585.528,610.793,561.775,590.775,47.507,40.036
identical_balls_trick_000_018.mp4,973,16.232883,32,sports ball,0.313856,536.817,535.549,583.199,573.387,560.008,554.468,46.382,37.838
identical_balls_trick_000_018.mp4,973,16.232883,32,sports ball,0.274392,686.748,293.296,731.550,340.491,709.149,316.893,44.802,47.195
identical_balls_trick_000_018.mp4,974,16.249567,32,sports ball,0.554092,684.297,303.594,730.769,349.095,707.533,326.345,46.472,45.501
identical_balls_trick_000_018.mp4,975,16.266250,32,sports ball,0.519321,683.679,314.837,730.108,360.574,706.894,337.706,46.429,45.737
identical_balls_trick_000_018.mp4,975,16.266250,32,sports ball,0.384050,630.152,467.757,671.582,511.856,650.867,489.806,41.429,44.099
identical_balls_trick_000_018.mp4,975,16.266250,32,sports ball,0.189549,532.250,464.900,579.421,512.776,555.835,488.838,47.170,47.876
identical_balls_trick_000_018.mp4,976,16.282933,32,sports ball,0.673181,681.568,327.795,728.695,374.377,705.132,351.086,47.128,46.582
identical_balls_trick_000_018.mp4,976,16.282933,32,sports ball,0.662264,609.418,471.703,652.732,515.768,631.075,493.735,43.314,44.065
identical_balls_trick_000_018.mp4,976,16.282933,32,sports ball,0.247758,531.658,432.760,578.401,480.329,555.029,456.545,46.743,47.569
identical_balls_trick_000_018.mp4,977,16.299617,32,sports ball,0.754566,530.384,400.757,576.455,448.714,553.420,424.735,46.071,47.958
identical_balls_trick_000_018.mp4,977,16.299617,32,sports ball,0.718456,587.347,476.719,632.918,521.049,610.132,498.884,45.571,44.330
identical_balls_trick_000_018.mp4,977,16.299617,32,sports ball,0.700505,530.708,401.358,576.113,448.983,553.410,425.170,45.406,47.625
identical_balls_trick_000_018.mp4,977,16.299617,32,sports ball,0.640315,681.171,343.175,727.702,389.635,704.436,366.405,46.531,46.460
identical_balls_trick_000_018.mp4,978,16.316300,32,sports ball,0.825576,529.095,370.845,575.377,418.784,552.236,394.815,46.282,47.939
identical_balls_trick_000_018.mp4,978,16.316300,32,sports ball,0.789187,681.262,359.781,726.190,406.924,703.726,383.352,44.929,47.144
identical_balls_trick_000_018.mp4,978,16.316300,32,sports ball,0.738346,565.994,483.408,610.434,528.553,588.214,505.980,44.440,45.144
identical_balls_trick_000_018.mp4,979,16.332983,32,sports ball,0.681466,527.833,343.645,573.816,391.443,550.825,367.544,45.983,47.798
identical_balls_trick_000_018.mp4,979,16.332983,32,sports ball,0.589138,545.532,492.398,588.677,537.517,567.104,514.957,43.145,45.120
identical_balls_trick_000_018.mp4,979,16.332983,32,sports ball,0.176492,680.384,377.937,725.212,425.588,702.798,401.763,44.828,47.651
identical_balls_trick_000_018.mp4,980,16.349667,32,sports ball,0.734773,526.584,318.254,572.551,365.738,549.568,341.996,45.966,47.484
identical_balls_trick_000_018.mp4,980,16.349667,32,sports ball,0.288420,679.261,399.045,724.314,445.429,701.788,422.237,45.053,46.383
identical_balls_trick_000_018.mp4,980,16.349667,32,sports ball,0.263915,528.778,499.397,571.801,541.861,550.290,520.629,43.023,42.465
identical_balls_trick_000_018.mp4,981,16.366350,32,sports ball,0.617722,524.477,293.224,571.207,341.256,547.842,317.240,46.730,48.032
identical_balls_trick_000_018.mp4,981,16.366350,32,sports ball,0.376490,678.347,421.082,722.846,467.746,700.596,444.414,44.499,46.664
identical_balls_trick_000_018.mp4,981,16.366350,32,sports ball,0.341464,514.972,502.744,559.827,545.350,537.400,524.047,44.855,42.607
identical_balls_trick_000_018.mp4,982,16.383033,32,sports ball,0.445786,518.233,504.664,551.169,547.484,534.701,526.074,32.936,42.821
identical_balls_trick_000_018.mp4,982,16.383033,32,sports ball,0.294153,676.221,444.805,721.704,492.302,698.962,468.554,45.483,47.497
identical_balls_trick_000_018.mp4,983,16.399717,32,sports ball,0.192349,675.472,471.219,720.337,518.479,697.904,494.849,44.865,47.260
identical_balls_trick_000_018.mp4,983,16.399717,32,sports ball,0.150689,521.493,250.320,568.018,296.255,544.756,273.288,46.526,45.936
identical_balls_trick_000_018.mp4,984,16.416400,32,sports ball,0.316600,503.002,499.685,538.041,544.016,520.522,521.851,35.039,44.331
identical_balls_trick_000_018.mp4,984,16.416400,32,sports ball,0.289648,521.146,230.196,566.677,277.380,543.911,253.788,45.531,47.184
identical_balls_trick_000_018.mp4,984,16.416400,32,sports ball,0.166044,673.103,496.290,719.284,543.046,696.194,519.668,46.182,46.757
identical_balls_trick_000_018.mp4,985,16.433083,32,sports ball,0.328762,519.511,212.417,565.350,259.331,542.431,235.874,45.839,46.915
identical_balls_trick_000_018.mp4,985,16.433083,32,sports ball,0.195873,491.203,497.706,531.886,541.401,511.545,519.553,40.684,43.694
identical_balls_trick_000_018.mp4,986,16.449767,32,sports ball,0.659144,517.698,195.997,564.297,242.726,540.997,219.362,46.598,46.729
identical_balls_trick_000_018.mp4,986,16.449767,32,sports ball,0.450742,484.729,497.392,526.188,540.858,505.458,519.125,41.459,43.466
identical_balls_trick_000_018.mp4,987,16.466450,32,sports ball,0.648406,478.156,498.544,522.039,542.184,500.098,520.364,43.883,43.639
identical_balls_trick_000_018.mp4,987,16.466450,32,sports ball,0.440711,516.289,181.610,562.320,229.057,539.305,205.333,46.032,47.447
identical_balls_trick_000_018.mp4,988,16.483133,32,sports ball,0.640460,514.335,170.532,561.144,217.747,537.740,194.140,46.809,47.215
identical_balls_trick_000_018.mp4,988,16.483133,32,sports ball,0.564652,473.639,502.983,515.684,546.013,494.661,524.498,42.046,43.030
identical_balls_trick_000_018.mp4,988,16.483133,32,sports ball,0.203932,671.808,562.504,713.688,604.930,692.748,583.717,41.880,42.426
identical_balls_trick_000_018.mp4,989,16.499817,32,sports ball,0.592893,470.897,506.860,512.664,549.885,491.780,528.373,41.766,43.024
identical_balls_trick_000_018.mp4,989,16.499817,32,sports ball,0.302934,513.048,159.623,559.972,207.366,536.510,183.495,46.924,47.743
identical_balls_trick_000_018.mp4,989,16.499817,32,sports ball,0.177168,672.261,577.766,714.329,620.696,693.295,599.231,42.068,42.929
identical_balls_trick_000_018.mp4,990,16.516500,32,sports ball,0.562025,511.789,150.748,558.347,198.669,535.068,174.708,46.558,47.921
identical_balls_trick_000_018.mp4,990,16.516500,32,sports ball,0.557215,469.330,512.843,511.666,556.464,490.498,534.654,42.336,43.621
identical_balls_trick_000_018.mp4,990,16.516500,32,sports ball,0.206382,673.551,592.811,714.545,637.229,694.048,615.020,40.994,44.418
identical_balls_trick_000_018.mp4,991,16.533183,32,sports ball,0.564704,468.233,520.495,511.164,562.673,489.698,541.584,42.931,42.178
identical_balls_trick_000_018.mp4,991,16.533183,32,sports ball,0.327651,468.178,519.950,510.993,562.404,489.586,541.177,42.814,42.454
identical_balls_trick_000_018.mp4,991,16.533183,32,sports ball,0.187576,509.300,144.770,556.768,192.285,533.034,168.527,47.469,47.515
identical_balls_trick_000_018.mp4,992,16.549867,32,sports ball,0.184819,468.195,529.399,511.187,572.274,489.691,550.836,42.992,42.875
identical_balls_trick_000_018.mp4,992,16.549867,32,sports ball,0.179715,674.012,615.949,715.352,660.344,694.682,638.146,41.340,44.394
identical_balls_trick_000_018.mp4,993,16.566550,32,sports ball,0.657718,470.348,540.906,513.805,581.111,492.076,561.009,43.457,40.206
identical_balls_trick_000_018.mp4,993,16.566550,32,sports ball,0.266861,673.308,624.574,715.328,669.164,694.318,646.869,42.020,44.590
identical_balls_trick_000_018.mp4,994,16.583233,32,sports ball,0.518386,479.437,546.009,523.470,584.547,501.454,565.278,44.033,38.538
identical_balls_trick_000_018.mp4,994,16.583233,32,sports ball,0.159939,673.608,630.285,715.726,675.513,694.667,652.899,42.117,45.227
identical_balls_trick_000_018.mp4,995,16.599917,32,sports ball,0.616156,488.881,550.968,532.296,583.027,510.588,566.997,43.415,32.059
identical_balls_trick_000_018.mp4,995,16.599917,32,sports ball,0.296595,504.783,137.276,552.372,186.217,528.577,161.747,47.589,48.940
identical_balls_trick_000_018.mp4,995,16.599917,32,sports ball,0.190898,674.987,632.894,716.904,678.101,695.946,655.497,41.916,45.207
identical_balls_trick_000_018.mp4,996,16.616600,32,sports ball,0.635301,494.227,553.514,538.231,584.403,516.229,568.959,44.004,30.888
identical_balls_trick_000_018.mp4,996,16.616600,32,sports ball,0.197277,677.663,631.490,719.436,675.681,698.550,653.585,41.773,44.191
identical_balls_trick_000_018.mp4,996,16.616600,32,sports ball,0.177613,502.755,140.163,550.226,188.876,526.490,164.520,47.471,48.714
identical_balls_trick_000_018.mp4,997,16.633283,32,sports ball,0.505726,502.300,555.936,540.593,585.702,521.446,570.819,38.293,29.766
identical_balls_trick_000_018.mp4,997,16.633283,32,sports ball,0.215741,680.225,624.687,721.966,668.298,701.096,646.492,41.741,43.611
identical_balls_trick_000_018.mp4,998,16.649967,32,sports ball,0.484266,681.659,614.053,725.303,658.142,703.481,636.098,43.644,44.088
identical_balls_trick_000_018.mp4,998,16.649967,32,sports ball,0.480563,501.817,554.611,542.146,584.301,521.982,569.456,40.329,29.690
identical_balls_trick_000_018.mp4,998,16.649967,32,sports ball,0.411137,500.067,152.329,547.643,201.493,523.855,176.911,47.575,49.164
identical_balls_trick_000_018.mp4,998,16.649967,32,sports ball,0.199914,500.198,152.134,547.659,201.667,523.928,176.900,47.461,49.533
identical_balls_trick_000_018.mp4,999,16.666650,32,sports ball,0.693090,499.619,552.331,541.852,581.608,520.736,566.970,42.233,29.277
identical_balls_trick_000_018.mp4,999,16.666650,32,sports ball,0.264120,684.146,599.466,728.788,643.562,706.467,621.514,44.642,44.095
identical_balls_trick_000_018.mp4,1000,16.683333,32,sports ball,0.781384,499.540,546.094,543.092,576.742,521.316,561.418,43.552,30.648
identical_balls_trick_000_018.mp4,1000,16.683333,32,sports ball,0.374520,684.844,578.888,730.615,623.076,707.729,600.982,45.771,44.187
identical_balls_trick_000_018.mp4,1000,16.683333,32,sports ball,0.366572,497.656,172.671,544.156,221.577,520.906,197.124,46.501,48.906
identical_balls_trick_000_018.mp4,1001,16.700017,32,sports ball,0.766568,502.719,539.669,546.599,569.363,524.659,554.516,43.880,29.695
identical_balls_trick_000_018.mp4,1001,16.700017,32,sports ball,0.640312,684.160,554.654,729.890,597.239,707.025,575.947,45.730,42.585
identical_balls_trick_000_018.mp4,1001,16.700017,32,sports ball,0.304860,496.894,185.730,543.499,235.313,520.197,210.521,46.606,49.583
identical_balls_trick_000_018.mp4,1002,16.716700,32,sports ball,0.537777,508.561,528.251,554.672,561.126,531.616,544.689,46.111,32.876
identical_balls_trick_000_018.mp4,1002,16.716700,32,sports ball,0.422149,682.999,527.155,730.309,565.440,706.654,546.297,47.310,38.285
identical_balls_trick_000_018.mp4,1002,16.716700,32,sports ball,0.218738,496.315,201.263,542.639,249.873,519.477,225.568,46.324,48.610
identical_balls_trick_000_018.mp4,1003,16.733383,32,sports ball,0.517995,494.514,217.823,541.105,267.094,517.809,242.458,46.591,49.272
identical_balls_trick_000_018.mp4,1003,16.733383,32,sports ball,0.420406,521.017,515.345,567.175,553.087,544.096,534.216,46.158,37.742
identical_balls_trick_000_018.mp4,1003,16.733383,32,sports ball,0.268713,681.385,495.844,728.797,535.884,705.091,515.864,47.412,40.041
identical_balls_trick_000_018.mp4,1004,16.750067,32,sports ball,0.450402,542.736,503.271,583.193,544.900,562.965,524.086,40.457,41.629
identical_balls_trick_000_018.mp4,1004,16.750067,32,sports ball,0.270453,493.131,237.370,540.246,286.673,516.688,262.022,47.116,49.303
identical_balls_trick_000_018.mp4,1004,16.750067,32,sports ball,0.186423,680.646,464.642,726.245,508.012,703.445,486.327,45.599,43.369
identical_balls_trick_000_018.mp4,1005,16.766750,32,sports ball,0.398651,491.793,258.890,539.464,306.874,515.629,282.882,47.671,47.984
identical_balls_trick_000_018.mp4,1005,16.766750,32,sports ball,0.185423,562.808,490.896,602.345,535.172,582.576,513.034,39.537,44.276
identical_balls_trick_000_018.mp4,1005,16.766750,32,sports ball,0.150246,677.981,436.695,724.677,480.549,701.329,458.622,46.696,43.854
identical_balls_trick_000_018.mp4,1006,16.783433,32,sports ball,0.507089,490.722,281.962,538.531,330.870,514.626,306.416,47.810,48.907
identical_balls_trick_000_018.mp4,1006,16.783433,32,sports ball,0.227677,676.009,408.567,722.671,455.508,699.340,432.038,46.662,46.940
identical_balls_trick_000_018.mp4,1007,16.800117,32,sports ball,0.486750,489.951,307.462,537.397,356.192,513.674,331.827,47.446,48.730
identical_balls_trick_000_018.mp4,1007,16.800117,32,sports ball,0.197029,595.730,472.641,640.142,517.318,617.936,494.980,44.412,44.676
identical_balls_trick_000_018.mp4,1008,16.816800,32,sports ball,0.733007,671.436,360.663,716.851,406.589,694.143,383.626,45.415,45.926
identical_balls_trick_000_018.mp4,1008,16.816800,32,sports ball,0.681412,614.728,465.761,659.376,511.503,637.052,488.632,44.648,45.742
identical_balls_trick_000_018.mp4,1008,16.816800,32,sports ball,0.458285,489.194,335.113,536.737,383.751,512.965,359.432,47.544,48.638
identical_balls_trick_000_018.mp4,1009,16.833483,32,sports ball,0.512231,487.780,362.575,535.692,413.242,511.736,387.909,47.911,50.668
identical_balls_trick_000_018.mp4,1009,16.833483,32,sports ball,0.429875,669.083,338.171,715.227,384.445,692.155,361.308,46.144,46.273
identical_balls_trick_000_018.mp4,1009,16.833483,32,sports ball,0.248437,634.590,461.500,678.417,505.772,656.504,483.636,43.828,44.272
identical_balls_trick_000_018.mp4,1010,16.850167,32,sports ball,0.659562,666.624,319.301,713.188,364.881,689.906,342.091,46.564,45.580
identical_balls_trick_000_018.mp4,1010,16.850167,32,sports ball,0.616642,487.286,393.666,534.613,444.379,510.949,419.023,47.327,50.713
identical_balls_trick_000_018.mp4,1011,16.866850,32,sports ball,0.482461,486.656,426.308,534.101,476.308,510.379,451.308,47.445,49.999
identical_balls_trick_000_018.mp4,1011,16.866850,32,sports ball,0.418992,665.019,300.897,711.576,346.093,688.297,323.495,46.557,45.196
identical_balls_trick_000_018.mp4,1011,16.866850,32,sports ball,0.216242,663.150,455.074,703.733,494.687,683.441,474.881,40.583,39.612
identical_balls_trick_000_018.mp4,1012,16.883533,32,sports ball,0.362573,663.676,283.961,708.907,329.228,686.291,306.595,45.231,45.267
identical_balls_trick_000_018.mp4,1013,16.900217,32,sports ball,0.308057,484.920,499.163,532.484,548.762,508.702,523.963,47.564,49.600
identical_balls_trick_000_018.mp4,1013,16.900217,32,sports ball,0.232994,661.134,268.888,706.332,313.689,683.733,291.288,45.198,44.801
identical_balls_trick_000_018.mp4,1014,16.916900,32,sports ball,0.194787,657.411,256.952,703.828,301.478,680.619,279.215,46.417,44.526
identical_balls_trick_000_018.mp4,1015,16.933583,32,sports ball,0.389083,484.085,562.760,531.694,611.256,507.889,587.008,47.609,48.497
identical_balls_trick_000_018.mp4,1015,16.933583,32,sports ball,0.229778,656.027,245.756,703.146,290.581,679.587,268.169,47.119,44.825
identical_balls_trick_000_018.mp4,1016,16.950267,32,sports ball,0.613995,654.589,236.725,699.569,281.743,677.079,259.234,44.980,45.018
identical_balls_trick_000_018.mp4,1017,16.966950,32,sports ball,0.506510,651.496,229.131,698.481,274.090,674.988,251.611,46.985,44.959
identical_balls_trick_000_018.mp4,1018,16.983633,32,sports ball,0.390911,650.227,223.891,695.974,269.022,673.100,246.456,45.746,45.131
identical_balls_trick_000_018.mp4,1018,16.983633,32,sports ball,0.330511,755.549,472.178,798.686,518.177,777.118,495.178,43.138,45.999
identical_balls_trick_000_018.mp4,1019,17.000317,32,sports ball,0.277434,648.802,219.790,693.821,265.433,671.312,242.611,45.019,45.643
identical_balls_trick_000_018.mp4,1020,17.017000,32,sports ball,0.260512,781.354,486.038,823.795,513.487,802.575,499.762,42.441,27.449
identical_balls_trick_000_018.mp4,1020,17.017000,32,sports ball,0.198917,648.074,218.100,692.137,263.830,670.105,240.965,44.063,45.731
identical_balls_trick_000_018.mp4,1021,17.033683,32,sports ball,0.181158,496.442,624.285,539.505,664.425,517.973,644.355,43.063,40.140
identical_balls_trick_000_018.mp4,1021,17.033683,32,sports ball,0.161209,788.916,489.745,831.054,526.118,809.985,507.932,42.138,36.373
identical_balls_trick_000_018.mp4,1024,17.083733,32,sports ball,0.237712,785.938,488.701,827.365,529.320,806.651,509.010,41.427,40.619
identical_balls_trick_000_018.mp4,1024,17.083733,32,sports ball,0.205578,503.598,616.660,547.447,660.522,525.522,638.591,43.849,43.862
identical_balls_trick_000_018.mp4,1025,17.100417,32,sports ball,0.210612,638.782,236.289,682.834,282.141,660.808,259.215,44.052,45.853
identical_balls_trick_000_018.mp4,1027,17.133783,32,sports ball,0.365759,634.135,257.230,678.423,302.856,656.279,280.043,44.288,45.626
identical_balls_trick_000_018.mp4,1027,17.133783,32,sports ball,0.313128,728.177,464.033,769.913,505.929,749.045,484.981,41.735,41.897
identical_balls_trick_000_018.mp4,1027,17.133783,32,sports ball,0.250917,501.625,564.750,547.639,607.958,524.632,586.354,46.013,43.208
identical_balls_trick_000_018.mp4,1028,17.150467,32,sports ball,0.601516,633.260,270.928,676.672,315.324,654.966,293.126,43.411,44.395
identical_balls_trick_000_018.mp4,1028,17.150467,32,sports ball,0.420929,499.340,533.609,545.372,577.616,522.356,555.613,46.033,44.007
identical_balls_trick_000_018.mp4,1028,17.150467,32,sports ball,0.415304,697.579,455.190,739.246,497.914,718.412,476.552,41.667,42.724
identical_balls_trick_000_018.mp4,1029,17.167150,32,sports ball,0.250920,630.764,285.154,674.810,329.990,652.787,307.572,44.047,44.835
identical_balls_trick_000_018.mp4,1029,17.167150,32,sports ball,0.168197,497.630,503.014,543.485,545.955,520.558,524.485,45.855,42.941
identical_balls_trick_000_018.mp4,1029,17.167150,32,sports ball,0.157591,665.198,447.903,709.941,491.760,687.570,469.831,44.743,43.857
identical_balls_trick_000_018.mp4,1030,17.183833,32,sports ball,0.627862,633.947,441.407,677.272,486.250,655.610,463.829,43.326,44.843
identical_balls_trick_000_018.mp4,1030,17.183833,32,sports ball,0.562893,628.190,302.758,673.476,347.290,650.833,325.024,45.286,44.532
identical_balls_trick_000_018.mp4,1030,17.183833,32,sports ball,0.508406,496.447,471.493,542.531,517.321,519.489,494.407,46.084,45.828
identical_balls_trick_000_018.mp4,1031,17.200517,32,sports ball,0.394069,626.603,319.738,672.217,365.269,649.410,342.503,45.614,45.531
identical_balls_trick_000_018.mp4,1031,17.200517,32,sports ball,0.382752,495.497,440.450,541.878,487.627,518.687,464.038,46.381,47.178
identical_balls_trick_000_018.mp4,1031,17.200517,32,sports ball,0.322169,601.321,437.070,647.519,481.465,624.420,459.268,46.199,44.394
identical_balls_trick_000_018.mp4,1032,17.217200,32,sports ball,0.601180,569.169,434.257,616.038,478.703,592.604,456.480,46.869,44.446
identical_balls_trick_000_018.mp4,1032,17.217200,32,sports ball,0.560886,624.992,339.103,670.526,385.413,647.759,362.258,45.534,46.310
identical_balls_trick_000_018.mp4,1032,17.217200,32,sports ball,0.454422,493.685,412.098,540.417,460.819,517.051,436.458,46.732,48.722
identical_balls_trick_000_018.mp4,1033,17.233883,32,sports ball,0.627585,624.593,360.823,668.219,407.431,646.406,384.127,43.626,46.608
identical_balls_trick_000_018.mp4,1033,17.233883,32,sports ball,0.541607,536.313,433.376,584.277,478.217,560.295,455.797,47.965,44.841
identical_balls_trick_000_018.mp4,1033,17.233883,32,sports ball,0.428865,491.899,385.274,539.604,433.251,515.752,409.263,47.706,47.977
identical_balls_trick_000_018.mp4,1034,17.250567,32,sports ball,0.539579,490.768,360.381,538.534,409.044,514.651,384.713,47.766,48.663
identical_balls_trick_000_018.mp4,1034,17.250567,32,sports ball,0.386274,505.479,434.455,552.208,479.565,528.843,457.010,46.729,45.110
identical_balls_trick_000_018.mp4,1034,17.250567,32,sports ball,0.287510,622.105,384.703,667.042,430.867,644.573,407.785,44.937,46.164
identical_balls_trick_000_018.mp4,1035,17.267250,32,sports ball,0.510540,474.125,438.184,519.310,482.265,496.717,460.224,45.185,44.081
identical_balls_trick_000_018.mp4,1035,17.267250,32,sports ball,0.335219,489.522,337.891,537.221,385.522,513.371,361.706,47.699,47.631
identical_balls_trick_000_018.mp4,1035,17.267250,32,sports ball,0.255293,620.048,410.133,665.710,455.937,642.879,433.035,45.663,45.804
identical_balls_trick_000_018.mp4,1036,17.283933,32,sports ball,0.183890,457.924,440.203,504.725,486.021,481.325,463.112,46.801,45.818
identical_balls_trick_000_018.mp4,1036,17.283933,32,sports ball,0.173896,489.136,316.865,535.338,364.492,512.237,340.678,46.202,47.626
identical_balls_trick_000_018.mp4,1037,17.300617,32,sports ball,0.300906,440.567,446.827,486.400,491.246,463.484,469.037,45.833,44.419
identical_balls_trick_000_018.mp4,1037,17.300617,32,sports ball,0.209840,488.133,297.089,533.755,344.050,510.944,320.569,45.622,46.961
identical_balls_trick_000_018.mp4,1038,17.317300,32,sports ball,0.405815,486.359,278.138,532.187,324.901,509.273,301.520,45.828,46.764
identical_balls_trick_000_018.mp4,1038,17.317300,32,sports ball,0.225062,423.529,453.482,469.444,499.050,446.486,476.266,45.916,45.568
identical_balls_trick_000_018.mp4,1039,17.333983,32,sports ball,0.539336,484.874,260.995,531.132,308.642,508.003,284.819,46.258,47.647
identical_balls_trick_000_018.mp4,1039,17.333983,32,sports ball,0.271665,619.727,511.661,665.556,554.381,642.641,533.021,45.829,42.720
identical_balls_trick_000_018.mp4,1039,17.333983,32,sports ball,0.155765,405.767,461.578,451.184,506.057,428.475,483.817,45.417,44.479
identical_balls_trick_000_018.mp4,1040,17.350667,32,sports ball,0.643173,482.991,247.021,529.220,293.665,506.106,270.343,46.229,46.645
identical_balls_trick_000_018.mp4,1040,17.350667,32,sports ball,0.278873,626.968,530.866,669.578,574.996,648.273,552.931,42.610,44.130
identical_balls_trick_000_018.mp4,1040,17.350667,32,sports ball,0.197196,387.750,466.927,432.873,512.034,410.311,489.481,45.123,45.107
identical_balls_trick_000_018.mp4,1041,17.367350,32,sports ball,0.675429,481.074,233.457,527.833,281.178,504.454,257.317,46.759,47.721
identical_balls_trick_000_018.mp4,1041,17.367350,32,sports ball,0.548083,632.083,550.033,673.605,594.004,652.844,572.018,41.522,43.972
identical_balls_trick_000_018.mp4,1041,17.367350,32,sports ball,0.283638,370.840,476.698,415.628,519.507,393.234,498.103,44.788,42.809
identical_balls_trick_000_018.mp4,1041,17.367350,32,sports ball,0.209231,481.156,233.312,527.978,281.152,504.567,257.232,46.822,47.840
identical_balls_trick_000_018.mp4,1042,17.384033,32,sports ball,0.757506,359.257,482.876,403.155,526.971,381.206,504.923,43.898,44.095
identical_balls_trick_000_018.mp4,1042,17.384033,32,sports ball,0.616155,479.005,222.635,525.119,269.855,502.062,246.245,46.114,47.219
identical_balls_trick_000_018.mp4,1042,17.384033,32,sports ball,0.433549,638.510,566.113,680.099,609.021,659.304,587.567,41.589,42.908
identical_balls_trick_000_018.mp4,1043,17.400717,32,sports ball,0.703537,476.911,213.010,523.884,260.877,500.397,236.944,46.973,47.867
identical_balls_trick_000_018.mp4,1043,17.400717,32,sports ball,0.543146,350.060,487.726,398.616,531.769,374.338,509.747,48.557,44.043
identical_balls_trick_000_018.mp4,1043,17.400717,32,sports ball,0.323864,646.289,576.202,688.045,621.007,667.167,598.605,41.756,44.805
identical_balls_trick_000_018.mp4,1044,17.417400,32,sports ball,0.559636,474.938,205.816,522.145,253.269,498.541,229.543,47.207,47.453
identical_balls_trick_000_018.mp4,1044,17.417400,32,sports ball,0.473508,347.021,490.284,397.154,534.483,372.087,512.383,50.133,44.199
identical_balls_trick_000_018.mp4,1044,17.417400,32,sports ball,0.228091,656.801,584.878,696.796,627.786,676.799,606.332,39.995,42.908
identical_balls_trick_000_018.mp4,1045,17.434083,32,sports ball,0.461583,348.834,490.417,399.305,534.798,374.069,512.607,50.471,44.382
identical_balls_trick_000_018.mp4,1045,17.434083,32,sports ball,0.332363,472.953,200.129,520.406,247.880,496.680,224.005,47.454,47.751
identical_balls_trick_000_018.mp4,1045,17.434083,32,sports ball,0.158843,664.612,585.236,707.449,629.994,686.030,607.615,42.837,44.758
identical_balls_trick_000_018.mp4,1046,17.450767,32,sports ball,0.546693,470.843,195.680,518.254,243.374,494.549,219.527,47.411,47.694
identical_balls_trick_000_018.mp4,1046,17.450767,32,sports ball,0.454522,352.900,489.344,404.461,533.099,378.681,511.221,51.560,43.755
identical_balls_trick_000_018.mp4,1046,17.450767,32,sports ball,0.164643,672.589,579.547,715.096,625.318,693.842,602.432,42.507,45.771
identical_balls_trick_000_018.mp4,1047,17.467450,32,sports ball,0.516921,360.604,486.657,407.876,530.587,384.240,508.622,47.271,43.931
identical_balls_trick_000_018.mp4,1047,17.467450,32,sports ball,0.511183,468.234,193.702,516.168,241.639,492.201,217.670,47.934,47.937
identical_balls_trick_000_018.mp4,1047,17.467450,32,sports ball,0.287002,679.160,569.688,722.520,613.733,700.840,591.711,43.359,44.046
identical_balls_trick_000_018.mp4,1048,17.484133,32,sports ball,0.459218,466.731,193.682,514.592,242.041,490.662,217.861,47.862,48.359
identical_balls_trick_000_018.mp4,1048,17.484133,32,sports ball,0.259717,371.355,480.657,421.280,525.154,396.318,502.906,49.926,44.496
identical_balls_trick_000_018.mp4,1048,17.484133,32,sports ball,0.195810,682.659,553.838,727.151,597.461,704.905,575.649,44.492,43.622
identical_balls_trick_000_018.mp4,1049,17.500817,32,sports ball,0.482110,685.582,533.088,731.130,578.053,708.356,555.570,45.548,44.964
identical_balls_trick_000_018.mp4,1049,17.500817,32,sports ball,0.434862,388.331,474.667,434.276,518.212,411.304,496.440,45.944,43.545
identical_balls_trick_000_018.mp4,1049,17.500817,32,sports ball,0.314644,465.167,195.658,512.866,244.343,489.016,220.000,47.699,48.685
identical_balls_trick_000_018.mp4,1050,17.517500,32,sports ball,0.407128,408.871,466.605,454.415,511.052,431.643,488.829,45.544,44.447
identical_balls_trick_000_018.mp4,1050,17.517500,32,sports ball,0.239055,463.042,200.103,511.235,248.590,487.139,224.347,48.193,48.488
identical_balls_trick_000_018.mp4,1050,17.517500,32,sports ball,0.211471,688.763,507.842,733.005,551.641,710.884,529.741,44.242,43.799
identical_balls_trick_000_018.mp4,1051,17.534183,32,sports ball,0.281632,460.586,206.405,507.960,254.610,484.273,230.507,47.375,48.205
identical_balls_trick_000_018.mp4,1052,17.550867,32,sports ball,0.502189,458.349,213.883,506.559,262.195,482.454,238.039,48.210,48.311
identical_balls_trick_000_018.mp4,1052,17.550867,32,sports ball,0.196300,467.116,448.619,514.706,490.205,490.911,469.412,47.590,41.585
identical_balls_trick_000_018.mp4,1052,17.550867,32,sports ball,0.173374,458.327,213.762,506.392,261.985,482.360,237.874,48.065,48.223
identical_balls_trick_000_018.mp4,1053,17.567550,32,sports ball,0.557314,500.727,440.336,547.665,484.299,524.196,462.318,46.938,43.963
identical_balls_trick_000_018.mp4,1053,17.567550,32,sports ball,0.414677,457.041,224.646,505.310,271.975,481.175,248.311,48.268,47.329
identical_balls_trick_000_018.mp4,1054,17.584233,32,sports ball,0.697350,534.079,435.918,583.323,482.213,558.701,459.066,49.244,46.294
identical_balls_trick_000_018.mp4,1054,17.584233,32,sports ball,0.637757,454.697,235.762,503.052,285.120,478.874,260.441,48.355,49.359
identical_balls_trick_000_018.mp4,1054,17.584233,32,sports ball,0.348651,688.848,395.298,734.769,442.329,711.808,418.814,45.921,47.031
identical_balls_trick_000_018.mp4,1055,17.600917,32,sports ball,0.842424,452.451,250.108,501.198,299.247,476.825,274.677,48.747,49.138
identical_balls_trick_000_018.mp4,1055,17.600917,32,sports ball,0.678500,569.309,433.272,617.085,478.442,593.197,455.857,47.776,45.170
identical_balls_trick_000_018.mp4,1055,17.600917,32,sports ball,0.456780,687.984,372.268,732.793,418.446,710.389,395.357,44.809,46.178
identical_balls_trick_000_018.mp4,1056,17.617600,32,sports ball,0.853343,451.469,266.509,499.439,314.688,475.454,290.599,47.969,48.180
identical_balls_trick_000_018.mp4,1056,17.617600,32,sports ball,0.689741,687.109,349.620,731.631,396.324,709.370,372.972,44.522,46.704
identical_balls_trick_000_018.mp4,1056,17.617600,32,sports ball,0.633613,603.659,432.388,650.845,477.488,627.252,454.938,47.186,45.099
identical_balls_trick_000_018.mp4,1057,17.634283,32,sports ball,0.866363,686.554,328.865,731.264,374.528,708.909,351.696,44.710,45.663
identical_balls_trick_000_018.mp4,1057,17.634283,32,sports ball,0.826761,637.685,433.018,684.258,478.129,660.971,455.573,46.573,45.111
identical_balls_trick_000_018.mp4,1057,17.634283,32,sports ball,0.758395,449.225,283.930,497.964,332.770,473.595,308.350,48.739,48.840
identical_balls_trick_000_018.mp4,1057,17.634283,32,sports ball,0.232502,449.403,283.971,497.910,332.952,473.656,308.462,48.508,48.980
identical_balls_trick_000_018.mp4,1058,17.650967,32,sports ball,0.778180,685.533,309.798,730.699,355.037,708.116,332.418,45.165,45.239
identical_balls_trick_000_018.mp4,1058,17.650967,32,sports ball,0.748839,672.909,434.690,716.256,479.889,694.582,457.290,43.347,45.199
identical_balls_trick_000_018.mp4,1058,17.650967,32,sports ball,0.612011,448.486,304.524,496.268,352.420,472.377,328.472,47.782,47.895
identical_balls_trick_000_018.mp4,1058,17.650967,32,sports ball,0.239074,448.429,304.529,496.228,352.362,472.328,328.445,47.799,47.833
identical_balls_trick_000_018.mp4,1059,17.667650,32,sports ball,0.536213,684.495,291.469,730.974,336.830,707.734,314.149,46.478,45.361
identical_balls_trick_000_018.mp4,1059,17.667650,32,sports ball,0.492414,446.695,326.681,493.751,375.030,470.223,350.856,47.057,48.350
identical_balls_trick_000_018.mp4,1060,17.684333,32,sports ball,0.369432,443.944,350.085,492.830,398.859,468.387,374.472,48.887,48.773
identical_balls_trick_000_018.mp4,1060,17.684333,32,sports ball,0.233860,729.339,436.463,776.213,472.709,752.776,454.586,46.874,36.246
identical_balls_trick_000_018.mp4,1061,17.701017,32,sports ball,0.649029,685.325,261.963,730.279,307.088,707.802,284.526,44.953,45.125
identical_balls_trick_000_018.mp4,1062,17.717700,32,sports ball,0.547036,684.953,250.431,730.014,294.865,707.484,272.648,45.061,44.434
identical_balls_trick_000_018.mp4,1062,17.717700,32,sports ball,0.488693,442.149,404.295,490.537,452.839,466.343,428.567,48.388,48.544
identical_balls_trick_000_018.mp4,1063,17.734383,32,sports ball,0.619822,684.132,240.237,730.168,284.644,707.150,262.441,46.036,44.406
identical_balls_trick_000_018.mp4,1064,17.751067,32,sports ball,0.592275,684.336,231.770,729.804,276.082,707.070,253.926,45.468,44.312
identical_balls_trick_000_018.mp4,1064,17.751067,32,sports ball,0.388031,440.662,465.798,487.961,512.510,464.311,489.154,47.298,46.713
identical_balls_trick_000_018.mp4,1064,17.751067,32,sports ball,0.284303,814.635,459.974,853.111,505.587,833.873,482.781,38.476,45.613
identical_balls_trick_000_018.mp4,1065,17.767750,32,sports ball,0.408693,683.763,224.884,729.753,269.612,706.758,247.248,45.990,44.728
identical_balls_trick_000_018.mp4,1065,17.767750,32,sports ball,0.242746,444.513,491.315,493.315,538.781,468.914,515.048,48.802,47.466
identical_balls_trick_000_018.mp4,1066,17.784433,32,sports ball,0.697735,684.114,219.406,730.048,264.425,707.081,241.916,45.935,45.019
identical_balls_trick_000_018.mp4,1066,17.784433,32,sports ball,0.404786,448.912,514.501,497.254,561.931,473.083,538.216,48.342,47.431
identical_balls_trick_000_018.mp4,1067,17.801117,32,sports ball,0.573821,684.094,216.399,729.952,261.476,707.023,238.937,45.859,45.077
identical_balls_trick_000_018.mp4,1068,17.817800,32,sports ball,0.486430,684.179,215.452,729.955,260.454,707.067,237.953,45.776,45.002
identical_balls_trick_000_018.mp4,1068,17.817800,32,sports ball,0.392964,854.318,489.776,901.488,529.122,877.903,509.449,47.171,39.346
identical_balls_trick_000_018.mp4,1068,17.817800,32,sports ball,0.295129,461.931,560.419,509.428,607.243,485.679,583.831,47.497,46.825
identical_balls_trick_000_018.mp4,1069,17.834483,32,sports ball,0.628156,684.716,215.984,729.917,261.114,707.316,238.549,45.201,45.130
identical_balls_trick_000_018.mp4,1069,17.834483,32,sports ball,0.429815,471.443,581.688,518.920,629.473,495.182,605.581,47.477,47.784
identical_balls_trick_000_018.mp4,1069,17.834483,32,sports ball,0.250590,856.422,491.747,903.117,532.720,879.770,512.234,46.695,40.973
identical_balls_trick_000_018.mp4,1070,17.851167,32,sports ball,0.667106,685.179,218.490,730.218,263.668,707.699,241.079,45.039,45.177
identical_balls_trick_000_018.mp4,1070,17.851167,32,sports ball,0.625273,482.799,598.735,529.762,646.291,506.281,622.513,46.962,47.555
identical_balls_trick_000_018.mp4,1070,17.851167,32,sports ball,0.151569,855.864,491.235,902.067,531.426,878.965,511.330,46.202,40.191
identical_balls_trick_000_018.mp4,1071,17.867850,32,sports ball,0.520106,685.199,223.714,730.069,268.314,707.634,246.014,44.870,44.600
identical_balls_trick_000_018.mp4,1071,17.867850,32,sports ball,0.414956,493.392,608.510,538.943,655.026,516.168,631.768,45.552,46.516
identical_balls_trick_000_018.mp4,1071,17.867850,32,sports ball,0.289626,851.165,487.154,897.488,518.715,874.326,502.934,46.323,31.561
identical_balls_trick_000_018.mp4,1072,17.884533,32,sports ball,0.445227,685.431,228.851,730.474,274.226,707.953,251.538,45.043,45.375
identical_balls_trick_000_018.mp4,1072,17.884533,32,sports ball,0.274832,500.833,608.684,547.355,655.308,524.094,631.996,46.522,46.624
identical_balls_trick_000_018.mp4,1072,17.884533,32,sports ball,0.203707,841.821,481.519,887.742,521.703,864.781,501.611,45.922,40.184
identical_balls_trick_000_018.mp4,1073,17.901217,32,sports ball,0.578358,686.674,236.896,730.562,282.282,708.618,259.589,43.888,45.386
identical_balls_trick_000_018.mp4,1073,17.901217,32,sports ball,0.361464,506.097,601.672,552.870,647.846,529.483,624.759,46.773,46.175
identical_balls_trick_000_018.mp4,1073,17.901217,32,sports ball,0.323587,829.963,473.904,875.511,508.534,852.737,491.219,45.549,34.630
identical_balls_trick_000_018.mp4,1074,17.917900,32,sports ball,0.420608,686.735,248.251,730.441,292.264,708.588,270.258,43.706,44.013
identical_balls_trick_000_018.mp4,1074,17.917900,32,sports ball,0.173294,510.231,590.074,555.841,635.667,533.036,612.871,45.609,45.594
identical_balls_trick_000_018.mp4,1074,17.917900,32,sports ball,0.172260,812.716,464.437,858.017,507.076,835.366,485.756,45.301,42.639
identical_balls_trick_000_018.mp4,1075,17.934583,32,sports ball,0.649137,686.822,259.171,730.715,303.839,708.769,281.505,43.892,44.668
identical_balls_trick_000_018.mp4,1075,17.934583,32,sports ball,0.230068,512.237,571.640,559.992,618.833,536.114,595.237,47.755,47.193
identical_balls_trick_000_018.mp4,1075,17.934583,32,sports ball,0.222502,792.567,453.405,834.603,488.766,813.585,471.086,42.036,35.361
identical_balls_trick_000_018.mp4,1076,17.951267,32,sports ball,0.517759,765.598,441.318,808.327,485.469,786.963,463.393,42.730,44.151
identical_balls_trick_000_018.mp4,1076,17.951267,32,sports ball,0.397837,686.917,272.571,731.047,316.718,708.982,294.644,44.129,44.147
identical_balls_trick_000_018.mp4,1076,17.951267,32,sports ball,0.290926,512.165,548.094,560.315,595.241,536.240,571.667,48.150,47.147
identical_balls_trick_000_018.mp4,1077,17.967950,32,sports ball,0.414041,688.396,288.780,731.076,332.436,709.736,310.608,42.680,43.656
identical_balls_trick_000_018.mp4,1077,17.967950,32,sports ball,0.380358,512.620,520.326,559.171,567.533,535.896,543.930,46.552,47.206
identical_balls_trick_000_018.mp4,1077,17.967950,32,sports ball,0.193848,736.879,431.021,779.513,473.725,758.196,452.373,42.634,42.704
identical_balls_trick_000_018.mp4,1078,17.984633,32,sports ball,0.337942,687.900,304.918,731.472,349.381,709.686,327.149,43.573,44.463
