frame,time_seconds,track_id,confidence,center_x,center_y
2,0.033367,3,0.560318,634.745,238.423
2,0.033367,4,0.572353,585.951,307.607
2,0.033367,5,0.729645,534.684,378.839
2,0.033367,1,0.253634,581.805,214.757
2,0.033367,2,0.288411,631.005,470.479
3,0.050050,3,0.599100,636.337,242.983
3,0.050050,4,0.465752,587.080,298.298
3,0.050050,5,0.379132,533.507,391.215
3,0.050050,1,0.347189,580.492,212.647
3,0.050050,2,0.288411,630.391,469.658
4,0.066733,3,0.632106,638.262,248.657
4,0.066733,4,0.279086,588.309,288.055
4,0.066733,5,0.570422,532.241,403.224
4,0.066733,1,0.274710,579.335,211.348
4,0.066733,2,0.288411,629.776,468.837
5,0.083417,3,0.515529,639.990,255.083
5,0.083417,4,0.547079,589.886,278.013
5,0.083417,5,0.590559,530.797,414.851
5,0.083417,1,0.272034,577.608,210.742
5,0.083417,2,0.288411,629.161,468.016
6,0.100100,3,0.199949,642.185,262.470
6,0.100100,4,0.271319,591.195,268.443
6,0.100100,5,0.402830,530.003,425.145
6,0.100100,1,0.216111,575.864,210.407
7,0.116783,3,0.371421,643.903,270.558
7,0.116783,4,0.609487,592.455,259.475
7,0.116783,5,0.352666,530.059,434.197
7,0.116783,1,0.605832,574.147,210.612
8,0.133467,3,0.232054,645.704,278.347
8,0.133467,4,0.567263,594.198,251.026
8,0.133467,5,0.614033,531.265,443.148
8,0.133467,1,0.387281,572.596,211.139
9,0.150150,3,0.514464,648.087,286.735
9,0.150150,4,0.663319,595.647,243.399
9,0.150150,5,0.570753,533.045,452.463
9,0.150150,1,0.372956,570.838,212.566
10,0.166833,3,0.826670,649.969,296.589
10,0.166833,4,0.813465,597.017,236.505
10,0.166833,5,0.603501,535.444,460.212
10,0.166833,1,0.521377,569.078,214.513
10,0.166833,6,0.232898,616.351,379.485
11,0.183517,3,0.709385,651.819,306.533
11,0.183517,4,0.349364,598.359,230.542
11,0.183517,5,0.157841,538.614,468.156
11,0.183517,1,0.635526,567.807,217.138
11,0.183517,6,0.464139,615.164,366.777
12,0.200200,3,0.562245,653.565,316.951
12,0.200200,4,0.363396,599.686,224.831
12,0.200200,5,0.403630,542.341,474.243
12,0.200200,1,0.645306,566.411,219.996
12,0.200200,6,0.464139,614.667,360.185
13,0.216883,3,0.664090,655.161,328.129
13,0.216883,4,0.432124,600.859,219.411
13,0.216883,5,0.283266,546.678,479.744
13,0.216883,1,0.556136,564.670,223.718
13,0.216883,6,0.464139,614.170,353.593
14,0.233567,3,0.772802,656.887,339.452
14,0.233567,4,0.518693,602.026,215.244
14,0.233567,5,0.382448,551.557,484.707
14,0.233567,1,0.526832,563.058,227.481
14,0.233567,6,0.464139,613.673,347.001
15,0.250250,3,0.793015,658.653,351.892
15,0.250250,4,0.465043,603.205,211.726
15,0.250250,5,0.382448,554.820,491.399
15,0.250250,1,0.286319,561.246,232.384
15,0.250250,6,0.464139,613.176,340.409
16,0.266933,3,0.660795,660.462,365.086
16,0.266933,4,0.162422,604.603,208.992
16,0.266933,5,0.170301,559.434,489.445
16,0.266933,1,0.286319,559.615,235.596
16,0.266933,7,0.224881,608.736,304.982
17,0.283617,3,0.843022,662.188,378.266
17,0.283617,4,0.323776,605.828,206.458
17,0.283617,5,0.364480,563.712,484.670
17,0.283617,1,0.228745,558.090,242.289
17,0.283617,7,0.356691,607.324,295.497
18,0.300300,3,0.785511,663.399,390.736
18,0.300300,4,0.696238,607.413,204.613
18,0.300300,5,0.237214,566.573,476.129
18,0.300300,1,0.578115,556.511,249.408
18,0.300300,7,0.500760,605.826,284.816
19,0.316983,3,0.651024,663.983,401.934
19,0.316983,4,0.625675,609.023,203.176
19,0.316983,5,0.348841,569.057,465.687
19,0.316983,1,0.661479,555.222,256.983
19,0.316983,7,0.317759,604.535,274.380
20,0.333667,3,0.652905,664.047,411.793
20,0.333667,4,0.333541,610.216,202.322
20,0.333667,5,0.348841,572.322,462.309
20,0.333667,1,0.498425,553.696,265.025
20,0.333667,7,0.299272,603.513,264.513
21,0.350350,3,0.530624,663.445,420.694
21,0.350350,4,0.340553,611.367,202.038
21,0.350350,5,0.348841,575.587,458.932
21,0.350350,1,0.365730,551.802,273.201
21,0.350350,7,0.454574,602.498,255.672
22,0.367033,3,0.288061,661.871,429.089
22,0.367033,4,0.329902,612.624,202.069
22,0.367033,5,0.348841,578.852,455.554
22,0.367033,1,0.475966,550.280,281.808
22,0.367033,7,0.438455,601.469,247.736
23,0.383717,3,0.288061,661.877,439.132
23,0.383717,4,0.329902,613.916,200.739
23,0.383717,5,0.348841,582.117,452.176
23,0.383717,1,0.261990,548.789,290.853
23,0.383717,7,0.339799,600.356,240.503
23,0.383717,8,0.533376,575.869,405.764
24,0.400400,3,0.288061,661.883,449.175
24,0.400400,4,0.424424,615.236,202.569
24,0.400400,5,0.348841,585.383,448.798
24,0.400400,1,0.353843,547.502,300.408
24,0.400400,7,0.547456,599.188,233.887
24,0.400400,8,0.518114,577.381,392.772
25,0.417083,3,0.288061,661.889,459.219
25,0.417083,4,0.586841,616.950,204.760
25,0.417083,1,0.573483,546.025,310.434
25,0.417083,7,0.607888,597.902,227.661
25,0.417083,8,0.372686,579.936,378.926
26,0.433767,3,0.288061,661.895,469.262
26,0.433767,4,0.701324,618.156,207.684
26,0.433767,1,0.585606,544.504,321.219
26,0.433767,7,0.650862,596.716,222.387
26,0.433767,8,0.815908,581.768,364.575
27,0.450450,3,0.288061,661.901,479.305
27,0.450450,4,0.474938,619.813,210.608
27,0.450450,1,0.603874,542.901,332.910
27,0.450450,7,0.506648,595.476,217.813
27,0.450450,8,0.706165,583.695,350.155
28,0.467133,4,0.501350,621.594,213.985
28,0.467133,1,0.468390,541.396,345.044
28,0.467133,7,0.212478,594.350,213.534
28,0.467133,8,0.469695,585.214,336.692
29,0.483817,4,0.518143,622.774,218.220
29,0.483817,1,0.621068,539.986,357.833
29,0.483817,7,0.507580,593.222,210.116
29,0.483817,8,0.719853,587.081,324.128
30,0.500500,4,0.694430,623.653,222.649
30,0.500500,1,0.706073,538.366,371.316
30,0.500500,7,0.635356,592.059,207.720
30,0.500500,8,0.552686,588.669,312.115
31,0.517183,4,0.654207,624.804,227.300
31,0.517183,1,0.694010,536.423,384.589
31,0.517183,7,0.661953,590.761,205.238
31,0.517183,8,0.676300,590.170,301.334
32,0.533867,4,0.598166,626.095,232.941
32,0.533867,1,0.746457,534.613,398.089
32,0.533867,7,0.429719,589.690,203.362
32,0.533867,8,0.522801,591.686,291.276
33,0.550550,4,0.691089,627.198,238.997
33,0.550550,1,0.655580,533.320,409.869
33,0.550550,7,0.505387,588.676,202.097
33,0.550550,8,0.654047,592.910,282.235
34,0.567233,4,0.668068,628.548,245.621
34,0.567233,1,0.359398,532.483,419.256
34,0.567233,7,0.331504,587.562,201.315
34,0.567233,8,0.388541,594.250,274.097
34,0.567233,9,0.859395,620.510,453.153
35,0.583917,4,0.711104,629.919,253.006
35,0.583917,1,0.740371,532.327,427.291
35,0.583917,7,0.613050,586.572,200.935
35,0.583917,8,0.654001,595.624,266.391
35,0.583917,9,0.836406,618.417,442.177
36,0.600600,4,0.511493,630.939,261.024
36,0.600600,1,0.671744,533.115,434.877
36,0.600600,7,0.217966,585.809,201.072
36,0.600600,8,0.400934,596.854,259.369
36,0.600600,9,0.620501,617.450,428.044
37,0.617283,4,0.568511,631.850,269.433
37,0.617283,1,0.446556,534.816,442.103
37,0.617283,7,0.386237,584.556,201.733
37,0.617283,8,0.672780,598.043,253.268
37,0.617283,9,0.493541,615.031,412.141
38,0.633967,4,0.439724,633.369,277.717
38,0.633967,1,0.620158,537.235,449.901
38,0.633967,7,0.173211,583.242,203.540
38,0.633967,8,0.558264,599.158,247.125
38,0.633967,9,0.493541,613.535,401.507
39,0.650650,4,0.732709,634.665,287.082
39,0.650650,1,0.462154,539.622,457.450
39,0.650650,7,0.381777,581.962,205.128
39,0.650650,8,0.558886,600.091,241.607
39,0.650650,9,0.646689,610.903,383.765
40,0.667333,4,0.776597,635.661,297.559
40,0.667333,1,0.298864,542.494,464.377
40,0.667333,7,0.555831,580.598,207.948
40,0.667333,8,0.740229,601.734,236.261
40,0.667333,9,0.646689,609.082,371.094
41,0.684017,4,0.781891,637.144,307.942
41,0.684017,1,0.324674,545.964,470.738
41,0.684017,7,0.369649,579.302,210.663
41,0.684017,8,0.664414,603.245,231.900
41,0.684017,9,0.646689,607.260,358.424
42,0.700700,4,0.705230,638.852,319.675
42,0.700700,1,0.279084,550.044,475.340
42,0.700700,7,0.582346,578.327,213.626
42,0.700700,8,0.759950,604.633,228.066
42,0.700700,9,0.646689,605.439,345.753
43,0.717383,4,0.797382,640.485,331.001
43,0.717383,1,0.279084,552.660,482.142
43,0.717383,7,0.585734,577.473,217.535
43,0.717383,8,0.701047,606.100,224.614
43,0.717383,9,0.413607,604.074,328.665
44,0.734067,4,0.724478,641.850,343.326
44,0.734067,1,0.496276,557.832,485.241
44,0.734067,7,0.585734,576.386,219.943
44,0.734067,8,0.369296,607.690,221.926
44,0.734067,9,0.267010,602.834,313.894
45,0.750750,4,0.673134,643.325,356.832
45,0.750750,1,0.496276,561.127,491.060
45,0.750750,7,0.207284,575.050,225.483
45,0.750750,8,0.478809,609.198,219.525
45,0.750750,9,0.444565,601.459,301.087
46,0.767433,4,0.460682,644.814,370.688
46,0.767433,1,0.295441,565.591,488.121
46,0.767433,7,0.207284,573.897,228.723
46,0.767433,8,0.341153,610.619,217.560
46,0.767433,9,0.451878,599.691,290.245
47,0.784117,4,0.587039,646.134,384.666
47,0.784117,1,0.194320,569.381,482.675
47,0.784117,7,0.468857,572.622,235.828
47,0.784117,8,0.667067,612.003,216.555
47,0.784117,9,0.531981,598.225,280.393
48,0.800800,4,0.587039,647.551,397.266
48,0.800800,1,0.280472,572.688,473.014
48,0.800800,7,0.544081,570.948,242.997
48,0.800800,8,0.649374,613.034,215.702
48,0.800800,9,0.391615,596.986,271.424
49,0.817483,4,0.587039,648.969,409.866
49,0.817483,1,0.396186,575.561,462.231
49,0.817483,7,0.669372,569.220,250.870
49,0.817483,8,0.722208,614.727,215.108
49,0.817483,9,0.763437,595.631,263.409
50,0.834167,4,0.242566,648.575,419.391
50,0.834167,1,0.544499,577.929,449.101
50,0.834167,7,0.735045,567.897,259.031
50,0.834167,8,0.766741,616.594,215.280
50,0.834167,9,0.745142,594.501,255.841
51,0.850850,4,0.540251,647.584,429.006
51,0.850850,1,0.779849,579.433,434.051
51,0.850850,7,0.719845,566.845,267.560
51,0.850850,8,0.664098,618.258,216.222
51,0.850850,9,0.738839,593.723,248.389
52,0.867533,4,0.532093,645.320,438.862
52,0.867533,1,0.729986,580.943,418.425
52,0.867533,7,0.557934,565.853,276.623
52,0.867533,8,0.605415,619.805,217.603
52,0.867533,9,0.556280,592.633,241.650
53,0.884217,4,0.165570,642.734,448.163
53,0.884217,1,0.666230,582.245,402.594
53,0.884217,7,0.374219,564.356,285.596
53,0.884217,8,0.648119,621.443,219.210
53,0.884217,9,0.437789,591.506,235.408
54,0.900900,4,0.165570,641.835,458.602
54,0.900900,1,0.815106,584.308,386.870
54,0.900900,7,0.289792,562.984,295.240
54,0.900900,8,0.480839,622.523,221.474
54,0.900900,9,0.297191,590.514,230.068
55,0.917583,4,0.436514,638.118,464.855
55,0.917583,1,0.271364,585.469,372.007
55,0.917583,7,0.425202,561.695,305.273
55,0.917583,8,0.668898,623.413,224.336
55,0.917583,9,0.608689,589.526,224.988
56,0.934267,4,0.346603,634.492,470.078
56,0.934267,1,0.779322,586.281,358.490
56,0.934267,7,0.274386,560.569,315.888
56,0.934267,8,0.690194,624.776,227.705
56,0.934267,9,0.548904,588.523,220.737
57,0.950950,4,0.292430,630.869,473.423
57,0.950950,1,0.483147,586.735,345.142
57,0.950950,7,0.267014,559.509,327.017
57,0.950950,8,0.667141,626.133,231.623
57,0.950950,9,0.632787,587.347,216.898
58,0.967633,4,0.279196,628.030,475.861
58,0.967633,1,0.255319,586.929,333.268
58,0.967633,7,0.491926,558.271,339.026
58,0.967633,8,0.687286,627.502,236.059
58,0.967633,9,0.557190,586.264,213.620
59,0.984317,4,0.381111,625.461,476.413
59,0.984317,1,0.610065,588.366,322.004
59,0.984317,7,0.443867,557.241,351.722
59,0.984317,8,0.426692,629.405,241.141
59,0.984317,9,0.394265,585.329,210.619
60,1.001000,4,0.235850,622.409,474.276
60,1.001000,1,0.643955,589.631,311.216
60,1.001000,7,0.640461,555.940,364.719
60,1.001000,8,0.624559,630.708,246.658
60,1.001000,9,0.528232,583.986,208.259
61,1.017683,4,0.350101,620.095,469.606
61,1.017683,1,0.579838,590.908,301.857
61,1.017683,7,0.617094,554.861,377.740
61,1.017683,8,0.519094,631.657,253.166
61,1.017683,9,0.463224,582.432,206.050
62,1.034367,4,0.451103,618.023,461.834
62,1.034367,1,0.555293,591.936,293.377
62,1.034367,7,0.677056,553.509,391.383
62,1.034367,8,0.548226,633.277,259.826
62,1.034367,9,0.632155,581.237,204.559
63,1.051050,4,0.327558,616.483,450.220
63,1.051050,1,0.594688,592.805,285.326
63,1.051050,7,0.677056,552.291,403.760
63,1.051050,8,0.677771,634.703,267.121
63,1.051050,9,0.619249,580.215,203.711
64,1.067733,4,0.327558,614.257,446.000
64,1.067733,1,0.662278,594.118,277.654
64,1.067733,7,0.351349,551.811,415.653
64,1.067733,8,0.661144,636.067,274.852
64,1.067733,9,0.563375,579.179,203.321
65,1.084417,4,0.327558,612.030,441.781
65,1.084417,1,0.758229,595.086,270.846
65,1.084417,7,0.682959,550.837,425.347
65,1.084417,8,0.733283,637.734,283.221
65,1.084417,9,0.653305,578.298,203.224
66,1.101100,4,0.327558,609.803,437.562
66,1.101100,1,0.773751,596.200,264.242
66,1.101100,7,0.604399,550.138,433.846
66,1.101100,8,0.677030,639.140,291.877
66,1.101100,9,0.745087,577.224,203.831
67,1.117783,4,0.327558,607.577,433.342
67,1.117783,1,0.836404,597.456,257.930
67,1.117783,7,0.715311,550.043,441.119
67,1.117783,8,0.823695,640.515,301.624
67,1.117783,9,0.812701,575.772,204.777
67,1.117783,10,0.745104,611.843,389.110
68,1.134467,4,0.327558,605.350,429.123
68,1.134467,1,0.231037,598.556,252.280
68,1.134467,7,0.613743,550.277,448.575
68,1.134467,8,0.401508,642.061,311.533
68,1.134467,9,0.285844,574.526,205.994
68,1.134467,10,0.431107,610.997,377.203
69,1.151150,1,0.430194,599.505,246.980
69,1.151150,7,0.613743,549.820,457.776
69,1.151150,8,0.247045,643.537,322.236
69,1.151150,9,0.365744,573.263,208.298
69,1.151150,10,0.431107,610.406,370.819
70,1.167833,1,0.430194,600.586,240.351
70,1.167833,7,0.613743,549.363,466.977
70,1.167833,8,0.522383,644.644,333.557
70,1.167833,9,0.312851,571.825,210.506
70,1.167833,10,0.431107,609.814,364.435
71,1.184517,1,0.533135,601.624,236.929
71,1.184517,7,0.159304,551.985,471.453
71,1.184517,8,0.691032,645.647,345.166
71,1.184517,9,0.649354,570.602,213.442
71,1.184517,10,0.431107,609.222,358.051
72,1.201200,1,0.744693,602.563,233.868
72,1.201200,7,0.516056,554.628,475.401
72,1.201200,8,0.821931,647.310,357.440
72,1.201200,9,0.696812,569.536,217.160
72,1.201200,10,0.431107,608.631,351.668
73,1.217883,1,0.575009,603.601,231.581
73,1.217883,7,0.516056,555.595,482.286
73,1.217883,8,0.712327,648.780,370.484
73,1.217883,9,0.317510,568.183,220.932
74,1.234567,1,0.379877,604.551,229.536
74,1.234567,7,0.516056,556.561,489.172
74,1.234567,8,0.572942,650.217,383.400
74,1.234567,9,0.614692,566.826,226.044
74,1.234567,11,0.458343,604.686,308.648
75,1.251250,1,0.430203,605.489,227.330
75,1.251250,7,0.516056,557.527,496.058
75,1.251250,8,0.449055,651.441,394.446
75,1.251250,9,0.429009,565.563,231.648
75,1.251250,11,0.524098,603.682,300.582
76,1.267933,1,0.570367,606.236,226.031
76,1.267933,7,0.516056,558.493,502.943
76,1.267933,8,0.345794,652.029,405.679
76,1.267933,9,0.382372,564.215,237.469
76,1.267933,11,0.491417,602.430,291.218
77,1.284617,1,0.727843,607.919,225.324
77,1.284617,7,0.516056,559.459,509.829
77,1.284617,8,0.157070,652.376,414.189
77,1.284617,9,0.568261,562.776,243.926
77,1.284617,11,0.562596,601.146,281.906
78,1.301300,1,0.718221,609.009,225.036
78,1.301300,8,0.157070,653.317,424.883
78,1.301300,9,0.572654,561.441,250.736
78,1.301300,11,0.526259,600.098,272.935
79,1.317983,1,0.523614,609.862,225.193
79,1.317983,8,0.546162,652.142,432.901
79,1.317983,9,0.283375,560.225,258.355
79,1.317983,11,0.406964,599.169,265.046
80,1.334667,1,0.365423,610.958,225.624
80,1.334667,8,0.546162,652.522,442.886
80,1.334667,9,0.283375,558.924,264.369
80,1.334667,11,0.302284,598.346,257.574
81,1.351350,1,0.187552,612.002,226.456
81,1.351350,8,0.546162,652.901,452.870
81,1.351350,9,0.258237,557.457,273.546
81,1.351350,11,0.314126,597.313,250.816
82,1.368033,1,0.295942,613.018,228.101
82,1.368033,8,0.546162,653.281,462.855
82,1.368033,9,0.527479,556.064,283.012
82,1.368033,11,0.351202,596.262,244.965
83,1.384717,1,0.304672,613.905,230.529
83,1.384717,8,0.177722,647.151,467.988
83,1.384717,9,0.762848,554.876,293.206
83,1.384717,11,0.453872,595.307,239.785
83,1.384717,12,0.613202,580.625,390.468
84,1.401400,1,0.304672,614.909,231.303
84,1.401400,8,0.215047,641.252,472.540
84,1.401400,9,0.704336,553.633,303.790
84,1.401400,11,0.453872,594.343,233.282
84,1.401400,12,0.165818,581.904,380.447
85,1.418083,1,0.585437,616.438,234.974
85,1.418083,8,0.182721,636.462,475.642
85,1.418083,9,0.441357,552.143,314.770
85,1.418083,11,0.232133,593.671,229.967
85,1.418083,12,0.730617,583.896,366.305
86,1.434767,1,0.223394,617.621,239.453
86,1.434767,8,0.182721,633.314,482.046
86,1.434767,9,0.307899,550.637,326.083
86,1.434767,11,0.224140,592.423,227.583
86,1.434767,12,0.384731,585.816,351.950
87,1.451450,1,0.704160,618.553,244.016
87,1.451450,8,0.216265,629.079,480.604
87,1.451450,9,0.374105,548.899,337.900
87,1.451450,11,0.564695,591.279,225.666
87,1.451450,12,0.600290,587.567,338.470
88,1.468133,1,0.712413,619.689,248.979
88,1.468133,8,0.152839,625.933,478.001
88,1.468133,9,0.698566,547.435,350.075
88,1.468133,11,0.399417,590.422,223.921
88,1.468133,12,0.648943,589.952,325.998
89,1.484817,1,0.415943,620.737,254.679
89,1.484817,8,0.151464,622.752,474.619
89,1.484817,9,0.496949,545.947,363.196
89,1.484817,11,0.203445,589.317,222.723
89,1.484817,12,0.278741,592.578,314.401
90,1.501500,1,0.430343,621.915,260.953
90,1.501500,8,0.433677,619.950,467.798
90,1.501500,9,0.771896,544.288,377.030
90,1.501500,11,0.244214,588.227,221.989
90,1.501500,12,0.461696,594.758,303.567
91,1.518183,1,0.681235,622.757,267.645
91,1.518183,8,0.469803,617.629,458.741
91,1.518183,9,0.636371,542.514,391.062
91,1.518183,11,0.623255,587.316,221.917
91,1.518183,12,0.716671,596.567,293.572
92,1.534867,1,0.528149,623.559,274.981
92,1.534867,8,0.517768,615.372,446.625
92,1.534867,9,0.483860,540.636,404.579
92,1.534867,11,0.445619,586.406,222.220
92,1.534867,12,0.558654,598.676,284.354
93,1.551550,1,0.772235,624.738,282.322
93,1.551550,8,0.727927,613.653,431.447
93,1.551550,9,0.559314,539.707,416.780
93,1.551550,11,0.605644,585.330,222.773
93,1.551550,12,0.696824,600.090,275.893
94,1.568233,1,0.359087,625.986,290.368
94,1.568233,8,0.666736,612.053,414.823
94,1.568233,9,0.364021,539.599,429.040
94,1.568233,11,0.269255,584.238,223.751
94,1.568233,12,0.331264,602.206,268.455
95,1.584917,1,0.392881,627.065,299.094
95,1.584917,8,0.441477,611.082,398.254
95,1.584917,9,0.527698,540.161,439.442
95,1.584917,11,0.311363,583.411,225.368
95,1.584917,12,0.506385,604.064,262.170
96,1.601600,1,0.377168,628.130,308.022
96,1.601600,8,0.175762,610.181,382.334
96,1.601600,9,0.472744,541.684,448.142
96,1.601600,11,0.268043,582.205,227.465
96,1.601600,12,0.389758,605.934,256.037
97,1.618283,1,0.329944,629.128,318.101
97,1.618283,8,0.175762,608.537,369.273
97,1.618283,9,0.217853,544.333,456.804
97,1.618283,11,0.280013,580.996,230.524
97,1.618283,12,0.363311,608.137,250.470
98,1.634967,1,0.725703,629.959,328.969
98,1.634967,8,0.175762,606.893,356.212
98,1.634967,9,0.217853,544.973,467.273
98,1.634967,11,0.233810,579.724,233.922
98,1.634967,12,0.506225,609.785,245.176
99,1.651650,1,0.594689,630.889,340.038
99,1.651650,8,0.175762,605.249,343.151
99,1.651650,9,0.217853,545.613,477.741
99,1.651650,11,0.233810,578.592,235.815
99,1.651650,12,0.208083,611.760,240.382
100,1.668333,1,0.687382,631.818,352.078
100,1.668333,8,0.279365,604.120,328.439
100,1.668333,9,0.217853,546.253,488.209
100,1.668333,11,0.233810,577.459,237.708
100,1.668333,12,0.366889,613.329,236.592
101,1.685017,1,0.296728,632.781,364.501
101,1.685017,8,0.250477,603.161,314.772
101,1.685017,9,0.217853,546.893,498.677
101,1.685017,11,0.175543,576.486,243.268
101,1.685017,12,0.499486,615.139,233.298
102,1.701700,1,0.691344,633.626,376.771
102,1.701700,8,0.638428,602.091,302.969
102,1.701700,9,0.217853,547.534,509.146
102,1.701700,11,0.400183,575.302,249.330
102,1.701700,12,0.569300,617.022,231.031
103,1.718383,1,0.691344,634.560,387.956
103,1.718383,8,0.167930,600.919,292.169
103,1.718383,11,0.400183,574.188,253.044
103,1.718383,12,0.160023,618.750,228.998
104,1.735067,1,0.691344,635.493,399.142
104,1.735067,8,0.498987,600.033,281.837
104,1.735067,11,0.271463,572.870,261.254
104,1.735067,12,0.472672,620.463,227.238
105,1.751750,1,0.691344,636.427,410.327
105,1.751750,8,0.183345,598.787,272.616
105,1.751750,11,0.528006,571.476,269.922
105,1.751750,12,0.484619,622.033,225.783
106,1.768433,1,0.691344,637.361,421.512
106,1.768433,8,0.528985,597.426,264.254
106,1.768433,11,0.435908,570.168,278.663
106,1.768433,12,0.225818,623.480,224.452
107,1.785117,1,0.691344,638.294,432.697
107,1.785117,8,0.496552,596.210,256.512
107,1.785117,11,0.200789,568.949,287.267
107,1.785117,12,0.338118,625.127,223.754
108,1.801800,8,0.462659,595.267,249.641
108,1.801800,11,0.200789,567.708,294.441
108,1.801800,12,0.466431,626.797,223.905
109,1.818483,8,0.495994,594.245,243.113
109,1.818483,11,0.397319,566.334,304.310
109,1.818483,12,0.440371,628.745,224.402
110,1.835167,8,0.605889,592.961,236.901
110,1.835167,11,0.628587,565.093,314.569
110,1.835167,12,0.828879,630.290,225.566
111,1.851850,8,0.724831,591.551,231.723
111,1.851850,11,0.680477,564.048,325.011
111,1.851850,12,0.807936,631.552,227.055
112,1.868533,8,0.480039,590.450,226.651
112,1.868533,11,0.697909,563.017,336.375
112,1.868533,12,0.408847,633.074,229.012
113,1.885217,8,0.532269,589.029,222.418
113,1.885217,11,0.463631,562.097,347.834
113,1.885217,12,0.636861,634.946,231.727
114,1.901900,8,0.680261,587.628,218.601
114,1.901900,11,0.586856,561.151,359.958
114,1.901900,12,0.630393,636.954,234.926
114,1.901900,13,0.300418,634.850,471.575
115,1.918583,8,0.677848,586.582,215.222
115,1.918583,11,0.761643,560.039,371.948
115,1.918583,12,0.643495,639.021,238.906
115,1.918583,13,0.287040,633.386,472.996
116,1.935267,8,0.319059,585.369,212.510
116,1.935267,11,0.672836,559.299,384.393
116,1.935267,12,0.358389,640.844,243.079
116,1.935267,13,0.305853,631.541,471.168
117,1.951950,8,0.663439,583.878,210.196
117,1.951950,11,0.579993,558.219,397.207
117,1.951950,12,0.697212,642.991,247.819
117,1.951950,13,0.301180,629.869,466.634
117,1.951950,14,0.662260,601.226,310.689
118,1.968633,8,0.529694,582.278,208.478
118,1.968633,11,0.564795,557.864,409.087
118,1.968633,12,0.437569,644.392,252.881
118,1.968633,13,0.301180,628.506,465.819
118,1.968633,14,0.171055,602.876,301.770
119,1.985317,8,0.498348,580.943,206.984
119,1.985317,11,0.407556,557.679,419.762
119,1.985317,12,0.578217,645.779,258.331
119,1.985317,13,0.301180,627.143,465.004
119,1.985317,14,0.641702,604.231,291.683
120,2.002000,8,0.557395,579.450,206.158
120,2.002000,11,0.250321,557.389,428.765
120,2.002000,12,0.268426,647.679,264.249
120,2.002000,13,0.301180,625.780,464.189
120,2.002000,14,0.421960,605.996,281.720
121,2.018683,8,0.647891,577.890,205.758
121,2.018683,11,0.481967,557.016,436.806
121,2.018683,12,0.668455,649.474,271.272
121,2.018683,13,0.301180,624.416,463.375
121,2.018683,14,0.463801,607.957,272.200
121,2.018683,15,0.284926,622.911,419.352
122,2.035367,8,0.342236,576.502,205.942
122,2.035367,11,0.481967,556.503,446.901
122,2.035367,12,0.453478,651.221,279.012
122,2.035367,13,0.301180,623.053,462.560
122,2.035367,14,0.372465,609.670,264.120
122,2.035367,15,0.342726,622.181,406.207
123,2.052050,8,0.422521,575.040,206.538
123,2.052050,11,0.437248,556.296,455.131
123,2.052050,12,0.512152,653.028,287.023
123,2.052050,14,0.301005,611.311,256.751
123,2.052050,15,0.313971,620.365,390.885
124,2.068733,8,0.162704,573.683,208.113
124,2.068733,11,0.587529,557.216,462.160
124,2.068733,12,0.198653,654.633,295.658
124,2.068733,14,0.236589,612.991,250.077
124,2.068733,15,0.185984,618.768,374.886
125,2.085417,8,0.162704,572.267,207.978
125,2.085417,11,0.444156,558.398,469.327
125,2.085417,12,0.241183,656.419,304.478
125,2.085417,14,0.286108,614.222,244.178
125,2.085417,15,0.661274,617.512,360.308
126,2.102100,8,0.249519,570.714,210.960
126,2.102100,11,0.408896,559.988,474.601
126,2.102100,12,0.334267,658.226,313.965
126,2.102100,14,0.687001,615.397,239.012
126,2.102100,15,0.396757,615.637,346.298
127,2.118783,8,0.652451,569.186,214.231
127,2.118783,11,0.161720,562.788,480.302
127,2.118783,12,0.707455,660.106,323.956
127,2.118783,14,0.759526,617.161,234.568
127,2.118783,15,0.319383,614.549,333.618
128,2.135467,8,0.600468,567.756,218.168
128,2.135467,11,0.173621,565.019,484.355
128,2.135467,12,0.665889,661.895,334.720
128,2.135467,14,0.671493,618.592,230.599
128,2.135467,15,0.573871,612.978,321.015
129,2.152150,8,0.441130,566.136,222.462
129,2.152150,11,0.198233,566.978,486.350
129,2.152150,12,0.741244,663.619,346.271
129,2.152150,14,0.587004,619.947,227.081
129,2.152150,15,0.185319,611.328,308.842
130,2.168833,8,0.277911,564.746,226.868
130,2.168833,11,0.362647,568.901,486.068
130,2.168833,12,0.717737,665.655,357.695
130,2.168833,14,0.562491,621.428,224.316
130,2.168833,15,0.504239,609.933,298.128
131,2.185517,8,0.350324,563.222,232.416
131,2.185517,11,0.253242,571.142,482.692
131,2.185517,12,0.648895,667.308,370.151
131,2.185517,14,0.534679,622.430,222.180
131,2.185517,15,0.790640,608.606,288.252
132,2.202200,8,0.422773,561.603,237.970
132,2.202200,11,0.253242,572.974,484.522
132,2.202200,12,0.729797,668.264,381.189
132,2.202200,14,0.712496,623.063,220.844
132,2.202200,15,0.835525,607.117,279.107
133,2.218883,8,0.547542,560.018,244.095
133,2.218883,11,0.253242,574.807,486.352
133,2.218883,12,0.622866,668.802,391.292
133,2.218883,14,0.606936,624.349,219.756
133,2.218883,15,0.779200,605.640,270.803
134,2.235567,8,0.604805,558.781,250.902
134,2.235567,11,0.253242,576.639,488.182
134,2.235567,12,0.570195,668.901,400.260
134,2.235567,14,0.550342,625.689,219.153
134,2.235567,15,0.696875,604.282,263.226
135,2.252250,8,0.832616,557.325,258.127
135,2.252250,11,0.253242,578.471,490.011
135,2.252250,12,0.766332,668.632,409.080
135,2.252250,14,0.704072,626.859,219.108
135,2.252250,15,0.799691,602.887,255.863
135,2.252250,16,0.733440,579.971,433.424
136,2.268933,8,0.742555,556.009,266.107
136,2.268933,11,0.253242,580.304,491.841
136,2.268933,12,0.688876,667.969,417.621
136,2.268933,14,0.555775,628.251,219.303
136,2.268933,15,0.513927,601.688,249.084
136,2.268933,16,0.622575,582.305,419.627
137,2.285617,8,0.596511,554.791,274.683
137,2.285617,12,0.653563,666.255,426.754
137,2.285617,14,0.537666,629.703,220.481
137,2.285617,15,0.326890,599.808,242.416
137,2.285617,16,0.690451,584.209,403.588
138,2.302300,8,0.594595,553.417,283.799
138,2.302300,12,0.321548,663.797,435.228
138,2.302300,14,0.609687,630.731,222.035
138,2.302300,15,0.556404,598.597,236.814
138,2.302300,16,0.690451,585.701,393.524
139,2.318983,8,0.472129,551.760,293.883
139,2.318983,12,0.165193,659.708,444.283
139,2.318983,14,0.514652,631.681,223.791
139,2.318983,15,0.372802,597.504,231.668
139,2.318983,16,0.295643,587.349,375.870
140,2.335667,8,0.608596,550.016,304.103
140,2.335667,12,0.165193,658.016,453.413
140,2.335667,14,0.592849,633.074,226.266
140,2.335667,15,0.613423,595.772,226.900
140,2.335667,16,0.295643,588.890,363.462
141,2.352350,8,0.591621,548.153,315.085
141,2.352350,12,0.245374,652.252,461.278
141,2.352350,14,0.669848,634.249,228.646
141,2.352350,15,0.665814,594.339,222.908
141,2.352350,16,0.295643,590.430,351.054
142,2.369033,8,0.429514,546.586,326.284
142,2.369033,12,0.447206,646.956,468.489
142,2.369033,14,0.630885,635.546,231.826
142,2.369033,15,0.684113,592.950,219.364
142,2.369033,16,0.427108,593.821,335.177
143,2.385717,8,0.332136,545.264,338.484
143,2.385717,12,0.325924,642.091,473.910
143,2.385717,14,0.675811,636.972,235.507
143,2.385717,15,0.754565,591.426,216.364
143,2.385717,16,0.427108,595.891,321.775
144,2.402400,8,0.643336,543.866,351.428
144,2.402400,12,0.204082,637.788,476.404
144,2.402400,14,0.408300,639.112,240.104
144,2.402400,15,0.423931,590.239,213.600
144,2.402400,16,0.399834,598.575,308.666
145,2.419083,8,0.818307,542.382,364.744
145,2.419083,12,0.204082,633.840,482.642
145,2.419083,14,0.491818,641.001,245.351
145,2.419083,15,0.456063,589.129,211.886
145,2.419083,16,0.708402,601.166,297.341
146,2.435767,8,0.858857,541.070,378.121
146,2.435767,12,0.204082,629.892,488.879
146,2.435767,14,0.522502,642.223,250.946
146,2.435767,15,0.583536,588.088,210.225
146,2.435767,16,0.575998,603.561,286.641
147,2.452450,8,0.162428,539.662,391.115
147,2.452450,12,0.204082,625.944,495.117
147,2.452450,14,0.740427,643.699,257.094
147,2.452450,15,0.821321,587.066,209.151
147,2.452450,16,0.698761,605.484,276.968
148,2.469133,8,0.377593,538.542,403.866
148,2.469133,12,0.204082,621.996,501.355
148,2.469133,14,0.663620,644.875,263.499
148,2.469133,15,0.772792,586.109,208.715
148,2.469133,16,0.708467,607.352,268.039
149,2.485817,8,0.635148,537.642,414.545
149,2.485817,12,0.204082,618.048,507.592
149,2.485817,14,0.720075,645.914,270.851
149,2.485817,15,0.528962,585.005,208.827
149,2.485817,16,0.688523,609.190,260.772
149,2.485817,17,0.605737,626.460,428.865
150,2.502500,8,0.491858,537.314,423.387
150,2.502500,14,0.561776,647.430,278.575
150,2.502500,15,0.306389,583.515,209.352
150,2.502500,16,0.321228,610.617,253.880
150,2.502500,17,0.739373,624.616,416.189
151,2.519183,8,0.681647,538.089,432.767
151,2.519183,14,0.578224,649.109,287.070
151,2.519183,15,0.282734,582.341,210.285
151,2.519183,16,0.537831,612.627,247.415
151,2.519183,17,0.817109,622.693,400.730
152,2.535867,8,0.681647,537.566,443.454
152,2.535867,14,0.536219,650.494,295.711
152,2.535867,15,0.282734,581.136,209.888
152,2.535867,16,0.422316,614.238,241.492
152,2.535867,17,0.817109,621.428,391.099
153,2.552550,8,0.681647,537.044,454.141
153,2.552550,14,0.627261,651.653,305.158
153,2.552550,15,0.250667,579.428,213.034
153,2.552550,16,0.408838,616.427,235.410
153,2.552550,17,0.162596,619.203,372.424
154,2.569233,8,0.237241,542.093,457.894
154,2.569233,14,0.283688,653.136,315.382
154,2.569233,15,0.605403,578.034,216.663
154,2.569233,16,0.713091,618.315,230.379
154,2.569233,17,0.407115,617.459,355.295
155,2.585917,8,0.237241,543.049,466.741
155,2.585917,14,0.716275,654.227,325.937
155,2.585917,15,0.620561,576.741,220.635
155,2.585917,16,0.799872,620.080,225.832
155,2.585917,17,0.407115,615.846,341.523
156,2.602600,8,0.237241,544.006,475.588
156,2.602600,14,0.718853,655.459,336.996
156,2.602600,15,0.558068,575.448,224.904
156,2.602600,16,0.597146,621.844,221.866
156,2.602600,17,0.500879,613.658,327.126
157,2.619283,8,0.268556,551.048,478.451
157,2.619283,14,0.745047,656.943,348.312
157,2.619283,15,0.179499,573.980,229.858
157,2.619283,16,0.622709,623.288,218.508
157,2.619283,17,0.592215,611.331,314.457
158,2.635967,8,0.346684,556.639,480.257
158,2.635967,14,0.738329,658.298,359.660
158,2.635967,15,0.457392,572.834,234.808
158,2.635967,16,0.569611,624.872,215.234
158,2.635967,17,0.677923,609.362,302.983
159,2.652650,8,0.273063,561.764,480.535
159,2.652650,14,0.581646,659.370,371.929
159,2.652650,15,0.225869,571.372,240.420
159,2.652650,16,0.467133,626.358,212.763
159,2.652650,17,0.635124,607.752,292.347
160,2.669333,8,0.301579,565.774,478.336
160,2.669333,14,0.605050,660.585,382.371
160,2.669333,15,0.385260,569.746,246.441
160,2.669333,16,0.368246,628.051,210.676
160,2.669333,17,0.285052,605.845,282.390
161,2.686017,8,0.301579,569.657,480.943
161,2.686017,14,0.580295,661.410,391.431
161,2.686017,15,0.163049,568.214,252.991
161,2.686017,16,0.422040,629.700,209.200
161,2.686017,17,0.365450,604.194,273.169
162,2.702700,8,0.301579,573.541,483.549
162,2.702700,14,0.733067,662.175,398.898
162,2.702700,15,0.624995,566.607,260.219
162,2.702700,16,0.513753,630.899,208.411
162,2.702700,17,0.542601,602.731,264.610
163,2.719383,8,0.301579,577.424,486.156
163,2.719383,14,0.720075,662.298,407.055
163,2.719383,15,0.802727,565.411,267.758
163,2.719383,16,0.717328,632.766,208.278
163,2.719383,17,0.754231,600.875,256.578
164,2.736067,8,0.301579,581.307,488.763
164,2.736067,14,0.520448,661.664,414.325
164,2.736067,15,0.647249,564.001,276.164
164,2.736067,16,0.752378,634.592,208.471
164,2.736067,17,0.746287,599.119,249.581
164,2.736067,18,0.734531,576.942,433.891
165,2.752750,8,0.301579,585.191,491.370
165,2.752750,14,0.356092,660.325,422.272
165,2.752750,15,0.412213,562.567,284.668
165,2.752750,16,0.612221,636.086,208.956
165,2.752750,17,0.699968,597.649,242.745
165,2.752750,18,0.558018,579.324,420.390
166,2.769433,14,0.562027,658.555,431.325
166,2.769433,15,0.225997,561.020,294.206
166,2.769433,16,0.536511,637.849,209.942
166,2.769433,17,0.648129,595.929,236.228
166,2.769433,18,0.549209,582.128,404.568
167,2.786117,14,0.198679,655.824,441.119
167,2.786117,15,0.469326,559.514,304.128
167,2.786117,16,0.408913,639.484,211.716
167,2.786117,17,0.639575,594.676,230.763
167,2.786117,18,0.777034,584.451,388.479
168,2.802800,14,0.198679,654.728,450.061
168,2.802800,15,0.373560,558.139,314.763
168,2.802800,16,0.498700,641.310,213.742
168,2.802800,17,0.614692,593.119,225.227
168,2.802800,18,0.388401,585.899,373.973
169,2.819483,14,0.198679,653.632,459.004
169,2.819483,15,0.478275,556.704,325.823
169,2.819483,16,0.614450,643.271,216.353
169,2.819483,17,0.493287,591.401,220.324
169,2.819483,18,0.366062,587.897,359.972
170,2.836167,14,0.263175,649.002,467.164
170,2.836167,15,0.427566,555.441,337.770
170,2.836167,16,0.352939,644.774,219.446
170,2.836167,17,0.479860,590.006,216.116
170,2.836167,18,0.185572,589.015,345.889
171,2.852850,14,0.205754,644.467,473.325
171,2.852850,15,0.645911,554.172,350.139
171,2.852850,16,0.187329,646.525,223.138
171,2.852850,17,0.305269,588.404,212.494
171,2.852850,18,0.185572,590.683,332.646
172,2.869533,14,0.156100,640.145,475.758
172,2.869533,15,0.603308,552.451,362.785
172,2.869533,16,0.399959,648.455,227.642
172,2.869533,17,0.501301,586.915,209.240
172,2.869533,18,0.592344,592.517,320.627
173,2.886217,14,0.156100,637.016,482.319
173,2.886217,15,0.529044,550.757,375.723
173,2.886217,16,0.245721,650.453,232.624
173,2.886217,17,0.213498,585.519,206.493
173,2.886217,18,0.366931,594.641,309.077
174,2.902900,14,0.156100,633.888,488.880
174,2.902900,15,0.597002,549.119,389.625
174,2.902900,16,0.492805,652.591,238.370
174,2.902900,17,0.568771,583.267,204.360
174,2.902900,18,0.591650,596.314,298.709
175,2.919583,14,0.156100,630.759,495.441
175,2.919583,15,0.736969,547.558,402.069
175,2.919583,16,0.510450,654.403,244.322
175,2.919583,17,0.507961,581.579,203.010
175,2.919583,18,0.657158,597.879,289.308
176,2.936267,14,0.156100,627.631,502.001
176,2.936267,15,0.725313,546.000,412.907
176,2.936267,16,0.545265,656.358,250.791
176,2.936267,17,0.353470,579.816,201.903
176,2.936267,18,0.481475,599.496,280.514
176,2.936267,19,0.728580,629.644,444.774
177,2.952950,14,0.156100,624.502,508.562
177,2.952950,15,0.275039,544.689,424.765
177,2.952950,16,0.417553,658.063,258.041
177,2.952950,17,0.276105,578.176,200.965
177,2.952950,18,0.434703,601.005,272.428
177,2.952950,19,0.823702,628.345,433.319
178,2.969633,15,0.641875,544.153,434.956
178,2.969633,16,0.486338,659.933,265.718
178,2.969633,17,0.534703,576.826,200.978
178,2.969633,18,0.649611,602.541,265.188
178,2.969633,19,0.290086,626.732,420.444
179,2.986317,15,0.557187,543.803,442.562
179,2.986317,16,0.582458,661.730,273.846
179,2.986317,17,0.776026,575.137,201.841
179,2.986317,18,0.598189,604.213,258.358
179,2.986317,19,0.655510,624.597,403.338
180,3.003000,15,0.424858,544.105,450.038
180,3.003000,16,0.413584,663.087,282.575
180,3.003000,17,0.500641,573.665,203.089
180,3.003000,18,0.413502,605.348,252.097
180,3.003000,19,0.807330,622.791,386.115
181,3.019683,15,0.326832,545.231,457.503
181,3.019683,16,0.437782,664.765,291.714
181,3.019683,17,0.761229,571.748,204.613
181,3.019683,18,0.496764,606.501,246.093
181,3.019683,19,0.557616,621.543,370.337
182,3.036367,15,0.326832,545.049,466.573
182,3.036367,16,0.299782,666.728,301.529
182,3.036367,17,0.443430,569.826,206.878
182,3.036367,18,0.426779,608.267,241.245
182,3.036367,19,0.668340,620.481,355.426
183,3.053050,15,0.233873,548.150,473.639
183,3.053050,16,0.299782,668.500,309.820
183,3.053050,17,0.189176,568.166,209.405
183,3.053050,18,0.210238,609.665,236.401
183,3.053050,19,0.535718,618.953,342.164
184,3.069733,15,0.171723,551.648,477.887
184,3.069733,16,0.682854,670.404,321.409
184,3.069733,17,0.457805,566.437,212.619
184,3.069733,18,0.395216,610.751,232.416
184,3.069733,19,0.559156,617.479,328.149
185,3.086417,15,0.177469,555.194,483.245
185,3.086417,16,0.756251,672.095,333.446
185,3.086417,17,0.610051,564.489,216.264
185,3.086417,18,0.718604,612.411,228.546
185,3.086417,19,0.798435,616.452,316.106
186,3.103100,15,0.177469,557.189,490.102
186,3.103100,16,0.694191,673.831,345.909
186,3.103100,17,0.202020,562.623,220.298
186,3.103100,18,0.394132,613.565,225.195
186,3.103100,19,0.565484,615.364,305.111
187,3.119783,15,0.177469,559.184,496.960
187,3.119783,16,0.163805,675.444,358.733
187,3.119783,17,0.278750,560.921,224.728
187,3.119783,18,0.491222,614.989,222.347
187,3.119783,19,0.349530,614.020,294.595
188,3.136467,15,0.177469,561.179,503.817
188,3.136467,16,0.729650,677.044,372.275
188,3.136467,17,0.541691,559.210,230.588
188,3.136467,18,0.390653,616.420,220.018
188,3.136467,19,0.521722,612.675,284.692
189,3.153150,15,0.177469,563.173,510.675
189,3.153150,16,0.680335,678.868,384.249
189,3.153150,17,0.595460,557.553,236.156
189,3.153150,18,0.740326,618.080,218.213
189,3.153150,19,0.624812,611.485,275.365
190,3.169833,15,0.177469,565.168,517.533
190,3.169833,16,0.492641,679.966,395.220
190,3.169833,17,0.490333,555.858,242.426
190,3.169833,18,0.769855,619.717,217.114
190,3.169833,19,0.664986,610.454,266.689
190,3.169833,20,0.226117,569.458,465.003
191,3.186517,16,0.196456,681.074,405.730
191,3.186517,17,0.725030,554.492,249.457
191,3.186517,18,0.680626,621.374,216.474
191,3.186517,19,0.639382,609.465,258.503
191,3.186517,20,0.226117,570.011,462.455
192,3.203200,16,0.598811,680.747,414.450
192,3.203200,17,0.572138,552.624,256.876
192,3.203200,18,0.549312,622.682,216.385
192,3.203200,19,0.482790,608.661,250.965
192,3.203200,20,0.226117,570.565,459.907
193,3.219883,16,0.575882,679.010,423.152
193,3.219883,17,0.673797,550.538,265.141
193,3.219883,18,0.618088,623.984,216.990
193,3.219883,19,0.596230,607.427,243.964
193,3.219883,20,0.226117,571.119,457.359
194,3.236567,16,0.429361,676.504,431.088
194,3.236567,17,0.595860,548.303,273.978
194,3.236567,18,0.428080,625.748,218.109
194,3.236567,19,0.440946,606.230,237.562
194,3.236567,21,0.720626,578.454,413.287
195,3.253250,16,0.239849,671.834,440.175
195,3.253250,17,0.527570,546.440,283.063
195,3.253250,18,0.400086,626.874,219.309
195,3.253250,19,0.312546,604.852,231.616
195,3.253250,21,0.721594,580.023,399.551
196,3.269933,16,0.239849,670.242,449.596
196,3.269933,17,0.557399,544.414,293.386
196,3.269933,18,0.457248,628.072,221.435
196,3.269933,19,0.403497,603.604,226.616
196,3.269933,21,0.430343,582.040,384.204
197,3.286617,16,0.239849,668.650,459.017
197,3.286617,17,0.358617,542.577,303.958
197,3.286617,18,0.296977,629.671,224.145
197,3.286617,19,0.356777,603.071,221.699
197,3.286617,21,0.522582,583.499,368.311
198,3.303300,16,0.239849,667.058,468.438
198,3.303300,17,0.432520,540.868,314.974
198,3.303300,18,0.730151,630.772,227.485
198,3.303300,19,0.653748,601.941,217.575
198,3.303300,21,0.651507,584.702,353.444
199,3.319983,16,0.239849,665.466,477.859
199,3.319983,17,0.474102,538.703,326.626
199,3.319983,18,0.725198,632.111,231.560
199,3.319983,19,0.598041,600.487,213.927
199,3.319983,21,0.702539,585.908,339.242
200,3.336667,16,0.239849,663.875,487.280
200,3.336667,17,0.697133,537.009,338.827
200,3.336667,18,0.602463,633.525,235.927
200,3.336667,19,0.729990,599.013,210.730
200,3.336667,21,0.620490,587.278,325.978
201,3.353350,17,0.535971,534.949,351.656
201,3.353350,18,0.273537,634.769,240.801
201,3.353350,19,0.307241,597.894,208.253
201,3.353350,21,0.412469,589.099,313.401
202,3.370033,17,0.413412,532.867,365.231
202,3.370033,18,0.195279,636.091,245.712
202,3.370033,19,0.430756,596.843,206.081
202,3.370033,21,0.372221,590.583,302.018
203,3.386717,17,0.645101,530.868,379.091
203,3.386717,18,0.516892,637.730,251.423
203,3.386717,19,0.671378,595.619,204.544
203,3.386717,21,0.568451,591.995,291.551
204,3.403400,17,0.562285,528.759,391.406
204,3.403400,18,0.675973,639.252,258.136
204,3.403400,19,0.713689,594.735,203.409
204,3.403400,21,0.532536,592.963,281.825
205,3.420083,17,0.203280,526.777,402.436
205,3.420083,18,0.373432,640.750,265.142
205,3.420083,19,0.336923,593.585,202.659
205,3.420083,21,0.327505,594.395,272.880
206,3.436767,17,0.563282,525.419,412.231
206,3.436767,18,0.321139,642.464,272.921
206,3.436767,19,0.476468,592.282,202.522
206,3.436767,21,0.372638,595.486,264.685
206,3.436767,22,0.631674,626.987,433.566
207,3.453450,17,0.216980,525.191,421.917
207,3.453450,18,0.195308,643.717,281.135
207,3.453450,19,0.505283,590.971,202.949
207,3.453450,21,0.389244,596.232,256.961
207,3.453450,22,0.615729,623.983,416.530
208,3.470133,17,0.441966,525.845,430.605
208,3.470133,18,0.242483,645.040,289.456
208,3.470133,19,0.410428,589.878,203.808
208,3.470133,21,0.426458,596.887,249.755
208,3.470133,22,0.746258,621.481,399.529
209,3.486817,17,0.441966,524.986,440.963
209,3.486817,18,0.296223,646.817,298.687
209,3.486817,19,0.231973,588.808,205.228
209,3.486817,21,0.371078,597.799,243.028
209,3.486817,22,0.746258,618.726,386.052
210,3.503500,17,0.621232,528.930,448.980
210,3.503500,18,0.648065,648.199,307.976
210,3.503500,19,0.424243,587.731,207.401
210,3.503500,21,0.469470,598.716,236.875
210,3.503500,22,0.192302,617.016,369.236
211,3.520183,17,0.587841,533.527,456.627
211,3.520183,18,0.409187,649.833,318.290
211,3.520183,19,0.429726,586.653,209.952
211,3.520183,21,0.520441,599.587,231.747
211,3.520183,22,0.609993,615.918,354.256
212,3.536867,17,0.758296,538.204,464.525
212,3.536867,18,0.638040,651.062,329.269
212,3.536867,19,0.454100,585.772,213.026
212,3.536867,21,0.519355,600.298,227.029
212,3.536867,22,0.371211,614.636,340.395
213,3.553550,17,0.327016,543.590,471.302
213,3.553550,18,0.672118,652.330,340.359
213,3.553550,19,0.509830,584.667,216.871
213,3.553550,21,0.326036,601.410,222.653
213,3.553550,22,0.388431,613.542,326.509
214,3.570233,17,0.327016,546.754,479.596
214,3.570233,18,0.720620,653.701,352.689
214,3.570233,19,0.453399,583.188,221.060
214,3.570233,21,0.629178,602.798,218.653
214,3.570233,22,0.639140,611.669,313.642
215,3.586917,17,0.327016,549.918,487.889
215,3.586917,18,0.745971,654.954,365.226
215,3.586917,19,0.459920,582.100,226.114
215,3.586917,21,0.435489,603.839,214.895
215,3.586917,22,0.673860,609.957,302.106
216,3.603600,17,0.327016,553.083,496.183
216,3.603600,18,0.743951,656.548,377.864
216,3.603600,19,0.423166,581.018,231.714
216,3.603600,21,0.551796,604.677,211.864
216,3.603600,22,0.595194,608.466,291.358
217,3.620283,17,0.327016,556.247,504.476
217,3.620283,18,0.602367,658.118,390.980
217,3.620283,19,0.629231,579.837,237.522
217,3.620283,21,0.747784,605.892,209.300
217,3.620283,22,0.714884,606.919,281.372
218,3.636967,17,0.327016,559.411,512.770
218,3.636967,18,0.404478,658.697,402.270
218,3.636967,19,0.607267,578.493,243.814
218,3.636967,21,0.764058,607.019,207.657
218,3.636967,22,0.669979,605.304,272.186
219,3.653650,18,0.539052,658.526,411.876
219,3.653650,19,0.624542,577.199,250.670
219,3.653650,21,0.756537,608.316,206.333
219,3.653650,22,0.661106,603.874,263.560
220,3.670333,18,0.398808,657.666,420.408
220,3.670333,19,0.758847,575.750,257.800
220,3.670333,21,0.739474,609.370,205.657
220,3.670333,22,0.689777,602.168,255.410
221,3.687017,18,0.398808,658.065,430.873
221,3.687017,19,0.666298,574.334,265.918
221,3.687017,21,0.699406,610.646,205.558
221,3.687017,22,0.768764,600.127,247.997
221,3.687017,23,0.273286,571.283,460.135
222,3.703700,18,0.398808,658.465,441.338
222,3.703700,19,0.655271,573.158,274.444
222,3.703700,21,0.592009,611.874,205.868
222,3.703700,22,0.740129,598.581,240.821
222,3.703700,23,0.273286,571.696,457.284
223,3.720383,18,0.398808,658.864,451.803
223,3.720383,19,0.236450,572.066,283.652
223,3.720383,21,0.305585,612.879,206.615
223,3.720383,22,0.583180,597.034,234.549
223,3.720383,23,0.273286,572.109,454.434
224,3.737067,18,0.398808,659.263,462.268
224,3.737067,19,0.345921,570.814,293.648
224,3.737067,21,0.250075,613.803,208.013
224,3.737067,22,0.389844,595.754,228.455
224,3.737067,23,0.273286,572.521,451.584
225,3.753750,18,0.219374,652.930,466.562
225,3.753750,19,0.430749,569.389,303.855
225,3.753750,21,0.150298,615.165,209.370
225,3.753750,22,0.164869,594.436,222.889
225,3.753750,24,0.504407,578.429,402.602
226,3.770433,18,0.219374,651.542,475.390
226,3.770433,19,0.483991,568.132,314.847
226,3.770433,21,0.179931,616.085,211.739
226,3.770433,22,0.191725,592.613,217.797
226,3.770433,24,0.602958,579.891,389.619
227,3.787117,18,0.272147,644.963,478.416
227,3.787117,19,0.182719,566.894,326.508
227,3.787117,21,0.373261,617.523,214.628
227,3.787117,22,0.300236,590.758,213.259
227,3.787117,24,0.607329,581.309,374.734
228,3.803800,18,0.261717,639.017,480.611
228,3.803800,19,0.647358,565.563,338.969
228,3.803800,21,0.326835,618.525,218.182
228,3.803800,22,0.243925,589.246,209.405
228,3.803800,24,0.528176,582.471,359.801
229,3.820483,18,0.261717,635.408,486.547
229,3.820483,19,0.580910,564.214,351.771
229,3.820483,21,0.188493,619.616,222.265
229,3.820483,22,0.217168,587.892,206.012
229,3.820483,24,0.379693,583.960,345.181
230,3.837167,18,0.261717,631.799,492.484
230,3.837167,19,0.564881,562.988,364.673
230,3.837167,21,0.204551,620.464,226.709
230,3.837167,22,0.217168,586.348,201.135
230,3.837167,24,0.403693,585.468,330.871
231,3.853850,18,0.261717,628.189,498.420
231,3.853850,19,0.544521,561.611,377.464
231,3.853850,21,0.346116,621.475,232.125
231,3.853850,22,0.352667,585.081,199.320
231,3.853850,24,0.455834,586.962,317.947
232,3.870533,19,0.404514,560.075,391.570
232,3.870533,21,0.346116,622.515,235.790
232,3.870533,22,0.179898,583.362,198.237
232,3.870533,24,0.183018,588.618,305.947
233,3.887217,19,0.520849,558.388,404.757
233,3.887217,21,0.285452,623.219,242.454
233,3.887217,22,0.179898,581.825,194.964
233,3.887217,24,0.194731,590.135,295.136
234,3.903900,19,0.161735,556.908,415.380
234,3.903900,21,0.300988,623.812,249.545
234,3.903900,22,0.179898,580.289,191.691
234,3.903900,24,0.194731,591.569,283.003
235,3.920583,19,0.161735,555.448,427.531
235,3.920583,21,0.300988,624.667,254.704
235,3.920583,22,0.179898,578.752,188.417
235,3.920583,24,0.194731,593.003,270.870
236,3.937267,19,0.161735,553.989,439.681
236,3.937267,21,0.258001,625.821,263.113
236,3.937267,22,0.179898,577.215,185.144
236,3.937267,24,0.210758,594.671,263.324
237,3.953950,19,0.161735,552.529,451.831
237,3.953950,21,0.539588,626.745,271.901
237,3.953950,22,0.160914,575.489,190.094
237,3.953950,24,0.589649,595.953,256.063
238,3.970633,19,0.307283,553.012,458.715
238,3.970633,21,0.220215,627.662,281.349
238,3.970633,22,0.188779,573.612,194.926
238,3.970633,24,0.220113,597.365,249.316
239,3.987317,19,0.307283,552.068,469.467
239,3.987317,21,0.220215,628.590,288.820
239,3.987317,22,0.188779,571.948,195.407
239,3.987317,24,0.186343,598.608,242.685
240,4.004000,19,0.307283,551.124,480.220
240,4.004000,21,0.300605,629.619,299.939
240,4.004000,22,0.495629,570.326,200.568
240,4.004000,24,0.366702,600.027,236.425
241,4.020683,19,0.307283,550.180,490.973
241,4.020683,21,0.615183,630.523,311.443
241,4.020683,22,0.283678,568.402,205.421
241,4.020683,24,0.465914,601.533,231.055
242,4.037367,21,0.680844,631.307,322.834
242,4.037367,22,0.554944,566.730,210.063
242,4.037367,24,0.760670,603.111,225.906
243,4.054050,21,0.576725,632.383,334.515
243,4.054050,22,0.509254,565.019,214.305
243,4.054050,24,0.457894,604.623,221.091
244,4.070733,21,0.553440,633.210,346.782
244,4.070733,22,0.184370,563.488,218.887
244,4.070733,24,0.457894,606.099,214.922
245,4.087417,21,0.455192,634.481,359.534
245,4.087417,22,0.398493,562.025,224.079
245,4.087417,24,0.337226,607.468,211.924
246,4.104100,21,0.661581,635.736,372.493
246,4.104100,22,0.250475,560.143,229.500
246,4.104100,24,0.418952,609.036,209.550
247,4.120783,21,0.661581,636.810,384.263
247,4.120783,22,0.482679,558.295,235.575
247,4.120783,24,0.215210,610.025,207.445
247,4.120783,25,0.341665,601.010,290.231
248,4.137467,21,0.324938,637.938,398.056
248,4.137467,22,0.586744,556.680,242.088
248,4.137467,24,0.729477,611.268,205.096
248,4.137467,25,0.535913,599.185,280.663
249,4.154150,21,0.324938,639.027,410.363
249,4.154150,22,0.744057,555.334,249.322
249,4.154150,24,0.759120,612.452,203.574
249,4.154150,25,0.499662,597.290,270.913
250,4.170833,21,0.165932,638.933,423.739
250,4.170833,22,0.748889,553.719,257.502
250,4.170833,24,0.416893,613.539,202.703
250,4.170833,25,0.719744,595.831,262.080
251,4.187517,21,0.322820,638.277,432.629
251,4.187517,22,0.426519,551.513,265.836
251,4.187517,24,0.380641,614.749,202.370
251,4.187517,25,0.449992,594.097,254.061
252,4.204200,21,0.209395,637.308,440.938
252,4.204200,22,0.496605,549.777,274.800
252,4.204200,24,0.504161,616.398,202.501
252,4.204200,25,0.478015,591.965,246.416
253,4.220883,21,0.155518,635.517,449.669
253,4.220883,22,0.611458,548.007,284.647
253,4.220883,24,0.714942,617.860,203.280
253,4.220883,25,0.539544,590.256,240.166
254,4.237567,21,0.163436,634.031,458.155
254,4.237567,22,0.412165,546.420,295.236
254,4.237567,24,0.518965,618.945,204.299
254,4.237567,25,0.276425,588.747,234.585
255,4.254250,21,0.152137,632.641,465.791
255,4.254250,22,0.370168,544.797,305.289
255,4.254250,24,0.533336,620.213,205.711
255,4.254250,25,0.326522,587.538,230.100
256,4.270933,21,0.310646,631.274,472.939
256,4.270933,22,0.412063,542.717,316.261
256,4.270933,24,0.643465,621.330,208.277
256,4.270933,25,0.738370,586.188,225.933
256,4.270933,26,0.361617,578.543,354.487
257,4.287617,21,0.310646,630.248,481.584
257,4.287617,22,0.509018,540.870,327.939
257,4.287617,24,0.178778,622.347,210.546
257,4.287617,25,0.295465,584.673,222.372
257,4.287617,26,0.638221,580.456,343.260
258,4.304300,21,0.310646,629.223,490.229
258,4.304300,22,0.569968,538.995,339.899
258,4.304300,24,0.490838,623.265,213.307
258,4.304300,25,0.309484,582.449,219.132
258,4.304300,26,0.557865,582.344,330.432
259,4.320983,21,0.310646,628.197,498.874
259,4.320983,22,0.213106,537.412,352.820
259,4.320983,24,0.197875,624.224,217.295
259,4.320983,25,0.309484,580.761,214.473
259,4.320983,26,0.371766,584.848,317.968
260,4.337667,21,0.310646,627.172,507.520
260,4.337667,22,0.607323,535.343,366.523
260,4.337667,24,0.229246,625.516,221.853
260,4.337667,25,0.309484,579.073,209.814
260,4.337667,26,0.477944,586.761,305.813
261,4.354350,21,0.310646,626.146,516.165
261,4.354350,22,0.309969,533.353,380.492
261,4.354350,24,0.477210,626.584,226.592
261,4.354350,25,0.327857,578.085,210.423
261,4.354350,26,0.539900,588.397,294.380
262,4.371033,22,0.481853,531.581,395.074
262,4.371033,24,0.567575,627.709,232.215
262,4.371033,25,0.392863,576.609,211.073
262,4.371033,26,0.313816,589.989,284.173
263,4.387717,22,0.553640,530.387,409.057
263,4.387717,24,0.388200,628.915,238.250
263,4.387717,25,0.267012,574.990,212.059
263,4.387717,26,0.231106,591.346,274.850
264,4.404400,22,0.705334,529.846,421.683
264,4.404400,24,0.474811,629.756,244.671
264,4.404400,25,0.254436,573.417,212.951
264,4.404400,26,0.337550,592.782,266.242
265,4.421083,22,0.716587,529.440,432.614
265,4.421083,24,0.380282,630.504,251.634
265,4.421083,25,0.339150,571.445,214.117
265,4.421083,26,0.418124,594.639,258.318
266,4.437767,22,0.551421,530.131,442.622
266,4.437767,24,0.386022,631.547,259.679
266,4.437767,25,0.288931,569.600,215.934
266,4.437767,26,0.509402,595.993,251.047
267,4.454450,22,0.680939,531.425,451.904
267,4.454450,24,0.594151,633.367,268.032
267,4.454450,25,0.611192,568.177,217.760
267,4.454450,26,0.662585,597.466,244.297
268,4.471133,22,0.262009,533.835,460.636
268,4.471133,24,0.598075,634.827,277.010
268,4.471133,25,0.401437,566.637,220.069
268,4.471133,26,0.570112,598.972,238.500
268,4.471133,27,0.533101,610.665,381.450
269,4.487817,22,0.395174,536.526,467.910
269,4.487817,24,0.653264,635.950,286.622
269,4.487817,25,0.530157,564.851,222.997
269,4.487817,26,0.625278,600.293,233.423
269,4.487817,27,0.198854,609.169,369.107
270,4.504500,22,0.470045,539.483,474.268
270,4.504500,24,0.649142,637.321,296.458
270,4.504500,25,0.523293,563.258,226.395
270,4.504500,26,0.655062,601.734,229.747
270,4.504500,27,0.198854,608.400,362.752
271,4.521183,22,0.470045,541.088,483.053
271,4.521183,24,0.581293,638.619,306.937
271,4.521183,25,0.251024,561.779,230.288
271,4.521183,26,0.541430,603.124,225.643
271,4.521183,27,0.198854,607.631,356.397
272,4.537867,22,0.470045,542.692,491.838
272,4.537867,24,0.743493,640.179,318.031
272,4.537867,25,0.675924,559.846,234.729
272,4.537867,26,0.650999,604.696,222.087
272,4.537867,27,0.821173,605.140,337.870
273,4.554550,22,0.470045,544.297,500.623
273,4.554550,24,0.657124,641.837,329.641
273,4.554550,25,0.276035,558.139,239.613
273,4.554550,26,0.262949,606.108,218.881
273,4.554550,27,0.477968,602.925,321.903
274,4.571233,22,0.470045,545.902,509.409
274,4.571233,24,0.466313,643.249,341.433
274,4.571233,25,0.333362,556.178,245.091
274,4.571233,26,0.414680,607.798,216.585
274,4.571233,27,0.502318,600.716,308.142
275,4.587917,22,0.470045,547.507,518.194
275,4.587917,24,0.594720,644.365,354.054
275,4.587917,25,0.500650,554.716,251.696
275,4.587917,26,0.364906,609.264,214.899
275,4.587917,27,0.354286,599.188,296.509
276,4.604600,24,0.328023,645.215,367.960
276,4.604600,25,0.683839,552.636,258.668
276,4.604600,26,0.504938,610.638,213.415
276,4.604600,27,0.412764,597.654,286.557
277,4.621283,24,0.765895,647.029,381.430
277,4.621283,25,0.730250,550.957,266.169
277,4.621283,26,0.643092,612.107,212.609
277,4.621283,27,0.563068,596.066,277.577
277,4.621283,28,0.319807,563.096,464.976
278,4.637967,24,0.357928,648.290,395.485
278,4.637967,25,0.462777,549.063,274.171
278,4.637967,26,0.447218,613.400,212.217
278,4.637967,27,0.582373,594.588,269.608
278,4.637967,28,0.355295,565.307,455.163
279,4.654650,24,0.325666,649.255,408.674
279,4.654650,25,0.269288,547.029,282.518
279,4.654650,26,0.476178,614.675,212.515
279,4.654650,27,0.639210,593.074,262.517
279,4.654650,28,0.170706,566.872,442.560
280,4.671333,24,0.391981,649.798,419.691
280,4.671333,25,0.683123,545.413,291.421
280,4.671333,26,0.702293,616.239,213.176
280,4.671333,27,0.756620,591.500,256.139
280,4.671333,28,0.549419,569.245,426.350
281,4.688017,24,0.461952,649.082,430.486
281,4.688017,25,0.588340,543.437,300.905
281,4.688017,26,0.645785,617.505,214.505
281,4.688017,27,0.739436,590.122,250.144
281,4.688017,28,0.728647,571.674,410.691
282,4.704700,24,0.412709,647.762,439.999
282,4.704700,25,0.676284,541.691,311.081
282,4.704700,26,0.663133,619.032,216.573
282,4.704700,27,0.501805,588.907,244.339
282,4.704700,28,0.728647,573.509,398.944
283,4.721383,24,0.412709,647.843,451.306
283,4.721383,25,0.239728,539.807,321.736
283,4.721383,26,0.532979,620.423,218.826
283,4.721383,27,0.370298,587.750,239.630
283,4.721383,28,0.589434,576.476,381.890
284,4.738067,24,0.439018,644.545,458.513
284,4.738067,25,0.736031,538.257,333.375
284,4.738067,26,0.739134,621.720,221.477
284,4.738067,27,0.699896,586.715,235.421
284,4.738067,28,0.451502,578.547,365.959
285,4.754750,24,0.439018,643.729,468.732
285,4.754750,25,0.769171,536.291,345.550
285,4.754750,26,0.665281,623.009,224.669
285,4.754750,27,0.650217,585.705,232.028
285,4.754750,28,0.714886,580.931,351.291
286,4.771433,24,0.439018,642.913,478.951
286,4.771433,25,0.682863,534.236,358.219
286,4.771433,26,0.735896,624.132,228.470
286,4.771433,27,0.372141,583.914,228.635
286,4.771433,28,0.671889,582.794,338.957
287,4.788117,24,0.439018,642.097,489.170
287,4.788117,25,0.815276,532.410,371.149
287,4.788117,26,0.715412,625.419,232.870
287,4.788117,27,0.583861,582.212,226.060
287,4.788117,28,0.787477,584.680,326.519
288,4.804800,24,0.439018,641.282,499.389
288,4.804800,25,0.749373,530.581,384.420
288,4.804800,26,0.700748,626.635,237.546
288,4.804800,27,0.617323,580.805,223.936
288,4.804800,28,0.513000,586.504,315.726
289,4.821483,24,0.439018,640.466,509.608
289,4.821483,25,0.485882,527.958,396.356
289,4.821483,26,0.695207,628.485,243.143
289,4.821483,27,0.179363,579.290,222.378
289,4.821483,28,0.700384,588.139,305.270
290,4.838167,25,0.456668,526.576,407.487
290,4.838167,26,0.587353,629.994,249.155
290,4.838167,27,0.153110,577.771,221.369
290,4.838167,28,0.252738,589.874,295.551
291,4.854850,25,0.662267,525.599,416.661
291,4.854850,26,0.546289,631.497,255.957
291,4.854850,27,0.473047,576.546,221.077
291,4.854850,28,0.439044,591.403,286.333
292,4.871533,25,0.636041,525.498,425.605
292,4.871533,26,0.584842,633.167,263.170
292,4.871533,27,0.208281,575.105,220.979
292,4.871533,28,0.286585,592.896,277.732
292,4.871533,29,0.511529,618.950,450.642
293,4.888217,25,0.515112,526.119,434.018
293,4.888217,26,0.718729,634.529,271.084
293,4.888217,27,0.403273,573.635,221.436
293,4.888217,28,0.679705,594.609,270.446
293,4.888217,29,0.453938,615.410,437.615
294,4.904900,25,0.154810,527.447,441.927
294,4.904900,26,0.737298,635.804,279.386
294,4.904900,27,0.492974,572.480,222.275
294,4.904900,28,0.796981,596.293,263.682
294,4.904900,29,0.479417,613.326,422.045
295,4.921583,25,0.676241,529.942,450.503
295,4.921583,26,0.817419,637.208,288.183
295,4.921583,27,0.660971,570.719,223.765
295,4.921583,28,0.852129,597.872,257.192
295,4.921583,29,0.624581,611.549,406.564
296,4.938267,25,0.633213,533.113,457.433
296,4.938267,26,0.841584,638.662,297.580
296,4.938267,27,0.780890,569.240,225.692
296,4.938267,28,0.616582,599.432,251.105
296,4.938267,29,0.730003,609.971,391.605
297,4.954950,25,0.189425,537.100,464.122
297,4.954950,26,0.788064,640.385,307.349
297,4.954950,27,0.468123,567.922,227.806
297,4.954950,28,0.402992,600.831,244.973
297,4.954950,29,0.218605,608.626,376.967
298,4.971633,25,0.189425,539.058,472.207
298,4.971633,26,0.196249,642.039,317.460
298,4.971633,27,0.352172,566.158,231.130
298,4.971633,28,0.530393,602.494,239.663
298,4.971633,29,0.218605,606.881,363.964
299,4.988317,25,0.416400,543.820,475.637
299,4.988317,26,0.744653,643.488,328.728
299,4.988317,27,0.641570,564.370,234.998
299,4.988317,28,0.607182,604.173,234.927
299,4.988317,29,0.218605,605.135,350.961
300,5.005000,25,0.416400,546.522,482.486
300,5.005000,26,0.742773,644.983,340.142
300,5.005000,27,0.529561,562.731,239.267
300,5.005000,28,0.594361,605.404,230.991
300,5.005000,29,0.529902,603.589,335.378
301,5.021683,25,0.416400,549.224,489.336
301,5.021683,26,0.594013,646.752,352.339
301,5.021683,27,0.686324,561.030,243.711
301,5.021683,28,0.704329,606.553,227.207
301,5.021683,29,0.567198,602.059,321.792
302,5.038367,25,0.416400,551.926,496.185
302,5.038367,26,0.796553,648.639,365.190
302,5.038367,27,0.634445,559.385,249.410
302,5.038367,28,0.732355,608.348,224.015
302,5.038367,29,0.524951,600.395,309.495
303,5.055050,25,0.416400,554.628,503.034
303,5.055050,26,0.698020,650.190,377.238
303,5.055050,27,0.553443,557.630,255.214
303,5.055050,28,0.248848,609.867,221.615
303,5.055050,29,0.511199,599.233,298.560
304,5.071733,25,0.416400,557.330,509.883
304,5.071733,26,0.628692,651.727,389.423
304,5.071733,27,0.465415,556.224,261.862
304,5.071733,28,0.305887,611.255,219.384
304,5.071733,29,0.312016,597.828,288.535
305,5.088417,26,0.448638,652.547,400.612
305,5.088417,27,0.768797,554.781,269.007
305,5.088417,28,0.637800,612.877,217.971
305,5.088417,29,0.567918,596.202,279.001
306,5.105100,26,0.448638,653.945,412.117
306,5.105100,27,0.617169,553.031,276.879
306,5.105100,28,0.630217,614.278,217.084
306,5.105100,29,0.497258,594.896,270.027
307,5.121783,26,0.174675,653.401,420.450
307,5.121783,27,0.512426,551.034,285.271
307,5.121783,28,0.438116,615.739,216.677
307,5.121783,29,0.484959,593.508,261.776
308,5.138467,26,0.417370,651.988,429.089
308,5.138467,27,0.486767,549.262,294.169
308,5.138467,28,0.487790,617.422,216.792
308,5.138467,29,0.511373,592.057,254.080
309,5.155150,26,0.300932,649.591,436.729
309,5.155150,27,0.278716,547.227,303.583
309,5.155150,28,0.364315,619.212,217.594
309,5.155150,29,0.242821,590.669,246.914
309,5.155150,30,0.321594,573.653,400.958
310,5.171833,26,0.300932,649.155,446.195
310,5.171833,27,0.355521,545.714,313.627
310,5.171833,28,0.354000,621.009,218.818
310,5.171833,29,0.242821,589.237,238.089
310,5.171833,30,0.321594,574.184,397.452
311,5.188517,26,0.300932,648.720,455.662
311,5.188517,27,0.504231,544.017,323.971
311,5.188517,28,0.539400,622.556,220.655
311,5.188517,29,0.365650,587.995,232.727
311,5.188517,30,0.321594,574.715,393.945
312,5.205200,26,0.300932,648.285,465.128
312,5.205200,27,0.506751,542.323,335.519
312,5.205200,28,0.540854,624.198,223.317
312,5.205200,29,0.251434,586.663,227.727
312,5.205200,30,0.321594,575.247,390.439
313,5.221883,26,0.300932,647.849,474.594
313,5.221883,27,0.482998,540.897,347.600
313,5.221883,28,0.636894,626.063,226.324
313,5.221883,29,0.251434,585.295,220.592
313,5.221883,31,0.617525,580.257,347.003
314,5.238567,26,0.300932,647.414,484.060
314,5.238567,27,0.696013,539.386,360.604
314,5.238567,28,0.282044,627.451,230.096
314,5.238567,29,0.251434,583.927,213.457
314,5.238567,31,0.594186,581.862,335.914
315,5.255250,27,0.632076,537.635,373.043
315,5.255250,28,0.616190,629.011,234.265
315,5.255250,29,0.191593,582.318,211.743
315,5.255250,31,0.752994,583.962,323.888
316,5.271933,27,0.597405,535.665,385.051
316,5.271933,28,0.424686,630.542,238.584
316,5.271933,29,0.188729,581.166,210.187
316,5.271933,31,0.520867,586.316,311.771
317,5.288617,27,0.497015,533.433,396.861
317,5.288617,28,0.475059,631.673,243.534
317,5.288617,29,0.188729,579.808,205.590
317,5.288617,31,0.198650,588.136,300.419
318,5.305300,27,0.512088,532.169,408.031
318,5.305300,28,0.713788,633.173,249.150
318,5.305300,29,0.510768,578.361,205.569
318,5.305300,31,0.359267,589.735,289.661
319,5.321983,27,0.284217,531.564,417.403
319,5.321983,28,0.751715,634.456,255.430
319,5.321983,29,0.611624,577.111,204.962
319,5.321983,31,0.548825,591.049,279.360
320,5.338667,27,0.369305,531.091,426.151
320,5.338667,28,0.537794,636.089,262.421
320,5.338667,29,0.663975,575.654,204.295
320,5.338667,31,0.464156,592.751,269.887
321,5.355350,27,0.450415,532.072,434.378
321,5.355350,28,0.470694,638.035,269.367
321,5.355350,29,0.538861,573.993,203.913
321,5.355350,31,0.552964,594.304,261.448
322,5.372033,27,0.266216,532.959,441.125
322,5.372033,28,0.220674,639.973,276.663
322,5.372033,29,0.517939,572.776,203.816
322,5.372033,31,0.466930,595.790,253.967
323,5.388717,27,0.230074,534.483,448.979
323,5.388717,28,0.661583,641.412,285.458
323,5.388717,29,0.704337,570.978,204.248
323,5.388717,31,0.653053,597.122,247.427
324,5.405400,27,0.230074,534.739,457.662
324,5.405400,28,0.366532,642.993,294.903
324,5.405400,29,0.593567,569.480,205.132
324,5.405400,31,0.638740,598.447,241.558
325,5.422083,27,0.230074,534.996,466.345
325,5.422083,28,0.589001,644.135,304.364
325,5.422083,29,0.579733,568.199,206.609
325,5.422083,31,0.711205,599.576,236.059
326,5.438767,27,0.230074,535.253,475.029
326,5.438767,28,0.244689,645.380,314.796
326,5.438767,29,0.579733,566.759,206.742
326,5.438767,31,0.348572,601.107,231.355
327,5.455450,27,0.315774,540.791,478.725
327,5.455450,28,0.603329,647.207,325.842
327,5.455450,29,0.381952,564.822,209.975
327,5.455450,31,0.562020,602.757,227.003
328,5.472133,27,0.315774,542.449,486.085
328,5.472133,28,0.771229,648.986,337.833
328,5.472133,29,0.340659,563.223,213.382
328,5.472133,31,0.562020,604.233,221.092
329,5.488817,27,0.315774,544.108,493.444
329,5.488817,28,0.241449,650.411,349.728
329,5.488817,29,0.288704,561.520,217.080
329,5.488817,31,0.562020,605.709,215.182
329,5.488817,32,0.236780,605.327,319.928
330,5.505500,27,0.315774,545.766,500.804
330,5.505500,28,0.697673,652.103,362.295
330,5.505500,29,0.353000,559.969,221.385
330,5.505500,31,0.262526,607.510,214.254
330,5.505500,32,0.527145,604.303,310.762
331,5.522183,28,0.702171,653.371,374.834
331,5.522183,29,0.611440,558.259,226.149
331,5.522183,31,0.566521,608.876,213.327
331,5.522183,32,0.372871,602.996,300.513
332,5.538867,28,0.288085,655.275,387.123
332,5.538867,29,0.503570,556.480,231.546
332,5.538867,31,0.405983,610.324,212.384
332,5.538867,32,0.198367,601.667,289.886
333,5.555550,28,0.288085,656.885,398.799
333,5.555550,29,0.539118,555.158,237.213
333,5.555550,31,0.550718,611.821,212.079
333,5.555550,32,0.254307,600.376,279.971
334,5.572233,28,0.210862,657.666,408.719
334,5.572233,29,0.213431,553.774,243.619
334,5.572233,31,0.535665,613.085,212.142
334,5.572233,32,0.441203,599.316,270.527
335,5.588917,28,0.213734,657.966,418.256
335,5.588917,29,0.543694,552.065,250.388
335,5.588917,31,0.578530,614.332,212.481
335,5.588917,32,0.574797,598.183,261.979
336,5.605600,28,0.213734,659.066,429.022
336,5.605600,29,0.515740,550.597,257.684
336,5.605600,31,0.665727,615.881,213.112
336,5.605600,32,0.437471,596.852,254.465
337,5.622283,28,0.262192,657.459,437.096
337,5.622283,29,0.699155,548.909,265.679
337,5.622283,31,0.825057,617.640,213.927
337,5.622283,32,0.753489,595.446,246.753
338,5.638967,28,0.620213,655.582,445.695
338,5.638967,29,0.550019,547.230,274.242
338,5.638967,31,0.627620,619.304,215.421
338,5.638967,32,0.595265,594.434,240.275
339,5.655650,28,0.371151,652.480,453.779
339,5.655650,29,0.395489,545.793,283.745
339,5.655650,31,0.570285,621.118,217.475
339,5.655650,32,0.272823,593.005,234.270
339,5.655650,33,0.606136,575.506,403.177
340,5.672333,28,0.371151,651.497,463.025
340,5.672333,29,0.208434,543.982,293.484
340,5.672333,31,0.647269,622.230,219.798
340,5.672333,32,0.489732,591.672,229.762
340,5.672333,33,0.618287,576.839,389.671
341,5.689017,28,0.371151,650.514,472.271
341,5.689017,29,0.500091,541.910,303.941
341,5.689017,31,0.555704,623.258,222.859
341,5.689017,32,0.542191,590.431,225.316
341,5.689017,33,0.468821,578.400,375.050
342,5.705700,28,0.371151,649.532,481.518
342,5.705700,29,0.360345,540.240,314.918
342,5.705700,31,0.699000,624.408,226.508
342,5.705700,32,0.562751,589.252,221.447
342,5.705700,33,0.522394,579.746,360.012
343,5.722383,28,0.371151,648.549,490.764
343,5.722383,29,0.323568,538.262,326.757
343,5.722383,31,0.374552,626.057,230.808
343,5.722383,32,0.254632,588.266,217.794
343,5.722383,33,0.224145,582.011,345.699
344,5.739067,28,0.371151,647.566,500.010
344,5.739067,29,0.640629,537.112,339.138
344,5.739067,31,0.613514,627.178,235.678
344,5.739067,32,0.670620,587.332,215.408
344,5.739067,33,0.574691,583.883,331.986
345,5.755750,29,0.627985,535.436,352.057
345,5.755750,31,0.613514,628.503,238.983
345,5.755750,32,0.481541,586.621,213.401
345,5.755750,33,0.466879,585.834,319.615
346,5.772433,29,0.647469,533.429,365.778
346,5.772433,31,0.646035,630.090,245.605
346,5.772433,32,0.623558,585.602,212.105
346,5.772433,33,0.701218,587.885,307.943
347,5.789117,29,0.602018,531.911,379.335
347,5.789117,31,0.504966,631.181,252.859
347,5.789117,32,0.350421,584.235,211.459
347,5.789117,33,0.498093,589.857,297.339
348,5.805800,29,0.565611,529.950,392.475
348,5.805800,31,0.531428,632.902,259.938
348,5.805800,32,0.219535,582.834,210.855
348,5.805800,33,0.515265,591.508,287.273
348,5.805800,34,0.311604,623.449,456.254
349,5.822483,29,0.642735,529.025,404.679
349,5.822483,31,0.636595,634.774,267.458
349,5.822483,32,0.310749,581.604,210.610
349,5.822483,33,0.454962,593.424,278.128
349,5.822483,34,0.636988,620.999,444.835
350,5.839167,29,0.813408,528.702,415.232
350,5.839167,31,0.796167,636.047,275.717
350,5.839167,32,0.573112,579.995,211.571
350,5.839167,33,0.796369,595.157,269.907
350,5.839167,34,0.640795,618.774,430.692
351,5.855850,29,0.695493,528.228,424.719
351,5.855850,31,0.498275,637.519,284.282
351,5.855850,32,0.308761,578.787,212.667
351,5.855850,33,0.700419,596.646,262.399
351,5.855850,34,0.640795,616.700,421.840
352,5.872533,29,0.682713,528.958,433.612
352,5.872533,31,0.486352,639.066,293.551
352,5.872533,32,0.379140,577.514,213.887
352,5.872533,33,0.657540,597.854,254.859
352,5.872533,34,0.640795,614.626,412.988
353,5.889217,29,0.614946,530.896,441.525
353,5.889217,31,0.562359,640.939,303.400
353,5.889217,32,0.473574,576.147,216.004
353,5.889217,33,0.619071,598.922,248.044
353,5.889217,34,0.640795,612.552,404.136
354,5.905900,29,0.714641,533.929,449.682
354,5.905900,31,0.666656,642.728,314.069
354,5.905900,32,0.663042,574.897,218.695
354,5.905900,33,0.584210,600.570,242.076
354,5.905900,34,0.640795,610.478,395.284
355,5.922583,29,0.411823,537.696,457.803
355,5.922583,31,0.455791,644.073,325.410
355,5.922583,32,0.543558,573.567,222.190
355,5.922583,33,0.561165,602.122,236.726
355,5.922583,34,0.640795,608.405,386.432
356,5.939267,29,0.154760,541.469,464.978
356,5.939267,31,0.274684,645.371,337.088
356,5.939267,32,0.360681,572.621,225.881
356,5.939267,33,0.357598,603.498,232.387
357,5.955950,29,0.154760,543.682,473.572
357,5.955950,31,0.461397,646.689,349.071
357,5.955950,32,0.173631,571.357,230.352
357,5.955950,33,0.262409,604.646,227.838
357,5.955950,35,0.553059,645.752,346.352
358,5.972633,29,0.339321,549.014,479.387
358,5.972633,31,0.801078,648.475,362.312
358,5.972633,32,0.737726,570.058,235.012
358,5.972633,33,0.709210,606.099,224.078
358,5.972633,35,0.553059,646.113,349.184
359,5.989317,29,0.339321,552.054,487.243
359,5.989317,31,0.730103,650.074,375.359
359,5.989317,32,0.419725,568.550,240.428
359,5.989317,33,0.563269,607.970,221.010
359,5.989317,35,0.553059,646.474,352.015
360,6.006000,29,0.169656,557.124,487.998
360,6.006000,31,0.458533,651.362,389.461
360,6.006000,32,0.507360,567.128,246.321
360,6.006000,33,0.586532,609.188,218.360
360,6.006000,35,0.553059,646.836,354.847
360,6.006000,36,0.567994,603.624,305.130
361,6.022683,29,0.169656,560.703,493.970
361,6.022683,31,0.264599,652.882,403.466
361,6.022683,32,0.689521,565.859,253.140
361,6.022683,33,0.515584,610.610,216.340
361,6.022683,36,0.606383,602.383,296.668
362,6.039367,29,0.169656,564.282,499.942
362,6.039367,31,0.210648,653.962,414.128
362,6.039367,32,0.758710,564.522,259.896
362,6.039367,33,0.646734,612.070,214.980
362,6.039367,36,0.734374,600.488,286.898
363,6.056050,29,0.169656,567.861,505.913
363,6.056050,31,0.210648,655.345,426.374
363,6.056050,32,0.634092,562.969,267.400
363,6.056050,33,0.637018,613.334,213.739
363,6.056050,36,0.685057,598.638,277.306
364,6.072733,29,0.169656,571.440,511.885
364,6.072733,31,0.200637,654.466,433.654
364,6.072733,32,0.632031,561.459,275.537
364,6.072733,33,0.615303,614.731,213.246
364,6.072733,36,0.689047,596.811,268.229
365,6.089417,29,0.169656,575.020,517.857
365,6.089417,31,0.167344,652.625,440.880
365,6.089417,32,0.462779,559.986,284.151
365,6.089417,33,0.706839,616.448,213.363
365,6.089417,36,0.551195,595.319,259.827
365,6.089417,37,0.192490,569.899,444.865
366,6.106100,31,0.275250,650.314,448.982
366,6.106100,32,0.293570,558.782,293.747
366,6.106100,33,0.834702,617.969,213.747
366,6.106100,36,0.761078,593.809,252.485
366,6.106100,37,0.371913,571.354,433.033
367,6.122783,31,0.200151,647.278,456.139
367,6.122783,32,0.173025,557.587,303.630
367,6.122783,33,0.420610,619.395,214.676
367,6.122783,36,0.202005,592.364,245.346
367,6.122783,37,0.371913,572.130,426.893
368,6.139467,31,0.186902,643.610,461.759
368,6.139467,32,0.638879,556.212,313.956
368,6.139467,33,0.498941,620.900,216.078
368,6.139467,36,0.452471,590.762,239.145
368,6.139467,37,0.847017,574.765,408.052
369,6.156150,31,0.186902,641.748,469.750
369,6.156150,32,0.731412,555.194,324.979
369,6.156150,33,0.501304,622.276,218.038
369,6.156150,36,0.169048,589.370,233.806
369,6.156150,37,0.671331,576.773,389.535
370,6.172833,31,0.187152,638.073,474.130
370,6.172833,32,0.749700,554.321,336.655
370,6.172833,33,0.401226,623.380,220.114
370,6.172833,36,0.169048,587.903,227.062
370,6.172833,37,0.573287,578.793,372.753
371,6.189517,31,0.187152,635.729,481.162
371,6.189517,32,0.324452,552.677,348.508
371,6.189517,33,0.551957,625.347,223.104
371,6.189517,36,0.440490,587.017,223.677
371,6.189517,37,0.513345,580.973,357.599
372,6.206200,31,0.187152,633.386,488.195
372,6.206200,32,0.319150,551.232,361.366
372,6.206200,33,0.570000,626.798,226.490
372,6.206200,36,0.293454,586.147,220.938
372,6.206200,37,0.488910,582.695,343.351
373,6.222883,31,0.187152,631.043,495.227
373,6.222883,32,0.577876,550.008,374.864
373,6.222883,33,0.389030,628.069,230.416
373,6.222883,36,0.164754,584.965,218.646
373,6.222883,37,0.641511,584.348,330.814
374,6.239567,31,0.187152,628.700,502.259
374,6.239567,32,0.711869,548.091,388.254
374,6.239567,33,0.700504,629.586,235.304
374,6.239567,36,0.582866,583.164,216.661
374,6.239567,37,0.728168,586.209,319.343
375,6.256250,31,0.187152,626.356,509.291
375,6.256250,32,0.696938,546.251,402.853
375,6.256250,33,0.664188,630.655,240.663
375,6.256250,36,0.300859,581.652,215.301
375,6.256250,37,0.443757,587.542,308.308
376,6.272933,32,0.742012,544.604,415.240
376,6.272933,33,0.674817,632.048,246.622
376,6.272933,36,0.214316,579.936,214.523
376,6.272933,37,0.565982,589.093,298.431
377,6.289617,32,0.195387,542.727,427.242
377,6.289617,33,0.429508,633.745,252.643
377,6.289617,36,0.214316,578.456,212.061
377,6.289617,37,0.377630,590.712,289.233
378,6.306300,32,0.195387,541.064,439.768
378,6.306300,33,0.551162,635.014,259.473
378,6.306300,36,0.276549,577.073,212.664
378,6.306300,37,0.375764,592.075,280.869
379,6.322983,32,0.269001,540.350,446.819
379,6.322983,33,0.254450,636.335,266.821
379,6.322983,36,0.276549,575.618,211.016
379,6.322983,37,0.375764,593.637,270.429
380,6.339667,32,0.399537,540.076,454.190
380,6.339667,33,0.406417,638.060,274.885
380,6.339667,36,0.223349,573.959,212.763
380,6.339667,37,0.393170,594.856,263.931
381,6.356350,32,0.548801,541.471,461.101
381,6.356350,33,0.624882,639.917,283.358
381,6.356350,36,0.457191,572.484,215.345
381,6.356350,37,0.625052,595.947,257.949
381,6.356350,38,0.749266,615.710,393.490
382,6.373033,32,0.151929,543.002,468.261
382,6.373033,33,0.424172,641.723,292.469
382,6.373033,36,0.442327,570.860,218.131
382,6.373033,37,0.643283,597.130,252.393
382,6.373033,38,0.430805,614.426,381.673
383,6.389717,32,0.443306,545.401,474.568
383,6.389717,33,0.436315,643.171,302.244
383,6.389717,36,0.382038,569.399,221.339
383,6.389717,37,0.642000,598.620,247.320
383,6.389717,38,0.458274,613.098,367.217
384,6.406400,32,0.443306,546.096,482.628
384,6.406400,33,0.409235,644.584,312.304
384,6.406400,36,0.510396,567.558,225.134
384,6.406400,37,0.219378,600.215,242.253
384,6.406400,38,0.458274,612.258,358.136
385,6.423083,32,0.443306,546.792,490.688
385,6.423083,33,0.697490,645.847,323.465
385,6.423083,36,0.292183,565.553,228.915
385,6.423083,37,0.386099,601.663,237.595
385,6.423083,38,0.741026,610.415,342.198
386,6.439767,32,0.211516,551.222,493.446
386,6.439767,33,0.782345,647.648,335.179
386,6.439767,36,0.588215,564.099,233.459
386,6.439767,37,0.418880,603.124,233.719
386,6.439767,38,0.436918,608.767,327.831
387,6.456450,32,0.155390,555.466,495.192
387,6.456450,33,0.754895,649.204,347.418
387,6.456450,36,0.162192,562.772,238.054
387,6.456450,37,0.217642,604.398,230.527
387,6.456450,38,0.319536,606.895,314.952
388,6.473133,32,0.155390,557.831,500.542
388,6.473133,33,0.789112,650.904,360.471
388,6.473133,36,0.338388,561.139,243.671
388,6.473133,37,0.477449,605.194,227.463
388,6.473133,38,0.508419,605.201,303.549
389,6.489817,32,0.153543,562.532,495.219
389,6.489817,33,0.719434,652.935,373.334
389,6.489817,36,0.422093,559.790,249.717
389,6.489817,37,0.286671,606.414,224.740
389,6.489817,38,0.468986,603.883,293.321
390,6.506500,32,0.464781,565.665,487.403
390,6.506500,33,0.569882,654.500,386.097
390,6.506500,36,0.542196,558.193,255.847
390,6.506500,37,0.734255,607.693,222.991
390,6.506500,38,0.768279,602.538,283.744
391,6.523183,32,0.166840,568.228,476.285
391,6.523183,33,0.328941,656.122,397.267
391,6.523183,36,0.422257,556.714,262.983
391,6.523183,37,0.463530,609.111,221.704
391,6.523183,38,0.684981,601.443,275.050
392,6.539867,32,0.181995,570.562,463.933
392,6.539867,33,0.427498,657.013,407.826
392,6.539867,36,0.783040,555.325,270.753
392,6.539867,37,0.392960,610.057,220.995
392,6.539867,38,0.668384,599.712,267.184
393,6.556550,32,0.181995,573.313,458.366
393,6.556550,33,0.610155,657.385,417.467
393,6.556550,36,0.421799,553.886,278.233
393,6.556550,37,0.410446,611.289,220.443
393,6.556550,38,0.666880,598.406,260.003
394,6.573233,32,0.181995,576.064,452.799
394,6.573233,33,0.256683,656.510,427.357
394,6.573233,36,0.493058,552.226,286.932
394,6.573233,37,0.551794,612.372,220.251
394,6.573233,38,0.476799,597.400,253.655
395,6.589917,32,0.181995,578.815,447.232
395,6.589917,33,0.175639,654.815,436.198
395,6.589917,36,0.413689,550.569,296.194
395,6.589917,37,0.311457,613.418,221.038
395,6.589917,38,0.604771,596.495,247.726
396,6.606600,32,0.181995,581.566,441.665
396,6.606600,33,0.216313,652.472,446.024
396,6.606600,36,0.624077,548.848,306.069
396,6.606600,37,0.514313,614.470,222.018
396,6.606600,38,0.662990,595.423,242.115
396,6.606600,39,0.711933,576.858,400.714
397,6.623283,32,0.181995,584.318,436.098
397,6.623283,33,0.216313,651.857,456.115
397,6.623283,36,0.652367,547.114,316.695
397,6.623283,37,0.380465,616.336,223.694
397,6.623283,38,0.502960,594.367,237.126
397,6.623283,39,0.259349,579.019,386.551
398,6.639967,33,0.216313,651.242,466.206
398,6.639967,36,0.603928,545.670,327.802
398,6.639967,37,0.679943,617.899,225.777
398,6.639967,38,0.560237,593.176,232.787
398,6.639967,39,0.666071,580.673,371.983
399,6.656650,33,0.341544,646.132,472.958
399,6.656650,36,0.533963,544.099,339.374
399,6.656650,37,0.726452,619.134,228.500
399,6.656650,38,0.545518,591.888,228.887
399,6.656650,39,0.724082,582.473,356.658
400,6.673333,33,0.249419,641.199,478.185
400,6.673333,36,0.604042,542.624,351.614
400,6.673333,37,0.592086,620.592,231.996
400,6.673333,38,0.501124,590.811,225.880
400,6.673333,39,0.365793,584.267,342.496
401,6.690017,33,0.362860,636.855,482.994
401,6.690017,36,0.587042,541.153,364.341
401,6.690017,37,0.652937,621.847,235.761
401,6.690017,38,0.437020,589.687,223.452
401,6.690017,39,0.739289,586.012,328.789
402,6.706700,33,0.225870,632.852,485.086
402,6.706700,36,0.744591,539.551,378.112
402,6.706700,37,0.461159,622.784,240.381
402,6.706700,38,0.173323,588.619,221.501
402,6.706700,39,0.565057,588.054,316.074
403,6.723383,33,0.427292,629.054,483.145
403,6.723383,36,0.610276,537.775,391.832
403,6.723383,37,0.647300,623.952,244.879
403,6.723383,38,0.423735,587.423,219.518
403,6.723383,39,0.568436,589.816,304.470
404,6.740067,33,0.156432,625.921,477.602
404,6.740067,36,0.695203,535.775,404.636
404,6.740067,37,0.566006,625.451,249.953
404,6.740067,38,0.492513,586.480,218.260
404,6.740067,39,0.672043,591.324,293.516
405,6.756750,33,0.292111,622.324,468.731
405,6.756750,36,0.665888,533.833,415.363
405,6.756750,37,0.709407,626.646,256.089
405,6.756750,38,0.656461,585.501,217.581
405,6.756750,39,0.670625,592.983,283.225
406,6.773433,33,0.292177,619.391,456.903
406,6.773433,36,0.548998,532.614,425.290
406,6.773433,37,0.511316,627.780,262.743
406,6.773433,38,0.210133,584.230,217.417
406,6.773433,39,0.359479,594.615,273.897
407,6.790117,33,0.478725,617.621,442.680
407,6.790117,36,0.726395,532.417,434.544
407,6.790117,37,0.864559,629.322,270.159
407,6.790117,38,0.637990,582.667,217.776
407,6.790117,39,0.861569,596.043,265.335
408,6.806800,33,0.340724,615.731,426.280
408,6.806800,36,0.520256,532.905,442.723
408,6.806800,37,0.543886,630.493,277.643
408,6.806800,38,0.287584,581.442,218.609
408,6.806800,39,0.557931,597.085,257.227
409,6.823483,33,0.431894,614.232,409.697
409,6.823483,36,0.579507,534.795,450.507
409,6.823483,37,0.275140,631.417,285.749
409,6.823483,38,0.287584,580.210,218.034
409,6.823483,39,0.247297,598.381,249.985
410,6.840167,33,0.581155,612.870,393.253
410,6.840167,36,0.753815,537.709,457.803
410,6.840167,37,0.414482,632.702,294.434
410,6.840167,38,0.404371,578.850,220.643
410,6.840167,39,0.516942,599.928,243.054
411,6.856850,33,0.266017,611.850,377.926
411,6.856850,36,0.589709,540.487,465.137
411,6.856850,37,0.640644,634.429,303.810
411,6.856850,38,0.469195,577.368,223.433
411,6.856850,39,0.480618,601.474,236.567
412,6.873533,33,0.211922,610.020,362.324
412,6.873533,36,0.589709,541.750,473.648
412,6.873533,37,0.179519,635.678,313.934
412,6.873533,38,0.230711,576.175,226.901
412,6.873533,39,0.272812,602.841,231.335
413,6.890217,33,0.211922,608.217,348.368
413,6.890217,36,0.589709,543.014,482.159
413,6.890217,37,0.274253,637.048,324.606
413,6.890217,38,0.230711,574.886,228.511
413,6.890217,39,0.452448,604.268,226.311
414,6.906900,33,0.314887,607.199,335.048
414,6.906900,36,0.589709,544.278,490.670
414,6.906900,37,0.597931,638.682,336.037
414,6.906900,38,0.401663,573.664,233.330
414,6.906900,39,0.615060,605.352,221.668
415,6.923583,33,0.546268,605.745,322.690
415,6.923583,36,0.589709,545.542,499.180
415,6.923583,37,0.563771,639.847,347.887
415,6.923583,38,0.397513,572.692,238.703
415,6.923583,39,0.494901,606.601,217.328
416,6.940267,33,0.317334,604.412,310.560
416,6.940267,36,0.589709,546.806,507.691
416,6.940267,37,0.607726,641.474,361.108
416,6.940267,38,0.383366,571.423,244.163
416,6.940267,39,0.415911,608.266,213.560
417,6.956950,33,0.332868,602.839,299.847
417,6.956950,37,0.577529,643.469,373.542
417,6.956950,38,0.186324,570.098,250.412
417,6.956950,39,0.213294,609.648,210.455
418,6.973633,33,0.268463,601.366,290.114
418,6.973633,37,0.458353,644.980,386.903
418,6.973633,38,0.415491,568.995,257.183
418,6.973633,39,0.272293,611.117,208.163
419,6.990317,33,0.368419,599.876,281.074
419,6.990317,37,0.490222,645.750,398.936
419,6.990317,38,0.458996,568.001,264.645
419,6.990317,39,0.399206,612.639,205.735
420,7.007000,33,0.181980,598.349,272.688
420,7.007000,37,0.509810,646.003,409.461
420,7.007000,38,0.276931,566.208,272.536
420,7.007000,39,0.364707,613.819,204.240
420,7.007000,40,0.273436,568.812,460.866
421,7.023683,33,0.654331,597.025,265.033
421,7.023683,37,0.311027,646.026,419.900
421,7.023683,38,0.527435,564.831,280.859
421,7.023683,39,0.519834,615.089,203.217
421,7.023683,40,0.273436,569.220,458.489
422,7.040367,33,0.510082,595.595,257.764
422,7.040367,37,0.304162,645.633,429.846
422,7.040367,38,0.476576,563.516,289.380
422,7.040367,39,0.566899,616.735,203.026
422,7.040367,40,0.273436,569.628,456.113
423,7.057050,33,0.396704,594.366,250.886
423,7.057050,37,0.150649,643.851,439.193
423,7.057050,38,0.476576,562.186,296.658
423,7.057050,39,0.526971,618.542,203.306
423,7.057050,40,0.273436,570.036,453.736
424,7.073733,33,0.406756,593.108,244.596
424,7.073733,37,0.196288,642.240,447.889
424,7.073733,38,0.153765,560.932,306.442
424,7.073733,39,0.556038,620.258,203.952
424,7.073733,41,0.701135,577.054,404.987
425,7.090417,33,0.631002,591.531,239.047
425,7.090417,37,0.196288,641.720,457.912
425,7.090417,38,0.210970,559.988,317.134
425,7.090417,39,0.615840,621.767,205.150
425,7.090417,41,0.548004,577.759,391.552
426,7.107100,33,0.484408,590.082,233.857
426,7.107100,37,0.226834,639.026,464.725
426,7.107100,38,0.658203,559.046,328.488
426,7.107100,39,0.446204,622.939,206.864
426,7.107100,41,0.641581,579.719,376.255
427,7.123783,33,0.219282,588.943,229.385
427,7.123783,37,0.226834,637.929,473.897
427,7.123783,38,0.551661,557.809,339.947
427,7.123783,39,0.316499,624.278,209.240
427,7.123783,41,0.492478,582.162,361.666
428,7.140467,33,0.394359,587.546,225.218
428,7.140467,37,0.226834,636.832,483.068
428,7.140467,38,0.450777,556.678,352.088
428,7.140467,39,0.494714,625.812,212.203
428,7.140467,41,0.312899,583.762,347.311
429,7.157150,33,0.282332,586.261,221.810
429,7.157150,37,0.226834,635.735,492.239
429,7.157150,38,0.668560,555.350,365.124
429,7.157150,39,0.427643,627.020,215.199
429,7.157150,41,0.480370,585.314,334.106
430,7.173833,33,0.473195,585.144,218.766
430,7.173833,37,0.226834,634.637,501.410
430,7.173833,38,0.524667,554.104,378.378
430,7.173833,39,0.640177,628.322,218.938
430,7.173833,41,0.710372,587.017,321.699
431,7.190517,33,0.481773,583.468,216.225
431,7.190517,37,0.226834,633.540,510.581
431,7.190517,38,0.180903,552.641,391.539
431,7.190517,39,0.736694,629.874,223.305
431,7.190517,41,0.706787,588.878,309.745
432,7.207200,33,0.314241,581.913,214.056
432,7.207200,38,0.301373,551.076,403.725
432,7.207200,39,0.632935,630.954,228.653
432,7.207200,41,0.571047,590.781,299.139
433,7.223883,33,0.345459,580.415,212.703
433,7.223883,38,0.592299,549.510,413.703
433,7.223883,39,0.554170,632.711,234.251
433,7.223883,41,0.600278,592.348,289.023
434,7.240567,33,0.345459,578.966,209.777
434,7.240567,38,0.207200,547.814,423.416
434,7.240567,39,0.434593,634.315,240.326
434,7.240567,41,0.345659,594.151,279.812
435,7.257250,33,0.200061,577.713,209.744
435,7.257250,38,0.547516,546.082,431.925
435,7.257250,39,0.579308,635.528,246.827
435,7.257250,41,0.543798,595.605,271.749
436,7.273933,33,0.282242,576.694,210.233
436,7.273933,38,0.498641,545.153,440.341
436,7.273933,39,0.575658,636.858,253.822
436,7.273933,41,0.597862,596.897,264.306
437,7.290617,33,0.443728,575.130,211.270
437,7.290617,38,0.267212,545.046,448.597
437,7.290617,39,0.686503,638.472,261.398
437,7.290617,41,0.781140,598.225,257.473
438,7.307300,33,0.636671,573.653,212.740
438,7.307300,38,0.266994,545.502,456.414
438,7.307300,39,0.737030,639.803,269.719
438,7.307300,41,0.727696,599.023,251.129
439,7.323983,33,0.648718,572.209,214.596
439,7.323983,38,0.192418,546.487,463.734
439,7.323983,39,0.632313,641.776,278.393
439,7.323983,41,0.763426,600.118,245.202
440,7.340667,33,0.770122,570.754,217.227
440,7.340667,38,0.382593,548.215,470.575
440,7.340667,39,0.675128,643.650,288.130
440,7.340667,41,0.780208,601.534,239.894
441,7.357350,33,0.765230,569.229,220.233
441,7.357350,38,0.430232,549.811,476.535
441,7.357350,39,0.769120,645.012,298.514
441,7.357350,41,0.769790,602.924,234.843
442,7.374033,33,0.770179,567.728,223.657
442,7.374033,38,0.430232,550.456,484.071
442,7.374033,39,0.770874,646.139,308.485
442,7.374033,41,0.724006,604.154,230.695
443,7.390717,33,0.754007,566.245,227.695
443,7.390717,38,0.430232,551.100,491.606
443,7.390717,39,0.681396,647.962,320.258
443,7.390717,41,0.699645,605.365,226.596
444,7.407400,33,0.440470,564.859,232.215
444,7.407400,38,0.258867,554.604,493.672
444,7.407400,39,0.667627,649.440,332.118
444,7.407400,41,0.524433,606.573,223.083
445,7.424083,33,0.584104,563.682,236.764
445,7.424083,38,0.346228,558.074,493.646
445,7.424083,39,0.843514,650.892,344.829
445,7.424083,41,0.604891,608.187,220.255
445,7.424083,42,0.609496,603.967,314.567
446,7.440767,33,0.481328,562.285,241.791
446,7.440767,38,0.479313,561.504,491.636
446,7.440767,39,0.764684,652.578,357.790
446,7.440767,41,0.711214,609.745,217.680
446,7.440767,42,0.725261,603.070,306.648
447,7.457450,33,0.837593,560.685,247.707
447,7.457450,38,0.292500,564.087,485.796
447,7.457450,39,0.743358,654.011,371.372
447,7.457450,41,0.806046,611.200,216.029
447,7.457450,42,0.782445,601.669,296.961
448,7.474133,33,0.774735,559.163,254.511
448,7.474133,38,0.369940,566.525,477.906
448,7.474133,39,0.427398,655.846,385.880
448,7.474133,41,0.790070,612.693,214.459
448,7.474133,42,0.781997,600.288,287.490
449,7.490817,33,0.741513,557.400,261.774
449,7.490817,38,0.209909,568.360,467.519
449,7.490817,39,0.380471,657.015,396.520
449,7.490817,41,0.708518,614.027,213.638
449,7.490817,42,0.720268,599.057,279.001
450,7.507500,33,0.714858,555.991,269.062
450,7.507500,38,0.274863,570.641,454.788
450,7.507500,39,0.404651,657.494,406.674
450,7.507500,41,0.718719,615.420,213.385
450,7.507500,42,0.834459,597.687,270.910
451,7.524183,33,0.801773,554.744,277.094
451,7.524183,38,0.404132,572.362,440.130
451,7.524183,39,0.444388,657.194,415.140
451,7.524183,41,0.754201,617.140,213.539
451,7.524183,42,0.737278,596.245,263.406
452,7.540867,33,0.728993,553.456,286.027
452,7.540867,38,0.286462,574.814,423.714
452,7.540867,39,0.209431,655.601,424.244
452,7.540867,41,0.584565,618.215,214.631
452,7.540867,42,0.506885,595.103,256.689
453,7.557550,33,0.432845,551.894,295.135
453,7.557550,38,0.712479,577.178,407.488
453,7.557550,39,0.209431,655.779,434.577
453,7.557550,41,0.505223,619.568,216.276
453,7.557550,42,0.343406,593.875,250.642
454,7.574233,33,0.206617,550.030,304.852
454,7.574233,38,0.513431,578.487,391.823
454,7.574233,39,0.209431,655.957,444.910
454,7.574233,41,0.255809,621.290,218.218
454,7.574233,42,0.213797,592.365,245.082
455,7.590917,33,0.256308,547.938,315.289
455,7.590917,38,0.513431,580.487,378.760
455,7.590917,39,0.226965,650.849,452.274
455,7.590917,41,0.525027,622.332,220.959
455,7.590917,42,0.238987,590.956,240.392
456,7.607600,33,0.660546,546.402,326.007
456,7.607600,38,0.678919,582.382,362.755
456,7.607600,39,0.226965,649.625,461.819
456,7.607600,41,0.787757,623.305,223.755
456,7.607600,42,0.646373,589.944,236.188
457,7.624283,33,0.575747,544.829,337.758
457,7.624283,38,0.771702,584.031,348.207
457,7.624283,39,0.226965,648.400,471.364
457,7.624283,41,0.781188,624.451,227.186
457,7.624283,42,0.528140,588.668,233.391
458,7.640967,33,0.477467,543.191,350.399
458,7.640967,38,0.751181,585.931,334.849
458,7.640967,39,0.170578,642.084,474.305
458,7.640967,41,0.602421,625.776,231.439
458,7.640967,42,0.282813,587.402,230.991
459,7.657650,33,0.537142,541.849,363.313
459,7.657650,38,0.564050,587.450,322.732
459,7.657650,39,0.409566,636.378,476.703
459,7.657650,41,0.723323,626.792,235.913
459,7.657650,42,0.325014,586.402,229.369
460,7.674333,33,0.618349,540.089,376.971
460,7.674333,38,0.375318,589.359,311.088
460,7.674333,39,0.191300,631.800,476.776
460,7.674333,41,0.522573,628.112,240.733
460,7.674333,42,0.334351,585.160,227.530
461,7.691017,33,0.235589,538.286,390.684
461,7.691017,38,0.454889,591.080,300.685
461,7.691017,39,0.235863,628.047,474.041
461,7.691017,41,0.513598,629.709,246.511
461,7.691017,42,0.232631,583.376,226.552
462,7.707700,33,0.373493,536.454,404.703
462,7.707700,38,0.376689,592.547,290.721
462,7.707700,39,0.226583,624.990,468.956
462,7.707700,41,0.386166,630.845,252.707
462,7.707700,42,0.307589,581.878,225.890
463,7.724383,33,0.587383,535.044,417.091
463,7.724383,38,0.432682,594.162,281.789
463,7.724383,39,0.226583,621.441,469.606
463,7.724383,41,0.612029,632.368,259.713
463,7.724383,42,0.501188,580.639,225.939
464,7.741067,33,0.588093,534.075,428.847
464,7.741067,38,0.722036,595.785,273.723
464,7.741067,39,0.226583,617.892,470.256
464,7.741067,41,0.653650,633.406,267.159
464,7.741067,42,0.675400,579.341,226.566
465,7.757750,33,0.421208,533.495,439.168
465,7.757750,38,0.807939,597.208,266.182
465,7.757750,39,0.226583,614.343,470.905
465,7.757750,41,0.780571,635.386,274.926
465,7.757750,42,0.523708,578.023,227.990
466,7.774433,33,0.248714,534.445,448.349
466,7.774433,38,0.610057,598.855,259.210
466,7.774433,39,0.226583,610.794,471.555
466,7.774433,41,0.524967,637.102,283.066
466,7.774433,42,0.322034,576.795,229.885
466,7.774433,43,0.227516,535.716,438.024
466,7.774433,44,0.625738,618.712,417.461
467,7.791117,33,0.689947,536.771,456.114
467,7.791117,38,0.554724,600.117,253.264
467,7.791117,39,0.226583,607.245,472.204
467,7.791117,41,0.640714,638.860,291.659
467,7.791117,42,0.596346,575.311,231.873
467,7.791117,43,0.227516,536.005,440.400
467,7.791117,44,0.276624,617.401,403.855
468,7.807800,33,0.562622,538.862,463.186
468,7.807800,38,0.702288,601.503,247.624
468,7.807800,41,0.489323,640.355,301.047
468,7.807800,42,0.633962,574.039,234.683
468,7.807800,43,0.392967,538.418,450.106
468,7.807800,44,0.205657,616.316,388.995
469,7.824483,33,0.562622,539.522,472.604
469,7.824483,38,0.344881,603.102,242.224
469,7.824483,41,0.489323,641.915,308.908
469,7.824483,42,0.633962,572.708,235.971
469,7.824483,43,0.392967,539.454,455.058
469,7.824483,44,0.205657,615.509,379.371
470,7.841167,33,0.562622,540.182,482.023
470,7.841167,38,0.344881,604.618,235.347
470,7.841167,41,0.489323,643.475,316.770
470,7.841167,42,0.633962,571.377,237.258
470,7.841167,43,0.224799,544.696,464.574
470,7.841167,44,0.205657,614.701,369.747
471,7.857850,33,0.562622,540.842,491.441
471,7.857850,38,0.383178,605.789,231.802
471,7.857850,41,0.529592,644.684,329.658
471,7.857850,42,0.316945,569.946,242.982
471,7.857850,43,0.224799,547.150,471.066
471,7.857850,44,0.205657,613.893,360.123
472,7.874533,33,0.562622,541.503,500.859
472,7.874533,38,0.267690,607.203,228.552
472,7.874533,41,0.351991,645.747,342.408
472,7.874533,42,0.316945,568.588,245.446
472,7.874533,43,0.224799,549.605,477.557
472,7.874533,44,0.205657,613.085,350.499
473,7.891217,33,0.562622,542.163,510.277
473,7.891217,38,0.383957,608.888,225.671
473,7.891217,41,0.594497,647.012,355.261
473,7.891217,42,0.281981,567.093,252.561
473,7.891217,43,0.224799,552.059,484.048
473,7.891217,44,0.205657,612.277,340.875
474,7.907900,38,0.188089,610.301,223.180
474,7.907900,41,0.278463,648.565,368.714
474,7.907900,42,0.173265,565.560,259.865
474,7.907900,44,0.155996,608.212,320.388
475,7.924583,38,0.256482,611.624,220.918
475,7.924583,41,0.379300,650.345,381.902
475,7.924583,42,0.305125,564.052,267.053
475,7.924583,44,0.267323,605.153,304.275
476,7.941267,38,0.612778,613.084,219.321
476,7.941267,41,0.618924,651.725,392.793
476,7.941267,42,0.431376,562.858,274.855
476,7.941267,44,0.520288,602.635,291.301
477,7.957950,38,0.540363,614.403,218.233
477,7.957950,41,0.446734,652.800,402.754
477,7.957950,42,0.400763,561.633,282.598
477,7.957950,44,0.434821,600.268,280.517
478,7.974633,38,0.703508,616.068,217.323
478,7.974633,41,0.492920,653.068,411.780
478,7.974633,42,0.519056,560.137,290.759
478,7.974633,44,0.306847,598.523,271.217
479,7.991317,38,0.812318,617.517,216.982
479,7.991317,41,0.528472,653.006,419.807
479,7.991317,42,0.504656,558.852,299.571
479,7.991317,44,0.759404,596.935,263.314
480,8.008000,38,0.833747,619.284,217.370
480,8.008000,41,0.484281,652.088,428.886
480,8.008000,42,0.613804,557.523,308.404
480,8.008000,44,0.730838,595.430,256.247
481,8.024683,38,0.440332,621.096,217.912
481,8.024683,41,0.324457,650.646,435.875
481,8.024683,42,0.228121,556.146,318.080
481,8.024683,44,0.409713,594.052,250.184
482,8.041367,38,0.515191,622.404,219.061
482,8.041367,41,0.325066,648.771,443.647
482,8.041367,42,0.590200,555.152,328.617
482,8.041367,44,0.365019,592.477,244.454
482,8.041367,45,0.419569,581.194,403.462
483,8.058050,38,0.641622,623.558,221.051
483,8.058050,41,0.325066,648.167,452.318
483,8.058050,42,0.510415,553.957,339.483
483,8.058050,44,0.312963,590.872,239.536
483,8.058050,45,0.261484,582.807,390.333
484,8.074733,38,0.748487,624.972,223.318
484,8.074733,41,0.325066,647.562,460.989
484,8.074733,42,0.390019,552.639,350.923
484,8.074733,44,0.448430,589.472,234.967
484,8.074733,45,0.278177,584.163,375.667
485,8.091417,38,0.746899,626.664,226.207
485,8.091417,41,0.325066,646.958,469.660
485,8.091417,42,0.582379,551.251,362.675
485,8.091417,44,0.400738,587.930,231.145
485,8.091417,45,0.599164,585.594,361.688
486,8.108100,38,0.643293,628.201,229.995
486,8.108100,41,0.325066,646.353,478.331
486,8.108100,42,0.479129,549.720,375.232
486,8.108100,44,0.509566,586.638,227.538
486,8.108100,45,0.624592,587.217,347.695
487,8.124783,38,0.589063,629.815,234.021
487,8.124783,41,0.215907,640.777,477.968
487,8.124783,42,0.546563,547.757,388.275
487,8.124783,44,0.273596,585.607,224.465
487,8.124783,45,0.330772,589.606,334.721
488,8.141467,38,0.665274,631.204,238.580
488,8.141467,41,0.215907,638.854,484.242
488,8.141467,42,0.570241,546.376,401.478
488,8.141467,44,0.504982,584.571,221.564
488,8.141467,45,0.432194,591.524,322.884
489,8.158150,38,0.558941,632.666,243.524
489,8.158150,41,0.215907,636.930,490.515
489,8.158150,42,0.184939,544.461,413.180
489,8.158150,44,0.504982,583.282,217.383
489,8.158150,45,0.339713,593.247,311.616
490,8.174833,38,0.527117,634.306,249.163
490,8.174833,42,0.434917,541.716,423.954
490,8.174833,44,0.300955,581.349,216.559
490,8.174833,45,0.555167,594.933,301.344
491,8.191517,38,0.682023,635.460,255.192
491,8.191517,42,0.594088,540.609,433.265
491,8.191517,44,0.681307,579.523,216.044
491,8.191517,45,0.826278,596.390,291.802
491,8.191517,46,0.501459,628.392,455.528
492,8.208200,38,0.695050,637.080,262.224
492,8.208200,42,0.454770,539.386,441.442
492,8.208200,44,0.735670,577.814,216.010
492,8.208200,45,0.798559,597.848,283.221
492,8.208200,46,0.682127,626.045,446.447
493,8.224883,38,0.588652,638.609,269.106
493,8.224883,42,0.608603,538.947,449.030
493,8.224883,44,0.646482,576.159,216.499
493,8.224883,45,0.642322,599.377,275.307
493,8.224883,46,0.743713,624.275,433.745
494,8.241567,38,0.679157,640.134,276.744
494,8.241567,42,0.318161,538.968,457.259
494,8.241567,44,0.795549,574.084,217.076
494,8.241567,45,0.728118,600.949,267.812
494,8.241567,46,0.323866,622.332,420.497
495,8.258250,38,0.259706,641.694,285.512
495,8.258250,42,0.294418,539.528,463.567
495,8.258250,44,0.558787,572.522,218.303
495,8.258250,45,0.521330,602.475,261.431
495,8.258250,46,0.800951,620.184,405.483
496,8.274933,38,0.705783,643.361,294.784
496,8.274933,42,0.557149,540.545,470.526
496,8.274933,44,0.524080,570.884,219.822
496,8.274933,45,0.592633,604.174,255.078
496,8.274933,46,0.173905,618.432,390.377
497,8.291617,38,0.486743,644.721,304.194
497,8.291617,42,0.473723,542.268,476.575
497,8.291617,44,0.469741,569.358,222.060
497,8.291617,45,0.693337,605.261,249.029
497,8.291617,46,0.173905,616.718,378.435
498,8.308300,38,0.453279,646.166,314.331
498,8.308300,42,0.313030,544.840,480.666
498,8.308300,44,0.346985,567.966,224.609
498,8.308300,45,0.227753,606.921,243.654
498,8.308300,46,0.429103,615.371,362.945
499,8.324983,38,0.445014,647.959,325.211
499,8.324983,42,0.313030,545.794,487.269
499,8.324983,44,0.397700,566.368,227.550
499,8.324983,45,0.731316,608.649,239.102
499,8.324983,46,0.460789,613.503,348.645
500,8.341667,38,0.321941,649.620,336.652
500,8.341667,42,0.313030,546.747,493.872
500,8.341667,44,0.479800,564.709,231.174
500,8.341667,45,0.737542,610.198,235.015
500,8.341667,46,0.275056,612.374,335.563
501,8.358350,38,0.780741,651.510,348.450
501,8.358350,42,0.313030,547.701,500.475
501,8.358350,44,0.582785,563.205,235.470
501,8.358350,45,0.578615,611.761,231.736
501,8.358350,46,0.471163,610.472,323.244
502,8.375033,38,0.782089,653.205,361.303
502,8.375033,42,0.313030,548.654,507.078
502,8.375033,44,0.365510,561.466,240.139
502,8.375033,45,0.613015,613.458,228.685
502,8.375033,46,0.704601,608.841,311.626
503,8.391717,38,0.756902,654.427,373.813
503,8.391717,42,0.313030,549.608,513.681
503,8.391717,44,0.563583,559.631,245.413
503,8.391717,45,0.595045,614.704,225.929
503,8.391717,46,0.564715,607.758,301.657
504,8.408400,38,0.735469,655.724,385.250
504,8.408400,44,0.421944,557.821,251.454
504,8.408400,45,0.470929,616.225,223.975
504,8.408400,46,0.667782,606.184,292.463
505,8.425083,38,0.673031,656.601,395.613
505,8.425083,44,0.452335,556.199,258.191
505,8.425083,45,0.534167,617.532,222.429
505,8.425083,46,0.534493,604.409,283.882
506,8.441767,38,0.684224,657.017,404.964
506,8.441767,44,0.768963,554.630,265.244
506,8.441767,45,0.631676,618.888,221.543
506,8.441767,46,0.653913,602.841,275.772
507,8.458450,38,0.675483,656.555,414.172
507,8.458450,44,0.741371,553.301,272.952
507,8.458450,45,0.512423,620.657,221.086
507,8.458450,46,0.486563,601.298,268.488
508,8.475133,38,0.654160,655.120,423.532
508,8.475133,44,0.579514,551.748,281.308
508,8.475133,45,0.348793,621.985,220.970
508,8.475133,46,0.502454,599.783,261.720
509,8.491817,38,0.368719,652.923,432.789
509,8.491817,44,0.770908,550.019,290.275
509,8.491817,45,0.599260,622.973,221.631
509,8.491817,46,0.453812,598.405,255.452
510,8.508500,38,0.414857,650.114,442.011
510,8.508500,44,0.671560,548.123,299.378
510,8.508500,45,0.623241,624.846,222.705
510,8.508500,46,0.643178,597.055,249.740
510,8.508500,47,0.636168,579.296,394.683
511,8.525183,38,0.498160,646.281,450.971
511,8.525183,44,0.556439,546.416,308.777
511,8.525183,45,0.507303,626.136,223.932
511,8.525183,46,0.535585,595.584,244.448
511,8.525183,47,0.643053,581.589,382.235
512,8.541867,38,0.297129,642.367,459.564
512,8.541867,44,0.669533,544.795,319.868
512,8.541867,45,0.742996,627.585,226.178
512,8.541867,46,0.589570,594.203,239.727
512,8.541867,47,0.790208,583.532,367.968
513,8.558550,38,0.297129,639.981,468.807
513,8.558550,44,0.680936,542.793,331.098
513,8.558550,45,0.761672,629.355,229.149
513,8.558550,46,0.469142,592.674,235.628
513,8.558550,47,0.627448,585.291,353.089
514,8.575233,38,0.413749,636.557,474.594
514,8.575233,44,0.498629,541.323,342.801
514,8.575233,45,0.549250,630.633,232.619
514,8.575233,46,0.263292,591.145,232.134
514,8.575233,47,0.547875,586.925,340.194
515,8.591917,38,0.431841,633.225,478.907
515,8.591917,44,0.617648,539.699,354.807
515,8.591917,45,0.722882,632.322,236.241
515,8.591917,46,0.485793,590.135,228.864
515,8.591917,47,0.558287,589.573,327.081
516,8.608600,38,0.481737,630.482,480.353
516,8.608600,44,0.454605,538.403,367.753
516,8.608600,45,0.539884,634.080,240.617
516,8.608600,46,0.479024,588.594,226.143
516,8.608600,47,0.516685,591.289,315.053
517,8.625283,38,0.186415,627.862,477.770
517,8.625283,44,0.615074,536.173,380.570
517,8.625283,45,0.444066,635.570,245.361
517,8.625283,46,0.479024,587.187,222.032
517,8.625283,47,0.288963,593.318,303.961
518,8.641967,38,0.433401,625.442,471.210
518,8.641967,44,0.700125,534.685,393.775
518,8.641967,45,0.545558,637.345,250.687
518,8.641967,46,0.540125,586.187,220.873
518,8.641967,47,0.647638,595.016,293.834
519,8.658650,38,0.408246,622.965,461.867
519,8.658650,44,0.512597,532.966,407.041
519,8.658650,45,0.793777,639.253,256.861
519,8.658650,46,0.687455,584.842,220.411
519,8.658650,47,0.814092,596.826,284.336
520,8.675333,38,0.434821,620.803,449.374
520,8.675333,44,0.421247,531.945,418.141
520,8.675333,45,0.617396,640.706,263.283
520,8.675333,46,0.351977,583.046,220.236
520,8.675333,47,0.710247,598.510,275.512
521,8.692017,38,0.457821,619.391,434.364
521,8.692017,44,0.588895,531.827,429.250
521,8.692017,45,0.543725,642.487,270.696
521,8.692017,46,0.303394,581.622,220.601
521,8.692017,47,0.651289,600.091,267.516
522,8.708700,38,0.175383,617.940,417.935
522,8.708700,44,0.234915,532.770,438.975
522,8.708700,45,0.666419,644.044,278.341
522,8.708700,46,0.309136,579.999,221.311
522,8.708700,47,0.514568,601.852,260.501
523,8.725383,38,0.300980,616.809,401.066
523,8.725383,44,0.640671,533.990,447.510
523,8.725383,45,0.637398,645.474,286.592
523,8.725383,46,0.558538,578.305,221.804
523,8.725383,47,0.628637,603.769,254.049
524,8.742067,38,0.300980,615.033,389.380
524,8.742067,44,0.548903,536.094,455.207
524,8.742067,45,0.495281,647.167,295.558
524,8.742067,46,0.441361,577.131,223.300
524,8.742067,47,0.716497,605.347,247.696
525,8.758750,38,0.300980,613.258,377.694
525,8.758750,44,0.567514,538.797,462.578
525,8.758750,45,0.626028,648.872,305.047
525,8.758750,46,0.326160,575.551,225.461
525,8.758750,47,0.649972,607.591,241.943
526,8.775433,38,0.300980,611.482,366.008
526,8.775433,44,0.314559,542.453,469.108
526,8.775433,45,0.622244,650.662,315.466
526,8.775433,46,0.378506,573.868,227.806
526,8.775433,47,0.537247,609.381,236.956
527,8.792117,38,0.300980,609.706,354.322
527,8.792117,44,0.299919,546.191,475.850
527,8.792117,45,0.558504,652.431,325.883
527,8.792117,46,0.405966,572.836,230.946
527,8.792117,47,0.431335,611.005,232.748
528,8.808800,38,0.190504,609.573,334.884
528,8.808800,44,0.299919,548.473,483.844
528,8.808800,45,0.500904,654.008,337.307
528,8.808800,46,0.394585,571.354,234.767
528,8.808800,47,0.466476,612.713,229.028
529,8.825483,38,0.401436,608.910,317.692
529,8.825483,44,0.299919,550.755,491.838
529,8.825483,45,0.431287,655.658,348.989
529,8.825483,46,0.217810,570.013,239.338
529,8.825483,47,0.168106,614.061,225.871
530,8.842167,38,0.444447,608.456,303.055
530,8.842167,44,0.299919,553.037,499.832
530,8.842167,45,0.713975,657.546,361.582
530,8.842167,46,0.200120,568.703,244.217
530,8.842167,47,0.186957,615.638,223.277
531,8.858850,38,0.479875,607.988,290.359
531,8.858850,44,0.299919,555.319,507.826
531,8.858850,45,0.752687,659.360,374.296
531,8.858850,46,0.324694,566.936,249.571
531,8.858850,47,0.186957,617.273,219.061
532,8.875533,38,0.569764,607.408,279.574
532,8.875533,44,0.299919,557.601,515.820
532,8.875533,45,0.496465,660.677,387.676
532,8.875533,46,0.357646,565.137,255.513
532,8.875533,47,0.429416,618.518,217.652
533,8.892217,38,0.487784,606.220,270.332
533,8.892217,45,0.249053,661.870,400.264
533,8.892217,46,0.488651,563.379,261.869
533,8.892217,47,0.615869,620.253,216.673
533,8.892217,48,0.468050,567.175,473.723
534,8.908900,38,0.560312,605.296,262.109
534,8.908900,45,0.720374,662.690,409.951
534,8.908900,46,0.366413,561.865,268.673
534,8.908900,47,0.551358,622.212,216.128
534,8.908900,48,0.173423,569.613,464.644
535,8.925583,38,0.689440,604.169,254.229
535,8.925583,45,0.725447,662.845,418.543
535,8.925583,46,0.630404,560.358,276.141
535,8.925583,47,0.645873,623.634,216.291
535,8.925583,48,0.456725,572.409,453.559
536,8.942267,38,0.704960,602.907,247.219
536,8.942267,45,0.656798,661.776,426.946
536,8.942267,46,0.585657,558.953,284.167
536,8.942267,47,0.716237,625.491,216.954
536,8.942267,48,0.730987,575.445,439.093
537,8.958950,38,0.269207,601.575,240.507
537,8.958950,45,0.172720,660.152,435.071
537,8.958950,46,0.500478,557.430,292.833
537,8.958950,47,0.360522,627.097,217.887
537,8.958950,48,0.578554,578.401,423.770
538,8.975633,38,0.672538,600.344,234.317
538,8.975633,45,0.379340,657.384,442.400
538,8.975633,46,0.723939,555.927,302.110
538,8.975633,47,0.755019,628.721,219.179
538,8.975633,48,0.726028,580.952,408.203
539,8.992317,38,0.756320,598.991,228.879
539,8.992317,45,0.421147,653.821,450.304
539,8.992317,46,0.763450,554.508,312.088
539,8.992317,47,0.681610,630.160,220.797
539,8.992317,48,0.158048,583.445,392.792
540,9.009000,38,0.640566,597.839,223.619
540,9.009000,45,0.421147,652.288,458.989
540,9.009000,46,0.783770,553.041,322.293
540,9.009000,47,0.524568,631.157,223.276
540,9.009000,48,0.676687,585.256,377.434
541,9.025683,38,0.483798,596.459,219.111
541,9.025683,45,0.421147,650.755,467.674
541,9.025683,46,0.399850,551.039,333.002
541,9.025683,47,0.518738,633.464,226.135
541,9.025683,48,0.326295,586.549,363.039
542,9.042367,38,0.563716,595.206,215.057
542,9.042367,45,0.421147,649.221,476.360
542,9.042367,46,0.478385,549.746,344.254
542,9.042367,47,0.456477,635.194,229.330
542,9.042367,48,0.437769,587.878,348.612
543,9.059050,38,0.644912,593.984,211.321
543,9.059050,45,0.421147,647.688,485.045
543,9.059050,46,0.643816,547.803,356.246
543,9.059050,47,0.449060,636.760,233.067
543,9.059050,48,0.511092,588.952,335.501
544,9.075733,38,0.693634,592.845,208.558
544,9.075733,45,0.303356,641.871,485.227
544,9.075733,46,0.721722,546.198,369.090
544,9.075733,47,0.496344,638.739,237.428
544,9.075733,48,0.616060,590.829,323.370
545,9.092417,38,0.613564,591.685,205.990
545,9.092417,45,0.368496,637.013,484.626
545,9.092417,46,0.820338,544.616,382.254
545,9.092417,47,0.568823,640.446,242.204
545,9.092417,48,0.384873,592.641,311.721
546,9.109100,38,0.579260,590.399,203.952
546,9.109100,45,0.443150,632.993,481.416
546,9.109100,46,0.655409,542.098,395.702
546,9.109100,47,0.508441,642.385,247.761
546,9.109100,48,0.517001,594.501,301.417
547,9.125783,38,0.333670,589.410,202.313
547,9.125783,45,0.368521,630.031,474.576
547,9.125783,46,0.240375,540.769,409.644
547,9.125783,47,0.219534,643.840,253.677
547,9.125783,48,0.486998,595.817,291.610
548,9.142467,38,0.411863,588.492,201.141
548,9.142467,45,0.498033,627.256,465.628
548,9.142467,46,0.514315,539.604,423.083
548,9.142467,47,0.293593,645.212,260.357
548,9.142467,48,0.631741,597.299,282.639
549,9.159150,38,0.507539,587.554,200.790
549,9.159150,45,0.349066,625.265,453.796
549,9.159150,46,0.698169,538.604,434.431
549,9.159150,47,0.303608,647.430,267.572
549,9.159150,48,0.203434,598.469,274.118
550,9.175833,38,0.764911,586.656,200.875
550,9.175833,45,0.564244,623.462,439.585
550,9.175833,46,0.382741,537.493,443.182
550,9.175833,47,0.600737,649.286,275.774
550,9.175833,48,0.578190,599.649,266.227
551,9.192517,38,0.729423,585.508,201.413
551,9.192517,45,0.209604,621.844,423.972
551,9.192517,46,0.549343,537.797,451.201
551,9.192517,47,0.674997,651.306,284.294
551,9.192517,48,0.581715,600.946,259.087
552,9.209200,38,0.203166,584.435,202.396
552,9.209200,45,0.633341,620.416,407.019
552,9.209200,46,0.272297,538.648,458.258
552,9.209200,47,0.428066,653.209,293.228
552,9.209200,48,0.287740,602.436,252.358
553,9.225883,38,0.332309,583.060,204.144
553,9.225883,45,0.633341,618.328,395.508
553,9.225883,46,0.371110,539.624,465.235
553,9.225883,47,0.531946,654.827,303.005
553,9.225883,48,0.362699,603.979,245.892
554,9.242567,38,0.337016,581.647,206.463
554,9.242567,45,0.633341,616.241,383.998
554,9.242567,46,0.205918,541.780,471.445
554,9.242567,47,0.704709,656.605,313.077
554,9.242567,48,0.531532,605.378,240.154
555,9.259250,38,0.531545,580.014,209.364
555,9.259250,45,0.575317,615.505,365.119
555,9.259250,46,0.479510,544.536,477.067
555,9.259250,47,0.801935,658.411,323.871
555,9.259250,48,0.745207,607.096,234.930
556,9.275933,38,0.605396,578.712,212.443
556,9.275933,45,0.300556,614.755,347.442
556,9.275933,46,0.333875,547.520,480.869
556,9.275933,47,0.685383,660.007,334.984
556,9.275933,48,0.663551,608.695,230.463
557,9.292617,38,0.609413,577.659,216.154
557,9.292617,45,0.259864,614.132,332.619
557,9.292617,46,0.178653,551.406,484.205
557,9.292617,47,0.827733,661.842,346.822
557,9.292617,48,0.708006,610.117,226.056
558,9.309300,38,0.153441,576.492,220.319
558,9.309300,45,0.396465,612.818,318.092
558,9.309300,46,0.178653,553.623,489.887
558,9.309300,47,0.693510,663.204,359.596
558,9.309300,48,0.182227,611.306,222.347
559,9.325983,38,0.262310,574.968,225.000
559,9.325983,45,0.359121,611.498,305.307
559,9.325983,46,0.263214,558.271,492.470
559,9.325983,47,0.805119,664.872,372.430
559,9.325983,48,0.321485,612.539,218.935
560,9.342667,38,0.262310,573.662,228.293
560,9.342667,45,0.359121,610.220,291.177
560,9.342667,46,0.263214,561.134,497.330
560,9.342667,47,0.531235,666.702,385.884
560,9.342667,48,0.150167,613.523,216.208
561,9.359350,38,0.262310,572.357,231.587
561,9.359350,45,0.155612,608.999,281.913
561,9.359350,46,0.263214,563.996,502.189
561,9.359350,47,0.331224,668.399,397.967
561,9.359350,48,0.316871,615.120,213.393
562,9.376033,38,0.574651,571.108,239.287
562,9.376033,45,0.592562,607.480,273.129
562,9.376033,46,0.263214,566.858,507.048
562,9.376033,47,0.496730,669.323,408.654
562,9.376033,48,0.714457,616.760,211.993
563,9.392717,38,0.670724,569.878,247.697
563,9.392717,45,0.810031,606.256,264.988
563,9.392717,46,0.263214,569.720,511.908
563,9.392717,47,0.244892,669.711,417.837
563,9.392717,48,0.646524,618.397,211.159
564,9.409400,38,0.452744,568.789,256.192
564,9.409400,45,0.518005,604.936,257.000
564,9.409400,46,0.263214,572.582,516.767
564,9.409400,47,0.601703,669.270,426.061
564,9.409400,48,0.213781,620.070,210.800
565,9.426083,38,0.538954,567.394,264.858
565,9.426083,45,0.556708,603.930,249.673
565,9.426083,47,0.401892,668.444,434.030
565,9.426083,48,0.520274,621.697,210.611
566,9.442767,38,0.685257,566.061,273.906
566,9.442767,45,0.719719,602.497,242.963
566,9.442767,47,0.580257,666.142,441.592
566,9.442767,48,0.614774,623.001,211.236
567,9.459450,38,0.556653,564.853,283.320
567,9.459450,45,0.586753,600.930,236.388
567,9.459450,47,0.615382,663.391,449.026
567,9.459450,48,0.361450,624.414,212.086
567,9.459450,49,0.604145,580.287,420.298
568,9.476133,38,0.443862,563.735,293.176
568,9.476133,45,0.334300,599.452,230.724
568,9.476133,47,0.288833,659.725,455.922
568,9.476133,48,0.333015,626.095,213.515
568,9.476133,49,0.607478,582.344,407.400
569,9.492817,38,0.419719,562.576,303.366
569,9.492817,45,0.495105,598.167,225.103
569,9.492817,47,0.288833,658.022,464.111
569,9.492817,48,0.414762,627.559,215.706
569,9.492817,49,0.607478,583.471,400.568
570,9.509500,38,0.342935,561.492,313.998
570,9.509500,45,0.545755,596.888,219.838
570,9.509500,47,0.225361,653.524,470.365
570,9.509500,48,0.568835,629.092,218.239
570,9.509500,49,0.304890,584.932,383.506
571,9.526183,38,0.212425,560.436,325.385
571,9.526183,45,0.346575,595.711,215.135
571,9.526183,47,0.179551,649.083,476.063
571,9.526183,48,0.442330,630.361,221.468
571,9.526183,49,0.626237,587.049,366.150
572,9.542867,38,0.360433,559.056,337.585
572,9.542867,45,0.597279,594.512,211.130
572,9.542867,47,0.528208,644.321,480.285
572,9.542867,48,0.557813,631.327,225.487
572,9.542867,49,0.626237,588.560,353.684
573,9.559550,38,0.347986,557.834,349.846
573,9.559550,45,0.573822,593.054,207.941
573,9.559550,47,0.528208,640.872,486.659
573,9.559550,48,0.461614,632.889,229.992
573,9.559550,49,0.495028,590.719,338.608
574,9.576233,38,0.588379,556.378,363.138
574,9.576233,45,0.731966,591.473,204.929
574,9.576233,47,0.398730,636.945,485.609
574,9.576233,48,0.796890,634.354,234.887
574,9.576233,49,0.615091,593.179,324.964
575,9.592917,38,0.567196,555.323,375.860
575,9.592917,45,0.200540,590.358,202.405
575,9.592917,47,0.463247,633.535,482.217
575,9.592917,48,0.274657,635.670,240.104
575,9.592917,49,0.426600,595.330,312.095
576,9.609600,38,0.459957,553.565,389.749
576,9.609600,45,0.200540,589.041,198.514
576,9.609600,47,0.377443,630.504,475.925
576,9.609600,48,0.159391,637.244,245.288
576,9.609600,49,0.158055,596.996,301.618
577,9.626283,38,0.309363,552.244,402.109
577,9.626283,45,0.553344,587.653,197.904
577,9.626283,47,0.377443,627.106,475.970
577,9.626283,48,0.566736,638.805,251.437
577,9.626283,49,0.564950,598.539,292.298
578,9.642967,38,0.278693,551.987,414.426
578,9.642967,45,0.374080,586.392,197.347
578,9.642967,47,0.377443,623.707,476.015
578,9.642967,48,0.640423,640.393,258.260
578,9.642967,49,0.659450,600.154,283.391
578,9.642967,50,0.183763,552.953,407.892
579,9.659650,38,0.278693,550.927,426.810
579,9.659650,45,0.178576,585.705,197.456
579,9.659650,47,0.377443,620.308,476.061
579,9.659650,48,0.419315,642.173,266.155
579,9.659650,49,0.334966,601.937,275.433
579,9.659650,50,0.183763,553.032,410.188
580,9.676333,38,0.278693,549.867,439.194
580,9.676333,45,0.381461,585.085,198.194
580,9.676333,47,0.377443,616.909,476.106
580,9.676333,48,0.526281,643.420,274.503
580,9.676333,49,0.275868,603.905,267.620
580,9.676333,50,0.183763,553.112,412.483
580,9.676333,51,0.576165,624.253,423.183
581,9.693017,38,0.278693,548.807,451.578
581,9.693017,45,0.611779,583.281,199.344
581,9.693017,47,0.377443,613.510,476.151
581,9.693017,48,0.308205,644.532,282.972
581,9.693017,49,0.456652,605.446,261.105
581,9.693017,50,0.183763,553.192,414.779
581,9.693017,51,0.814843,622.399,409.350
582,9.709700,38,0.170459,549.823,455.904
582,9.709700,45,0.518377,581.848,200.741
582,9.709700,48,0.565051,645.545,291.975
582,9.709700,49,0.269657,606.794,254.814
582,9.709700,51,0.280396,620.793,393.416
583,9.726383,38,0.170459,549.314,466.149
583,9.726383,45,0.196233,580.264,202.408
583,9.726383,48,0.250857,646.298,301.715
583,9.726383,49,0.309473,608.459,249.357
583,9.726383,51,0.280396,619.540,383.149
584,9.743067,38,0.170459,548.805,476.395
584,9.743067,45,0.229978,578.894,204.283
584,9.743067,48,0.476858,648.167,311.926
584,9.743067,49,0.316379,609.999,243.865
584,9.743067,51,0.639197,617.801,365.615
585,9.759750,38,0.170459,548.296,486.640
585,9.759750,45,0.479099,577.618,206.933
585,9.759750,48,0.672637,649.724,322.745
585,9.759750,49,0.641562,611.121,239.237
585,9.759750,51,0.297674,616.222,349.006
586,9.776433,45,0.636050,576.171,210.282
586,9.776433,48,0.727695,651.235,334.370
586,9.776433,49,0.612280,612.261,235.166
586,9.776433,51,0.231465,614.531,334.123
587,9.793117,45,0.426540,574.594,214.118
587,9.793117,48,0.755558,652.766,346.416
587,9.793117,49,0.456638,613.717,231.704
587,9.793117,51,0.333980,612.783,320.484
588,9.809800,45,0.305481,573.274,218.556
588,9.809800,48,0.619592,654.189,358.966
588,9.809800,49,0.427244,614.839,228.611
588,9.809800,51,0.415194,610.898,308.107
589,9.826483,45,0.327144,572.359,223.493
589,9.826483,48,0.809412,655.371,371.971
589,9.826483,49,0.573339,616.671,226.501
589,9.826483,51,0.254621,609.042,297.134
590,9.843167,45,0.278598,570.875,229.041
590,9.843167,48,0.458921,657.155,385.417
590,9.843167,49,0.373662,618.124,224.231
590,9.843167,51,0.244076,607.472,286.703
591,9.859850,45,0.403152,569.581,235.116
591,9.859850,48,0.342026,658.643,397.205
591,9.859850,49,0.547124,619.415,222.625
591,9.859850,51,0.470426,605.731,277.327
591,9.859850,52,0.159168,566.154,472.551
592,9.876533,45,0.293777,567.969,241.687
592,9.876533,48,0.269349,659.262,407.795
592,9.876533,49,0.335647,620.588,221.701
592,9.876533,51,0.278303,604.231,268.370
592,9.876533,52,0.159168,567.207,470.479
593,9.893217,45,0.459882,566.279,249.143
593,9.893217,48,0.471930,659.473,416.310
593,9.893217,49,0.501077,621.883,221.314
593,9.893217,51,0.532453,602.291,260.471
593,9.893217,52,0.159168,568.260,468.407
594,9.909900,45,0.462850,564.740,256.788
594,9.909900,48,0.471930,660.452,427.099
594,9.909900,49,0.540139,623.076,221.349
594,9.909900,51,0.523030,600.355,253.029
594,9.909900,52,0.159168,569.313,466.335
595,9.926583,45,0.631174,563.436,265.248
595,9.926583,48,0.159927,659.049,434.007
595,9.926583,49,0.678972,624.324,221.624
595,9.926583,51,0.558198,598.859,245.925
596,9.943267,45,0.214684,562.054,274.192
596,9.943267,48,0.159927,659.396,443.767
596,9.943267,49,0.349567,625.700,222.404
596,9.943267,51,0.240954,597.292,239.154
597,9.959950,45,0.290455,560.632,283.443
597,9.959950,48,0.159927,659.742,453.526
597,9.959950,49,0.591805,626.940,223.732
597,9.959950,51,0.403817,595.489,233.205
598,9.976633,45,0.187982,559.271,293.505
598,9.976633,48,0.159927,660.089,463.286
598,9.976633,49,0.528752,628.695,225.740
598,9.976633,51,0.299544,594.098,227.426
599,9.993317,45,0.187982,557.864,301.964
599,9.993317,48,0.159927,660.435,473.046
599,9.993317,49,0.336024,630.233,228.305
599,9.993317,51,0.299544,592.478,220.296
600,10.010000,45,0.302195,556.334,313.966
600,10.010000,48,0.159927,660.781,482.805
600,10.010000,49,0.538184,630.954,231.232
600,10.010000,51,0.171726,590.958,216.955
601,10.026683,45,0.428669,555.358,326.215
601,10.026683,49,0.475479,632.595,234.906
601,10.026683,51,0.171726,589.365,210.830
601,10.026683,53,0.621833,584.209,344.088
602,10.043367,45,0.536165,553.902,339.014
602,10.043367,49,0.261447,634.061,239.224
602,10.043367,51,0.171726,587.771,204.705
602,10.043367,53,0.460464,585.316,332.776
603,10.060050,45,0.423984,552.221,352.223
603,10.060050,49,0.291068,635.362,243.759
603,10.060050,51,0.171726,586.178,198.581
603,10.060050,53,0.207070,586.574,320.473
604,10.076733,45,0.521566,550.945,365.787
604,10.076733,49,0.610686,637.401,248.736
604,10.076733,51,0.429668,584.408,199.535
604,10.076733,53,0.650902,588.472,308.075
605,10.093417,45,0.353976,548.557,379.835
605,10.093417,49,0.760464,638.930,254.451
605,10.093417,51,0.781017,582.421,200.553
605,10.093417,53,0.647519,589.985,296.434
606,10.110100,45,0.586086,546.441,393.343
606,10.110100,49,0.783583,641.132,260.866
606,10.110100,51,0.810978,580.708,201.401
606,10.110100,53,0.741804,591.297,285.537
606,10.110100,54,0.187660,626.011,456.668
607,10.126783,45,0.378122,544.863,405.465
607,10.126783,49,0.594622,642.936,267.711
607,10.126783,51,0.634228,579.018,202.092
607,10.126783,53,0.544406,592.835,275.510
607,10.126783,54,0.187660,625.229,454.387
608,10.143467,45,0.597676,543.275,415.428
608,10.143467,49,0.426012,644.599,275.213
608,10.143467,51,0.588124,577.316,202.693
608,10.143467,53,0.578409,594.509,266.620
608,10.143467,54,0.187660,624.448,452.106
609,10.160150,45,0.597676,541.584,427.352
609,10.160150,49,0.396527,646.123,283.202
609,10.160150,51,0.664534,575.542,203.438
609,10.160150,53,0.706254,595.759,258.298
609,10.160150,54,0.187660,623.666,449.825
610,10.176833,45,0.597676,539.894,439.277
610,10.176833,49,0.396527,647.790,289.666
610,10.176833,51,0.397206,573.754,204.514
610,10.176833,53,0.201722,596.868,250.381
611,10.193517,45,0.321448,540.766,445.677
611,10.193517,49,0.515277,649.328,299.730
611,10.193517,51,0.285851,572.175,205.469
611,10.193517,53,0.554206,598.093,243.481
612,10.210200,45,0.300834,542.202,452.853
612,10.210200,49,0.446483,650.675,310.086
612,10.210200,51,0.523987,570.666,207.348
612,10.210200,53,0.402935,599.242,236.892
613,10.226883,45,0.263557,544.057,459.516
613,10.226883,49,0.629310,652.272,321.051
613,10.226883,51,0.354517,569.087,209.743
613,10.226883,53,0.484686,600.186,231.771
614,10.243567,45,0.263557,544.284,468.328
614,10.243567,49,0.694511,653.722,332.545
614,10.243567,51,0.524976,567.429,212.955
614,10.243567,53,0.630816,601.545,226.640
615,10.260250,45,0.263557,544.511,477.139
615,10.260250,49,0.655046,655.211,344.475
615,10.260250,51,0.654903,565.263,216.705
615,10.260250,53,0.565282,602.714,222.313
616,10.276933,45,0.263557,544.738,485.950
616,10.276933,49,0.636857,657.177,356.381
616,10.276933,51,0.318274,563.546,220.693
616,10.276933,53,0.221850,604.173,218.775
617,10.293617,45,0.153616,550.653,488.342
617,10.293617,49,0.454233,658.735,369.454
617,10.293617,51,0.306004,561.785,225.078
617,10.293617,53,0.337589,605.254,215.534
617,10.293617,55,0.524936,606.562,308.788
618,10.310300,45,0.153616,552.389,495.450
618,10.310300,49,0.648723,660.126,382.555
618,10.310300,51,0.306004,560.023,228.232
618,10.310300,53,0.257388,607.229,212.851
618,10.310300,55,0.259134,605.389,298.865
619,10.326983,45,0.153616,554.125,502.558
619,10.326983,49,0.688649,661.690,394.588
619,10.326983,51,0.643412,558.295,234.231
619,10.326983,53,0.704167,608.560,210.474
619,10.326983,55,0.513199,603.745,287.752
620,10.343667,45,0.153616,555.862,509.666
620,10.343667,49,0.225077,662.391,405.067
620,10.343667,51,0.356429,556.556,240.949
620,10.343667,53,0.305865,609.846,208.660
620,10.343667,55,0.362981,601.916,276.967
621,10.360350,49,0.484760,662.490,413.798
621,10.360350,51,0.710987,555.152,248.237
621,10.360350,53,0.531583,610.969,207.847
621,10.360350,55,0.556169,600.542,266.243
622,10.377033,49,0.168687,661.769,421.344
622,10.377033,51,0.728820,553.562,255.930
622,10.377033,53,0.443096,612.251,207.328
622,10.377033,55,0.532389,598.864,256.699
622,10.377033,56,0.337614,569.300,463.475
623,10.393717,49,0.232248,659.952,428.735
623,10.393717,51,0.558726,551.710,264.339
623,10.393717,53,0.365653,613.444,207.297
623,10.393717,55,0.550834,597.214,247.409
623,10.393717,56,0.161116,571.154,453.314
624,10.410400,49,0.339635,657.115,435.784
624,10.410400,51,0.686949,550.078,273.153
624,10.410400,53,0.523932,614.401,207.869
624,10.410400,55,0.655908,595.637,239.616
624,10.410400,56,0.161116,572.194,448.200
625,10.427083,49,0.264084,654.074,442.981
625,10.427083,51,0.425943,548.074,282.354
625,10.427083,53,0.464412,615.122,208.794
625,10.427083,55,0.436057,594.132,232.506
625,10.427083,56,0.161116,573.235,443.085
626,10.443767,49,0.322977,650.904,450.013
626,10.443767,51,0.680387,546.413,291.681
626,10.443767,53,0.533317,616.512,209.874
626,10.443767,55,0.612006,592.672,225.948
626,10.443767,56,0.161116,574.276,437.971
627,10.460450,49,0.414433,647.136,457.061
627,10.460450,51,0.406154,544.502,301.591
627,10.460450,53,0.690218,617.782,211.667
627,10.460450,55,0.180472,591.118,220.194
627,10.460450,56,0.161116,575.317,432.856
627,10.460450,57,0.548327,578.823,395.930
628,10.477133,49,0.169998,642.994,463.929
628,10.477133,51,0.387419,542.798,312.208
628,10.477133,53,0.399850,618.827,213.942
628,10.477133,55,0.337767,589.952,215.203
628,10.477133,57,0.548327,579.079,392.263
629,10.493817,49,0.169998,640.150,471.410
629,10.493817,51,0.331309,541.091,323.086
629,10.493817,53,0.486277,619.847,216.704
629,10.493817,55,0.399751,588.505,210.860
629,10.493817,57,0.548327,579.336,388.596
630,10.510500,49,0.163838,635.788,476.198
630,10.510500,51,0.438189,539.440,334.746
630,10.510500,53,0.320000,620.864,220.045
630,10.510500,55,0.387044,587.406,206.837
630,10.510500,57,0.548327,579.592,384.929
631,10.527183,49,0.163838,632.541,482.965
631,10.527183,51,0.495247,537.929,347.118
631,10.527183,53,0.544531,621.831,224.206
631,10.527183,55,0.418188,586.371,203.595
631,10.527183,58,0.494301,585.273,343.211
632,10.543867,49,0.163838,629.294,489.731
632,10.543867,51,0.637238,536.185,360.410
632,10.543867,53,0.507976,622.805,228.942
632,10.543867,55,0.478568,585.104,200.619
632,10.543867,58,0.538621,587.098,332.149
633,10.560550,49,0.176005,626.042,488.265
633,10.560550,51,0.727124,534.346,373.591
633,10.560550,53,0.324107,623.898,234.004
633,10.560550,55,0.328069,583.503,198.907
633,10.560550,58,0.490283,588.982,319.694
634,10.577233,49,0.176005,622.793,492.847
634,10.577233,51,0.660687,532.715,387.658
634,10.577233,53,0.198208,625.270,239.850
634,10.577233,55,0.328069,582.152,195.214
634,10.577233,58,0.179231,590.554,307.320
635,10.593917,49,0.176005,619.545,497.428
635,10.593917,51,0.410560,530.275,400.210
635,10.593917,53,0.262522,626.373,245.503
635,10.593917,55,0.328069,580.802,191.521
635,10.593917,58,0.168154,592.236,295.583
636,10.610600,49,0.176005,616.297,502.010
636,10.610600,51,0.531614,529.211,411.342
636,10.610600,53,0.254794,627.169,251.872
636,10.610600,55,0.210255,579.115,191.891
636,10.610600,58,0.191955,593.965,285.026
637,10.627283,49,0.176005,613.048,506.592
637,10.627283,51,0.508988,528.562,421.219
637,10.627283,53,0.451938,628.557,259.311
637,10.627283,55,0.280711,577.880,192.641
637,10.627283,58,0.375428,595.460,275.406
638,10.643967,51,0.567420,528.399,429.509
638,10.643967,53,0.634253,629.725,267.393
638,10.643967,55,0.452605,576.556,193.687
638,10.643967,58,0.512528,596.997,266.568
638,10.643967,59,0.747021,615.283,441.982
639,10.660650,51,0.491220,529.546,438.475
639,10.660650,53,0.651066,630.742,275.700
639,10.660650,55,0.510360,574.921,194.739
639,10.660650,58,0.662152,598.309,258.468
639,10.660650,59,0.668000,613.586,427.833
640,10.677333,51,0.544301,531.388,445.591
640,10.677333,53,0.610411,631.552,284.252
640,10.677333,55,0.393369,573.519,196.160
640,10.677333,58,0.596594,599.324,251.113
640,10.677333,59,0.822611,611.152,412.152
641,10.694017,51,0.688957,533.805,453.019
641,10.694017,53,0.478757,632.734,293.840
641,10.694017,55,0.261001,571.827,197.869
641,10.694017,58,0.239183,600.585,244.321
641,10.694017,59,0.696118,609.343,395.854
642,10.710700,51,0.665243,537.052,460.161
642,10.710700,53,0.655229,634.431,303.937
642,10.710700,55,0.590346,570.552,200.473
642,10.710700,58,0.460743,602.053,238.165
642,10.710700,59,0.412261,608.224,380.883
643,10.727383,51,0.404458,540.731,466.963
643,10.727383,53,0.698413,635.866,314.568
643,10.727383,55,0.648697,569.203,202.929
643,10.727383,58,0.667022,603.664,232.709
643,10.727383,59,0.412261,606.781,368.078
644,10.744067,51,0.367465,544.365,472.449
644,10.744067,53,0.650647,636.934,325.496
644,10.744067,55,0.518314,567.524,205.873
644,10.744067,58,0.567221,604.878,227.770
644,10.744067,59,0.412261,605.339,355.272
645,10.760750,51,0.367465,546.804,479.772
645,10.760750,53,0.344089,638.304,337.168
645,10.760750,55,0.279659,566.369,209.426
645,10.760750,58,0.398304,606.142,223.353
645,10.760750,59,0.412261,603.896,342.467
646,10.777433,51,0.367465,549.244,487.095
646,10.777433,53,0.491162,639.251,349.381
646,10.777433,55,0.455701,565.025,213.580
646,10.777433,58,0.200809,607.960,219.692
646,10.777433,59,0.412261,602.453,329.661
647,10.794117,51,0.367465,551.684,494.417
647,10.794117,53,0.508067,640.488,362.299
647,10.794117,55,0.305775,563.245,218.153
647,10.794117,58,0.447674,609.426,216.417
647,10.794117,59,0.419400,601.424,315.352
648,10.810800,51,0.367465,554.123,501.740
648,10.810800,53,0.704001,641.708,375.171
648,10.810800,55,0.304625,561.783,223.165
648,10.810800,58,0.300829,610.789,213.560
648,10.810800,59,0.346391,600.109,302.790
649,10.827483,51,0.367465,556.563,509.062
649,10.827483,53,0.218746,642.590,388.180
649,10.827483,55,0.281884,560.293,229.199
649,10.827483,58,0.561237,612.368,211.628
649,10.827483,59,0.320748,599.110,291.478
650,10.844167,53,0.266163,644.179,398.475
650,10.844167,55,0.379957,558.707,235.655
650,10.844167,58,0.380940,613.692,209.699
650,10.844167,59,0.526630,597.994,281.179
651,10.860850,53,0.495119,645.348,408.858
651,10.860850,55,0.269546,557.241,242.419
651,10.860850,58,0.536325,614.852,208.585
651,10.860850,59,0.203502,596.778,272.012
652,10.877533,53,0.157816,646.150,418.829
652,10.877533,55,0.661571,555.897,249.815
652,10.877533,58,0.684744,616.012,208.098
652,10.877533,59,0.479479,595.529,263.676
653,10.894217,53,0.611234,645.504,427.060
653,10.894217,55,0.806830,554.590,257.643
653,10.894217,58,0.700594,617.351,207.998
653,10.894217,59,0.698566,594.536,255.827
654,10.910900,53,0.611234,646.150,437.265
654,10.910900,55,0.806830,553.172,264.073
654,10.910900,58,0.445401,619.003,208.553
654,10.910900,59,0.430004,593.332,248.592
655,10.927583,53,0.611234,646.795,447.471
655,10.927583,55,0.293934,551.643,273.550
655,10.927583,58,0.321140,620.623,209.438
655,10.927583,59,0.331207,592.001,241.942
656,10.944267,53,0.611234,647.440,457.677
656,10.944267,55,0.394086,550.005,283.321
656,10.944267,58,0.560406,621.946,210.726
656,10.944267,59,0.377338,590.624,235.684
656,10.944267,60,0.547569,577.611,398.774
657,10.960950,53,0.611234,648.085,467.882
657,10.960950,55,0.252325,548.307,293.694
657,10.960950,58,0.440010,623.112,212.627
657,10.960950,59,0.377338,589.367,227.815
657,10.960950,60,0.184940,578.883,385.008
658,10.977633,53,0.611234,648.730,478.088
658,10.977633,55,0.538523,546.644,304.419
658,10.977633,58,0.607451,624.397,214.797
658,10.977633,59,0.454475,588.312,223.485
658,10.977633,60,0.502281,580.431,370.809
659,10.994317,55,0.510630,545.189,315.892
659,10.994317,58,0.574583,625.828,217.798
659,10.994317,59,0.373532,587.280,219.768
659,10.994317,60,0.672766,581.755,356.025
660,11.011000,55,0.504214,543.884,327.645
660,11.011000,58,0.618396,627.230,221.551
660,11.011000,59,0.262113,586.321,216.251
660,11.011000,60,0.707635,583.644,343.021
661,11.027683,55,0.724289,542.318,339.878
661,11.027683,58,0.820272,628.457,225.719
661,11.027683,59,0.688980,585.388,213.177
661,11.027683,60,0.808021,584.717,329.760
662,11.044367,55,0.684652,540.920,352.941
662,11.044367,58,0.538197,629.894,230.566
662,11.044367,59,0.242294,584.031,210.385
662,11.044367,60,0.633337,585.880,318.269
663,11.061050,55,0.697110,539.505,366.179
663,11.061050,58,0.595505,630.978,235.801
663,11.061050,59,0.312268,582.518,208.508
663,11.061050,60,0.589339,587.304,307.503
664,11.077733,55,0.705679,537.907,379.771
664,11.077733,58,0.596488,632.350,241.530
664,11.077733,59,0.287543,581.335,206.241
664,11.077733,60,0.494901,588.072,297.565
665,11.094417,55,0.450544,536.228,392.832
665,11.094417,58,0.663797,633.697,247.939
665,11.094417,59,0.371967,579.848,204.858
665,11.094417,60,0.522742,588.759,288.376
666,11.111100,55,0.450544,534.682,405.364
666,11.111100,58,0.380213,634.829,254.558
666,11.111100,59,0.297789,578.590,204.174
666,11.111100,60,0.219257,589.441,279.843
667,11.127783,55,0.450544,533.137,417.897
667,11.127783,58,0.417258,636.126,262.031
667,11.127783,59,0.317626,577.309,203.849
667,11.127783,60,0.219257,590.369,269.752
668,11.144467,55,0.288290,532.641,424.578
668,11.144467,58,0.481529,637.880,269.955
668,11.144467,59,0.648263,575.999,203.983
668,11.144467,60,0.434998,591.149,263.254
669,11.161150,55,0.423777,532.110,431.876
669,11.161150,58,0.426057,639.649,278.229
669,11.161150,59,0.593308,574.575,204.621
669,11.161150,60,0.607845,591.733,257.137
670,11.177833,55,0.197492,532.473,439.291
670,11.177833,58,0.391525,641.393,287.296
670,11.177833,59,0.399355,573.193,205.694
670,11.177833,60,0.555076,592.488,251.533
670,11.177833,61,0.449328,617.724,402.760
671,11.194517,55,0.616067,533.422,447.047
671,11.194517,58,0.303345,642.808,296.983
671,11.194517,59,0.425046,571.912,207.807
671,11.194517,60,0.489773,593.457,246.015
671,11.194517,61,0.449328,617.470,399.084
672,11.211200,55,0.195139,535.063,454.941
672,11.211200,58,0.576183,644.161,307.115
672,11.211200,59,0.527591,570.097,210.373
672,11.211200,60,0.530783,594.457,240.970
672,11.211200,61,0.449328,617.216,395.407
673,11.227883,55,0.153224,538.698,462.953
673,11.227883,58,0.535253,645.356,317.819
673,11.227883,59,0.337228,568.779,213.385
673,11.227883,60,0.421502,595.275,236.329
673,11.227883,61,0.449328,616.962,391.731
674,11.244567,55,0.383708,541.979,470.195
674,11.244567,58,0.611450,646.464,329.297
674,11.244567,59,0.479844,568.047,216.759
674,11.244567,60,0.369507,596.035,232.393
675,11.261250,55,0.158548,545.577,475.547
675,11.261250,58,0.643626,648.021,341.088
675,11.261250,59,0.322079,566.711,220.740
675,11.261250,60,0.275263,597.133,229.115
676,11.277933,55,0.158548,547.790,482.949
676,11.277933,58,0.835130,649.377,353.482
676,11.277933,59,0.304287,565.740,225.064
676,11.277933,60,0.426990,598.248,226.341
677,11.294617,55,0.158548,550.003,490.352
677,11.294617,58,0.741105,650.737,366.697
677,11.294617,59,0.358156,564.302,230.190
677,11.294617,60,0.269815,599.233,223.941
678,11.311300,55,0.158548,552.216,497.754
678,11.311300,58,0.619102,652.323,380.022
678,11.311300,59,0.221693,562.827,235.649
678,11.311300,60,0.235976,600.060,222.010
678,11.311300,62,0.405128,604.307,305.795
679,11.327983,55,0.158548,554.429,505.157
679,11.327983,58,0.638629,653.186,391.159
679,11.327983,59,0.575221,561.536,241.859
679,11.327983,60,0.347419,600.780,221.193
679,11.327983,62,0.732910,602.101,297.129
680,11.344667,55,0.158548,556.643,512.559
680,11.344667,58,0.638629,654.465,402.914
680,11.344667,59,0.259594,560.354,248.292
680,11.344667,60,0.368262,601.708,220.440
680,11.344667,62,0.603289,600.157,287.183
681,11.361350,58,0.250572,654.688,411.513
681,11.361350,59,0.426393,558.969,255.566
681,11.361350,60,0.436472,602.701,220.201
681,11.361350,62,0.642347,598.265,277.628
682,11.378033,58,0.205322,654.334,419.284
682,11.378033,59,0.363384,557.640,263.000
682,11.378033,60,0.190169,603.512,220.462
682,11.378033,62,0.392246,596.203,268.533
683,11.394717,58,0.205322,654.974,429.366
683,11.394717,59,0.749271,556.372,271.644
683,11.394717,60,0.599932,604.284,221.421
683,11.394717,62,0.782634,594.614,260.340
683,11.394717,63,0.494132,567.376,447.443
684,11.411400,58,0.205322,655.614,439.448
684,11.411400,59,0.689185,555.015,280.660
684,11.411400,60,0.281334,604.859,222.289
684,11.411400,62,0.552421,592.583,252.671
684,11.411400,63,0.494132,568.669,439.788
685,11.428083,58,0.186233,652.633,446.243
685,11.428083,59,0.778270,553.689,289.914
685,11.428083,60,0.414364,605.823,224.263
685,11.428083,62,0.591142,590.701,245.322
685,11.428083,63,0.494132,569.962,432.134
686,11.444767,58,0.181181,649.173,453.373
686,11.444767,59,0.552365,552.348,299.618
686,11.444767,60,0.334549,606.468,226.965
686,11.444767,62,0.560351,589.152,239.088
686,11.444767,63,0.494132,571.255,424.479
687,11.461450,58,0.170438,645.512,459.203
687,11.461450,59,0.679259,550.562,309.140
687,11.461450,60,0.529070,607.859,229.648
687,11.461450,62,0.512070,587.327,233.621
687,11.461450,64,0.664504,574.947,385.887
688,11.478133,58,0.274503,641.241,465.251
688,11.478133,59,0.777636,549.278,320.040
688,11.478133,60,0.609370,609.021,233.087
688,11.478133,62,0.761111,585.971,228.776
688,11.478133,64,0.789385,576.811,373.452
689,11.494817,58,0.483223,637.245,471.087
689,11.494817,59,0.748840,547.818,331.709
689,11.494817,60,0.791303,609.953,236.537
689,11.494817,62,0.810071,584.201,224.624
689,11.494817,64,0.835092,578.499,358.757
690,11.511500,58,0.533941,633.454,475.251
690,11.511500,59,0.726706,546.558,344.241
690,11.511500,60,0.676805,610.990,240.702
690,11.511500,62,0.675704,582.358,221.174
690,11.511500,64,0.757872,580.801,345.069
691,11.528183,58,0.344081,630.190,477.947
691,11.528183,59,0.789148,545.261,356.917
691,11.528183,60,0.656692,611.713,245.538
691,11.528183,62,0.421821,581.073,218.272
691,11.528183,64,0.684752,582.427,330.650
692,11.544867,58,0.271690,627.244,478.387
692,11.544867,59,0.161668,544.104,370.194
692,11.544867,60,0.247974,612.659,250.701
692,11.544867,62,0.260177,579.826,215.883
692,11.544867,64,0.530720,584.645,318.167
693,11.561550,58,0.541225,624.166,476.410
693,11.561550,59,0.811476,542.803,383.726
693,11.561550,60,0.717062,613.266,256.890
693,11.561550,62,0.455175,578.103,214.036
693,11.561550,64,0.656286,586.936,306.099
694,11.578233,58,0.541225,621.071,478.833
694,11.578233,59,0.609480,541.358,398.000
694,11.578233,60,0.217672,613.937,263.018
694,11.578233,62,0.232962,576.223,212.948
694,11.578233,64,0.356708,588.346,295.762
695,11.594917,58,0.541225,617.976,481.255
695,11.594917,59,0.630336,540.025,411.155
695,11.594917,60,0.314714,614.509,270.325
695,11.594917,62,0.229630,574.330,212.448
695,11.594917,64,0.356708,590.121,284.184
696,11.611600,58,0.541225,614.881,483.678
696,11.611600,59,0.746464,538.652,422.709
696,11.611600,60,0.260574,615.522,277.934
696,11.611600,62,0.168575,572.604,212.289
696,11.611600,64,0.356708,591.896,272.607
697,11.628283,58,0.541225,611.786,486.100
697,11.628283,59,0.637557,537.576,431.977
697,11.628283,60,0.403475,616.897,286.031
697,11.628283,62,0.350277,570.554,212.826
697,11.628283,64,0.196176,593.064,264.875
698,11.644967,58,0.541225,608.691,488.523
698,11.644967,59,0.486502,536.413,440.163
698,11.644967,60,0.194567,618.188,294.840
698,11.644967,62,0.231423,568.721,213.617
698,11.644967,64,0.225699,594.319,257.354
699,11.661650,59,0.589350,535.647,448.168
699,11.661650,60,0.417948,619.199,304.278
699,11.661650,62,0.313639,566.913,214.875
699,11.661650,64,0.399236,595.575,250.838
700,11.678333,59,0.831370,535.613,455.640
700,11.678333,60,0.799903,619.761,314.140
700,11.678333,62,0.696245,564.909,216.668
700,11.678333,64,0.805813,596.968,244.466
701,11.695017,59,0.647375,536.486,462.651
701,11.695017,60,0.643187,620.297,324.598
701,11.695017,62,0.607855,563.196,218.882
701,11.695017,64,0.655026,598.379,238.705
701,11.695017,65,0.235144,610.386,382.735
702,11.711700,59,0.648212,538.010,469.647
702,11.711700,60,0.704821,620.910,335.672
702,11.711700,62,0.617017,561.301,221.946
702,11.711700,64,0.545787,599.856,233.331
702,11.711700,65,0.462156,609.173,369.617
703,11.728383,59,0.468405,540.050,474.753
703,11.728383,60,0.289800,621.636,347.121
703,11.728383,62,0.646796,559.718,225.453
703,11.728383,64,0.511660,601.108,228.267
703,11.728383,65,0.302588,611.632,355.561
704,11.745067,59,0.468405,540.684,482.177
704,11.745067,60,0.368207,622.459,358.764
704,11.745067,62,0.554624,557.926,229.789
704,11.745067,64,0.286809,602.630,223.655
704,11.745067,65,0.302588,612.083,346.326
705,11.761750,59,0.260639,544.333,485.549
705,11.761750,60,0.700616,623.265,371.061
705,11.761750,62,0.717207,556.353,234.435
705,11.761750,64,0.446220,604.001,219.661
705,11.761750,65,0.611241,607.793,331.302
706,11.778433,59,0.247140,547.978,486.490
706,11.778433,60,0.202925,624.422,384.074
706,11.778433,62,0.753278,554.717,239.568
706,11.778433,64,0.431160,605.037,216.444
706,11.778433,65,0.486644,604.523,317.773
707,11.795117,59,0.247140,550.000,491.404
707,11.795117,60,0.202925,625.302,395.558
707,11.795117,62,0.753278,553.017,243.253
707,11.795117,64,0.168351,606.359,213.309
707,11.795117,65,0.486644,602.863,306.032
708,11.811800,59,0.247140,552.021,496.317
708,11.811800,60,0.255400,625.480,405.545
708,11.811800,62,0.325343,551.044,249.749
708,11.811800,64,0.192412,608.180,210.916
708,11.811800,65,0.159480,599.921,295.319
709,11.828483,59,0.247140,554.042,501.231
709,11.828483,60,0.454586,624.843,415.482
709,11.828483,62,0.227174,548.988,256.927
709,11.828483,64,0.196518,609.708,208.681
709,11.828483,65,0.155448,597.669,285.742
710,11.845167,59,0.247140,556.063,506.144
710,11.845167,60,0.489418,624.228,424.332
710,11.845167,62,0.444207,547.054,264.701
710,11.845167,64,0.232324,611.180,207.414
710,11.845167,65,0.373754,595.590,277.039
711,11.861850,59,0.247140,558.084,511.058
711,11.861850,60,0.359650,623.887,432.444
711,11.861850,62,0.224164,545.627,272.948
711,11.861850,64,0.280107,612.666,206.143
711,11.861850,65,0.250106,593.978,269.011
712,11.878533,60,0.359650,623.860,442.141
712,11.878533,62,0.224164,543.874,279.436
712,11.878533,64,0.280107,614.140,203.705
712,11.878533,65,0.250106,592.024,259.266
713,11.895217,60,0.216798,623.858,449.902
713,11.895217,62,0.186659,541.967,289.093
713,11.895217,64,0.183065,615.074,204.061
713,11.895217,65,0.199769,590.288,252.903
714,11.911900,60,0.216798,623.838,459.085
714,11.911900,62,0.186659,540.173,296.423
714,11.911900,64,0.183065,616.405,202.364
714,11.911900,65,0.199769,588.393,244.052
715,11.928583,60,0.216798,623.818,468.268
715,11.928583,62,0.392823,538.342,307.805
715,11.928583,64,0.458745,618.140,205.137
715,11.928583,65,0.183981,587.153,239.243
715,11.928583,66,0.172235,572.884,391.858
716,11.945267,60,0.304536,624.178,471.904
716,11.945267,62,0.526717,536.369,319.729
716,11.945267,64,0.490612,619.678,207.880
716,11.945267,65,0.285586,586.152,235.051
716,11.945267,66,0.172235,573.720,388.382
717,11.961950,60,0.159291,624.451,475.012
717,11.961950,62,0.627854,534.451,332.031
717,11.961950,64,0.428960,621.249,211.149
717,11.961950,65,0.202600,585.150,231.323
717,11.961950,66,0.172235,574.557,384.906
718,11.978633,60,0.159291,624.583,481.501
718,11.978633,62,0.713535,532.766,344.377
718,11.978633,64,0.682206,622.412,214.174
718,11.978633,65,0.450250,583.352,227.585
718,11.978633,66,0.172235,575.393,381.430
719,11.995317,60,0.159291,624.715,487.990
719,11.995317,62,0.420114,530.749,356.834
719,11.995317,64,0.304825,623.735,217.768
719,11.995317,65,0.450250,581.854,222.182
719,11.995317,67,0.272849,580.328,341.960
720,12.012000,60,0.159291,624.847,494.479
720,12.012000,62,0.461333,528.990,370.140
720,12.012000,64,0.517959,624.909,221.668
720,12.012000,65,0.450250,580.355,216.778
720,12.012000,67,0.548786,582.570,331.253
721,12.028683,60,0.159291,624.979,500.968
721,12.028683,62,0.813271,527.342,383.184
721,12.028683,64,0.529937,626.346,225.933
721,12.028683,65,0.201178,578.650,215.646
721,12.028683,67,0.471207,584.887,319.394
722,12.045367,60,0.159291,625.111,507.458
722,12.045367,62,0.452454,525.315,396.920
722,12.045367,64,0.303890,628.127,230.822
722,12.045367,65,0.157270,577.446,214.969
722,12.045367,67,0.292835,586.747,307.988
723,12.062050,62,0.577772,524.100,409.054
723,12.062050,64,0.405091,629.808,236.171
723,12.062050,65,0.196742,576.317,215.047
723,12.062050,67,0.272335,588.739,297.225
724,12.078733,62,0.526866,522.827,419.574
724,12.078733,64,0.599922,630.888,241.853
724,12.078733,65,0.339037,574.761,215.146
724,12.078733,67,0.473861,590.598,287.048
725,12.095417,62,0.491365,521.857,430.125
725,12.095417,64,0.511161,632.285,248.447
725,12.095417,65,0.339037,573.340,213.398
725,12.095417,67,0.415003,592.314,277.776
726,12.112100,62,0.411049,521.856,438.229
726,12.112100,64,0.321107,633.965,255.361
726,12.112100,65,0.339037,571.919,211.650
726,12.112100,67,0.319214,594.218,269.108
727,12.128783,62,0.181897,523.076,445.828
727,12.128783,64,0.230896,635.427,263.039
727,12.128783,65,0.339037,570.498,209.902
727,12.128783,67,0.313136,596.031,262.152
728,12.145467,62,0.154524,525.281,453.506
728,12.145467,64,0.177426,637.187,271.255
728,12.145467,65,0.339037,569.077,208.154
728,12.145467,67,0.404670,597.530,255.244
729,12.162150,62,0.158424,528.307,460.623
729,12.162150,64,0.172185,638.967,279.948
729,12.162150,65,0.339037,567.656,206.406
729,12.162150,67,0.232663,598.942,248.990
730,12.178833,62,0.158424,529.303,469.314
730,12.178833,64,0.462991,640.425,289.216
730,12.178833,65,0.389063,565.720,213.600
730,12.178833,67,0.414862,600.710,243.606
731,12.195517,62,0.343125,534.512,474.397
731,12.195517,64,0.649576,642.024,298.883
731,12.195517,65,0.556172,564.066,219.585
731,12.195517,67,0.614153,602.439,238.721
732,12.212200,62,0.343125,536.625,482.131
732,12.212200,64,0.555259,643.533,308.553
732,12.212200,65,0.524733,562.395,224.833
732,12.212200,67,0.595122,604.077,234.206
732,12.212200,68,0.494156,604.788,340.531
733,12.228883,62,0.202573,543.032,485.549
733,12.228883,64,0.422155,644.881,319.718
733,12.228883,65,0.553706,560.499,230.601
733,12.228883,67,0.538604,605.779,230.473
733,12.228883,68,0.621152,603.284,328.995
734,12.245567,62,0.202573,546.285,492.137
734,12.245567,64,0.557383,645.940,331.080
734,12.245567,65,0.534687,558.440,235.953
734,12.245567,67,0.377857,607.969,227.259
734,12.245567,68,0.461861,601.122,316.315
735,12.262250,62,0.202573,549.538,498.725
735,12.262250,64,0.218802,647.570,343.258
735,12.262250,65,0.243132,556.816,241.259
735,12.262250,67,0.191478,609.951,224.457
735,12.262250,68,0.321526,599.545,304.087
736,12.278933,62,0.202573,552.791,505.313
736,12.278933,64,0.627060,649.299,355.875
736,12.278933,65,0.516727,555.237,246.885
736,12.278933,67,0.178273,611.983,221.928
736,12.278933,68,0.283286,598.046,292.169
737,12.295617,62,0.202573,556.044,511.902
737,12.295617,64,0.672684,650.393,368.978
737,12.295617,65,0.248010,553.311,253.152
737,12.295617,67,0.370315,613.639,219.877
737,12.295617,68,0.589453,596.467,281.259
738,12.312300,62,0.202573,559.298,518.490
738,12.312300,64,0.456997,651.655,382.280
738,12.312300,65,0.571766,551.331,259.788
738,12.312300,67,0.424019,615.738,218.727
738,12.312300,68,0.441479,595.120,271.033
739,12.328983,64,0.268393,652.368,394.328
739,12.328983,65,0.374372,549.572,267.014
739,12.328983,67,0.303236,617.655,218.243
739,12.328983,68,0.463370,593.191,261.574
740,12.345667,64,0.268393,653.564,406.371
740,12.345667,65,0.337619,547.751,274.785
740,12.345667,67,0.432718,619.537,218.436
740,12.345667,68,0.466044,591.464,253.040
741,12.362350,64,0.262331,653.575,416.328
741,12.362350,65,0.321541,546.223,283.039
741,12.362350,67,0.276242,621.517,218.805
741,12.362350,68,0.334515,589.921,245.362
742,12.379033,64,0.306854,652.857,425.510
742,12.379033,65,0.495928,544.677,291.489
742,12.379033,67,0.278243,622.999,219.719
742,12.379033,68,0.197605,588.116,238.012
743,12.395717,64,0.260404,651.456,435.303
743,12.395717,65,0.434024,542.863,300.739
743,12.395717,67,0.516930,624.886,221.398
743,12.395717,68,0.197605,586.475,229.328
743,12.395717,69,0.317587,577.487,391.185
744,12.412400,64,0.260404,651.420,445.892
744,12.412400,65,0.364341,541.274,310.825
744,12.412400,67,0.526830,626.510,223.338
744,12.412400,68,0.508931,585.439,224.278
744,12.412400,69,0.464151,578.930,377.655
745,12.429083,64,0.313344,647.746,454.909
745,12.429083,65,0.397831,539.644,321.422
745,12.429083,67,0.590337,628.096,225.890
745,12.429083,68,0.427256,583.874,219.739
745,12.429083,69,0.704429,581.080,363.773
746,12.445767,64,0.170568,644.180,463.129
746,12.445767,65,0.711575,538.156,332.563
746,12.445767,67,0.446899,629.907,229.438
746,12.445767,68,0.486956,582.035,215.536
746,12.445767,69,0.388859,583.373,349.406
747,12.462450,64,0.170568,642.498,472.783
747,12.462450,65,0.576203,535.941,344.491
747,12.462450,67,0.397758,631.273,233.233
747,12.462450,68,0.204601,580.514,212.152
747,12.462450,69,0.388859,584.919,338.510
748,12.479133,64,0.222578,638.420,478.188
748,12.479133,65,0.474762,533.877,356.999
748,12.479133,67,0.353340,632.904,237.271
748,12.479133,68,0.161473,578.814,209.060
748,12.479133,69,0.297110,587.303,323.872
749,12.495817,64,0.256120,634.598,480.494
749,12.495817,65,0.536441,532.103,370.538
749,12.495817,67,0.291905,634.759,241.535
749,12.495817,68,0.233891,577.289,205.858
749,12.495817,69,0.335797,589.362,310.875
750,12.512500,64,0.256120,631.881,487.369
750,12.512500,65,0.507474,530.007,383.208
750,12.512500,67,0.189467,636.443,246.699
750,12.512500,68,0.301445,575.891,203.605
750,12.512500,69,0.243174,590.954,299.602
751,12.529183,64,0.256120,629.164,494.245
751,12.529183,65,0.601853,528.003,396.235
751,12.529183,67,0.619553,638.131,252.603
751,12.529183,68,0.535923,574.212,201.547
751,12.529183,69,0.632670,592.484,288.889
752,12.545867,64,0.256120,626.447,501.120
752,12.545867,65,0.695203,526.346,408.875
752,12.545867,67,0.563338,640.056,258.789
752,12.545867,68,0.554955,572.839,200.153
752,12.545867,69,0.703250,594.390,278.514
753,12.562550,64,0.256120,623.729,507.996
753,12.562550,65,0.568828,525.422,419.274
753,12.562550,67,0.546469,642.109,265.838
753,12.562550,68,0.503901,571.355,199.530
753,12.562550,69,0.697177,595.862,269.516
754,12.579233,64,0.256120,621.012,514.872
754,12.579233,65,0.618664,525.113,428.761
754,12.579233,67,0.537740,644.022,273.365
754,12.579233,68,0.266125,569.654,199.353
754,12.579233,69,0.696018,597.443,261.566
755,12.595917,65,0.376785,525.978,438.002
755,12.595917,67,0.436564,645.541,281.502
755,12.595917,68,0.507500,568.411,199.624
755,12.595917,69,0.487251,599.332,254.114
755,12.595917,70,0.402070,619.882,421.653
756,12.612600,65,0.376785,525.279,448.663
756,12.612600,67,0.455008,647.832,290.031
756,12.612600,68,0.406388,566.972,200.380
756,12.612600,69,0.658224,600.374,247.347
756,12.612600,70,0.375708,618.665,408.464
757,12.629283,65,0.522718,528.355,456.052
757,12.629283,67,0.557828,649.553,299.240
757,12.629283,68,0.183055,565.151,201.199
757,12.629283,69,0.523651,602.330,241.199
757,12.629283,70,0.646450,617.256,394.119
758,12.645967,65,0.501244,531.869,462.938
758,12.645967,67,0.551177,651.183,308.195
758,12.645967,68,0.514527,563.539,202.694
758,12.645967,69,0.418269,603.623,235.348
758,12.645967,70,0.646450,616.297,384.724
759,12.662650,65,0.501244,533.024,471.959
759,12.662650,67,0.652721,652.892,318.518
759,12.662650,68,0.344023,561.958,204.468
759,12.662650,69,0.231507,604.959,230.129
759,12.662650,70,0.646450,615.338,375.329
760,12.679333,65,0.437923,537.963,475.953
760,12.679333,67,0.587736,654.395,329.534
760,12.679333,68,0.365518,560.288,206.879
760,12.679333,69,0.507890,606.177,225.219
760,12.679333,70,0.425858,613.487,356.478
761,12.696017,65,0.172570,542.969,479.616
761,12.696017,67,0.607784,656.155,340.627
761,12.696017,68,0.314163,558.926,210.078
761,12.696017,69,0.347603,607.715,220.978
761,12.696017,70,0.447093,611.618,340.086
762,12.712700,65,0.172570,545.883,486.235
762,12.712700,67,0.827118,657.877,352.365
762,12.712700,68,0.432976,557.475,213.583
762,12.712700,69,0.498103,609.249,217.246
762,12.712700,70,0.694010,609.612,325.864
763,12.729383,65,0.172570,548.798,492.854
763,12.729383,67,0.749827,659.715,365.103
763,12.729383,68,0.700316,555.874,217.572
763,12.729383,69,0.425253,610.584,214.073
763,12.729383,70,0.764347,608.159,313.332
764,12.746067,65,0.172570,551.712,499.473
764,12.746067,67,0.716659,661.662,377.767
764,12.746067,68,0.382528,554.544,222.293
764,12.746067,69,0.165190,612.135,211.087
764,12.746067,70,0.509224,606.856,302.054
765,12.762750,65,0.172570,554.627,506.092
765,12.762750,67,0.395768,663.690,391.149
765,12.762750,68,0.428805,552.853,227.635
765,12.762750,69,0.272955,613.652,209.077
765,12.762750,70,0.631408,605.328,291.925
766,12.779433,65,0.172570,557.541,512.711
766,12.779433,67,0.302223,665.741,402.395
766,12.779433,68,0.271296,550.919,233.427
766,12.779433,69,0.252601,614.780,207.548
766,12.779433,70,0.380016,604.081,282.788
767,12.796117,67,0.492460,667.066,412.285
767,12.796117,68,0.249069,549.207,240.067
767,12.796117,69,0.412792,616.588,206.171
767,12.796117,70,0.335923,602.847,274.528
768,12.812800,67,0.639766,667.415,420.545
768,12.812800,68,0.665586,547.443,246.757
768,12.812800,69,0.486778,618.254,205.654
768,12.812800,70,0.361278,601.480,266.691
769,12.829483,67,0.218846,666.461,428.557
769,12.829483,68,0.295194,545.817,254.313
769,12.829483,69,0.507953,619.678,205.542
769,12.829483,70,0.361278,600.106,256.887
769,12.829483,71,0.287298,569.949,450.942
770,12.846167,67,0.314578,664.962,436.111
770,12.846167,68,0.204640,543.894,262.502
770,12.846167,69,0.425802,621.378,205.780
770,12.846167,70,0.344212,599.076,251.527
770,12.846167,71,0.287298,570.534,447.823
771,12.862850,67,0.314578,665.124,445.319
771,12.862850,68,0.585475,542.065,271.574
771,12.862850,69,0.419975,622.389,206.575
771,12.862850,70,0.518773,597.795,246.488
771,12.862850,71,0.287298,571.120,444.704
772,12.879533,67,0.259963,661.294,451.812
772,12.879533,68,0.222582,540.438,281.045
772,12.879533,69,0.272490,623.593,208.553
772,12.879533,70,0.476042,596.277,241.542
772,12.879533,71,0.287298,571.706,441.585
773,12.896217,67,0.259963,660.397,460.299
773,12.896217,68,0.403826,538.635,290.737
773,12.896217,69,0.419889,624.961,210.285
773,12.896217,70,0.282799,595.175,236.750
774,12.912900,67,0.259963,659.499,468.787
774,12.912900,68,0.239796,537.140,300.614
774,12.912900,69,0.520267,626.158,213.043
774,12.912900,70,0.337490,593.784,232.642
775,12.929583,67,0.259963,658.602,477.274
775,12.929583,68,0.180463,535.169,311.552
775,12.929583,69,0.520267,627.476,214.167
775,12.929583,70,0.337490,592.474,226.868
776,12.946267,67,0.184924,650.689,479.929
776,12.946267,68,0.355013,533.395,322.710
776,12.946267,69,0.523290,629.186,218.203
776,12.946267,70,0.229615,591.148,224.127
777,12.962950,67,0.184924,647.930,486.868
777,12.962950,68,0.473152,531.796,334.708
777,12.962950,69,0.428091,630.574,222.835
777,12.962950,70,0.156615,589.831,221.897
778,12.979633,67,0.184924,645.171,493.808
778,12.979633,68,0.369510,530.214,347.352
778,12.979633,69,0.388003,632.208,227.846
778,12.979633,70,0.156615,588.516,217.654
778,12.979633,72,0.185868,588.651,333.759
779,12.996317,67,0.184924,642.412,500.747
779,12.996317,68,0.553985,528.532,360.891
779,12.996317,69,0.595822,634.150,233.459
779,12.996317,70,0.553660,587.168,216.906
779,12.996317,72,0.524054,590.445,323.458
780,13.013000,68,0.709443,526.911,374.610
780,13.013000,69,0.569491,635.821,239.651
780,13.013000,70,0.176550,586.042,216.121
780,13.013000,72,0.332838,592.547,312.204
781,13.029683,68,0.725168,524.898,388.782
781,13.029683,69,0.628150,637.529,246.260
781,13.029683,70,0.403329,584.412,215.889
781,13.029683,72,0.689485,594.406,301.181
782,13.046367,68,0.541984,523.340,403.760
782,13.046367,69,0.766025,639.549,253.277
782,13.046367,70,0.698267,582.571,216.063
782,13.046367,72,0.774072,596.094,290.760
783,13.063050,68,0.419156,521.598,416.887
783,13.063050,69,0.543387,640.932,260.348
783,13.063050,70,0.571268,581.173,216.510
783,13.063050,72,0.610619,597.747,280.928
783,13.063050,73,0.186562,625.200,437.754
784,13.079733,68,0.543741,520.667,428.548
784,13.079733,69,0.545835,642.635,268.294
784,13.079733,70,0.569798,579.958,217.589
784,13.079733,72,0.689370,599.100,272.261
784,13.079733,73,0.307696,622.242,420.993
785,13.096417,68,0.426037,520.649,438.017
785,13.096417,69,0.388477,644.253,277.168
785,13.096417,70,0.631941,578.519,219.225
785,13.096417,72,0.430475,600.322,264.394
785,13.096417,73,0.644399,619.585,404.971
786,13.113100,68,0.313422,522.007,447.829
786,13.113100,69,0.741348,645.413,286.723
786,13.113100,70,0.789600,577.318,221.157
786,13.113100,72,0.747822,602.026,257.458
786,13.113100,73,0.470068,617.421,389.378
787,13.129783,68,0.313422,521.551,459.212
787,13.129783,69,0.414502,646.911,296.586
787,13.129783,70,0.475083,576.025,223.204
787,13.129783,72,0.313541,603.832,250.990
787,13.129783,73,0.728331,616.461,375.431
788,13.146467,68,0.194288,525.996,465.499
788,13.146467,69,0.639883,648.436,306.884
788,13.146467,70,0.434103,574.777,225.998
788,13.146467,72,0.456023,605.279,244.839
788,13.146467,73,0.728331,614.599,362.128
789,13.163150,68,0.196183,531.996,471.326
789,13.163150,69,0.639951,650.123,317.624
789,13.163150,70,0.588019,573.376,229.897
789,13.163150,72,0.674722,607.048,239.718
789,13.163150,73,0.278516,614.004,349.400
790,13.179833,68,0.196183,534.209,480.241
790,13.179833,69,0.698522,651.630,329.306
790,13.179833,70,0.384707,571.869,233.921
790,13.179833,72,0.655409,608.899,234.955
790,13.179833,73,0.185677,612.439,336.879
791,13.196517,68,0.196183,536.422,489.156
791,13.196517,69,0.684588,653.036,341.709
791,13.196517,70,0.602484,570.532,238.583
791,13.196517,72,0.692462,610.352,231.278
791,13.196517,73,0.501276,610.673,325.518
792,13.213200,68,0.196183,538.635,498.070
792,13.213200,69,0.719756,654.417,354.355
792,13.213200,70,0.758561,568.722,243.693
792,13.213200,72,0.827803,612.180,227.730
792,13.213200,73,0.370328,609.003,315.504
793,13.229883,68,0.196183,540.848,506.985
793,13.229883,69,0.574574,656.086,368.280
793,13.229883,70,0.798892,567.063,249.805
793,13.229883,72,0.752189,613.591,224.899
793,13.229883,73,0.172416,607.721,305.575
794,13.246567,68,0.196183,543.060,515.900
794,13.246567,69,0.697613,657.658,381.097
794,13.246567,70,0.617461,565.371,255.799
794,13.246567,72,0.312744,614.956,222.555
794,13.246567,73,0.719624,606.003,296.434
795,13.263250,69,0.380826,659.331,393.701
795,13.263250,70,0.573364,563.770,262.751
795,13.263250,72,0.512047,616.350,220.703
795,13.263250,73,0.777835,604.649,287.801
796,13.279933,69,0.273982,660.919,405.540
796,13.279933,70,0.629039,562.377,270.276
796,13.279933,72,0.686778,618.005,219.236
796,13.279933,73,0.694785,602.995,279.763
797,13.296617,69,0.539624,661.065,415.501
797,13.296617,70,0.660448,560.849,278.193
797,13.296617,72,0.696442,620.020,218.174
797,13.296617,73,0.643224,601.660,272.774
798,13.313300,69,0.539624,662.263,427.068
798,13.313300,70,0.711070,559.527,287.023
798,13.313300,72,0.696782,621.912,217.760
798,13.313300,73,0.713479,600.063,265.862
799,13.329983,69,0.539624,663.461,438.636
799,13.329983,70,0.363734,558.076,296.277
799,13.329983,72,0.672113,623.251,218.026
799,13.329983,73,0.673512,598.547,259.387
800,13.346667,69,0.230169,660.959,445.703
800,13.346667,70,0.502159,556.597,305.881
800,13.346667,72,0.550648,624.841,218.731
800,13.346667,73,0.471822,597.052,253.662
800,13.346667,74,0.480410,579.411,408.779
801,13.363350,69,0.328848,657.015,452.845
801,13.363350,70,0.528350,555.356,316.434
801,13.363350,72,0.772339,626.329,220.241
801,13.363350,73,0.710291,595.368,248.513
801,13.363350,74,0.433189,580.543,396.125
802,13.380033,69,0.328848,656.127,462.360
802,13.380033,70,0.540854,554.019,327.411
802,13.380033,72,0.534324,628.111,222.110
802,13.380033,73,0.427854,593.475,243.831
802,13.380033,74,0.640466,582.695,381.910
803,13.396717,69,0.328848,655.239,471.876
803,13.396717,70,0.308366,551.995,338.963
803,13.396717,72,0.663623,629.835,224.845
803,13.396717,73,0.411789,591.614,239.836
803,13.396717,74,0.581486,585.005,367.283
804,13.413400,69,0.425066,649.726,476.909
804,13.413400,70,0.475080,550.427,351.109
804,13.413400,72,0.715846,631.092,228.072
804,13.413400,73,0.380050,590.250,236.011
804,13.413400,74,0.581486,586.604,356.412
805,13.430083,69,0.308799,644.696,480.856
805,13.430083,70,0.452842,549.170,363.678
805,13.430083,72,0.274506,632.690,231.935
805,13.430083,73,0.380050,588.636,230.876
805,13.430083,74,0.372227,588.931,342.922
806,13.446767,69,0.308799,641.807,488.020
806,13.446767,70,0.509771,547.326,376.705
806,13.446767,72,0.629679,634.258,236.055
806,13.446767,73,0.324409,587.179,229.087
806,13.446767,74,0.553133,591.253,329.316
807,13.463450,69,0.258816,637.446,486.655
807,13.463450,70,0.652730,545.935,388.756
807,13.463450,72,0.455763,635.348,240.773
807,13.463450,73,0.324409,585.606,224.839
807,13.463450,74,0.556951,593.217,317.011
808,13.480133,69,0.425827,633.780,482.693
808,13.480133,70,0.770903,544.339,399.795
808,13.480133,72,0.457868,637.445,245.420
808,13.480133,73,0.304623,584.488,224.531
808,13.480133,74,0.407667,595.108,305.999
809,13.496817,69,0.549412,630.568,475.567
809,13.496817,70,0.804218,543.272,410.071
809,13.496817,72,0.663924,639.025,250.953
809,13.496817,73,0.587714,582.612,224.781
809,13.496817,74,0.734563,596.578,296.195
810,13.513500,69,0.386065,627.580,465.946
810,13.513500,70,0.528605,542.639,419.518
810,13.513500,72,0.788085,640.775,257.359
810,13.513500,73,0.773197,581.098,225.354
810,13.513500,74,0.888897,597.963,287.030
811,13.530183,69,0.264737,625.050,453.002
811,13.530183,70,0.753799,542.759,428.406
811,13.530183,72,0.796011,642.819,264.530
811,13.530183,73,0.791167,579.345,226.172
811,13.530183,74,0.853627,599.440,278.605
812,13.546867,69,0.522741,622.562,437.780
812,13.546867,70,0.560631,543.757,437.597
812,13.546867,72,0.617910,644.440,272.388
812,13.546867,73,0.709601,577.675,227.033
812,13.546867,74,0.773465,601.815,271.121
813,13.563550,69,0.611082,620.446,422.322
813,13.563550,70,0.401356,544.754,446.111
813,13.563550,72,0.529646,645.930,280.245
813,13.563550,73,0.470268,575.815,228.201
813,13.563550,74,0.589082,603.978,263.848
814,13.580233,69,0.649055,618.806,405.906
814,13.580233,70,0.401356,544.751,455.692
814,13.580233,72,0.435527,647.568,288.872
814,13.580233,73,0.268650,574.122,230.327
814,13.580233,74,0.567394,605.405,257.500
815,13.596917,69,0.538720,616.806,389.735
815,13.596917,70,0.401356,544.747,465.273
815,13.596917,72,0.602901,649.504,298.106
815,13.596917,73,0.295431,572.318,232.704
815,13.596917,74,0.560645,606.865,251.922
816,13.613600,69,0.538720,614.501,376.878
816,13.613600,70,0.401356,544.744,474.853
816,13.613600,72,0.727589,651.111,307.558
816,13.613600,73,0.435448,570.056,235.643
816,13.613600,74,0.470404,608.785,246.834
817,13.630283,69,0.202782,613.780,361.686
817,13.630283,70,0.401356,544.740,484.434
817,13.630283,72,0.180885,652.987,317.913
817,13.630283,73,0.435448,568.193,237.187
817,13.630283,74,0.470404,610.546,239.974
818,13.646967,69,0.480975,612.774,347.701
818,13.646967,70,0.159592,550.677,487.413
818,13.646967,72,0.654282,654.289,329.115
818,13.646967,73,0.449314,566.587,241.689
818,13.646967,74,0.389024,612.393,236.527
819,13.663650,69,0.242183,611.371,334.689
819,13.663650,70,0.159592,552.249,495.241
819,13.663650,72,0.651860,655.772,340.304
819,13.663650,73,0.264352,564.682,246.429
819,13.663650,74,0.442265,613.662,233.605
820,13.680333,69,0.243917,609.883,322.832
820,13.680333,70,0.159592,553.822,503.070
820,13.680333,72,0.708169,657.292,352.140
820,13.680333,73,0.336587,562.860,251.658
820,13.680333,74,0.514647,614.856,230.841
821,13.697017,69,0.741415,608.453,311.150
821,13.697017,72,0.715010,658.848,364.580
821,13.697017,73,0.254620,561.591,257.620
821,13.697017,74,0.700775,616.658,228.358
822,13.713700,69,0.707326,606.701,301.002
822,13.713700,72,0.809889,660.575,377.971
822,13.713700,73,0.195206,559.955,264.012
822,13.713700,74,0.778725,618.341,226.160
823,13.730383,69,0.614833,605.159,291.658
823,13.730383,72,0.737550,662.622,391.121
823,13.730383,73,0.411127,558.519,270.621
823,13.730383,74,0.680507,620.071,224.780
824,13.747067,69,0.718078,603.965,282.901
824,13.747067,72,0.763075,663.921,403.990
824,13.747067,73,0.609635,556.883,277.427
824,13.747067,74,0.456862,621.822,224.102
825,13.763750,69,0.612992,602.339,275.015
825,13.763750,72,0.718490,664.722,415.789
825,13.763750,73,0.645064,555.259,285.007
825,13.763750,74,0.247475,623.287,223.755
825,13.763750,75,0.180128,578.144,445.468
826,13.780433,69,0.181130,600.490,267.609
826,13.780433,72,0.347134,664.525,426.194
826,13.780433,73,0.608105,553.729,293.318
826,13.780433,74,0.247475,624.908,221.944
826,13.780433,75,0.164484,581.390,432.677
827,13.797117,69,0.467293,598.560,260.864
827,13.797117,72,0.197075,664.250,435.566
827,13.797117,73,0.648787,552.770,302.134
827,13.797117,74,0.434186,626.399,222.888
827,13.797117,75,0.381545,584.026,417.722
828,13.813800,69,0.303590,596.493,254.303
828,13.813800,72,0.197075,664.893,446.620
828,13.813800,73,0.225219,551.430,311.508
828,13.813800,74,0.215147,627.606,224.169
828,13.813800,75,0.294829,586.575,402.384
829,13.830483,69,0.663066,594.730,248.563
829,13.830483,72,0.197075,665.535,457.674
829,13.830483,73,0.504854,549.860,321.772
829,13.830483,74,0.762557,629.296,226.056
829,13.830483,75,0.461654,589.911,387.298
830,13.847167,69,0.663066,592.947,241.133
830,13.847167,72,0.197075,666.178,468.727
830,13.847167,73,0.327071,547.747,332.556
830,13.847167,74,0.268962,630.395,228.763
830,13.847167,75,0.461654,592.356,374.958
831,13.863850,69,0.265148,591.260,237.174
831,13.863850,72,0.198992,659.594,474.065
831,13.863850,73,0.518497,545.958,343.825
831,13.863850,74,0.315699,631.174,231.600
831,13.863850,75,0.461654,594.802,362.618
832,13.880533,69,0.364775,589.656,233.598
832,13.880533,72,0.296501,653.484,478.238
832,13.880533,73,0.709784,544.178,355.464
832,13.880533,74,0.554576,632.606,235.238
832,13.880533,75,0.461654,597.247,350.277
833,13.897217,69,0.207902,587.947,230.218
833,13.897217,72,0.296501,650.925,486.351
833,13.897217,73,0.572400,542.515,367.638
833,13.897217,74,0.491184,634.618,239.216
833,13.897217,75,0.461654,599.693,337.937
834,13.913900,69,0.595393,586.530,227.295
834,13.913900,72,0.323613,645.191,486.073
834,13.913900,73,0.754475,541.046,380.377
834,13.913900,74,0.663311,636.385,243.536
834,13.913900,75,0.692638,601.084,325.142
835,13.930583,69,0.397606,584.926,224.993
835,13.930583,72,0.307294,640.446,482.959
835,13.930583,73,0.790893,539.116,393.979
835,13.930583,74,0.568297,638.732,248.312
835,13.930583,75,0.562856,602.628,313.761
836,13.947267,69,0.246067,583.059,223.083
836,13.947267,72,0.196347,635.953,477.515
836,13.947267,73,0.604851,537.389,407.559
836,13.947267,74,0.264109,639.847,253.593
836,13.947267,75,0.368914,604.379,303.179
837,13.963950,69,0.181163,581.324,221.740
837,13.963950,72,0.212539,632.063,468.504
837,13.963950,73,0.620951,535.480,420.461
837,13.963950,74,0.264109,641.443,257.537
837,13.963950,75,0.535585,605.955,293.770
838,13.980633,69,0.181163,579.621,218.887
838,13.980633,72,0.212539,628.126,466.939
838,13.980633,73,0.405939,532.833,430.365
838,13.980633,74,0.264109,643.040,261.481
838,13.980633,75,0.276171,607.442,284.479
839,13.997317,69,0.384041,577.723,219.071
839,13.997317,72,0.212539,624.190,465.374
839,13.997317,73,0.402644,530.671,439.775
839,13.997317,74,0.319721,644.644,270.111
839,13.997317,75,0.415180,609.470,276.254
840,14.014000,69,0.218355,576.202,219.838
840,14.014000,72,0.212539,620.254,463.808
840,14.014000,73,0.612318,529.735,447.990
840,14.014000,74,0.201359,646.396,279.127
840,14.014000,75,0.370090,610.835,269.520
841,14.030683,69,0.218355,574.509,218.538
841,14.030683,72,0.212539,616.317,462.243
841,14.030683,73,0.161215,530.834,455.780
841,14.030683,74,0.312483,648.423,288.178
841,14.030683,75,0.241083,612.612,262.976
841,14.030683,76,0.513037,626.699,412.687
842,14.047367,69,0.178030,572.829,220.574
842,14.047367,72,0.212539,612.381,460.678
842,14.047367,73,0.388198,532.224,462.501
842,14.047367,74,0.567853,650.254,297.745
842,14.047367,75,0.529666,613.941,257.323
842,14.047367,76,0.545908,624.773,399.727
843,14.064050,69,0.170348,571.030,222.901
843,14.064050,73,0.268856,535.041,468.589
843,14.064050,74,0.623482,652.124,307.417
843,14.064050,75,0.501264,615.961,252.282
843,14.064050,76,0.471542,623.282,384.322
844,14.080733,69,0.170348,569.312,223.214
844,14.080733,73,0.211897,539.155,474.299
844,14.080733,74,0.208961,653.823,317.445
844,14.080733,75,0.501264,617.685,245.283
844,14.080733,76,0.231508,621.507,369.601
845,14.097417,69,0.237754,567.567,227.361
845,14.097417,73,0.213329,543.448,478.900
845,14.097417,74,0.621563,655.453,328.270
845,14.097417,75,0.471712,619.735,241.173
845,14.097417,76,0.735425,619.693,355.859
846,14.114100,69,0.237754,565.841,228.691
846,14.114100,73,0.213329,545.650,485.636
846,14.114100,74,0.562084,657.201,339.064
846,14.114100,75,0.471712,621.545,234.941
846,14.114100,76,0.565151,618.260,343.222
847,14.130783,69,0.380202,563.822,233.925
847,14.130783,73,0.213329,547.852,492.372
847,14.130783,74,0.791682,658.763,351.224
847,14.130783,75,0.520112,623.377,232.665
847,14.130783,76,0.740299,616.360,331.291
848,14.147467,69,0.209768,561.691,239.412
848,14.147467,73,0.213329,550.054,499.108
848,14.147467,74,0.816402,660.546,363.267
848,14.147467,75,0.287032,625.114,230.771
848,14.147467,76,0.630222,614.412,319.722
849,14.164150,69,0.189379,559.767,245.038
849,14.164150,73,0.213329,552.256,505.845
849,14.164150,74,0.776674,661.956,375.871
849,14.164150,75,0.165514,626.804,229.157
849,14.164150,76,0.561123,612.703,308.813
850,14.180833,69,0.250822,557.901,251.068
850,14.180833,73,0.213329,554.458,512.581
850,14.180833,74,0.776754,663.436,388.785
850,14.180833,75,0.276016,628.665,227.407
850,14.180833,76,0.617525,610.946,298.992
851,14.197517,69,0.318765,556.179,257.424
851,14.197517,74,0.383743,665.476,401.473
851,14.197517,75,0.703332,630.318,226.362
851,14.197517,76,0.680659,609.450,289.828
852,14.214200,69,0.563008,554.921,264.222
852,14.214200,74,0.490006,666.118,412.491
852,14.214200,75,0.637098,631.581,226.003
852,14.214200,76,0.410886,608.422,281.362
853,14.230883,69,0.670262,553.558,271.385
853,14.230883,74,0.573729,665.431,422.211
853,14.230883,75,0.547409,632.928,226.113
853,14.230883,76,0.366311,606.490,274.236
854,14.247567,69,0.452357,551.650,279.133
854,14.247567,74,0.486463,664.114,430.692
854,14.247567,75,0.305761,634.805,226.693
854,14.247567,76,0.471495,604.939,267.154
854,14.247567,77,0.518966,580.470,435.606
855,14.264250,69,0.452357,549.965,285.515
855,14.264250,74,0.486463,664.401,441.158
855,14.264250,75,0.305761,636.442,225.803
855,14.264250,76,0.471495,603.352,258.455
855,14.264250,77,0.345877,582.715,421.533
856,14.280933,69,0.528261,547.836,294.825
856,14.280933,74,0.214867,660.564,448.498
856,14.280933,75,0.297112,638.730,227.762
856,14.280933,76,0.378885,601.920,253.368
856,14.280933,77,0.522131,584.459,406.095
857,14.297617,69,0.426575,546.154,304.397
857,14.297617,74,0.260365,656.403,455.722
857,14.297617,75,0.268584,640.497,230.081
857,14.297617,76,0.379203,600.547,248.703
857,14.297617,77,0.522131,585.915,396.042
858,14.314300,69,0.637574,544.453,314.842
858,14.314300,74,0.260365,654.705,464.718
858,14.314300,75,0.420964,642.580,232.985
858,14.314300,76,0.542798,599.393,244.173
858,14.314300,77,0.206962,587.087,379.742
859,14.330983,69,0.494124,542.609,325.470
859,14.330983,74,0.260365,653.008,473.714
859,14.330983,75,0.424669,644.328,236.177
859,14.330983,76,0.791431,597.734,240.470
859,14.330983,77,0.654849,589.246,363.754
860,14.347667,69,0.531784,540.853,336.652
860,14.347667,74,0.194212,647.159,476.888
860,14.347667,75,0.530177,645.911,239.734
860,14.347667,76,0.641614,595.831,236.922
860,14.347667,77,0.324367,591.108,348.300
861,14.364350,69,0.547031,539.157,348.590
861,14.364350,74,0.194212,644.360,484.339
861,14.364350,75,0.533521,647.392,243.956
861,14.364350,76,0.570313,594.161,234.151
861,14.364350,77,0.403918,592.931,335.473
862,14.381033,69,0.698902,537.555,361.332
862,14.381033,74,0.162281,639.561,482.502
862,14.381033,75,0.682753,649.627,248.406
862,14.381033,76,0.655825,592.199,231.631
862,14.381033,77,0.453025,595.368,322.849
863,14.397717,69,0.603164,535.629,373.968
863,14.397717,74,0.162281,636.231,487.488
863,14.397717,75,0.270708,651.813,253.647
863,14.397717,76,0.267811,590.699,229.810
863,14.397717,77,0.175614,597.127,311.231
864,14.414400,69,0.757820,533.599,387.013
864,14.414400,74,0.162281,632.901,492.474
864,14.414400,75,0.223976,653.674,259.124
864,14.414400,76,0.289340,589.356,227.986
864,14.414400,77,0.438649,598.644,301.166
865,14.431083,69,0.715608,531.801,400.882
865,14.431083,74,0.162281,629.571,497.460
865,14.431083,75,0.223976,655.586,263.318
865,14.431083,76,0.429154,588.021,226.848
865,14.431083,77,0.219998,600.125,292.191
866,14.447767,69,0.727447,530.411,413.424
866,14.447767,74,0.162281,626.241,502.446
866,14.447767,75,0.290186,657.665,270.998
866,14.447767,76,0.717962,586.972,226.373
866,14.447767,77,0.389780,601.448,283.479
867,14.464450,69,0.741576,528.909,424.117
867,14.464450,75,0.520118,659.332,278.750
867,14.464450,76,0.587768,585.326,226.435
867,14.464450,77,0.454143,602.710,275.480
868,14.481133,69,0.604570,528.327,434.241
868,14.481133,75,0.354413,660.984,287.009
868,14.481133,76,0.231057,583.981,227.145
868,14.481133,77,0.177561,604.069,267.899
869,14.497817,69,0.262465,528.411,442.406
869,14.497817,75,0.182035,662.464,295.678
869,14.497817,76,0.231057,582.555,226.294
869,14.497817,77,0.492967,605.362,261.350
869,14.497817,78,0.708062,623.237,404.538
870,14.514500,69,0.163889,530.095,450.917
870,14.514500,75,0.464126,663.977,304.919
870,14.514500,76,0.300827,580.678,228.613
870,14.514500,77,0.533128,606.743,254.792
870,14.514500,78,0.648243,622.352,391.557
871,14.531183,69,0.403828,532.954,458.049
871,14.531183,75,0.372837,665.295,314.492
871,14.531183,76,0.431398,578.905,231.292
871,14.531183,77,0.631037,608.026,249.095
871,14.531183,78,0.442782,621.369,376.267
872,14.547867,69,0.403828,533.509,467.317
872,14.547867,75,0.372837,666.873,322.639
872,14.547867,76,0.304092,577.347,234.432
872,14.547867,77,0.357350,609.596,243.517
872,14.547867,78,0.484253,619.697,360.944
873,14.564550,69,0.271022,538.987,472.805
873,14.564550,75,0.468009,668.842,333.604
873,14.564550,76,0.304092,575.755,235.782
873,14.564550,77,0.320672,610.864,238.791
873,14.564550,78,0.484253,618.684,349.500
874,14.581233,69,0.282775,544.903,477.640
874,14.581233,75,0.731557,670.863,345.169
874,14.581233,76,0.261186,573.929,240.254
874,14.581233,77,0.534216,612.137,234.672
874,14.581233,78,0.555131,617.525,335.824
875,14.597917,69,0.348621,550.974,481.943
875,14.597917,75,0.688154,672.928,356.880
875,14.597917,76,0.576430,571.933,245.105
875,14.597917,77,0.155043,613.563,230.817
875,14.597917,78,0.623516,615.734,322.437
876,14.614600,69,0.161747,556.679,484.175
876,14.614600,75,0.188565,674.780,369.229
876,14.614600,76,0.458293,569.910,250.752
876,14.614600,77,0.427820,614.747,227.279
876,14.614600,78,0.694836,614.002,309.939
877,14.631283,69,0.161747,560.962,489.575
877,14.631283,75,0.225000,676.762,381.338
877,14.631283,76,0.551690,567.936,256.980
877,14.631283,77,0.546087,616.337,224.453
877,14.631283,78,0.427108,612.640,298.897
878,14.647967,69,0.252344,566.519,485.598
878,14.647967,75,0.168732,678.725,391.970
878,14.647967,76,0.225786,566.171,263.541
878,14.647967,77,0.205325,617.850,222.301
878,14.647967,78,0.456574,611.371,288.877
878,14.647967,79,0.627827,677.716,385.880
879,14.664650,69,0.252344,571.140,488.509
879,14.664650,75,0.532311,680.565,400.470
879,14.664650,76,0.681928,564.589,270.439
879,14.664650,77,0.477624,618.891,220.444
879,14.664650,78,0.547715,610.119,279.246
879,14.664650,79,0.627827,678.215,387.809
880,14.681333,69,0.252344,575.761,491.421
880,14.681333,75,0.627589,682.165,408.685
880,14.681333,76,0.248846,563.216,277.773
880,14.681333,77,0.477624,620.215,217.226
880,14.681333,78,0.238277,608.826,270.752
880,14.681333,79,0.627827,678.713,389.738
881,14.698017,69,0.252344,580.383,494.332
881,14.698017,75,0.372112,682.720,416.730
881,14.698017,76,0.603757,561.483,285.689
881,14.698017,77,0.570031,621.656,217.063
881,14.698017,78,0.561411,607.736,263.053
881,14.698017,79,0.650374,680.270,402.806
882,14.714700,69,0.252344,585.004,497.244
882,14.714700,75,0.252733,682.127,424.897
882,14.714700,76,0.477874,559.855,293.985
882,14.714700,77,0.600525,622.664,217.383
882,14.714700,78,0.568929,606.435,255.648
882,14.714700,79,0.548017,680.567,415.684
883,14.731383,69,0.252344,589.625,500.155
883,14.731383,75,0.467788,679.838,433.086
883,14.731383,76,0.568950,558.291,302.907
883,14.731383,77,0.523606,623.541,218.052
883,14.731383,78,0.633167,605.025,248.785
883,14.731383,79,0.548017,681.243,423.900
883,14.731383,80,0.690687,579.796,416.016
884,14.748067,75,0.386539,676.916,441.087
884,14.748067,76,0.254057,556.658,311.950
884,14.748067,77,0.218583,624.602,218.924
884,14.748067,78,0.321908,603.897,242.549
884,14.748067,79,0.548017,681.920,432.116
884,14.748067,80,0.626272,582.297,402.247
885,14.764750,75,0.478375,673.668,450.017
885,14.764750,76,0.554158,555.317,322.055
885,14.764750,77,0.514197,626.103,220.504
885,14.764750,78,0.588334,602.520,236.725
885,14.764750,79,0.548017,682.597,440.333
885,14.764750,80,0.428302,584.308,386.433
886,14.781433,75,0.344784,668.974,459.133
886,14.781433,76,0.685046,554.024,332.853
886,14.781433,77,0.519366,627.303,222.514
886,14.781433,78,0.513559,601.430,232.009
886,14.781433,80,0.614869,585.628,370.838
887,14.798117,75,0.344784,666.706,467.923
887,14.798117,76,0.215182,552.156,344.067
887,14.798117,77,0.219867,628.659,225.156
887,14.798117,78,0.296941,600.008,227.339
887,14.798117,80,0.211708,587.602,355.240
888,14.814800,75,0.343238,659.058,475.877
888,14.814800,76,0.632369,550.380,356.016
888,14.814800,77,0.708123,630.097,228.249
888,14.814800,78,0.654366,598.563,223.248
888,14.814800,80,0.477115,589.904,339.969
889,14.831483,75,0.241653,652.046,481.476
889,14.831483,76,0.334564,548.364,368.862
889,14.831483,77,0.488792,630.889,231.948
889,14.831483,78,0.382331,597.467,219.635
889,14.831483,80,0.612217,592.092,326.822
890,14.848167,75,0.178704,645.227,484.790
890,14.848167,76,0.617956,546.576,381.165
890,14.848167,77,0.368468,631.901,235.910
890,14.848167,78,0.465402,596.188,216.669
890,14.848167,80,0.371355,594.972,313.642
891,14.864850,75,0.178704,640.056,491.385
891,14.864850,76,0.174024,544.401,392.565
891,14.864850,77,0.186922,633.496,240.414
891,14.864850,78,0.174258,594.889,213.912
891,14.864850,80,0.459840,597.196,302.238
892,14.881533,75,0.195937,634.840,486.953
892,14.881533,76,0.221129,542.868,402.739
892,14.881533,77,0.514285,634.951,245.211
892,14.881533,78,0.651469,594.185,212.299
892,14.881533,80,0.787308,598.926,291.205
893,14.898217,75,0.339355,630.080,479.531
893,14.898217,76,0.490646,542.083,412.476
893,14.898217,77,0.664880,636.428,250.589
893,14.898217,78,0.580546,592.973,211.100
893,14.898217,80,0.597325,600.830,280.990
894,14.914900,75,0.478560,626.160,469.323
894,14.914900,76,0.244925,541.253,419.793
894,14.914900,77,0.694257,638.069,256.970
894,14.914900,78,0.545924,591.630,210.212
894,14.914900,80,0.612928,602.650,271.833
895,14.931583,75,0.440295,623.379,456.659
895,14.931583,76,0.181090,540.818,427.372
895,14.931583,77,0.330821,639.773,263.980
895,14.931583,78,0.347395,590.550,209.899
895,14.931583,80,0.596716,604.399,263.427
896,14.948267,75,0.572990,621.469,441.401
896,14.948267,76,0.338892,540.866,433.580
896,14.948267,77,0.239357,641.372,271.737
896,14.948267,78,0.352573,589.421,210.105
896,14.948267,80,0.369029,606.203,255.262
897,14.964950,75,0.478126,619.981,424.825
897,14.964950,76,0.336662,542.047,439.090
897,14.964950,77,0.484632,643.026,279.943
897,14.964950,78,0.444614,588.196,210.835
897,14.964950,80,0.730493,608.198,248.112
898,14.981633,75,0.720231,618.893,407.889
898,14.981633,76,0.237880,543.399,444.467
898,14.981633,77,0.685976,644.491,288.807
898,14.981633,78,0.716082,587.112,212.272
898,14.981633,80,0.687451,609.838,241.340
899,14.998317,75,0.684339,617.921,391.055
899,14.998317,76,0.224379,545.190,450.161
899,14.998317,77,0.727029,645.685,298.181
899,14.998317,78,0.642697,586.172,214.070
899,14.998317,80,0.731531,611.803,234.757
