video,frame,time_seconds,person_index,person_confidence,body_scale_shoulder_px,left_shoulder_x,left_shoulder_y,left_shoulder_confidence,left_shoulder_x_smooth,left_shoulder_y_smooth,right_shoulder_x,right_shoulder_y,right_shoulder_confidence,right_shoulder_x_smooth,right_shoulder_y_smooth,left_elbow_x,left_elbow_y,left_elbow_confidence,left_elbow_x_smooth,left_elbow_y_smooth,right_elbow_x,right_elbow_y,right_elbow_confidence,right_elbow_x_smooth,right_elbow_y_smooth,left_wrist_x,left_wrist_y,left_wrist_confidence,left_wrist_x_smooth,left_wrist_y_smooth,right_wrist_x,right_wrist_y,right_wrist_confidence,right_wrist_x_smooth,right_wrist_y_smooth
/home/it-admin/.hermes/profiles/juggling-tracker/workspace/juggling-yolo/videos/youtube_juggling_for_data_analysis_eh1I3SlZn48_075_090.mp4,0,0.000000,0,0.885852,65.565,631.649,391.911,0.992982,631.658,392.048,566.091,390.957,0.989361,565.610,392.061,649.143,439.972,0.979217,649.143,439.806,551.113,434.728,0.958522,553.606,432.656,637.747,467.428,0.977315,635.360,464.248,545.306,406.197,0.962132,540.084,408.287
/home/it-admin/.hermes/profiles/juggling-tracker/workspace/juggling-yolo/videos/youtube_juggling_for_data_analysis_eh1I3SlZn48_075_090.mp4,1,0.016683,0,0.888507,66.101,631.711,392.048,0.994060,631.685,392.093,565.610,392.061,0.989303,565.738,392.495,649.334,439.806,0.980299,648.545,439.889,554.263,430.720,0.951851,553.935,433.692,635.360,464.248,0.977976,633.880,462.581,540.084,408.287,0.961341,538.774,409.389
/home/it-admin/.hermes/profiles/juggling-tracker/workspace/juggling-yolo/videos/youtube_juggling_for_data_analysis_eh1I3SlZn48_075_090.mp4,2,0.033367,0,0.883606,66.425,631.658,392.138,0.993394,631.711,392.138,565.238,392.930,0.990532,565.610,392.930,647.948,439.155,0.978651,647.948,439.972,553.606,432.656,0.956751,553.606,434.728,632.401,460.914,0.976323,632.401,460.914,537.464,410.491,0.957279,537.464,410.491
/home/it-admin/.hermes/profiles/juggling-tracker/workspace/juggling-yolo/videos/youtube_juggling_for_data_analysis_eh1I3SlZn48_075_090.mp4,3,0.050050,0,0.879010,66.156,632.016,392.409,0.992607,632.016,392.409,565.866,393.271,0.991644,565.433,393.271,647.443,440.088,0.976735,647.443,440.088,554.382,436.913,0.965656,553.606,436.913,629.133,456.728,0.970757,629.133,456.728,536.332,420.783,0.954947,537.464,420.783
/home/it-admin/.hermes/profiles/juggling-tracker/workspace/juggling-yolo/videos/youtube_juggling_for_data_analysis_eh1I3SlZn48_075_090.mp4,4,0.066733,0,0.864698,67.427,632.766,392.769,0.991595,632.155,392.769,565.347,393.804,0.991767,565.433,393.634,646.117,440.493,0.965119,646.231,440.493,551.834,437.764,0.952627,552.630,437.764,627.172,451.278,0.953099,629.115,451.278,537.057,428.614,0.922815,537.464,428.614
/home/it-admin/.hermes/profiles/juggling-tracker/workspace/juggling-yolo/videos/youtube_juggling_for_data_analysis_eh1I3SlZn48_075_090.mp4,5,0.083417,0,0.858328,66.727,632.155,392.965,0.987160,632.766,392.769,565.433,393.771,0.989443,565.866,393.634,645.829,441.375,0.936084,646.231,440.739,551.668,438.161,0.947226,552.630,438.161,628.464,448.845,0.905355,629.115,448.845,538.425,435.392,0.889826,538.425,435.392
/home/it-admin/.hermes/profiles/juggling-tracker/workspace/juggling-yolo/videos/youtube_juggling_for_data_analysis_eh1I3SlZn48_075_090.mp4,6,0.100100,0,0.868981,67.834,633.749,393.226,0.988009,633.365,392.769,565.916,393.634,0.987503,565.916,393.634,646.231,441.517,0.951994,646.231,440.739,552.630,438.557,0.930652,552.630,438.557,629.115,431.777,0.945782,629.115,431.777,544.351,439.819,0.881623,544.351,439.819
/home/it-admin/.hermes/profiles/juggling-tracker/workspace/juggling-yolo/videos/youtube_juggling_for_data_analysis_eh1I3SlZn48_075_090.mp4,7,0.116783,0,0.873296,67.510,633.466,392.759,0.988266,633.365,392.759,565.956,392.937,0.988408,565.956,392.937,646.993,440.739,0.958107,646.993,440.739,554.090,439.228,0.936277,554.086,438.557,631.275,425.909,0.956614,630.672,425.909,555.203,443.848,0.885840,549.440,443.848
/home/it-admin/.hermes/profiles/juggling-tracker/workspace/juggling-yolo/videos/youtube_juggling_for_data_analysis_eh1I3SlZn48_075_090.mp4,8,0.133467,0,0.877154,67.407,633.365,390.467,0.990391,633.365,390.467,565.973,391.862,0.988507,565.956,391.862,647.200,440.372,0.968871,646.993,440.372,554.319,439.546,0.943436,554.086,438.557,631.951,423.304,0.967227,631.275,423.304,549.440,447.828,0.911318,549.440,447.828
/home/it-admin/.hermes/profiles/juggling-tracker/workspace/juggling-yolo/videos/youtube_juggling_for_data_analysis_eh1I3SlZn48_075_090.mp4,9,0.150150,0,0.882026,66.675,632.736,389.498,0.989800,632.736,390.467,566.079,391.036,0.989432,565.973,391.862,647.123,437.787,0.966817,646.993,437.820,554.086,437.787,0.955867,554.086,438.146,630.672,414.070,0.963470,631.951,414.070,550.081,449.240,0.930438,550.081,449.240
/home/it-admin/.hermes/profiles/juggling-tracker/workspace/juggling-yolo/videos/youtube_juggling_for_data_analysis_eh1I3SlZn48_075_090.mp4,10,0.166833,0,0.890951,64.380,630.123,388.891,0.989624,631.802,390.467,565.775,390.921,0.990535,566.079,391.731,644.487,437.820,0.974069,647.123,437.787,552.692,438.146,0.970623,553.568,437.787,635.866,406.152,0.973807,635.866,406.152,547.032,455.135,0.956424,550.081,455.135
/home/it-admin/.hermes/profiles/juggling-tracker/workspace/juggling-yolo/videos/youtube_juggling_for_data_analysis_eh1I3SlZn48_075_090.mp4,11,0.183517,0,0.879216,63.534,629.756,390.623,0.984590,631.802,390.136,566.242,392.217,0.985287,566.242,391.689,645.749,435.862,0.971699,646.548,435.862,553.568,437.692,0.970533,552.868,437.692,639.265,402.981,0.973462,639.265,402.981,550.087,458.118,0.963259,550.087,458.118
/home/it-admin/.hermes/profiles/juggling-tracker/workspace/juggling-yolo/videos/youtube_juggling_for_data_analysis_eh1I3SlZn48_075_090.mp4,12,0.200200,0,0.887841,65.031,631.802,391.247,0.986452,631.802,390.136,566.773,391.731,0.989072,566.242,391.689,648.100,434.030,0.962204,645.749,434.030,552.768,437.072,0.975677,552.868,437.692,644.081,395.042,0.952427,644.081,396.084,551.379,462.885,0.968942,551.379,462.885
/home/it-admin/.hermes/profiles/juggling-tracker/workspace/juggling-yolo/videos/youtube_juggling_for_data_analysis_eh1I3SlZn48_075_090.mp4,13,0.216883,0,0.886714,66.344,632.620,390.136,0.979825,631.802,390.136,566.295,391.689,0.989606,566.242,391.731,646.548,430.103,0.917694,645.749,430.103,552.868,436.984,0.974277,553.265,437.692,649.709,396.084,0.924388,649.709,395.042,552.178,463.751,0.971651,552.178,463.751
/home/it-admin/.hermes/profiles/juggling-tracker/workspace/juggling-yolo/videos/youtube_juggling_for_data_analysis_eh1I3SlZn48_075_090.mp4,14,0.233567,0,0.876405,65.966,632.011,389.322,0.985170,632.011,390.136,566.076,391.359,0.994048,566.076,391.731,642.372,423.946,0.920909,646.548,423.946,553.318,438.187,0.980146,553.265,437.802,651.217,391.045,0.930780,651.217,395.042,554.242,466.185,0.975086,554.242,463.751
/home/it-admin/.hermes/profiles/juggling-tracker/workspace/juggling-yolo/videos/youtube_juggling_for_data_analysis_eh1I3SlZn48_075_090.mp4,15,0.250250,0,0.880249,65.806,631.764,389.943,0.985867,632.011,390.136,565.984,391.769,0.994532,565.984,391.769,645.268,415.853,0.923336,646.055,423.946,553.265,438.856,0.979574,553.281,438.187,656.385,388.754,0.930269,656.385,395.636,556.594,465.475,0.970878,556.594,463.751
/home/it-admin/.hermes/profiles/juggling-tracker/workspace/juggling-yolo/videos/youtube_juggling_for_data_analysis_eh1I3SlZn48_075_090.mp4,16,0.266933,0,0.872405,67.410,633.155,390.607,0.986441,632.011,390.607,565.759,391.977,0.994695,565.759,391.977,653.186,414.438,0.903099,645.268,423.946,553.281,437.802,0.979414,553.281,438.663,661.621,395.636,0.899046,658.638,395.636,557.585,462.956,0.972141,557.585,463.206
/home/it-admin/.hermes/profiles/juggling-tracker/workspace/juggling-yolo/videos/youtube_juggling_for_data_analysis_eh1I3SlZn48_075_090.mp4,17,0.283617,0,0.861690,66.013,631.758,392.130,0.988675,632.064,391.038,565.744,392.089,0.994291,565.744,391.977,646.055,428.082,0.947058,645.268,427.791,553.511,438.663,0.980488,553.265,438.856,661.374,403.003,0.943241,658.638,403.003,558.286,463.206,0.970483,557.736,462.956
/home/it-admin/.hermes/profiles/juggling-tracker/workspace/juggling-yolo/videos/youtube_juggling_for_data_analysis_eh1I3SlZn48_075_090.mp4,18,0.300300,0,0.867535,66.589,632.064,391.607,0.988044,632.184,391.607,565.478,392.153,0.994349,565.697,392.089,644.520,427.791,0.936040,644.520,428.082,552.428,439.334,0.976977,552.428,439.334,658.638,408.447,0.935045,658.638,408.447,559.810,456.850,0.962745,558.286,456.850
/home/it-admin/.hermes/profiles/juggling-tracker/workspace/juggling-yolo/videos/youtube_juggling_for_data_analysis_eh1I3SlZn48_075_090.mp4,19,0.316983,0,0.858897,66.620,632.184,391.038,0.989233,632.184,391.932,565.568,391.727,0.993813,565.568,392.153,642.766,433.540,0.943573,643.653,433.264,550.190,439.404,0.974304,550.190,439.404,656.761,418.813,0.936243,656.761,418.813,557.736,449.116,0.959448,559.435,449.116
/home/it-admin/.hermes/profiles/juggling-tracker/workspace/juggling-yolo/videos/youtube_juggling_for_data_analysis_eh1I3SlZn48_075_090.mp4,20,0.333667,0,0.525268,67.049,632.740,391.932,0.988250,632.740,391.932,565.697,392.894,0.993122,565.478,392.604,643.653,433.264,0.931177,643.653,433.540,549.083,440.891,0.966946,549.083,440.891,655.046,424.862,0.915709,656.203,424.862,559.435,444.748,0.941734,559.435,444.748
/home/it-admin/.hermes/profiles/juggling-tracker/workspace/juggling-yolo/videos/youtube_juggling_for_data_analysis_eh1I3SlZn48_075_090.mp4,20,0.333667,1,0.373081,66.524,632.231,392.299,0.985987,,,565.715,393.258,0.989911,,,643.849,433.419,0.926845,,,548.855,441.457,0.960214,,,654.910,425.683,0.912717,,,559.563,445.112,0.936287,,
/home/it-admin/.hermes/profiles/juggling-tracker/workspace/juggling-yolo/videos/youtube_juggling_for_data_analysis_eh1I3SlZn48_075_090.mp4,21,0.350350,0,0.864826,67.929,632.997,392.678,0.985045,632.957,391.932,565.069,392.942,0.991359,565.382,392.604,643.554,437.446,0.900348,643.653,436.342,547.760,444.392,0.972894,548.294,443.112,651.099,432.235,0.870566,655.046,432.235,559.897,439.523,0.957976,557.894,439.523
/home/it-admin/.hermes/profiles/juggling-tracker/workspace/juggling-yolo/videos/youtube_juggling_for_data_analysis_eh1I3SlZn48_075_090.mp4,22,0.367033,0,0.863555,68.238,633.145,391.977,0.989249,632.997,391.977,564.910,392.604,0.993346,565.382,392.604,647.499,436.342,0.937291,647.499,437.446,548.294,444.696,0.975814,548.294,444.392,656.203,436.112,0.921485,651.451,436.112,557.894,432.613,0.966982,558.092,432.613
/home/it-admin/.hermes/profiles/juggling-tracker/workspace/juggling-yolo/videos/youtube_juggling_for_data_analysis_eh1I3SlZn48_075_090.mp4,23,0.383717,0,0.862356,67.576,632.957,391.922,0.989545,633.145,392.138,565.382,391.652,0.993496,565.382,392.113,648.008,438.118,0.923503,648.008,438.118,547.551,443.112,0.975215,548.294,444.392,651.451,438.547,0.865370,651.099,438.547,557.362,427.765,0.957029,557.894,427.765
/home/it-admin/.hermes/profiles/juggling-tracker/workspace/juggling-yolo/videos/youtube_juggling_for_data_analysis_eh1I3SlZn48_075_090.mp4,24,0.400400,0,0.856362,66.984,633.183,392.138,0.990116,633.145,392.138,566.199,392.113,0.992752,565.661,391.981,648.860,442.578,0.914636,648.008,439.949,550.260,445.106,0.979655,548.294,443.112,641.966,452.887,0.784318,641.966,452.887,558.092,416.917,0.968602,557.362,416.917
/home/it-admin/.hermes/profiles/juggling-tracker/workspace/juggling-yolo/videos/youtube_juggling_for_data_analysis_eh1I3SlZn48_075_090.mp4,25,0.417083,0,0.869318,67.500,633.153,392.993,0.989665,632.957,392.138,565.661,391.981,0.986002,566.188,391.652,648.276,443.594,0.934932,648.119,439.949,550.460,441.431,0.937582,549.866,441.431,640.111,453.304,0.888973,640.447,453.304,554.994,413.776,0.904478,554.994,413.776
/home/it-admin/.hermes/profiles/juggling-tracker/workspace/juggling-yolo/videos/youtube_juggling_for_data_analysis_eh1I3SlZn48_075_090.mp4,26,0.433767,0,0.674197,66.612,632.871,392.564,0.990910,632.871,392.138,566.286,390.672,0.979529,566.199,390.672,646.276,439.949,0.953062,648.119,439.949,547.977,426.154,0.879041,550.260,426.154,640.447,456.426,0.941750,640.111,456.426,551.495,404.302,0.864802,551.495,404.302
/home/it-admin/.hermes/profiles/juggling-tracker/workspace/juggling-yolo/videos/youtube_juggling_for_data_analysis_eh1I3SlZn48_075_090.mp4,27,0.450450,0,0.874702,66.756,632.848,391.518,0.993346,632.848,391.646,566.188,387.943,0.982907,566.188,390.584,648.119,437.942,0.975058,647.697,438.870,549.866,413.049,0.896298,550.460,424.885,639.871,460.742,0.972185,639.871,460.742,548.842,399.153,0.912983,548.842,401.412
/home/it-admin/.hermes/profiles/juggling-tracker/workspace/juggling-yolo/videos/youtube_juggling_for_data_analysis_eh1I3SlZn48_075_090.mp4,28,0.467133,0,0.855003,65.203,632.266,391.646,0.991833,632.266,391.646,567.072,390.584,0.980787,566.188,390.584,647.697,438.389,0.978506,647.545,438.870,555.050,424.885,0.909094,551.103,424.266,638.987,464.984,0.978906,638.987,461.408,546.543,401.412,0.925152,546.543,401.412
/home/it-admin/.hermes/profiles/juggling-tracker/workspace/juggling-yolo/videos/youtube_juggling_for_data_analysis_eh1I3SlZn48_075_090.mp4,29,0.483817,0,0.869259,65.963,631.858,391.641,0.993342,631.858,391.646,565.906,390.460,0.986247,565.906,390.584,647.027,438.870,0.978828,647.545,438.566,552.576,421.551,0.931302,552.576,424.266,636.358,462.608,0.977308,636.358,461.408,543.060,399.027,0.940533,543.060,401.412
/home/it-admin/.hermes/profiles/juggling-tracker/workspace/juggling-yolo/videos/youtube_juggling_for_data_analysis_eh1I3SlZn48_075_090.mp4,30,0.500500,0,0.878793,66.629,631.776,391.769,0.993875,631.776,391.734,565.157,390.600,0.988609,565.459,390.600,647.545,439.389,0.980487,647.284,438.870,551.103,424.266,0.946413,553.733,424.885,633.081,461.408,0.979120,633.081,461.408,539.719,401.453,0.953847,541.184,401.453
/home/it-admin/.hermes/profiles/juggling-tracker/workspace/juggling-yolo/videos/youtube_juggling_for_data_analysis_eh1I3SlZn48_075_090.mp4,31,0.517183,0,0.880889,65.760,631.219,391.734,0.993432,631.306,391.769,565.459,391.800,0.989895,565.157,391.800,646.902,438.566,0.979046,647.027,439.389,553.733,431.236,0.955282,553.306,431.236,630.484,458.528,0.976457,630.484,458.528,540.790,410.171,0.956713,540.790,410.171
/home/it-admin/.hermes/profiles/juggling-tracker/workspace/juggling-yolo/videos/youtube_juggling_for_data_analysis_eh1I3SlZn48_075_090.mp4,32,0.533867,0,0.867915,66.118,631.184,392.336,0.992549,631.306,392.336,565.076,393.518,0.989756,565.157,392.956,647.284,439.890,0.974682,646.902,439.890,555.369,437.040,0.938231,553.306,434.840,627.995,456.388,0.964092,627.995,456.388,541.184,422.293,0.906766,540.646,422.293
/home/it-admin/.hermes/profiles/juggling-tracker/workspace/juggling-yolo/videos/youtube_juggling_for_data_analysis_eh1I3SlZn48_075_090.mp4,33,0.550550,0,0.850599,66.191,631.306,392.736,0.990058,631.306,392.736,565.120,393.572,0.985891,565.459,392.956,645.993,440.289,0.968600,645.993,440.289,553.306,438.481,0.934295,553.571,437.040,626.622,455.220,0.964044,626.622,455.220,540.646,427.053,0.901651,540.790,427.053
/home/it-admin/.hermes/profiles/juggling-tracker/workspace/juggling-yolo/videos/youtube_juggling_for_data_analysis_eh1I3SlZn48_075_090.mp4,34,0.567233,0,0.862923,66.729,632.468,393.584,0.990741,632.299,393.281,565.742,392.956,0.992205,565.742,392.956,643.312,443.681,0.952987,645.002,443.681,551.569,434.840,0.952059,553.571,438.481,623.388,445.199,0.925273,625.816,445.199,539.376,428.775,0.902780,541.184,428.775
/home/it-admin/.hermes/profiles/juggling-tracker/workspace/juggling-yolo/videos/youtube_juggling_for_data_analysis_eh1I3SlZn48_075_090.mp4,35,0.583917,0,0.510504,66.231,632.299,393.388,0.991485,632.468,393.281,566.070,392.946,0.992390,565.814,392.946,645.002,445.483,0.970059,644.426,445.475,553.571,439.223,0.960931,553.571,439.223,625.816,435.769,0.963741,625.422,435.769,541.661,436.111,0.929273,541.661,436.111
/home/it-admin/.hermes/profiles/juggling-tracker/workspace/juggling-yolo/videos/youtube_juggling_for_data_analysis_eh1I3SlZn48_075_090.mp4,35,0.583917,1,0.398435,65.699,631.843,393.351,0.989822,,,566.146,392.839,0.988991,,,644.549,445.177,0.967366,,,552.918,439.360,0.954208,,,625.521,436.867,0.963812,,,541.595,436.026,0.925520,,
/home/it-admin/.hermes/profiles/juggling-tracker/workspace/juggling-yolo/videos/youtube_juggling_for_data_analysis_eh1I3SlZn48_075_090.mp4,36,0.600600,0,0.857903,66.928,632.742,393.281,0.990730,632.742,393.281,565.814,392.918,0.988146,566.070,392.918,644.426,446.896,0.973273,644.093,445.483,553.572,441.179,0.954200,553.572,439.223,624.757,431.916,0.973972,625.422,431.916,542.121,440.154,0.940451,542.121,440.154
/home/it-admin/.hermes/profiles/juggling-tracker/workspace/juggling-yolo/videos/youtube_juggling_for_data_analysis_eh1I3SlZn48_075_090.mp4,37,0.617283,0,0.876680,66.666,632.871,392.249,0.990769,632.742,392.249,566.206,391.904,0.986424,566.206,391.904,644.093,445.475,0.973137,644.093,445.483,554.012,439.956,0.914911,553.643,439.223,625.422,424.006,0.967041,625.816,424.006,556.810,447.834,0.834124,544.533,445.254
/home/it-admin/.hermes/profiles/juggling-tracker/workspace/juggling-yolo/videos/youtube_juggling_for_data_analysis_eh1I3SlZn48_075_090.mp4,38,0.633967,0,0.880441,66.493,633.134,391.627,0.990531,632.742,391.627,566.642,391.421,0.988559,566.206,391.904,641.902,446.573,0.975019,643.813,445.475,554.229,438.823,0.957807,554.012,439.379,626.379,416.062,0.972449,626.379,416.062,544.533,445.254,0.934810,547.726,447.834
/home/it-admin/.hermes/profiles/juggling-tracker/workspace/juggling-yolo/videos/youtube_juggling_for_data_analysis_eh1I3SlZn48_075_090.mp4,39,0.650650,0,0.882369,65.654,631.916,389.913,0.990085,631.916,391.093,566.271,390.995,0.987906,566.206,391.443,643.646,442.185,0.974721,643.813,442.185,553.643,437.997,0.954762,554.012,438.823,628.038,407.394,0.971416,628.038,407.394,547.726,451.339,0.930537,553.974,451.339
/home/it-admin/.hermes/profiles/juggling-tracker/workspace/juggling-yolo/videos/youtube_juggling_for_data_analysis_eh1I3SlZn48_075_090.mp4,40,0.667333,0,0.868441,65.891,631.158,391.093,0.988067,631.158,391.093,565.283,392.569,0.983542,566.271,391.421,643.813,439.224,0.974528,643.813,439.224,554.154,439.379,0.951531,553.643,437.997,630.479,403.781,0.966619,630.479,403.781,555.568,458.928,0.924060,553.974,458.928
/home/it-admin/.hermes/profiles/juggling-tracker/workspace/juggling-yolo/videos/youtube_juggling_for_data_analysis_eh1I3SlZn48_075_090.mp4,41,0.684017,0,0.887272,64.517,630.474,390.389,0.988284,631.158,390.389,565.965,391.443,0.987896,566.271,391.417,646.146,433.885,0.974131,644.720,435.925,553.101,437.142,0.971092,553.431,437.997,636.412,400.072,0.973921,636.412,401.292,553.974,461.979,0.966238,554.700,461.979
/home/it-admin/.hermes/profiles/juggling-tracker/workspace/juggling-yolo/videos/youtube_juggling_for_data_analysis_eh1I3SlZn48_075_090.mp4,42,0.700700,0,0.882823,63.842,630.458,391.131,0.984518,630.607,391.093,566.617,391.417,0.987370,566.617,391.443,644.720,435.672,0.969703,645.067,435.672,553.431,437.659,0.974452,553.101,439.064,640.465,401.292,0.973147,640.465,401.292,554.700,464.515,0.969319,555.568,464.391
/home/it-admin/.hermes/profiles/juggling-tracker/workspace/juggling-yolo/videos/youtube_juggling_for_data_analysis_eh1I3SlZn48_075_090.mp4,43,0.717383,0,0.891059,64.693,631.392,390.219,0.987220,630.607,391.131,566.708,391.263,0.989863,566.708,391.443,645.067,435.925,0.969307,645.352,434.476,552.087,439.337,0.974641,553.101,439.064,642.144,400.421,0.972114,642.144,401.292,556.599,466.332,0.968837,556.599,464.391
/home/it-admin/.hermes/profiles/juggling-tracker/workspace/juggling-yolo/videos/youtube_juggling_for_data_analysis_eh1I3SlZn48_075_090.mp4,44,0.734067,0,0.887215,63.565,630.607,391.369,0.983965,631.157,391.131,567.045,391.998,0.990501,566.764,391.998,646.653,434.476,0.955251,645.352,434.476,552.103,439.064,0.976091,553.431,439.064,646.281,404.011,0.965629,646.281,401.292,557.053,464.391,0.972411,557.053,464.391
/home/it-admin/.hermes/profiles/juggling-tracker/workspace/juggling-yolo/videos/youtube_juggling_for_data_analysis_eh1I3SlZn48_075_090.mp4,45,0.750750,0,0.885189,64.284,631.157,392.016,0.982037,631.392,390.374,566.877,392.641,0.990484,566.877,392.562,645.352,433.168,0.939766,646.653,433.168,553.832,439.296,0.975702,553.626,439.296,647.733,401.640,0.951981,647.733,401.640,559.892,463.571,0.972538,559.312,463.571
/home/it-admin/.hermes/profiles/juggling-tracker/workspace/juggling-yolo/videos/youtube_juggling_for_data_analysis_eh1I3SlZn48_075_090.mp4,46,0.767433,0,0.423232,65.878,632.581,389.735,0.980398,632.581,391.369,566.764,392.562,0.993691,567.045,392.641,648.732,417.885,0.883041,648.732,424.688,553.948,437.990,0.978224,553.626,439.296,650.262,391.975,0.896979,647.733,401.640,559.312,462.225,0.970476,559.892,462.225
/home/it-admin/.hermes/profiles/juggling-tracker/workspace/juggling-yolo/videos/youtube_juggling_for_data_analysis_eh1I3SlZn48_075_090.mp4,46,0.767433,1,0.354887,64.965,631.776,389.921,0.977012,,,566.865,392.572,0.991026,,,648.583,417.958,0.876103,,,553.629,438.552,0.973736,,,649.859,393.133,0.885372,,,559.432,462.382,0.968777,,
/home/it-admin/.hermes/profiles/juggling-tracker/workspace/juggling-yolo/videos/youtube_juggling_for_data_analysis_eh1I3SlZn48_075_090.mp4,47,0.784117,0,0.873691,65.685,632.831,390.374,0.978033,632.831,391.469,567.193,392.864,0.991324,566.930,392.864,649.551,424.688,0.858118,648.732,424.688,553.626,440.301,0.972652,553.626,440.301,650.743,403.950,0.845835,647.733,401.640,563.430,459.942,0.961391,562.760,459.942
/home/it-admin/.hermes/profiles/juggling-tracker/workspace/juggling-yolo/videos/youtube_juggling_for_data_analysis_eh1I3SlZn48_075_090.mp4,48,0.800800,0,0.854293,66.398,633.719,391.469,0.984982,633.551,391.469,567.349,393.410,0.994017,566.930,393.410,654.538,413.338,0.855782,649.551,424.688,553.303,440.490,0.972183,553.303,440.490,638.547,394.453,0.767574,645.256,403.950,566.281,452.221,0.942446,563.430,452.221
/home/it-admin/.hermes/profiles/juggling-tracker/workspace/juggling-yolo/videos/youtube_juggling_for_data_analysis_eh1I3SlZn48_075_090.mp4,49,0.817483,0,0.877223,67.028,633.951,392.602,0.981801,633.551,392.389,566.930,393.625,0.990121,566.930,393.553,648.523,430.001,0.871881,649.551,430.001,551.587,441.956,0.964120,551.615,441.956,645.256,418.717,0.831546,645.256,418.717,562.760,447.981,0.943812,563.530,447.981
/home/it-admin/.hermes/profiles/juggling-tracker/workspace/juggling-yolo/videos/youtube_juggling_for_data_analysis_eh1I3SlZn48_075_090.mp4,50,0.834167,0,0.880432,66.754,633.551,392.389,0.986030,633.551,392.558,566.810,393.682,0.990785,566.810,393.553,650.128,432.865,0.917819,648.658,432.865,551.615,443.784,0.964618,551.615,443.784,643.922,425.018,0.885461,643.922,425.018,568.133,443.788,0.935653,564.398,443.788
/home/it-admin/.hermes/profiles/juggling-tracker/workspace/juggling-yolo/videos/youtube_juggling_for_data_analysis_eh1I3SlZn48_075_090.mp4,51,0.850850,0,0.888369,67.482,633.501,392.558,0.988222,633.538,392.558,566.027,393.553,0.990872,566.027,393.553,648.658,439.195,0.951721,648.523,437.652,551.124,447.964,0.974691,551.615,445.991,648.389,435.789,0.946319,643.922,434.123,563.530,439.087,0.965921,564.398,439.087
/home/it-admin/.hermes/profiles/juggling-tracker/workspace/juggling-yolo/videos/youtube_juggling_for_data_analysis_eh1I3SlZn48_075_090.mp4,52,0.867533,0,0.884272,67.637,633.538,392.707,0.988548,633.501,392.389,565.904,393.277,0.991385,566.027,393.277,648.161,440.596,0.929764,648.658,439.195,551.767,447.992,0.977262,551.767,445.991,637.554,434.123,0.884523,637.554,435.789,564.398,433.567,0.966058,565.254,433.567
/home/it-admin/.hermes/profiles/juggling-tracker/workspace/juggling-yolo/videos/youtube_juggling_for_data_analysis_eh1I3SlZn48_075_090.mp4,53,0.884217,0,0.888465,67.196,632.997,391.889,0.990291,633.314,391.992,565.806,392.690,0.990742,566.027,392.690,648.330,437.652,0.960422,648.658,440.067,553.406,445.991,0.967750,552.519,445.991,633.242,441.333,0.943132,633.242,441.333,566.439,428.114,0.942966,564.398,428.592
/home/it-admin/.hermes/profiles/juggling-tracker/workspace/juggling-yolo/videos/youtube_juggling_for_data_analysis_eh1I3SlZn48_075_090.mp4,54,0.900900,0,0.887339,67.140,633.314,391.992,0.991529,632.997,391.889,566.178,392.682,0.990844,566.178,392.682,651.094,441.098,0.970237,648.995,440.067,552.737,444.342,0.962324,552.737,444.656,632.669,450.206,0.954994,632.669,450.206,565.254,428.592,0.919378,564.398,428.114
/home/it-admin/.hermes/profiles/juggling-tracker/workspace/juggling-yolo/videos/youtube_juggling_for_data_analysis_eh1I3SlZn48_075_090.mp4,55,0.917583,0,0.888549,66.400,632.780,391.531,0.990959,632.780,391.531,566.387,392.527,0.991670,566.387,392.527,650.030,440.067,0.972938,648.995,439.013,552.519,444.656,0.976594,552.737,444.342,632.262,457.724,0.964845,632.262,457.724,563.088,423.886,0.957092,563.088,423.886
/home/it-admin/.hermes/profiles/juggling-tracker/workspace/juggling-yolo/videos/youtube_juggling_for_data_analysis_eh1I3SlZn48_075_090.mp4,56,0.934267,0,0.885920,65.650,632.778,391.003,0.990556,632.778,391.003,567.139,392.173,0.990469,567.139,392.173,648.995,439.013,0.972820,648.995,439.013,554.885,443.855,0.970523,552.519,443.855,631.816,459.305,0.967893,632.219,457.872,560.873,421.631,0.950483,560.873,421.631
/home/it-admin/.hermes/profiles/juggling-tracker/workspace/juggling-yolo/videos/youtube_juggling_for_data_analysis_eh1I3SlZn48_075_090.mp4,57,0.950950,0,0.886251,64.083,632.521,390.523,0.989199,632.521,390.850,568.438,390.424,0.989281,567.390,390.577,647.938,438.675,0.973390,647.938,439.013,551.645,443.122,0.977351,551.645,443.855,631.495,458.497,0.972821,631.816,457.872,557.756,416.647,0.969533,557.756,418.540
/home/it-admin/.hermes/profiles/juggling-tracker/workspace/juggling-yolo/videos/youtube_juggling_for_data_analysis_eh1I3SlZn48_075_090.mp4,58,0.967633,0,0.883118,64.197,632.177,390.494,0.988850,632.521,390.850,567.980,390.213,0.987916,567.390,390.577,646.990,438.343,0.974543,647.068,439.013,550.488,443.373,0.974949,551.433,443.855,632.219,457.872,0.975547,631.495,457.872,556.486,418.346,0.969747,556.486,418.540
/home/it-admin/.hermes/profiles/juggling-tracker/workspace/juggling-yolo/videos/youtube_juggling_for_data_analysis_eh1I3SlZn48_075_090.mp4,59,0.984317,0,0.879614,64.743,632.133,390.850,0.989669,632.521,390.850,567.390,390.577,0.988927,567.456,390.577,647.068,439.772,0.974220,646.990,439.772,550.057,444.282,0.975335,551.433,443.373,630.915,455.184,0.975531,630.915,455.184,554.999,418.540,0.971826,554.999,418.346
/home/it-admin/.hermes/profiles/juggling-tracker/workspace/juggling-yolo/videos/youtube_juggling_for_data_analysis_eh1I3SlZn48_075_090.mp4,60,1.001000,0,0.876382,65.634,632.546,391.176,0.989913,632.546,391.176,566.912,391.068,0.987150,567.456,391.068,646.538,440.476,0.971230,646.538,440.342,551.433,444.498,0.963426,551.433,443.373,628.703,454.623,0.975289,628.703,454.623,553.564,418.738,0.963859,553.816,418.346
/home/it-admin/.hermes/profiles/juggling-tracker/workspace/juggling-yolo/videos/youtube_juggling_for_data_analysis_eh1I3SlZn48_075_090.mp4,61,1.017683,0,0.877473,65.580,633.035,391.659,0.989750,633.035,391.659,567.456,391.395,0.985887,567.456,391.395,644.358,440.417,0.964440,644.358,440.342,553.020,440.565,0.947943,552.812,440.565,627.283,452.971,0.964053,627.283,452.971,552.364,414.666,0.939665,553.816,418.540
/home/it-admin/.hermes/profiles/juggling-tracker/workspace/juggling-yolo/videos/youtube_juggling_for_data_analysis_eh1I3SlZn48_075_090.mp4,62,1.034367,0,0.874747,66.201,633.742,392.767,0.989677,633.194,392.186,567.541,392.457,0.982247,567.456,392.377,642.497,440.342,0.943565,644.358,440.342,553.455,430.950,0.903635,553.020,435.350,623.094,448.085,0.930808,627.283,448.085,553.816,414.274,0.891707,553.816,418.738
/home/it-admin/.hermes/profiles/juggling-tracker/workspace/juggling-yolo/videos/youtube_juggling_for_data_analysis_eh1I3SlZn48_075_090.mp4,63,1.051050,0,0.875314,65.659,633.194,392.186,0.990410,633.742,392.186,567.536,392.377,0.981250,567.456,392.457,643.021,439.799,0.948743,644.358,439.918,552.812,431.376,0.874330,553.020,434.269,619.577,437.411,0.927573,627.283,437.411,554.248,419.475,0.834995,554.046,419.475
/home/it-admin/.hermes/profiles/juggling-tracker/workspace/juggling-yolo/videos/youtube_juggling_for_data_analysis_eh1I3SlZn48_075_090.mp4,64,1.067733,0,0.871001,67.152,633.938,392.187,0.989802,633.938,392.186,566.815,394.154,0.979668,566.815,393.203,646.602,439.918,0.961359,645.218,439.918,554.386,435.350,0.844891,553.455,434.269,628.750,434.529,0.962505,627.626,434.529,554.872,421.620,0.794983,554.248,421.620
/home/it-admin/.hermes/profiles/juggling-tracker/workspace/juggling-yolo/videos/youtube_juggling_for_data_analysis_eh1I3SlZn48_075_090.mp4,65,1.084417,0,0.866832,67.569,634.054,391.266,0.990130,633.938,391.266,566.517,393.332,0.980967,566.815,393.203,646.411,438.353,0.962108,645.664,439.918,552.817,434.269,0.852839,554.386,435.350,629.150,429.375,0.960644,627.626,429.375,554.046,427.881,0.792602,554.248,427.881
/home/it-admin/.hermes/profiles/juggling-tracker/workspace/juggling-yolo/videos/youtube_juggling_for_data_analysis_eh1I3SlZn48_075_090.mp4,66,1.101100,0,0.872308,67.334,633.961,390.241,0.990965,633.938,390.241,566.692,393.203,0.981713,566.692,393.203,645.218,440.321,0.969740,645.664,440.201,555.737,439.667,0.876818,554.692,439.050,627.626,422.964,0.964406,628.750,422.964,556.155,434.396,0.821528,554.458,434.396
/home/it-admin/.hermes/profiles/juggling-tracker/workspace/juggling-yolo/videos/youtube_juggling_for_data_analysis_eh1I3SlZn48_075_090.mp4,67,1.117783,0,0.880863,66.738,633.817,389.588,0.989981,633.817,390.241,567.115,391.789,0.984546,566.616,393.203,645.664,440.201,0.971028,645.218,440.201,554.838,439.050,0.937352,554.838,439.667,627.582,412.782,0.971001,629.150,412.782,554.033,441.324,0.925042,554.458,441.324
/home/it-admin/.hermes/profiles/juggling-tracker/workspace/juggling-yolo/videos/youtube_juggling_for_data_analysis_eh1I3SlZn48_075_090.mp4,68,1.134467,0,0.876957,67.218,633.591,389.517,0.990142,633.591,390.241,566.448,392.688,0.986927,566.692,392.902,644.269,441.326,0.970559,644.531,440.201,554.692,441.114,0.944730,554.961,440.895,630.200,407.324,0.963407,630.200,407.324,554.458,444.101,0.912583,556.155,444.101
/home/it-admin/.hermes/profiles/juggling-tracker/workspace/juggling-yolo/videos/youtube_juggling_for_data_analysis_eh1I3SlZn48_075_090.mp4,69,1.151150,0,0.869330,66.222,632.772,390.891,0.988416,632.772,389.669,566.616,393.847,0.985087,567.115,392.695,643.953,438.698,0.963731,644.531,438.698,554.961,442.086,0.928277,554.961,440.895,634.356,400.650,0.944870,634.356,405.072,559.680,450.698,0.858464,558.284,450.698
/home/it-admin/.hermes/profiles/juggling-tracker/workspace/juggling-yolo/videos/youtube_juggling_for_data_analysis_eh1I3SlZn48_075_090.mp4,70,1.167833,0,0.874902,65.307,632.406,390.622,0.987096,632.585,389.669,567.139,392.902,0.985941,567.139,392.695,644.531,436.752,0.970054,644.531,436.752,555.581,440.895,0.954607,555.581,440.895,638.540,399.517,0.965912,638.540,400.650,558.471,460.271,0.929935,558.471,460.271
/home/it-admin/.hermes/profiles/juggling-tracker/workspace/juggling-yolo/videos/youtube_juggling_for_data_analysis_eh1I3SlZn48_075_090.mp4,71,1.184517,0,0.874693,64.938,632.308,389.669,0.984144,632.585,390.066,567.440,392.695,0.986840,567.440,392.695,646.337,435.015,0.958192,645.862,435.015,555.948,439.959,0.957745,555.691,439.959,642.843,405.072,0.962823,642.843,400.386,558.284,461.711,0.942048,559.188,461.711
/home/it-admin/.hermes/profiles/juggling-tracker/workspace/juggling-yolo/videos/youtube_juggling_for_data_analysis_eh1I3SlZn48_075_090.mp4,72,1.201200,0,0.878034,64.890,632.585,389.484,0.984333,632.585,389.966,567.762,392.446,0.988987,567.553,392.695,645.862,429.798,0.944972,646.337,433.913,555.691,439.742,0.966756,555.818,439.921,645.203,392.479,0.946735,645.203,400.386,559.569,466.351,0.958595,559.169,462.293
/home/it-admin/.hermes/profiles/juggling-tracker/workspace/juggling-yolo/videos/youtube_juggling_for_data_analysis_eh1I3SlZn48_075_090.mp4,73,1.217883,0,0.877862,66.574,634.084,390.066,0.983499,634.084,389.966,567.553,392.431,0.989582,567.705,392.695,646.502,431.734,0.934150,646.502,431.734,555.953,439.921,0.967164,555.948,439.742,646.647,400.386,0.943626,646.647,405.072,559.188,467.598,0.962504,559.188,464.504
/home/it-admin/.hermes/profiles/juggling-tracker/workspace/juggling-yolo/videos/youtube_juggling_for_data_analysis_eh1I3SlZn48_075_090.mp4,74,1.234567,0,0.885135,66.873,634.519,389.966,0.985175,634.300,390.066,567.705,392.768,0.990530,567.705,392.768,646.833,433.913,0.937053,646.833,429.798,555.818,439.635,0.971150,555.953,439.703,649.722,406.432,0.942888,649.722,406.432,559.169,462.293,0.966489,559.188,464.504
/home/it-admin/.hermes/profiles/juggling-tracker/workspace/juggling-yolo/videos/youtube_juggling_for_data_analysis_eh1I3SlZn48_075_090.mp4,75,1.251250,0,0.879832,66.547,634.300,390.600,0.982109,634.519,390.600,567.812,393.395,0.991220,567.650,393.395,650.258,426.650,0.874290,650.258,428.403,556.398,439.681,0.970785,555.953,439.703,650.107,410.715,0.857121,650.107,410.715,560.038,464.504,0.963166,559.188,462.293
/home/it-admin/.hermes/profiles/juggling-tracker/workspace/juggling-yolo/videos/youtube_juggling_for_data_analysis_eh1I3SlZn48_075_090.mp4,76,1.267933,0,0.876732,66.964,634.566,391.043,0.982792,634.564,391.043,567.650,393.586,0.990419,567.650,393.586,653.451,425.029,0.858218,650.258,428.403,556.347,439.703,0.961686,555.818,439.703,651.480,414.370,0.814171,650.146,414.370,558.456,461.668,0.947095,560.038,461.668
/home/it-admin/.hermes/profiles/juggling-tracker/workspace/juggling-yolo/videos/youtube_juggling_for_data_analysis_eh1I3SlZn48_075_090.mp4,77,1.284617,0,0.875091,67.062,634.564,391.380,0.984312,634.564,391.380,567.542,393.700,0.990788,567.542,393.668,651.877,428.403,0.913094,650.258,428.403,554.564,442.198,0.957937,554.564,442.198,651.232,421.325,0.904113,650.146,421.325,561.401,453.865,0.927129,561.401,453.865
/home/it-admin/.hermes/profiles/juggling-tracker/workspace/juggling-yolo/videos/youtube_juggling_for_data_analysis_eh1I3SlZn48_075_090.mp4,78,1.301300,0,0.882818,67.235,634.654,391.611,0.985656,634.564,391.611,567.451,393.700,0.990721,567.451,393.668,649.424,435.295,0.928656,649.424,435.295,553.329,443.339,0.963186,554.472,442.914,650.146,430.104,0.912163,650.146,430.104,563.718,449.125,0.930461,563.718,449.125
/home/it-admin/.hermes/profiles/juggling-tracker/workspace/juggling-yolo/videos/youtube_juggling_for_data_analysis_eh1I3SlZn48_075_090.mp4,79,1.317983,0,0.881414,66.891,634.071,391.997,0.988845,634.483,391.611,567.201,393.668,0.989663,567.201,393.668,646.652,439.891,0.940106,649.424,438.561,554.472,442.914,0.942259,553.329,443.339,644.849,437.272,0.898033,644.849,437.272,567.258,448.632,0.866307,563.718,448.632
/home/it-admin/.hermes/profiles/juggling-tracker/workspace/juggling-yolo/videos/youtube_juggling_for_data_analysis_eh1I3SlZn48_075_090.mp4,80,1.334667,0,0.885459,67.541,634.483,392.648,0.990128,634.071,391.611,566.943,393.060,0.989905,566.943,393.060,648.854,442.370,0.956008,649.424,439.891,552.310,444.091,0.965252,552.310,444.021,643.848,442.560,0.936479,643.848,442.560,564.533,442.329,0.943858,563.718,442.329
/home/it-admin/.hermes/profiles/juggling-tracker/workspace/juggling-yolo/videos/youtube_juggling_for_data_analysis_eh1I3SlZn48_075_090.mp4,81,1.351350,0,0.888815,67.526,633.524,391.347,0.990138,633.524,391.347,566.001,392.024,0.989466,566.814,392.024,649.730,438.561,0.962158,649.730,440.605,550.753,444.021,0.969167,551.671,444.021,642.262,446.058,0.953003,643.279,446.058,562.405,430.952,0.958319,562.410,430.952
/home/it-admin/.hermes/profiles/juggling-tracker/workspace/juggling-yolo/videos/youtube_juggling_for_data_analysis_eh1I3SlZn48_075_090.mp4,82,1.368033,0,0.890367,67.558,633.198,391.074,0.990505,633.198,391.347,565.640,391.042,0.989843,566.797,392.024,650.710,440.605,0.967268,650.156,440.860,551.671,445.123,0.973457,551.017,444.021,643.279,452.014,0.959557,642.262,452.014,562.410,424.560,0.963783,562.405,424.560
/home/it-admin/.hermes/profiles/juggling-tracker/workspace/juggling-yolo/videos/youtube_juggling_for_data_analysis_eh1I3SlZn48_075_090.mp4,83,1.384717,0,0.890591,66.209,633.023,391.216,0.991559,633.023,391.216,566.814,391.037,0.990682,566.797,391.042,652.082,441.207,0.976083,650.156,440.605,551.017,440.735,0.976847,550.753,440.735,637.162,457.131,0.971601,637.162,457.131,561.416,419.304,0.965721,561.416,419.304
/home/it-admin/.hermes/profiles/juggling-tracker/workspace/juggling-yolo/videos/youtube_juggling_for_data_analysis_eh1I3SlZn48_075_090.mp4,84,1.401400,0,0.885131,66.151,632.946,391.967,0.990950,633.023,391.216,566.797,392.511,0.989488,566.814,391.037,650.156,440.860,0.971451,650.156,440.605,550.205,438.978,0.966604,551.017,438.978,635.399,457.789,0.967659,635.399,457.789,559.299,418.223,0.950203,559.299,418.223
/home/it-admin/.hermes/profiles/juggling-tracker/workspace/juggling-yolo/videos/youtube_juggling_for_data_analysis_eh1I3SlZn48_075_090.mp4,85,1.418083,0,0.887699,65.415,632.643,390.850,0.991295,632.946,391.269,567.228,390.534,0.987400,566.814,390.755,649.746,440.204,0.975095,649.746,440.354,550.164,438.963,0.966115,551.017,438.963,631.319,460.527,0.974703,631.319,459.139,555.637,416.634,0.964997,555.637,416.634
/home/it-admin/.hermes/profiles/juggling-tracker/workspace/juggling-yolo/videos/youtube_juggling_for_data_analysis_eh1I3SlZn48_075_090.mp4,86,1.434767,0,0.879761,65.797,633.201,391.269,0.992553,632.643,391.667,567.458,388.594,0.972966,566.797,390.755,649.499,440.127,0.973693,649.499,440.354,554.803,426.991,0.833170,551.161,432.063,630.077,461.141,0.974186,630.077,459.139,555.221,409.018,0.848497,555.221,409.018
/home/it-admin/.hermes/profiles/juggling-tracker/workspace/juggling-yolo/videos/youtube_juggling_for_data_analysis_eh1I3SlZn48_075_090.mp4,87,1.451450,0,0.871425,65.971,632.177,391.812,0.991346,632.432,391.433,566.214,390.755,0.973147,566.648,390.755,648.854,440.354,0.974075,648.854,440.354,551.161,427.511,0.855280,551.441,431.506,626.198,459.139,0.971146,626.198,459.139,551.340,404.772,0.840560,551.340,406.917
/home/it-admin/.hermes/profiles/juggling-tracker/workspace/juggling-yolo/videos/youtube_juggling_for_data_analysis_eh1I3SlZn48_075_090.mp4,88,1.468133,0,0.672442,65.786,632.432,391.667,0.990565,632.291,391.433,566.648,392.135,0.976657,566.235,391.324,644.569,441.081,0.966282,645.515,440.354,552.925,432.063,0.857802,552.925,431.506,625.824,458.977,0.964463,625.824,458.977,548.281,406.917,0.838720,548.281,406.917
/home/it-admin/.hermes/profiles/juggling-tracker/workspace/juggling-yolo/videos/youtube_juggling_for_data_analysis_eh1I3SlZn48_075_090.mp4,89,1.484817,0,0.872986,66.166,632.291,391.433,0.992790,632.291,391.667,566.125,391.324,0.988431,566.214,392.135,645.515,440.440,0.971999,644.794,440.354,551.441,431.506,0.943553,552.925,431.888,621.960,454.374,0.966107,623.184,454.374,546.764,406.685,0.947254,546.764,406.917
/home/it-admin/.hermes/profiles/juggling-tracker/workspace/juggling-yolo/videos/youtube_juggling_for_data_analysis_eh1I3SlZn48_075_090.mp4,90,1.501500,0,0.859373,66.049,632.266,391.341,0.993284,632.432,391.667,566.235,392.850,0.987385,566.125,392.850,644.794,438.384,0.972003,644.620,440.440,556.354,431.888,0.915161,554.272,432.063,622.052,452.828,0.960937,622.070,452.828,544.101,410.287,0.907424,544.101,410.287
/home/it-admin/.hermes/profiles/juggling-tracker/workspace/juggling-yolo/videos/youtube_juggling_for_data_analysis_eh1I3SlZn48_075_090.mp4,91,1.518183,0,0.863633,67.008,632.653,392.080,0.992292,632.653,392.080,565.654,393.198,0.989742,565.654,392.850,643.526,439.413,0.964202,644.794,440.440,555.617,432.688,0.933322,554.272,431.918,623.184,443.915,0.954192,622.070,443.915,543.947,416.138,0.919010,543.947,416.138
/home/it-admin/.hermes/profiles/juggling-tracker/workspace/juggling-yolo/videos/youtube_juggling_for_data_analysis_eh1I3SlZn48_075_090.mp4,92,1.534867,0,0.874752,67.541,633.019,392.531,0.992265,633.019,392.080,565.483,393.330,0.990515,565.654,392.850,644.620,440.477,0.967211,644.620,440.477,554.272,432.410,0.942010,555.303,432.410,622.070,435.455,0.960699,623.184,435.455,541.818,419.877,0.924251,543.947,419.877
/home/it-admin/.hermes/profiles/juggling-tracker/workspace/juggling-yolo/videos/youtube_juggling_for_data_analysis_eh1I3SlZn48_075_090.mp4,93,1.551550,0,0.876970,68.445,633.862,392.362,0.992036,633.123,392.080,565.418,392.675,0.989251,565.654,392.675,645.283,442.906,0.969892,643.526,442.370,551.467,431.918,0.934144,554.272,432.688,626.266,430.272,0.972831,625.635,430.272,542.824,427.885,0.927293,543.947,427.885
/home/it-admin/.hermes/profiles/juggling-tracker/workspace/juggling-yolo/videos/youtube_juggling_for_data_analysis_eh1I3SlZn48_075_090.mp4,94,1.568233,0,0.861230,67.474,633.123,391.047,0.990657,633.123,391.047,565.659,392.153,0.982371,565.659,392.153,642.698,442.370,0.967155,643.027,442.370,555.303,437.658,0.881944,553.407,436.061,626.736,426.859,0.966219,625.635,426.859,547.871,432.324,0.846143,545.044,432.324
/home/it-admin/.hermes/profiles/juggling-tracker/workspace/juggling-yolo/videos/youtube_juggling_for_data_analysis_eh1I3SlZn48_075_090.mp4,95,1.584917,0,0.585675,66.956,633.500,390.764,0.989372,633.123,390.764,566.547,391.391,0.985856,565.659,391.391,642.807,442.650,0.967273,643.027,442.370,553.407,436.061,0.922326,553.255,436.578,625.635,420.356,0.967117,626.266,420.356,545.044,436.088,0.881814,547.871,436.088
/home/it-admin/.hermes/profiles/juggling-tracker/workspace/juggling-yolo/videos/youtube_juggling_for_data_analysis_eh1I3SlZn48_075_090.mp4,95,1.584917,1,0.292324,67.988,634.321,390.681,0.991003,,,566.337,391.452,0.990377,,,643.175,443.222,0.969172,,,554.050,435.996,0.935271,,,625.759,418.775,0.968833,,,544.974,436.034,0.891784,,
/home/it-admin/.hermes/profiles/juggling-tracker/workspace/juggling-yolo/videos/youtube_juggling_for_data_analysis_eh1I3SlZn48_075_090.mp4,96,1.601600,0,0.878747,66.304,632.398,389.181,0.990304,632.398,390.764,566.101,390.100,0.987657,565.659,391.391,643.027,438.617,0.969622,643.027,440.288,553.255,436.578,0.938897,553.255,437.658,624.494,408.047,0.963482,626.736,408.047,550.669,442.889,0.902773,550.669,442.889
/home/it-admin/.hermes/profiles/juggling-tracker/workspace/juggling-yolo/videos/youtube_juggling_for_data_analysis_eh1I3SlZn48_075_090.mp4,97,1.618283,0,0.878336,66.261,631.588,390.105,0.988503,631.588,390.484,565.336,391.199,0.986740,565.699,391.391,644.100,440.288,0.972216,644.100,438.617,551.955,438.956,0.950849,552.828,438.310,630.125,403.854,0.966734,630.125,403.854,552.532,449.584,0.916432,552.532,449.584
/home/it-admin/.hermes/profiles/juggling-tracker/workspace/juggling-yolo/videos/youtube_juggling_for_data_analysis_eh1I3SlZn48_075_090.mp4,98,1.634967,0,0.879876,64.203,629.711,390.848,0.985016,631.330,390.105,565.523,392.218,0.986751,565.699,391.199,646.169,434.931,0.968391,646.169,434.931,552.816,438.310,0.965519,552.816,438.956,634.060,401.038,0.969668,634.060,401.038,554.908,455.567,0.953073,554.908,455.567
/home/it-admin/.hermes/profiles/juggling-tracker/workspace/juggling-yolo/videos/youtube_juggling_for_data_analysis_eh1I3SlZn48_075_090.mp4,99,1.651650,0,0.884301,64.601,630.289,390.484,0.982931,630.926,390.105,565.699,391.644,0.985045,565.699,391.199,647.877,433.725,0.967344,646.854,434.286,552.828,439.338,0.965968,552.160,439.338,637.607,399.753,0.971736,637.607,401.038,557.650,460.958,0.957610,557.650,460.958
/home/it-admin/.hermes/profiles/juggling-tracker/workspace/juggling-yolo/videos/youtube_juggling_for_data_analysis_eh1I3SlZn48_075_090.mp4,100,1.668333,0,0.887977,65.419,631.330,388.838,0.985730,630.926,388.838,565.933,390.554,0.988900,565.717,390.554,646.854,434.286,0.965881,647.513,433.725,552.160,440.238,0.968621,552.160,440.238,639.103,400.904,0.970234,639.103,401.038,557.985,461.312,0.960042,557.985,460.958
/home/it-admin/.hermes/profiles/juggling-tracker/workspace/juggling-yolo/videos/youtube_juggling_for_data_analysis_eh1I3SlZn48_075_090.mp4,101,1.685017,0,0.823249,65.319,630.926,386.102,0.985637,631.330,388.838,565.717,389.876,0.989829,565.933,390.554,647.513,431.774,0.966273,647.526,433.351,551.700,440.312,0.975540,552.109,440.312,639.124,401.292,0.971575,639.124,401.292,559.558,462.415,0.970582,559.558,460.958
/home/it-admin/.hermes/profiles/juggling-tracker/workspace/juggling-yolo/videos/youtube_juggling_for_data_analysis_eh1I3SlZn48_075_090.mp4,102,1.701700,0,0.884454,65.549,631.867,387.164,0.985133,631.867,388.838,566.396,390.373,0.991370,566.353,390.554,647.526,433.351,0.959462,647.526,433.351,551.839,440.702,0.978889,551.839,440.312,642.531,405.873,0.964923,642.531,405.873,563.560,460.091,0.971349,561.521,460.091
/home/it-admin/.hermes/profiles/juggling-tracker/workspace/juggling-yolo/videos/youtube_juggling_for_data_analysis_eh1I3SlZn48_075_090.mp4,103,1.718383,0,0.886375,66.515,632.859,390.965,0.985948,632.859,390.427,566.353,392.038,0.992010,566.395,391.873,650.169,431.716,0.949343,650.169,433.351,552.109,441.016,0.977901,551.839,440.702,644.463,407.420,0.948816,644.463,407.420,564.600,456.480,0.967898,563.560,456.480
/home/it-admin/.hermes/profiles/juggling-tracker/workspace/juggling-yolo/videos/youtube_juggling_for_data_analysis_eh1I3SlZn48_075_090.mp4,104,1.735067,0,0.884053,66.929,633.309,390.427,0.985882,633.309,390.965,566.395,391.873,0.990204,566.396,392.038,650.615,435.369,0.955051,650.169,435.369,551.160,439.857,0.973111,552.109,441.016,644.475,416.203,0.958831,644.463,416.203,561.521,452.289,0.964869,564.600,452.289
/home/it-admin/.hermes/profiles/juggling-tracker/workspace/juggling-yolo/videos/youtube_juggling_for_data_analysis_eh1I3SlZn48_075_090.mp4,105,1.751750,0,0.886095,67.923,634.431,392.083,0.986641,633.910,392.083,566.511,392.758,0.991786,566.465,392.242,651.347,438.465,0.950478,650.511,438.465,552.879,442.848,0.975696,552.314,442.659,644.890,426.728,0.946169,644.475,426.728,569.553,450.989,0.958590,569.553,450.989
/home/it-admin/.hermes/profiles/juggling-tracker/workspace/juggling-yolo/videos/youtube_juggling_for_data_analysis_eh1I3SlZn48_075_090.mp4,106,1.768433,0,0.882764,67.738,634.326,392.634,0.986318,634.271,392.377,566.589,392.950,0.992058,566.465,392.566,649.520,438.650,0.940516,650.511,438.650,552.761,442.824,0.973890,552.761,442.824,643.148,429.446,0.924613,644.475,429.446,570.561,448.540,0.946926,570.561,448.540
/home/it-admin/.hermes/profiles/juggling-tracker/workspace/juggling-yolo/videos/youtube_juggling_for_data_analysis_eh1I3SlZn48_075_090.mp4,107,1.785117,0,0.885653,67.445,633.910,392.377,0.988024,634.315,392.377,566.465,392.242,0.991536,566.465,392.566,650.511,439.922,0.956158,649.520,439.922,552.314,442.659,0.978518,552.879,442.824,644.609,435.281,0.945648,643.148,435.281,572.486,435.031,0.962573,571.091,435.031
/home/it-admin/.hermes/profiles/juggling-tracker/workspace/juggling-yolo/videos/youtube_juggling_for_data_analysis_eh1I3SlZn48_075_090.mp4,108,1.801800,0,0.885738,68.327,634.271,392.796,0.988576,634.271,392.377,565.944,392.566,0.990430,565.944,392.242,647.998,441.782,0.959780,648.949,440.664,555.166,444.572,0.972351,554.271,442.659,642.147,443.728,0.954904,642.147,443.728,572.254,429.086,0.956896,571.091,429.086
/home/it-admin/.hermes/profiles/juggling-tracker/workspace/juggling-yolo/videos/youtube_juggling_for_data_analysis_eh1I3SlZn48_075_090.mp4,109,1.818483,0,0.888569,68.797,634.315,392.292,0.990658,633.910,392.292,565.522,391.512,0.990142,565.522,391.553,648.949,440.938,0.967373,648.538,440.664,554.271,440.715,0.970014,555.166,442.637,637.653,446.485,0.960414,639.698,446.485,571.091,420.068,0.954490,571.091,420.068
/home/it-admin/.hermes/profiles/juggling-tracker/workspace/juggling-yolo/videos/youtube_juggling_for_data_analysis_eh1I3SlZn48_075_090.mp4,110,1.835167,0,0.892535,68.203,633.370,391.714,0.990635,633.796,391.714,565.167,391.553,0.990723,565.522,391.553,648.538,440.664,0.974350,648.309,440.664,555.246,442.637,0.976048,555.246,441.994,636.118,456.495,0.971151,637.789,456.495,570.713,413.326,0.962252,570.713,415.546
/home/it-admin/.hermes/profiles/juggling-tracker/workspace/juggling-yolo/videos/youtube_juggling_for_data_analysis_eh1I3SlZn48_075_090.mp4,111,1.851850,0,0.887990,68.200,633.416,391.021,0.990832,633.796,391.714,565.217,391.278,0.989329,565.522,391.553,648.309,438.920,0.974383,648.538,440.664,556.179,441.994,0.960919,555.246,441.951,639.698,458.970,0.970260,637.653,458.970,569.249,415.546,0.932051,569.249,413.576
/home/it-admin/.hermes/profiles/juggling-tracker/workspace/juggling-yolo/videos/youtube_juggling_for_data_analysis_eh1I3SlZn48_075_090.mp4,112,1.868533,0,0.873967,66.390,633.796,391.669,0.986969,633.796,391.714,567.407,392.072,0.985583,567.078,391.712,648.246,439.475,0.977147,648.309,440.261,555.786,441.951,0.972034,555.246,441.951,637.789,460.506,0.978606,636.118,460.506,562.226,413.576,0.962020,562.226,413.326
/home/it-admin/.hermes/profiles/juggling-tracker/workspace/juggling-yolo/videos/youtube_juggling_for_data_analysis_eh1I3SlZn48_075_090.mp4,113,1.885217,0,0.889235,66.770,633.847,391.958,0.989904,633.836,391.669,567.078,391.712,0.985973,567.407,391.712,648.835,440.851,0.977439,648.279,440.261,554.343,441.797,0.970661,554.343,441.797,633.753,464.149,0.977801,633.935,461.211,559.660,412.847,0.969366,559.660,413.576
/home/it-admin/.hermes/profiles/juggling-tracker/workspace/juggling-yolo/videos/youtube_juggling_for_data_analysis_eh1I3SlZn48_075_090.mp4,114,1.901900,0,0.886907,65.607,633.992,391.770,0.989296,633.847,391.669,568.385,391.715,0.985403,567.407,391.712,648.279,440.261,0.979025,648.279,440.269,553.952,441.111,0.972305,553.952,441.797,633.935,463.617,0.980927,633.753,461.211,559.615,412.932,0.971766,559.615,413.576
/home/it-admin/.hermes/profiles/juggling-tracker/workspace/juggling-yolo/videos/youtube_juggling_for_data_analysis_eh1I3SlZn48_075_090.mp4,115,1.918583,0,0.888029,65.873,633.836,390.561,0.991211,633.992,391.372,567.964,390.182,0.988440,567.385,391.712,647.936,440.269,0.979425,648.279,440.269,553.044,441.692,0.973383,553.086,441.797,633.463,461.211,0.981124,633.463,461.211,556.982,416.763,0.972150,557.062,416.763
/home/it-admin/.hermes/profiles/juggling-tracker/workspace/juggling-yolo/videos/youtube_juggling_for_data_analysis_eh1I3SlZn48_075_090.mp4,116,1.935267,0,0.887848,66.906,634.284,390.521,0.990926,634.284,391.372,567.385,389.564,0.986602,567.699,391.715,648.966,440.998,0.976909,648.072,440.261,553.086,444.102,0.967845,553.044,441.692,631.483,457.605,0.978761,631.483,457.605,556.928,421.118,0.970900,556.982,421.118
/home/it-admin/.hermes/profiles/juggling-tracker/workspace/juggling-yolo/videos/youtube_juggling_for_data_analysis_eh1I3SlZn48_075_090.mp4,117,1.951950,0,0.885624,67.586,634.421,391.372,0.990768,634.421,391.372,566.849,392.752,0.986202,567.385,391.944,648.072,439.313,0.973788,647.936,440.079,551.770,444.363,0.958488,552.554,442.091,630.838,454.688,0.975295,630.838,454.688,557.062,424.771,0.959233,556.928,424.771
/home/it-admin/.hermes/profiles/juggling-tracker/workspace/juggling-yolo/videos/youtube_juggling_for_data_analysis_eh1I3SlZn48_075_090.mp4,118,1.968633,0,0.882688,67.139,634.838,391.775,0.989741,634.702,391.775,567.699,391.944,0.983871,566.849,392.752,647.813,439.737,0.955846,648.072,440.079,551.236,439.596,0.934269,552.554,442.091,625.618,446.686,0.948877,629.556,446.686,556.103,426.196,0.931183,556.928,426.196
/home/it-admin/.hermes/profiles/juggling-tracker/workspace/juggling-yolo/videos/youtube_juggling_for_data_analysis_eh1I3SlZn48_075_090.mp4,119,1.985317,0,0.881250,68.024,634.702,392.314,0.989025,634.838,392.083,566.682,393.021,0.986679,566.849,393.021,646.794,440.079,0.948041,648.072,440.079,552.554,442.091,0.947801,552.554,441.961,627.944,439.226,0.934263,629.390,439.226,556.412,430.202,0.937126,556.993,430.202
/home/it-admin/.hermes/profiles/juggling-tracker/workspace/juggling-yolo/videos/youtube_juggling_for_data_analysis_eh1I3SlZn48_075_090.mp4,120,2.002000,0,0.882199,69.033,635.302,392.688,0.989685,634.838,392.083,566.275,393.642,0.986589,567.058,393.021,648.776,440.760,0.955817,648.072,440.760,553.176,441.530,0.939995,552.554,441.530,629.556,431.455,0.949263,629.390,431.455,556.993,434.197,0.926292,556.993,434.197
/home/it-admin/.hermes/profiles/juggling-tracker/workspace/juggling-yolo/videos/youtube_juggling_for_data_analysis_eh1I3SlZn48_075_090.mp4,121,2.018683,0,0.881713,67.902,634.952,392.083,0.989230,634.702,392.083,567.058,393.156,0.987551,566.682,393.021,648.130,443.613,0.955724,648.072,440.760,552.755,441.961,0.947163,552.554,441.530,629.390,425.255,0.943258,629.545,425.255,559.469,436.044,0.921549,557.704,436.044
/home/it-admin/.hermes/profiles/juggling-tracker/workspace/juggling-yolo/videos/youtube_juggling_for_data_analysis_eh1I3SlZn48_075_090.mp4,122,2.035367,0,0.885576,67.473,634.592,390.512,0.990534,634.592,390.512,567.126,391.528,0.989892,566.726,391.528,648.072,441.607,0.967028,648.072,440.760,552.046,440.325,0.962961,552.379,440.325,629.545,417.031,0.957722,629.556,417.031,559.407,443.039,0.942465,557.704,443.039
/home/it-admin/.hermes/profiles/juggling-tracker/workspace/juggling-yolo/videos/youtube_juggling_for_data_analysis_eh1I3SlZn48_075_090.mp4,123,2.052050,0,0.884810,67.618,634.156,389.866,0.990543,634.156,390.512,566.553,391.269,0.989669,566.726,391.528,647.499,439.936,0.972562,647.499,439.936,551.237,439.201,0.969836,552.379,439.234,632.539,410.242,0.965769,632.539,410.242,557.704,448.488,0.957954,557.704,448.488
/home/it-admin/.hermes/profiles/juggling-tracker/workspace/juggling-yolo/videos/youtube_juggling_for_data_analysis_eh1I3SlZn48_075_090.mp4,124,2.068733,0,0.884765,64.660,631.336,388.572,0.987469,631.336,390.512,566.726,391.122,0.989533,566.595,391.528,646.706,438.267,0.970025,647.360,439.011,552.379,439.234,0.972257,552.379,439.201,641.950,403.605,0.969286,641.950,403.605,556.908,454.727,0.960624,557.704,454.727
/home/it-admin/.hermes/profiles/juggling-tracker/workspace/juggling-yolo/videos/youtube_juggling_for_data_analysis_eh1I3SlZn48_075_090.mp4,125,2.085417,0,0.887084,63.678,630.232,391.832,0.988000,631.336,391.832,566.553,391.985,0.990051,566.595,391.889,646.828,439.011,0.970069,646.828,438.267,552.855,438.849,0.976553,552.855,438.849,643.813,401.480,0.969290,643.813,401.480,557.281,461.233,0.971220,557.704,461.233
/home/it-admin/.hermes/profiles/juggling-tracker/workspace/juggling-yolo/videos/youtube_juggling_for_data_analysis_eh1I3SlZn48_075_090.mp4,126,2.102100,0,0.883608,64.188,630.784,391.886,0.984820,631.336,391.886,566.595,391.889,0.988432,566.726,391.889,647.360,434.781,0.965900,646.706,434.781,553.258,438.706,0.977005,553.258,438.706,646.443,400.781,0.966099,646.443,400.781,558.850,466.289,0.971828,558.161,465.046
/home/it-admin/.hermes/profiles/juggling-tracker/workspace/juggling-yolo/videos/youtube_juggling_for_data_analysis_eh1I3SlZn48_075_090.mp4,127,2.118783,0,0.877571,64.333,631.562,393.460,0.983042,631.562,391.886,567.236,392.496,0.986734,566.792,391.889,645.890,433.430,0.955011,646.828,433.430,554.613,437.744,0.973534,554.613,438.706,648.978,397.465,0.952217,648.978,397.465,558.161,465.046,0.969470,558.850,465.046
/home/it-admin/.hermes/profiles/juggling-tracker/workspace/juggling-yolo/videos/youtube_juggling_for_data_analysis_eh1I3SlZn48_075_090.mp4,128,2.135467,0,0.867800,66.769,633.558,391.909,0.985191,633.257,391.886,566.792,391.230,0.992770,567.236,391.739,644.333,431.600,0.935700,645.890,433.430,554.682,438.455,0.980112,554.682,438.706,652.219,396.661,0.936752,652.219,397.465,558.879,466.436,0.973694,558.879,465.046
/home/it-admin/.hermes/profiles/juggling-tracker/workspace/juggling-yolo/videos/youtube_juggling_for_data_analysis_eh1I3SlZn48_075_090.mp4,129,2.152150,0,0.870097,65.914,633.273,391.479,0.987580,633.257,391.909,567.359,391.739,0.993971,567.236,391.282,647.763,420.680,0.927638,645.890,433.430,554.921,439.124,0.982331,554.921,438.918,660.661,385.230,0.908683,658.365,397.465,560.934,465.026,0.975718,560.934,465.026
/home/it-admin/.hermes/profiles/juggling-tracker/workspace/juggling-yolo/videos/youtube_juggling_for_data_analysis_eh1I3SlZn48_075_090.mp4,130,2.168833,0,0.873847,65.844,633.257,391.528,0.990232,633.257,391.909,567.414,391.057,0.993542,567.147,391.282,645.094,437.408,0.971184,645.094,436.893,555.660,438.918,0.983451,554.921,439.124,658.365,399.889,0.971217,660.661,397.607,561.760,461.552,0.976866,561.760,461.552
/home/it-admin/.hermes/profiles/juggling-tracker/workspace/juggling-yolo/videos/youtube_juggling_for_data_analysis_eh1I3SlZn48_075_090.mp4,131,2.185517,0,0.878055,65.142,632.272,392.804,0.991757,632.272,391.983,567.147,391.282,0.993782,567.147,391.326,645.945,436.893,0.974522,645.094,437.006,555.234,439.906,0.982073,554.921,439.906,662.843,397.607,0.969575,660.661,399.889,562.706,458.309,0.972709,562.706,458.309
/home/it-admin/.hermes/profiles/juggling-tracker/workspace/juggling-yolo/videos/youtube_juggling_for_data_analysis_eh1I3SlZn48_075_090.mp4,132,2.202200,0,0.876954,64.685,631.825,391.983,0.991121,631.977,391.983,567.143,391.326,0.993843,567.147,391.282,643.910,437.006,0.971607,643.910,437.006,553.620,440.863,0.982658,553.620,440.863,662.688,402.502,0.965603,660.286,402.502,565.973,455.000,0.971782,565.973,455.000
/home/it-admin/.hermes/profiles/juggling-tracker/workspace/juggling-yolo/videos/youtube_juggling_for_data_analysis_eh1I3SlZn48_075_090.mp4,133,2.218883,0,0.863015,64.906,631.831,392.446,0.985935,631.977,391.983,566.924,392.477,0.991177,567.143,391.282,641.913,437.743,0.943586,642.200,436.893,551.768,443.162,0.975922,552.249,440.863,659.014,415.876,0.925781,660.286,415.876,566.645,449.566,0.958464,566.645,449.566
/home/it-admin/.hermes/profiles/juggling-tracker/workspace/juggling-yolo/videos/youtube_juggling_for_data_analysis_eh1I3SlZn48_075_090.mp4,134,2.235567,0,0.765808,64.640,631.977,391.603,0.987109,631.977,391.738,567.339,391.235,0.992390,566.924,391.235,642.200,436.290,0.950421,641.913,436.290,552.249,441.623,0.980840,551.777,440.863,660.286,418.680,0.928242,659.014,418.680,575.241,440.569,0.959173,566.645,440.569
/home/it-admin/.hermes/profiles/juggling-tracker/workspace/juggling-yolo/videos/youtube_juggling_for_data_analysis_eh1I3SlZn48_075_090.mp4,135,2.252250,0,0.781143,65.544,632.203,391.738,0.987543,632.203,391.666,566.666,390.775,0.991315,566.666,390.775,640.651,434.499,0.946061,641.913,436.069,551.777,439.466,0.976716,551.768,440.039,656.172,426.159,0.931607,657.286,426.159,567.562,433.241,0.963861,566.645,433.241
/home/it-admin/.hermes/profiles/juggling-tracker/workspace/juggling-yolo/videos/youtube_juggling_for_data_analysis_eh1I3SlZn48_075_090.mp4,136,2.268933,0,0.855149,66.644,632.576,391.377,0.990084,632.360,391.603,565.937,390.609,0.993560,565.937,390.609,641.807,435.360,0.950584,641.997,436.069,551.239,440.039,0.977865,551.239,439.466,657.286,430.772,0.935575,656.172,430.772,566.246,429.543,0.968189,566.253,429.543
/home/it-admin/.hermes/profiles/juggling-tracker/workspace/juggling-yolo/videos/youtube_juggling_for_data_analysis_eh1I3SlZn48_075_090.mp4,137,2.285617,0,0.869844,67.789,632.732,391.666,0.988368,632.576,391.564,564.954,390.463,0.992876,565.548,390.463,643.190,436.069,0.948418,641.997,436.069,549.549,439.311,0.977966,551.239,439.311,655.476,436.787,0.940508,655.476,436.787,566.004,421.271,0.970591,566.246,421.271
/home/it-admin/.hermes/profiles/juggling-tracker/workspace/juggling-yolo/videos/youtube_juggling_for_data_analysis_eh1I3SlZn48_075_090.mp4,138,2.302300,0,0.743446,66.872,632.360,391.564,0.985908,632.576,391.564,565.548,388.729,0.990388,565.548,390.463,641.997,438.358,0.945783,643.190,437.744,550.175,436.282,0.972633,550.368,437.079,651.644,441.842,0.945108,651.644,441.842,566.253,416.790,0.956561,566.004,416.790
/home/it-admin/.hermes/profiles/juggling-tracker/workspace/juggling-yolo/videos/youtube_juggling_for_data_analysis_eh1I3SlZn48_075_090.mp4,139,2.318983,0,0.850490,67.129,632.653,391.488,0.987255,632.480,391.666,565.541,389.994,0.989841,565.548,389.994,643.762,437.744,0.958601,643.762,438.358,551.400,436.967,0.975002,550.368,436.967,650.323,447.307,0.961732,650.323,447.307,561.811,406.777,0.968135,561.811,406.777
/home/it-admin/.hermes/profiles/juggling-tracker/workspace/juggling-yolo/videos/youtube_juggling_for_data_analysis_eh1I3SlZn48_075_090.mp4,140,2.335667,0,0.864542,65.898,632.368,393.409,0.986859,632.480,391.722,566.525,390.720,0.985867,566.525,388.986,644.469,444.716,0.957686,644.469,440.708,550.368,437.079,0.976279,551.251,436.907,647.357,450.146,0.942043,647.357,450.146,558.568,403.899,0.970527,558.568,404.204
/home/it-admin/.hermes/profiles/juggling-tracker/workspace/juggling-yolo/videos/youtube_juggling_for_data_analysis_eh1I3SlZn48_075_090.mp4,141,2.352350,0,0.844336,66.035,632.480,392.427,0.990018,632.585,391.722,566.535,388.986,0.988309,566.525,388.986,644.693,443.953,0.962859,644.498,441.221,552.133,436.907,0.969245,551.251,436.907,645.417,456.924,0.951033,645.417,456.924,554.998,404.204,0.973122,554.998,403.899
/home/it-admin/.hermes/profiles/juggling-tracker/workspace/juggling-yolo/videos/youtube_juggling_for_data_analysis_eh1I3SlZn48_075_090.mp4,142,2.369033,0,0.868710,64.796,632.585,391.722,0.991590,632.585,391.733,567.965,386.952,0.988107,566.535,388.811,644.498,440.708,0.966497,644.693,441.221,551.251,421.048,0.953384,551.251,423.100,642.760,458.841,0.964234,642.760,457.709,553.377,393.105,0.960806,553.377,397.097
/home/it-admin/.hermes/profiles/juggling-tracker/workspace/juggling-yolo/videos/youtube_juggling_for_data_analysis_eh1I3SlZn48_075_090.mp4,143,2.385717,0,0.881258,66.707,632.839,391.600,0.993024,632.839,391.730,566.255,387.538,0.989126,566.535,387.699,646.030,441.221,0.970816,645.043,440.708,550.004,423.100,0.946391,551.251,421.048,640.939,457.709,0.969988,640.939,457.709,549.310,397.097,0.955408,549.310,393.309
/home/it-admin/.hermes/profiles/juggling-tracker/workspace/juggling-yolo/videos/youtube_juggling_for_data_analysis_eh1I3SlZn48_075_090.mp4,144,2.402400,0,0.870243,65.918,633.015,391.733,0.992425,632.839,391.722,567.162,388.811,0.987853,566.255,387.699,645.349,440.641,0.968158,645.043,440.641,552.546,420.598,0.945544,550.004,420.598,636.399,458.431,0.966978,636.490,457.709,547.203,393.309,0.958672,547.203,393.105
/home/it-admin/.hermes/profiles/juggling-tracker/workspace/juggling-yolo/videos/youtube_juggling_for_data_analysis_eh1I3SlZn48_075_090.mp4,145,2.419083,0,0.880005,67.581,632.903,391.730,0.992863,632.903,391.730,565.442,387.699,0.991129,565.442,388.373,645.043,437.677,0.968997,645.043,440.287,545.683,403.837,0.950380,545.683,414.914,636.490,454.807,0.965871,636.399,454.807,536.594,381.350,0.944757,537.733,393.309
/home/it-admin/.hermes/profiles/juggling-tracker/workspace/juggling-yolo/videos/youtube_juggling_for_data_analysis_eh1I3SlZn48_075_090.mp4,146,2.435767,0,0.884539,68.093,632.722,391.701,0.993017,633.015,391.733,564.710,388.373,0.991672,565.177,388.811,644.193,436.586,0.968016,644.630,440.287,544.448,407.021,0.948822,545.683,414.914,632.698,451.739,0.963018,632.698,451.739,537.733,389.797,0.938187,537.222,393.309
/home/it-admin/.hermes/profiles/juggling-tracker/workspace/juggling-yolo/videos/youtube_juggling_for_data_analysis_eh1I3SlZn48_075_090.mp4,147,2.452450,0,0.884017,68.707,633.537,393.019,0.991699,633.092,392.456,564.871,390.680,0.991617,564.989,390.680,644.630,440.287,0.952742,644.193,440.287,545.100,414.914,0.944914,545.683,414.914,631.532,445.468,0.946681,631.532,445.468,535.479,403.382,0.932173,537.222,403.382
/home/it-admin/.hermes/profiles/juggling-tracker/workspace/juggling-yolo/videos/youtube_juggling_for_data_analysis_eh1I3SlZn48_075_090.mp4,148,2.469133,0,0.879680,67.926,633.092,392.767,0.990367,633.264,392.456,565.177,391.505,0.991638,564.871,391.076,643.709,440.326,0.934334,643.852,440.326,548.667,425.539,0.949921,548.667,425.539,629.016,442.889,0.904728,630.931,442.889,537.222,411.423,0.928743,537.552,411.423
/home/it-admin/.hermes/profiles/juggling-tracker/workspace/juggling-yolo/videos/youtube_juggling_for_data_analysis_eh1I3SlZn48_075_090.mp4,149,2.485817,0,0.884046,68.288,633.264,392.456,0.990414,633.264,392.456,564.989,391.127,0.992146,564.871,391.076,642.756,442.453,0.946471,643.709,442.453,550.228,430.903,0.961571,550.228,430.903,628.810,433.666,0.934460,630.573,433.666,537.552,420.915,0.950434,537.552,420.915
/home/it-admin/.hermes/profiles/juggling-tracker/workspace/juggling-yolo/videos/youtube_juggling_for_data_analysis_eh1I3SlZn48_075_090.mp4,150,2.502500,0,0.889100,69.185,633.622,390.989,0.991202,633.167,390.989,564.437,391.076,0.991697,564.442,391.076,643.852,443.994,0.967230,643.357,443.686,550.239,434.443,0.967873,550.239,434.443,630.931,425.795,0.971833,630.573,425.795,539.286,428.162,0.968699,539.286,428.162
/home/it-admin/.hermes/profiles/juggling-tracker/workspace/juggling-yolo/videos/youtube_juggling_for_data_analysis_eh1I3SlZn48_075_090.mp4,151,2.519183,0,0.881540,68.725,633.167,390.574,0.992442,633.167,390.574,564.442,390.706,0.990395,564.442,390.706,643.357,445.366,0.974137,643.357,443.686,552.609,436.120,0.960983,550.239,436.120,630.573,418.402,0.975643,630.931,418.402,541.468,435.190,0.962459,541.468,434.520
/home/it-admin/.hermes/profiles/juggling-tracker/workspace/juggling-yolo/videos/youtube_juggling_for_data_analysis_eh1I3SlZn48_075_090.mp4,152,2.535867,0,0.519711,65.965,630.246,389.047,0.991053,630.246,390.173,564.299,390.574,0.989830,564.442,390.680,642.468,443.686,0.968157,643.357,443.686,552.003,437.707,0.944602,550.239,436.120,636.983,408.785,0.967185,636.983,408.785,543.578,434.520,0.926342,543.578,435.190
/home/it-admin/.hermes/profiles/juggling-tracker/workspace/juggling-yolo/videos/youtube_juggling_for_data_analysis_eh1I3SlZn48_075_090.mp4,152,2.535867,1,0.367501,65.240,629.649,389.336,0.989677,,,564.420,390.568,0.984613,,,642.400,443.031,0.967356,,,551.206,437.418,0.932749,,,636.770,410.214,0.966027,,,543.746,434.545,0.920339,,
/home/it-admin/.hermes/profiles/juggling-tracker/workspace/juggling-yolo/videos/youtube_juggling_for_data_analysis_eh1I3SlZn48_075_090.mp4,153,2.552550,0,0.882745,64.981,630.097,390.173,0.988491,630.246,390.173,565.118,390.680,0.988601,565.118,390.574,645.336,440.868,0.967907,643.357,440.868,549.587,437.556,0.963747,549.587,437.556,640.707,406.825,0.968465,640.707,406.825,546.987,444.997,0.953463,546.987,444.997
/home/it-admin/.hermes/profiles/juggling-tracker/workspace/juggling-yolo/videos/youtube_juggling_for_data_analysis_eh1I3SlZn48_075_090.mp4,154,2.569233,0,0.883199,64.219,629.427,390.098,0.982575,630.246,390.173,565.209,390.258,0.989806,565.209,390.460,640.417,435.843,0.930065,643.781,435.843,549.308,436.051,0.963764,549.587,437.556,642.821,401.389,0.944028,642.821,401.460,548.656,446.782,0.956233,548.656,446.782
/home/it-admin/.hermes/profiles/juggling-tracker/workspace/juggling-yolo/videos/youtube_juggling_for_data_analysis_eh1I3SlZn48_075_090.mp4,155,2.585917,0,0.877375,66.673,632.135,390.246,0.980194,631.104,390.219,565.462,390.460,0.990098,565.462,390.258,644.200,434.776,0.916879,643.781,434.776,549.505,438.157,0.967725,549.587,436.329,646.838,401.460,0.919495,646.838,401.389,551.609,455.301,0.951852,551.609,455.301
/home/it-admin/.hermes/profiles/juggling-tracker/workspace/juggling-yolo/videos/youtube_juggling_for_data_analysis_eh1I3SlZn48_075_090.mp4,156,2.602600,0,0.877578,66.101,632.168,391.069,0.985628,631.738,390.246,566.073,390.167,0.993519,565.599,390.167,643.781,429.355,0.932517,642.554,429.355,552.241,436.329,0.976484,552.241,436.329,652.029,392.962,0.934407,652.029,393.616,554.952,456.808,0.961064,554.952,456.808
/home/it-admin/.hermes/profiles/juggling-tracker/workspace/juggling-yolo/videos/youtube_juggling_for_data_analysis_eh1I3SlZn48_075_090.mp4,157,2.619283,0,0.885110,65.370,631.104,390.219,0.987779,631.738,390.648,565.736,389.780,0.994184,565.736,389.929,641.217,427.853,0.946823,642.554,429.355,552.360,436.193,0.979258,552.360,436.919,652.324,392.975,0.953433,652.324,393.616,554.963,458.901,0.970648,554.963,458.901
/home/it-admin/.hermes/profiles/juggling-tracker/workspace/juggling-yolo/videos/youtube_juggling_for_data_analysis_eh1I3SlZn48_075_090.mp4,158,2.635967,0,0.884041,66.143,631.738,390.655,0.988118,631.638,390.655,565.599,389.902,0.994594,565.998,389.929,642.554,426.030,0.946625,642.086,428.688,553.479,436.919,0.980248,553.479,436.329,655.340,393.616,0.952256,654.210,393.616,558.518,459.018,0.970468,558.518,458.901
/home/it-admin/.hermes/profiles/juggling-tracker/workspace/juggling-yolo/videos/youtube_juggling_for_data_analysis_eh1I3SlZn48_075_090.mp4,159,2.652650,0,0.879891,65.478,631.472,390.648,0.988555,631.472,390.655,565.998,389.929,0.994450,565.998,389.929,640.155,431.402,0.951183,642.086,427.853,554.339,437.394,0.981083,554.122,436.458,654.210,401.039,0.954879,655.340,398.880,560.425,459.317,0.971712,560.425,458.901
/home/it-admin/.hermes/profiles/juggling-tracker/workspace/juggling-yolo/videos/youtube_juggling_for_data_analysis_eh1I3SlZn48_075_090.mp4,160,2.669333,0,0.878844,65.634,631.638,390.927,0.988958,631.472,390.831,566.005,390.589,0.994435,566.005,390.589,642.086,428.688,0.949565,642.086,428.688,554.178,436.114,0.979773,554.122,436.919,657.350,402.459,0.951432,655.611,401.039,560.864,454.439,0.969917,560.864,454.439
/home/it-admin/.hermes/profiles/juggling-tracker/workspace/juggling-yolo/videos/youtube_juggling_for_data_analysis_eh1I3SlZn48_075_090.mp4,161,2.686017,0,0.872119,64.604,631.328,390.831,0.989273,631.472,390.927,566.725,391.189,0.994763,566.005,391.189,647.497,415.231,0.941415,640.155,431.402,554.122,436.458,0.974906,554.122,437.394,661.247,398.880,0.926218,655.611,402.459,563.693,449.831,0.948109,563.693,449.831
/home/it-admin/.hermes/profiles/juggling-tracker/workspace/juggling-yolo/videos/youtube_juggling_for_data_analysis_eh1I3SlZn48_075_090.mp4,162,2.702700,0,0.636495,64.364,630.856,391.859,0.986670,631.585,391.859,566.494,391.526,0.992067,566.005,391.338,639.224,434.164,0.952948,639.224,434.164,552.712,440.346,0.973229,553.180,439.129,655.611,416.474,0.949623,655.611,416.474,569.558,447.705,0.947349,564.738,447.705
/home/it-admin/.hermes/profiles/juggling-tracker/workspace/juggling-yolo/videos/youtube_juggling_for_data_analysis_eh1I3SlZn48_075_090.mp4,163,2.719383,0,0.872050,65.912,631.585,393.330,0.985727,631.585,391.859,565.698,391.562,0.991138,565.698,391.338,637.532,442.214,0.910642,639.224,434.164,553.180,439.509,0.967792,552.712,439.129,650.913,428.079,0.870100,655.611,428.079,571.292,438.592,0.937052,564.738,438.592
/home/it-admin/.hermes/profiles/juggling-tracker/workspace/juggling-yolo/videos/youtube_juggling_for_data_analysis_eh1I3SlZn48_075_090.mp4,164,2.736067,0,0.861287,66.794,632.191,392.657,0.988008,632.191,391.859,565.410,391.338,0.990074,565.428,391.338,638.292,440.411,0.944119,639.224,435.440,552.496,439.129,0.964252,552.496,439.129,653.317,430.223,0.939465,653.431,430.223,564.738,434.082,0.948749,564.738,434.082
/home/it-admin/.hermes/profiles/juggling-tracker/workspace/juggling-yolo/videos/youtube_juggling_for_data_analysis_eh1I3SlZn48_075_090.mp4,165,2.752750,0,0.884537,67.750,632.776,390.873,0.990581,632.572,391.348,565.026,390.577,0.993441,565.428,390.577,649.534,430.945,0.956873,644.810,437.255,550.402,437.122,0.976150,550.402,437.122,655.842,433.079,0.958047,653.317,433.079,562.666,426.265,0.971513,562.987,426.265
/home/it-admin/.hermes/profiles/juggling-tracker/workspace/juggling-yolo/videos/youtube_juggling_for_data_analysis_eh1I3SlZn48_075_090.mp4,166,2.769433,0,0.878405,67.162,632.572,391.348,0.990675,632.776,391.348,565.428,389.775,0.993633,565.428,390.577,644.810,435.440,0.955298,645.084,437.255,549.537,437.006,0.978149,549.804,437.006,653.431,437.624,0.949853,653.317,437.624,562.987,420.376,0.972643,562.666,420.376
/home/it-admin/.hermes/profiles/juggling-tracker/workspace/juggling-yolo/videos/youtube_juggling_for_data_analysis_eh1I3SlZn48_075_090.mp4,167,2.786117,0,0.874979,67.368,632.976,391.343,0.990811,632.976,391.348,565.626,389.785,0.993605,565.626,389.785,645.608,437.255,0.960215,645.084,437.255,549.804,433.720,0.976547,549.804,434.701,649.640,445.485,0.955407,649.640,445.485,561.562,413.422,0.966951,561.562,413.422
/home/it-admin/.hermes/profiles/juggling-tracker/workspace/juggling-yolo/videos/youtube_juggling_for_data_analysis_eh1I3SlZn48_075_090.mp4,168,2.802800,0,0.842432,67.679,633.442,392.604,0.989527,633.442,391.348,565.781,391.018,0.988509,565.626,389.775,645.084,441.929,0.949686,644.810,437.255,547.695,434.701,0.963619,549.804,433.720,644.367,455.954,0.939738,644.367,455.954,559.102,410.502,0.955149,559.102,410.502
/home/it-admin/.hermes/profiles/juggling-tracker/workspace/juggling-yolo/videos/youtube_juggling_for_data_analysis_eh1I3SlZn48_075_090.mp4,169,2.819483,0,0.851647,65.493,633.611,391.581,0.987884,633.442,391.581,568.175,388.845,0.981974,565.781,388.845,644.372,440.069,0.946640,644.594,437.793,551.581,428.537,0.940934,550.488,428.537,643.953,460.533,0.941541,643.953,458.994,554.547,405.070,0.939848,554.547,406.871
/home/it-admin/.hermes/profiles/juggling-tracker/workspace/juggling-yolo/videos/youtube_juggling_for_data_analysis_eh1I3SlZn48_075_090.mp4,170,2.836167,0,0.863546,68.079,633.498,391.326,0.992008,633.442,391.769,565.534,387.374,0.982712,566.003,388.845,644.523,437.202,0.969055,644.594,439.613,550.488,425.411,0.902678,551.369,425.411,643.005,458.994,0.970909,643.005,458.994,550.454,406.871,0.925752,550.454,405.070
/home/it-admin/.hermes/profiles/juggling-tracker/workspace/juggling-yolo/videos/youtube_juggling_for_data_analysis_eh1I3SlZn48_075_090.mp4,171,2.852850,0,0.776754,65.207,632.951,391.937,0.989680,633.498,391.769,567.839,388.400,0.975029,566.094,388.814,644.594,437.793,0.966916,644.594,439.613,554.889,419.997,0.883305,551.369,421.103,641.210,460.095,0.973025,641.210,458.994,550.301,396.793,0.890425,550.301,396.793
/home/it-admin/.hermes/profiles/juggling-tracker/workspace/juggling-yolo/videos/youtube_juggling_for_data_analysis_eh1I3SlZn48_075_090.mp4,172,2.869533,0,0.864993,67.363,633.317,391.769,0.992510,633.498,391.911,566.003,389.198,0.986303,566.003,388.814,645.124,439.613,0.965342,644.813,437.793,551.369,421.103,0.917959,550.900,419.997,637.155,457.440,0.959490,637.155,457.440,546.664,396.751,0.923020,546.664,396.793
/home/it-admin/.hermes/profiles/juggling-tracker/workspace/juggling-yolo/videos/youtube_juggling_for_data_analysis_eh1I3SlZn48_075_090.mp4,173,2.886217,0,0.872002,67.657,633.680,391.911,0.992211,633.680,391.937,566.094,388.814,0.989229,566.003,389.198,644.813,440.164,0.962671,644.813,438.727,550.900,417.796,0.936104,550.900,418.575,634.826,454.546,0.956798,636.402,454.546,546.520,391.868,0.929778,546.520,396.793
/home/it-admin/.hermes/profiles/juggling-tracker/workspace/juggling-yolo/videos/youtube_juggling_for_data_analysis_eh1I3SlZn48_075_090.mp4,174,2.902900,0,0.873235,68.246,633.876,392.590,0.992623,633.876,392.590,565.666,390.351,0.989961,566.003,390.351,645.219,437.220,0.960210,645.124,438.727,546.366,412.982,0.913425,549.468,418.575,636.402,450.726,0.952850,634.826,450.726,545.030,399.372,0.882418,546.438,399.372
/home/it-admin/.hermes/profiles/juggling-tracker/workspace/juggling-yolo/videos/youtube_juggling_for_data_analysis_eh1I3SlZn48_075_090.mp4,175,2.919583,0,0.870846,68.473,634.217,392.688,0.991696,633.908,392.667,565.767,390.891,0.989685,565.767,390.891,643.382,438.727,0.940135,645.219,438.727,545.791,418.575,0.900783,548.592,418.575,629.069,445.568,0.910902,632.534,445.568,546.438,409.217,0.844475,545.617,409.217
/home/it-admin/.hermes/profiles/juggling-tracker/workspace/juggling-yolo/videos/youtube_juggling_for_data_analysis_eh1I3SlZn48_075_090.mp4,176,2.936267,0,0.875247,67.855,633.908,392.667,0.991522,634.217,392.667,566.061,391.612,0.991582,565.666,391.612,645.363,438.282,0.946114,645.363,438.727,549.468,428.133,0.944611,548.592,428.133,629.596,434.190,0.929079,632.534,434.190,544.215,420.285,0.922554,545.030,420.285
/home/it-admin/.hermes/profiles/juggling-tracker/workspace/juggling-yolo/videos/youtube_juggling_for_data_analysis_eh1I3SlZn48_075_090.mp4,177,2.952950,0,0.871241,69.316,634.809,392.962,0.990171,634.712,392.667,565.501,391.866,0.991339,565.767,391.866,646.452,443.132,0.944231,646.452,442.202,548.592,432.163,0.953950,549.299,432.163,632.534,428.499,0.942125,632.534,428.499,545.617,431.186,0.945793,545.617,431.186
/home/it-admin/.hermes/profiles/juggling-tracker/workspace/juggling-yolo/videos/youtube_juggling_for_data_analysis_eh1I3SlZn48_075_090.mp4,178,2.969633,0,0.881791,69.183,634.767,391.863,0.992161,634.712,391.863,565.585,391.896,0.990707,565.924,391.866,649.245,446.891,0.969889,646.452,442.202,549.299,438.267,0.958966,549.319,438.267,634.674,427.282,0.974383,633.305,427.282,543.780,435.719,0.961498,545.617,435.719
/home/it-admin/.hermes/profiles/juggling-tracker/workspace/juggling-yolo/videos/youtube_juggling_for_data_analysis_eh1I3SlZn48_075_090.mp4,179,2.986317,0,0.873208,68.795,634.712,391.547,0.989723,634.712,391.547,565.924,392.535,0.989685,565.924,391.866,646.741,442.202,0.962293,646.741,442.202,549.319,439.801,0.949061,549.319,438.327,633.305,423.124,0.960561,634.674,423.124,551.331,442.929,0.917568,550.612,442.929
/home/it-admin/.hermes/profiles/juggling-tracker/workspace/juggling-yolo/videos/youtube_juggling_for_data_analysis_eh1I3SlZn48_075_090.mp4,180,3.003000,0,0.876196,65.310,631.550,389.205,0.987945,632.004,390.420,566.274,391.311,0.990352,566.274,391.665,643.300,435.925,0.962265,649.070,435.925,549.552,438.327,0.965092,549.552,438.327,635.302,408.562,0.964495,635.302,408.562,550.612,445.084,0.949709,551.331,445.084
/home/it-admin/.hermes/profiles/juggling-tracker/workspace/juggling-yolo/videos/youtube_juggling_for_data_analysis_eh1I3SlZn48_075_090.mp4,181,3.019683,0,0.873585,64.433,631.496,390.146,0.986609,632.004,390.202,567.081,391.655,0.991035,567.081,391.665,649.669,429.108,0.953834,646.741,429.108,551.104,438.796,0.960558,551.089,438.327,641.311,402.767,0.949816,641.311,402.767,554.135,451.945,0.925845,552.972,451.945
/home/it-admin/.hermes/profiles/juggling-tracker/workspace/juggling-yolo/videos/youtube_juggling_for_data_analysis_eh1I3SlZn48_075_090.mp4,182,3.036367,0,0.881211,64.729,632.004,390.420,0.985132,632.004,390.202,567.287,391.665,0.991378,567.287,391.655,649.070,427.882,0.942695,645.781,427.882,551.089,437.926,0.966682,551.104,438.030,645.862,397.948,0.946187,645.862,397.998,552.972,459.560,0.953182,554.135,459.560
/home/it-admin/.hermes/profiles/juggling-tracker/workspace/juggling-yolo/videos/youtube_juggling_for_data_analysis_eh1I3SlZn48_075_090.mp4,183,3.053050,0,0.883102,64.792,632.165,390.202,0.979730,632.165,390.420,567.391,391.692,0.990897,567.391,391.665,645.781,423.758,0.905100,645.781,426.241,553.299,437.895,0.967730,553.299,438.030,649.155,397.998,0.907518,649.155,397.948,554.284,464.002,0.956221,554.284,464.002
/home/it-admin/.hermes/profiles/juggling-tracker/workspace/juggling-yolo/videos/youtube_juggling_for_data_analysis_eh1I3SlZn48_075_090.mp4,184,3.069733,0,0.871951,64.773,632.955,390.531,0.986181,632.955,390.531,568.190,391.538,0.994075,567.934,391.692,644.260,422.172,0.936799,645.781,423.758,554.387,438.030,0.976572,554.387,438.030,652.863,394.070,0.938513,652.863,394.741,558.701,466.976,0.959632,558.701,466.976
/home/it-admin/.hermes/profiles/juggling-tracker/workspace/juggling-yolo/videos/youtube_juggling_for_data_analysis_eh1I3SlZn48_075_090.mp4,185,3.086417,0,0.880775,65.302,633.235,391.841,0.988581,633.235,391.207,567.934,391.708,0.994563,567.934,391.708,643.379,426.241,0.949164,645.781,422.172,554.621,439.579,0.978819,554.621,438.439,658.475,394.741,0.951842,658.475,394.070,559.086,470.070,0.967657,559.086,466.976
/home/it-admin/.hermes/profiles/juggling-tracker/workspace/juggling-yolo/videos/youtube_juggling_for_data_analysis_eh1I3SlZn48_075_090.mp4,186,3.103100,0,0.865484,65.254,633.515,391.207,0.989757,633.235,391.645,568.268,392.190,0.995392,568.190,391.806,652.765,406.683,0.926762,647.140,422.172,555.559,439.231,0.980171,555.559,438.439,669.128,381.772,0.906402,668.592,394.070,561.850,469.959,0.969462,559.458,466.976
/home/it-admin/.hermes/profiles/juggling-tracker/workspace/juggling-yolo/videos/youtube_juggling_for_data_analysis_eh1I3SlZn48_075_090.mp4,187,3.119783,0,0.877027,65.667,633.412,391.645,0.991192,633.370,391.751,567.750,392.496,0.994953,568.268,392.092,653.220,412.609,0.954180,647.140,424.731,555.804,438.439,0.979990,555.804,438.439,670.625,388.741,0.950767,669.128,394.741,559.458,463.744,0.973937,560.471,463.744
/home/it-admin/.hermes/profiles/juggling-tracker/workspace/juggling-yolo/videos/youtube_juggling_for_data_analysis_eh1I3SlZn48_075_090.mp4,188,3.136467,0,0.880712,64.154,632.653,391.751,0.991658,633.412,391.751,568.500,391.806,0.994458,568.500,392.190,647.140,424.731,0.967221,647.140,424.731,556.416,437.027,0.980493,555.804,438.439,668.592,398.276,0.964356,669.128,398.276,560.471,460.058,0.973497,561.850,460.058
/home/it-admin/.hermes/profiles/juggling-tracker/workspace/juggling-yolo/videos/youtube_juggling_for_data_analysis_eh1I3SlZn48_075_090.mp4,189,3.153150,0,0.868479,64.738,633.370,392.215,0.992483,633.412,391.751,568.632,392.092,0.994426,568.514,392.348,646.738,429.675,0.966353,646.738,429.675,555.962,438.253,0.977605,555.804,438.439,669.279,404.660,0.951217,668.860,404.660,562.746,459.292,0.961198,562.746,459.292
/home/it-admin/.hermes/profiles/juggling-tracker/workspace/juggling-yolo/videos/youtube_juggling_for_data_analysis_eh1I3SlZn48_075_090.mp4,190,3.169833,0,0.859673,65.132,633.645,391.899,0.992833,633.462,391.899,568.514,392.348,0.994736,568.514,392.092,646.651,432.998,0.967621,646.651,430.751,555.060,440.581,0.977768,555.060,439.475,667.455,412.800,0.945396,668.592,412.800,567.324,452.899,0.951130,567.324,452.899
/home/it-admin/.hermes/profiles/juggling-tracker/workspace/juggling-yolo/videos/youtube_juggling_for_data_analysis_eh1I3SlZn48_075_090.mp4,191,3.186517,0,0.870206,64.847,633.462,391.313,0.993305,633.645,392.005,568.624,392.431,0.994398,568.514,392.348,646.146,430.751,0.975155,646.146,432.998,553.897,440.931,0.976678,553.897,439.515,668.860,416.832,0.961381,667.455,416.832,569.578,447.291,0.950912,567.324,447.291
/home/it-admin/.hermes/profiles/juggling-tracker/workspace/juggling-yolo/videos/youtube_juggling_for_data_analysis_eh1I3SlZn48_075_090.mp4,192,3.203200,0,0.872354,65.620,634.062,392.005,0.993416,634.062,392.005,568.442,391.790,0.994096,568.442,392.348,644.904,436.418,0.975340,645.293,436.418,553.020,439.475,0.978506,553.115,439.515,667.013,425.694,0.966968,667.013,425.694,569.475,434.695,0.964673,567.324,434.695
/home/it-admin/.hermes/profiles/juggling-tracker/workspace/juggling-yolo/videos/youtube_juggling_for_data_analysis_eh1I3SlZn48_075_090.mp4,193,3.219883,0,0.761561,66.929,634.307,393.242,0.991063,634.307,392.005,567.381,392.670,0.989037,567.381,391.790,645.140,439.388,0.952038,645.140,438.660,553.115,439.515,0.961536,553.020,439.475,663.876,432.507,0.921515,664.029,432.507,562.543,432.867,0.946743,562.734,432.867
/home/it-admin/.hermes/profiles/juggling-tracker/workspace/juggling-yolo/videos/youtube_juggling_for_data_analysis_eh1I3SlZn48_075_090.mp4,194,3.236567,0,0.866034,67.749,634.604,392.431,0.992699,634.604,392.005,566.882,390.546,0.992856,567.381,390.546,645.293,438.660,0.961687,645.140,439.388,550.102,437.010,0.973459,550.102,437.313,664.029,439.383,0.943631,663.876,439.383,562.098,424.884,0.967647,562.543,424.884
/home/it-admin/.hermes/profiles/juggling-tracker/workspace/juggling-yolo/videos/youtube_juggling_for_data_analysis_eh1I3SlZn48_075_090.mp4,195,3.253250,0,0.877723,68.246,634.795,391.929,0.992102,634.795,391.929,566.572,390.169,0.993898,567.381,390.169,644.550,440.715,0.962467,645.293,440.715,549.903,437.313,0.980408,550.102,437.010,657.288,445.939,0.947596,657.288,445.939,562.734,416.575,0.973580,562.098,416.575
/home/it-admin/.hermes/profiles/juggling-tracker/workspace/juggling-yolo/videos/youtube_juggling_for_data_analysis_eh1I3SlZn48_075_090.mp4,196,3.269933,0,0.870279,66.692,635.107,391.747,0.992675,635.039,391.784,568.463,389.224,0.991912,568.463,389.224,645.807,441.554,0.955243,645.807,441.554,548.702,431.856,0.964061,550.102,431.856,651.649,450.829,0.926649,652.220,450.829,558.531,407.241,0.954095,560.798,407.241
/home/it-admin/.hermes/profiles/juggling-tracker/workspace/juggling-yolo/videos/youtube_juggling_for_data_analysis_eh1I3SlZn48_075_090.mp4,197,3.286617,0,0.883562,66.542,635.237,391.784,0.993396,635.107,391.747,568.859,387.124,0.991398,568.463,389.224,650.254,444.612,0.965279,647.491,441.554,550.639,428.819,0.965305,550.639,429.808,652.220,456.635,0.943488,651.649,456.635,560.798,395.214,0.958066,558.531,400.693
/home/it-admin/.hermes/profiles/juggling-tracker/workspace/juggling-yolo/videos/youtube_juggling_for_data_analysis_eh1I3SlZn48_075_090.mp4,198,3.303300,0,0.866578,65.956,635.039,391.382,0.992270,635.107,391.636,569.215,387.209,0.990226,568.463,389.224,647.505,442.905,0.962126,647.505,441.554,552.119,427.309,0.961474,552.119,428.819,646.575,458.970,0.941424,646.575,458.970,555.898,400.693,0.956286,555.898,400.535
/home/it-admin/.hermes/profiles/juggling-tracker/workspace/juggling-yolo/videos/youtube_juggling_for_data_analysis_eh1I3SlZn48_075_090.mp4,199,3.319983,0,0.865944,67.067,635.237,391.636,0.991665,635.039,391.382,568.199,389.659,0.987477,568.772,389.297,647.491,441.516,0.958860,648.333,441.516,552.837,429.808,0.941690,552.338,427.309,639.482,462.385,0.938756,639.482,461.452,551.497,400.535,0.940017,551.497,395.618
/home/it-admin/.hermes/profiles/juggling-tracker/workspace/juggling-yolo/videos/youtube_juggling_for_data_analysis_eh1I3SlZn48_075_090.mp4,200,3.336667,0,0.874419,66.915,634.337,391.328,0.993216,634.769,391.382,567.441,389.761,0.984111,568.199,389.659,648.333,437.547,0.975764,647.505,438.800,552.338,420.782,0.899072,552.837,427.309,639.036,461.452,0.970173,639.036,461.452,548.472,391.533,0.897578,548.472,399.633
/home/it-admin/.hermes/profiles/juggling-tracker/workspace/juggling-yolo/videos/youtube_juggling_for_data_analysis_eh1I3SlZn48_075_090.mp4,201,3.353350,0,0.871876,65.942,634.691,391.036,0.993674,634.691,391.636,568.772,389.297,0.988056,568.199,389.761,648.376,438.004,0.978361,647.491,438.004,554.329,421.033,0.936450,554.329,423.494,636.249,461.874,0.975331,637.053,461.452,545.963,395.618,0.934934,545.963,399.633
/home/it-admin/.hermes/profiles/juggling-tracker/workspace/juggling-yolo/videos/youtube_juggling_for_data_analysis_eh1I3SlZn48_075_090.mp4,202,3.370033,0,0.874645,66.888,634.769,391.917,0.992176,634.691,391.917,567.883,391.336,0.990841,567.883,390.970,645.281,438.800,0.970496,646.428,438.004,556.274,428.147,0.961415,554.329,421.033,637.053,456.057,0.966906,636.249,456.057,543.042,399.633,0.959230,544.057,399.633
/home/it-admin/.hermes/profiles/juggling-tracker/workspace/juggling-yolo/videos/youtube_juggling_for_data_analysis_eh1I3SlZn48_075_090.mp4,203,3.386717,0,0.872110,66.310,634.655,391.972,0.991611,634.769,391.972,568.352,390.970,0.988102,568.099,391.336,646.428,437.938,0.967399,645.625,438.004,557.837,423.494,0.937530,554.329,423.494,634.765,454.794,0.960505,634.765,454.794,544.057,403.422,0.929210,543.042,400.502
/home/it-admin/.hermes/profiles/juggling-tracker/workspace/juggling-yolo/videos/youtube_juggling_for_data_analysis_eh1I3SlZn48_075_090.mp4,204,3.403400,0,0.859884,69.266,635.447,392.807,0.990202,634.882,392.275,566.182,392.436,0.989862,567.883,391.976,644.539,438.677,0.949180,645.625,438.677,548.189,420.633,0.931356,554.282,428.147,629.087,445.268,0.939405,633.821,445.268,532.286,400.502,0.903318,537.481,403.422
/home/it-admin/.hermes/profiles/juggling-tracker/workspace/juggling-yolo/videos/youtube_juggling_for_data_analysis_eh1I3SlZn48_075_090.mp4,205,3.420083,0,0.874340,66.784,634.882,392.275,0.990279,635.447,392.275,568.099,391.976,0.990613,568.002,391.985,645.625,437.280,0.955698,646.428,438.677,554.282,428.384,0.956729,554.005,428.384,628.116,436.832,0.949208,633.484,436.832,537.481,415.090,0.948184,537.481,415.090
/home/it-admin/.hermes/profiles/juggling-tracker/workspace/juggling-yolo/videos/youtube_juggling_for_data_analysis_eh1I3SlZn48_075_090.mp4,206,3.436767,0,0.876610,68.030,635.744,392.400,0.989045,635.637,392.275,567.715,391.985,0.992005,568.002,391.985,647.495,440.197,0.954103,646.351,440.197,551.827,431.551,0.958690,554.005,431.551,633.821,432.642,0.961518,631.546,432.642,536.666,423.824,0.945090,537.481,423.824
/home/it-admin/.hermes/profiles/juggling-tracker/workspace/juggling-yolo/videos/youtube_juggling_for_data_analysis_eh1I3SlZn48_075_090.mp4,207,3.453450,0,0.871744,67.643,635.637,391.361,0.990415,635.637,391.361,568.002,392.408,0.992268,568.065,391.976,649.335,442.179,0.966819,646.351,441.414,554.005,437.883,0.962586,554.086,437.883,633.484,426.541,0.970148,633.484,426.541,540.073,432.538,0.944039,540.073,432.538
/home/it-admin/.hermes/profiles/juggling-tracker/workspace/juggling-yolo/videos/youtube_juggling_for_data_analysis_eh1I3SlZn48_075_090.mp4,208,3.470133,0,0.875217,68.106,636.166,390.870,0.991510,635.637,390.870,568.065,391.733,0.992789,568.002,391.733,646.351,442.404,0.969003,647.495,441.414,554.086,438.532,0.971014,554.086,438.532,631.546,415.635,0.967649,633.821,415.635,541.210,438.168,0.960639,541.210,438.168
/home/it-admin/.hermes/profiles/juggling-tracker/workspace/juggling-yolo/videos/youtube_juggling_for_data_analysis_eh1I3SlZn48_075_090.mp4,209,3.486817,0,0.881468,64.902,633.101,390.186,0.989474,633.101,390.489,568.203,390.957,0.989192,568.065,391.529,646.049,441.414,0.969199,647.692,441.414,554.458,440.335,0.940049,554.086,439.253,638.707,407.781,0.958092,638.707,407.781,566.088,445.106,0.853421,544.614,445.106
/home/it-admin/.hermes/profiles/juggling-tracker/workspace/juggling-yolo/videos/youtube_juggling_for_data_analysis_eh1I3SlZn48_075_090.mp4,210,3.503500,0,0.782239,65.201,633.067,389.398,0.990721,633.067,390.186,567.900,391.529,0.992395,568.187,391.097,647.692,438.600,0.968159,646.351,438.600,555.702,439.313,0.968672,554.086,439.253,640.936,401.371,0.960898,640.936,403.768,544.614,446.489,0.945847,548.564,446.489
/home/it-admin/.hermes/profiles/juggling-tracker/workspace/juggling-yolo/videos/youtube_juggling_for_data_analysis_eh1I3SlZn48_075_090.mp4,211,3.520183,0,0.874809,62.371,630.555,390.489,0.986529,633.067,389.836,568.187,391.089,0.990014,568.203,391.089,648.859,435.676,0.957210,647.692,435.676,553.989,439.253,0.953542,554.458,439.253,645.252,403.768,0.953009,645.252,401.371,557.417,451.769,0.908300,551.227,451.769
/home/it-admin/.hermes/profiles/juggling-tracker/workspace/juggling-yolo/videos/youtube_juggling_for_data_analysis_eh1I3SlZn48_075_090.mp4,212,3.536867,0,0.875716,63.743,632.015,389.836,0.979841,633.067,389.398,568.284,391.097,0.989213,568.284,391.089,645.623,428.670,0.928907,647.692,428.670,553.824,437.218,0.963555,554.726,437.218,648.104,401.140,0.941031,648.104,401.140,548.564,457.242,0.949916,551.227,457.242
/home/it-admin/.hermes/profiles/juggling-tracker/workspace/juggling-yolo/videos/youtube_juggling_for_data_analysis_eh1I3SlZn48_075_090.mp4,213,3.553550,0,0.872017,65.493,634.175,389.214,0.983040,632.421,389.836,568.703,390.878,0.993606,568.318,390.991,648.800,419.119,0.908178,646.967,428.670,554.726,435.987,0.973963,554.157,437.218,651.247,395.482,0.924180,651.247,401.140,551.227,463.163,0.963679,553.059,463.163
/home/it-admin/.hermes/profiles/juggling-tracker/workspace/juggling-yolo/videos/youtube_juggling_for_data_analysis_eh1I3SlZn48_075_090.mp4,214,3.570233,0,0.878358,65.758,634.059,389.336,0.985041,632.655,389.836,568.318,390.821,0.993821,568.324,390.991,646.967,424.099,0.920411,645.726,428.670,555.325,436.730,0.978402,554.157,437.218,651.854,396.664,0.930374,651.854,401.140,553.059,465.523,0.973254,553.059,465.523
/home/it-admin/.hermes/profiles/juggling-tracker/workspace/juggling-yolo/videos/youtube_juggling_for_data_analysis_eh1I3SlZn48_075_090.mp4,215,3.586917,0,0.881791,64.102,632.421,391.899,0.983075,633.324,391.664,568.325,390.991,0.991335,568.325,390.991,644.633,434.129,0.929116,645.726,432.123,554.157,438.518,0.973134,554.157,438.518,656.361,410.125,0.933629,656.361,406.950,555.311,467.766,0.966418,555.311,466.677
/home/it-admin/.hermes/profiles/juggling-tracker/workspace/juggling-yolo/videos/youtube_juggling_for_data_analysis_eh1I3SlZn48_075_090.mp4,216,3.603600,0,0.566671,64.332,632.655,391.664,0.986021,633.119,391.899,568.324,391.182,0.992161,568.325,391.182,645.726,432.123,0.955891,644.633,432.128,553.884,439.487,0.978464,554.157,439.487,658.479,406.950,0.961695,657.363,410.125,558.983,468.553,0.973457,558.983,466.677
/home/it-admin/.hermes/profiles/juggling-tracker/workspace/juggling-yolo/videos/youtube_juggling_for_data_analysis_eh1I3SlZn48_075_090.mp4,216,3.603600,1,0.288695,65.020,633.259,391.366,0.987701,,,568.240,390.837,0.994442,,,645.717,431.795,0.956031,,,554.202,438.713,0.981954,,,658.861,405.344,0.963981,,,558.881,468.239,0.973949,,
/home/it-admin/.hermes/profiles/juggling-tracker/workspace/juggling-yolo/videos/youtube_juggling_for_data_analysis_eh1I3SlZn48_075_090.mp4,217,3.620283,0,0.878704,64.823,633.324,391.924,0.984831,633.119,391.924,568.502,391.657,0.992453,568.367,391.657,643.763,432.128,0.933519,644.197,432.128,553.940,439.724,0.978913,554.157,439.616,657.402,411.741,0.932429,657.363,411.741,559.838,466.677,0.973881,559.706,466.677
/home/it-admin/.hermes/profiles/juggling-tracker/workspace/juggling-yolo/videos/youtube_juggling_for_data_analysis_eh1I3SlZn48_075_090.mp4,218,3.636967,0,0.880616,64.650,633.119,392.088,0.986157,633.324,392.088,568.471,391.659,0.991739,568.367,391.659,641.848,434.992,0.945040,644.197,432.128,554.318,439.616,0.975757,553.940,439.724,657.363,414.949,0.942218,657.363,414.949,559.706,463.640,0.968524,559.838,463.640
/home/it-admin/.hermes/profiles/juggling-tracker/workspace/juggling-yolo/videos/youtube_juggling_for_data_analysis_eh1I3SlZn48_075_090.mp4,219,3.653650,0,0.880342,66.152,634.517,392.634,0.984877,634.517,392.616,568.367,392.108,0.992536,568.367,392.108,644.197,431.343,0.922368,644.197,434.992,554.303,440.344,0.976667,553.940,440.344,655.049,421.296,0.915024,655.049,421.296,563.469,460.454,0.967444,563.469,460.454
/home/it-admin/.hermes/profiles/juggling-tracker/workspace/juggling-yolo/videos/youtube_juggling_for_data_analysis_eh1I3SlZn48_075_090.mp4,220,3.670333,0,0.880731,66.933,634.983,392.813,0.985530,634.983,392.634,568.051,392.489,0.992380,568.213,392.489,645.772,436.341,0.929345,645.772,435.213,552.964,442.701,0.976948,552.964,442.701,654.068,427.951,0.915840,654.068,427.951,567.722,456.073,0.962762,567.722,456.073
/home/it-admin/.hermes/profiles/juggling-tracker/workspace/juggling-yolo/videos/youtube_juggling_for_data_analysis_eh1I3SlZn48_075_090.mp4,221,3.687017,0,0.882683,67.166,635.272,392.616,0.985443,635.031,392.813,568.106,392.764,0.992407,568.106,392.703,649.420,435.213,0.928802,647.581,436.341,552.832,442.939,0.972693,552.833,442.939,651.659,434.033,0.912870,651.659,434.033,570.416,449.489,0.946147,567.722,449.489
/home/it-admin/.hermes/profiles/juggling-tracker/workspace/juggling-yolo/videos/youtube_juggling_for_data_analysis_eh1I3SlZn48_075_090.mp4,222,3.703700,0,0.881694,66.853,635.062,393.470,0.986322,635.031,393.224,568.213,392.744,0.992444,568.051,392.703,648.155,439.923,0.919356,647.581,439.923,552.833,443.191,0.971976,552.833,443.191,649.844,439.394,0.873043,649.844,439.394,570.094,444.796,0.936581,567.722,444.796
/home/it-admin/.hermes/profiles/juggling-tracker/workspace/juggling-yolo/videos/youtube_juggling_for_data_analysis_eh1I3SlZn48_075_090.mp4,223,3.720383,0,0.881341,67.877,635.031,393.702,0.987156,635.031,393.224,567.161,392.703,0.990657,567.580,392.703,647.581,443.033,0.937355,647.581,440.574,551.835,444.793,0.972873,552.833,443.191,646.606,448.677,0.905605,646.606,448.677,565.938,439.115,0.953384,566.435,439.115
/home/it-admin/.hermes/profiles/juggling-tracker/workspace/juggling-yolo/videos/youtube_juggling_for_data_analysis_eh1I3SlZn48_075_090.mp4,224,3.737067,0,0.882766,67.654,634.611,393.224,0.987318,634.611,393.224,566.970,391.880,0.989718,567.564,391.880,645.315,444.158,0.945102,647.501,440.793,554.458,445.663,0.969844,554.458,443.191,645.144,451.914,0.924700,645.144,451.914,566.435,428.975,0.951775,565.938,428.975
/home/it-admin/.hermes/profiles/juggling-tracker/workspace/juggling-yolo/videos/youtube_juggling_for_data_analysis_eh1I3SlZn48_075_090.mp4,225,3.753750,0,0.885961,66.402,633.963,392.430,0.988488,633.963,392.430,567.580,390.817,0.989304,567.564,391.780,646.902,440.574,0.964495,646.902,440.793,555.391,441.543,0.967255,554.458,442.927,643.177,456.296,0.961751,643.177,456.296,565.432,419.905,0.948420,565.432,419.905
/home/it-admin/.hermes/profiles/juggling-tracker/workspace/juggling-yolo/videos/youtube_juggling_for_data_analysis_eh1I3SlZn48_075_090.mp4,226,3.770433,0,0.888884,66.259,633.810,391.601,0.989836,633.810,391.995,567.564,390.298,0.989258,567.580,390.817,647.501,440.793,0.970490,646.902,440.793,555.707,442.927,0.970077,554.458,441.543,639.001,459.077,0.969558,639.001,459.077,563.416,416.416,0.960072,563.416,416.416
/home/it-admin/.hermes/profiles/juggling-tracker/workspace/juggling-yolo/videos/youtube_juggling_for_data_analysis_eh1I3SlZn48_075_090.mp4,227,3.787117,0,0.886214,65.167,633.745,391.995,0.990394,633.755,391.733,568.579,391.780,0.988407,568.269,390.774,646.862,440.637,0.970800,647.194,440.793,553.967,440.903,0.971312,553.967,440.903,636.950,464.114,0.970622,636.950,461.404,559.809,413.978,0.969943,559.809,415.512
/home/it-admin/.hermes/profiles/juggling-tracker/workspace/juggling-yolo/videos/youtube_juggling_for_data_analysis_eh1I3SlZn48_075_090.mp4,228,3.803800,0,0.889684,65.333,633.688,391.526,0.991097,633.745,391.601,568.359,390.774,0.988140,568.359,390.298,647.500,441.085,0.970502,647.194,441.085,553.961,438.022,0.966444,553.961,439.166,633.371,461.404,0.968361,633.371,462.068,558.976,412.734,0.964191,558.976,415.512
/home/it-admin/.hermes/profiles/juggling-tracker/workspace/juggling-yolo/videos/youtube_juggling_for_data_analysis_eh1I3SlZn48_075_090.mp4,229,3.820483,0,0.892013,65.514,633.755,391.733,0.991240,633.688,391.526,568.269,389.838,0.988270,568.359,390.136,647.194,442.444,0.973596,646.862,441.085,552.825,439.166,0.970334,553.961,439.166,629.737,462.219,0.973683,630.614,462.068,556.835,415.512,0.970606,556.835,415.512
/home/it-admin/.hermes/profiles/juggling-tracker/workspace/juggling-yolo/videos/youtube_juggling_for_data_analysis_eh1I3SlZn48_075_090.mp4,230,3.837167,0,0.888876,65.091,633.509,391.404,0.990406,633.688,391.526,568.454,389.228,0.987237,568.269,390.136,646.065,441.304,0.972969,646.065,441.304,553.412,439.156,0.967449,553.961,439.166,629.954,462.068,0.975597,629.954,461.404,555.376,416.765,0.969691,555.376,416.765
/home/it-admin/.hermes/profiles/juggling-tracker/workspace/juggling-yolo/videos/youtube_juggling_for_data_analysis_eh1I3SlZn48_075_090.mp4,231,3.853850,0,0.887542,65.858,633.385,391.402,0.989861,633.755,391.733,567.539,390.136,0.984911,567.539,390.136,645.295,439.925,0.969598,645.295,441.454,554.458,440.299,0.958960,553.412,439.166,630.614,457.632,0.974685,629.737,457.632,555.269,417.754,0.967596,555.269,417.754
/home/it-admin/.hermes/profiles/juggling-tracker/workspace/juggling-yolo/videos/youtube_juggling_for_data_analysis_eh1I3SlZn48_075_090.mp4,232,3.870533,0,0.884371,68.194,634.036,392.575,0.989552,634.013,392.575,565.845,391.906,0.985680,566.931,391.906,643.426,441.454,0.960689,644.048,441.304,554.363,441.696,0.944955,553.412,439.156,628.138,455.166,0.961209,628.138,455.166,553.339,422.303,0.942987,555.269,422.303
/home/it-admin/.hermes/profiles/juggling-tracker/workspace/juggling-yolo/videos/youtube_juggling_for_data_analysis_eh1I3SlZn48_075_090.mp4,233,3.887217,0,0.877232,67.781,634.688,393.854,0.988950,634.036,393.609,566.931,392.016,0.978948,565.845,392.016,644.048,441.600,0.937536,643.634,441.454,551.022,430.608,0.847770,552.581,436.548,625.909,450.364,0.929365,627.375,450.364,553.997,422.778,0.825284,555.269,422.778
/home/it-admin/.hermes/profiles/juggling-tracker/workspace/juggling-yolo/videos/youtube_juggling_for_data_analysis_eh1I3SlZn48_075_090.mp4,234,3.903900,0,0.878942,68.383,634.013,393.609,0.988238,634.537,393.609,565.636,392.754,0.984230,565.845,392.104,643.634,440.598,0.938780,643.541,441.600,552.357,436.548,0.906112,552.357,436.548,627.375,437.184,0.930731,627.375,437.184,556.200,428.869,0.879370,556.200,428.869
/home/it-admin/.hermes/profiles/juggling-tracker/workspace/juggling-yolo/videos/youtube_juggling_for_data_analysis_eh1I3SlZn48_075_090.mp4,235,3.920583,0,0.880729,68.935,634.700,393.909,0.987694,634.537,393.609,565.783,392.344,0.986596,566.244,392.104,643.318,442.293,0.934938,643.541,441.871,552.581,436.465,0.918531,551.022,436.548,625.845,427.419,0.920696,627.375,427.419,557.977,430.918,0.870264,557.977,430.918
/home/it-admin/.hermes/profiles/juggling-tracker/workspace/juggling-yolo/videos/youtube_juggling_for_data_analysis_eh1I3SlZn48_075_090.mp4,236,3.937267,0,0.880940,68.297,634.537,392.905,0.987745,634.013,392.905,566.244,392.104,0.987453,566.070,392.104,643.541,445.101,0.955262,643.318,441.871,550.901,439.250,0.933426,550.901,439.093,629.973,426.697,0.955819,627.375,426.697,560.430,434.517,0.885969,560.181,434.517
/home/it-admin/.hermes/profiles/juggling-tracker/workspace/juggling-yolo/videos/youtube_juggling_for_data_analysis_eh1I3SlZn48_075_090.mp4,237,3.953950,0,0.884362,67.222,633.795,391.500,0.989592,633.795,391.500,566.576,390.951,0.989887,566.070,390.951,642.255,441.871,0.965660,643.318,441.871,550.060,439.093,0.951407,550.901,439.250,627.411,423.063,0.959691,627.411,423.063,562.087,443.311,0.903079,560.181,443.311
/home/it-admin/.hermes/profiles/juggling-tracker/workspace/juggling-yolo/videos/youtube_juggling_for_data_analysis_eh1I3SlZn48_075_090.mp4,238,3.970633,0,0.889131,66.817,632.887,390.205,0.990428,632.887,390.721,566.070,390.240,0.990516,566.070,390.562,642.685,441.014,0.973095,643.541,441.014,550.681,440.326,0.967449,550.901,439.250,626.603,411.215,0.967921,629.739,411.215,560.181,446.898,0.945277,560.181,446.898
/home/it-admin/.hermes/profiles/juggling-tracker/workspace/juggling-yolo/videos/youtube_juggling_for_data_analysis_eh1I3SlZn48_075_090.mp4,239,3.987317,0,0.886684,65.877,631.634,390.721,0.990172,631.634,390.721,565.757,390.562,0.989966,566.070,390.240,643.764,440.373,0.971256,642.695,440.547,552.261,440.019,0.960025,552.261,439.093,629.739,403.403,0.963671,629.739,403.403,558.731,455.986,0.931877,558.731,455.986
/home/it-admin/.hermes/profiles/juggling-tracker/workspace/juggling-yolo/videos/youtube_juggling_for_data_analysis_eh1I3SlZn48_075_090.mp4,240,4.004000,0,0.887054,64.985,630.890,390.135,0.989466,630.890,390.721,565.904,389.929,0.988761,566.070,390.240,643.605,440.547,0.976353,643.605,440.373,553.096,438.292,0.970935,553.096,438.314,633.527,401.908,0.973500,633.527,401.908,557.611,460.083,0.961357,558.087,460.083
/home/it-admin/.hermes/profiles/juggling-tracker/workspace/juggling-yolo/videos/youtube_juggling_for_data_analysis_eh1I3SlZn48_075_090.mp4,241,4.020683,0,0.886786,64.481,630.567,390.885,0.987688,630.567,390.885,566.094,389.932,0.988784,566.094,390.207,642.695,439.941,0.974428,643.764,439.941,553.216,438.314,0.973316,553.096,438.314,635.944,400.924,0.974245,635.944,400.924,558.087,463.468,0.964999,557.894,463.468
/home/it-admin/.hermes/profiles/juggling-tracker/workspace/juggling-yolo/videos/youtube_juggling_for_data_analysis_eh1I3SlZn48_075_090.mp4,242,4.037367,0,0.883478,63.261,629.479,391.660,0.985646,630.029,390.885,566.226,390.658,0.987040,566.140,390.090,645.294,438.336,0.973923,645.294,438.652,553.310,438.083,0.976151,553.096,438.314,636.606,400.514,0.974822,636.606,400.924,557.894,465.824,0.972663,557.894,463.468
/home/it-admin/.hermes/profiles/juggling-tracker/workspace/juggling-yolo/videos/youtube_juggling_for_data_analysis_eh1I3SlZn48_075_090.mp4,243,4.054050,0,0.891620,62.697,628.831,391.143,0.988246,630.029,390.885,566.140,390.207,0.989682,566.206,390.152,645.670,438.184,0.974509,645.294,438.336,552.142,438.921,0.975937,552.596,438.580,638.383,400.571,0.977022,638.383,400.924,557.687,463.845,0.972725,558.087,463.468
/home/it-admin/.hermes/profiles/juggling-tracker/workspace/juggling-yolo/videos/youtube_juggling_for_data_analysis_eh1I3SlZn48_075_090.mp4,244,4.070733,0,0.889153,63.828,630.029,389.342,0.988321,630.029,390.026,566.206,390.090,0.990334,566.226,390.152,645.797,438.652,0.972446,645.294,438.336,552.494,439.142,0.976409,552.596,438.580,639.278,402.910,0.975713,639.278,402.910,558.524,462.843,0.972727,558.506,462.843
/home/it-admin/.hermes/profiles/juggling-tracker/workspace/juggling-yolo/videos/youtube_juggling_for_data_analysis_eh1I3SlZn48_075_090.mp4,245,4.087417,0,0.886372,64.402,630.741,390.026,0.986229,630.741,390.026,566.339,390.152,0.990256,566.206,390.152,645.277,437.034,0.967529,645.277,438.652,552.596,438.580,0.976799,552.494,438.921,640.620,403.491,0.974163,639.918,403.491,558.506,460.383,0.972470,558.524,460.383
/home/it-admin/.hermes/profiles/juggling-tracker/workspace/juggling-yolo/videos/youtube_juggling_for_data_analysis_eh1I3SlZn48_075_090.mp4,246,4.104100,0,0.884244,64.613,630.978,387.642,0.985075,630.978,390.026,566.395,389.575,0.989094,566.339,390.152,643.483,439.203,0.966023,643.796,439.203,552.938,437.981,0.972963,552.494,439.142,640.313,408.970,0.973743,640.313,408.970,559.158,458.861,0.966482,559.158,458.861
/home/it-admin/.hermes/profiles/juggling-tracker/workspace/juggling-yolo/videos/youtube_juggling_for_data_analysis_eh1I3SlZn48_075_090.mp4,247,4.120783,0,0.887805,65.614,631.521,390.101,0.986658,631.521,390.101,565.911,390.861,0.990263,566.339,390.861,643.461,441.767,0.964437,643.483,441.767,551.624,439.538,0.974291,551.624,439.538,639.918,411.357,0.967364,640.313,411.357,560.123,456.589,0.963404,559.886,456.589
/home/it-admin/.hermes/profiles/juggling-tracker/workspace/juggling-yolo/videos/youtube_juggling_for_data_analysis_eh1I3SlZn48_075_090.mp4,248,4.137467,0,0.883325,65.743,632.108,392.398,0.985216,632.108,392.398,566.367,391.806,0.990399,566.134,391.703,643.796,443.639,0.950908,643.483,441.925,550.685,440.404,0.970892,550.685,439.538,641.181,417.615,0.949945,640.259,417.615,559.886,451.349,0.950359,560.123,451.349
/home/it-admin/.hermes/profiles/juggling-tracker/workspace/juggling-yolo/videos/youtube_juggling_for_data_analysis_eh1I3SlZn48_075_090.mp4,249,4.154150,0,0.884466,67.322,633.452,392.429,0.985289,632.150,392.398,566.134,391.703,0.991367,565.911,391.703,642.905,443.412,0.943538,643.796,441.925,548.647,441.780,0.972916,548.647,439.538,639.969,426.575,0.940367,639.969,426.575,563.237,444.794,0.948843,560.747,444.794
/home/it-admin/.hermes/profiles/juggling-tracker/workspace/juggling-yolo/videos/youtube_juggling_for_data_analysis_eh1I3SlZn48_075_090.mp4,250,4.170833,0,0.880386,67.131,632.628,392.927,0.985804,632.150,392.429,565.507,391.725,0.990736,565.507,391.703,645.400,441.925,0.940542,643.796,442.473,547.517,438.369,0.962065,547.517,439.225,640.259,432.364,0.938154,639.969,432.364,562.968,433.923,0.923627,560.747,433.923
/home/it-admin/.hermes/profiles/juggling-tracker/workspace/juggling-yolo/videos/youtube_juggling_for_data_analysis_eh1I3SlZn48_075_090.mp4,251,4.187517,0,0.875150,67.790,632.150,392.329,0.986205,632.150,392.909,564.365,391.555,0.990984,564.365,391.555,646.275,439.405,0.937858,645.400,442.473,545.879,439.225,0.964737,545.879,438.726,637.763,436.099,0.934880,637.763,436.099,560.747,425.629,0.934545,560.747,425.629
/home/it-admin/.hermes/profiles/juggling-tracker/workspace/juggling-yolo/videos/youtube_juggling_for_data_analysis_eh1I3SlZn48_075_090.mp4,252,4.204200,0,0.877229,68.122,631.867,392.909,0.987903,632.109,392.927,563.788,390.500,0.990971,564.365,391.102,641.145,442.473,0.936985,646.275,442.473,545.090,438.644,0.968507,545.090,438.644,630.892,442.609,0.919618,632.330,442.609,558.013,423.956,0.948118,558.013,423.956
/home/it-admin/.hermes/profiles/juggling-tracker/workspace/juggling-yolo/videos/youtube_juggling_for_data_analysis_eh1I3SlZn48_075_090.mp4,253,4.220883,0,0.520255,67.933,631.890,393.094,0.989380,631.890,392.909,563.987,391.102,0.990979,564.365,391.102,646.888,444.491,0.944857,646.456,442.473,543.920,438.726,0.974165,545.090,438.644,632.330,443.843,0.919553,631.650,443.843,555.942,413.329,0.959713,555.942,413.329
/home/it-admin/.hermes/profiles/juggling-tracker/workspace/juggling-yolo/videos/youtube_juggling_for_data_analysis_eh1I3SlZn48_075_090.mp4,253,4.220883,1,0.320511,68.289,632.278,392.835,0.991413,,,564.016,390.937,0.993291,,,647.426,444.666,0.949009,,,544.137,438.649,0.975324,,,632.941,444.115,0.913959,,,555.911,413.150,0.962909,,
/home/it-admin/.hermes/profiles/juggling-tracker/workspace/juggling-yolo/videos/youtube_juggling_for_data_analysis_eh1I3SlZn48_075_090.mp4,254,4.237567,0,0.834761,67.303,632.109,392.982,0.990519,631.890,392.909,564.852,390.497,0.987475,564.663,390.500,646.762,444.093,0.955548,646.698,442.473,544.609,436.418,0.961010,544.779,437.556,630.399,453.759,0.942812,631.377,453.759,550.949,409.063,0.956883,550.949,409.063
/home/it-admin/.hermes/profiles/juggling-tracker/workspace/juggling-yolo/videos/youtube_juggling_for_data_analysis_eh1I3SlZn48_075_090.mp4,255,4.254250,0,0.877351,66.814,631.805,392.721,0.990011,632.109,392.721,565.008,391.224,0.988074,564.852,390.497,646.456,441.486,0.962281,646.698,441.486,546.896,437.556,0.961653,544.779,436.418,631.650,456.831,0.960637,631.377,456.831,549.084,405.472,0.956268,549.084,405.472
/home/it-admin/.hermes/profiles/juggling-tracker/workspace/juggling-yolo/videos/youtube_juggling_for_data_analysis_eh1I3SlZn48_075_090.mp4,256,4.270933,0,0.873137,67.602,632.239,392.269,0.992422,632.109,392.314,564.663,390.418,0.989901,564.852,390.418,646.698,440.221,0.969983,646.456,440.221,544.779,433.550,0.954942,545.190,433.550,631.377,458.611,0.966014,630.572,458.611,547.381,402.446,0.957035,547.381,404.672
/home/it-admin/.hermes/profiles/juggling-tracker/workspace/juggling-yolo/videos/youtube_juggling_for_data_analysis_eh1I3SlZn48_075_090.mp4,257,4.287617,0,0.874638,67.371,632.333,392.314,0.992558,631.927,392.269,564.998,390.097,0.987701,564.663,390.391,645.989,439.752,0.971572,646.116,440.221,545.190,432.212,0.941131,546.896,432.212,630.572,461.152,0.971583,630.572,460.817,546.858,404.672,0.953475,546.858,404.672
/home/it-admin/.hermes/profiles/juggling-tracker/workspace/juggling-yolo/videos/youtube_juggling_for_data_analysis_eh1I3SlZn48_075_090.mp4,258,4.304300,0,0.877314,68.246,631.927,392.076,0.993680,631.927,392.076,563.749,389.021,0.983782,564.619,390.391,646.116,439.946,0.975869,645.989,440.221,547.622,420.743,0.904896,547.622,430.652,628.757,461.473,0.975314,629.941,460.817,544.739,399.511,0.934225,544.739,404.672
/home/it-admin/.hermes/profiles/juggling-tracker/workspace/juggling-yolo/videos/youtube_juggling_for_data_analysis_eh1I3SlZn48_075_090.mp4,259,4.320983,0,0.875141,66.980,631.581,391.930,0.993296,631.581,392.076,564.619,390.391,0.987894,563.749,390.391,643.691,440.517,0.974908,643.691,439.946,552.107,430.652,0.929900,547.622,430.379,629.941,460.817,0.973523,628.757,460.817,543.509,404.857,0.939025,543.509,404.857
/home/it-admin/.hermes/profiles/juggling-tracker/workspace/juggling-yolo/videos/youtube_juggling_for_data_analysis_eh1I3SlZn48_075_090.mp4,260,4.337667,0,0.880647,68.508,631.304,392.046,0.993643,631.581,392.076,562.809,390.727,0.989310,563.749,390.727,643.393,440.693,0.975693,643.393,440.196,548.569,430.379,0.940144,548.569,430.379,627.906,458.776,0.972971,627.906,458.776,538.408,405.680,0.946579,538.408,405.680
/home/it-admin/.hermes/profiles/juggling-tracker/workspace/juggling-yolo/videos/youtube_juggling_for_data_analysis_eh1I3SlZn48_075_090.mp4,261,4.354350,0,0.880381,67.688,631.016,392.113,0.993001,631.581,392.113,563.335,391.128,0.991440,563.991,391.128,643.228,439.501,0.970184,643.228,440.196,547.369,426.829,0.950947,550.451,430.652,626.431,451.721,0.963487,626.431,458.776,533.697,407.646,0.941635,536.164,407.646
/home/it-admin/.hermes/profiles/juggling-tracker/workspace/juggling-yolo/videos/youtube_juggling_for_data_analysis_eh1I3SlZn48_075_090.mp4,262,4.371033,0,0.879179,67.636,631.627,392.240,0.991410,631.627,392.240,563.991,392.052,0.991919,563.991,392.052,641.448,440.196,0.951989,641.487,440.196,550.451,432.475,0.950934,550.451,432.475,625.910,456.247,0.929361,625.910,456.247,535.743,417.814,0.930275,536.164,417.814
/home/it-admin/.hermes/profiles/juggling-tracker/workspace/juggling-yolo/videos/youtube_juggling_for_data_analysis_eh1I3SlZn48_075_090.mp4,263,4.387717,0,0.877250,67.587,631.866,392.549,0.991653,631.866,392.398,564.279,392.267,0.992215,564.203,392.089,641.487,439.904,0.951710,641.448,440.196,550.677,434.709,0.949480,550.677,434.709,624.032,459.318,0.924524,625.910,451.721,536.164,427.583,0.921669,536.164,427.583
/home/it-admin/.hermes/profiles/juggling-tracker/workspace/juggling-yolo/videos/youtube_juggling_for_data_analysis_eh1I3SlZn48_075_090.mp4,264,4.404400,0,0.864306,68.041,632.240,393.035,0.991276,631.955,392.398,564.203,392.430,0.992512,564.279,392.089,640.181,440.493,0.927070,641.326,440.493,552.211,436.200,0.927577,551.724,436.200,620.741,447.940,0.858288,625.910,447.940,541.797,436.670,0.844096,541.797,436.670
/home/it-admin/.hermes/profiles/juggling-tracker/workspace/juggling-yolo/videos/youtube_juggling_for_data_analysis_eh1I3SlZn48_075_090.mp4,265,4.421083,0,0.873011,67.634,631.983,392.398,0.989604,631.983,392.398,564.350,392.089,0.989999,564.350,392.089,641.326,441.375,0.954378,641.248,441.375,552.496,439.958,0.943407,551.724,438.902,626.973,428.328,0.952110,626.332,428.328,544.890,441.871,0.912636,543.826,441.871
/home/it-admin/.hermes/profiles/juggling-tracker/workspace/juggling-yolo/videos/youtube_juggling_for_data_analysis_eh1I3SlZn48_075_090.mp4,266,4.437767,0,0.876988,67.310,631.955,391.671,0.989139,631.983,391.671,564.648,390.987,0.989875,564.472,390.987,641.189,441.797,0.958455,641.248,441.375,551.724,439.313,0.947767,551.724,438.902,626.332,423.811,0.958842,626.366,423.811,544.594,446.066,0.919970,544.594,446.066
/home/it-admin/.hermes/profiles/juggling-tracker/workspace/juggling-yolo/videos/youtube_juggling_for_data_analysis_eh1I3SlZn48_075_090.mp4,267,4.454450,0,0.880866,67.492,632.357,391.070,0.989498,631.955,391.070,564.867,390.533,0.989531,564.472,390.533,641.248,442.349,0.966492,641.326,441.375,550.922,438.902,0.954350,550.922,438.902,626.366,416.817,0.969334,626.973,416.817,543.826,448.023,0.937356,544.890,448.023
/home/it-admin/.hermes/profiles/juggling-tracker/workspace/juggling-yolo/videos/youtube_juggling_for_data_analysis_eh1I3SlZn48_075_090.mp4,268,4.471133,0,0.695643,67.062,631.506,387.997,0.990662,631.506,389.249,564.472,389.949,0.992940,564.648,390.082,642.812,437.062,0.970001,642.812,437.062,550.631,436.748,0.965142,550.631,436.748,627.889,405.478,0.970963,627.889,405.478,545.801,453.326,0.938170,545.413,453.326
/home/it-admin/.hermes/profiles/juggling-tracker/workspace/juggling-yolo/videos/youtube_juggling_for_data_analysis_eh1I3SlZn48_075_090.mp4,269,4.487817,0,0.881403,64.317,628.575,388.961,0.985609,629.764,388.961,564.264,389.823,0.986783,564.867,390.082,643.129,432.435,0.971906,643.129,432.883,549.955,435.174,0.968242,550.631,436.356,631.090,398.931,0.975349,631.090,398.931,545.413,456.521,0.961824,545.801,456.521
/home/it-admin/.hermes/profiles/juggling-tracker/workspace/juggling-yolo/videos/youtube_juggling_for_data_analysis_eh1I3SlZn48_075_090.mp4,270,4.504500,0,0.885594,64.555,629.764,389.249,0.982663,629.155,388.819,565.215,390.082,0.985660,565.215,389.974,644.868,432.883,0.967842,644.564,432.435,550.393,435.053,0.970658,550.631,436.356,634.222,397.078,0.973500,634.222,398.562,547.585,460.942,0.966812,547.585,460.942
/home/it-admin/.hermes/profiles/juggling-tracker/workspace/juggling-yolo/videos/youtube_juggling_for_data_analysis_eh1I3SlZn48_075_090.mp4,271,4.521183,0,0.893616,63.374,629.155,388.819,0.984032,629.155,388.961,565.798,390.266,0.989282,565.581,390.082,644.564,432.073,0.962963,644.868,432.073,550.911,436.356,0.975206,550.911,436.356,636.885,398.562,0.971423,636.885,398.190,549.203,463.749,0.973311,549.203,463.749
/home/it-admin/.hermes/profiles/juggling-tracker/workspace/juggling-yolo/videos/youtube_juggling_for_data_analysis_eh1I3SlZn48_075_090.mp4,272,4.537867,0,0.893094,63.535,629.101,388.592,0.984924,629.764,389.235,565.581,389.974,0.990035,565.581,390.266,645.403,429.922,0.960736,645.403,429.922,551.167,437.191,0.973785,550.911,437.191,638.318,398.190,0.970001,638.318,398.155,551.478,465.041,0.972395,551.478,463.749
/home/it-admin/.hermes/profiles/juggling-tracker/workspace/juggling-yolo/videos/youtube_juggling_for_data_analysis_eh1I3SlZn48_075_090.mp4,273,4.554550,0,0.886215,65.041,630.729,390.376,0.978301,630.073,389.235,565.691,390.937,0.991511,565.581,390.937,647.619,423.779,0.881077,645.433,423.779,551.339,438.251,0.970385,551.167,437.463,644.232,398.155,0.902632,644.232,398.155,553.887,466.116,0.966917,553.448,463.749
/home/it-admin/.hermes/profiles/juggling-tracker/workspace/juggling-yolo/videos/youtube_juggling_for_data_analysis_eh1I3SlZn48_075_090.mp4,274,4.571233,0,0.883392,64.815,630.073,389.235,0.979811,630.073,389.329,565.290,391.285,0.992421,565.290,391.285,645.433,418.590,0.877053,645.433,423.779,550.798,438.042,0.972332,551.167,438.042,645.861,395.212,0.896144,645.861,398.155,553.448,462.887,0.968809,553.887,462.887
/home/it-admin/.hermes/profiles/juggling-tracker/workspace/juggling-yolo/videos/youtube_juggling_for_data_analysis_eh1I3SlZn48_075_090.mp4,275,4.587917,0,0.872239,65.832,630.348,389.329,0.984573,630.073,390.376,564.599,392.636,0.994790,564.600,391.948,650.570,401.836,0.880040,645.433,423.779,551.659,437.463,0.978821,550.887,438.251,651.442,387.792,0.882676,647.692,398.155,556.109,462.229,0.973867,556.109,462.229
/home/it-admin/.hermes/profiles/juggling-tracker/workspace/juggling-yolo/videos/youtube_juggling_for_data_analysis_eh1I3SlZn48_075_090.mp4,276,4.604600,0,0.883409,64.596,629.138,391.876,0.984031,630.073,391.086,564.542,391.952,0.991613,564.599,391.952,640.089,432.120,0.933628,645.433,423.347,550.887,438.623,0.974325,550.798,438.042,648.131,406.954,0.941827,648.131,406.954,557.518,458.005,0.969065,556.109,458.005
/home/it-admin/.hermes/profiles/juggling-tracker/workspace/juggling-yolo/videos/youtube_juggling_for_data_analysis_eh1I3SlZn48_075_090.mp4,277,4.621283,0,0.877591,64.416,629.012,391.270,0.983805,630.348,391.270,564.600,391.948,0.991243,564.542,392.127,641.100,431.078,0.931246,646.108,426.562,550.168,439.068,0.971698,550.168,438.623,647.692,407.738,0.934811,648.131,407.738,557.860,452.972,0.961177,557.518,452.972
/home/it-admin/.hermes/profiles/juggling-tracker/workspace/juggling-yolo/videos/youtube_juggling_for_data_analysis_eh1I3SlZn48_075_090.mp4,278,4.637967,0,0.855785,66.558,630.711,391.086,0.985788,630.359,391.876,564.161,392.127,0.993591,564.428,391.952,648.493,423.347,0.893341,646.108,431.078,548.651,437.690,0.968104,548.651,438.965,648.335,412.129,0.886199,647.970,412.129,555.114,445.215,0.953669,557.860,445.215
/home/it-admin/.hermes/profiles/juggling-tracker/workspace/juggling-yolo/videos/youtube_juggling_for_data_analysis_eh1I3SlZn48_075_090.mp4,279,4.654650,0,0.789468,65.931,630.359,392.158,0.987010,630.711,391.750,564.428,392.267,0.994435,564.161,391.948,646.108,426.562,0.903825,646.108,431.078,545.867,438.965,0.971547,545.867,439.068,645.994,417.252,0.879365,647.692,417.252,558.865,437.406,0.946226,557.860,437.406
/home/it-admin/.hermes/profiles/juggling-tracker/workspace/juggling-yolo/videos/youtube_juggling_for_data_analysis_eh1I3SlZn48_075_090.mp4,280,4.671333,0,0.759631,66.761,630.754,392.039,0.988800,630.754,391.750,563.993,391.796,0.993764,563.993,391.796,648.607,431.630,0.935469,646.108,431.630,545.598,439.086,0.972637,545.598,438.965,647.970,423.691,0.928656,646.096,423.691,558.625,431.834,0.958855,556.380,431.834
/home/it-admin/.hermes/profiles/juggling-tracker/workspace/juggling-yolo/videos/youtube_juggling_for_data_analysis_eh1I3SlZn48_075_090.mp4,281,4.688017,0,0.872683,67.970,630.763,391.750,0.989060,630.763,391.750,562.799,390.839,0.993821,563.993,390.873,645.500,437.059,0.938635,646.108,436.489,544.208,440.314,0.975866,545.598,438.965,646.096,434.028,0.930166,645.994,434.028,556.380,426.463,0.966144,556.380,426.463
/home/it-admin/.hermes/profiles/juggling-tracker/workspace/juggling-yolo/videos/youtube_juggling_for_data_analysis_eh1I3SlZn48_075_090.mp4,282,4.704700,0,0.875611,68.141,631.056,391.673,0.989874,631.056,391.708,562.922,390.644,0.992853,563.993,390.839,645.557,436.489,0.937732,646.334,437.059,544.778,438.729,0.969380,545.598,438.729,643.280,436.383,0.917009,643.280,436.383,554.998,418.014,0.958656,554.998,418.014
/home/it-admin/.hermes/profiles/juggling-tracker/workspace/juggling-yolo/videos/youtube_juggling_for_data_analysis_eh1I3SlZn48_075_090.mp4,283,4.721383,0,0.505450,67.184,631.408,391.503,0.992305,631.305,391.708,564.226,390.873,0.988049,564.226,390.644,647.628,438.100,0.956724,646.334,438.100,547.171,436.875,0.916818,545.965,436.875,637.564,448.802,0.936672,637.564,448.802,551.921,414.817,0.899229,551.921,414.817
/home/it-admin/.hermes/profiles/juggling-tracker/workspace/juggling-yolo/videos/youtube_juggling_for_data_analysis_eh1I3SlZn48_075_090.mp4,283,4.721383,1,0.323239,66.978,631.141,391.850,0.990191,,,564.168,391.046,0.982768,,,647.168,438.063,0.951806,,,546.814,437.150,0.907481,,,636.772,448.690,0.942777,,,551.956,415.032,0.892090,,
/home/it-admin/.hermes/profiles/juggling-tracker/workspace/juggling-yolo/videos/youtube_juggling_for_data_analysis_eh1I3SlZn48_075_090.mp4,284,4.738067,0,0.874223,66.230,631.305,391.708,0.992754,631.305,391.708,565.110,389.535,0.988603,564.226,389.715,646.334,438.930,0.961683,646.678,438.709,550.510,420.488,0.932047,546.716,423.256,635.215,456.091,0.946291,635.215,456.091,549.156,398.589,0.926417,549.156,403.249
/home/it-admin/.hermes/profiles/juggling-tracker/workspace/juggling-yolo/videos/youtube_juggling_for_data_analysis_eh1I3SlZn48_075_090.mp4,285,4.754750,0,0.872596,66.697,631.338,392.289,0.993442,631.305,392.212,564.716,389.126,0.987480,564.226,389.715,647.363,439.161,0.971417,646.678,438.709,545.965,412.402,0.917555,547.171,423.256,634.116,459.918,0.962590,634.116,458.765,544.214,396.110,0.908672,544.214,403.249
/home/it-admin/.hermes/profiles/juggling-tracker/workspace/juggling-yolo/videos/youtube_juggling_for_data_analysis_eh1I3SlZn48_075_090.mp4,286,4.771433,0,0.875260,67.476,631.036,392.212,0.993497,631.036,392.212,563.606,389.715,0.987273,563.606,389.715,646.678,438.709,0.977478,646.504,438.709,546.716,423.256,0.937090,546.716,423.256,633.821,461.130,0.975601,633.821,458.765,539.631,403.249,0.948407,539.631,403.249
/home/it-admin/.hermes/profiles/juggling-tracker/workspace/juggling-yolo/videos/youtube_juggling_for_data_analysis_eh1I3SlZn48_075_090.mp4,287,4.788117,0,0.878951,67.687,630.872,392.218,0.993422,630.872,392.212,563.199,390.841,0.988709,563.606,390.841,646.504,438.172,0.977022,646.504,438.174,548.553,429.401,0.943597,546.716,429.401,632.057,458.765,0.975741,632.057,458.765,539.629,406.216,0.952456,539.629,406.216
/home/it-admin/.hermes/profiles/juggling-tracker/workspace/juggling-yolo/videos/youtube_juggling_for_data_analysis_eh1I3SlZn48_075_090.mp4,288,4.804800,0,0.880471,68.019,630.773,392.148,0.993317,630.773,392.148,562.756,391.600,0.990650,563.606,391.600,645.708,438.174,0.976668,645.708,438.174,545.291,430.000,0.947803,548.553,430.000,630.106,457.864,0.973320,630.106,457.864,537.767,409.324,0.940158,537.767,409.324
/home/it-admin/.hermes/profiles/juggling-tracker/workspace/juggling-yolo/videos/youtube_juggling_for_data_analysis_eh1I3SlZn48_075_090.mp4,289,4.821483,0,0.876231,67.023,630.657,391.859,0.993346,630.773,392.108,563.637,392.478,0.991083,563.556,392.449,644.784,437.311,0.975542,644.784,438.174,551.343,434.900,0.950081,549.859,433.402,628.581,455.058,0.972331,628.581,455.058,536.361,420.161,0.944797,536.361,420.161
/home/it-admin/.hermes/profiles/juggling-tracker/workspace/juggling-yolo/videos/youtube_juggling_for_data_analysis_eh1I3SlZn48_075_090.mp4,290,4.838167,0,0.877059,66.963,630.666,392.108,0.993105,630.706,391.928,563.704,392.449,0.992327,563.556,392.478,644.312,438.888,0.975106,644.312,438.888,549.859,433.402,0.957882,550.452,434.900,627.301,451.106,0.971306,627.301,452.016,533.297,422.652,0.943698,536.361,422.652
/home/it-admin/.hermes/profiles/juggling-tracker/workspace/juggling-yolo/videos/youtube_juggling_for_data_analysis_eh1I3SlZn48_075_090.mp4,291,4.854850,0,0.871108,67.320,630.869,391.686,0.992285,630.666,391.888,563.556,392.678,0.992904,563.556,392.511,643.006,438.995,0.967796,643.428,438.995,550.452,436.247,0.953130,551.314,436.247,624.648,452.016,0.953121,624.648,451.106,534.799,431.783,0.912006,536.361,431.783
/home/it-admin/.hermes/profiles/juggling-tracker/workspace/juggling-yolo/videos/youtube_juggling_for_data_analysis_eh1I3SlZn48_075_090.mp4,292,4.871533,0,0.792334,67.319,630.706,391.928,0.990113,630.706,391.914,563.389,392.511,0.991213,563.389,392.511,642.125,440.015,0.951562,643.006,440.015,551.314,439.136,0.943564,551.314,439.136,618.564,438.712,0.926137,624.648,438.712,542.547,440.824,0.875734,542.547,440.824
/home/it-admin/.hermes/profiles/juggling-tracker/workspace/juggling-yolo/videos/youtube_juggling_for_data_analysis_eh1I3SlZn48_075_090.mp4,293,4.888217,0,0.875360,67.406,630.419,391.888,0.990247,630.828,391.888,563.023,393.077,0.990502,563.389,392.511,643.428,440.402,0.960233,642.366,440.402,552.752,442.070,0.946551,551.855,440.344,622.216,435.659,0.942129,624.648,435.659,546.452,443.321,0.889708,546.452,443.321
/home/it-admin/.hermes/profiles/juggling-tracker/workspace/juggling-yolo/videos/youtube_juggling_for_data_analysis_eh1I3SlZn48_075_090.mp4,294,4.904900,0,0.875260,67.525,630.828,391.914,0.989710,630.828,391.888,563.305,392.394,0.989875,563.389,392.394,642.366,442.508,0.963684,642.288,440.599,551.916,440.997,0.943891,551.855,440.344,625.644,430.056,0.955483,625.273,430.056,553.126,449.189,0.888731,547.276,447.970
/home/it-admin/.hermes/profiles/juggling-tracker/workspace/juggling-yolo/videos/youtube_juggling_for_data_analysis_eh1I3SlZn48_075_090.mp4,295,4.921583,0,0.880102,67.440,631.404,390.284,0.989364,630.828,390.284,563.972,391.350,0.989591,563.972,391.350,642.033,441.807,0.967711,642.329,440.599,551.855,440.344,0.951630,551.855,440.344,627.192,426.387,0.967147,625.644,426.387,549.242,447.970,0.919278,548.494,449.189
/home/it-admin/.hermes/profiles/juggling-tracker/workspace/juggling-yolo/videos/youtube_juggling_for_data_analysis_eh1I3SlZn48_075_090.mp4,296,4.938267,0,0.887559,66.987,631.137,389.477,0.990612,630.828,390.284,564.161,390.709,0.990633,564.161,391.350,642.288,440.599,0.971989,642.288,440.599,550.596,438.736,0.961682,551.855,438.867,625.273,417.887,0.968118,627.192,417.887,547.276,451.615,0.937459,549.242,451.615
/home/it-admin/.hermes/profiles/juggling-tracker/workspace/juggling-yolo/videos/youtube_juggling_for_data_analysis_eh1I3SlZn48_075_090.mp4,297,4.954950,0,0.888245,65.865,630.458,387.866,0.989658,630.458,389.755,564.624,389.860,0.990277,564.347,390.994,642.329,437.972,0.970945,642.288,437.972,551.186,437.155,0.966730,551.855,438.736,630.353,403.589,0.968182,630.353,403.589,548.494,456.846,0.952303,549.242,456.846
/home/it-admin/.hermes/profiles/juggling-tracker/workspace/juggling-yolo/videos/youtube_juggling_for_data_analysis_eh1I3SlZn48_075_090.mp4,298,4.971633,0,0.875666,63.342,627.675,390.544,0.983250,629.426,389.755,564.347,391.883,0.985185,564.624,390.949,641.116,436.109,0.968904,642.288,436.109,552.155,438.867,0.965577,552.155,437.517,633.150,400.155,0.969253,633.150,401.692,552.620,460.248,0.950576,552.139,460.248
/home/it-admin/.hermes/profiles/juggling-tracker/workspace/juggling-yolo/videos/youtube_juggling_for_data_analysis_eh1I3SlZn48_075_090.mp4,299,4.988317,0,0.877106,63.848,628.947,389.755,0.981687,629.426,389.755,565.112,390.994,0.985532,564.917,390.994,643.596,433.607,0.962024,642.329,435.827,552.394,436.424,0.971779,552.394,437.155,636.766,399.196,0.964334,636.766,400.155,552.139,461.959,0.966910,552.620,461.959
/home/it-admin/.hermes/profiles/juggling-tracker/workspace/juggling-yolo/videos/youtube_juggling_for_data_analysis_eh1I3SlZn48_075_090.mp4,300,5.005000,0,0.883244,64.252,629.426,390.538,0.983538,629.426,389.755,565.175,390.949,0.989292,564.917,391.284,641.765,435.827,0.953349,643.596,433.607,552.512,437.517,0.970311,552.483,436.717,641.391,401.692,0.960983,641.391,399.196,553.382,464.150,0.964649,553.382,461.959
/home/it-admin/.hermes/profiles/juggling-tracker/workspace/juggling-yolo/videos/youtube_juggling_for_data_analysis_eh1I3SlZn48_075_090.mp4,301,5.021683,0,0.553074,67.819,632.624,387.401,0.974271,630.217,388.853,564.917,391.284,0.993326,564.987,391.284,645.360,416.576,0.855161,644.986,416.576,552.483,436.717,0.973404,552.512,436.481,646.424,394.838,0.912069,646.424,394.838,554.354,463.974,0.968478,554.354,461.959
/home/it-admin/.hermes/profiles/juggling-tracker/workspace/juggling-yolo/videos/youtube_juggling_for_data_analysis_eh1I3SlZn48_075_090.mp4,301,5.021683,1,0.272006,66.993,631.754,387.550,0.970163,,,564.859,391.177,0.990555,,,645.313,416.948,0.846127,,,551.955,437.262,0.967599,,,646.087,396.210,0.898172,,,554.341,463.898,0.966114,,
/home/it-admin/.hermes/profiles/juggling-tracker/workspace/juggling-yolo/videos/youtube_juggling_for_data_analysis_eh1I3SlZn48_075_090.mp4,302,5.038367,0,0.873259,65.551,630.217,388.853,0.985858,630.500,388.853,564.734,391.840,0.993680,564.917,391.360,644.986,412.343,0.929992,644.986,416.576,552.895,436.481,0.975657,552.512,436.717,650.631,386.789,0.941135,649.828,394.838,555.939,460.753,0.969785,555.939,460.753
/home/it-admin/.hermes/profiles/juggling-tracker/workspace/juggling-yolo/videos/youtube_juggling_for_data_analysis_eh1I3SlZn48_075_090.mp4,303,5.055050,0,0.874988,67.352,632.244,387.770,0.986879,631.041,388.853,564.987,391.360,0.994025,564.917,391.754,647.682,408.206,0.933368,645.360,416.576,552.729,436.238,0.976089,552.483,436.717,649.828,391.083,0.943837,650.631,394.838,558.957,456.541,0.969246,558.957,456.541
/home/it-admin/.hermes/profiles/juggling-tracker/workspace/juggling-yolo/videos/youtube_juggling_for_data_analysis_eh1I3SlZn48_075_090.mp4,304,5.071733,0,0.866076,65.712,630.500,390.987,0.980903,630.628,390.512,564.795,391.915,0.991212,564.987,391.754,641.825,424.219,0.890077,644.986,418.744,551.037,438.142,0.965486,551.037,437.295,650.778,407.378,0.882919,650.631,407.378,559.766,452.669,0.945746,559.766,452.669
/home/it-admin/.hermes/profiles/juggling-tracker/workspace/juggling-yolo/videos/youtube_juggling_for_data_analysis_eh1I3SlZn48_075_090.mp4,305,5.088417,0,0.855855,65.910,631.041,390.512,0.986237,631.041,390.987,565.143,391.754,0.994099,564.987,391.717,647.802,418.744,0.914092,647.592,424.219,549.360,437.295,0.968549,549.360,437.295,653.077,409.122,0.897602,650.778,409.122,561.472,445.229,0.933649,559.766,445.229
/home/it-admin/.hermes/profiles/juggling-tracker/workspace/juggling-yolo/videos/youtube_juggling_for_data_analysis_eh1I3SlZn48_075_090.mp4,306,5.105100,0,0.872761,65.288,630.628,392.091,0.984637,631.041,392.091,565.341,391.717,0.991368,564.795,391.717,641.597,428.971,0.924767,646.717,428.971,549.319,437.422,0.960526,549.319,437.295,649.522,419.764,0.905940,651.633,419.764,564.821,437.803,0.911283,559.766,437.803
/home/it-admin/.hermes/profiles/juggling-tracker/workspace/juggling-yolo/videos/youtube_juggling_for_data_analysis_eh1I3SlZn48_075_090.mp4,307,5.121783,0,0.863376,67.745,631.817,392.725,0.988612,631.633,392.660,564.087,391.344,0.992739,564.167,391.344,647.592,431.850,0.936131,647.592,431.850,548.384,436.778,0.965247,548.384,436.778,652.735,426.440,0.936903,651.633,426.440,556.681,434.446,0.953642,557.516,434.446
/home/it-admin/.hermes/profiles/juggling-tracker/workspace/juggling-yolo/videos/youtube_juggling_for_data_analysis_eh1I3SlZn48_075_090.mp4,308,5.138467,0,0.795284,68.522,632.323,392.660,0.989794,631.817,392.725,563.832,390.605,0.991984,564.167,390.605,646.717,436.612,0.946384,646.717,436.612,547.130,435.715,0.962657,548.263,435.715,651.633,435.934,0.942487,649.522,435.934,554.744,428.769,0.953222,556.681,428.769
/home/it-admin/.hermes/profiles/juggling-tracker/workspace/juggling-yolo/videos/youtube_juggling_for_data_analysis_eh1I3SlZn48_075_090.mp4,309,5.155150,0,0.857453,67.564,631.633,393.177,0.989160,632.077,392.801,564.167,389.550,0.988416,564.167,389.550,648.523,441.626,0.949224,646.717,438.061,546.809,432.442,0.952836,548.263,432.442,644.469,443.918,0.935498,644.469,443.711,557.516,417.365,0.925493,556.672,417.365
/home/it-admin/.hermes/profiles/juggling-tracker/workspace/juggling-yolo/videos/youtube_juggling_for_data_analysis_eh1I3SlZn48_075_090.mp4,310,5.171833,0,0.789897,66.455,632.077,392.801,0.988107,632.077,392.801,565.723,389.130,0.984273,565.434,389.550,645.248,438.061,0.913936,645.248,439.212,548.263,425.826,0.913670,548.263,430.132,634.693,443.711,0.870144,638.063,443.918,556.672,406.003,0.873623,554.744,406.003
/home/it-admin/.hermes/profiles/juggling-tracker/workspace/juggling-yolo/videos/youtube_juggling_for_data_analysis_eh1I3SlZn48_075_090.mp4,311,5.188517,0,0.443361,67.319,632.748,392.813,0.991129,631.992,392.813,565.528,389.145,0.988406,565.434,389.359,645.042,442.074,0.940949,645.248,439.499,549.705,428.689,0.943225,549.705,428.689,635.827,448.978,0.907841,635.827,448.978,553.068,403.075,0.940141,553.068,403.075
/home/it-admin/.hermes/profiles/juggling-tracker/workspace/juggling-yolo/videos/youtube_juggling_for_data_analysis_eh1I3SlZn48_075_090.mp4,311,5.188517,1,0.388781,67.263,632.496,393.339,0.988843,,,565.347,389.417,0.983487,,,644.596,442.013,0.934444,,,549.168,428.815,0.936532,,,635.209,448.309,0.914532,,,553.086,403.523,0.933264,,
/home/it-admin/.hermes/profiles/juggling-tracker/workspace/juggling-yolo/videos/youtube_juggling_for_data_analysis_eh1I3SlZn48_075_090.mp4,312,5.205200,0,0.865019,66.422,631.805,392.661,0.990912,631.992,392.813,565.434,390.064,0.988781,565.434,389.359,644.056,439.212,0.964394,645.248,439.479,550.246,430.132,0.953042,549.705,425.826,638.063,456.263,0.958501,634.693,456.263,547.558,402.106,0.951059,547.558,402.106
/home/it-admin/.hermes/profiles/juggling-tracker/workspace/juggling-yolo/videos/youtube_juggling_for_data_analysis_eh1I3SlZn48_075_090.mp4,313,5.221883,0,0.861594,66.735,631.992,392.826,0.992361,631.805,392.826,565.347,389.359,0.981778,565.347,389.839,646.789,439.499,0.971738,645.042,439.479,550.052,422.670,0.898172,549.705,422.670,634.604,459.752,0.967853,634.604,457.920,546.174,400.758,0.915298,546.174,400.758
/home/it-admin/.hermes/profiles/juggling-tracker/workspace/juggling-yolo/videos/youtube_juggling_for_data_analysis_eh1I3SlZn48_075_090.mp4,314,5.238567,0,0.866861,67.915,631.797,392.921,0.992050,631.797,392.826,563.952,389.839,0.985267,564.538,390.064,645.854,439.479,0.971397,644.711,439.479,546.825,414.423,0.908413,549.030,421.971,633.828,459.465,0.967705,633.828,457.920,537.639,385.268,0.902378,537.639,400.758
/home/it-admin/.hermes/profiles/juggling-tracker/workspace/juggling-yolo/videos/youtube_juggling_for_data_analysis_eh1I3SlZn48_075_090.mp4,315,5.255250,0,0.869678,67.024,631.526,392.833,0.992023,631.664,392.833,564.538,390.599,0.987603,564.261,390.599,644.711,439.141,0.969595,644.711,439.499,546.996,417.855,0.920223,549.030,421.971,631.810,457.920,0.965228,631.810,457.920,536.820,390.875,0.906024,537.639,400.758
/home/it-admin/.hermes/profiles/juggling-tracker/workspace/juggling-yolo/videos/youtube_juggling_for_data_analysis_eh1I3SlZn48_075_090.mp4,316,5.271933,0,0.877840,67.616,631.664,392.820,0.992513,631.526,392.833,564.077,390.818,0.988636,564.077,390.818,644.300,439.631,0.971326,644.525,439.479,549.030,421.971,0.933558,549.030,421.971,630.184,455.206,0.967895,630.184,455.206,537.020,400.869,0.928518,537.639,400.869
/home/it-admin/.hermes/profiles/juggling-tracker/workspace/juggling-yolo/videos/youtube_juggling_for_data_analysis_eh1I3SlZn48_075_090.mp4,317,5.288617,0,0.880953,67.186,631.435,392.941,0.992477,631.526,392.820,564.261,391.694,0.989162,564.077,391.694,644.525,440.354,0.973545,644.300,439.141,550.302,427.657,0.942599,550.302,427.657,628.123,452.337,0.970147,628.123,452.337,538.175,412.517,0.936298,538.175,412.517
/home/it-admin/.hermes/profiles/juggling-tracker/workspace/juggling-yolo/videos/youtube_juggling_for_data_analysis_eh1I3SlZn48_075_090.mp4,318,5.305300,0,0.874246,67.469,631.491,392.426,0.991973,631.491,392.820,564.022,392.315,0.988943,564.022,392.166,643.457,438.065,0.968535,643.685,439.631,551.877,430.733,0.930986,550.302,430.733,626.333,448.234,0.963489,626.333,448.234,538.684,420.429,0.917288,538.684,420.429
/home/it-admin/.hermes/profiles/juggling-tracker/workspace/juggling-yolo/videos/youtube_juggling_for_data_analysis_eh1I3SlZn48_075_090.mp4,319,5.321983,0,0.871050,67.632,631.590,392.400,0.991540,631.491,392.486,563.959,392.166,0.990722,563.959,392.296,643.685,438.299,0.961090,643.457,439.747,550.495,431.968,0.948113,550.495,431.968,617.568,438.376,0.948631,626.333,438.376,538.980,426.565,0.931810,538.980,426.565
/home/it-admin/.hermes/profiles/juggling-tracker/workspace/juggling-yolo/videos/youtube_juggling_for_data_analysis_eh1I3SlZn48_075_090.mp4,320,5.338667,0,0.868755,67.674,631.334,393.027,0.988685,631.590,392.426,563.660,392.984,0.988345,563.959,392.296,642.369,439.747,0.946191,643.008,439.747,550.209,437.851,0.935258,551.338,436.655,622.698,432.375,0.930115,626.333,432.375,540.376,435.546,0.893835,540.376,435.546
/home/it-admin/.hermes/profiles/juggling-tracker/workspace/juggling-yolo/videos/youtube_juggling_for_data_analysis_eh1I3SlZn48_075_090.mp4,321,5.355350,0,0.869169,68.065,631.870,392.486,0.988530,631.590,392.400,563.805,392.296,0.987940,563.959,392.166,643.008,440.703,0.961868,643.008,439.747,552.135,438.797,0.945605,550.495,436.655,628.462,431.150,0.964673,623.096,431.150,541.364,439.477,0.924952,540.376,439.477
/home/it-admin/.hermes/profiles/juggling-tracker/workspace/juggling-yolo/videos/youtube_juggling_for_data_analysis_eh1I3SlZn48_075_090.mp4,322,5.372033,0,0.873627,67.148,631.656,391.101,0.989935,631.334,391.101,564.511,390.458,0.987558,563.955,390.558,641.962,441.580,0.969981,643.008,439.747,551.338,436.655,0.934873,550.209,436.655,626.614,426.261,0.967185,625.580,426.261,546.379,443.897,0.889370,541.364,443.897
/home/it-admin/.hermes/profiles/juggling-tracker/workspace/juggling-yolo/videos/youtube_juggling_for_data_analysis_eh1I3SlZn48_075_090.mp4,323,5.388717,0,0.563749,67.035,631.307,389.746,0.990486,631.307,389.746,564.276,390.542,0.990143,563.955,390.558,643.505,436.440,0.973478,643.098,436.440,548.005,436.176,0.970968,548.569,436.176,623.096,414.458,0.974585,626.614,414.458,539.369,447.429,0.968044,542.689,447.429
/home/it-admin/.hermes/profiles/juggling-tracker/workspace/juggling-yolo/videos/youtube_juggling_for_data_analysis_eh1I3SlZn48_075_090.mp4,323,5.388717,1,0.330595,68.023,632.184,389.561,0.992041,,,564.168,390.527,0.992776,,,643.972,436.820,0.975214,,,548.705,435.727,0.974120,,,622.971,412.897,0.975767,,,539.462,447.152,0.969291,,
/home/it-admin/.hermes/profiles/juggling-tracker/workspace/juggling-yolo/videos/youtube_juggling_for_data_analysis_eh1I3SlZn48_075_090.mp4,324,5.405400,0,0.801021,67.121,631.052,388.761,0.989966,631.052,389.746,563.955,390.558,0.990682,564.222,390.558,643.098,431.824,0.973868,643.505,431.824,547.341,436.001,0.973303,548.569,436.001,625.580,405.343,0.973086,626.614,405.343,542.689,453.266,0.965861,545.292,453.266
/home/it-admin/.hermes/profiles/juggling-tracker/workspace/juggling-yolo/videos/youtube_juggling_for_data_analysis_eh1I3SlZn48_075_090.mp4,325,5.422083,0,0.884509,64.784,628.261,388.640,0.987820,628.762,389.746,563.530,391.275,0.987248,564.177,391.275,644.491,428.995,0.975731,644.491,429.795,548.569,435.766,0.973409,548.569,436.001,629.842,396.477,0.973173,629.842,396.477,545.292,456.691,0.967511,545.292,456.691
/home/it-admin/.hermes/profiles/juggling-tracker/workspace/juggling-yolo/videos/youtube_juggling_for_data_analysis_eh1I3SlZn48_075_090.mp4,326,5.438767,0,0.890059,63.989,628.198,390.187,0.987937,628.762,390.081,564.222,391.461,0.989505,564.177,391.275,644.869,429.795,0.976783,644.491,428.995,549.833,435.844,0.978671,549.186,436.001,635.273,395.684,0.977207,635.273,395.684,548.226,459.896,0.974385,548.226,459.896
/home/it-admin/.hermes/profiles/juggling-tracker/workspace/juggling-yolo/videos/youtube_juggling_for_data_analysis_eh1I3SlZn48_075_090.mp4,327,5.455450,0,0.894636,64.600,628.762,390.670,0.987719,628.762,390.081,564.177,392.039,0.990346,564.222,391.275,646.257,428.569,0.971428,644.491,428.995,549.186,437.737,0.978737,549.833,437.737,636.464,395.078,0.971519,636.464,395.684,548.770,464.161,0.976045,548.770,464.161
/home/it-admin/.hermes/profiles/juggling-tracker/workspace/juggling-yolo/videos/youtube_juggling_for_data_analysis_eh1I3SlZn48_075_090.mp4,328,5.472133,0,0.893901,64.478,629.575,390.081,0.986628,629.575,390.081,565.102,390.904,0.990997,564.978,391.219,644.259,428.711,0.963116,644.869,428.711,550.776,438.057,0.976713,550.776,438.057,639.287,393.240,0.965793,639.287,395.078,552.599,465.535,0.972726,552.599,465.535
/home/it-admin/.hermes/profiles/juggling-tracker/workspace/juggling-yolo/videos/youtube_juggling_for_data_analysis_eh1I3SlZn48_075_090.mp4,329,5.488817,0,0.886478,65.531,630.473,388.909,0.983759,629.575,390.081,564.978,391.063,0.991364,565.102,391.219,643.762,432.200,0.939958,644.259,428.711,551.660,438.849,0.977012,551.660,438.406,643.952,398.247,0.946671,643.952,395.078,554.102,468.426,0.973620,554.102,467.620
/home/it-admin/.hermes/profiles/juggling-tracker/workspace/juggling-yolo/videos/youtube_juggling_for_data_analysis_eh1I3SlZn48_075_090.mp4,330,5.505500,0,0.867082,65.052,630.119,388.931,0.987822,630.119,390.081,565.107,391.219,0.994267,565.102,391.219,644.882,420.250,0.937852,644.259,428.711,552.930,438.406,0.980114,552.394,438.406,651.536,387.122,0.933781,648.778,398.247,555.895,468.205,0.971093,555.895,467.620
/home/it-admin/.hermes/profiles/juggling-tracker/workspace/juggling-yolo/videos/youtube_juggling_for_data_analysis_eh1I3SlZn48_075_090.mp4,331,5.522183,0,0.884957,64.078,629.325,390.852,0.984948,630.473,390.852,565.248,391.311,0.991766,565.068,391.311,642.506,431.069,0.943343,644.882,420.250,552.394,438.745,0.976995,552.930,438.406,648.778,400.112,0.946583,651.536,398.485,557.379,467.620,0.971396,557.379,467.620
/home/it-admin/.hermes/profiles/juggling-tracker/workspace/juggling-yolo/videos/youtube_juggling_for_data_analysis_eh1I3SlZn48_075_090.mp4,332,5.538867,0,0.853907,65.838,630.822,391.379,0.985931,630.566,391.367,564.986,391.952,0.994304,565.068,391.952,646.536,419.571,0.896094,644.882,420.250,553.267,437.322,0.979802,552.930,438.100,653.844,398.485,0.875230,653.060,400.112,557.429,461.299,0.970691,557.429,461.299
/home/it-admin/.hermes/profiles/juggling-tracker/workspace/juggling-yolo/videos/youtube_juggling_for_data_analysis_eh1I3SlZn48_075_090.mp4,333,5.555550,0,0.860700,66.152,631.216,391.367,0.986159,630.822,391.379,565.068,392.101,0.994196,564.986,391.999,650.482,416.881,0.898882,646.536,424.004,553.148,437.384,0.977797,552.394,438.100,655.912,402.621,0.875073,653.844,402.621,559.328,460.698,0.965772,559.328,460.698
/home/it-admin/.hermes/profiles/juggling-tracker/workspace/juggling-yolo/videos/youtube_juggling_for_data_analysis_eh1I3SlZn48_075_090.mp4,334,5.572233,0,0.866216,65.589,630.566,391.440,0.982731,631.216,391.440,564.979,391.999,0.991577,564.979,392.101,644.577,424.004,0.892984,647.192,424.004,552.122,438.100,0.969054,552.122,438.100,653.060,414.739,0.862308,653.844,414.739,560.547,454.616,0.945851,560.547,454.616
/home/it-admin/.hermes/profiles/juggling-tracker/workspace/juggling-yolo/videos/youtube_juggling_for_data_analysis_eh1I3SlZn48_075_090.mp4,335,5.588917,0,0.869166,66.763,631.626,392.312,0.984767,631.505,392.312,564.863,392.470,0.991961,564.958,392.176,647.192,429.804,0.914486,647.717,429.804,550.377,440.935,0.973663,550.377,440.785,654.053,425.255,0.883287,653.060,425.255,564.725,449.804,0.948947,560.547,449.804
/home/it-admin/.hermes/profiles/juggling-tracker/workspace/juggling-yolo/videos/youtube_juggling_for_data_analysis_eh1I3SlZn48_075_090.mp4,336,5.605600,0,0.863715,67.247,632.204,392.996,0.985159,631.626,392.457,564.958,393.140,0.990802,564.863,392.176,647.717,433.619,0.913188,647.717,433.619,550.205,440.785,0.961682,550.205,440.935,651.916,432.091,0.872195,651.916,432.091,565.942,441.861,0.913852,560.547,441.861
/home/it-admin/.hermes/profiles/juggling-tracker/workspace/juggling-yolo/videos/youtube_juggling_for_data_analysis_eh1I3SlZn48_075_090.mp4,337,5.622283,0,0.871641,66.934,631.505,392.722,0.988617,631.626,392.457,564.572,392.176,0.990728,564.572,392.176,649.848,435.907,0.940740,648.852,435.907,548.483,440.957,0.973157,549.639,440.935,650.970,434.854,0.907095,650.970,434.854,558.812,439.193,0.956591,559.083,439.193
/home/it-admin/.hermes/profiles/juggling-tracker/workspace/juggling-yolo/videos/youtube_juggling_for_data_analysis_eh1I3SlZn48_075_090.mp4,338,5.638967,0,0.879009,67.852,631.729,392.457,0.991027,631.554,392.457,563.886,391.347,0.990663,564.572,391.347,652.590,440.503,0.961721,648.852,438.688,546.692,441.805,0.976850,549.639,440.785,638.926,445.727,0.941702,638.926,445.727,557.926,430.337,0.967527,558.812,430.337
/home/it-admin/.hermes/profiles/juggling-tracker/workspace/juggling-yolo/videos/youtube_juggling_for_data_analysis_eh1I3SlZn48_075_090.mp4,339,5.655650,0,0.877986,67.592,631.396,391.867,0.990308,631.505,391.867,563.808,391.164,0.989251,564.572,391.164,648.852,440.792,0.948282,649.186,438.688,549.639,439.253,0.964018,549.639,439.253,637.976,450.126,0.913612,637.976,450.126,559.083,423.976,0.944911,557.926,423.976
/home/it-admin/.hermes/profiles/juggling-tracker/workspace/juggling-yolo/videos/youtube_juggling_for_data_analysis_eh1I3SlZn48_075_090.mp4,340,5.672333,0,0.884027,64.390,631.554,390.454,0.990103,631.396,390.532,567.168,389.790,0.985770,565.866,389.790,648.069,438.688,0.963665,648.852,438.688,550.953,436.150,0.959330,549.639,436.150,636.992,456.363,0.955125,637.976,456.363,555.745,412.704,0.953876,555.745,412.704
/home/it-admin/.hermes/profiles/juggling-tracker/workspace/juggling-yolo/videos/youtube_juggling_for_data_analysis_eh1I3SlZn48_075_090.mp4,341,5.689017,0,0.832619,64.797,630.712,389.438,0.991028,631.165,390.454,565.983,386.468,0.983438,565.866,388.952,649.186,436.817,0.968696,648.589,438.688,550.193,429.608,0.947589,549.639,433.176,636.420,456.613,0.965432,636.992,456.613,553.096,404.381,0.948946,553.096,406.371
/home/it-admin/.hermes/profiles/juggling-tracker/workspace/juggling-yolo/videos/youtube_juggling_for_data_analysis_eh1I3SlZn48_075_090.mp4,342,5.705700,0,0.876562,65.318,631.165,390.532,0.991030,631.165,390.454,565.866,388.952,0.981195,565.866,388.769,647.715,437.706,0.969055,648.069,438.688,549.234,431.499,0.931046,549.234,431.499,640.523,457.180,0.972435,636.420,457.180,549.654,406.371,0.945961,549.654,406.027
/home/it-admin/.hermes/profiles/juggling-tracker/workspace/juggling-yolo/videos/youtube_juggling_for_data_analysis_eh1I3SlZn48_075_090.mp4,343,5.722383,0,0.857093,66.900,630.858,390.393,0.993062,631.164,390.532,563.978,388.769,0.986360,563.978,388.168,648.589,439.058,0.974868,647.715,438.279,548.439,433.176,0.941021,548.439,429.608,630.733,457.643,0.966801,630.733,457.643,547.796,406.027,0.950816,547.796,404.381
/home/it-admin/.hermes/profiles/juggling-tracker/workspace/juggling-yolo/videos/youtube_juggling_for_data_analysis_eh1I3SlZn48_075_090.mp4,344,5.739067,0,0.878511,68.197,631.785,391.185,0.993384,631.165,391.185,563.667,387.900,0.984987,563.978,388.168,647.087,439.088,0.972276,647.087,439.058,546.067,419.122,0.907798,546.067,419.122,630.230,460.085,0.966504,630.701,457.643,546.798,400.608,0.921128,546.798,400.608
/home/it-admin/.hermes/profiles/juggling-tracker/workspace/juggling-yolo/videos/youtube_juggling_for_data_analysis_eh1I3SlZn48_075_090.mp4,345,5.755750,0,0.873096,67.268,631.164,391.263,0.993773,631.164,391.253,563.967,388.168,0.985981,563.978,388.168,645.583,438.279,0.974386,646.459,439.071,543.798,406.071,0.900163,546.067,419.122,630.539,458.275,0.968066,630.539,457.643,538.831,386.068,0.898344,538.831,399.559
/home/it-admin/.hermes/profiles/juggling-tracker/workspace/juggling-yolo/videos/youtube_juggling_for_data_analysis_eh1I3SlZn48_075_090.mp4,346,5.772433,0,0.877654,67.336,631.280,391.253,0.993987,631.280,391.263,564.017,388.122,0.990643,564.017,388.168,646.459,439.071,0.973395,645.583,439.088,541.043,400.896,0.934828,546.067,419.122,630.701,454.204,0.963282,630.230,454.204,534.530,381.611,0.911150,538.007,399.559
/home/it-admin/.hermes/profiles/juggling-tracker/workspace/juggling-yolo/videos/youtube_juggling_for_data_analysis_eh1I3SlZn48_075_090.mp4,347,5.789117,0,0.874823,66.523,631.064,391.456,0.992814,631.280,391.456,564.542,391.103,0.988845,564.492,391.103,645.310,440.379,0.962714,645.566,439.216,551.066,420.303,0.929535,548.718,420.303,625.396,448.697,0.948374,626.169,448.697,538.007,399.559,0.924423,537.398,399.559
/home/it-admin/.hermes/profiles/juggling-tracker/workspace/juggling-yolo/videos/youtube_juggling_for_data_analysis_eh1I3SlZn48_075_090.mp4,348,5.805800,0,0.875400,67.058,631.550,391.784,0.991659,631.347,391.784,564.492,391.944,0.990486,564.492,391.944,644.500,439.216,0.957542,645.566,440.379,548.718,424.887,0.943398,548.718,424.887,623.757,441.088,0.947178,626.169,441.088,537.398,409.787,0.932265,535.028,409.787
/home/it-admin/.hermes/profiles/juggling-tracker/workspace/juggling-yolo/videos/youtube_juggling_for_data_analysis_eh1I3SlZn48_075_090.mp4,349,5.822483,0,0.865717,66.780,631.347,391.978,0.991731,631.550,391.784,564.569,392.554,0.991006,564.492,392.474,645.566,440.432,0.958660,645.566,440.432,549.228,428.289,0.936161,549.228,428.289,626.169,434.930,0.946055,626.169,434.930,533.493,415.346,0.903108,537.398,415.346
/home/it-admin/.hermes/profiles/juggling-tracker/workspace/juggling-yolo/videos/youtube_juggling_for_data_analysis_eh1I3SlZn48_075_090.mp4,350,5.839167,0,0.873564,67.713,632.129,391.951,0.991452,631.867,391.784,564.419,392.639,0.991871,564.492,392.474,647.676,441.852,0.966531,646.668,440.890,548.133,432.157,0.944625,549.228,432.157,629.719,432.391,0.967606,626.777,432.391,535.028,424.943,0.912844,537.398,424.943
/home/it-admin/.hermes/profiles/juggling-tracker/workspace/juggling-yolo/videos/youtube_juggling_for_data_analysis_eh1I3SlZn48_075_090.mp4,351,5.855850,0,0.870648,68.563,632.763,390.852,0.992003,631.867,390.852,564.219,392.474,0.992270,564.569,392.474,648.820,440.890,0.969429,646.668,441.736,551.321,439.605,0.948428,551.321,437.624,628.930,424.538,0.967423,628.930,424.538,540.841,434.563,0.913188,540.841,434.563
/home/it-admin/.hermes/profiles/juggling-tracker/workspace/juggling-yolo/videos/youtube_juggling_for_data_analysis_eh1I3SlZn48_075_090.mp4,352,5.872533,0,0.878307,66.955,631.867,389.586,0.991336,631.867,389.586,564.931,391.147,0.988632,564.855,391.147,646.668,441.736,0.972768,646.668,441.775,552.157,439.703,0.934046,551.321,437.624,626.777,418.757,0.963546,629.719,418.757,553.114,439.967,0.867548,546.811,439.639
/home/it-admin/.hermes/profiles/juggling-tracker/workspace/juggling-yolo/videos/youtube_juggling_for_data_analysis_eh1I3SlZn48_075_090.mp4,353,5.889217,0,0.879266,66.819,631.836,389.448,0.990984,631.836,389.586,565.022,390.299,0.987325,564.931,391.147,646.290,442.334,0.973685,646.668,441.736,551.891,437.624,0.924985,551.321,438.873,629.919,409.732,0.964507,629.919,409.732,559.470,439.639,0.844903,553.114,439.967
/home/it-admin/.hermes/profiles/juggling-tracker/workspace/juggling-yolo/videos/youtube_juggling_for_data_analysis_eh1I3SlZn48_075_090.mp4,354,5.905900,0,0.631558,65.723,630.558,388.660,0.989936,630.558,389.586,564.855,390.285,0.989268,565.022,391.147,644.952,441.775,0.975121,646.290,441.736,549.649,437.345,0.964276,550.708,438.296,635.917,406.729,0.973475,635.917,406.729,546.811,445.043,0.943989,553.462,445.043
/home/it-admin/.hermes/profiles/juggling-tracker/workspace/juggling-yolo/videos/youtube_juggling_for_data_analysis_eh1I3SlZn48_075_090.mp4,354,5.905900,1,0.262275,66.702,631.389,388.402,0.991391,,,564.711,390.201,0.992505,,,645.076,442.346,0.975887,,,550.461,437.281,0.969688,,,635.923,405.122,0.975101,,,546.821,445.141,0.947641,,
/home/it-admin/.hermes/profiles/juggling-tracker/workspace/juggling-yolo/videos/youtube_juggling_for_data_analysis_eh1I3SlZn48_075_090.mp4,355,5.922583,0,0.869531,64.325,629.548,390.808,0.987092,630.558,390.808,565.231,391.837,0.988144,565.231,391.393,647.788,439.126,0.970847,645.399,440.068,548.696,438.873,0.958766,550.706,437.624,640.414,405.110,0.968203,640.414,406.027,553.462,451.021,0.916473,553.462,451.021
/home/it-admin/.hermes/profiles/juggling-tracker/workspace/juggling-yolo/videos/youtube_juggling_for_data_analysis_eh1I3SlZn48_075_090.mp4,356,5.939267,0,0.875503,64.669,629.918,391.433,0.984705,630.558,390.893,565.250,391.845,0.987431,565.231,391.460,644.881,440.068,0.958889,644.952,440.068,550.708,438.296,0.954155,550.706,437.916,644.563,406.019,0.958482,644.563,406.027,553.867,455.428,0.917278,552.264,455.428
/home/it-admin/.hermes/profiles/juggling-tracker/workspace/juggling-yolo/videos/youtube_juggling_for_data_analysis_eh1I3SlZn48_075_090.mp4,357,5.955950,0,0.881675,66.982,632.672,390.893,0.982711,631.990,391.281,565.691,391.393,0.990779,565.231,391.460,645.399,436.441,0.927406,644.881,440.068,550.706,436.352,0.973773,550.706,438.131,650.386,406.027,0.934127,650.386,406.027,550.737,461.280,0.966868,552.264,460.440
/home/it-admin/.hermes/profiles/juggling-tracker/workspace/juggling-yolo/videos/youtube_juggling_for_data_analysis_eh1I3SlZn48_075_090.mp4,358,5.972633,0,0.643846,66.841,631.990,391.399,0.988543,631.990,391.399,565.149,391.460,0.993957,565.250,391.460,640.969,440.102,0.946449,644.508,440.102,550.887,437.916,0.978326,550.706,438.131,653.185,406.477,0.949523,653.185,406.477,552.264,460.980,0.967960,552.264,460.974
/home/it-admin/.hermes/profiles/juggling-tracker/workspace/juggling-yolo/videos/youtube_juggling_for_data_analysis_eh1I3SlZn48_075_090.mp4,358,5.972633,1,0.255840,66.096,631.271,391.698,0.986902,631.940,391.365,565.175,391.772,0.991401,565.329,391.513,641.248,440.145,0.946586,642.813,440.771,550.413,438.509,0.974268,550.685,438.404,652.616,407.985,0.946043,653.085,412.475,552.338,461.174,0.966575,553.626,460.982
/home/it-admin/.hermes/profiles/juggling-tracker/workspace/juggling-yolo/videos/youtube_juggling_for_data_analysis_eh1I3SlZn48_075_090.mp4,359,5.989317,0,0.872806,67.549,632.290,391.281,0.990069,631.990,391.371,564.741,391.359,0.993956,565.567,391.460,642.265,440.585,0.961933,644.508,440.102,550.190,438.131,0.981313,550.706,438.131,653.221,408.486,0.965544,653.221,408.486,552.184,460.440,0.974708,552.264,460.980
/home/it-admin/.hermes/profiles/juggling-tracker/workspace/juggling-yolo/videos/youtube_juggling_for_data_analysis_eh1I3SlZn48_075_090.mp4,360,6.006000,0,0.594456,66.392,631.959,391.434,0.989273,631.959,391.371,565.567,391.662,0.991856,565.567,391.662,644.508,441.640,0.964900,644.508,440.102,550.538,438.913,0.979587,550.887,438.131,653.403,418.367,0.964746,653.403,416.109,554.992,460.974,0.973394,554.992,460.974
/home/it-admin/.hermes/profiles/juggling-tracker/workspace/juggling-yolo/videos/youtube_juggling_for_data_analysis_eh1I3SlZn48_075_090.mp4,360,6.006000,1,0.288978,67.127,632.610,391.031,0.990662,631.940,391.365,565.483,391.254,0.994128,565.329,391.513,644.379,441.397,0.965454,642.813,440.771,550.957,438.299,0.982406,550.685,438.404,653.555,416.964,0.966182,653.085,412.475,554.914,460.790,0.974198,553.626,460.982
/home/it-admin/.hermes/profiles/juggling-tracker/workspace/juggling-yolo/videos/youtube_juggling_for_data_analysis_eh1I3SlZn48_075_090.mp4,361,6.022683,0,0.777009,65.849,631.499,391.371,0.987626,631.959,391.371,565.655,392.188,0.991746,565.655,392.188,646.571,432.822,0.946622,646.571,432.822,551.756,438.525,0.977263,551.756,438.131,656.440,416.109,0.941603,653.403,418.367,556.512,461.066,0.971543,556.512,460.440
/home/it-admin/.hermes/profiles/juggling-tracker/workspace/juggling-yolo/videos/youtube_juggling_for_data_analysis_eh1I3SlZn48_075_090.mp4,362,6.039367,0,0.874005,65.772,631.497,390.935,0.987020,631.959,391.434,565.741,392.374,0.991514,565.655,392.374,648.956,423.798,0.947364,648.392,432.822,552.245,437.467,0.972770,551.756,438.255,653.547,420.734,0.946950,653.403,420.734,557.507,455.562,0.961983,557.507,455.562
/home/it-admin/.hermes/profiles/juggling-tracker/workspace/juggling-yolo/videos/youtube_juggling_for_data_analysis_eh1I3SlZn48_075_090.mp4,363,6.056050,0,0.874089,66.284,632.122,391.488,0.987698,632.122,391.488,565.846,392.515,0.991759,565.741,392.515,651.780,426.353,0.950149,648.956,432.822,551.897,437.995,0.975639,551.756,438.255,652.138,429.216,0.946117,652.138,429.216,559.473,450.115,0.963240,557.659,450.115
/home/it-admin/.hermes/profiles/juggling-tracker/workspace/juggling-yolo/videos/youtube_juggling_for_data_analysis_eh1I3SlZn48_075_090.mp4,364,6.072733,0,0.876534,67.405,632.822,392.251,0.987849,632.332,392.251,565.418,392.674,0.990373,565.741,392.674,648.392,434.341,0.947143,650.547,434.341,550.408,438.255,0.966434,550.572,438.255,650.235,437.986,0.936767,650.235,437.986,557.659,446.324,0.946266,559.473,446.826
/home/it-admin/.hermes/profiles/juggling-tracker/workspace/juggling-yolo/videos/youtube_juggling_for_data_analysis_eh1I3SlZn48_075_090.mp4,365,6.089417,0,0.881946,66.564,632.332,392.495,0.990701,632.508,392.495,565.770,392.993,0.991054,565.418,392.674,650.589,438.098,0.959341,650.547,438.098,550.572,440.326,0.956611,550.408,440.326,638.048,441.861,0.925855,638.048,441.861,566.339,446.826,0.886299,561.415,446.324
/home/it-admin/.hermes/profiles/juggling-tracker/workspace/juggling-yolo/videos/youtube_juggling_for_data_analysis_eh1I3SlZn48_075_090.mp4,366,6.106100,0,0.885897,67.432,632.508,392.794,0.990764,632.508,392.495,565.076,392.876,0.991363,565.076,392.674,650.547,438.745,0.959793,649.052,438.745,548.797,442.491,0.973933,549.548,441.993,635.369,445.438,0.932683,636.946,445.438,561.651,438.307,0.951487,561.415,438.307
/home/it-admin/.hermes/profiles/juggling-tracker/workspace/juggling-yolo/videos/youtube_juggling_for_data_analysis_eh1I3SlZn48_075_090.mp4,367,6.122783,0,0.882261,67.923,632.610,392.777,0.990709,632.332,392.495,564.690,392.160,0.990280,565.076,392.160,649.052,441.991,0.959302,649.052,438.745,549.520,441.993,0.963345,549.548,441.993,636.946,454.542,0.935657,636.775,454.542,561.415,433.588,0.929648,561.415,433.588
/home/it-admin/.hermes/profiles/juggling-tracker/workspace/juggling-yolo/videos/youtube_juggling_for_data_analysis_eh1I3SlZn48_075_090.mp4,368,6.139467,0,0.887073,67.455,632.063,392.076,0.991077,632.076,392.076,564.608,391.971,0.990460,565.076,391.971,647.893,439.194,0.972225,648.131,439.194,549.548,442.715,0.970835,549.548,442.491,636.559,462.068,0.966882,636.559,462.068,560.375,425.779,0.953124,560.375,425.779
/home/it-admin/.hermes/profiles/juggling-tracker/workspace/juggling-yolo/videos/youtube_juggling_for_data_analysis_eh1I3SlZn48_075_090.mp4,369,6.156150,0,0.888015,65.329,631.977,391.369,0.990804,632.076,391.932,566.648,391.390,0.989259,566.389,391.749,647.562,438.099,0.977209,647.893,439.465,551.104,441.747,0.973995,551.104,441.993,636.775,463.973,0.978886,636.559,463.973,557.132,414.437,0.968537,557.132,417.517
/home/it-admin/.hermes/profiles/juggling-tracker/workspace/juggling-yolo/videos/youtube_juggling_for_data_analysis_eh1I3SlZn48_075_090.mp4,370,6.172833,0,0.886931,65.687,632.076,391.787,0.991065,632.076,391.787,566.389,391.749,0.987887,566.389,391.390,648.131,439.465,0.977926,647.562,439.465,552.897,444.040,0.970326,552.897,441.747,633.902,465.098,0.979234,634.409,463.973,554.758,417.517,0.968154,554.758,414.913
/home/it-admin/.hermes/profiles/juggling-tracker/workspace/juggling-yolo/videos/youtube_juggling_for_data_analysis_eh1I3SlZn48_075_090.mp4,371,6.189517,0,0.880169,66.266,632.789,391.932,0.991899,632.361,391.755,566.530,391.032,0.981090,566.530,391.032,646.834,440.258,0.971728,646.834,439.465,553.545,432.417,0.901639,553.377,433.081,634.409,464.266,0.971374,633.902,463.973,552.677,412.752,0.898924,552.677,414.437
/home/it-admin/.hermes/profiles/juggling-tracker/workspace/juggling-yolo/videos/youtube_juggling_for_data_analysis_eh1I3SlZn48_075_090.mp4,372,6.206200,0,0.873261,67.068,632.361,391.755,0.991551,632.486,391.755,565.305,390.459,0.977909,566.389,390.586,646.803,439.817,0.974455,646.803,439.465,553.377,433.081,0.891319,553.377,432.417,632.967,463.687,0.977259,632.967,463.687,550.737,414.913,0.901910,550.737,412.752
/home/it-admin/.hermes/profiles/juggling-tracker/workspace/juggling-yolo/videos/youtube_juggling_for_data_analysis_eh1I3SlZn48_075_090.mp4,373,6.222883,0,0.877857,65.184,632.486,391.563,0.992800,632.776,391.693,567.326,389.782,0.989346,566.238,390.586,645.458,439.396,0.975679,646.628,439.396,554.313,426.051,0.943694,553.377,432.169,632.715,462.816,0.972569,632.715,462.816,547.422,399.573,0.936728,547.422,412.752
/home/it-admin/.hermes/profiles/juggling-tracker/workspace/juggling-yolo/videos/youtube_juggling_for_data_analysis_eh1I3SlZn48_075_090.mp4,374,6.239567,0,0.877460,66.542,632.776,391.329,0.993119,632.776,391.693,566.238,390.586,0.986928,565.789,390.586,646.628,439.311,0.973594,646.459,439.396,552.989,427.903,0.914745,552.989,432.169,630.795,458.099,0.971023,631.634,458.099,546.432,412.649,0.918868,546.432,414.913
/home/it-admin/.hermes/profiles/juggling-tracker/workspace/juggling-yolo/videos/youtube_juggling_for_data_analysis_eh1I3SlZn48_075_090.mp4,375,6.256250,0,0.867430,67.518,633.305,391.693,0.993159,633.305,391.693,565.789,392.244,0.988229,565.789,392.244,646.173,439.239,0.971575,646.173,439.396,552.133,432.169,0.896278,552.133,432.169,631.634,453.283,0.965950,630.795,453.283,545.685,419.362,0.865201,545.685,419.362
/home/it-admin/.hermes/profiles/juggling-tracker/workspace/juggling-yolo/videos/youtube_juggling_for_data_analysis_eh1I3SlZn48_075_090.mp4,376,6.272933,0,0.864902,68.283,633.527,392.240,0.992464,633.305,392.240,565.247,392.974,0.990697,565.247,392.974,646.459,440.643,0.961732,646.173,440.643,552.021,433.344,0.926877,552.133,433.344,623.407,448.368,0.949386,628.550,448.368,544.785,424.432,0.896348,544.807,424.432
/home/it-admin/.hermes/profiles/juggling-tracker/workspace/juggling-yolo/videos/youtube_juggling_for_data_analysis_eh1I3SlZn48_075_090.mp4,377,6.289617,0,0.870272,68.769,633.693,392.956,0.991602,633.527,392.346,564.926,393.401,0.992403,565.247,392.974,644.540,443.942,0.952617,644.540,442.947,551.342,436.607,0.949128,552.133,436.607,628.035,440.524,0.932954,628.035,440.524,543.342,431.090,0.917664,544.807,431.090
/home/it-admin/.hermes/profiles/juggling-tracker/workspace/juggling-yolo/videos/youtube_juggling_for_data_analysis_eh1I3SlZn48_075_090.mp4,378,6.306300,0,0.833882,68.325,633.189,392.675,0.989488,633.527,392.346,564.870,393.548,0.987974,565.247,392.974,644.223,442.947,0.952938,644.223,442.947,552.626,439.760,0.936884,552.626,438.315,628.550,435.365,0.948373,627.970,435.365,544.807,437.437,0.915001,544.807,437.437
/home/it-admin/.hermes/profiles/juggling-tracker/workspace/juggling-yolo/videos/youtube_juggling_for_data_analysis_eh1I3SlZn48_075_090.mp4,379,6.322983,0,0.873193,68.088,633.611,392.346,0.989977,633.189,392.346,565.524,392.760,0.987459,565.524,392.760,643.422,445.563,0.959185,644.223,442.947,555.317,442.639,0.884646,552.626,439.409,627.592,427.990,0.947048,628.006,427.990,564.629,452.921,0.750942,548.852,447.039
/home/it-admin/.hermes/profiles/juggling-tracker/workspace/juggling-yolo/videos/youtube_juggling_for_data_analysis_eh1I3SlZn48_075_090.mp4,380,6.339667,0,0.870462,66.844,632.940,389.770,0.989920,632.940,389.770,566.111,391.171,0.988867,565.614,391.171,644.120,442.057,0.967594,644.223,442.093,553.623,438.315,0.937845,552.794,439.409,627.970,422.372,0.965065,628.006,422.372,549.762,447.039,0.889932,549.762,452.921
/home/it-admin/.hermes/profiles/juggling-tracker/workspace/juggling-yolo/videos/youtube_juggling_for_data_analysis_eh1I3SlZn48_075_090.mp4,381,6.356350,0,0.877511,66.666,632.687,389.277,0.989992,632.687,389.277,566.042,390.937,0.989691,565.614,390.937,644.849,442.093,0.970243,644.849,442.057,551.964,439.409,0.951455,552.814,438.315,628.006,414.706,0.966623,628.006,414.706,548.852,454.898,0.915945,550.608,454.898
/home/it-admin/.hermes/profiles/juggling-tracker/workspace/juggling-yolo/videos/youtube_juggling_for_data_analysis_eh1I3SlZn48_075_090.mp4,382,6.373033,0,0.886750,64.537,630.133,388.549,0.989703,630.133,389.089,565.614,390.049,0.990639,565.776,390.260,645.497,438.126,0.971671,644.964,438.126,552.794,437.061,0.971122,552.794,437.641,630.408,405.367,0.970177,630.408,405.367,550.608,459.310,0.961737,550.608,459.310
/home/it-admin/.hermes/profiles/juggling-tracker/workspace/juggling-yolo/videos/youtube_juggling_for_data_analysis_eh1I3SlZn48_075_090.mp4,383,6.389717,0,0.890043,64.027,629.221,388.011,0.988785,630.133,389.089,565.233,390.260,0.990522,565.776,390.260,644.964,434.739,0.971703,645.373,435.621,552.814,436.978,0.978088,552.794,437.641,636.239,399.730,0.971715,636.239,402.970,551.236,463.339,0.976060,551.236,463.339
/home/it-admin/.hermes/profiles/juggling-tracker/workspace/juggling-yolo/videos/youtube_juggling_for_data_analysis_eh1I3SlZn48_075_090.mp4,384,6.406400,0,0.890900,63.746,629.512,389.089,0.988181,630.133,389.089,565.776,390.243,0.990691,565.762,390.260,645.373,435.621,0.970891,645.497,434.739,552.372,437.641,0.977245,552.794,437.641,640.443,400.738,0.973095,640.443,400.738,551.875,467.045,0.974986,551.875,467.045
/home/it-admin/.hermes/profiles/juggling-tracker/workspace/juggling-yolo/videos/youtube_juggling_for_data_analysis_eh1I3SlZn48_075_090.mp4,385,6.423083,0,0.882957,64.752,630.659,390.975,0.984760,630.602,389.150,565.910,391.589,0.989351,565.776,391.244,647.103,434.589,0.960177,646.365,434.589,552.865,438.573,0.976065,552.778,438.573,644.877,402.970,0.964082,644.877,400.092,554.279,469.871,0.973592,554.279,469.871
/home/it-admin/.hermes/profiles/juggling-tracker/workspace/juggling-yolo/videos/youtube_juggling_for_data_analysis_eh1I3SlZn48_075_090.mp4,386,6.439767,0,0.874748,67.614,633.340,389.150,0.982129,630.659,390.000,565.762,391.347,0.990974,565.776,391.347,646.365,429.308,0.913374,646.365,434.363,552.778,439.245,0.975815,552.778,439.245,648.032,397.284,0.914243,648.032,400.092,555.666,471.146,0.973518,555.666,469.871
/home/it-admin/.hermes/profiles/juggling-tracker/workspace/juggling-yolo/videos/youtube_juggling_for_data_analysis_eh1I3SlZn48_075_090.mp4,387,6.456450,0,0.540708,64.743,630.602,390.000,0.987747,631.051,390.767,565.870,391.244,0.990971,565.762,391.497,646.600,434.363,0.966475,646.365,434.363,552.549,439.577,0.977894,552.863,439.556,649.468,400.092,0.971441,649.468,400.092,556.249,470.915,0.977237,556.249,469.871
/home/it-admin/.hermes/profiles/juggling-tracker/workspace/juggling-yolo/videos/youtube_juggling_for_data_analysis_eh1I3SlZn48_075_090.mp4,387,6.456450,1,0.284607,65.418,631.355,389.666,0.989316,,,565.949,390.895,0.993602,,,646.384,434.319,0.966112,,,553.146,438.990,0.981339,,,649.683,398.276,0.973049,,,556.131,470.805,0.977429,,
/home/it-admin/.hermes/profiles/juggling-tracker/workspace/juggling-yolo/videos/youtube_juggling_for_data_analysis_eh1I3SlZn48_075_090.mp4,388,6.473133,0,0.878548,65.437,631.189,390.767,0.988098,631.051,390.767,565.757,391.552,0.993818,565.757,391.347,642.674,432.076,0.949844,642.674,434.363,553.526,439.750,0.978942,552.863,439.556,653.512,398.067,0.957290,652.738,400.092,557.950,467.923,0.972355,557.276,467.923
/home/it-admin/.hermes/profiles/juggling-tracker/workspace/juggling-yolo/videos/youtube_juggling_for_data_analysis_eh1I3SlZn48_075_090.mp4,389,6.489817,0,0.878032,65.666,631.051,390.990,0.990142,630.949,390.990,565.387,391.497,0.994264,565.711,391.497,641.286,436.498,0.963913,641.286,434.978,552.863,439.556,0.981872,552.863,439.577,652.738,405.159,0.967981,653.512,405.159,557.276,464.457,0.975853,557.950,464.457
/home/it-admin/.hermes/profiles/juggling-tracker/workspace/juggling-yolo/videos/youtube_juggling_for_data_analysis_eh1I3SlZn48_075_090.mp4,390,6.506500,0,0.871835,64.621,630.332,391.424,0.989029,630.949,391.424,565.711,391.207,0.994437,565.387,391.552,638.832,434.978,0.951395,640.370,434.998,552.865,438.636,0.980882,552.863,439.750,653.929,409.293,0.951903,653.890,409.293,560.474,461.946,0.971339,560.474,461.946
/home/it-admin/.hermes/profiles/juggling-tracker/workspace/juggling-yolo/videos/youtube_juggling_for_data_analysis_eh1I3SlZn48_075_090.mp4,391,6.523183,0,0.869655,65.587,630.949,391.576,0.988621,630.949,391.576,565.362,391.678,0.994157,565.362,391.678,640.370,434.998,0.951060,640.370,436.498,551.487,441.254,0.978057,551.487,441.254,656.195,412.477,0.949372,653.890,412.477,562.088,455.072,0.961355,562.088,455.072
/home/it-admin/.hermes/profiles/juggling-tracker/workspace/juggling-yolo/videos/youtube_juggling_for_data_analysis_eh1I3SlZn48_075_090.mp4,392,6.539867,0,0.595121,65.746,630.890,392.294,0.985075,630.949,392.294,565.144,392.230,0.991488,565.144,392.230,639.725,438.377,0.933808,640.370,436.909,549.330,442.902,0.972448,549.330,441.497,653.890,420.959,0.927138,653.890,420.959,564.168,448.696,0.953380,562.088,448.696
/home/it-admin/.hermes/profiles/juggling-tracker/workspace/juggling-yolo/videos/youtube_juggling_for_data_analysis_eh1I3SlZn48_075_090.mp4,392,6.539867,1,0.253671,66.478,631.571,392.042,0.987319,,,565.093,391.889,0.994098,,,639.656,438.227,0.935580,,,549.628,442.315,0.976247,,,654.436,419.862,0.931152,,,564.062,448.495,0.956467,,
/home/it-admin/.hermes/profiles/juggling-tracker/workspace/juggling-yolo/videos/youtube_juggling_for_data_analysis_eh1I3SlZn48_075_090.mp4,393,6.556550,0,0.868338,67.207,632.045,392.953,0.985902,632.045,392.294,564.839,392.541,0.990844,564.839,392.230,640.744,439.705,0.926368,640.744,436.909,549.235,441.497,0.967572,549.235,442.298,651.006,428.185,0.918168,651.576,428.185,562.706,440.447,0.949380,562.088,440.447
/home/it-admin/.hermes/profiles/juggling-tracker/workspace/juggling-yolo/videos/youtube_juggling_for_data_analysis_eh1I3SlZn48_075_090.mp4,394,6.573233,0,0.658209,68.431,632.968,392.351,0.989557,632.590,392.294,564.537,392.322,0.993959,564.544,392.230,645.531,436.909,0.936321,645.531,438.377,547.327,442.298,0.976494,547.327,442.298,651.576,432.985,0.919710,651.006,432.985,559.164,436.951,0.964712,559.164,436.951
/home/it-admin/.hermes/profiles/juggling-tracker/workspace/juggling-yolo/videos/youtube_juggling_for_data_analysis_eh1I3SlZn48_075_090.mp4,395,6.589917,0,0.864116,68.334,632.590,392.137,0.989921,632.798,392.137,564.256,391.906,0.994025,564.544,391.906,647.731,436.864,0.920671,646.132,439.705,546.275,443.394,0.979136,546.275,441.757,648.730,435.801,0.864582,648.730,435.801,558.157,429.696,0.968970,558.157,429.696
/home/it-admin/.hermes/profiles/juggling-tracker/workspace/juggling-yolo/videos/youtube_juggling_for_data_analysis_eh1I3SlZn48_075_090.mp4,396,6.606600,0,0.873312,68.258,632.798,391.661,0.990895,632.960,391.829,564.544,390.856,0.993582,564.544,391.665,647.183,441.296,0.944620,646.132,441.296,545.541,441.757,0.978336,546.275,441.757,643.832,447.548,0.906698,643.832,447.548,556.461,423.868,0.968113,556.461,423.868
/home/it-admin/.hermes/profiles/juggling-tracker/workspace/juggling-yolo/videos/youtube_juggling_for_data_analysis_eh1I3SlZn48_075_090.mp4,397,6.623283,0,0.872064,67.418,632.960,391.505,0.990871,632.798,391.829,565.551,390.435,0.992263,564.544,391.265,646.132,442.813,0.932315,646.132,441.296,545.591,440.486,0.970700,546.275,440.486,634.946,453.136,0.867250,641.536,453.136,553.936,416.279,0.959416,553.936,416.279
/home/it-admin/.hermes/profiles/juggling-tracker/workspace/juggling-yolo/videos/youtube_juggling_for_data_analysis_eh1I3SlZn48_075_090.mp4,398,6.639967,0,0.540631,66.993,633.068,391.829,0.990843,632.960,391.829,566.075,391.665,0.991383,564.544,390.912,645.190,441.396,0.948799,646.041,441.296,548.997,439.928,0.964970,548.358,439.928,638.808,458.509,0.923237,638.973,458.509,552.820,416.119,0.958835,552.820,416.119
/home/it-admin/.hermes/profiles/juggling-tracker/workspace/juggling-yolo/videos/youtube_juggling_for_data_analysis_eh1I3SlZn48_075_090.mp4,398,6.639967,1,0.301428,66.880,632.719,392.241,0.988479,,,565.839,391.929,0.988078,,,644.658,441.261,0.942239,,,548.624,440.178,0.961970,,,638.043,457.989,0.929169,,,552.691,416.619,0.955039,,
/home/it-admin/.hermes/profiles/juggling-tracker/workspace/juggling-yolo/videos/youtube_juggling_for_data_analysis_eh1I3SlZn48_075_090.mp4,399,6.656650,0,0.864538,68.567,632.724,392.108,0.992654,632.960,392.108,564.163,391.265,0.984262,564.593,390.912,645.880,438.294,0.972266,645.880,439.510,549.596,427.934,0.889618,548.997,427.934,641.536,460.223,0.969715,638.808,460.223,548.576,406.991,0.891348,548.576,407.828
/home/it-admin/.hermes/profiles/juggling-tracker/workspace/juggling-yolo/videos/youtube_juggling_for_data_analysis_eh1I3SlZn48_075_090.mp4,400,6.673333,0,0.871433,68.826,633.220,392.424,0.993036,632.724,392.108,564.410,390.912,0.985238,564.538,390.912,646.041,439.510,0.972117,645.190,438.848,548.358,427.026,0.874218,549.596,427.026,638.973,463.841,0.968590,638.808,460.223,546.985,407.828,0.858665,546.985,406.991
/home/it-admin/.hermes/profiles/juggling-tracker/workspace/juggling-yolo/videos/youtube_juggling_for_data_analysis_eh1I3SlZn48_075_090.mp4,401,6.690017,0,0.875045,68.016,632.560,392.270,0.992885,632.724,392.270,564.593,389.684,0.988751,564.410,390.912,644.514,438.848,0.973783,644.514,438.799,549.718,415.809,0.932849,549.718,425.523,637.132,461.563,0.973845,637.132,460.223,540.364,395.465,0.932017,540.862,406.991
/home/it-admin/.hermes/profiles/juggling-tracker/workspace/juggling-yolo/videos/youtube_juggling_for_data_analysis_eh1I3SlZn48_075_090.mp4,402,6.706700,0,0.880123,67.823,632.344,391.955,0.993133,632.734,392.424,564.538,390.436,0.988162,564.410,390.912,644.047,438.799,0.974254,644.047,438.848,550.855,421.969,0.932523,550.511,425.523,634.271,459.232,0.975826,634.271,459.232,540.862,403.428,0.943855,540.787,407.828
/home/it-admin/.hermes/profiles/juggling-tracker/workspace/juggling-yolo/videos/youtube_juggling_for_data_analysis_eh1I3SlZn48_075_090.mp4,403,6.723383,0,0.877579,68.696,632.734,392.499,0.992927,632.560,392.499,564.040,392.043,0.989506,564.040,392.043,643.444,438.104,0.973036,643.449,438.848,550.511,425.523,0.938061,550.511,425.523,633.287,458.558,0.973344,633.287,458.558,540.285,411.135,0.940447,540.364,411.135
/home/it-admin/.hermes/profiles/juggling-tracker/workspace/juggling-yolo/videos/youtube_juggling_for_data_analysis_eh1I3SlZn48_075_090.mp4,404,6.740067,0,0.877545,69.155,632.887,393.025,0.992176,632.492,392.924,563.732,393.209,0.991330,564.040,393.209,643.258,440.133,0.968749,643.449,439.616,551.892,434.515,0.950247,550.855,434.515,632.171,454.611,0.966847,632.171,454.611,540.787,421.035,0.941026,540.787,421.035
/home/it-admin/.hermes/profiles/juggling-tracker/workspace/juggling-yolo/videos/youtube_juggling_for_data_analysis_eh1I3SlZn48_075_090.mp4,405,6.756750,0,0.878255,68.770,632.492,392.924,0.991762,632.734,393.025,563.727,393.749,0.992846,564.040,393.749,643.449,439.616,0.967874,643.449,440.133,550.044,436.103,0.965475,551.892,436.103,627.776,448.895,0.962665,627.776,448.895,539.121,428.131,0.951929,540.787,428.131
/home/it-admin/.hermes/profiles/juggling-tracker/workspace/juggling-yolo/videos/youtube_juggling_for_data_analysis_eh1I3SlZn48_075_090.mp4,406,6.773433,0,0.864953,68.119,632.452,393.516,0.989234,632.887,393.060,564.334,393.818,0.988918,564.154,393.749,644.558,441.932,0.956695,643.449,441.932,551.920,436.814,0.941794,551.920,436.814,627.304,445.678,0.954531,627.776,445.678,544.218,436.407,0.910857,544.001,436.407
/home/it-admin/.hermes/profiles/juggling-tracker/workspace/juggling-yolo/videos/youtube_juggling_for_data_analysis_eh1I3SlZn48_075_090.mp4,407,6.790117,0,0.873372,68.882,633.035,393.505,0.989504,632.623,393.060,564.154,393.854,0.989834,564.334,393.749,643.805,443.678,0.960171,643.449,443.678,552.659,441.083,0.958766,552.171,439.873,626.963,434.568,0.960025,627.768,434.568,544.001,439.922,0.945357,544.218,439.922
/home/it-admin/.hermes/profiles/juggling-tracker/workspace/juggling-yolo/videos/youtube_juggling_for_data_analysis_eh1I3SlZn48_075_090.mp4,408,6.806800,0,0.880519,68.617,633.060,393.060,0.988824,632.623,393.060,564.444,393.132,0.988616,564.444,393.132,643.093,444.390,0.959653,643.192,443.678,554.903,442.798,0.925951,552.171,439.873,628.673,429.104,0.952230,627.304,429.104,569.182,452.402,0.843818,548.799,445.550
/home/it-admin/.hermes/profiles/juggling-tracker/workspace/juggling-yolo/videos/youtube_juggling_for_data_analysis_eh1I3SlZn48_075_090.mp4,409,6.823483,0,0.875330,67.864,632.623,390.855,0.990025,632.623,390.855,564.765,391.692,0.989098,564.765,391.692,643.192,444.177,0.969468,643.093,443.678,552.171,439.873,0.947635,552.171,439.873,627.768,425.139,0.968010,627.768,425.139,550.860,445.550,0.911907,549.095,451.401
/home/it-admin/.hermes/profiles/juggling-tracker/workspace/juggling-yolo/videos/youtube_juggling_for_data_analysis_eh1I3SlZn48_075_090.mp4,410,6.840167,0,0.877068,66.879,632.256,390.474,0.990335,632.256,390.474,565.382,391.206,0.990611,564.765,391.206,641.591,442.690,0.969903,642.531,442.690,551.582,439.495,0.953120,551.889,439.495,624.763,409.911,0.957194,628.673,409.911,548.799,451.401,0.894949,550.860,452.402
/home/it-admin/.hermes/profiles/juggling-tracker/workspace/juggling-yolo/videos/youtube_juggling_for_data_analysis_eh1I3SlZn48_075_090.mp4,411,6.856850,0,0.878945,66.899,631.814,390.155,0.990167,631.814,390.474,564.921,391.084,0.990621,564.921,391.206,642.336,442.542,0.969512,642.531,442.542,551.395,438.839,0.960985,551.889,438.839,629.479,405.723,0.962078,629.479,405.723,549.095,458.129,0.931641,550.860,458.129
/home/it-admin/.hermes/profiles/juggling-tracker/workspace/juggling-yolo/videos/youtube_juggling_for_data_analysis_eh1I3SlZn48_075_090.mp4,412,6.873533,0,0.887856,64.312,628.952,390.460,0.988081,629.463,390.460,564.644,391.159,0.989535,565.098,391.206,642.531,441.172,0.972165,642.531,441.172,551.889,438.033,0.975584,551.889,438.370,636.184,404.629,0.970336,636.184,404.629,551.093,463.578,0.969457,551.093,463.578
/home/it-admin/.hermes/profiles/juggling-tracker/workspace/juggling-yolo/videos/youtube_juggling_for_data_analysis_eh1I3SlZn48_075_090.mp4,413,6.890217,0,0.874930,64.147,629.463,391.211,0.983243,629.463,390.279,565.318,391.682,0.986291,565.098,391.191,643.604,439.858,0.967598,643.129,439.858,552.758,437.767,0.974813,552.368,438.370,639.317,404.253,0.968503,639.317,404.629,552.820,465.009,0.969464,552.820,465.009
/home/it-admin/.hermes/profiles/juggling-tracker/workspace/juggling-yolo/videos/youtube_juggling_for_data_analysis_eh1I3SlZn48_075_090.mp4,414,6.906900,0,0.877095,63.943,629.029,390.224,0.982342,629.463,390.460,565.098,391.475,0.986418,565.318,391.475,643.129,438.619,0.967498,643.129,438.942,552.368,438.370,0.976117,552.712,438.370,639.450,402.765,0.971604,639.450,404.253,554.943,467.092,0.973135,554.943,467.092
/home/it-admin/.hermes/profiles/juggling-tracker/workspace/juggling-yolo/videos/youtube_juggling_for_data_analysis_eh1I3SlZn48_075_090.mp4,415,6.923583,0,0.888414,64.800,630.470,390.279,0.986021,630.022,391.211,565.676,391.191,0.990288,565.448,391.475,645.226,438.942,0.963000,643.604,438.619,552.712,439.112,0.976793,552.758,438.974,642.006,405.644,0.967212,641.791,404.253,557.521,469.304,0.974469,557.521,467.092
/home/it-admin/.hermes/profiles/juggling-tracker/workspace/juggling-yolo/videos/youtube_juggling_for_data_analysis_eh1I3SlZn48_075_090.mp4,416,6.940267,0,0.884330,64.574,630.022,391.508,0.982414,630.215,391.395,565.448,391.664,0.990786,565.676,391.475,642.666,434.742,0.938606,644.834,438.619,553.000,439.828,0.974912,552.869,438.974,641.791,403.450,0.947261,642.006,405.644,560.185,468.276,0.970420,559.454,467.092
/home/it-admin/.hermes/profiles/juggling-tracker/workspace/juggling-yolo/videos/youtube_juggling_for_data_analysis_eh1I3SlZn48_075_090.mp4,417,6.956950,0,0.887974,64.384,630.215,391.660,0.985217,630.470,391.508,565.832,391.260,0.990934,565.832,391.572,645.888,436.309,0.956200,645.226,438.942,552.869,438.974,0.975389,552.869,438.974,643.465,406.293,0.961753,643.465,406.293,560.036,464.054,0.969322,560.036,464.054
/home/it-admin/.hermes/profiles/juggling-tracker/workspace/juggling-yolo/videos/youtube_juggling_for_data_analysis_eh1I3SlZn48_075_090.mp4,418,6.973633,0,0.888414,66.096,632.267,391.395,0.985881,632.267,391.660,566.172,391.572,0.990444,566.127,391.664,644.834,440.600,0.955352,645.888,439.140,553.479,438.497,0.975071,552.869,438.974,644.028,414.318,0.958227,644.028,414.318,559.454,461.382,0.969079,560.185,461.382
/home/it-admin/.hermes/profiles/juggling-tracker/workspace/juggling-yolo/videos/youtube_juggling_for_data_analysis_eh1I3SlZn48_075_090.mp4,419,6.990317,0,0.888629,67.205,633.329,392.381,0.983695,633.189,392.236,566.127,391.720,0.990938,566.172,391.720,649.082,439.140,0.938969,649.001,439.140,551.908,438.798,0.969438,551.908,438.974,645.721,418.983,0.948250,645.619,418.983,562.940,455.736,0.953820,561.161,455.736
/home/it-admin/.hermes/profiles/juggling-tracker/workspace/juggling-yolo/videos/youtube_juggling_for_data_analysis_eh1I3SlZn48_075_090.mp4,420,7.007000,0,0.886329,66.915,633.189,392.548,0.984490,633.329,392.381,566.279,391.784,0.990176,566.172,391.784,649.482,441.526,0.947435,649.001,440.600,550.810,439.255,0.969429,550.810,439.255,645.619,424.875,0.953014,645.619,424.875,561.161,448.942,0.951701,562.940,448.942
/home/it-admin/.hermes/profiles/juggling-tracker/workspace/juggling-yolo/videos/youtube_juggling_for_data_analysis_eh1I3SlZn48_075_090.mp4,421,7.023683,0,0.884402,66.971,633.331,392.236,0.983731,633.331,392.548,566.361,391.962,0.990924,566.127,391.784,649.001,437.464,0.938145,649.001,440.602,549.151,440.456,0.971035,549.151,440.456,645.649,426.574,0.939882,645.619,426.574,563.744,442.349,0.946184,563.349,442.349
/home/it-admin/.hermes/profiles/juggling-tracker/workspace/juggling-yolo/videos/youtube_juggling_for_data_analysis_eh1I3SlZn48_075_090.mp4,422,7.040367,0,0.882309,67.497,633.520,392.779,0.986092,633.331,392.548,566.027,391.998,0.991171,566.027,391.784,648.085,440.602,0.943855,648.744,440.602,548.071,441.060,0.972373,548.071,440.992,645.430,434.268,0.935507,645.430,434.268,563.349,439.180,0.946794,563.744,439.180
/home/it-admin/.hermes/profiles/juggling-tracker/workspace/juggling-yolo/videos/youtube_juggling_for_data_analysis_eh1I3SlZn48_075_090.mp4,423,7.057050,0,0.886664,68.080,633.349,392.832,0.989225,633.349,392.236,565.278,391.742,0.991762,565.278,391.742,648.744,442.304,0.944080,648.744,440.602,547.490,441.807,0.974899,547.490,441.060,634.462,436.985,0.905250,639.138,436.985,565.898,430.315,0.948565,563.744,430.315
/home/it-admin/.hermes/profiles/juggling-tracker/workspace/juggling-yolo/videos/youtube_juggling_for_data_analysis_eh1I3SlZn48_075_090.mp4,424,7.073733,0,0.883938,68.300,633.230,392.127,0.989467,633.520,392.187,564.939,391.020,0.991903,565.278,391.049,648.670,440.089,0.960091,648.744,440.602,547.306,440.992,0.977680,547.306,441.060,639.138,444.043,0.948028,636.082,444.043,564.319,422.172,0.958003,563.349,422.172
/home/it-admin/.hermes/profiles/juggling-tracker/workspace/juggling-yolo/videos/youtube_juggling_for_data_analysis_eh1I3SlZn48_075_090.mp4,425,7.090417,0,0.886210,68.777,634.006,392.187,0.990757,633.816,392.127,565.241,390.876,0.991383,565.278,391.049,650.395,443.086,0.970313,648.744,440.168,547.012,441.384,0.976213,547.012,440.992,633.060,451.406,0.960735,634.462,451.406,559.737,422.123,0.956397,559.737,422.123
/home/it-admin/.hermes/profiles/juggling-tracker/workspace/juggling-yolo/videos/youtube_juggling_for_data_analysis_eh1I3SlZn48_075_090.mp4,426,7.107100,0,0.882188,67.793,633.856,391.812,0.991200,633.816,391.879,566.067,391.049,0.990945,566.067,391.020,649.966,439.866,0.976013,648.670,440.089,546.547,439.802,0.976738,547.012,440.295,636.082,456.299,0.975371,634.298,456.299,557.821,416.750,0.966427,557.821,416.750
/home/it-admin/.hermes/profiles/juggling-tracker/workspace/juggling-yolo/videos/youtube_juggling_for_data_analysis_eh1I3SlZn48_075_090.mp4,427,7.123783,0,0.882391,67.120,633.816,391.879,0.990087,633.816,391.812,566.697,391.319,0.990090,566.697,390.876,647.430,440.168,0.969945,648.914,439.866,546.794,440.295,0.977340,547.012,439.802,634.298,457.978,0.969313,633.060,457.978,553.721,414.459,0.972807,553.721,414.459
/home/it-admin/.hermes/profiles/juggling-tracker/workspace/juggling-yolo/videos/youtube_juggling_for_data_analysis_eh1I3SlZn48_075_090.mp4,428,7.140467,0,0.871857,66.808,633.669,391.772,0.991300,633.809,391.791,566.893,389.728,0.980090,566.893,389.728,648.654,438.681,0.974559,648.654,438.916,549.281,428.282,0.912295,549.281,428.282,631.927,460.676,0.976717,631.927,460.314,551.263,411.514,0.909540,551.263,411.514
/home/it-admin/.hermes/profiles/juggling-tracker/workspace/juggling-yolo/videos/youtube_juggling_for_data_analysis_eh1I3SlZn48_075_090.mp4,429,7.157150,0,0.872728,66.772,633.809,391.360,0.993338,633.747,391.791,567.092,388.648,0.985199,566.893,389.728,648.914,438.798,0.978687,647.928,438.916,551.235,421.124,0.911943,549.281,421.124,631.390,460.820,0.975353,631.390,460.314,549.665,402.965,0.908262,551.263,409.626
/home/it-admin/.hermes/profiles/juggling-tracker/workspace/juggling-yolo/videos/youtube_juggling_for_data_analysis_eh1I3SlZn48_075_090.mp4,430,7.173833,0,0.876762,65.397,633.298,391.791,0.992969,633.747,391.791,567.944,389.421,0.987270,566.928,389.728,647.928,438.916,0.977959,648.010,438.916,552.135,420.473,0.937361,549.281,420.473,629.579,460.314,0.973381,629.579,460.314,549.881,397.512,0.930471,550.701,409.626
/home/it-admin/.hermes/profiles/juggling-tracker/workspace/juggling-yolo/videos/youtube_juggling_for_data_analysis_eh1I3SlZn48_075_090.mp4,431,7.190517,0,0.762029,67.084,633.747,392.909,0.992244,633.747,392.431,566.705,390.523,0.977335,566.928,390.523,647.212,440.302,0.969543,647.928,438.957,548.556,417.915,0.810540,548.556,420.473,629.284,457.455,0.966205,629.284,457.455,552.660,409.626,0.758473,550.701,409.626
/home/it-admin/.hermes/profiles/juggling-tracker/workspace/juggling-yolo/videos/youtube_juggling_for_data_analysis_eh1I3SlZn48_075_090.mp4,432,7.207200,0,0.871198,67.249,634.155,392.431,0.993913,633.747,392.588,566.928,390.696,0.987863,566.705,390.696,648.010,438.957,0.974181,647.325,439.505,546.064,417.706,0.896584,548.556,420.473,626.616,452.752,0.964659,626.616,452.752,550.701,413.260,0.857339,550.701,413.260
/home/it-admin/.hermes/profiles/juggling-tracker/workspace/juggling-yolo/videos/youtube_juggling_for_data_analysis_eh1I3SlZn48_075_090.mp4,433,7.223883,0,0.878549,67.599,633.496,392.588,0.991487,633.747,392.723,565.901,391.915,0.985142,565.901,391.915,647.325,439.505,0.965712,647.212,440.302,548.140,425.998,0.911701,548.556,425.998,624.634,450.620,0.961313,625.917,450.620,550.792,420.972,0.885759,550.701,420.972
/home/it-admin/.hermes/profiles/juggling-tracker/workspace/juggling-yolo/videos/youtube_juggling_for_data_analysis_eh1I3SlZn48_075_090.mp4,434,7.240567,0,0.878121,68.664,633.770,393.452,0.990079,633.770,392.588,565.106,393.354,0.985336,565.795,393.226,645.863,442.930,0.946422,645.863,441.089,550.910,435.490,0.886145,550.910,435.490,625.917,448.154,0.923230,625.917,448.154,549.718,430.555,0.814229,550.701,430.555
/home/it-admin/.hermes/profiles/juggling-tracker/workspace/juggling-yolo/videos/youtube_juggling_for_data_analysis_eh1I3SlZn48_075_090.mp4,435,7.257250,0,0.882990,68.186,633.581,392.723,0.990110,633.770,392.588,565.397,393.288,0.987331,565.795,393.226,645.483,441.089,0.955333,645.863,441.089,552.017,438.495,0.941457,551.688,438.495,625.723,439.377,0.945310,625.917,439.377,549.848,436.818,0.927351,550.792,436.818
/home/it-admin/.hermes/profiles/juggling-tracker/workspace/juggling-yolo/videos/youtube_juggling_for_data_analysis_eh1I3SlZn48_075_090.mp4,436,7.273933,0,0.876634,68.060,633.845,392.103,0.990103,633.770,392.103,565.795,393.226,0.987630,565.795,393.226,644.460,442.096,0.956499,645.863,441.089,553.225,438.930,0.888625,551.688,438.930,627.120,429.963,0.934462,625.917,429.963,555.274,441.965,0.747990,553.332,441.965
/home/it-admin/.hermes/profiles/juggling-tracker/workspace/juggling-yolo/videos/youtube_juggling_for_data_analysis_eh1I3SlZn48_075_090.mp4,437,7.290617,0,0.881127,67.656,633.770,391.219,0.990201,633.770,391.219,566.122,392.253,0.990061,565.841,392.253,646.315,439.745,0.967222,645.483,439.745,551.688,439.512,0.948230,552.017,439.512,628.060,428.612,0.962436,627.083,428.612,553.332,445.626,0.903372,553.726,445.626
/home/it-admin/.hermes/profiles/juggling-tracker/workspace/juggling-yolo/videos/youtube_juggling_for_data_analysis_eh1I3SlZn48_075_090.mp4,438,7.307300,0,0.878388,67.810,633.812,390.334,0.990734,633.770,390.334,566.012,391.532,0.990656,565.841,391.532,646.387,439.103,0.970964,645.013,439.526,551.534,440.155,0.955064,552.412,439.512,625.214,417.595,0.963625,627.120,417.595,553.726,449.494,0.911934,553.726,449.494
/home/it-admin/.hermes/profiles/juggling-tracker/workspace/juggling-yolo/videos/youtube_juggling_for_data_analysis_eh1I3SlZn48_075_090.mp4,439,7.323983,0,0.886012,66.950,632.780,389.954,0.990717,632.780,390.334,565.841,391.219,0.991019,565.841,391.532,645.013,439.526,0.970272,645.013,439.103,552.412,439.710,0.961361,552.412,439.512,627.083,407.853,0.961455,628.060,407.853,554.731,456.590,0.931282,553.332,456.590
/home/it-admin/.hermes/profiles/juggling-tracker/workspace/juggling-yolo/videos/youtube_juggling_for_data_analysis_eh1I3SlZn48_075_090.mp4,440,7.340667,0,0.887756,66.615,632.073,389.437,0.989951,632.073,389.954,565.484,391.315,0.991057,565.828,391.532,644.555,435.470,0.971596,644.773,435.470,552.599,438.289,0.977681,552.414,438.905,631.947,397.920,0.967791,631.947,397.920,551.890,460.565,0.973834,553.726,460.565
/home/it-admin/.hermes/profiles/juggling-tracker/workspace/juggling-yolo/videos/youtube_juggling_for_data_analysis_eh1I3SlZn48_075_090.mp4,441,7.357350,0,0.891354,65.416,631.217,390.538,0.986828,632.057,389.856,565.828,392.433,0.989905,565.828,391.315,644.773,432.505,0.969117,644.773,433.061,552.675,438.299,0.978193,552.599,438.314,636.871,396.548,0.970543,636.871,397.920,552.840,463.620,0.975745,554.658,463.620
/home/it-admin/.hermes/profiles/juggling-tracker/workspace/juggling-yolo/videos/youtube_juggling_for_data_analysis_eh1I3SlZn48_075_090.mp4,442,7.374033,0,0.884607,65.528,631.267,389.856,0.982833,631.409,389.856,565.761,391.563,0.988660,565.828,391.563,644.041,432.009,0.960179,644.555,432.505,552.414,438.905,0.977183,552.599,438.314,638.981,397.006,0.962486,638.981,397.920,554.658,467.167,0.973096,554.658,467.167
/home/it-admin/.hermes/profiles/juggling-tracker/workspace/juggling-yolo/videos/youtube_juggling_for_data_analysis_eh1I3SlZn48_075_090.mp4,443,7.390717,0,0.886757,65.622,632.057,389.185,0.978628,631.409,389.856,566.469,391.279,0.989893,565.828,391.984,645.272,433.061,0.938946,644.773,432.009,552.750,438.314,0.975921,552.675,438.699,643.896,401.678,0.954830,643.896,397.006,555.579,467.685,0.972602,555.579,467.167
/home/it-admin/.hermes/profiles/juggling-tracker/workspace/juggling-yolo/videos/youtube_juggling_for_data_analysis_eh1I3SlZn48_075_090.mp4,444,7.407400,0,0.886392,65.517,631.409,391.602,0.978603,632.057,389.185,565.893,391.995,0.991083,565.880,391.984,643.691,431.540,0.918146,645.272,431.540,552.371,439.203,0.976006,552.750,438.699,645.803,399.316,0.937662,645.803,397.006,555.782,467.795,0.973568,555.782,467.167
/home/it-admin/.hermes/profiles/juggling-tracker/workspace/juggling-yolo/videos/youtube_juggling_for_data_analysis_eh1I3SlZn48_075_090.mp4,445,7.424083,0,0.878671,67.849,633.516,388.481,0.983096,632.495,389.185,565.757,391.984,0.994385,565.893,391.984,647.494,413.133,0.895790,645.272,427.273,552.989,438.699,0.981015,552.750,438.699,651.895,383.060,0.906016,651.895,399.316,557.399,464.980,0.976386,557.039,464.980
/home/it-admin/.hermes/profiles/juggling-tracker/workspace/juggling-yolo/videos/youtube_juggling_for_data_analysis_eh1I3SlZn48_075_090.mp4,446,7.440767,0,0.878615,66.691,632.495,389.067,0.986570,632.651,390.307,565.880,392.251,0.994731,565.893,391.995,648.452,404.574,0.922143,647.494,413.133,552.930,438.002,0.981482,552.371,438.842,656.389,380.992,0.920444,653.507,395.302,557.039,462.105,0.975808,557.399,462.835
/home/it-admin/.hermes/profiles/juggling-tracker/workspace/juggling-yolo/videos/youtube_juggling_for_data_analysis_eh1I3SlZn48_075_090.mp4,447,7.457450,0,0.875959,66.700,632.651,390.910,0.986852,632.765,390.307,565.959,391.891,0.994509,565.959,392.251,641.007,427.273,0.942353,648.341,413.133,552.045,439.119,0.980823,552.045,438.842,653.507,400.576,0.950321,656.389,395.302,558.290,462.835,0.972015,558.290,462.105
/home/it-admin/.hermes/profiles/juggling-tracker/workspace/juggling-yolo/videos/youtube_juggling_for_data_analysis_eh1I3SlZn48_075_090.mp4,448,7.474133,0,0.875248,66.697,632.765,390.307,0.988830,632.651,390.910,566.106,392.577,0.995070,565.959,392.577,649.772,412.526,0.937041,648.341,421.019,551.128,438.842,0.979728,551.128,439.119,660.105,395.302,0.926908,656.389,400.576,559.760,457.725,0.965405,559.760,457.725
/home/it-admin/.hermes/profiles/juggling-tracker/workspace/juggling-yolo/videos/youtube_juggling_for_data_analysis_eh1I3SlZn48_075_090.mp4,449,7.490817,0,0.872655,66.891,632.921,391.071,0.987183,632.765,391.071,566.052,392.781,0.995128,565.959,392.646,648.341,421.019,0.930522,648.341,427.273,550.607,441.073,0.977062,550.607,441.073,658.367,405.545,0.924176,656.075,405.545,562.666,450.270,0.951109,560.201,450.270
/home/it-admin/.hermes/profiles/juggling-tracker/workspace/juggling-yolo/videos/youtube_juggling_for_data_analysis_eh1I3SlZn48_075_090.mp4,450,7.507500,0,0.867920,65.876,631.799,391.604,0.985889,632.921,391.604,565.939,393.049,0.992342,565.939,392.646,644.990,428.771,0.939954,648.341,428.771,549.216,442.853,0.975369,549.216,441.568,656.075,415.643,0.927043,656.075,415.643,566.235,445.961,0.953311,560.201,445.961
/home/it-admin/.hermes/profiles/juggling-tracker/workspace/juggling-yolo/videos/youtube_juggling_for_data_analysis_eh1I3SlZn48_075_090.mp4,451,7.524183,0,0.866473,67.863,633.361,392.058,0.988010,632.921,392.058,565.500,392.646,0.994013,565.500,392.646,649.441,429.660,0.932328,648.341,429.660,548.987,441.568,0.969987,548.987,441.568,654.958,422.037,0.932034,654.958,422.037,560.201,439.495,0.950078,560.201,439.495
/home/it-admin/.hermes/profiles/juggling-tracker/workspace/juggling-yolo/videos/youtube_juggling_for_data_analysis_eh1I3SlZn48_075_090.mp4,452,7.540867,0,0.861418,68.271,633.168,392.221,0.986331,632.572,392.221,564.897,392.345,0.991236,564.897,392.646,648.190,435.379,0.938591,649.096,435.379,548.266,442.805,0.971760,548.987,442.805,652.427,432.886,0.942151,652.665,432.886,559.443,434.694,0.961398,560.199,434.694
/home/it-admin/.hermes/profiles/juggling-tracker/workspace/juggling-yolo/videos/youtube_juggling_for_data_analysis_eh1I3SlZn48_075_090.mp4,453,7.557550,0,0.504182,67.677,632.572,392.240,0.988161,632.858,392.240,564.897,391.752,0.991072,564.897,392.646,649.096,438.139,0.950380,649.096,438.139,548.424,441.001,0.969564,548.987,441.568,652.665,437.337,0.947408,652.427,437.337,559.689,427.566,0.952542,559.689,431.836
/home/it-admin/.hermes/profiles/juggling-tracker/workspace/juggling-yolo/videos/youtube_juggling_for_data_analysis_eh1I3SlZn48_075_090.mp4,453,7.557550,1,0.349717,68.055,632.983,391.971,0.990272,,,564.930,391.420,0.993723,,,649.107,438.145,0.953479,,,548.623,440.551,0.972610,,,652.975,436.822,0.945648,,,559.510,427.237,0.956000,,
/home/it-admin/.hermes/profiles/juggling-tracker/workspace/juggling-yolo/videos/youtube_juggling_for_data_analysis_eh1I3SlZn48_075_090.mp4,454,7.574233,0,0.878916,67.865,632.531,392.612,0.990191,632.858,392.312,564.678,393.841,0.989880,564.897,392.345,649.223,439.630,0.936249,648.490,439.630,552.286,443.837,0.935068,551.910,441.001,637.021,448.091,0.870966,639.632,448.091,560.199,431.836,0.847013,559.443,427.566
/home/it-admin/.hermes/profiles/juggling-tracker/workspace/juggling-yolo/videos/youtube_juggling_for_data_analysis_eh1I3SlZn48_075_090.mp4,455,7.590917,0,0.868118,66.956,632.858,392.567,0.990328,632.572,392.312,565.902,392.803,0.986822,564.897,392.803,647.678,440.992,0.944064,649.096,439.630,552.795,440.599,0.906024,551.910,440.599,639.632,449.030,0.904482,637.021,449.030,555.910,426.491,0.813859,555.910,426.491
/home/it-admin/.hermes/profiles/juggling-tracker/workspace/juggling-yolo/videos/youtube_juggling_for_data_analysis_eh1I3SlZn48_075_090.mp4,456,7.607600,0,0.878620,67.420,633.119,392.312,0.991773,632.531,392.567,565.699,392.317,0.986582,564.867,392.803,648.490,439.961,0.964577,649.223,439.961,551.910,439.255,0.922892,551.934,440.042,635.476,455.259,0.957227,637.011,455.259,551.650,417.823,0.895279,551.650,417.823
/home/it-admin/.hermes/profiles/juggling-tracker/workspace/juggling-yolo/videos/youtube_juggling_for_data_analysis_eh1I3SlZn48_075_090.mp4,457,7.624283,0,0.868269,67.388,632.252,392.287,0.991824,632.252,392.567,564.867,392.883,0.982485,565.341,392.317,650.215,439.501,0.972867,649.880,439.961,551.099,440.042,0.916443,551.934,439.255,635.379,459.167,0.971666,635.476,459.167,550.547,416.409,0.910962,550.547,416.409
/home/it-admin/.hermes/profiles/juggling-tracker/workspace/juggling-yolo/videos/youtube_juggling_for_data_analysis_eh1I3SlZn48_075_090.mp4,458,7.640967,0,0.864159,67.831,632.117,393.202,0.992255,632.117,392.703,564.298,391.957,0.988848,564.894,391.957,650.227,440.489,0.976972,649.880,439.641,551.934,436.968,0.940952,551.910,436.968,637.011,459.975,0.971593,635.379,459.948,544.609,411.261,0.922696,544.609,411.261
/home/it-admin/.hermes/profiles/juggling-tracker/workspace/juggling-yolo/videos/youtube_juggling_for_data_analysis_eh1I3SlZn48_075_090.mp4,459,7.657650,0,0.869131,66.062,631.396,392.703,0.993027,631.538,392.905,565.341,391.803,0.985952,564.867,391.957,649.880,439.641,0.977441,649.880,439.501,553.597,428.528,0.917644,551.382,430.249,633.434,460.090,0.972874,633.671,459.948,541.000,407.908,0.914471,541.000,411.261
/home/it-admin/.hermes/profiles/juggling-tracker/workspace/juggling-yolo/videos/youtube_juggling_for_data_analysis_eh1I3SlZn48_075_090.mp4,460,7.674333,0,0.874985,66.654,631.538,392.905,0.993708,631.538,392.905,564.894,391.763,0.988498,564.569,391.957,649.437,439.262,0.980575,649.437,439.262,548.740,422.192,0.934747,551.934,430.249,633.671,459.948,0.977113,633.434,459.948,535.520,401.402,0.926649,538.293,411.261
/home/it-admin/.hermes/profiles/juggling-tracker/workspace/juggling-yolo/videos/youtube_juggling_for_data_analysis_eh1I3SlZn48_075_090.mp4,461,7.691017,0,0.877884,67.212,631.498,392.941,0.993547,631.538,392.905,564.285,392.952,0.989230,564.569,392.952,648.765,438.875,0.978699,648.765,439.262,551.382,430.249,0.937922,552.429,430.249,631.446,456.952,0.975425,631.446,456.952,537.606,412.547,0.932267,538.293,412.547
/home/it-admin/.hermes/profiles/juggling-tracker/workspace/juggling-yolo/videos/youtube_juggling_for_data_analysis_eh1I3SlZn48_075_090.mp4,462,7.707700,0,0.880753,67.066,631.634,392.751,0.992301,631.634,392.941,564.569,393.232,0.990510,564.569,393.232,646.169,437.978,0.972079,646.913,439.262,553.104,434.251,0.949466,552.400,434.251,628.659,452.569,0.968678,628.659,452.569,538.293,424.339,0.942026,538.293,424.339
/home/it-admin/.hermes/profiles/juggling-tracker/workspace/juggling-yolo/videos/youtube_juggling_for_data_analysis_eh1I3SlZn48_075_090.mp4,463,7.724383,0,0.870631,67.702,631.991,393.308,0.991506,631.991,393.308,564.290,393.647,0.991138,564.557,393.528,646.913,440.166,0.967525,646.169,440.166,552.429,436.158,0.953790,552.429,436.158,628.426,445.874,0.964384,628.659,445.874,540.200,430.976,0.941816,540.200,430.976
/home/it-admin/.hermes/profiles/juggling-tracker/workspace/juggling-yolo/videos/youtube_juggling_for_data_analysis_eh1I3SlZn48_075_090.mp4,464,7.741067,0,0.873236,67.524,632.230,393.645,0.988206,632.230,393.308,564.706,393.544,0.988361,564.569,393.528,644.323,442.979,0.949131,645.208,442.979,552.400,438.954,0.924240,552.547,438.631,628.503,434.794,0.937084,628.512,434.794,547.375,439.452,0.851703,544.814,439.452
/home/it-admin/.hermes/profiles/juggling-tracker/workspace/juggling-yolo/videos/youtube_juggling_for_data_analysis_eh1I3SlZn48_075_090.mp4,465,7.757750,0,0.872040,68.467,633.024,393.704,0.988157,632.852,393.308,564.557,393.528,0.987865,564.706,393.528,644.238,443.182,0.951824,644.811,443.182,553.933,440.918,0.894944,552.429,438.631,630.748,433.361,0.942753,628.512,433.361,558.515,445.651,0.763811,547.375,445.651
/home/it-admin/.hermes/profiles/juggling-tracker/workspace/juggling-yolo/videos/youtube_juggling_for_data_analysis_eh1I3SlZn48_075_090.mp4,466,7.774433,0,0.872669,67.864,632.852,392.107,0.990076,632.852,392.107,564.988,391.979,0.988730,564.806,391.979,645.208,443.619,0.969289,644.323,443.182,552.547,438.631,0.943927,552.400,438.954,628.512,428.135,0.970375,628.512,428.135,544.814,446.307,0.913555,548.596,446.307
/home/it-admin/.hermes/profiles/juggling-tracker/workspace/juggling-yolo/videos/youtube_juggling_for_data_analysis_eh1I3SlZn48_075_090.mp4,467,7.791117,0,0.822013,68.090,633.049,390.980,0.990709,632.852,390.980,564.960,391.226,0.989315,564.806,391.226,644.811,444.988,0.974318,644.238,443.182,550.891,438.540,0.949352,551.265,438.811,628.527,424.658,0.973023,628.527,424.658,548.596,448.888,0.911252,549.361,448.888
/home/it-admin/.hermes/profiles/juggling-tracker/workspace/juggling-yolo/videos/youtube_juggling_for_data_analysis_eh1I3SlZn48_075_090.mp4,468,7.807800,0,0.878589,67.435,632.232,390.010,0.990204,632.232,390.747,564.806,391.066,0.990643,564.844,391.226,643.692,441.283,0.971564,643.692,442.564,550.283,439.899,0.956359,551.265,438.631,628.002,414.265,0.966905,628.527,414.265,549.361,455.300,0.915215,549.361,455.300
/home/it-admin/.hermes/profiles/juggling-tracker/workspace/juggling-yolo/videos/youtube_juggling_for_data_analysis_eh1I3SlZn48_075_090.mp4,469,7.824483,0,0.885647,65.854,630.358,389.843,0.990440,630.559,390.010,564.510,390.767,0.990943,564.844,391.179,641.486,442.564,0.971677,643.619,441.283,551.265,438.811,0.968025,551.045,438.540,632.693,405.835,0.964655,632.693,405.835,550.542,457.479,0.946963,550.542,457.479
/home/it-admin/.hermes/profiles/juggling-tracker/workspace/juggling-yolo/videos/youtube_juggling_for_data_analysis_eh1I3SlZn48_075_090.mp4,470,7.841167,0,0.882687,64.924,629.763,390.747,0.988639,630.467,390.010,564.844,391.564,0.988957,564.844,391.179,643.241,440.392,0.973873,643.619,441.283,551.973,437.998,0.973490,551.049,438.811,636.774,403.177,0.970059,636.774,405.835,552.653,461.787,0.963635,552.653,461.787
/home/it-admin/.hermes/profiles/juggling-tracker/workspace/juggling-yolo/videos/youtube_juggling_for_data_analysis_eh1I3SlZn48_075_090.mp4,471,7.857850,0,0.879716,65.656,630.559,389.815,0.986851,630.467,390.303,564.917,391.179,0.987757,564.859,391.179,643.619,439.409,0.974951,643.619,442.564,551.045,438.088,0.976526,551.265,438.811,637.825,404.755,0.973437,637.825,405.835,553.304,464.433,0.969713,553.304,463.980
/home/it-admin/.hermes/profiles/juggling-tracker/workspace/juggling-yolo/videos/youtube_juggling_for_data_analysis_eh1I3SlZn48_075_090.mp4,472,7.874533,0,0.886595,65.616,630.467,390.303,0.988519,630.559,390.502,564.859,391.330,0.989642,564.917,391.330,644.686,442.701,0.974750,644.607,442.701,551.049,439.230,0.977899,551.049,439.230,639.837,407.981,0.974046,639.837,407.981,554.701,464.335,0.972922,554.701,464.335
/home/it-admin/.hermes/profiles/juggling-tracker/workspace/juggling-yolo/videos/youtube_juggling_for_data_analysis_eh1I3SlZn48_075_090.mp4,473,7.891217,0,0.885519,65.996,631.453,390.502,0.987716,630.760,390.502,565.459,391.026,0.990752,564.980,391.330,644.607,442.983,0.967102,644.607,442.983,551.286,439.833,0.975922,551.045,439.833,644.593,409.001,0.968641,644.593,408.294,555.636,463.980,0.968102,555.636,464.335
/home/it-admin/.hermes/profiles/juggling-tracker/workspace/juggling-yolo/videos/youtube_juggling_for_data_analysis_eh1I3SlZn48_075_090.mp4,474,7.907900,0,0.881037,65.780,630.760,391.266,0.989304,631.453,391.266,564.980,391.466,0.991164,564.980,391.466,644.867,443.362,0.967951,644.607,443.362,550.979,440.957,0.977814,551.049,440.957,647.821,408.294,0.964166,647.821,409.001,557.595,464.341,0.971532,557.595,463.980
/home/it-admin/.hermes/profiles/juggling-tracker/workspace/juggling-yolo/videos/youtube_juggling_for_data_analysis_eh1I3SlZn48_075_090.mp4,475,7.924583,0,0.740164,66.862,631.958,392.239,0.989710,631.513,391.726,565.097,391.925,0.991709,564.980,391.925,643.096,445.833,0.966590,644.607,443.362,550.969,441.054,0.977041,550.979,441.054,649.507,410.357,0.959932,649.507,410.357,559.130,462.180,0.964831,559.130,462.180
/home/it-admin/.hermes/profiles/juggling-tracker/workspace/juggling-yolo/videos/youtube_juggling_for_data_analysis_eh1I3SlZn48_075_090.mp4,476,7.941267,0,0.880644,66.664,631.513,392.188,0.987123,631.590,392.188,564.849,392.260,0.991070,564.907,392.260,641.490,445.170,0.952875,643.770,443.362,551.132,442.072,0.971863,550.969,441.566,650.889,417.187,0.943666,650.857,417.068,560.855,458.470,0.951198,560.404,458.470
/home/it-admin/.hermes/profiles/juggling-tracker/workspace/juggling-yolo/videos/youtube_juggling_for_data_analysis_eh1I3SlZn48_075_090.mp4,477,7.957950,0,0.812516,66.688,631.590,391.726,0.982272,631.958,392.239,564.907,392.599,0.992344,564.907,392.599,645.310,432.392,0.896938,643.770,436.178,550.657,442.190,0.976347,550.657,442.072,651.539,417.068,0.881000,650.889,417.187,564.928,451.310,0.959981,560.855,451.310
/home/it-admin/.hermes/profiles/juggling-tracker/workspace/juggling-yolo/videos/youtube_juggling_for_data_analysis_eh1I3SlZn48_075_090.mp4,478,7.974633,0,0.876911,67.297,632.142,392.321,0.984082,632.142,392.188,564.846,392.731,0.991229,564.849,392.731,643.770,436.178,0.927116,645.310,434.875,549.116,441.566,0.974090,549.208,442.190,650.857,424.412,0.933073,650.889,424.412,560.404,448.373,0.965784,561.690,448.373
/home/it-admin/.hermes/profiles/juggling-tracker/workspace/juggling-yolo/videos/youtube_juggling_for_data_analysis_eh1I3SlZn48_075_090.mp4,479,7.991317,0,0.877130,67.814,632.897,392.632,0.985721,632.255,392.321,565.085,393.070,0.991047,564.846,392.731,648.739,434.875,0.934063,645.310,434.875,548.763,443.695,0.965844,549.208,443.695,652.122,426.461,0.939171,650.857,426.461,561.690,442.987,0.948089,561.690,442.987
/home/it-admin/.hermes/profiles/juggling-tracker/workspace/juggling-yolo/videos/youtube_juggling_for_data_analysis_eh1I3SlZn48_075_090.mp4,480,8.008000,0,0.878293,67.967,632.255,392.056,0.986658,632.596,392.632,564.298,393.242,0.991569,564.298,392.731,646.986,433.995,0.934542,643.770,436.178,549.208,446.401,0.972930,549.116,446.401,647.418,433.231,0.924925,647.418,433.128,562.281,438.389,0.958539,561.329,438.389
/home/it-admin/.hermes/profiles/juggling-tracker/workspace/juggling-yolo/videos/youtube_juggling_for_data_analysis_eh1I3SlZn48_075_090.mp4,481,8.024683,0,0.874039,68.697,632.615,392.777,0.984919,632.596,392.632,563.918,392.634,0.991883,564.298,392.634,642.374,440.682,0.882931,643.647,440.682,549.327,448.131,0.974658,549.208,446.401,643.627,433.128,0.825804,643.627,433.231,561.329,432.604,0.958869,561.329,432.604
/home/it-admin/.hermes/profiles/juggling-tracker/workspace/juggling-yolo/videos/youtube_juggling_for_data_analysis_eh1I3SlZn48_075_090.mp4,482,8.041367,0,0.879236,69.347,632.596,393.082,0.987765,632.255,392.580,563.257,392.082,0.991201,564.298,392.213,643.647,441.932,0.926440,643.647,441.164,548.656,446.623,0.971750,549.327,446.623,640.124,441.914,0.899831,640.124,441.914,559.748,427.379,0.958283,559.748,428.944
/home/it-admin/.hermes/profiles/juggling-tracker/workspace/juggling-yolo/videos/youtube_juggling_for_data_analysis_eh1I3SlZn48_075_090.mp4,483,8.058050,0,0.883352,67.440,632.190,392.580,0.987956,632.190,392.777,564.755,391.796,0.991296,564.103,392.213,643.624,441.998,0.912889,643.647,441.164,550.869,444.996,0.966153,550.869,446.623,629.780,443.788,0.831253,638.754,443.788,558.301,428.944,0.931389,558.301,428.944
/home/it-admin/.hermes/profiles/juggling-tracker/workspace/juggling-yolo/videos/youtube_juggling_for_data_analysis_eh1I3SlZn48_075_090.mp4,484,8.074733,0,0.886336,67.614,632.091,392.267,0.988757,632.153,393.082,564.477,392.213,0.991130,564.477,392.213,644.284,441.164,0.955562,644.284,441.164,551.004,447.439,0.974346,550.869,444.996,634.174,453.340,0.939968,637.496,453.340,556.756,427.556,0.959050,557.019,427.556
/home/it-admin/.hermes/profiles/juggling-tracker/workspace/juggling-yolo/videos/youtube_juggling_for_data_analysis_eh1I3SlZn48_075_090.mp4,485,8.091417,0,0.868605,68.055,632.153,393.552,0.988667,632.091,393.067,564.103,394.370,0.985952,564.755,392.213,645.060,440.267,0.957983,645.060,440.267,552.868,443.107,0.902291,550.869,443.107,638.754,455.457,0.938749,636.551,455.457,557.019,436.837,0.789357,556.756,427.556
/home/it-admin/.hermes/profiles/juggling-tracker/workspace/juggling-yolo/videos/youtube_juggling_for_data_analysis_eh1I3SlZn48_075_090.mp4,486,8.108100,0,0.866516,66.255,631.573,393.349,0.989071,631.774,393.067,565.324,392.464,0.983981,564.502,392.464,645.855,439.756,0.966687,645.855,440.030,549.592,434.527,0.938606,551.004,435.635,637.496,457.541,0.965220,636.551,457.059,549.722,408.820,0.918990,550.698,419.941
/home/it-admin/.hermes/profiles/juggling-tracker/workspace/juggling-yolo/videos/youtube_juggling_for_data_analysis_eh1I3SlZn48_075_090.mp4,487,8.124783,0,0.870731,66.438,631.774,393.067,0.990247,631.774,393.067,565.350,391.703,0.981901,564.502,393.102,646.857,439.466,0.968371,645.855,439.756,549.414,431.167,0.892357,551.117,435.635,636.551,457.627,0.964392,636.551,457.059,550.698,411.445,0.838831,549.722,419.941
/home/it-admin/.hermes/profiles/juggling-tracker/workspace/juggling-yolo/videos/youtube_juggling_for_data_analysis_eh1I3SlZn48_075_090.mp4,488,8.141467,0,0.866502,67.065,631.567,393.054,0.990673,631.774,393.054,564.502,393.102,0.981046,564.502,393.102,646.904,440.030,0.967892,645.855,439.756,551.117,435.635,0.896126,551.117,435.635,634.528,457.059,0.966300,634.667,457.059,549.227,419.941,0.879309,549.227,419.941
/home/it-admin/.hermes/profiles/juggling-tracker/workspace/juggling-yolo/videos/youtube_juggling_for_data_analysis_eh1I3SlZn48_075_090.mp4,489,8.158150,0,0.689232,68.416,632.275,392.799,0.990023,631.818,393.054,563.867,393.797,0.987157,563.867,393.797,645.700,439.441,0.965532,645.700,439.758,554.561,442.914,0.954351,554.561,441.326,634.667,455.171,0.969438,634.528,455.171,546.726,430.018,0.958439,547.714,430.018
/home/it-admin/.hermes/profiles/juggling-tracker/workspace/juggling-yolo/videos/youtube_juggling_for_data_analysis_eh1I3SlZn48_075_090.mp4,490,8.174833,0,0.877529,68.119,631.818,392.767,0.988558,632.174,393.054,563.713,394.141,0.986686,563.867,393.797,643.586,439.758,0.949477,644.537,440.030,556.092,442.585,0.937216,554.561,441.326,628.785,450.807,0.945373,628.785,450.807,547.714,435.915,0.926428,546.726,435.915
/home/it-admin/.hermes/profiles/juggling-tracker/workspace/juggling-yolo/videos/youtube_juggling_for_data_analysis_eh1I3SlZn48_075_090.mp4,491,8.191517,0,0.873246,68.494,632.328,393.208,0.988193,632.275,392.799,563.843,394.329,0.985525,563.867,393.797,643.968,440.104,0.939284,644.537,440.104,554.909,441.326,0.903925,554.561,441.326,628.226,446.672,0.925699,628.785,446.672,546.653,440.494,0.863990,546.653,440.494
/home/it-admin/.hermes/profiles/juggling-tracker/workspace/juggling-yolo/videos/youtube_juggling_for_data_analysis_eh1I3SlZn48_075_090.mp4,492,8.208200,0,0.880270,67.640,632.174,393.144,0.988208,632.328,392.767,564.534,393.318,0.988271,564.534,393.318,644.537,441.284,0.942208,644.438,441.284,553.074,438.460,0.936942,553.074,439.110,628.453,437.930,0.925041,628.785,437.930,545.003,444.072,0.901351,546.653,444.072
/home/it-admin/.hermes/profiles/juggling-tracker/workspace/juggling-yolo/videos/youtube_juggling_for_data_analysis_eh1I3SlZn48_075_090.mp4,493,8.224883,0,0.884868,68.363,632.962,392.668,0.988405,632.604,392.668,564.599,392.747,0.989597,564.599,392.747,644.776,441.670,0.953625,644.537,441.284,552.732,438.372,0.961954,552.964,438.460,629.718,430.385,0.953910,629.372,430.385,544.275,447.822,0.955335,546.653,447.822
/home/it-admin/.hermes/profiles/juggling-tracker/workspace/juggling-yolo/videos/youtube_juggling_for_data_analysis_eh1I3SlZn48_075_090.mp4,494,8.241567,0,0.885530,68.047,632.765,391.647,0.988940,632.604,391.647,564.721,392.366,0.989211,564.721,392.366,644.438,441.555,0.963255,644.776,441.284,552.964,439.110,0.953412,552.964,438.460,629.372,428.893,0.964311,629.372,428.893,548.516,454.020,0.935028,546.763,454.020
/home/it-admin/.hermes/profiles/juggling-tracker/workspace/juggling-yolo/videos/youtube_juggling_for_data_analysis_eh1I3SlZn48_075_090.mp4,495,8.258250,0,0.891115,67.372,632.604,389.956,0.990048,632.604,389.993,565.255,391.708,0.990228,565.224,391.708,644.901,439.019,0.972061,644.776,439.287,552.717,438.382,0.968930,552.735,439.110,629.840,423.692,0.972861,629.718,423.692,546.763,458.478,0.961687,548.516,458.478
/home/it-admin/.hermes/profiles/juggling-tracker/workspace/juggling-yolo/videos/youtube_juggling_for_data_analysis_eh1I3SlZn48_075_090.mp4,496,8.274933,0,0.890624,66.619,631.852,389.634,0.990891,631.852,389.956,565.255,391.355,0.990848,565.224,391.708,644.848,439.287,0.975393,644.438,439.019,553.508,439.285,0.969696,552.939,439.110,627.423,410.376,0.971710,629.840,410.376,552.138,461.186,0.956264,551.697,461.186
/home/it-admin/.hermes/profiles/juggling-tracker/workspace/juggling-yolo/videos/youtube_juggling_for_data_analysis_eh1I3SlZn48_075_090.mp4,497,8.291617,0,0.893525,65.644,630.856,389.993,0.990788,630.856,389.956,565.224,391.285,0.991298,565.224,391.708,643.773,438.129,0.977318,644.848,438.129,552.735,439.309,0.977686,552.939,439.020,633.231,400.497,0.972828,633.231,400.733,552.015,465.789,0.970812,552.015,465.789
/home/it-admin/.hermes/profiles/juggling-tracker/workspace/juggling-yolo/videos/youtube_juggling_for_data_analysis_eh1I3SlZn48_075_090.mp4,498,8.308300,0,0.891108,64.235,629.198,389.884,0.989443,629.367,389.993,564.989,391.715,0.990331,565.224,391.715,644.326,436.587,0.978133,644.848,436.587,552.939,439.020,0.981278,552.939,439.020,636.992,399.423,0.976326,636.992,400.733,551.697,468.156,0.979079,552.138,468.023
/home/it-admin/.hermes/profiles/juggling-tracker/workspace/juggling-yolo/videos/youtube_juggling_for_data_analysis_eh1I3SlZn48_075_090.mp4,499,8.324983,0,0.887787,64.245,629.367,391.065,0.987592,629.367,390.839,565.130,392.007,0.989605,565.224,391.977,645.314,435.671,0.972747,645.314,435.961,553.166,438.740,0.977459,552.939,439.020,640.184,400.733,0.973285,640.184,400.497,553.178,468.023,0.974520,553.178,468.156
/home/it-admin/.hermes/profiles/juggling-tracker/workspace/juggling-yolo/videos/youtube_juggling_for_data_analysis_eh1I3SlZn48_075_090.mp4,500,8.341667,0,0.887198,63.839,629.132,391.393,0.988645,629.367,390.839,565.299,392.256,0.989855,565.299,391.977,646.244,435.961,0.975561,646.145,435.671,552.810,438.760,0.979505,553.142,439.020,641.831,400.740,0.973725,641.831,400.452,554.851,468.678,0.977399,554.851,468.678
/home/it-admin/.hermes/profiles/juggling-tracker/workspace/juggling-yolo/videos/youtube_juggling_for_data_analysis_eh1I3SlZn48_075_090.mp4,501,8.358350,0,0.890834,64.950,630.696,390.839,0.987468,630.696,391.065,565.756,391.977,0.991457,565.665,392.007,646.145,433.806,0.966307,646.145,435.671,553.142,439.839,0.978900,553.166,439.503,644.544,400.452,0.969836,644.544,400.733,558.100,471.404,0.976038,558.100,468.678
/home/it-admin/.hermes/profiles/juggling-tracker/workspace/juggling-yolo/videos/youtube_juggling_for_data_analysis_eh1I3SlZn48_075_090.mp4,502,8.375033,0,0.747328,65.955,632.019,390.708,0.990244,632.019,391.342,566.066,391.323,0.994081,565.745,392.256,646.715,433.658,0.967033,646.244,433.806,553.860,439.503,0.982063,553.142,439.839,649.801,397.757,0.967610,649.801,400.740,559.611,469.790,0.974065,559.447,468.678
/home/it-admin/.hermes/profiles/juggling-tracker/workspace/juggling-yolo/videos/youtube_juggling_for_data_analysis_eh1I3SlZn48_075_090.mp4,503,8.391717,0,0.886748,66.994,632.652,391.559,0.988796,632.019,391.147,565.665,392.455,0.991515,565.756,392.455,645.964,436.116,0.963242,646.145,433.806,553.587,440.347,0.975868,553.142,440.347,651.261,403.356,0.961134,651.261,403.356,559.447,465.268,0.969490,559.611,465.268
/home/it-admin/.hermes/profiles/juggling-tracker/workspace/juggling-yolo/videos/youtube_juggling_for_data_analysis_eh1I3SlZn48_075_090.mp4,504,8.408400,0,0.874996,66.731,632.462,391.342,0.986935,632.019,391.342,565.745,392.673,0.992057,565.745,392.673,646.539,433.211,0.944031,645.964,435.586,552.879,441.373,0.976638,552.879,441.373,653.665,404.955,0.935263,651.261,404.955,563.343,460.057,0.966666,562.565,460.057
/home/it-admin/.hermes/profiles/juggling-tracker/workspace/juggling-yolo/videos/youtube_juggling_for_data_analysis_eh1I3SlZn48_075_090.mp4,505,8.425083,0,0.873694,65.912,631.836,391.147,0.986091,632.462,391.559,565.946,392.839,0.991574,565.743,392.839,645.555,435.586,0.939570,645.843,435.586,551.632,442.304,0.971448,551.632,442.304,652.842,414.991,0.926896,651.261,414.991,562.565,452.302,0.950383,563.343,452.302
/home/it-admin/.hermes/profiles/juggling-tracker/workspace/juggling-yolo/videos/youtube_juggling_for_data_analysis_eh1I3SlZn48_075_090.mp4,506,8.441767,0,0.882839,66.234,631.962,391.702,0.988159,632.462,391.421,565.743,393.116,0.990935,565.743,392.839,644.785,439.768,0.953060,645.843,435.175,551.011,443.642,0.962276,551.011,443.290,650.264,425.798,0.936341,650.330,425.798,566.162,446.785,0.919426,563.343,446.785
/home/it-admin/.hermes/profiles/juggling-tracker/workspace/juggling-yolo/videos/youtube_juggling_for_data_analysis_eh1I3SlZn48_075_090.mp4,507,8.458450,0,0.885068,67.074,632.645,391.693,0.985855,632.645,391.693,565.585,393.042,0.991778,565.585,392.839,645.843,435.175,0.934134,645.843,435.586,549.021,443.290,0.971660,549.021,443.290,649.603,427.353,0.931175,650.264,427.353,564.007,442.322,0.954005,562.565,442.322
/home/it-admin/.hermes/profiles/juggling-tracker/workspace/juggling-yolo/videos/youtube_juggling_for_data_analysis_eh1I3SlZn48_075_090.mp4,508,8.475133,0,0.884917,68.199,633.243,391.421,0.985550,633.243,391.702,565.056,392.696,0.991734,565.543,392.696,649.351,432.248,0.931920,646.602,439.768,548.939,444.042,0.976402,549.021,443.290,650.330,429.940,0.928003,649.603,429.940,562.025,435.342,0.966056,562.025,435.342
/home/it-admin/.hermes/profiles/juggling-tracker/workspace/juggling-yolo/videos/youtube_juggling_for_data_analysis_eh1I3SlZn48_075_090.mp4,509,8.491817,0,0.882370,68.553,633.279,392.186,0.986807,633.243,392.186,564.730,391.457,0.991492,565.543,392.093,646.602,440.250,0.940215,646.602,440.250,547.561,443.080,0.976253,549.021,443.080,648.835,438.269,0.934424,648.835,438.269,560.527,427.423,0.965295,560.527,427.423
/home/it-admin/.hermes/profiles/juggling-tracker/workspace/juggling-yolo/videos/youtube_juggling_for_data_analysis_eh1I3SlZn48_075_090.mp4,510,8.508500,0,0.885769,67.869,633.404,393.152,0.990163,633.279,392.250,565.543,392.093,0.989929,565.543,391.457,648.805,444.885,0.955848,646.602,440.724,549.974,441.996,0.964704,549.705,441.996,640.903,446.750,0.937268,640.903,446.750,558.454,422.960,0.943469,558.454,422.960
/home/it-admin/.hermes/profiles/juggling-tracker/workspace/juggling-yolo/videos/youtube_juggling_for_data_analysis_eh1I3SlZn48_075_090.mp4,511,8.525183,0,0.885630,66.349,633.241,392.250,0.988919,633.357,392.399,566.908,390.810,0.988818,565.543,390.810,645.024,441.063,0.957543,646.602,440.724,549.705,439.980,0.968971,549.705,439.980,640.542,447.909,0.953315,640.542,447.909,555.251,414.786,0.963682,555.251,414.786
/home/it-admin/.hermes/profiles/juggling-tracker/workspace/juggling-yolo/videos/youtube_juggling_for_data_analysis_eh1I3SlZn48_075_090.mp4,512,8.541867,0,0.884306,66.866,633.457,392.684,0.990127,633.396,392.684,566.619,390.729,0.985309,565.543,390.729,644.625,440.724,0.965442,646.410,440.724,550.312,435.206,0.948768,549.705,435.206,637.058,456.181,0.969225,637.058,455.922,551.202,408.967,0.952480,551.202,408.967
/home/it-admin/.hermes/profiles/juggling-tracker/workspace/juggling-yolo/videos/youtube_juggling_for_data_analysis_eh1I3SlZn48_075_090.mp4,513,8.558550,0,0.780588,68.110,633.357,392.399,0.990336,633.357,392.684,565.269,390.669,0.981331,566.248,390.669,647.042,439.084,0.971727,645.938,439.180,548.524,430.051,0.939220,548.685,430.051,634.717,458.663,0.975767,636.558,456.181,548.236,406.306,0.950518,548.236,406.306
/home/it-admin/.hermes/profiles/juggling-tracker/workspace/juggling-yolo/videos/youtube_juggling_for_data_analysis_eh1I3SlZn48_075_090.mp4,514,8.575233,0,0.871549,68.058,633.396,392.769,0.992150,633.357,392.758,565.389,390.137,0.986814,566.248,390.669,646.410,438.870,0.976641,646.000,439.180,547.742,421.025,0.942386,548.685,424.214,636.558,455.922,0.977468,634.717,456.181,547.035,398.269,0.949305,547.035,402.672
/home/it-admin/.hermes/profiles/juggling-tracker/workspace/juggling-yolo/videos/youtube_juggling_for_data_analysis_eh1I3SlZn48_075_090.mp4,515,8.591917,0,0.873762,67.147,633.334,392.817,0.993121,633.357,392.769,566.248,389.953,0.987076,566.248,390.669,645.938,439.180,0.975281,646.000,439.180,548.685,414.173,0.926160,548.524,421.025,633.695,456.918,0.975847,633.695,455.922,540.967,393.305,0.934127,540.967,399.165
/home/it-admin/.hermes/profiles/juggling-tracker/workspace/juggling-yolo/videos/youtube_juggling_for_data_analysis_eh1I3SlZn48_075_090.mp4,516,8.608600,0,0.877546,66.682,633.254,392.758,0.993285,633.396,392.817,566.586,391.379,0.989363,566.579,391.379,646.000,439.781,0.976770,645.938,439.180,550.974,424.214,0.941709,548.685,421.025,632.571,455.429,0.976881,632.571,455.429,540.252,402.672,0.943056,540.252,399.165
/home/it-admin/.hermes/profiles/juggling-tracker/workspace/juggling-yolo/videos/youtube_juggling_for_data_analysis_eh1I3SlZn48_075_090.mp4,517,8.625283,0,0.871395,66.955,633.827,393.028,0.992248,633.465,392.964,566.892,391.423,0.990923,566.579,391.423,644.287,439.920,0.972420,644.287,439.756,548.522,419.348,0.950521,549.904,424.214,632.403,452.836,0.971049,632.403,452.836,536.427,399.165,0.935839,536.427,402.672
/home/it-admin/.hermes/profiles/juggling-tracker/workspace/juggling-yolo/videos/youtube_juggling_for_data_analysis_eh1I3SlZn48_075_090.mp4,518,8.641967,0,0.880379,66.890,633.465,392.964,0.991138,633.827,393.028,566.579,392.195,0.992216,566.579,392.195,642.939,439.096,0.963753,643.482,439.781,550.194,426.028,0.965744,550.194,426.028,627.973,449.479,0.955550,627.973,449.479,532.846,410.055,0.953423,536.427,410.055
/home/it-admin/.hermes/profiles/juggling-tracker/workspace/juggling-yolo/videos/youtube_juggling_for_data_analysis_eh1I3SlZn48_075_090.mp4,519,8.658650,0,0.880797,67.605,634.117,393.541,0.990481,634.117,393.450,566.516,392.803,0.992018,566.516,392.803,643.482,439.756,0.954306,643.081,439.920,549.904,430.222,0.963868,550.194,430.222,626.844,445.287,0.943147,627.530,445.287,536.151,423.746,0.952362,536.427,423.746
/home/it-admin/.hermes/profiles/juggling-tracker/workspace/juggling-yolo/videos/youtube_juggling_for_data_analysis_eh1I3SlZn48_075_090.mp4,520,8.675333,0,0.868597,68.648,634.551,393.619,0.989927,634.551,393.450,565.904,393.127,0.990762,566.320,392.803,641.960,440.956,0.937590,643.081,440.956,550.972,433.063,0.949367,550.972,433.063,626.407,436.198,0.917701,627.530,436.198,538.920,429.414,0.936104,536.846,429.414
/home/it-admin/.hermes/profiles/juggling-tracker/workspace/juggling-yolo/videos/youtube_juggling_for_data_analysis_eh1I3SlZn48_075_090.mp4,521,8.692017,0,0.875473,69.365,635.366,393.450,0.988812,634.804,393.450,566.002,393.501,0.992828,566.320,392.803,643.081,442.726,0.944274,643.482,442.478,552.657,438.429,0.961016,552.657,438.429,627.530,426.162,0.938111,627.530,426.496,536.846,435.323,0.935039,538.920,435.323
/home/it-admin/.hermes/profiles/juggling-tracker/workspace/juggling-yolo/videos/youtube_juggling_for_data_analysis_eh1I3SlZn48_075_090.mp4,522,8.708700,0,0.872280,68.487,634.804,391.629,0.985969,634.804,391.954,566.320,392.374,0.988172,566.320,392.374,643.780,442.478,0.942331,643.780,442.478,553.961,439.513,0.926699,552.657,438.429,630.241,426.496,0.943414,628.410,426.162,544.851,440.029,0.869987,544.851,440.029
/home/it-admin/.hermes/profiles/juggling-tracker/workspace/juggling-yolo/videos/youtube_juggling_for_data_analysis_eh1I3SlZn48_075_090.mp4,523,8.725383,0,0.880026,68.172,634.895,391.954,0.990127,634.804,391.629,566.730,391.018,0.988251,566.730,391.018,645.061,444.949,0.968274,644.284,442.478,553.243,439.720,0.927018,552.657,439.513,628.410,419.068,0.962401,630.241,419.068,549.720,448.007,0.858514,545.056,447.638
/home/it-admin/.hermes/profiles/juggling-tracker/workspace/juggling-yolo/videos/youtube_juggling_for_data_analysis_eh1I3SlZn48_075_090.mp4,524,8.742067,0,0.625316,67.130,634.053,390.036,0.989770,634.053,390.556,566.923,390.284,0.989492,566.827,390.727,646.716,441.479,0.971608,645.061,441.479,551.747,437.531,0.960506,552.077,439.513,632.622,410.221,0.971700,632.622,410.221,545.056,447.638,0.941931,549.588,448.007
/home/it-admin/.hermes/profiles/juggling-tracker/workspace/juggling-yolo/videos/youtube_juggling_for_data_analysis_eh1I3SlZn48_075_090.mp4,525,8.758750,0,0.876742,64.237,631.063,390.556,0.987071,631.669,390.556,566.827,390.727,0.988051,566.923,390.727,644.284,439.669,0.970819,646.716,439.669,552.077,439.541,0.955555,551.747,437.531,637.352,403.860,0.965175,637.352,403.860,554.911,453.840,0.908423,549.720,453.840
/home/it-admin/.hermes/profiles/juggling-tracker/workspace/juggling-yolo/videos/youtube_juggling_for_data_analysis_eh1I3SlZn48_075_090.mp4,526,8.775433,0,0.888254,64.398,631.393,389.828,0.986110,631.669,390.556,566.999,390.586,0.989934,566.923,390.727,647.797,433.605,0.960840,647.797,433.605,551.490,437.057,0.969578,551.490,437.234,640.845,400.552,0.964545,640.845,400.552,549.588,458.490,0.960263,550.820,458.490
/home/it-admin/.hermes/profiles/juggling-tracker/workspace/juggling-yolo/videos/youtube_juggling_for_data_analysis_eh1I3SlZn48_075_090.mp4,527,8.792117,0,0.885541,64.518,631.669,390.924,0.984873,631.669,390.556,567.152,391.299,0.989640,566.827,391.007,648.858,430.094,0.958091,648.858,430.094,550.817,436.892,0.971145,551.490,437.057,643.221,399.183,0.960848,643.221,399.183,550.820,462.786,0.962889,553.558,462.786
/home/it-admin/.hermes/profiles/juggling-tracker/workspace/juggling-yolo/videos/youtube_juggling_for_data_analysis_eh1I3SlZn48_075_090.mp4,528,8.808800,0,0.886601,65.899,632.643,391.097,0.985479,632.643,390.075,566.744,391.007,0.991122,566.744,391.299,649.277,424.788,0.950250,648.890,424.788,551.392,437.234,0.975271,551.490,437.041,648.181,394.036,0.953023,648.181,394.036,553.558,467.249,0.971797,553.558,465.481
/home/it-admin/.hermes/profiles/juggling-tracker/workspace/juggling-yolo/videos/youtube_juggling_for_data_analysis_eh1I3SlZn48_075_090.mp4,529,8.825483,0,0.881810,66.763,633.316,388.439,0.986940,633.316,390.924,566.631,391.662,0.994760,566.658,391.560,650.492,399.820,0.923164,648.890,416.277,552.643,436.557,0.980746,552.643,436.892,655.820,379.596,0.922604,655.820,394.036,555.703,466.867,0.975290,555.703,465.481
/home/it-admin/.hermes/profiles/juggling-tracker/workspace/juggling-yolo/videos/youtube_juggling_for_data_analysis_eh1I3SlZn48_075_090.mp4,530,8.842167,0,0.883346,67.469,634.059,390.075,0.986522,633.316,391.097,566.609,391.687,0.994389,566.658,391.662,648.890,412.263,0.938570,648.890,416.277,552.926,437.041,0.979719,552.926,437.041,657.847,389.331,0.950684,657.245,394.036,556.782,465.481,0.973698,556.782,465.481
/home/it-admin/.hermes/profiles/juggling-tracker/workspace/juggling-yolo/videos/youtube_juggling_for_data_analysis_eh1I3SlZn48_075_090.mp4,531,8.858850,0,0.882164,67.218,633.875,391.123,0.988040,633.316,391.123,566.658,391.560,0.994512,566.658,391.687,647.870,416.277,0.939525,647.870,416.277,553.309,436.609,0.980524,552.926,437.041,657.554,395.364,0.944889,657.245,395.364,558.007,461.622,0.975377,557.871,461.622
/home/it-admin/.hermes/profiles/juggling-tracker/workspace/juggling-yolo/videos/youtube_juggling_for_data_analysis_eh1I3SlZn48_075_090.mp4,532,8.875533,0,0.862669,66.142,633.084,392.033,0.986840,633.084,392.033,566.942,391.739,0.994332,566.754,391.739,643.846,426.086,0.923963,645.310,425.196,553.218,437.231,0.979688,552.926,437.231,657.245,407.526,0.921735,657.245,407.526,557.871,461.172,0.972234,558.007,461.172
/home/it-admin/.hermes/profiles/juggling-tracker/workspace/juggling-yolo/videos/youtube_juggling_for_data_analysis_eh1I3SlZn48_075_090.mp4,533,8.892217,0,0.845235,65.901,632.870,392.050,0.983215,632.870,392.050,566.970,391.852,0.992412,566.754,391.852,645.310,425.196,0.882979,643.846,426.086,551.589,438.682,0.976328,551.589,438.682,656.473,412.380,0.836835,656.473,412.380,561.644,454.903,0.962657,561.644,454.903
/home/it-admin/.hermes/profiles/juggling-tracker/workspace/juggling-yolo/videos/youtube_juggling_for_data_analysis_eh1I3SlZn48_075_090.mp4,534,8.908900,0,0.873540,66.047,632.801,392.723,0.985914,632.870,392.723,566.754,392.490,0.992928,566.754,392.404,643.124,431.650,0.924438,643.846,431.650,550.224,442.233,0.978020,550.224,442.233,656.154,422.187,0.889175,656.473,422.187,567.321,452.310,0.955648,565.550,452.310
/home/it-admin/.hermes/profiles/juggling-tracker/workspace/juggling-yolo/videos/youtube_juggling_for_data_analysis_eh1I3SlZn48_075_090.mp4,535,8.925583,0,0.880176,66.200,632.768,392.754,0.986555,632.870,392.723,566.569,392.404,0.992888,566.569,392.404,643.510,434.444,0.937080,645.310,434.432,549.491,442.729,0.979878,549.491,442.667,654.880,429.954,0.914331,656.473,429.954,569.417,445.803,0.959183,565.550,445.803
/home/it-admin/.hermes/profiles/juggling-tracker/workspace/juggling-yolo/videos/youtube_juggling_for_data_analysis_eh1I3SlZn48_075_090.mp4,536,8.942267,0,0.881153,68.437,634.367,392.736,0.989444,634.051,392.736,565.930,392.460,0.994228,565.930,392.404,648.961,434.432,0.946959,648.961,434.444,547.898,442.667,0.979215,547.898,442.729,656.913,433.600,0.937006,656.154,433.600,565.550,437.732,0.966354,565.550,437.732
/home/it-admin/.hermes/profiles/juggling-tracker/workspace/juggling-yolo/videos/youtube_juggling_for_data_analysis_eh1I3SlZn48_075_090.mp4,537,8.958950,0,0.872017,68.799,634.051,392.530,0.990579,634.051,392.736,565.254,392.007,0.993638,565.505,392.015,649.929,436.789,0.948545,649.929,436.789,547.035,443.415,0.978390,547.035,442.729,659.115,434.462,0.928809,654.880,434.462,561.384,433.810,0.970321,563.388,433.810
/home/it-admin/.hermes/profiles/juggling-tracker/workspace/juggling-yolo/videos/youtube_juggling_for_data_analysis_eh1I3SlZn48_075_090.mp4,538,8.975633,0,0.872821,68.904,634.402,393.024,0.991822,634.051,392.736,565.505,392.015,0.994144,565.254,392.015,653.189,438.958,0.939775,650.331,438.958,546.641,443.258,0.980341,547.035,443.258,649.342,444.941,0.881771,649.342,444.941,563.388,426.079,0.969925,561.384,426.079
/home/it-admin/.hermes/profiles/juggling-tracker/workspace/juggling-yolo/videos/youtube_juggling_for_data_analysis_eh1I3SlZn48_075_090.mp4,539,8.992317,0,0.879477,69.042,633.876,392.092,0.992393,633.876,392.530,564.834,391.731,0.993271,565.069,392.015,651.918,440.025,0.961288,650.331,438.958,546.914,442.636,0.976865,547.035,443.258,645.171,452.652,0.930943,645.171,452.652,558.736,426.036,0.966012,558.736,426.036
/home/it-admin/.hermes/profiles/juggling-tracker/workspace/juggling-yolo/videos/youtube_juggling_for_data_analysis_eh1I3SlZn48_075_090.mp4,540,9.009000,0,0.881682,68.608,633.675,392.861,0.991249,633.675,392.515,565.069,393.402,0.991493,565.003,392.146,650.331,440.242,0.964943,650.345,438.958,548.384,444.753,0.971213,546.914,442.636,641.259,453.854,0.948992,645.070,453.854,557.540,423.486,0.948396,557.540,423.486
/home/it-admin/.hermes/profiles/juggling-tracker/workspace/juggling-yolo/videos/youtube_juggling_for_data_analysis_eh1I3SlZn48_075_090.mp4,541,9.025683,0,0.879831,69.046,633.183,392.268,0.990721,633.300,392.515,564.162,394.160,0.986853,564.973,392.146,648.796,436.831,0.970831,650.345,438.447,549.461,442.578,0.921983,548.090,442.578,642.633,456.166,0.966501,642.633,456.166,555.442,419.420,0.857136,555.442,419.420
/home/it-admin/.hermes/profiles/juggling-tracker/workspace/juggling-yolo/videos/youtube_juggling_for_data_analysis_eh1I3SlZn48_075_090.mp4,542,9.042367,0,0.870827,68.298,633.300,392.515,0.991272,633.183,392.562,565.003,392.146,0.975515,565.003,392.146,650.345,437.647,0.971666,650.345,438.447,545.725,432.136,0.853422,548.384,436.238,645.070,457.164,0.973794,642.160,457.164,551.606,411.737,0.846435,551.606,414.249
/home/it-admin/.hermes/profiles/juggling-tracker/workspace/juggling-yolo/videos/youtube_juggling_for_data_analysis_eh1I3SlZn48_075_090.mp4,543,9.059050,0,0.864674,68.064,633.033,392.562,0.989966,633.183,392.562,564.973,391.819,0.974303,565.003,391.819,651.222,438.447,0.973405,650.345,438.447,548.090,436.238,0.892278,549.461,432.136,642.160,462.456,0.979467,642.160,461.620,548.718,414.249,0.910664,548.718,411.737
/home/it-admin/.hermes/profiles/juggling-tracker/workspace/juggling-yolo/videos/youtube_juggling_for_data_analysis_eh1I3SlZn48_075_090.mp4,544,9.075733,0,0.874566,66.902,633.045,392.651,0.993453,633.045,392.651,566.150,391.700,0.983421,565.503,391.819,650.980,439.928,0.976528,650.345,438.615,550.928,425.771,0.877128,549.635,426.384,641.104,463.019,0.976243,641.104,461.620,548.221,406.179,0.887288,548.221,411.617
/home/it-admin/.hermes/profiles/juggling-tracker/workspace/juggling-yolo/videos/youtube_juggling_for_data_analysis_eh1I3SlZn48_075_090.mp4,545,9.092417,0,0.883346,67.300,633.244,392.765,0.993605,633.033,392.733,565.970,390.897,0.988441,565.721,391.819,649.887,439.847,0.975644,649.887,439.847,549.635,422.120,0.934366,549.892,426.384,638.911,461.620,0.974037,638.911,461.620,542.736,408.137,0.940358,547.622,411.617
/home/it-admin/.hermes/profiles/juggling-tracker/workspace/juggling-yolo/videos/youtube_juggling_for_data_analysis_eh1I3SlZn48_075_090.mp4,546,9.109100,0,0.886440,67.267,632.766,392.733,0.992981,632.766,392.765,565.503,392.107,0.990124,565.970,392.107,649.208,438.615,0.976938,649.208,439.928,549.892,426.384,0.946559,550.928,426.384,635.802,456.926,0.974688,635.802,456.926,540.368,411.617,0.936124,547.622,411.617
/home/it-admin/.hermes/profiles/juggling-tracker/workspace/juggling-yolo/videos/youtube_juggling_for_data_analysis_eh1I3SlZn48_075_090.mp4,547,9.125783,0,0.879591,66.895,632.614,393.078,0.991112,632.766,393.078,565.721,393.412,0.982864,565.970,393.412,648.483,440.914,0.965873,649.092,440.779,557.506,436.789,0.896701,554.701,436.789,631.278,456.426,0.962775,631.278,456.426,547.622,427.905,0.880845,547.622,427.905
/home/it-admin/.hermes/profiles/juggling-tracker/workspace/juggling-yolo/videos/youtube_juggling_for_data_analysis_eh1I3SlZn48_075_090.mp4,548,9.142467,0,0.882398,66.592,632.607,393.364,0.991088,632.766,393.196,566.016,393.728,0.986554,566.016,393.412,649.092,442.540,0.966420,649.092,440.914,556.633,439.764,0.925189,556.633,439.490,630.049,452.796,0.958544,630.872,452.796,547.908,435.724,0.894101,547.908,435.724
/home/it-admin/.hermes/profiles/juggling-tracker/workspace/juggling-yolo/videos/youtube_juggling_for_data_analysis_eh1I3SlZn48_075_090.mp4,549,9.159150,0,0.878451,66.740,633.048,393.236,0.990067,633.048,393.196,566.311,393.905,0.988704,566.239,393.412,648.873,440.779,0.953217,649.092,442.540,554.701,439.490,0.931375,556.633,439.764,630.776,442.919,0.931001,630.872,442.919,549.063,437.843,0.874177,549.063,437.843
/home/it-admin/.hermes/profiles/juggling-tracker/workspace/juggling-yolo/videos/youtube_juggling_for_data_analysis_eh1I3SlZn48_075_090.mp4,550,9.175833,0,0.880845,67.720,633.958,393.196,0.990088,633.958,393.196,566.239,393.200,0.988446,566.311,393.200,649.334,443.452,0.953863,649.334,443.452,556.669,442.529,0.904908,555.466,440.724,630.872,436.757,0.924026,630.872,436.757,565.947,460.746,0.779549,558.274,449.471
/home/it-admin/.hermes/profiles/juggling-tracker/workspace/juggling-yolo/videos/youtube_juggling_for_data_analysis_eh1I3SlZn48_075_090.mp4,551,9.192517,0,0.880564,68.010,634.398,392.385,0.990166,633.958,392.385,566.387,392.552,0.988491,566.311,392.552,649.940,444.507,0.962124,649.664,443.452,555.170,440.724,0.926123,555.170,440.795,632.941,431.112,0.952994,630.872,431.112,558.274,449.471,0.859298,558.274,454.802
/home/it-admin/.hermes/profiles/juggling-tracker/workspace/juggling-yolo/videos/youtube_juggling_for_data_analysis_eh1I3SlZn48_075_090.mp4,552,9.209200,0,0.879876,67.518,634.027,391.105,0.990585,633.958,391.259,566.514,391.958,0.988450,566.242,392.097,649.664,444.355,0.963135,649.799,443.452,555.466,441.602,0.924382,555.170,440.795,635.090,422.033,0.950731,632.941,422.033,562.990,454.802,0.850378,558.274,460.104
/home/it-admin/.hermes/profiles/juggling-tracker/workspace/juggling-yolo/videos/youtube_juggling_for_data_analysis_eh1I3SlZn48_075_090.mp4,553,9.225883,0,0.883921,67.714,633.947,390.607,0.991747,633.947,391.259,566.242,391.699,0.990654,566.251,391.972,649.799,440.319,0.964784,649.940,441.797,553.335,440.795,0.946882,553.335,440.724,630.621,413.173,0.933874,635.090,417.118,555.040,460.104,0.881836,555.040,460.104
/home/it-admin/.hermes/profiles/juggling-tracker/workspace/juggling-yolo/videos/youtube_juggling_for_data_analysis_eh1I3SlZn48_075_090.mp4,554,9.242567,0,0.883945,66.895,632.964,391.259,0.990604,633.094,391.105,566.074,392.097,0.990640,566.242,391.958,651.178,439.513,0.960631,649.799,440.319,553.233,438.743,0.967108,553.335,439.101,637.955,417.118,0.940889,637.955,413.173,551.026,461.399,0.951056,552.771,461.399
/home/it-admin/.hermes/profiles/juggling-tracker/workspace/juggling-yolo/videos/youtube_juggling_for_data_analysis_eh1I3SlZn48_075_090.mp4,555,9.259250,0,0.891327,64.645,630.896,392.040,0.989888,633.094,390.913,566.251,391.972,0.990246,566.242,391.972,650.312,441.797,0.972530,649.799,439.513,552.966,439.101,0.975845,553.335,438.743,645.945,409.631,0.968915,645.945,409.631,551.988,466.864,0.970953,552.771,466.864
/home/it-admin/.hermes/profiles/juggling-tracker/workspace/juggling-yolo/videos/youtube_juggling_for_data_analysis_eh1I3SlZn48_075_090.mp4,556,9.275933,0,0.873336,66.975,633.094,389.319,0.980046,633.085,390.913,566.170,391.937,0.990517,566.170,392.097,648.024,422.530,0.895596,649.740,428.366,553.559,437.723,0.976099,553.559,438.428,649.614,394.866,0.882290,649.614,394.866,552.771,467.301,0.971879,552.771,467.301
/home/it-admin/.hermes/profiles/juggling-tracker/workspace/juggling-yolo/videos/youtube_juggling_for_data_analysis_eh1I3SlZn48_075_090.mp4,557,9.292617,0,0.868085,66.874,633.260,390.913,0.987783,633.085,390.913,566.399,392.213,0.992757,566.170,392.194,645.256,428.366,0.943082,648.024,428.366,553.853,437.661,0.980858,553.559,438.428,655.888,394.001,0.935489,655.888,394.866,554.244,468.483,0.976362,554.244,468.483
/home/it-admin/.hermes/profiles/juggling-tracker/workspace/juggling-yolo/videos/youtube_juggling_for_data_analysis_eh1I3SlZn48_075_090.mp4,558,9.309300,0,0.874046,67.073,633.085,390.865,0.988800,633.094,390.913,566.029,392.341,0.994157,566.029,392.213,649.740,415.899,0.932053,646.541,428.366,553.918,438.428,0.981094,553.559,438.428,662.520,388.612,0.917081,660.737,394.866,556.176,470.895,0.976091,556.176,468.483
/home/it-admin/.hermes/profiles/juggling-tracker/workspace/juggling-yolo/videos/youtube_juggling_for_data_analysis_eh1I3SlZn48_075_090.mp4,559,9.325983,0,0.871810,66.672,632.622,391.591,0.988679,633.150,391.591,565.954,392.194,0.994117,565.954,392.341,646.541,429.146,0.945955,645.328,429.146,553.354,439.778,0.981196,553.399,439.778,662.421,398.898,0.943612,660.737,398.898,558.196,469.417,0.974217,558.196,468.483
/home/it-admin/.hermes/profiles/juggling-tracker/workspace/juggling-yolo/videos/youtube_juggling_for_data_analysis_eh1I3SlZn48_075_090.mp4,560,9.342667,0,0.862450,67.661,633.429,391.916,0.989404,633.150,391.916,565.769,392.347,0.993753,565.817,392.347,644.621,441.425,0.953707,645.328,432.930,553.225,440.546,0.981640,553.399,439.978,660.737,415.394,0.953438,660.737,415.394,559.039,466.575,0.976857,559.039,466.575
/home/it-admin/.hermes/profiles/juggling-tracker/workspace/juggling-yolo/videos/youtube_juggling_for_data_analysis_eh1I3SlZn48_075_090.mp4,561,9.359350,0,0.862143,67.361,633.150,392.448,0.985447,633.429,392.448,565.793,393.212,0.991086,565.817,392.895,645.328,432.930,0.895253,644.709,436.374,553.399,440.361,0.975812,553.354,440.361,660.114,417.070,0.832783,660.114,417.070,559.824,465.241,0.968676,559.824,465.241
/home/it-admin/.hermes/profiles/juggling-tracker/workspace/juggling-yolo/videos/youtube_juggling_for_data_analysis_eh1I3SlZn48_075_090.mp4,562,9.376033,0,0.853608,67.794,633.610,392.758,0.987300,633.595,392.758,565.817,392.895,0.991677,565.793,393.133,643.673,436.543,0.925143,644.621,436.543,553.906,439.978,0.975340,553.225,440.546,659.267,424.882,0.897791,659.267,424.882,559.940,460.579,0.967298,559.940,460.579
/home/it-admin/.hermes/profiles/juggling-tracker/workspace/juggling-yolo/videos/youtube_juggling_for_data_analysis_eh1I3SlZn48_075_090.mp4,563,9.392717,0,0.869991,67.652,633.595,392.896,0.987153,633.610,392.896,565.943,393.133,0.991985,565.815,393.212,644.709,436.374,0.928840,643.673,436.543,552.464,441.545,0.976735,552.520,441.545,658.741,427.459,0.904001,658.741,427.459,564.102,455.649,0.965867,562.650,455.649
/home/it-admin/.hermes/profiles/juggling-tracker/workspace/juggling-yolo/videos/youtube_juggling_for_data_analysis_eh1I3SlZn48_075_090.mp4,564,9.409400,0,0.879028,68.242,633.820,393.092,0.986264,633.610,393.092,565.579,393.421,0.991127,565.815,393.421,642.936,438.890,0.909076,643.132,438.890,551.509,442.778,0.971647,552.464,442.453,648.714,437.680,0.862883,651.848,437.680,562.701,450.022,0.956203,562.701,450.022
/home/it-admin/.hermes/profiles/juggling-tracker/workspace/juggling-yolo/videos/youtube_juggling_for_data_analysis_eh1I3SlZn48_075_090.mp4,565,9.426083,0,0.876675,68.209,634.024,393.499,0.988285,633.595,393.165,565.815,393.653,0.990703,565.581,393.648,643.132,439.773,0.937040,643.132,439.773,552.520,442.453,0.965409,551.509,442.778,651.848,441.935,0.914752,651.848,441.935,562.650,446.364,0.945616,563.915,446.364
/home/it-admin/.hermes/profiles/juggling-tracker/workspace/juggling-yolo/videos/youtube_juggling_for_data_analysis_eh1I3SlZn48_075_090.mp4,566,9.442767,0,0.883090,67.984,633.565,393.667,0.987361,633.565,393.165,565.581,393.856,0.992236,565.579,393.648,640.902,442.656,0.894002,643.132,440.750,551.149,448.885,0.972577,551.509,448.885,634.498,441.997,0.785388,651.848,441.997,565.822,437.975,0.941692,563.480,437.975
/home/it-admin/.hermes/profiles/juggling-tracker/workspace/juggling-yolo/videos/youtube_juggling_for_data_analysis_eh1I3SlZn48_075_090.mp4,567,9.459450,0,0.881444,67.702,632.741,393.165,0.990574,633.495,393.165,565.041,393.648,0.991681,565.041,393.648,646.928,440.750,0.960218,646.928,442.037,551.166,451.421,0.977953,552.195,449.848,652.651,446.820,0.946440,651.848,446.820,563.915,434.271,0.969358,563.480,434.271
/home/it-admin/.hermes/profiles/juggling-tracker/workspace/juggling-yolo/videos/youtube_juggling_for_data_analysis_eh1I3SlZn48_075_090.mp4,568,9.476133,0,0.886142,67.871,632.783,393.082,0.990464,632.928,393.082,564.912,392.937,0.990473,565.041,392.937,647.382,442.037,0.962845,646.928,442.037,552.195,450.481,0.975257,552.195,449.848,652.287,452.053,0.951210,647.528,452.053,563.480,424.282,0.967388,563.480,424.282
/home/it-admin/.hermes/profiles/juggling-tracker/workspace/juggling-yolo/videos/youtube_juggling_for_data_analysis_eh1I3SlZn48_075_090.mp4,569,9.492817,0,0.882171,68.676,633.495,392.693,0.989377,632.783,392.693,564.819,392.572,0.990890,565.041,392.937,647.292,443.516,0.953426,646.985,440.750,552.853,449.848,0.976092,552.494,449.848,647.528,457.111,0.928277,647.528,457.111,562.756,422.601,0.961493,562.784,422.601
/home/it-admin/.hermes/profiles/juggling-tracker/workspace/juggling-yolo/videos/youtube_juggling_for_data_analysis_eh1I3SlZn48_075_090.mp4,570,9.509500,0,0.886322,67.499,632.928,391.542,0.989120,632.783,392.497,565.432,392.165,0.991092,565.432,392.937,645.738,439.728,0.968963,647.023,439.980,552.494,447.145,0.973712,552.494,449.321,646.664,458.739,0.968550,646.664,458.739,562.784,414.603,0.955729,562.756,417.707
/home/it-admin/.hermes/profiles/juggling-tracker/workspace/juggling-yolo/videos/youtube_juggling_for_data_analysis_eh1I3SlZn48_075_090.mp4,571,9.526183,0,0.877646,65.283,632.327,391.737,0.985849,632.478,392.497,567.058,393.108,0.988122,566.487,392.739,646.985,437.872,0.975887,647.023,439.980,552.580,447.784,0.978632,552.560,449.321,644.589,460.297,0.978477,644.589,460.297,559.636,416.614,0.967877,559.636,417.707
/home/it-admin/.hermes/profiles/juggling-tracker/workspace/juggling-yolo/videos/youtube_juggling_for_data_analysis_eh1I3SlZn48_075_090.mp4,572,9.542867,0,0.886673,65.997,632.478,392.497,0.987887,632.327,391.904,566.487,393.350,0.988001,566.487,392.739,647.023,439.980,0.977706,647.023,439.980,552.090,449.321,0.977957,552.560,449.148,642.180,460.789,0.981479,642.180,460.789,556.446,417.707,0.974023,556.446,417.707
/home/it-admin/.hermes/profiles/juggling-tracker/workspace/juggling-yolo/videos/youtube_juggling_for_data_analysis_eh1I3SlZn48_075_090.mp4,573,9.559550,0,0.883683,65.143,632.099,392.593,0.988075,632.099,391.904,566.955,392.739,0.986021,566.528,392.739,647.933,441.675,0.978478,647.769,440.795,552.560,449.375,0.975007,552.580,449.148,637.918,462.216,0.981798,637.918,460.789,555.687,420.527,0.973903,555.687,419.106
/home/it-admin/.hermes/profiles/juggling-tracker/workspace/juggling-yolo/videos/youtube_juggling_for_data_analysis_eh1I3SlZn48_075_090.mp4,574,9.576233,0,0.888594,65.743,631.931,391.904,0.990332,631.931,391.904,566.189,392.125,0.987921,566.487,392.714,647.769,441.613,0.978806,647.787,440.795,552.810,449.148,0.973090,552.810,449.148,636.706,461.805,0.982830,636.706,460.789,555.381,421.363,0.973765,555.381,420.527
/home/it-admin/.hermes/profiles/juggling-tracker/workspace/juggling-yolo/videos/youtube_juggling_for_data_analysis_eh1I3SlZn48_075_090.mp4,575,9.592917,0,0.884945,64.812,631.332,391.290,0.990380,631.931,391.904,566.528,392.274,0.986379,566.189,392.714,647.787,440.795,0.977077,647.874,441.613,555.101,447.990,0.966081,552.810,447.990,635.207,456.997,0.981368,635.207,456.997,555.051,419.106,0.969506,555.051,421.363
/home/it-admin/.hermes/profiles/juggling-tracker/workspace/juggling-yolo/videos/youtube_juggling_for_data_analysis_eh1I3SlZn48_075_090.mp4,576,9.609600,0,0.886632,67.255,631.685,391.746,0.990942,631.931,391.904,564.437,392.714,0.986188,565.089,392.714,647.874,439.603,0.974202,647.874,441.613,553.268,446.599,0.952119,552.810,446.599,630.056,453.510,0.975778,630.777,453.510,552.328,425.260,0.950522,552.328,425.260
/home/it-admin/.hermes/profiles/juggling-tracker/workspace/juggling-yolo/videos/youtube_juggling_for_data_analysis_eh1I3SlZn48_075_090.mp4,577,9.626283,0,0.883332,68.118,632.044,393.337,0.990671,632.044,393.337,563.928,393.919,0.985177,564.562,393.368,648.619,441.944,0.964570,647.874,441.944,548.975,441.008,0.930374,551.759,441.008,629.002,449.059,0.962063,630.443,449.059,552.013,425.950,0.919884,552.328,425.950
/home/it-admin/.hermes/profiles/juggling-tracker/workspace/juggling-yolo/videos/youtube_juggling_for_data_analysis_eh1I3SlZn48_075_090.mp4,578,9.642967,0,0.880250,67.250,632.338,393.776,0.990130,632.338,393.337,565.089,393.368,0.984814,564.562,393.540,647.985,442.704,0.952301,647.874,442.704,550.564,434.824,0.920886,551.759,439.080,630.777,445.813,0.942572,630.238,445.813,551.904,427.017,0.904578,552.328,427.017
/home/it-admin/.hermes/profiles/juggling-tracker/workspace/juggling-yolo/videos/youtube_juggling_for_data_analysis_eh1I3SlZn48_075_090.mp4,579,9.659650,0,0.875145,69.045,633.607,393.720,0.989303,633.018,393.337,564.562,393.953,0.983008,564.939,393.540,647.496,443.921,0.949262,647.496,443.336,551.759,435.645,0.884660,551.759,438.907,630.443,435.218,0.942615,630.238,435.218,554.409,434.439,0.843804,553.312,434.439
/home/it-admin/.hermes/profiles/juggling-tracker/workspace/juggling-yolo/videos/youtube_juggling_for_data_analysis_eh1I3SlZn48_075_090.mp4,580,9.676333,0,0.875277,68.491,633.425,392.715,0.989579,633.425,392.715,564.939,393.540,0.982487,565.055,393.368,646.125,443.336,0.958188,646.605,443.336,552.236,439.080,0.898229,552.236,438.907,630.238,428.298,0.957782,630.238,428.298,553.312,435.813,0.877957,553.312,435.813
/home/it-admin/.hermes/profiles/juggling-tracker/workspace/juggling-yolo/videos/youtube_juggling_for_data_analysis_eh1I3SlZn48_075_090.mp4,581,9.693017,0,0.875304,67.607,633.018,390.947,0.990501,633.425,392.104,565.423,392.210,0.984200,564.939,392.830,645.990,444.213,0.961120,646.125,443.336,552.262,438.907,0.889563,552.262,439.080,627.628,421.471,0.944733,630.238,423.429,556.176,437.453,0.805666,554.409,437.453
/home/it-admin/.hermes/profiles/juggling-tracker/workspace/juggling-yolo/videos/youtube_juggling_for_data_analysis_eh1I3SlZn48_075_090.mp4,582,9.709700,0,0.879187,68.695,633.742,391.511,0.990670,633.018,391.769,565.055,392.536,0.987199,565.055,392.830,646.605,442.258,0.951317,645.990,442.586,552.621,440.176,0.934005,552.621,440.176,628.935,423.429,0.916711,630.238,421.471,552.846,445.621,0.894220,556.126,445.621
/home/it-admin/.hermes/profiles/juggling-tracker/workspace/juggling-yolo/videos/youtube_juggling_for_data_analysis_eh1I3SlZn48_075_090.mp4,583,9.726383,0,0.878277,67.583,632.443,392.104,0.990915,632.443,391.769,564.864,392.830,0.988359,565.423,392.536,645.185,442.586,0.956593,645.757,442.258,552.654,441.964,0.942841,552.621,440.176,630.850,416.588,0.915392,630.850,416.588,556.126,450.466,0.892435,556.126,450.466
/home/it-admin/.hermes/profiles/juggling-tracker/workspace/juggling-yolo/videos/youtube_juggling_for_data_analysis_eh1I3SlZn48_075_090.mp4,584,9.743067,0,0.871015,63.854,629.429,391.769,0.986555,630.516,391.769,565.584,392.897,0.986986,565.584,392.536,645.757,440.629,0.962765,645.663,440.629,552.731,440.348,0.955564,552.621,440.176,641.583,407.258,0.949150,641.583,407.258,557.995,456.861,0.914415,555.710,456.861
/home/it-admin/.hermes/profiles/juggling-tracker/workspace/juggling-yolo/videos/youtube_juggling_for_data_analysis_eh1I3SlZn48_075_090.mp4,585,9.759750,0,0.880072,64.701,630.516,391.797,0.985039,630.516,391.769,565.816,391.637,0.989067,565.584,392.141,645.663,439.127,0.960495,645.185,439.127,552.286,438.519,0.972671,552.654,439.198,644.188,405.918,0.962650,644.188,405.918,555.710,460.556,0.963905,555.710,460.556
/home/it-admin/.hermes/profiles/juggling-tracker/workspace/juggling-yolo/videos/youtube_juggling_for_data_analysis_eh1I3SlZn48_075_090.mp4,586,9.776433,0,0.880706,64.521,630.109,390.772,0.982455,630.516,391.115,565.602,392.141,0.989894,565.584,392.106,642.374,431.033,0.944970,645.663,431.033,552.178,439.198,0.973083,552.731,438.519,647.034,402.075,0.949801,647.034,402.075,555.570,465.713,0.964771,555.570,462.066
/home/it-admin/.hermes/profiles/juggling-tracker/workspace/juggling-yolo/videos/youtube_juggling_for_data_analysis_eh1I3SlZn48_075_090.mp4,587,9.793117,0,0.857826,66.126,631.576,391.115,0.985268,631.397,390.920,565.455,391.982,0.993464,565.568,392.106,639.686,429.983,0.941394,645.663,429.983,553.449,438.168,0.978932,553.449,438.168,651.198,400.911,0.953470,651.198,400.911,554.890,463.410,0.971282,555.570,462.066
/home/it-admin/.hermes/profiles/juggling-tracker/workspace/juggling-yolo/videos/youtube_juggling_for_data_analysis_eh1I3SlZn48_075_090.mp4,588,9.809800,0,0.874115,66.562,631.802,390.429,0.988581,631.576,390.920,565.260,392.106,0.994365,565.568,392.141,645.906,418.828,0.947464,644.664,425.093,553.453,437.458,0.981175,553.453,438.168,657.733,394.253,0.949816,657.733,400.911,554.786,462.066,0.975558,555.570,462.066
/home/it-admin/.hermes/profiles/juggling-tracker/workspace/juggling-yolo/videos/youtube_juggling_for_data_analysis_eh1I3SlZn48_075_090.mp4,589,9.826483,0,0.873939,65.842,631.397,390.920,0.989576,631.736,391.115,565.568,392.258,0.994585,565.455,392.258,647.052,418.096,0.954233,644.664,425.093,553.885,438.103,0.982422,553.453,438.168,660.921,394.605,0.953106,657.733,400.911,557.222,461.679,0.975897,557.222,461.679
/home/it-admin/.hermes/profiles/juggling-tracker/workspace/juggling-yolo/videos/youtube_juggling_for_data_analysis_eh1I3SlZn48_075_090.mp4,590,9.843167,0,0.874319,66.112,631.736,392.094,0.988965,631.736,391.477,565.624,392.306,0.994567,565.568,392.258,644.664,425.093,0.949296,644.664,425.093,553.860,438.615,0.981356,553.453,438.615,659.678,405.612,0.951020,657.733,405.612,558.201,460.990,0.973105,558.058,460.990
/home/it-admin/.hermes/profiles/juggling-tracker/workspace/juggling-yolo/videos/youtube_juggling_for_data_analysis_eh1I3SlZn48_075_090.mp4,591,9.859850,0,0.834563,66.551,631.925,392.446,0.987191,631.736,392.094,565.375,392.271,0.993893,565.598,392.271,643.246,432.790,0.920998,643.344,429.165,551.764,438.956,0.977841,551.764,438.905,656.997,414.647,0.909000,657.158,414.647,558.058,455.449,0.967521,558.201,455.449
/home/it-admin/.hermes/profiles/juggling-tracker/workspace/juggling-yolo/videos/youtube_juggling_for_data_analysis_eh1I3SlZn48_075_090.mp4,592,9.876533,0,0.508128,65.584,631.530,391.477,0.988614,631.925,392.408,565.948,392.023,0.994169,565.624,392.306,642.842,429.165,0.949482,643.344,432.790,551.712,438.905,0.971513,551.712,438.956,657.158,416.369,0.945893,656.997,416.369,561.411,452.481,0.939933,561.411,452.481
/home/it-admin/.hermes/profiles/juggling-tracker/workspace/juggling-yolo/videos/youtube_juggling_for_data_analysis_eh1I3SlZn48_075_090.mp4,592,9.876533,1,0.357557,64.867,630.953,391.695,0.986380,,,566.088,392.296,0.991415,,,642.898,429.319,0.946129,,,551.425,439.539,0.964395,,,656.733,417.631,0.942412,,,561.566,452.637,0.933590,,
/home/it-admin/.hermes/profiles/juggling-tracker/workspace/juggling-yolo/videos/youtube_juggling_for_data_analysis_eh1I3SlZn48_075_090.mp4,593,9.893217,0,0.873186,66.740,632.338,392.408,0.987135,632.338,392.446,565.598,392.501,0.991286,565.598,392.271,643.344,433.548,0.945865,643.344,433.548,549.495,441.271,0.971672,550.581,440.597,655.802,426.635,0.942580,656.371,426.635,562.336,447.220,0.957627,561.871,447.220
/home/it-admin/.hermes/profiles/juggling-tracker/workspace/juggling-yolo/videos/youtube_juggling_for_data_analysis_eh1I3SlZn48_075_090.mp4,594,9.909900,0,0.871259,67.057,633.188,392.778,0.987792,633.188,392.778,566.132,392.522,0.991784,565.598,392.126,647.373,435.761,0.947588,646.438,435.761,550.581,440.597,0.965763,549.670,440.730,656.371,434.058,0.936973,655.802,434.058,568.813,440.235,0.923865,561.980,440.235
/home/it-admin/.hermes/profiles/juggling-tracker/workspace/juggling-yolo/videos/youtube_juggling_for_data_analysis_eh1I3SlZn48_075_090.mp4,595,9.926583,0,0.616471,68.469,633.709,393.080,0.990330,633.188,392.827,565.247,392.126,0.994023,565.247,392.126,646.438,438.346,0.957490,646.975,438.346,549.670,440.730,0.977177,549.495,440.730,655.239,436.493,0.957659,655.239,436.493,561.871,433.462,0.966271,561.980,433.462
/home/it-admin/.hermes/profiles/juggling-tracker/workspace/juggling-yolo/videos/youtube_juggling_for_data_analysis_eh1I3SlZn48_075_090.mp4,595,9.926583,1,0.280133,68.121,633.404,393.299,0.988427,,,565.289,392.422,0.991477,,,646.603,438.284,0.955439,,,549.384,441.150,0.974295,,,655.083,437.104,0.957853,,,561.928,433.648,0.963041,,
/home/it-admin/.hermes/profiles/juggling-tracker/workspace/juggling-yolo/videos/youtube_juggling_for_data_analysis_eh1I3SlZn48_075_090.mp4,596,9.943267,0,0.861218,69.820,633.857,393.493,0.990989,633.188,392.827,564.062,391.590,0.993670,565.067,391.590,647.945,439.985,0.921024,646.975,439.985,547.901,440.862,0.976763,547.901,440.597,646.803,443.062,0.847304,646.803,443.062,561.980,428.014,0.966367,561.871,428.014
/home/it-admin/.hermes/profiles/juggling-tracker/workspace/juggling-yolo/videos/youtube_juggling_for_data_analysis_eh1I3SlZn48_075_090.mp4,597,9.959950,0,0.868401,68.507,632.736,392.827,0.991618,632.826,392.827,564.270,390.470,0.993739,565.067,390.470,646.975,443.955,0.950912,646.438,439.985,547.431,439.200,0.980462,547.901,439.200,645.970,450.440,0.908534,645.970,450.440,561.288,423.128,0.969189,561.288,423.128
/home/it-admin/.hermes/profiles/juggling-tracker/workspace/juggling-yolo/videos/youtube_juggling_for_data_analysis_eh1I3SlZn48_075_090.mp4,598,9.976633,0,0.869860,67.810,632.826,392.568,0.991044,632.736,392.568,565.067,389.966,0.993651,565.067,389.966,644.969,443.510,0.956181,645.275,439.985,547.655,436.937,0.977969,547.655,437.044,643.572,456.806,0.927730,643.572,456.806,559.511,414.150,0.962964,559.511,414.150
/home/it-admin/.hermes/profiles/juggling-tracker/workspace/juggling-yolo/videos/youtube_juggling_for_data_analysis_eh1I3SlZn48_075_090.mp4,599,9.993317,0,0.875103,65.822,632.231,390.416,0.990896,632.231,390.826,566.434,388.582,0.993105,566.434,389.400,645.122,438.508,0.968648,645.122,438.508,549.052,437.044,0.978480,547.655,436.937,641.697,459.309,0.958006,641.697,459.309,558.192,405.267,0.967074,558.192,405.267
/home/it-admin/.hermes/profiles/juggling-tracker/workspace/juggling-yolo/videos/youtube_juggling_for_data_analysis_eh1I3SlZn48_075_090.mp4,600,10.010000,0,0.875655,65.328,631.876,390.826,0.991585,631.876,390.826,566.563,389.400,0.992101,566.563,389.400,645.275,437.078,0.977831,644.969,438.384,547.033,434.439,0.978712,549.052,436.937,640.764,460.811,0.975226,640.764,460.811,554.643,403.385,0.974656,554.643,405.267
/home/it-admin/.hermes/profiles/juggling-tracker/workspace/juggling-yolo/videos/youtube_juggling_for_data_analysis_eh1I3SlZn48_075_090.mp4,601,10.026683,0,0.883398,63.690,631.556,390.316,0.991320,631.876,390.826,567.918,387.740,0.991478,566.563,388.950,644.788,438.384,0.978504,644.788,438.132,551.773,434.140,0.976927,551.773,434.439,639.214,461.792,0.977431,639.214,460.811,553.500,403.555,0.973362,553.500,403.555
/home/it-admin/.hermes/profiles/juggling-tracker/workspace/juggling-yolo/videos/youtube_juggling_for_data_analysis_eh1I3SlZn48_075_090.mp4,602,10.043367,0,0.879577,64.038,630.953,390.971,0.991973,631.858,390.971,566.918,390.333,0.990803,566.563,388.950,644.362,438.018,0.977302,644.362,438.018,554.459,437.316,0.973799,551.995,434.140,637.122,462.800,0.975029,637.122,460.811,553.204,405.282,0.975667,553.204,403.385
/home/it-admin/.hermes/profiles/juggling-tracker/workspace/juggling-yolo/videos/youtube_juggling_for_data_analysis_eh1I3SlZn48_075_090.mp4,603,10.060050,0,0.861663,66.784,632.132,391.460,0.992618,631.858,391.165,565.395,388.950,0.980374,565.469,387.911,643.542,438.132,0.970807,644.362,438.018,553.073,425.468,0.875467,551.995,425.468,635.691,460.305,0.969724,635.691,460.305,551.411,402.196,0.905804,551.411,402.196
/home/it-admin/.hermes/profiles/juggling-tracker/workspace/juggling-yolo/videos/youtube_juggling_for_data_analysis_eh1I3SlZn48_075_090.mp4,604,10.076733,0,0.874463,66.469,631.858,391.165,0.992909,632.132,391.460,565.469,387.911,0.985861,565.395,388.950,644.347,437.720,0.974111,644.347,438.018,551.995,414.066,0.922279,551.995,414.066,631.214,456.678,0.972853,631.214,456.678,548.189,388.578,0.929778,548.189,398.698
/home/it-admin/.hermes/profiles/juggling-tracker/workspace/juggling-yolo/videos/youtube_juggling_for_data_analysis_eh1I3SlZn48_075_090.mp4,605,10.093417,0,0.878339,67.580,632.218,391.543,0.993145,632.218,391.543,564.755,387.576,0.987608,565.000,388.950,644.526,437.152,0.972723,643.542,438.132,546.580,405.512,0.922650,547.216,414.066,628.792,453.768,0.969391,628.792,453.768,545.560,393.296,0.918990,545.560,398.698
/home/it-admin/.hermes/profiles/juggling-tracker/workspace/juggling-yolo/videos/youtube_juggling_for_data_analysis_eh1I3SlZn48_075_090.mp4,606,10.110100,0,0.873360,68.327,633.255,392.732,0.991706,632.792,392.611,564.970,390.343,0.988530,564.970,390.343,642.784,438.742,0.951733,644.347,438.742,543.837,410.240,0.903411,547.216,414.066,626.980,447.409,0.940973,628.792,447.409,543.888,398.698,0.874351,545.228,398.698
/home/it-admin/.hermes/profiles/juggling-tracker/workspace/juggling-yolo/videos/youtube_juggling_for_data_analysis_eh1I3SlZn48_075_090.mp4,607,10.126783,0,0.872336,67.825,632.792,392.611,0.990669,633.255,392.611,565.000,390.484,0.989863,564.755,390.484,642.519,439.488,0.940052,644.526,438.908,547.216,419.174,0.911296,547.216,419.174,627.113,438.550,0.919943,628.792,438.550,545.228,409.960,0.858387,544.874,409.960
/home/it-admin/.hermes/profiles/juggling-tracker/workspace/juggling-yolo/videos/youtube_juggling_for_data_analysis_eh1I3SlZn48_075_090.mp4,608,10.143467,0,0.872651,71.027,634.269,393.383,0.989745,633.708,392.611,563.255,392.029,0.988969,564.643,390.484,644.677,441.710,0.937130,644.677,439.488,548.500,430.118,0.921808,547.677,430.118,630.012,430.203,0.940666,628.050,430.203,544.874,421.539,0.916433,543.888,421.539
/home/it-admin/.hermes/profiles/juggling-tracker/workspace/juggling-yolo/videos/youtube_juggling_for_data_analysis_eh1I3SlZn48_075_090.mp4,609,10.160150,0,0.882947,69.065,633.708,390.884,0.990526,633.708,390.884,564.643,391.126,0.990788,564.580,390.484,647.402,438.908,0.963467,647.046,439.945,547.677,430.592,0.944313,548.118,430.592,629.272,425.780,0.969258,629.272,425.780,540.556,425.537,0.925763,544.647,425.537
/home/it-admin/.hermes/profiles/juggling-tracker/workspace/juggling-yolo/videos/youtube_juggling_for_data_analysis_eh1I3SlZn48_075_090.mp4,610,10.176833,0,0.883179,69.291,633.763,389.321,0.991038,633.708,389.321,564.477,390.178,0.989661,564.477,390.443,647.046,440.042,0.967979,647.046,439.945,548.118,434.058,0.941652,548.471,434.058,628.050,419.294,0.971881,630.012,419.294,540.768,433.082,0.927951,544.647,433.082
/home/it-admin/.hermes/profiles/juggling-tracker/workspace/juggling-yolo/videos/youtube_juggling_for_data_analysis_eh1I3SlZn48_075_090.mp4,611,10.193517,0,0.880056,67.506,632.075,389.292,0.991186,632.075,389.321,564.580,390.443,0.992597,564.477,390.443,647.818,439.945,0.969672,647.046,438.908,548.471,436.267,0.955512,548.441,436.267,630.993,411.886,0.971896,630.993,411.886,544.647,441.668,0.921189,544.647,441.668
/home/it-admin/.hermes/profiles/juggling-tracker/workspace/juggling-yolo/videos/youtube_juggling_for_data_analysis_eh1I3SlZn48_075_090.mp4,612,10.210200,0,0.850563,66.476,630.378,388.366,0.991212,630.378,389.321,563.933,390.431,0.992703,564.197,390.443,645.944,436.860,0.969160,646.186,436.860,549.342,437.153,0.951317,548.471,437.153,634.419,404.647,0.966003,634.419,404.647,550.237,448.912,0.894471,550.237,448.912
/home/it-admin/.hermes/profiles/juggling-tracker/workspace/juggling-yolo/videos/youtube_juggling_for_data_analysis_eh1I3SlZn48_075_090.mp4,613,10.226883,0,0.492137,66.154,629.757,389.753,0.987739,630.378,389.753,563.615,390.991,0.989515,564.197,390.962,646.186,436.055,0.964482,645.944,436.055,548.441,439.171,0.956357,549.342,437.266,639.117,404.635,0.963361,639.117,404.635,551.788,453.872,0.923820,551.435,453.872
/home/it-admin/.hermes/profiles/juggling-tracker/workspace/juggling-yolo/videos/youtube_juggling_for_data_analysis_eh1I3SlZn48_075_090.mp4,613,10.226883,1,0.340477,67.101,630.601,389.480,0.989344,,,563.516,390.953,0.992831,,,646.158,436.391,0.965531,,,548.984,438.845,0.964812,,,639.260,402.887,0.966522,,,551.528,454.065,0.929799,,
/home/it-admin/.hermes/profiles/juggling-tracker/workspace/juggling-yolo/videos/youtube_juggling_for_data_analysis_eh1I3SlZn48_075_090.mp4,614,10.243567,0,0.880390,65.403,629.597,391.640,0.982786,630.378,391.173,564.197,390.962,0.989169,564.197,390.991,644.116,435.356,0.949344,644.720,435.356,549.690,437.266,0.965807,549.690,437.547,642.938,404.205,0.958268,642.938,404.205,551.435,459.217,0.953707,551.788,459.217
/home/it-admin/.hermes/profiles/juggling-tracker/workspace/juggling-yolo/videos/youtube_juggling_for_data_analysis_eh1I3SlZn48_075_090.mp4,615,10.260250,0,0.879907,65.534,630.466,392.608,0.985233,630.466,391.173,564.946,391.224,0.990673,564.197,391.028,644.720,434.573,0.943879,644.116,434.573,551.267,437.696,0.969150,551.047,437.696,648.687,401.189,0.944704,648.687,404.205,553.954,462.061,0.957530,553.834,461.004
/home/it-admin/.hermes/profiles/juggling-tracker/workspace/juggling-yolo/videos/youtube_juggling_for_data_analysis_eh1I3SlZn48_075_090.mp4,616,10.276933,0,0.880721,66.579,631.026,391.173,0.988088,630.564,391.173,564.447,391.028,0.994433,564.197,391.224,641.546,430.491,0.948363,644.116,433.153,551.748,437.547,0.980001,551.047,437.696,651.111,397.650,0.956541,650.489,401.189,554.087,462.302,0.970987,553.954,462.061
/home/it-admin/.hermes/profiles/juggling-tracker/workspace/juggling-yolo/videos/youtube_juggling_for_data_analysis_eh1I3SlZn48_075_090.mp4,617,10.293617,0,0.869632,67.434,631.305,390.721,0.987758,630.810,390.866,563.876,391.524,0.994672,563.894,391.524,639.802,433.153,0.944685,643.914,430.491,551.047,438.648,0.981450,551.267,438.648,650.489,406.308,0.956206,651.111,401.189,553.834,461.004,0.975461,554.087,462.259
/home/it-admin/.hermes/profiles/juggling-tracker/workspace/juggling-yolo/videos/youtube_juggling_for_data_analysis_eh1I3SlZn48_075_090.mp4,618,10.310300,0,0.879994,66.819,630.564,390.866,0.988880,631.003,390.866,563.754,391.970,0.994994,563.876,391.970,645.376,422.264,0.948142,642.112,430.081,550.951,439.058,0.982562,551.282,438.789,657.067,398.476,0.952213,654.693,406.308,555.054,462.259,0.975909,555.054,462.259
/home/it-admin/.hermes/profiles/juggling-tracker/workspace/juggling-yolo/videos/youtube_juggling_for_data_analysis_eh1I3SlZn48_075_090.mp4,619,10.326983,0,0.867703,66.928,630.810,390.764,0.985752,631.003,390.866,563.894,392.031,0.994625,563.818,392.031,643.914,423.753,0.925963,643.914,429.288,551.951,438.789,0.980758,551.167,439.058,655.880,409.020,0.934143,654.693,409.020,557.961,462.706,0.972547,557.961,461.004
/home/it-admin/.hermes/profiles/juggling-tracker/workspace/juggling-yolo/videos/youtube_juggling_for_data_analysis_eh1I3SlZn48_075_090.mp4,620,10.343667,0,0.861417,67.397,631.003,391.269,0.986611,631.003,391.269,563.611,392.108,0.994597,563.818,392.108,642.112,430.081,0.924834,644.633,429.288,551.282,439.865,0.980341,551.167,439.865,654.693,414.647,0.925650,654.693,414.647,558.072,460.498,0.971290,558.072,460.498
/home/it-admin/.hermes/profiles/juggling-tracker/workspace/juggling-yolo/videos/youtube_juggling_for_data_analysis_eh1I3SlZn48_075_090.mp4,621,10.360350,0,0.505910,67.522,631.335,391.796,0.983560,631.335,391.745,563.818,392.613,0.991575,563.818,392.357,644.633,429.288,0.911453,644.633,430.081,551.167,440.331,0.971193,551.167,440.184,653.756,421.414,0.911481,653.756,421.414,559.702,455.101,0.960608,559.702,455.101
/home/it-admin/.hermes/profiles/juggling-tracker/workspace/juggling-yolo/videos/youtube_juggling_for_data_analysis_eh1I3SlZn48_075_090.mp4,621,10.360350,1,0.350042,68.234,631.989,391.477,0.986124,,,563.760,392.333,0.994078,,,644.516,429.228,0.916830,,,551.384,439.541,0.975680,,,653.842,420.801,0.916170,,,559.638,454.840,0.963192,,
/home/it-admin/.hermes/profiles/juggling-tracker/workspace/juggling-yolo/videos/youtube_juggling_for_data_analysis_eh1I3SlZn48_075_090.mp4,622,10.377033,0,0.868348,68.212,632.275,392.084,0.984392,631.719,391.796,564.064,392.357,0.991890,563.765,392.536,645.442,432.655,0.906648,645.442,432.655,550.518,440.184,0.971521,550.518,440.331,651.525,428.522,0.897087,652.458,428.522,561.043,450.007,0.956896,561.043,450.007
/home/it-admin/.hermes/profiles/juggling-tracker/workspace/juggling-yolo/videos/youtube_juggling_for_data_analysis_eh1I3SlZn48_075_090.mp4,623,10.393717,0,0.796524,69.180,632.941,391.745,0.989092,631.930,392.084,563.765,392.536,0.993815,563.765,392.613,647.734,433.447,0.944046,646.586,433.447,549.672,441.591,0.973408,549.672,441.591,652.458,434.605,0.939887,651.525,434.605,561.856,445.076,0.958237,561.043,445.076
/home/it-admin/.hermes/profiles/juggling-tracker/workspace/juggling-yolo/videos/youtube_juggling_for_data_analysis_eh1I3SlZn48_075_090.mp4,624,10.410400,0,0.882440,68.073,631.719,392.341,0.987675,631.930,392.341,563.649,392.972,0.991429,563.649,392.675,646.586,436.281,0.945440,647.734,436.281,548.969,444.679,0.971450,549.420,444.679,651.378,436.645,0.933229,651.378,436.645,565.013,441.121,0.951093,561.856,441.121
/home/it-admin/.hermes/profiles/juggling-tracker/workspace/juggling-yolo/videos/youtube_juggling_for_data_analysis_eh1I3SlZn48_075_090.mp4,625,10.427083,0,0.881118,68.855,631.930,392.594,0.988725,631.843,392.341,563.078,393.246,0.991870,563.078,392.675,648.190,438.867,0.947464,647.734,438.867,548.291,446.885,0.976905,548.969,444.679,648.509,442.636,0.932664,648.509,442.636,560.874,437.032,0.965638,561.856,437.032
/home/it-admin/.hermes/profiles/juggling-tracker/workspace/juggling-yolo/videos/youtube_juggling_for_data_analysis_eh1I3SlZn48_075_090.mp4,626,10.443767,0,0.882220,68.928,631.843,392.640,0.991071,631.719,392.341,562.915,392.675,0.991517,563.078,392.675,649.128,444.519,0.954490,648.037,440.258,549.420,445.478,0.974211,548.291,444.679,634.696,450.310,0.921927,638.208,450.310,562.203,427.097,0.957008,560.874,427.097
/home/it-admin/.hermes/profiles/juggling-tracker/workspace/juggling-yolo/videos/youtube_juggling_for_data_analysis_eh1I3SlZn48_075_090.mp4,627,10.460450,0,0.837665,68.283,631.286,392.041,0.989882,631.527,392.041,563.004,391.604,0.990477,563.078,391.604,645.471,442.384,0.959863,648.190,440.258,548.142,441.261,0.973892,548.291,441.261,638.043,453.439,0.943067,638.043,453.439,559.149,421.995,0.958681,559.149,421.995
/home/it-admin/.hermes/profiles/juggling-tracker/workspace/juggling-yolo/videos/youtube_juggling_for_data_analysis_eh1I3SlZn48_075_090.mp4,628,10.477133,0,0.865049,67.574,631.527,391.083,0.992510,631.424,391.396,563.954,390.606,0.991840,563.271,390.606,648.037,440.258,0.971506,648.599,440.258,547.730,440.403,0.972068,548.142,440.403,638.208,457.328,0.959843,637.464,457.328,555.370,416.828,0.967238,555.370,416.828
/home/it-admin/.hermes/profiles/juggling-tracker/workspace/juggling-yolo/videos/youtube_juggling_for_data_analysis_eh1I3SlZn48_075_090.mp4,629,10.493817,0,0.866382,65.121,631.287,390.956,0.992711,631.287,391.396,566.175,389.923,0.987480,563.954,389.923,648.599,438.948,0.974253,648.599,440.145,551.947,429.121,0.940964,548.142,429.656,637.464,460.756,0.966789,637.464,460.756,552.111,402.780,0.937628,552.111,409.040
/home/it-admin/.hermes/profiles/juggling-tracker/workspace/juggling-yolo/videos/youtube_juggling_for_data_analysis_eh1I3SlZn48_075_090.mp4,630,10.510500,0,0.631461,68.172,631.424,391.396,0.993056,631.287,391.396,563.271,389.768,0.980367,564.883,389.923,649.228,440.060,0.975934,648.599,440.145,547.922,429.656,0.882289,550.121,429.121,634.098,463.582,0.973414,634.098,463.582,549.115,409.040,0.908525,549.115,404.802
/home/it-admin/.hermes/profiles/juggling-tracker/workspace/juggling-yolo/videos/youtube_juggling_for_data_analysis_eh1I3SlZn48_075_090.mp4,630,10.510500,1,0.262666,68.157,631.336,391.792,0.991172,,,563.203,389.962,0.971036,,,648.712,440.023,0.972834,,,547.534,429.767,0.864020,,,633.615,463.470,0.977157,,,549.031,409.150,0.898602,,
/home/it-admin/.hermes/profiles/juggling-tracker/workspace/juggling-yolo/videos/youtube_juggling_for_data_analysis_eh1I3SlZn48_075_090.mp4,631,10.527183,0,0.866437,66.208,631.230,391.447,0.993571,631.230,391.447,565.056,389.316,0.982163,564.929,389.923,650.036,440.145,0.979893,648.599,440.145,550.121,424.089,0.909112,551.947,425.877,630.507,464.639,0.976885,630.507,463.582,548.108,404.802,0.929603,548.108,404.388
/home/it-admin/.hermes/profiles/juggling-tracker/workspace/juggling-yolo/videos/youtube_juggling_for_data_analysis_eh1I3SlZn48_075_090.mp4,632,10.543867,0,0.874400,65.810,630.685,391.808,0.993778,630.995,391.667,564.883,390.744,0.984886,564.883,390.744,648.054,440.613,0.979357,648.054,440.322,554.215,425.772,0.919113,552.913,425.877,629.916,464.942,0.976184,630.021,463.582,543.558,404.388,0.934213,543.558,404.802
/home/it-admin/.hermes/profiles/juggling-tracker/workspace/juggling-yolo/videos/youtube_juggling_for_data_analysis_eh1I3SlZn48_075_090.mp4,633,10.560550,0,0.879143,66.069,630.995,391.667,0.993947,630.901,391.667,564.929,391.054,0.989805,564.929,391.054,646.934,440.658,0.979640,646.974,440.322,554.873,425.877,0.952935,552.913,425.877,630.021,463.440,0.974780,629.916,463.440,539.782,403.345,0.955002,539.782,404.802
/home/it-admin/.hermes/profiles/juggling-tracker/workspace/juggling-yolo/videos/youtube_juggling_for_data_analysis_eh1I3SlZn48_075_090.mp4,634,10.577233,0,0.882737,66.199,630.891,391.854,0.993620,630.901,391.721,564.693,391.539,0.989868,564.913,391.539,646.652,440.322,0.977080,646.934,440.322,552.913,426.818,0.948719,552.913,426.818,627.169,460.758,0.970396,627.169,460.758,539.357,410.759,0.944862,539.357,410.759
/home/it-admin/.hermes/profiles/juggling-tracker/workspace/juggling-yolo/videos/youtube_juggling_for_data_analysis_eh1I3SlZn48_075_090.mp4,635,10.593917,0,0.875160,65.861,630.901,391.581,0.993113,630.995,391.721,565.045,392.394,0.991241,564.913,392.394,646.974,439.753,0.976172,646.652,440.322,552.085,430.504,0.950511,552.085,430.504,624.772,456.126,0.966291,624.772,456.126,536.423,413.517,0.924426,539.357,413.517
/home/it-admin/.hermes/profiles/juggling-tracker/workspace/juggling-yolo/videos/youtube_juggling_for_data_analysis_eh1I3SlZn48_075_090.mp4,636,10.610600,0,0.869035,66.454,631.358,391.721,0.992665,631.358,391.854,564.913,392.835,0.991499,564.827,392.711,646.171,439.998,0.972481,646.171,440.322,551.284,434.115,0.939442,552.057,434.115,624.525,453.730,0.960229,624.525,453.730,538.965,427.130,0.887182,539.357,427.130
/home/it-admin/.hermes/profiles/juggling-tracker/workspace/juggling-yolo/videos/youtube_juggling_for_data_analysis_eh1I3SlZn48_075_090.mp4,637,10.627283,0,0.862385,67.024,631.848,392.204,0.992058,631.655,391.971,564.827,392.838,0.992329,564.861,392.711,646.003,443.182,0.970013,646.003,442.335,552.057,437.311,0.945944,552.057,437.311,623.593,447.036,0.958300,624.525,447.036,540.204,432.311,0.886123,540.204,432.311
/home/it-admin/.hermes/profiles/juggling-tracker/workspace/juggling-yolo/videos/youtube_juggling_for_data_analysis_eh1I3SlZn48_075_090.mp4,638,10.643967,0,0.871528,66.953,631.655,392.210,0.990109,631.848,391.971,564.704,392.711,0.989395,564.861,392.711,644.321,442.335,0.964785,644.974,443.182,550.869,438.953,0.940475,552.057,438.855,624.062,437.296,0.959383,624.525,437.296,544.522,440.475,0.891003,544.085,440.475
/home/it-admin/.hermes/profiles/juggling-tracker/workspace/juggling-yolo/videos/youtube_juggling_for_data_analysis_eh1I3SlZn48_075_090.mp4,639,10.660650,0,0.505218,68.040,632.901,391.971,0.992039,631.964,391.971,564.861,392.253,0.992365,564.861,392.253,644.974,444.288,0.972013,644.321,443.639,553.662,438.855,0.955812,553.662,438.855,624.658,430.119,0.969683,624.658,430.119,544.085,441.268,0.924257,544.522,441.268
/home/it-admin/.hermes/profiles/juggling-tracker/workspace/juggling-yolo/videos/youtube_juggling_for_data_analysis_eh1I3SlZn48_075_090.mp4,639,10.660650,1,0.407394,67.258,632.202,391.863,0.990471,,,564.944,392.015,0.988859,,,644.498,443.800,0.969718,,,553.043,438.978,0.946290,,,624.645,431.405,0.969281,,,543.817,441.042,0.917577,,
/home/it-admin/.hermes/profiles/juggling-tracker/workspace/juggling-yolo/videos/youtube_juggling_for_data_analysis_eh1I3SlZn48_075_090.mp4,640,10.677333,0,0.883321,67.039,631.964,391.116,0.990208,632.195,391.116,564.926,391.167,0.988025,564.926,391.167,642.682,443.705,0.968137,642.682,443.639,554.500,441.090,0.927320,553.662,438.855,626.964,427.989,0.958511,624.658,427.989,562.706,457.035,0.852245,553.830,453.048
/home/it-admin/.hermes/profiles/juggling-tracker/workspace/juggling-yolo/videos/youtube_juggling_for_data_analysis_eh1I3SlZn48_075_090.mp4,641,10.694017,0,0.881524,67.521,632.684,390.554,0.990340,632.195,391.116,565.164,390.302,0.987066,565.161,391.167,642.399,443.639,0.968961,642.682,443.639,554.114,438.838,0.918797,553.662,438.838,625.902,419.915,0.957458,625.902,419.915,559.843,453.048,0.837030,553.830,455.317
/home/it-admin/.hermes/profiles/juggling-tracker/workspace/juggling-yolo/videos/youtube_juggling_for_data_analysis_eh1I3SlZn48_075_090.mp4,642,10.710700,0,0.880489,67.043,632.195,388.731,0.990713,631.964,390.826,565.161,389.862,0.989179,565.164,391.167,642.110,439.574,0.970445,642.682,439.574,553.606,438.798,0.941169,553.649,438.798,623.050,412.179,0.955672,626.254,412.179,553.830,455.317,0.876272,553.830,455.854
/home/it-admin/.hermes/profiles/juggling-tracker/workspace/juggling-yolo/videos/youtube_juggling_for_data_analysis_eh1I3SlZn48_075_090.mp4,643,10.727383,0,0.877459,64.674,630.253,391.727,0.987710,631.043,390.554,565.581,392.136,0.985008,565.581,391.250,644.312,438.346,0.973658,644.312,438.346,552.888,436.403,0.968348,553.649,437.649,626.254,404.777,0.966821,626.254,404.777,549.344,455.854,0.958436,553.830,455.854
/home/it-admin/.hermes/profiles/juggling-tracker/workspace/juggling-yolo/videos/youtube_juggling_for_data_analysis_eh1I3SlZn48_075_090.mp4,644,10.744067,0,0.883542,64.746,630.748,390.826,0.988188,630.773,389.876,566.008,391.710,0.987323,566.008,391.250,645.688,437.889,0.974850,645.555,437.917,553.649,437.044,0.974440,553.649,437.649,632.851,404.449,0.971839,632.851,404.777,551.059,461.599,0.969995,553.830,461.599
/home/it-admin/.hermes/profiles/juggling-tracker/workspace/juggling-yolo/videos/youtube_juggling_for_data_analysis_eh1I3SlZn48_075_090.mp4,645,10.760750,0,0.881068,64.461,631.043,389.876,0.986433,630.748,390.809,566.597,391.250,0.987727,566.039,391.492,645.555,436.733,0.968917,645.688,437.917,554.359,437.649,0.974677,553.649,437.649,636.088,402.857,0.966678,636.088,404.777,554.204,464.038,0.969005,554.204,464.038
/home/it-admin/.hermes/profiles/juggling-tracker/workspace/juggling-yolo/videos/youtube_juggling_for_data_analysis_eh1I3SlZn48_075_090.mp4,646,10.777433,0,0.886898,64.482,630.773,389.655,0.988316,630.773,390.229,566.310,391.217,0.989600,566.039,391.348,647.343,437.917,0.968665,645.688,437.917,553.885,440.719,0.969143,553.649,440.156,639.810,406.548,0.968092,639.810,406.548,558.880,467.947,0.959268,558.826,464.598
/home/it-admin/.hermes/profiles/juggling-tracker/workspace/juggling-yolo/videos/youtube_juggling_for_data_analysis_eh1I3SlZn48_075_090.mp4,647,10.794117,0,0.884031,64.619,630.655,390.809,0.987547,631.043,390.229,566.039,391.492,0.988833,566.310,391.348,646.272,438.972,0.969006,646.272,437.917,552.768,440.959,0.970401,553.885,440.337,641.549,407.809,0.969527,641.549,407.809,558.826,466.004,0.962061,558.880,464.598
/home/it-admin/.hermes/profiles/juggling-tracker/workspace/juggling-yolo/videos/youtube_juggling_for_data_analysis_eh1I3SlZn48_075_090.mp4,648,10.810800,0,0.886066,65.340,631.090,390.229,0.987812,631.090,390.347,565.759,391.348,0.989498,566.310,391.492,644.786,439.675,0.968781,646.986,437.917,553.058,440.156,0.974483,553.319,440.719,643.599,409.708,0.970424,643.599,409.708,559.211,464.598,0.968912,559.211,464.598
/home/it-admin/.hermes/profiles/juggling-tracker/workspace/juggling-yolo/videos/youtube_juggling_for_data_analysis_eh1I3SlZn48_075_090.mp4,649,10.827483,0,0.879366,66.524,632.951,390.347,0.982612,632.951,390.809,566.454,392.240,0.989235,566.440,392.240,646.986,437.717,0.932660,646.986,437.717,554.132,440.337,0.965715,553.166,440.873,645.291,412.189,0.938999,644.334,412.189,559.408,461.798,0.953625,559.408,461.798
/home/it-admin/.hermes/profiles/juggling-tracker/workspace/juggling-yolo/videos/youtube_juggling_for_data_analysis_eh1I3SlZn48_075_090.mp4,650,10.844167,0,0.881419,66.648,633.071,391.052,0.979936,633.041,391.052,566.440,392.554,0.990076,566.454,392.554,648.402,433.913,0.903189,648.402,437.630,553.319,440.873,0.960201,553.166,440.873,644.334,413.860,0.909253,645.291,413.860,563.177,454.930,0.933067,563.177,454.930
/home/it-admin/.hermes/profiles/juggling-tracker/workspace/juggling-yolo/videos/youtube_juggling_for_data_analysis_eh1I3SlZn48_075_090.mp4,651,10.860850,0,0.881941,66.563,633.041,391.282,0.981819,633.071,391.282,566.492,392.643,0.989734,566.473,392.643,649.046,437.630,0.920075,649.046,437.630,553.166,441.592,0.958700,553.166,441.592,645.700,422.247,0.923595,645.291,422.247,565.160,449.834,0.925415,565.160,449.834
/home/it-admin/.hermes/profiles/juggling-tracker/workspace/juggling-yolo/videos/youtube_juggling_for_data_analysis_eh1I3SlZn48_075_090.mp4,652,10.877533,0,0.878578,67.538,634.009,392.667,0.981717,633.713,392.315,566.473,393.201,0.990318,566.473,392.917,649.060,436.276,0.887193,649.060,437.630,551.837,443.187,0.955502,551.837,443.187,646.516,424.049,0.856271,645.057,424.049,567.771,446.555,0.904191,565.160,446.555
/home/it-admin/.hermes/profiles/juggling-tracker/workspace/juggling-yolo/videos/youtube_juggling_for_data_analysis_eh1I3SlZn48_075_090.mp4,653,10.894217,0,0.879923,67.593,634.113,392.770,0.986433,634.009,392.437,566.523,393.420,0.990340,566.473,392.917,649.846,440.986,0.926262,649.684,440.478,551.704,445.526,0.962278,551.837,445.526,645.057,428.986,0.888480,645.057,428.986,566.776,442.454,0.920377,565.160,442.454
/home/it-admin/.hermes/profiles/juggling-tracker/workspace/juggling-yolo/videos/youtube_juggling_for_data_analysis_eh1I3SlZn48_075_090.mp4,654,10.910900,0,0.882403,67.874,633.713,392.315,0.988852,634.017,392.437,565.842,392.917,0.989902,566.473,392.949,649.684,440.478,0.949177,649.846,440.986,551.711,446.797,0.969298,551.837,446.797,641.558,435.455,0.930133,641.558,435.455,561.651,437.009,0.953366,561.651,437.009
/home/it-admin/.hermes/profiles/juggling-tracker/workspace/juggling-yolo/videos/youtube_juggling_for_data_analysis_eh1I3SlZn48_075_090.mp4,655,10.927583,0,0.885056,67.781,634.017,392.437,0.988968,634.017,392.421,566.236,392.371,0.989810,566.521,392.917,650.026,441.915,0.953048,650.026,441.915,552.203,446.810,0.974339,552.198,446.797,637.973,439.098,0.939846,637.973,439.098,561.384,430.911,0.966426,561.384,430.911
/home/it-admin/.hermes/profiles/juggling-tracker/workspace/juggling-yolo/videos/youtube_juggling_for_data_analysis_eh1I3SlZn48_075_090.mp4,656,10.944267,0,0.885829,67.741,634.260,392.421,0.990269,634.017,392.315,566.521,392.949,0.990039,566.521,392.462,650.152,443.047,0.965442,650.152,441.915,553.274,448.007,0.971210,552.198,446.797,633.848,447.168,0.952259,635.760,447.168,559.451,428.509,0.953261,559.451,428.509
/home/it-admin/.hermes/profiles/juggling-tracker/workspace/juggling-yolo/videos/youtube_juggling_for_data_analysis_eh1I3SlZn48_075_090.mp4,657,10.960950,0,0.885642,67.278,634.015,392.081,0.990761,634.052,392.190,566.736,392.037,0.989135,566.736,392.371,651.008,443.730,0.970036,650.152,441.915,552.198,446.724,0.972405,552.203,446.724,632.331,450.749,0.959524,635.760,450.749,558.095,421.083,0.960527,558.095,422.012
/home/it-admin/.hermes/profiles/juggling-tracker/workspace/juggling-yolo/videos/youtube_juggling_for_data_analysis_eh1I3SlZn48_075_090.mp4,658,10.977633,0,0.884862,67.153,634.119,392.190,0.990676,634.052,392.172,566.966,392.462,0.986674,566.966,392.462,650.874,441.306,0.972964,650.316,441.446,551.442,444.461,0.958738,552.419,445.875,635.760,458.083,0.972636,635.687,458.083,553.854,422.012,0.952735,553.854,421.083
/home/it-admin/.hermes/profiles/juggling-tracker/workspace/juggling-yolo/videos/youtube_juggling_for_data_analysis_eh1I3SlZn48_075_090.mp4,659,10.994317,0,0.882064,66.242,634.052,392.172,0.990142,634.035,392.153,567.811,392.355,0.986274,567.037,392.462,650.039,441.339,0.972196,650.316,441.446,552.419,444.539,0.962371,552.419,444.539,639.683,460.053,0.974470,635.687,460.053,551.042,416.921,0.962287,551.042,416.921
/home/it-admin/.hermes/profiles/juggling-tracker/workspace/juggling-yolo/videos/youtube_juggling_for_data_analysis_eh1I3SlZn48_075_090.mp4,660,11.011000,0,0.877390,65.982,634.035,392.153,0.990734,634.035,392.153,568.062,393.231,0.987106,567.037,393.167,650.316,441.446,0.978095,650.039,441.339,554.110,445.875,0.966016,552.419,444.461,635.687,463.654,0.980354,635.687,461.508,548.593,414.831,0.963602,548.593,414.831
/home/it-admin/.hermes/profiles/juggling-tracker/workspace/juggling-yolo/videos/youtube_juggling_for_data_analysis_eh1I3SlZn48_075_090.mp4,661,11.027683,0,0.531354,66.822,633.851,392.108,0.991560,633.906,392.108,567.037,393.188,0.984872,567.037,393.188,649.087,441.546,0.972912,649.575,441.339,553.257,441.825,0.940059,552.419,442.618,633.284,463.856,0.972953,633.883,461.508,546.923,411.743,0.936501,546.923,413.866
/home/it-admin/.hermes/profiles/juggling-tracker/workspace/juggling-yolo/videos/youtube_juggling_for_data_analysis_eh1I3SlZn48_075_090.mp4,661,11.027683,1,0.306385,66.552,633.880,391.770,0.993380,,,567.340,392.993,0.989282,,,649.510,441.578,0.976565,,,553.868,441.505,0.945802,,,633.790,463.869,0.968679,,,546.937,411.519,0.940925,,
/home/it-admin/.hermes/profiles/juggling-tracker/workspace/juggling-yolo/videos/youtube_juggling_for_data_analysis_eh1I3SlZn48_075_090.mp4,662,11.044367,0,0.877677,67.437,633.881,391.632,0.993458,633.906,391.643,566.462,393.167,0.989702,567.037,393.231,649.575,440.013,0.977999,649.341,440.013,550.248,439.387,0.950553,553.257,441.825,633.883,461.508,0.974179,633.284,461.508,544.665,410.705,0.950312,544.665,413.866
/home/it-admin/.hermes/profiles/juggling-tracker/workspace/juggling-yolo/videos/youtube_juggling_for_data_analysis_eh1I3SlZn48_075_090.mp4,663,11.061050,0,0.879830,67.841,633.906,391.643,0.993689,633.881,391.632,566.102,393.887,0.991851,567.037,393.788,649.341,439.561,0.978515,649.087,439.829,550.745,442.618,0.965226,553.257,441.825,630.384,458.843,0.973051,631.476,458.843,542.644,413.866,0.962358,542.692,413.866
/home/it-admin/.hermes/profiles/juggling-tracker/workspace/juggling-yolo/videos/youtube_juggling_for_data_analysis_eh1I3SlZn48_075_090.mp4,664,11.077733,0,0.875525,66.719,634.022,391.478,0.992904,633.906,391.632,567.342,393.788,0.991725,567.195,393.887,647.670,438.990,0.977590,647.670,439.561,556.018,440.273,0.968621,556.018,441.448,631.476,456.065,0.974270,630.384,456.065,542.692,414.109,0.966743,542.644,414.109
/home/it-admin/.hermes/profiles/juggling-tracker/workspace/juggling-yolo/videos/youtube_juggling_for_data_analysis_eh1I3SlZn48_075_090.mp4,665,11.094417,0,0.868603,66.555,633.692,391.484,0.992712,634.022,391.643,567.195,394.264,0.992465,567.342,393.887,647.416,439.829,0.974868,647.670,439.490,556.354,442.571,0.969514,556.354,441.448,625.473,453.702,0.962477,628.875,453.702,540.619,420.619,0.956509,540.808,420.619
/home/it-admin/.hermes/profiles/juggling-tracker/workspace/juggling-yolo/videos/youtube_juggling_for_data_analysis_eh1I3SlZn48_075_090.mp4,666,11.111100,0,0.552580,66.843,634.419,391.792,0.991709,634.419,391.792,567.634,394.593,0.992613,567.634,394.264,647.124,438.959,0.966175,647.670,439.490,557.109,441.448,0.959920,556.853,441.448,627.309,444.597,0.952329,628.875,444.597,540.808,427.823,0.929426,540.808,427.823
/home/it-admin/.hermes/profiles/juggling-tracker/workspace/juggling-yolo/videos/youtube_juggling_for_data_analysis_eh1I3SlZn48_075_090.mp4,666,11.111100,1,0.366318,66.562,634.012,391.766,0.989732,,,567.508,394.532,0.989375,,,646.641,438.811,0.961971,,,556.493,441.798,0.954261,,,626.884,445.150,0.955374,,,540.765,427.531,0.926151,,
/home/it-admin/.hermes/profiles/juggling-tracker/workspace/juggling-yolo/videos/youtube_juggling_for_data_analysis_eh1I3SlZn48_075_090.mp4,667,11.127783,0,0.870116,66.210,634.562,391.900,0.991629,634.562,391.792,568.379,393.810,0.993212,567.665,394.264,648.085,439.490,0.966789,648.085,439.829,556.853,438.678,0.968963,557.109,441.448,628.875,436.412,0.956230,628.875,436.412,538.746,427.962,0.946404,540.808,427.962
/home/it-admin/.hermes/profiles/juggling-tracker/workspace/juggling-yolo/videos/youtube_juggling_for_data_analysis_eh1I3SlZn48_075_090.mp4,668,11.144467,0,0.868428,67.583,635.298,391.932,0.991225,634.635,391.792,567.756,394.269,0.992178,567.756,393.810,649.129,441.233,0.970893,648.391,440.176,559.452,441.753,0.964622,559.204,440.007,632.083,433.671,0.972382,629.436,433.671,542.472,433.589,0.951058,542.472,433.589
/home/it-admin/.hermes/profiles/juggling-tracker/workspace/juggling-yolo/videos/youtube_juggling_for_data_analysis_eh1I3SlZn48_075_090.mp4,669,11.161150,0,0.872518,67.012,634.635,390.814,0.990486,634.635,390.814,567.665,393.209,0.984668,567.756,393.209,648.834,440.867,0.970920,648.391,440.185,559.204,440.007,0.925405,559.204,440.007,632.032,427.886,0.972242,629.436,427.886,554.034,440.434,0.906288,551.305,440.434
/home/it-admin/.hermes/profiles/juggling-tracker/workspace/juggling-yolo/videos/youtube_juggling_for_data_analysis_eh1I3SlZn48_075_090.mp4,670,11.177833,0,0.874914,66.710,634.726,389.440,0.991099,634.635,389.635,568.056,391.763,0.985730,567.665,392.510,648.391,440.176,0.975438,648.391,440.185,559.988,439.061,0.943810,559.452,440.007,629.436,423.663,0.977405,632.032,423.663,551.452,441.434,0.937177,551.452,441.434
/home/it-admin/.hermes/profiles/juggling-tracker/workspace/juggling-yolo/videos/youtube_juggling_for_data_analysis_eh1I3SlZn48_075_090.mp4,671,11.194517,0,0.880353,66.131,633.577,389.635,0.992181,633.577,389.635,567.509,392.510,0.988889,567.509,392.510,646.869,440.185,0.976145,648.391,440.176,558.570,440.903,0.953083,559.204,440.007,627.343,412.728,0.967887,632.032,412.728,551.305,446.053,0.927417,553.003,446.053
/home/it-admin/.hermes/profiles/juggling-tracker/workspace/juggling-yolo/videos/youtube_juggling_for_data_analysis_eh1I3SlZn48_075_090.mp4,672,11.211200,0,0.879001,65.543,632.950,388.590,0.992012,632.950,389.480,567.500,392.062,0.989268,567.500,392.296,647.457,436.946,0.975492,648.391,436.946,559.651,439.780,0.958528,558.570,439.780,633.238,407.059,0.965101,633.238,407.059,553.003,450.877,0.936406,553.003,450.877
/home/it-admin/.hermes/profiles/juggling-tracker/workspace/juggling-yolo/videos/youtube_juggling_for_data_analysis_eh1I3SlZn48_075_090.mp4,673,11.227883,0,0.871217,63.359,630.689,389.931,0.988881,631.656,389.635,567.402,392.930,0.985574,567.500,392.510,648.982,436.660,0.976855,648.669,436.946,558.564,440.717,0.956645,558.564,439.780,641.959,402.706,0.973820,641.959,404.014,554.763,457.454,0.939351,553.003,457.454
/home/it-admin/.hermes/profiles/juggling-tracker/workspace/juggling-yolo/videos/youtube_juggling_for_data_analysis_eh1I3SlZn48_075_090.mp4,674,11.244567,0,0.880068,63.053,630.446,389.480,0.987595,631.656,389.849,567.456,392.296,0.986516,567.500,392.296,648.869,435.274,0.978247,648.669,436.660,558.051,439.152,0.973762,558.051,439.152,642.662,401.420,0.978517,642.662,403.084,553.078,461.743,0.970726,553.078,461.743
/home/it-admin/.hermes/profiles/juggling-tracker/workspace/juggling-yolo/videos/youtube_juggling_for_data_analysis_eh1I3SlZn48_075_090.mp4,675,11.261250,0,0.883892,63.419,631.656,390.357,0.986501,631.656,389.878,568.274,392.523,0.988314,567.568,392.296,648.669,436.989,0.970474,648.669,436.323,556.786,438.432,0.973839,556.786,438.863,645.033,404.014,0.975142,645.033,403.084,551.606,464.904,0.971655,553.903,464.904
/home/it-admin/.hermes/profiles/juggling-tracker/workspace/juggling-yolo/videos/youtube_juggling_for_data_analysis_eh1I3SlZn48_075_090.mp4,676,11.277933,0,0.885622,64.661,632.386,389.849,0.985436,632.386,389.878,567.754,391.783,0.989296,567.628,392.021,645.604,435.566,0.955917,647.960,436.323,556.143,438.863,0.971952,556.143,438.432,647.407,403.084,0.965652,647.407,404.014,553.903,468.717,0.972490,553.903,468.717
/home/it-admin/.hermes/profiles/juggling-tracker/workspace/juggling-yolo/videos/youtube_juggling_for_data_analysis_eh1I3SlZn48_075_090.mp4,677,11.294617,0,0.880624,66.562,634.103,389.878,0.984693,632.563,390.049,567.568,391.766,0.989541,567.628,392.021,647.960,436.323,0.948243,647.960,436.989,555.946,438.176,0.973810,555.946,438.287,649.933,405.487,0.957726,649.933,405.487,555.890,469.197,0.973923,555.890,468.717
/home/it-admin/.hermes/profiles/juggling-tracker/workspace/juggling-yolo/videos/youtube_juggling_for_data_analysis_eh1I3SlZn48_075_090.mp4,678,11.311300,0,0.880856,64.954,632.563,390.445,0.984096,633.248,389.878,567.628,392.021,0.989111,567.568,392.021,646.073,437.402,0.949235,647.960,436.323,555.221,438.281,0.974810,555.651,438.281,650.959,405.708,0.952400,650.959,405.708,557.645,469.296,0.972578,556.908,468.717
/home/it-admin/.hermes/profiles/juggling-tracker/workspace/juggling-yolo/videos/youtube_juggling_for_data_analysis_eh1I3SlZn48_075_090.mp4,679,11.327983,0,0.878190,66.038,633.248,390.049,0.984940,633.514,390.049,567.262,392.674,0.988749,567.262,392.674,649.487,437.665,0.946667,649.487,436.323,554.567,438.287,0.971057,555.221,438.281,654.685,415.496,0.954014,654.685,411.840,556.908,461.833,0.969852,557.645,461.833
/home/it-admin/.hermes/profiles/juggling-tracker/workspace/juggling-yolo/videos/youtube_juggling_for_data_analysis_eh1I3SlZn48_075_090.mp4,680,11.344667,0,0.828471,66.720,633.892,389.783,0.985981,633.514,390.445,567.250,392.997,0.991888,567.250,392.997,656.604,423.292,0.922747,652.990,428.703,555.651,437.370,0.973548,554.576,438.287,658.812,411.840,0.919392,654.685,415.496,558.526,460.758,0.967696,558.526,460.758
/home/it-admin/.hermes/profiles/juggling-tracker/workspace/juggling-yolo/videos/youtube_juggling_for_data_analysis_eh1I3SlZn48_075_090.mp4,681,11.361350,0,0.866945,66.710,633.514,390.791,0.982361,633.634,390.791,566.844,393.106,0.988972,567.188,393.106,655.702,423.689,0.902122,652.990,428.703,554.576,438.976,0.958902,554.567,438.976,657.141,420.691,0.892224,654.685,420.691,559.046,456.670,0.941100,559.046,456.670
/home/it-admin/.hermes/profiles/juggling-tracker/workspace/juggling-yolo/videos/youtube_juggling_for_data_analysis_eh1I3SlZn48_075_090.mp4,682,11.378033,0,0.863403,66.478,633.634,391.325,0.985500,633.634,391.325,567.188,393.352,0.989102,566.844,393.106,652.990,428.703,0.913656,652.990,428.703,553.885,440.009,0.950052,553.885,440.009,654.435,424.197,0.866920,654.435,424.197,564.350,448.245,0.898487,561.951,448.245
/home/it-admin/.hermes/profiles/juggling-tracker/workspace/juggling-yolo/videos/youtube_juggling_for_data_analysis_eh1I3SlZn48_075_090.mp4,683,11.394717,0,0.867952,67.867,634.249,391.996,0.986168,633.536,391.594,566.396,393.358,0.987839,566.396,393.106,647.788,437.838,0.943880,649.730,437.838,552.094,441.286,0.950391,552.094,440.228,653.027,434.489,0.934789,653.027,434.489,561.951,442.356,0.911498,561.951,444.975
/home/it-admin/.hermes/profiles/juggling-tracker/workspace/juggling-yolo/videos/youtube_juggling_for_data_analysis_eh1I3SlZn48_075_090.mp4,684,11.411400,0,0.873090,67.236,633.536,392.304,0.988684,633.536,391.594,566.303,392.943,0.988471,566.303,392.943,648.283,439.863,0.954629,648.948,439.863,551.272,440.228,0.945957,551.272,441.286,651.625,438.874,0.941146,651.625,438.874,562.314,444.975,0.895290,561.951,442.356
/home/it-admin/.hermes/profiles/juggling-tracker/workspace/juggling-yolo/videos/youtube_juggling_for_data_analysis_eh1I3SlZn48_075_090.mp4,685,11.428083,0,0.875834,68.219,633.315,391.594,0.989469,633.315,391.996,565.097,392.034,0.989124,565.545,392.034,649.730,440.382,0.959694,648.283,440.382,548.376,443.999,0.968618,549.125,443.809,648.477,444.092,0.953842,648.477,444.092,557.179,432.758,0.959198,557.731,432.758
/home/it-admin/.hermes/profiles/juggling-tracker/workspace/juggling-yolo/videos/youtube_juggling_for_data_analysis_eh1I3SlZn48_075_090.mp4,686,11.444767,0,0.879366,66.894,632.438,390.911,0.990369,632.438,392.109,565.545,391.244,0.989883,565.536,392.034,648.948,441.202,0.958076,648.283,440.539,549.125,444.449,0.970677,549.125,443.999,640.811,446.827,0.938718,640.811,446.827,557.731,427.475,0.956179,557.179,427.475
/home/it-admin/.hermes/profiles/juggling-tracker/workspace/juggling-yolo/videos/youtube_juggling_for_data_analysis_eh1I3SlZn48_075_090.mp4,687,11.461450,0,0.876722,66.603,632.138,392.109,0.989651,632.138,392.054,565.536,391.767,0.989500,565.097,392.034,647.191,442.459,0.962984,647.245,440.692,547.828,443.809,0.975187,548.940,444.449,638.287,454.573,0.953537,638.344,454.573,554.876,421.267,0.966560,554.876,421.267
/home/it-admin/.hermes/profiles/juggling-tracker/workspace/juggling-yolo/videos/youtube_juggling_for_data_analysis_eh1I3SlZn48_075_090.mp4,688,11.478133,0,0.879988,67.651,631.574,392.391,0.989558,631.574,392.054,563.932,393.534,0.987491,563.932,391.767,647.245,440.539,0.970723,647.245,441.202,551.422,447.266,0.968663,549.125,444.449,637.893,458.503,0.968367,638.287,458.503,552.393,417.718,0.962669,552.393,417.718
/home/it-admin/.hermes/profiles/juggling-tracker/workspace/juggling-yolo/videos/youtube_juggling_for_data_analysis_eh1I3SlZn48_075_090.mp4,689,11.494817,0,0.879817,67.851,631.081,392.054,0.990465,631.081,392.054,563.237,392.959,0.987300,563.722,391.767,647.192,440.692,0.973858,647.192,440.692,548.940,446.368,0.966495,549.381,443.809,638.344,460.609,0.975267,637.893,460.609,549.198,417.574,0.966128,549.198,417.574
/home/it-admin/.hermes/profiles/juggling-tracker/workspace/juggling-yolo/videos/youtube_juggling_for_data_analysis_eh1I3SlZn48_075_090.mp4,690,11.511500,0,0.583484,67.220,630.942,391.856,0.992115,630.942,391.856,563.722,391.557,0.989687,563.237,391.557,647.990,442.587,0.979613,647.192,440.539,549.510,442.553,0.968938,549.381,442.553,634.035,462.473,0.975213,634.035,461.575,547.997,412.530,0.967826,547.997,412.530
/home/it-admin/.hermes/profiles/juggling-tracker/workspace/juggling-yolo/videos/youtube_juggling_for_data_analysis_eh1I3SlZn48_075_090.mp4,690,11.511500,1,0.272719,67.369,630.936,392.253,0.990085,,,563.569,391.790,0.986018,,,647.460,442.536,0.976896,,,549.112,442.869,0.967027,,,633.604,462.509,0.977980,,,547.945,412.972,0.965029,,
/home/it-admin/.hermes/profiles/juggling-tracker/workspace/juggling-yolo/videos/youtube_juggling_for_data_analysis_eh1I3SlZn48_075_090.mp4,691,11.528183,0,0.870756,67.851,630.938,391.663,0.991787,630.942,391.856,563.088,391.178,0.982898,563.175,391.557,645.491,440.292,0.972056,645.491,440.292,549.381,431.996,0.911936,549.313,432.469,632.687,462.175,0.972073,632.687,461.575,545.828,406.118,0.932239,545.828,411.942
/home/it-admin/.hermes/profiles/juggling-tracker/workspace/juggling-yolo/videos/youtube_juggling_for_data_analysis_eh1I3SlZn48_075_090.mp4,692,11.544867,0,0.874242,67.702,630.876,391.721,0.992277,630.938,391.856,563.175,391.261,0.985472,563.088,391.557,644.468,440.183,0.973027,644.468,440.183,549.146,432.469,0.922046,549.313,432.469,632.254,461.575,0.972484,632.254,461.575,542.869,409.272,0.934795,542.869,411.942
/home/it-admin/.hermes/profiles/juggling-tracker/workspace/juggling-yolo/videos/youtube_juggling_for_data_analysis_eh1I3SlZn48_075_090.mp4,693,11.561550,0,0.873211,69.204,631.203,392.487,0.992261,630.876,392.141,562.002,393.060,0.987760,562.002,393.060,641.580,438.262,0.971053,642.488,440.183,549.313,431.290,0.926083,549.313,432.469,630.886,458.915,0.970421,630.886,458.915,538.185,411.942,0.929067,539.110,411.942
/home/it-admin/.hermes/profiles/juggling-tracker/workspace/juggling-yolo/videos/youtube_juggling_for_data_analysis_eh1I3SlZn48_075_090.mp4,694,11.578233,0,0.877103,68.422,630.136,392.141,0.992652,630.277,392.487,561.727,393.531,0.989529,561.727,393.468,642.488,438.551,0.971942,641.580,440.183,549.293,434.460,0.936901,549.313,434.460,626.793,454.532,0.966343,626.793,457.560,539.110,420.235,0.926702,539.110,420.235
/home/it-admin/.hermes/profiles/juggling-tracker/workspace/juggling-yolo/videos/youtube_juggling_for_data_analysis_eh1I3SlZn48_075_090.mp4,695,11.594917,0,0.875049,68.917,630.277,392.549,0.991797,630.247,392.549,561.370,393.734,0.990567,561.370,393.531,641.045,440.925,0.965293,641.045,440.925,552.413,440.778,0.949050,551.010,435.895,625.357,452.316,0.955802,625.357,454.532,539.091,429.200,0.937822,539.110,429.200
/home/it-admin/.hermes/profiles/juggling-tracker/workspace/juggling-yolo/videos/youtube_juggling_for_data_analysis_eh1I3SlZn48_075_090.mp4,696,11.611600,0,0.861341,69.054,630.116,393.244,0.990140,630.247,392.773,561.062,393.468,0.989790,561.370,393.531,639.098,443.300,0.927753,639.567,443.300,551.010,435.895,0.915470,551.010,439.137,617.164,457.560,0.867298,622.567,452.316,542.191,433.260,0.859961,542.060,433.260
/home/it-admin/.hermes/profiles/juggling-tracker/workspace/juggling-yolo/videos/youtube_juggling_for_data_analysis_eh1I3SlZn48_075_090.mp4,697,11.628283,0,0.863384,69.127,630.247,393.593,0.989087,630.247,392.773,561.120,393.720,0.984054,561.370,393.468,639.567,445.288,0.940412,639.111,445.288,552.242,439.443,0.881021,551.568,439.443,622.567,433.297,0.919506,622.567,433.297,546.443,440.727,0.824567,542.191,436.970
/home/it-admin/.hermes/profiles/juggling-tracker/workspace/juggling-yolo/videos/youtube_juggling_for_data_analysis_eh1I3SlZn48_075_090.mp4,698,11.644967,0,0.860683,69.397,630.780,392.773,0.992174,630.116,392.773,561.384,393.113,0.991688,561.265,393.113,639.111,447.752,0.967092,639.098,445.949,549.806,439.137,0.933654,551.010,439.443,621.996,424.650,0.953743,622.567,426.474,542.060,436.970,0.858800,546.057,440.727
/home/it-admin/.hermes/profiles/juggling-tracker/workspace/juggling-yolo/videos/youtube_juggling_for_data_analysis_eh1I3SlZn48_075_090.mp4,699,11.661650,0,0.453326,68.347,630.050,391.855,0.990339,630.050,391.855,561.704,392.266,0.989039,561.271,392.266,638.401,448.408,0.968275,638.401,445.949,551.568,439.913,0.938638,550.039,439.443,626.262,426.474,0.960026,622.799,424.650,546.057,444.815,0.878949,546.057,444.815
/home/it-admin/.hermes/profiles/juggling-tracker/workspace/juggling-yolo/videos/youtube_juggling_for_data_analysis_eh1I3SlZn48_075_090.mp4,699,11.661650,1,0.417604,69.435,630.949,391.822,0.991655,,,561.516,392.286,0.992374,,,638.674,449.119,0.969236,,,552.032,439.865,0.948131,,,626.555,425.102,0.961074,,,546.127,445.160,0.886333,,
/home/it-admin/.hermes/profiles/juggling-tracker/workspace/juggling-yolo/videos/youtube_juggling_for_data_analysis_eh1I3SlZn48_075_090.mp4,700,11.678333,0,0.739619,68.128,629.393,391.712,0.989799,629.393,391.712,561.265,391.922,0.989631,561.271,391.922,637.328,445.949,0.963283,637.645,445.949,550.039,440.717,0.927084,549.806,439.137,624.283,416.566,0.943738,624.054,416.566,555.330,456.508,0.817688,546.057,455.818
/home/it-admin/.hermes/profiles/juggling-tracker/workspace/juggling-yolo/videos/youtube_juggling_for_data_analysis_eh1I3SlZn48_075_090.mp4,701,11.695017,0,0.876328,68.019,629.289,390.843,0.992100,629.289,390.843,561.271,391.251,0.993153,561.265,391.251,637.645,442.719,0.971295,637.645,442.719,548.973,436.765,0.973023,548.973,438.126,622.799,409.262,0.962299,624.283,409.262,543.143,455.818,0.955408,547.006,456.508
/home/it-admin/.hermes/profiles/juggling-tracker/workspace/juggling-yolo/videos/youtube_juggling_for_data_analysis_eh1I3SlZn48_075_090.mp4,702,11.711700,0,0.878098,66.276,626.821,390.106,0.989121,626.821,390.843,560.553,391.114,0.987547,561.242,391.251,636.696,440.052,0.970947,637.645,440.945,548.528,438.126,0.966641,548.528,436.862,624.054,402.946,0.953301,624.283,404.136,547.314,460.861,0.948018,547.314,460.861
/home/it-admin/.hermes/profiles/juggling-tracker/workspace/juggling-yolo/videos/youtube_juggling_for_data_analysis_eh1I3SlZn48_075_090.mp4,703,11.728383,0,0.892802,65.306,626.219,388.843,0.989908,626.821,390.843,560.946,390.900,0.989563,560.946,391.251,639.559,440.945,0.975882,639.464,440.945,548.391,436.862,0.978114,548.391,436.862,627.590,404.136,0.971926,625.892,404.136,547.006,462.842,0.976415,547.314,462.842
/home/it-admin/.hermes/profiles/juggling-tracker/workspace/juggling-yolo/videos/youtube_juggling_for_data_analysis_eh1I3SlZn48_075_090.mp4,704,11.745067,0,0.884245,64.947,626.188,391.281,0.987560,626.821,390.106,561.242,391.700,0.987397,560.683,391.114,639.464,440.769,0.972823,639.536,440.945,547.841,436.413,0.978137,547.841,437.948,628.645,402.567,0.969850,627.122,404.136,547.861,463.199,0.976705,547.861,462.842
/home/it-admin/.hermes/profiles/juggling-tracker/workspace/juggling-yolo/videos/youtube_juggling_for_data_analysis_eh1I3SlZn48_075_090.mp4,705,11.761750,0,0.890790,67.015,627.674,391.233,0.989124,627.674,391.233,560.660,391.514,0.989547,560.683,391.261,639.536,442.326,0.971172,639.559,442.326,547.112,437.948,0.979415,547.112,437.948,625.892,407.450,0.967496,627.122,407.450,549.035,462.919,0.978536,549.035,462.842
/home/it-admin/.hermes/profiles/juggling-tracker/workspace/juggling-yolo/videos/youtube_juggling_for_data_analysis_eh1I3SlZn48_075_090.mp4,706,11.778433,0,0.885784,67.399,628.075,389.935,0.989148,628.075,391.270,560.683,390.882,0.989791,560.660,391.514,640.195,443.759,0.974104,640.195,442.609,546.810,438.463,0.979529,546.810,438.463,627.122,411.897,0.975231,627.122,411.897,549.190,461.209,0.979323,549.190,461.604
/home/it-admin/.hermes/profiles/juggling-tracker/workspace/juggling-yolo/videos/youtube_juggling_for_data_analysis_eh1I3SlZn48_075_090.mp4,707,11.795117,0,0.885778,68.288,628.737,391.270,0.991146,628.700,391.270,560.449,391.261,0.991683,560.449,391.514,640.418,443.910,0.971300,640.418,442.609,546.685,440.123,0.978472,546.685,440.123,625.410,419.568,0.968225,627.122,419.568,550.536,461.604,0.976125,550.536,461.209
/home/it-admin/.hermes/profiles/juggling-tracker/workspace/juggling-yolo/videos/youtube_juggling_for_data_analysis_eh1I3SlZn48_075_090.mp4,708,11.811800,0,0.887556,68.362,628.728,392.012,0.991961,628.713,392.012,560.366,391.968,0.992265,560.366,391.968,642.973,442.609,0.974563,641.314,443.759,546.044,441.547,0.978379,546.132,441.547,627.504,426.669,0.972011,627.504,426.669,552.808,458.767,0.973001,552.808,458.767
/home/it-admin/.hermes/profiles/juggling-tracker/workspace/juggling-yolo/videos/youtube_juggling_for_data_analysis_eh1I3SlZn48_075_090.mp4,709,11.828483,0,0.887579,68.487,628.700,393.116,0.990742,628.713,392.983,560.217,392.384,0.992015,560.217,392.384,642.191,442.360,0.969412,642.191,443.910,546.132,441.955,0.973294,546.044,441.955,628.841,428.635,0.964870,628.604,428.635,556.874,454.907,0.956398,556.874,454.907
/home/it-admin/.hermes/profiles/juggling-tracker/workspace/juggling-yolo/videos/youtube_juggling_for_data_analysis_eh1I3SlZn48_075_090.mp4,710,11.845167,0,0.883837,68.807,628.713,393.158,0.989447,628.700,392.983,559.910,392.436,0.990923,560.004,392.436,641.314,444.119,0.961443,642.218,442.609,545.759,443.040,0.963576,545.759,443.040,628.604,433.609,0.953746,628.841,433.609,558.953,449.495,0.933037,556.874,449.495
/home/it-admin/.hermes/profiles/juggling-tracker/workspace/juggling-yolo/videos/youtube_juggling_for_data_analysis_eh1I3SlZn48_075_090.mp4,711,11.861850,0,0.881395,68.187,628.190,392.983,0.989513,628.190,392.983,560.004,392.649,0.991379,559.910,392.436,642.218,444.517,0.963789,642.218,442.360,543.521,443.531,0.965304,543.521,443.531,630.195,437.262,0.961691,629.346,437.262,561.280,439.552,0.933159,556.874,439.552
/home/it-admin/.hermes/profiles/juggling-tracker/workspace/juggling-yolo/videos/youtube_juggling_for_data_analysis_eh1I3SlZn48_075_090.mp4,712,11.878533,0,0.811314,68.469,627.749,392.670,0.991031,627.749,392.670,559.280,392.480,0.994442,559.832,392.436,642.315,442.205,0.962852,642.287,442.205,541.518,444.832,0.977603,541.574,443.531,630.220,439.853,0.958118,629.346,439.853,555.507,438.577,0.961868,555.507,438.577
/home/it-admin/.hermes/profiles/juggling-tracker/workspace/juggling-yolo/videos/youtube_juggling_for_data_analysis_eh1I3SlZn48_075_090.mp4,713,11.895217,0,0.883137,69.132,627.409,391.463,0.991574,627.704,391.898,558.277,391.587,0.994021,559.280,391.857,642.287,438.863,0.968404,642.315,442.205,541.484,444.245,0.978922,541.574,444.245,629.346,443.361,0.967849,629.346,443.361,553.084,431.342,0.973778,553.592,431.342
/home/it-admin/.hermes/profiles/juggling-tracker/workspace/juggling-yolo/videos/youtube_juggling_for_data_analysis_eh1I3SlZn48_075_090.mp4,714,11.911900,0,0.888432,67.587,627.411,391.402,0.992201,627.479,391.723,559.832,390.328,0.993945,559.280,391.587,642.805,440.810,0.967359,642.315,442.110,541.574,442.836,0.977782,541.574,444.245,624.355,451.068,0.955380,627.126,451.068,553.592,425.251,0.967462,553.084,425.251
/home/it-admin/.hermes/profiles/juggling-tracker/workspace/juggling-yolo/videos/youtube_juggling_for_data_analysis_eh1I3SlZn48_075_090.mp4,715,11.928583,0,0.888111,69.066,627.704,391.898,0.992993,627.479,391.723,558.638,391.857,0.994029,558.963,391.587,642.575,442.951,0.975347,642.287,442.110,543.750,444.932,0.977998,543.503,443.743,626.770,456.691,0.966048,626.799,456.691,552.698,422.284,0.967518,552.698,422.284
/home/it-admin/.hermes/profiles/juggling-tracker/workspace/juggling-yolo/videos/youtube_juggling_for_data_analysis_eh1I3SlZn48_075_090.mp4,716,11.945267,0,0.886947,68.145,627.479,391.723,0.992404,627.503,391.898,559.336,391.267,0.992972,558.963,391.857,640.024,442.110,0.970024,640.024,442.110,543.503,441.974,0.975178,543.750,442.836,627.126,459.872,0.960384,626.770,459.872,545.802,412.495,0.972102,545.802,412.495
/home/it-admin/.hermes/profiles/juggling-tracker/workspace/juggling-yolo/videos/youtube_juggling_for_data_analysis_eh1I3SlZn48_075_090.mp4,717,11.961950,0,0.883007,68.540,627.503,391.992,0.991932,627.503,391.992,558.963,392.162,0.991047,558.638,392.140,638.687,442.362,0.967310,638.882,442.110,545.656,443.743,0.964467,545.656,442.083,626.799,462.169,0.959944,626.770,462.169,542.296,411.363,0.967088,542.296,412.495
/home/it-admin/.hermes/profiles/juggling-tracker/workspace/juggling-yolo/videos/youtube_juggling_for_data_analysis_eh1I3SlZn48_075_090.mp4,718,11.978633,0,0.869065,69.167,627.605,392.270,0.988841,627.503,392.270,558.438,392.140,0.983631,558.438,392.141,638.882,441.883,0.969003,638.687,442.110,547.017,442.083,0.953387,545.997,441.974,626.161,462.823,0.964532,626.302,462.823,540.012,411.162,0.964674,540.012,411.841
/home/it-admin/.hermes/profiles/juggling-tracker/workspace/juggling-yolo/videos/youtube_juggling_for_data_analysis_eh1I3SlZn48_075_090.mp4,719,11.995317,0,0.870731,69.096,627.294,393.003,0.989933,627.567,392.623,558.198,392.784,0.984615,558.252,392.162,638.070,441.946,0.973320,638.070,441.946,545.997,441.797,0.953597,547.017,441.797,626.302,464.370,0.972209,626.161,462.823,539.766,413.166,0.966292,539.766,411.841
/home/it-admin/.hermes/profiles/juggling-tracker/workspace/juggling-yolo/videos/youtube_juggling_for_data_analysis_eh1I3SlZn48_075_090.mp4,720,12.012000,0,0.870907,70.028,627.567,392.623,0.992418,627.586,392.647,557.541,392.141,0.986252,558.252,392.588,638.061,442.284,0.970247,638.061,441.946,548.787,434.499,0.924069,547.514,437.597,626.012,464.625,0.967377,626.012,462.823,537.380,411.841,0.940308,537.380,412.550
/home/it-admin/.hermes/profiles/juggling-tracker/workspace/juggling-yolo/videos/youtube_juggling_for_data_analysis_eh1I3SlZn48_075_090.mp4,721,12.028683,0,0.870576,69.334,627.586,392.814,0.992733,627.586,392.814,558.252,392.588,0.991268,558.252,392.784,637.673,441.931,0.971598,637.673,441.946,547.514,432.387,0.944922,547.605,437.597,624.699,460.440,0.963837,624.699,460.440,531.685,412.550,0.925279,531.685,413.166
/home/it-admin/.hermes/profiles/juggling-tracker/workspace/juggling-yolo/videos/youtube_juggling_for_data_analysis_eh1I3SlZn48_075_090.mp4,722,12.045367,0,0.869802,69.089,627.880,392.647,0.992173,627.817,392.814,558.791,392.806,0.992681,558.791,392.806,636.788,442.004,0.968139,637.673,442.004,548.891,437.597,0.960184,547.605,437.597,623.510,458.273,0.957387,623.510,458.273,531.198,420.220,0.940993,531.198,420.220
/home/it-admin/.hermes/profiles/juggling-tracker/workspace/juggling-yolo/videos/youtube_juggling_for_data_analysis_eh1I3SlZn48_075_090.mp4,723,12.062050,0,0.870970,68.945,627.817,392.859,0.991416,627.880,392.859,558.873,393.348,0.993305,558.873,393.008,637.236,441.291,0.961651,637.673,442.004,547.605,438.560,0.961230,547.514,438.560,622.496,449.755,0.944829,622.496,449.755,529.565,428.618,0.927432,530.863,428.618
/home/it-admin/.hermes/profiles/juggling-tracker/workspace/juggling-yolo/videos/youtube_juggling_for_data_analysis_eh1I3SlZn48_075_090.mp4,724,12.078733,0,0.862263,69.623,628.641,393.801,0.990168,628.458,393.073,559.019,393.519,0.993949,558.976,393.008,638.347,444.529,0.933481,638.347,443.457,546.737,440.569,0.960459,547.399,440.034,619.483,443.402,0.878819,622.496,443.402,530.576,433.828,0.906399,530.863,433.828
/home/it-admin/.hermes/profiles/juggling-tracker/workspace/juggling-yolo/videos/youtube_juggling_for_data_analysis_eh1I3SlZn48_075_090.mp4,725,12.095417,0,0.869133,69.484,628.458,393.503,0.991662,628.575,393.073,558.976,393.008,0.993379,559.019,393.008,639.931,443.457,0.956244,639.928,444.529,546.325,440.034,0.961059,547.399,440.330,620.381,438.008,0.934494,622.496,438.008,530.863,441.891,0.926282,530.863,441.329
/home/it-admin/.hermes/profiles/juggling-tracker/workspace/juggling-yolo/videos/youtube_juggling_for_data_analysis_eh1I3SlZn48_075_090.mp4,726,12.112100,0,0.550012,68.896,628.575,393.073,0.989047,628.575,393.073,559.680,392.579,0.989565,559.680,392.579,639.928,446.109,0.961565,639.931,444.529,547.399,441.590,0.939087,547.399,440.330,625.723,430.586,0.963567,622.338,430.586,536.316,441.329,0.893096,536.316,441.891
/home/it-admin/.hermes/profiles/juggling-tracker/workspace/juggling-yolo/videos/youtube_juggling_for_data_analysis_eh1I3SlZn48_075_090.mp4,726,12.112100,1,0.273082,69.708,629.283,393.168,0.990897,,,559.577,392.767,0.992945,,,640.163,446.777,0.963481,,,548.052,441.432,0.948737,,,625.865,429.333,0.963388,,,536.668,441.559,0.898342,,
/home/it-admin/.hermes/profiles/juggling-tracker/workspace/juggling-yolo/videos/youtube_juggling_for_data_analysis_eh1I3SlZn48_075_090.mp4,727,12.128783,0,0.855502,70.385,630.211,392.611,0.990964,628.458,392.611,559.828,392.227,0.992877,559.828,392.227,640.314,446.523,0.963115,639.981,443.457,547.602,440.330,0.947695,547.399,440.034,627.358,424.623,0.961204,625.723,424.623,539.821,447.294,0.890460,538.803,447.294
/home/it-admin/.hermes/profiles/juggling-tracker/workspace/juggling-yolo/videos/youtube_juggling_for_data_analysis_eh1I3SlZn48_075_090.mp4,728,12.145467,0,0.836365,68.168,628.124,390.420,0.991826,628.264,390.420,559.960,391.146,0.991466,559.884,391.572,639.981,438.024,0.970510,640.314,438.542,547.544,439.250,0.945859,547.544,439.250,622.338,419.901,0.958202,627.358,419.901,550.698,451.727,0.879456,539.821,451.727
/home/it-admin/.hermes/profiles/juggling-tracker/workspace/juggling-yolo/videos/youtube_juggling_for_data_analysis_eh1I3SlZn48_075_090.mp4,729,12.162150,0,0.877450,68.395,628.264,389.148,0.993397,628.124,390.420,559.884,390.543,0.994122,559.960,391.146,641.025,438.542,0.979107,640.868,438.024,547.389,436.068,0.976390,547.602,437.247,627.890,406.188,0.976235,627.890,406.188,538.803,456.308,0.962753,543.939,456.308
/home/it-admin/.hermes/profiles/juggling-tracker/workspace/juggling-yolo/videos/youtube_juggling_for_data_analysis_eh1I3SlZn48_075_090.mp4,730,12.178833,0,0.875865,64.443,624.549,390.395,0.988570,625.253,390.420,560.117,391.572,0.987853,560.117,390.996,640.868,432.187,0.978202,641.025,434.039,548.346,437.247,0.968929,548.189,436.976,631.201,400.998,0.975561,631.201,400.998,543.939,460.681,0.955266,545.167,460.681
/home/it-admin/.hermes/profiles/juggling-tracker/workspace/juggling-yolo/videos/youtube_juggling_for_data_analysis_eh1I3SlZn48_075_090.mp4,731,12.195517,0,0.893747,64.635,625.253,391.757,0.989899,624.549,391.757,560.623,390.941,0.990056,560.623,390.941,641.627,433.597,0.977952,641.546,433.712,548.189,436.274,0.975213,548.189,436.976,633.738,398.923,0.978851,633.738,400.240,545.167,462.847,0.972519,545.167,462.847
/home/it-admin/.hermes/profiles/juggling-tracker/workspace/juggling-yolo/videos/youtube_juggling_for_data_analysis_eh1I3SlZn48_075_090.mp4,732,12.212200,0,0.897506,63.297,624.069,391.992,0.988725,624.549,391.757,560.780,390.996,0.989356,560.780,390.941,644.010,434.039,0.978123,641.546,433.597,548.650,436.976,0.977700,548.189,437.247,636.512,400.240,0.979464,636.512,399.725,548.305,466.428,0.975474,548.305,464.771
/home/it-admin/.hermes/profiles/juggling-tracker/workspace/juggling-yolo/videos/youtube_juggling_for_data_analysis_eh1I3SlZn48_075_090.mp4,733,12.228883,0,0.891045,63.531,624.460,392.170,0.987810,625.253,391.992,560.946,390.728,0.991274,560.912,390.941,641.546,433.712,0.966817,641.546,433.597,548.090,437.469,0.978761,548.189,437.469,642.385,399.725,0.969702,642.385,399.175,550.421,466.425,0.977012,550.421,464.771
/home/it-admin/.hermes/profiles/juggling-tracker/workspace/juggling-yolo/videos/youtube_juggling_for_data_analysis_eh1I3SlZn48_075_090.mp4,734,12.245567,0,0.882811,66.019,626.929,391.293,0.986488,626.104,391.992,560.912,390.752,0.994374,560.946,390.959,640.337,430.799,0.936631,640.980,432.709,548.167,437.577,0.981317,548.315,437.577,644.731,396.455,0.948055,644.731,399.175,551.630,464.771,0.975954,551.630,464.771
/home/it-admin/.hermes/profiles/juggling-tracker/workspace/juggling-yolo/videos/youtube_juggling_for_data_analysis_eh1I3SlZn48_075_090.mp4,735,12.262250,0,0.764127,64.540,626.104,392.125,0.985457,626.659,391.418,561.575,390.959,0.992484,561.228,390.959,639.856,432.709,0.939923,640.337,430.799,548.315,439.187,0.977164,548.215,439.085,646.969,399.175,0.944865,646.969,396.455,554.071,463.551,0.972386,554.071,463.551
/home/it-admin/.hermes/profiles/juggling-tracker/workspace/juggling-yolo/videos/youtube_juggling_for_data_analysis_eh1I3SlZn48_075_090.mp4,736,12.278933,0,0.879472,64.929,626.659,390.832,0.987216,626.929,391.381,561.731,391.262,0.995093,561.269,391.240,640.980,417.499,0.931208,639.856,429.608,549.359,439.085,0.981653,548.215,439.187,649.528,386.938,0.933318,649.528,396.455,555.993,463.307,0.971955,555.993,463.307
/home/it-admin/.hermes/profiles/juggling-tracker/workspace/juggling-yolo/videos/youtube_juggling_for_data_analysis_eh1I3SlZn48_075_090.mp4,737,12.295617,0,0.876302,66.020,627.248,391.418,0.988698,627.248,391.381,561.228,391.309,0.995020,561.575,391.262,639.769,427.596,0.941695,639.856,427.596,548.215,440.648,0.980070,548.215,440.648,650.849,393.288,0.940464,649.652,399.175,556.606,457.227,0.966538,556.606,457.227
/home/it-admin/.hermes/profiles/juggling-tracker/workspace/juggling-yolo/videos/youtube_juggling_for_data_analysis_eh1I3SlZn48_075_090.mp4,738,12.312300,0,0.875682,66.402,627.670,391.381,0.989369,627.461,391.381,561.269,391.240,0.994852,561.670,391.309,638.013,429.608,0.946847,640.980,427.123,547.578,440.648,0.979568,547.578,440.648,649.652,402.858,0.944889,650.849,402.858,557.951,449.205,0.966537,557.951,449.205
/home/it-admin/.hermes/profiles/juggling-tracker/workspace/juggling-yolo/videos/youtube_juggling_for_data_analysis_eh1I3SlZn48_075_090.mp4,739,12.328983,0,0.874936,65.931,627.640,391.322,0.987978,627.640,391.418,561.710,391.693,0.995155,561.269,391.553,642.082,423.307,0.923265,639.769,427.596,546.536,440.746,0.976293,546.536,440.698,652.294,406.861,0.917306,650.849,406.861,558.644,444.727,0.956425,558.252,444.727
/home/it-admin/.hermes/profiles/juggling-tracker/workspace/juggling-yolo/videos/youtube_juggling_for_data_analysis_eh1I3SlZn48_075_090.mp4,740,12.345667,0,0.861635,65.792,627.461,391.858,0.986606,627.670,391.858,561.670,391.570,0.994902,561.269,391.553,642.055,427.123,0.879631,640.961,429.608,545.439,440.698,0.977661,545.768,440.746,652.197,411.974,0.841915,649.652,411.974,559.960,438.517,0.962222,558.644,438.517
/home/it-admin/.hermes/profiles/juggling-tracker/workspace/juggling-yolo/videos/youtube_juggling_for_data_analysis_eh1I3SlZn48_075_090.mp4,741,12.362350,0,0.870085,67.205,628.311,392.100,0.988993,628.311,392.100,561.108,391.553,0.994799,561.109,391.570,638.482,436.188,0.935847,642.055,436.188,544.556,442.637,0.979853,545.439,440.746,648.617,424.873,0.929961,648.617,424.873,558.252,431.810,0.969781,558.644,431.810
/home/it-admin/.hermes/profiles/juggling-tracker/workspace/juggling-yolo/videos/youtube_juggling_for_data_analysis_eh1I3SlZn48_075_090.mp4,742,12.379033,0,0.884377,69.536,629.505,392.151,0.989736,629.505,392.151,559.984,390.719,0.994655,561.109,391.553,640.961,438.388,0.933093,642.055,438.388,545.768,442.743,0.978615,545.321,440.698,647.775,430.234,0.910893,647.775,430.234,558.880,423.121,0.965737,558.252,423.121
/home/it-admin/.hermes/profiles/juggling-tracker/workspace/juggling-yolo/videos/youtube_juggling_for_data_analysis_eh1I3SlZn48_075_090.mp4,743,12.395717,0,0.876597,69.101,630.209,392.528,0.990415,630.209,392.528,561.109,392.178,0.993909,561.108,391.504,642.398,438.530,0.929416,642.398,438.530,545.321,439.119,0.967024,545.321,439.119,646.500,436.817,0.889243,646.500,436.817,555.993,420.194,0.940483,555.993,420.194
/home/it-admin/.hermes/profiles/juggling-tracker/workspace/juggling-yolo/videos/youtube_juggling_for_data_analysis_eh1I3SlZn48_075_090.mp4,744,12.412400,0,0.880732,68.509,631.120,392.901,0.991340,630.617,392.548,562.626,391.504,0.992488,561.018,391.504,646.276,444.049,0.937371,643.665,439.925,544.713,437.573,0.963821,545.321,437.573,637.076,448.088,0.898837,639.789,448.088,551.597,407.459,0.951577,551.597,407.459
/home/it-admin/.hermes/profiles/juggling-tracker/workspace/juggling-yolo/videos/youtube_juggling_for_data_analysis_eh1I3SlZn48_075_090.mp4,745,12.429083,0,0.867196,69.794,630.795,392.942,0.990849,630.748,392.901,561.018,391.401,0.989143,561.018,391.638,643.665,441.993,0.955414,644.067,440.721,547.530,432.799,0.931277,545.298,435.715,639.576,451.038,0.936387,639.576,451.038,549.807,400.995,0.898405,549.807,407.459
/home/it-admin/.hermes/profiles/juggling-tracker/workspace/juggling-yolo/videos/youtube_juggling_for_data_analysis_eh1I3SlZn48_075_090.mp4,746,12.445767,0,0.874234,71.284,630.617,392.548,0.991529,630.748,392.901,559.338,391.638,0.988396,560.680,391.638,644.067,439.925,0.960543,644.639,440.721,545.298,434.460,0.923603,545.298,434.460,639.789,456.273,0.949030,637.076,456.273,546.234,403.002,0.905380,546.234,403.002
/home/it-admin/.hermes/profiles/juggling-tracker/workspace/juggling-yolo/videos/youtube_juggling_for_data_analysis_eh1I3SlZn48_075_090.mp4,747,12.462450,0,0.875314,70.073,630.748,393.217,0.992331,630.617,392.608,560.680,392.406,0.987585,560.680,392.406,644.639,440.721,0.965325,644.639,439.925,544.877,435.715,0.930894,547.530,434.460,636.640,458.942,0.959823,636.640,458.756,543.048,408.886,0.941000,543.048,403.002
/home/it-admin/.hermes/profiles/juggling-tracker/workspace/juggling-yolo/videos/youtube_juggling_for_data_analysis_eh1I3SlZn48_075_090.mp4,748,12.479133,0,0.862161,69.803,630.440,392.608,0.993009,630.440,392.548,560.640,393.236,0.986580,560.680,392.821,644.786,439.204,0.968762,644.786,439.204,549.407,428.958,0.879756,548.272,434.460,634.937,458.756,0.961094,634.937,458.756,537.545,399.332,0.861772,540.553,408.886
/home/it-admin/.hermes/profiles/juggling-tracker/workspace/juggling-yolo/videos/youtube_juggling_for_data_analysis_eh1I3SlZn48_075_090.mp4,749,12.495817,0,0.876425,67.961,629.934,392.125,0.993658,630.397,392.315,561.976,392.821,0.989352,561.678,393.236,644.841,438.727,0.976648,644.841,439.042,551.982,436.356,0.949997,549.407,435.715,631.687,458.981,0.974002,631.687,458.756,540.553,410.702,0.960936,537.545,409.308
/home/it-admin/.hermes/profiles/juggling-tracker/workspace/juggling-yolo/videos/youtube_juggling_for_data_analysis_eh1I3SlZn48_075_090.mp4,750,12.512500,0,0.873371,68.579,630.249,392.297,0.993425,630.397,392.315,561.678,393.338,0.991221,561.973,393.338,645.381,438.648,0.973987,644.841,439.042,548.272,431.596,0.945100,549.407,433.935,631.459,457.232,0.967070,631.459,457.232,533.871,409.308,0.931474,537.545,410.702
/home/it-admin/.hermes/profiles/juggling-tracker/workspace/juggling-yolo/videos/youtube_juggling_for_data_analysis_eh1I3SlZn48_075_090.mp4,751,12.529183,0,0.868741,68.438,630.397,392.315,0.993068,630.397,392.315,561.973,393.748,0.992332,561.976,393.575,645.297,439.042,0.968982,644.841,439.042,549.729,436.907,0.942947,549.729,436.356,628.868,453.720,0.952806,628.868,453.720,534.684,419.320,0.902230,538.371,419.320
/home/it-admin/.hermes/profiles/juggling-tracker/workspace/juggling-yolo/videos/youtube_juggling_for_data_analysis_eh1I3SlZn48_075_090.mp4,752,12.545867,0,0.859935,69.375,631.656,393.122,0.992095,630.874,392.596,562.283,393.675,0.992864,561.973,393.575,643.968,441.326,0.951331,643.968,441.121,548.470,433.935,0.911693,549.214,436.907,628.329,447.790,0.914508,628.329,447.790,538.371,428.996,0.774118,538.371,428.996
/home/it-admin/.hermes/profiles/juggling-tracker/workspace/juggling-yolo/videos/youtube_juggling_for_data_analysis_eh1I3SlZn48_075_090.mp4,753,12.562550,0,0.862799,68.662,630.874,392.596,0.990860,631.177,392.629,562.219,393.575,0.990656,562.169,393.575,643.568,441.121,0.950582,643.775,441.326,550.512,439.058,0.902777,549.582,439.058,622.847,446.829,0.908605,628.329,446.829,548.195,441.811,0.726012,545.491,441.643
/home/it-admin/.hermes/profiles/juggling-tracker/workspace/juggling-yolo/videos/youtube_juggling_for_data_analysis_eh1I3SlZn48_075_090.mp4,754,12.579233,0,0.793070,69.756,631.691,392.696,0.990519,631.656,392.629,561.939,393.385,0.990359,562.219,393.385,643.414,446.557,0.961571,643.568,444.133,549.214,440.585,0.933533,549.582,440.458,627.844,436.376,0.954065,628.329,436.376,545.491,441.643,0.862760,548.195,441.811
/home/it-admin/.hermes/profiles/juggling-tracker/workspace/juggling-yolo/videos/youtube_juggling_for_data_analysis_eh1I3SlZn48_075_090.mp4,755,12.595917,0,0.587274,69.008,631.177,392.629,0.989578,631.268,392.596,562.169,392.846,0.990522,562.219,392.846,643.775,444.652,0.961817,643.568,444.636,549.582,440.458,0.939553,549.582,440.585,629.880,430.591,0.958712,629.880,430.591,551.344,442.924,0.870055,548.195,442.924
/home/it-admin/.hermes/profiles/juggling-tracker/workspace/juggling-yolo/videos/youtube_juggling_for_data_analysis_eh1I3SlZn48_075_090.mp4,755,12.595917,1,0.258397,69.860,631.834,392.651,0.991161,,,561.974,393.013,0.993486,,,644.042,445.120,0.963767,,,550.012,440.387,0.949801,,,630.142,429.326,0.959235,,,551.572,443.357,0.880006,,
/home/it-admin/.hermes/profiles/juggling-tracker/workspace/juggling-yolo/videos/youtube_juggling_for_data_analysis_eh1I3SlZn48_075_090.mp4,756,12.612600,0,0.790522,69.325,631.659,390.679,0.991388,631.268,391.267,562.349,392.132,0.993374,562.349,392.135,642.879,444.133,0.968346,643.775,444.636,550.041,440.709,0.951596,549.423,440.585,629.889,423.185,0.965048,629.889,423.185,548.707,446.054,0.886148,548.029,446.054
/home/it-admin/.hermes/profiles/juggling-tracker/workspace/juggling-yolo/videos/youtube_juggling_for_data_analysis_eh1I3SlZn48_075_090.mp4,757,12.629283,0,0.858851,68.729,631.268,391.267,0.991944,631.177,390.679,562.544,392.135,0.993370,562.544,392.132,644.057,444.636,0.972204,644.057,444.133,549.423,440.952,0.962070,549.423,440.458,631.108,419.585,0.970840,631.108,419.585,548.029,448.384,0.925813,548.029,448.384
/home/it-admin/.hermes/profiles/juggling-tracker/workspace/juggling-yolo/videos/youtube_juggling_for_data_analysis_eh1I3SlZn48_075_090.mp4,758,12.645967,0,0.875416,66.913,629.867,388.510,0.991384,630.548,390.585,562.999,390.974,0.993837,562.890,391.652,645.043,440.199,0.972858,645.043,440.199,547.616,438.672,0.968681,548.642,438.672,635.572,406.283,0.972027,635.572,406.283,547.438,453.847,0.935898,548.029,453.847
/home/it-admin/.hermes/profiles/juggling-tracker/workspace/juggling-yolo/videos/youtube_juggling_for_data_analysis_eh1I3SlZn48_075_090.mp4,759,12.662650,0,0.876392,66.362,629.238,390.306,0.989420,629.867,390.585,562.890,391.652,0.993522,562.999,391.652,646.799,432.623,0.959179,645.043,435.230,548.642,436.848,0.972230,548.642,437.990,642.889,401.198,0.963751,642.889,403.641,543.805,460.218,0.958859,548.029,460.218
/home/it-admin/.hermes/profiles/juggling-tracker/workspace/juggling-yolo/videos/youtube_juggling_for_data_analysis_eh1I3SlZn48_075_090.mp4,760,12.679333,0,0.875220,67.087,630.548,390.585,0.988219,629.867,390.585,563.464,391.218,0.994195,563.210,391.652,645.774,435.230,0.949491,645.043,432.623,548.608,437.584,0.972370,548.642,437.990,646.388,403.641,0.959539,646.388,401.198,548.680,463.611,0.954934,548.680,463.611
/home/it-admin/.hermes/profiles/juggling-tracker/workspace/juggling-yolo/videos/youtube_juggling_for_data_analysis_eh1I3SlZn48_075_090.mp4,761,12.696017,0,0.872210,65.888,629.263,391.073,0.987388,629.263,391.073,563.380,391.892,0.993945,563.252,391.892,639.887,429.041,0.937055,644.180,430.192,549.742,437.990,0.977967,549.742,437.990,651.820,397.873,0.936416,651.820,401.198,549.722,466.360,0.967418,549.722,466.021
/home/it-admin/.hermes/profiles/juggling-tracker/workspace/juggling-yolo/videos/youtube_juggling_for_data_analysis_eh1I3SlZn48_075_090.mp4,762,12.712700,0,0.863810,67.419,630.605,391.138,0.984866,629.263,391.138,563.210,392.915,0.993930,563.380,392.220,644.180,413.043,0.877793,639.887,429.720,551.032,438.780,0.975897,551.032,438.780,656.304,389.530,0.859593,654.987,402.288,551.805,467.111,0.967152,551.805,466.360
/home/it-admin/.hermes/profiles/juggling-tracker/workspace/juggling-yolo/videos/youtube_juggling_for_data_analysis_eh1I3SlZn48_075_090.mp4,763,12.729383,0,0.874850,65.988,629.240,392.161,0.989490,629.263,392.161,563.252,392.300,0.994446,563.380,392.300,637.210,430.192,0.950011,639.887,429.720,551.047,439.367,0.978886,551.032,439.367,654.987,402.288,0.950379,656.304,402.288,552.696,466.021,0.970288,552.696,466.360
/home/it-admin/.hermes/profiles/juggling-tracker/workspace/juggling-yolo/videos/youtube_juggling_for_data_analysis_eh1I3SlZn48_075_090.mp4,764,12.746067,0,0.872260,65.634,629.145,392.222,0.990660,629.572,392.222,563.511,392.220,0.994846,563.511,392.521,639.205,429.720,0.958545,640.780,430.192,551.383,440.186,0.980337,551.047,440.186,659.270,405.784,0.957168,659.270,405.784,556.608,467.413,0.970582,556.608,466.021
/home/it-admin/.hermes/profiles/juggling-tracker/workspace/juggling-yolo/videos/youtube_juggling_for_data_analysis_eh1I3SlZn48_075_090.mp4,765,12.762750,0,0.868931,65.898,629.572,392.274,0.991504,629.572,392.274,563.675,392.521,0.994795,563.675,392.521,641.680,430.405,0.959935,640.780,430.405,550.722,440.469,0.981052,551.047,440.429,662.777,410.245,0.951043,660.611,410.245,556.966,462.371,0.971962,556.966,462.371
/home/it-admin/.hermes/profiles/juggling-tracker/workspace/juggling-yolo/videos/youtube_juggling_for_data_analysis_eh1I3SlZn48_075_090.mp4,766,12.779433,0,0.866567,66.553,630.401,392.637,0.991819,630.401,392.637,563.848,392.606,0.994606,563.757,392.606,640.780,434.068,0.958392,641.680,434.068,551.191,440.429,0.979303,550.722,440.469,660.611,418.786,0.943902,661.131,418.786,558.056,461.328,0.967605,558.056,461.328
/home/it-admin/.hermes/profiles/juggling-tracker/workspace/juggling-yolo/videos/youtube_juggling_for_data_analysis_eh1I3SlZn48_075_090.mp4,767,12.796117,0,0.873378,67.405,631.161,392.852,0.991480,631.161,392.852,563.757,393.104,0.994606,563.757,393.062,643.630,435.347,0.960124,641.680,435.347,549.966,441.870,0.977200,549.966,441.689,661.964,426.283,0.952770,661.131,426.283,558.931,456.822,0.961809,558.931,456.822
/home/it-admin/.hermes/profiles/juggling-tracker/workspace/juggling-yolo/videos/youtube_juggling_for_data_analysis_eh1I3SlZn48_075_090.mp4,768,12.812800,0,0.872872,67.327,631.222,393.454,0.991311,631.222,393.454,563.896,393.062,0.994992,563.757,393.104,643.774,437.915,0.961859,641.510,437.915,549.149,442.490,0.978098,549.149,441.870,661.131,431.926,0.951233,660.611,431.926,564.842,450.360,0.952124,560.846,450.360
/home/it-admin/.hermes/profiles/juggling-tracker/workspace/juggling-yolo/videos/youtube_juggling_for_data_analysis_eh1I3SlZn48_075_090.mp4,769,12.829483,0,0.855739,68.772,632.230,394.313,0.990599,631.316,394.048,563.465,393.317,0.994456,563.532,393.104,641.510,440.130,0.940942,642.121,440.130,548.514,441.689,0.977994,548.514,441.870,655.675,438.219,0.913226,655.675,438.219,560.846,448.965,0.962923,560.846,448.965
/home/it-admin/.hermes/profiles/juggling-tracker/workspace/juggling-yolo/videos/youtube_juggling_for_data_analysis_eh1I3SlZn48_075_090.mp4,770,12.846167,0,0.865581,68.190,631.713,394.550,0.987341,631.316,394.048,563.532,393.418,0.992804,563.465,393.062,640.525,441.110,0.907817,641.640,440.897,547.579,443.258,0.974835,547.579,441.689,645.863,442.643,0.852848,651.736,442.643,562.196,439.089,0.951338,560.846,439.089
/home/it-admin/.hermes/profiles/juggling-tracker/workspace/juggling-yolo/videos/youtube_juggling_for_data_analysis_eh1I3SlZn48_075_090.mp4,771,12.862850,0,0.862448,68.363,631.316,394.048,0.992119,631.316,394.048,562.976,392.287,0.994070,563.114,392.287,642.121,441.465,0.954642,641.640,441.110,546.624,439.411,0.974310,546.624,439.487,651.736,447.365,0.933739,650.693,447.365,560.123,431.141,0.959990,560.123,431.141
/home/it-admin/.hermes/profiles/juggling-tracker/workspace/juggling-yolo/videos/youtube_juggling_for_data_analysis_eh1I3SlZn48_075_090.mp4,772,12.879533,0,0.874047,67.581,630.671,393.178,0.992273,631.048,393.178,563.114,391.377,0.993891,563.114,391.943,641.640,440.897,0.954517,642.121,441.110,545.794,438.694,0.975540,545.841,439.411,650.693,450.221,0.931941,647.933,450.221,559.638,422.714,0.966271,559.638,422.714
/home/it-admin/.hermes/profiles/juggling-tracker/workspace/juggling-yolo/videos/youtube_juggling_for_data_analysis_eh1I3SlZn48_075_090.mp4,773,12.896217,0,0.882384,68.413,630.592,392.813,0.992742,631.048,392.894,562.203,391.017,0.993834,563.114,391.898,643.194,442.507,0.965416,643.194,440.897,545.755,439.487,0.976217,545.841,438.694,647.933,455.995,0.944958,647.933,455.995,557.333,416.932,0.964255,557.333,416.932
/home/it-admin/.hermes/profiles/juggling-tracker/workspace/juggling-yolo/videos/youtube_juggling_for_data_analysis_eh1I3SlZn48_075_090.mp4,774,12.912900,0,0.867447,67.044,631.048,392.894,0.992814,630.671,392.813,564.010,391.943,0.989913,563.319,391.898,643.860,440.695,0.962745,643.860,440.695,545.841,434.767,0.930534,545.841,437.120,645.833,459.374,0.942774,645.833,459.374,552.838,407.637,0.903692,552.838,408.935
/home/it-admin/.hermes/profiles/juggling-tracker/workspace/juggling-yolo/videos/youtube_juggling_for_data_analysis_eh1I3SlZn48_075_090.mp4,775,12.929583,0,0.869752,67.396,631.333,392.467,0.992506,631.048,392.813,563.939,391.898,0.990060,563.523,391.943,644.960,439.527,0.970515,644.882,440.695,550.094,437.120,0.947223,548.190,436.697,642.197,461.616,0.961322,642.197,461.616,549.815,408.935,0.938458,549.815,407.637
/home/it-admin/.hermes/profiles/juggling-tracker/workspace/juggling-yolo/videos/youtube_juggling_for_data_analysis_eh1I3SlZn48_075_090.mp4,776,12.946267,0,0.874450,67.202,630.521,392.607,0.992918,631.333,392.894,563.319,392.751,0.990918,563.523,392.527,645.632,438.940,0.979016,644.882,440.171,548.190,436.697,0.960264,548.636,435.496,640.466,461.989,0.974550,640.466,461.616,547.164,406.633,0.951748,547.164,407.637
/home/it-admin/.hermes/profiles/juggling-tracker/workspace/juggling-yolo/videos/youtube_juggling_for_data_analysis_eh1I3SlZn48_075_090.mp4,777,12.962950,0,0.869852,68.073,631.583,393.847,0.992437,631.455,393.254,563.523,392.527,0.987572,563.319,392.751,644.882,441.228,0.974501,644.882,440.171,548.636,424.587,0.932828,550.094,436.697,638.494,464.394,0.970007,638.494,461.616,544.977,398.069,0.927399,544.977,408.935
/home/it-admin/.hermes/profiles/juggling-tracker/workspace/juggling-yolo/videos/youtube_juggling_for_data_analysis_eh1I3SlZn48_075_090.mp4,778,12.979633,0,0.872134,69.293,631.670,393.584,0.992172,631.583,393.254,562.380,394.313,0.989265,563.319,393.001,643.811,440.171,0.969882,644.057,440.171,553.170,435.496,0.944037,548.772,435.496,636.471,461.593,0.965726,636.471,461.593,541.285,410.138,0.945699,541.285,408.124
/home/it-admin/.hermes/profiles/juggling-tracker/workspace/juggling-yolo/videos/youtube_juggling_for_data_analysis_eh1I3SlZn48_075_090.mp4,779,12.996317,0,0.876043,68.206,631.455,393.254,0.992581,631.583,393.254,563.262,394.602,0.991049,563.523,393.648,643.898,440.197,0.970701,644.057,440.171,552.959,437.868,0.956700,548.772,433.211,634.117,458.299,0.966585,634.117,458.299,537.926,412.666,0.957291,537.926,410.138
/home/it-admin/.hermes/profiles/juggling-tracker/workspace/juggling-yolo/videos/youtube_juggling_for_data_analysis_eh1I3SlZn48_075_090.mp4,780,13.013000,0,0.872653,68.193,631.735,392.899,0.993117,631.670,393.254,563.542,393.001,0.992645,563.542,394.151,644.057,438.096,0.973146,644.057,440.171,548.772,427.269,0.964263,550.094,435.496,631.886,453.405,0.968357,631.886,453.405,530.361,408.124,0.956689,531.255,412.666
/home/it-admin/.hermes/profiles/juggling-tracker/workspace/juggling-yolo/videos/youtube_juggling_for_data_analysis_eh1I3SlZn48_075_090.mp4,781,13.029683,0,0.872428,67.399,631.425,393.145,0.992369,631.735,393.254,564.027,393.648,0.993847,563.887,394.151,645.862,439.078,0.971179,645.070,440.197,547.865,433.211,0.971106,550.094,437.379,629.359,447.954,0.964151,629.359,447.954,526.210,416.452,0.952335,530.361,416.452
/home/it-admin/.hermes/profiles/juggling-tracker/workspace/juggling-yolo/videos/youtube_juggling_for_data_analysis_eh1I3SlZn48_075_090.mp4,782,13.046367,0,0.864334,68.091,631.977,393.717,0.991204,631.977,393.145,563.887,394.151,0.993577,564.027,393.648,645.101,441.515,0.959169,645.070,441.515,550.094,437.379,0.961285,550.094,437.379,628.874,440.871,0.946279,629.202,440.871,531.255,428.429,0.924604,530.361,428.429
/home/it-admin/.hermes/profiles/juggling-tracker/workspace/juggling-yolo/videos/youtube_juggling_for_data_analysis_eh1I3SlZn48_075_090.mp4,783,13.063050,0,0.855179,67.999,632.702,393.737,0.991104,631.977,393.145,564.704,394.234,0.994474,564.223,393.648,645.070,442.563,0.949559,645.101,441.515,550.137,440.390,0.965323,550.137,439.430,626.680,433.623,0.922410,629.202,433.623,528.996,434.032,0.918865,531.255,434.032
/home/it-admin/.hermes/profiles/juggling-tracker/workspace/juggling-yolo/videos/youtube_juggling_for_data_analysis_eh1I3SlZn48_075_090.mp4,784,13.079733,0,0.854929,68.518,632.740,393.139,0.991554,631.977,393.139,564.223,393.471,0.994470,564.443,393.471,644.380,443.801,0.962473,645.101,441.515,550.304,440.071,0.961981,550.137,440.003,629.202,424.465,0.950667,628.874,424.465,535.970,440.356,0.901498,535.121,440.356
/home/it-admin/.hermes/profiles/juggling-tracker/workspace/juggling-yolo/videos/youtube_juggling_for_data_analysis_eh1I3SlZn48_075_090.mp4,785,13.096417,0,0.572924,66.750,631.723,390.764,0.991099,631.917,390.764,564.991,392.273,0.991690,564.443,392.273,645.171,440.810,0.970021,645.171,440.810,550.254,439.430,0.955054,550.254,440.071,630.641,422.543,0.961524,629.202,422.543,542.189,442.277,0.896200,535.970,442.277
/home/it-admin/.hermes/profiles/juggling-tracker/workspace/juggling-yolo/videos/youtube_juggling_for_data_analysis_eh1I3SlZn48_075_090.mp4,785,13.096417,1,0.262255,67.628,632.366,390.659,0.992415,,,564.759,392.328,0.994080,,,645.381,441.123,0.971855,,,550.793,439.196,0.961266,,,630.769,421.156,0.962749,,,542.416,442.621,0.901786,,
/home/it-admin/.hermes/profiles/juggling-tracker/workspace/juggling-yolo/videos/youtube_juggling_for_data_analysis_eh1I3SlZn48_075_090.mp4,786,13.113100,0,0.869112,67.511,631.917,389.499,0.992600,631.723,389.499,564.443,391.738,0.994183,564.223,391.738,645.232,439.723,0.977735,645.171,439.723,549.825,440.003,0.975302,550.304,440.003,628.066,412.080,0.974534,630.641,412.080,535.121,447.266,0.952497,542.189,447.266
/home/it-admin/.hermes/profiles/juggling-tracker/workspace/juggling-yolo/videos/youtube_juggling_for_data_analysis_eh1I3SlZn48_075_090.mp4,787,13.129783,0,0.868455,64.689,628.750,388.936,0.990771,628.976,389.499,564.086,390.726,0.991108,564.443,390.880,645.199,436.287,0.976378,645.199,436.287,550.753,440.441,0.962800,550.753,439.430,632.391,402.866,0.972961,632.391,402.866,546.205,452.039,0.932175,546.205,452.039
/home/it-admin/.hermes/profiles/juggling-tracker/workspace/juggling-yolo/videos/youtube_juggling_for_data_analysis_eh1I3SlZn48_075_090.mp4,788,13.146467,0,0.878586,64.571,628.433,388.743,0.989912,628.750,389.499,563.893,390.742,0.989740,564.443,390.880,644.136,434.601,0.976222,645.199,434.601,551.268,437.698,0.966073,551.268,437.698,635.348,401.189,0.975711,635.348,401.189,548.300,456.009,0.951657,548.064,456.009
/home/it-admin/.hermes/profiles/juggling-tracker/workspace/juggling-yolo/videos/youtube_juggling_for_data_analysis_eh1I3SlZn48_075_090.mp4,789,13.163150,0,0.726817,63.832,628.976,390.472,0.989585,628.750,388.985,565.144,390.880,0.990587,565.078,390.880,645.377,433.125,0.972868,644.669,433.125,551.935,436.069,0.967886,551.935,436.069,638.425,399.089,0.972013,638.425,399.255,548.064,459.385,0.953453,548.300,459.385
/home/it-admin/.hermes/profiles/juggling-tracker/workspace/juggling-yolo/videos/youtube_juggling_for_data_analysis_eh1I3SlZn48_075_090.mp4,790,13.179833,0,0.885954,62.679,628.061,390.795,0.987805,628.976,389.864,565.382,390.889,0.989978,565.144,390.889,644.669,432.572,0.971948,644.277,432.572,552.872,435.909,0.976526,552.872,436.069,641.670,399.255,0.972345,641.670,399.089,549.776,464.816,0.971229,549.776,464.816
/home/it-admin/.hermes/profiles/juggling-tracker/workspace/juggling-yolo/videos/youtube_juggling_for_data_analysis_eh1I3SlZn48_075_090.mp4,791,13.196517,0,0.866066,65.241,630.267,388.985,0.980098,629.649,389.864,565.078,391.599,0.994325,565.229,391.332,644.277,412.101,0.885905,644.669,412.101,553.541,436.040,0.980120,553.508,436.069,644.357,388.712,0.909791,644.357,388.712,551.361,467.904,0.973870,551.361,466.557
/home/it-admin/.hermes/profiles/juggling-tracker/workspace/juggling-yolo/videos/youtube_juggling_for_data_analysis_eh1I3SlZn48_075_090.mp4,792,13.213200,0,0.876126,64.297,629.649,389.864,0.983109,629.649,389.655,565.369,391.332,0.994585,565.261,391.428,643.060,411.776,0.902246,644.277,412.101,553.641,436.114,0.979680,553.508,436.114,648.846,388.411,0.915912,648.846,388.712,554.464,466.557,0.971503,554.464,466.557
/home/it-admin/.hermes/profiles/juggling-tracker/workspace/juggling-yolo/videos/youtube_juggling_for_data_analysis_eh1I3SlZn48_075_090.mp4,793,13.229883,0,0.876698,64.732,629.921,389.153,0.988704,629.921,389.655,565.229,391.428,0.994796,565.229,391.565,645.356,407.789,0.947431,644.277,412.101,553.508,437.388,0.979374,553.508,437.388,656.404,382.791,0.947683,655.891,388.712,558.021,466.982,0.968468,558.021,466.557
/home/it-admin/.hermes/profiles/juggling-tracker/workspace/juggling-yolo/videos/youtube_juggling_for_data_analysis_eh1I3SlZn48_075_090.mp4,794,13.246567,0,0.876882,64.267,629.499,389.655,0.987805,629.921,389.864,565.261,391.565,0.994786,565.229,391.565,643.859,414.136,0.941627,645.157,414.136,552.697,438.050,0.977601,552.697,437.637,655.891,395.259,0.942614,655.891,395.259,558.381,465.222,0.962111,558.381,465.222
/home/it-admin/.hermes/profiles/juggling-tracker/workspace/juggling-yolo/videos/youtube_juggling_for_data_analysis_eh1I3SlZn48_075_090.mp4,795,13.263250,0,0.871867,65.680,630.604,390.215,0.986365,630.604,390.215,564.945,391.845,0.994722,564.945,391.845,646.597,417.940,0.926630,645.157,417.940,551.725,437.637,0.978157,551.725,438.050,656.395,406.305,0.934522,655.891,406.305,559.692,454.725,0.966723,559.341,454.725
/home/it-admin/.hermes/profiles/juggling-tracker/workspace/juggling-yolo/videos/youtube_juggling_for_data_analysis_eh1I3SlZn48_075_090.mp4,796,13.279933,0,0.861606,65.738,630.665,390.762,0.986753,630.665,390.762,564.936,391.847,0.994232,564.936,391.847,645.157,424.593,0.929757,643.859,424.593,550.937,438.668,0.975376,550.937,438.668,654.827,413.659,0.932025,654.827,413.659,559.341,449.755,0.959998,559.692,449.755
/home/it-admin/.hermes/profiles/juggling-tracker/workspace/juggling-yolo/videos/youtube_juggling_for_data_analysis_eh1I3SlZn48_075_090.mp4,797,13.296617,0,0.610241,67.640,631.998,392.401,0.988002,631.401,392.401,564.359,392.654,0.993763,564.359,392.654,643.800,429.795,0.925371,643.800,429.795,549.521,440.818,0.973471,549.705,440.818,654.181,422.581,0.914890,654.181,422.581,561.512,448.327,0.959749,561.512,448.327
/home/it-admin/.hermes/profiles/juggling-tracker/workspace/juggling-yolo/videos/youtube_juggling_for_data_analysis_eh1I3SlZn48_075_090.mp4,797,13.296617,1,0.289572,67.032,631.442,392.656,0.985767,,,564.410,392.860,0.991058,,,643.862,429.932,0.921050,,,549.361,441.500,0.968642,,,653.911,423.222,0.911656,,,561.636,448.576,0.956367,,
/home/it-admin/.hermes/profiles/juggling-tracker/workspace/juggling-yolo/videos/youtube_juggling_for_data_analysis_eh1I3SlZn48_075_090.mp4,798,13.313300,0,0.868387,67.207,631.401,393.306,0.986072,631.857,392.429,564.197,392.675,0.991810,564.197,392.654,643.583,435.711,0.907478,643.800,435.711,549.274,441.641,0.974540,549.521,440.955,651.457,432.342,0.864705,651.457,432.342,566.737,438.504,0.955589,563.250,438.504
/home/it-admin/.hermes/profiles/juggling-tracker/workspace/juggling-yolo/videos/youtube_juggling_for_data_analysis_eh1I3SlZn48_075_090.mp4,799,13.329983,0,0.867559,68.106,631.894,394.089,0.987815,631.857,393.035,563.793,393.286,0.991709,564.197,392.654,641.486,440.601,0.920775,643.800,438.382,549.705,442.863,0.971793,549.274,440.955,649.020,440.047,0.878453,650.976,440.047,565.971,433.219,0.949182,563.250,433.219
/home/it-admin/.hermes/profiles/juggling-tracker/workspace/juggling-yolo/videos/youtube_juggling_for_data_analysis_eh1I3SlZn48_075_090.mp4,800,13.346667,0,0.880389,67.800,631.857,392.429,0.991846,631.857,393.035,564.070,391.079,0.994144,564.197,391.638,649.056,438.382,0.958328,646.824,440.601,548.538,440.955,0.979750,548.786,440.955,650.976,444.511,0.937977,649.020,444.511,563.250,419.819,0.969161,563.250,419.819
/home/it-admin/.hermes/profiles/juggling-tracker/workspace/juggling-yolo/videos/youtube_juggling_for_data_analysis_eh1I3SlZn48_075_090.mp4,801,13.363350,0,0.879486,67.157,631.748,393.035,0.991728,631.894,392.654,564.606,391.638,0.991632,564.606,391.173,650.297,443.752,0.961788,646.824,441.943,548.786,439.019,0.974319,548.786,439.019,638.798,451.211,0.932450,641.762,451.211,560.822,416.222,0.951183,560.822,416.222
/home/it-admin/.hermes/profiles/juggling-tracker/workspace/juggling-yolo/videos/youtube_juggling_for_data_analysis_eh1I3SlZn48_075_090.mp4,802,13.380033,0,0.721153,67.222,632.383,392.654,0.990120,631.857,392.654,565.177,391.173,0.990757,564.829,391.173,646.824,443.537,0.943937,647.288,441.943,547.701,439.011,0.975671,548.786,439.011,636.136,459.321,0.906682,641.057,459.321,557.455,411.977,0.964924,557.455,411.977
/home/it-admin/.hermes/profiles/juggling-tracker/workspace/juggling-yolo/videos/youtube_juggling_for_data_analysis_eh1I3SlZn48_075_090.mp4,803,13.396717,0,0.875414,66.449,632.601,392.577,0.989870,631.924,392.654,566.172,390.935,0.987694,565.177,391.173,646.537,441.943,0.961213,647.288,441.943,549.676,434.166,0.962757,549.212,434.166,641.762,459.606,0.953057,639.408,459.606,553.215,409.112,0.953509,553.215,411.639
/home/it-admin/.hermes/profiles/juggling-tracker/workspace/juggling-yolo/videos/youtube_juggling_for_data_analysis_eh1I3SlZn48_075_090.mp4,804,13.413400,0,0.874790,66.973,631.791,392.982,0.989738,631.924,392.577,564.829,391.772,0.983782,565.177,391.173,647.288,437.806,0.969077,647.221,439.013,550.123,433.753,0.938129,549.676,433.753,641.057,459.977,0.969909,639.408,459.977,550.759,411.639,0.927851,550.759,409.112
/home/it-admin/.hermes/profiles/juggling-tracker/workspace/juggling-yolo/videos/youtube_juggling_for_data_analysis_eh1I3SlZn48_075_090.mp4,805,13.430083,0,0.867271,66.777,631.924,392.555,0.989812,631.924,392.555,565.181,390.420,0.978949,565.181,390.935,647.706,436.977,0.973599,647.221,439.013,549.212,430.303,0.910999,550.123,433.753,639.408,462.763,0.976313,639.408,461.032,548.564,409.022,0.902240,548.564,409.112
/home/it-admin/.hermes/profiles/juggling-tracker/workspace/juggling-yolo/videos/youtube_juggling_for_data_analysis_eh1I3SlZn48_075_090.mp4,806,13.446767,0,0.871279,66.747,631.645,392.509,0.993051,631.924,392.555,564.903,391.641,0.989833,564.903,391.641,647.221,439.013,0.976266,647.221,438.005,553.101,432.967,0.943214,550.123,432.967,638.474,462.108,0.973454,638.474,461.032,546.839,407.303,0.937799,546.941,409.022
/home/it-admin/.hermes/profiles/juggling-tracker/workspace/juggling-yolo/videos/youtube_juggling_for_data_analysis_eh1I3SlZn48_075_090.mp4,807,13.463450,0,0.876437,65.746,632.053,392.111,0.992814,631.992,392.555,566.318,390.920,0.987344,564.903,391.641,646.436,439.473,0.975846,646.509,439.013,556.177,434.238,0.929566,550.248,430.303,636.585,461.032,0.975655,636.585,461.032,546.941,413.627,0.936071,546.839,409.022
/home/it-admin/.hermes/profiles/juggling-tracker/workspace/juggling-yolo/videos/youtube_juggling_for_data_analysis_eh1I3SlZn48_075_090.mp4,808,13.480133,0,0.873002,67.539,631.992,392.749,0.994091,632.053,392.749,564.455,392.180,0.987706,564.864,392.180,646.509,438.005,0.976828,646.436,439.473,548.944,420.310,0.876047,550.248,431.574,633.921,458.360,0.969588,633.921,458.360,545.960,408.283,0.825253,546.839,413.627
/home/it-admin/.hermes/profiles/juggling-tracker/workspace/juggling-yolo/videos/youtube_juggling_for_data_analysis_eh1I3SlZn48_075_090.mp4,809,13.496817,0,0.468616,68.340,632.536,393.158,0.992121,632.053,393.128,564.198,392.649,0.989836,564.621,392.454,644.812,439.778,0.962637,645.344,439.740,550.248,427.586,0.923727,549.295,431.574,630.759,451.854,0.953919,630.759,451.854,545.512,420.036,0.899848,546.941,420.036
/home/it-admin/.hermes/profiles/juggling-tracker/workspace/juggling-yolo/videos/youtube_juggling_for_data_analysis_eh1I3SlZn48_075_090.mp4,809,13.496817,1,0.434809,67.771,632.117,393.376,0.990486,,,564.350,392.683,0.985152,,,644.536,439.763,0.958857,,,549.826,427.627,0.910199,,,630.161,452.053,0.956832,,,545.589,419.892,0.889620,,
/home/it-admin/.hermes/profiles/juggling-tracker/workspace/juggling-yolo/videos/youtube_juggling_for_data_analysis_eh1I3SlZn48_075_090.mp4,810,13.513500,0,0.877035,67.247,632.108,393.128,0.989073,632.108,393.158,564.864,392.454,0.987638,564.621,392.649,645.344,439.740,0.953124,645.344,439.778,548.595,431.574,0.942698,549.295,431.574,628.026,447.999,0.947953,630.759,447.999,547.465,430.916,0.925678,547.245,430.916
/home/it-admin/.hermes/profiles/juggling-tracker/workspace/juggling-yolo/videos/youtube_juggling_for_data_analysis_eh1I3SlZn48_075_090.mp4,811,13.530183,0,0.877397,67.342,631.962,393.691,0.987781,632.536,393.158,564.621,393.283,0.988101,564.864,392.649,644.289,440.675,0.925984,645.344,440.675,549.295,434.944,0.948339,549.295,434.944,630.007,437.922,0.895221,630.759,437.922,547.245,434.844,0.931299,547.465,434.844
/home/it-admin/.hermes/profiles/juggling-tracker/workspace/juggling-yolo/videos/youtube_juggling_for_data_analysis_eh1I3SlZn48_075_090.mp4,812,13.546867,0,0.878207,67.783,633.034,393.251,0.988688,632.661,393.128,565.251,393.640,0.988715,565.251,392.635,646.130,441.603,0.955732,645.454,441.603,549.763,436.424,0.925921,549.203,436.424,632.637,434.692,0.953167,630.007,434.692,550.255,436.623,0.863351,550.255,436.623
/home/it-admin/.hermes/profiles/juggling-tracker/workspace/juggling-yolo/videos/youtube_juggling_for_data_analysis_eh1I3SlZn48_075_090.mp4,813,13.563550,0,0.881930,67.307,632.661,392.815,0.988694,633.034,392.815,565.353,392.635,0.989319,565.353,392.635,645.454,444.088,0.956064,645.454,443.483,549.203,439.801,0.917536,549.203,439.801,630.772,428.881,0.945401,630.007,428.881,557.691,446.719,0.804359,557.223,446.719
/home/it-admin/.hermes/profiles/juggling-tracker/workspace/juggling-yolo/videos/youtube_juggling_for_data_analysis_eh1I3SlZn48_075_090.mp4,814,13.580233,0,0.886130,67.342,633.092,391.392,0.989792,633.034,391.392,565.750,391.611,0.990109,565.522,391.611,645.991,443.689,0.966632,645.454,443.483,548.366,441.090,0.945523,549.203,441.090,629.772,423.747,0.959455,630.772,423.747,557.223,447.995,0.882637,557.691,447.995
/home/it-admin/.hermes/profiles/juggling-tracker/workspace/juggling-yolo/videos/youtube_juggling_for_data_analysis_eh1I3SlZn48_075_090.mp4,815,13.596917,0,0.890482,67.655,633.174,390.926,0.990290,632.661,391.392,565.522,391.594,0.991395,565.647,391.594,645.401,443.483,0.968726,645.454,443.483,549.190,442.507,0.963252,549.203,441.090,629.886,416.113,0.957794,630.772,416.113,559.168,453.207,0.924208,557.691,453.207
/home/it-admin/.hermes/profiles/juggling-tracker/workspace/juggling-yolo/videos/youtube_juggling_for_data_analysis_eh1I3SlZn48_075_090.mp4,816,13.613600,0,0.889476,63.979,629.621,390.486,0.989140,631.374,391.392,565.647,391.272,0.991025,565.750,391.474,645.149,440.424,0.968837,645.401,441.599,550.815,441.182,0.968026,550.815,441.090,638.261,404.853,0.961013,638.261,407.788,558.536,462.995,0.944646,557.223,462.995
/home/it-admin/.hermes/profiles/juggling-tracker/workspace/juggling-yolo/videos/youtube_juggling_for_data_analysis_eh1I3SlZn48_075_090.mp4,817,13.630283,0,0.888942,64.184,630.045,392.066,0.987574,630.752,390.926,565.863,391.474,0.991047,565.863,391.474,645.545,441.599,0.965592,645.149,440.424,551.073,438.827,0.976805,551.073,439.383,645.232,407.788,0.966910,645.232,406.584,555.146,463.124,0.970906,557.845,462.995
/home/it-admin/.hermes/profiles/juggling-tracker/workspace/juggling-yolo/videos/youtube_juggling_for_data_analysis_eh1I3SlZn48_075_090.mp4,818,13.646967,0,0.885122,65.286,631.374,391.594,0.984801,630.752,391.425,566.088,391.461,0.990608,566.088,391.461,644.805,437.884,0.954924,645.149,437.930,551.085,438.686,0.977464,551.085,438.943,645.880,406.584,0.959489,645.880,404.853,555.326,463.700,0.974038,557.845,462.995
/home/it-admin/.hermes/profiles/juggling-tracker/workspace/juggling-yolo/videos/youtube_juggling_for_data_analysis_eh1I3SlZn48_075_090.mp4,819,13.663650,0,0.885335,64.439,630.752,390.897,0.982997,631.374,391.594,566.320,391.852,0.989773,566.320,391.461,641.628,435.868,0.948589,644.805,437.930,551.273,439.383,0.978690,551.273,438.943,649.066,403.650,0.951993,649.066,406.584,557.845,462.279,0.975074,557.845,462.279
/home/it-admin/.hermes/profiles/juggling-tracker/workspace/juggling-yolo/videos/youtube_juggling_for_data_analysis_eh1I3SlZn48_075_090.mp4,820,13.680333,0,0.876420,64.838,631.695,391.425,0.989997,631.539,391.425,566.858,391.134,0.993467,566.587,391.452,645.826,437.930,0.966125,644.303,437.884,552.491,438.943,0.982351,551.447,439.383,654.931,403.752,0.966412,654.931,406.584,559.223,461.296,0.977185,559.223,461.296
/home/it-admin/.hermes/profiles/juggling-tracker/workspace/juggling-yolo/videos/youtube_juggling_for_data_analysis_eh1I3SlZn48_075_090.mp4,821,13.697017,0,0.873481,65.748,632.334,391.932,0.989539,631.695,391.425,566.587,391.452,0.994137,566.858,391.452,643.736,440.326,0.960897,643.800,436.291,551.784,439.796,0.982791,551.447,439.455,655.130,411.547,0.962443,655.130,407.701,560.486,460.837,0.975608,560.486,460.837
/home/it-admin/.hermes/profiles/juggling-tracker/workspace/juggling-yolo/videos/youtube_juggling_for_data_analysis_eh1I3SlZn48_075_090.mp4,822,13.713700,0,0.882697,64.242,631.539,391.266,0.989988,632.334,391.932,567.297,391.142,0.994964,567.180,391.452,644.303,432.061,0.964269,643.800,436.291,551.447,439.455,0.984460,551.447,439.796,658.914,407.701,0.965448,658.914,411.547,562.820,454.865,0.975456,562.820,454.865
/home/it-admin/.hermes/profiles/juggling-tracker/workspace/juggling-yolo/videos/youtube_juggling_for_data_analysis_eh1I3SlZn48_075_090.mp4,823,13.730383,0,0.879929,65.317,632.493,392.258,0.990076,632.493,392.020,567.180,391.591,0.994781,567.200,391.452,643.800,436.291,0.960393,643.800,435.986,550.795,439.962,0.982219,550.795,439.962,660.319,414.440,0.957766,659.434,414.440,564.745,451.490,0.968470,564.745,451.490
/home/it-admin/.hermes/profiles/juggling-tracker/workspace/juggling-yolo/videos/youtube_juggling_for_data_analysis_eh1I3SlZn48_075_090.mp4,824,13.747067,0,0.871260,65.346,632.543,392.216,0.990634,632.543,392.216,567.200,391.601,0.994960,567.200,391.591,643.098,435.986,0.958142,644.303,435.986,549.972,441.099,0.984011,549.972,441.099,660.789,423.063,0.945036,659.434,423.063,568.081,447.668,0.971147,565.233,447.668
/home/it-admin/.hermes/profiles/juggling-tracker/workspace/juggling-yolo/videos/youtube_juggling_for_data_analysis_eh1I3SlZn48_075_090.mp4,825,13.763750,0,0.875017,65.199,632.601,392.020,0.990686,632.601,392.258,567.404,391.407,0.995089,567.180,391.601,644.475,434.912,0.962068,644.128,436.291,549.476,441.404,0.983479,549.476,441.404,659.434,427.945,0.952827,659.434,427.945,570.348,439.118,0.967150,565.233,439.118
/home/it-admin/.hermes/profiles/juggling-tracker/workspace/juggling-yolo/videos/youtube_juggling_for_data_analysis_eh1I3SlZn48_075_090.mp4,826,13.780433,0,0.846980,67.469,633.357,392.429,0.990332,633.357,392.429,565.891,391.780,0.994168,565.891,391.780,645.137,437.674,0.959595,644.475,437.674,548.409,442.661,0.982452,549.476,442.661,657.096,436.888,0.950067,657.096,436.888,565.233,435.406,0.973431,565.233,435.406
/home/it-admin/.hermes/profiles/juggling-tracker/workspace/juggling-yolo/videos/youtube_juggling_for_data_analysis_eh1I3SlZn48_075_090.mp4,827,13.797117,0,0.871963,68.573,633.476,393.181,0.989034,633.420,393.167,564.907,392.536,0.992389,565.891,391.931,644.128,439.702,0.928992,645.137,439.702,548.972,444.637,0.980748,549.476,443.218,650.826,438.295,0.864073,650.826,438.295,564.307,433.186,0.966792,564.363,433.186
/home/it-admin/.hermes/profiles/juggling-tracker/workspace/juggling-yolo/videos/youtube_juggling_for_data_analysis_eh1I3SlZn48_075_090.mp4,828,13.813800,0,0.877303,68.896,633.420,393.167,0.988273,633.476,393.167,564.526,392.572,0.991344,565.891,392.536,646.800,440.786,0.916646,646.800,440.786,549.880,445.494,0.977016,549.880,443.218,640.683,445.202,0.838285,649.039,445.202,562.233,427.269,0.962180,564.307,429.047
/home/it-admin/.hermes/profiles/juggling-tracker/workspace/juggling-yolo/videos/youtube_juggling_for_data_analysis_eh1I3SlZn48_075_090.mp4,829,13.830483,0,0.879166,68.034,633.973,393.247,0.990342,633.603,393.167,565.952,391.931,0.991683,565.796,392.572,650.148,444.807,0.934541,648.800,440.786,551.785,443.218,0.960574,549.880,443.218,642.353,452.781,0.839991,647.172,452.781,564.363,429.047,0.888841,562.233,427.269
/home/it-admin/.hermes/profiles/juggling-tracker/workspace/juggling-yolo/videos/youtube_juggling_for_data_analysis_eh1I3SlZn48_075_090.mp4,830,13.847167,0,0.876546,67.182,633.666,392.860,0.990718,633.603,393.167,566.484,392.848,0.987778,565.796,392.848,649.495,443.496,0.950580,648.800,440.786,550.167,439.824,0.942055,549.880,439.824,649.039,454.491,0.916319,642.353,454.491,556.114,420.727,0.905709,556.114,420.727
/home/it-admin/.hermes/profiles/juggling-tracker/workspace/juggling-yolo/videos/youtube_juggling_for_data_analysis_eh1I3SlZn48_075_090.mp4,831,13.863850,0,0.863228,67.808,633.603,392.746,0.987862,633.666,392.860,565.796,392.951,0.978935,565.796,392.848,648.800,438.772,0.966142,648.800,438.772,548.878,439.330,0.927316,549.153,439.330,647.172,460.811,0.966422,643.805,459.409,551.585,417.266,0.922323,551.585,417.266
/home/it-admin/.hermes/profiles/juggling-tracker/workspace/juggling-yolo/videos/youtube_juggling_for_data_analysis_eh1I3SlZn48_075_090.mp4,832,13.880533,0,0.874933,67.695,633.454,394.058,0.989409,633.666,392.860,565.765,393.174,0.977731,565.765,392.848,648.056,436.203,0.962819,648.606,438.772,549.153,431.891,0.869901,549.153,431.891,641.973,459.409,0.966430,643.805,459.706,549.432,409.432,0.849494,549.432,412.153
/home/it-admin/.hermes/profiles/juggling-tracker/workspace/juggling-yolo/videos/youtube_juggling_for_data_analysis_eh1I3SlZn48_075_090.mp4,833,13.897217,0,0.879628,68.821,633.920,392.500,0.991915,633.759,392.746,565.100,392.213,0.987135,565.765,392.761,648.222,436.671,0.973965,648.606,438.561,548.566,427.311,0.930817,549.153,430.214,643.805,461.134,0.972737,643.093,459.706,542.083,411.775,0.930907,542.083,412.153
/home/it-admin/.hermes/profiles/juggling-tracker/workspace/juggling-yolo/videos/youtube_juggling_for_data_analysis_eh1I3SlZn48_075_090.mp4,834,13.913900,0,0.883361,68.446,634.042,393.123,0.992695,633.759,392.630,565.598,392.608,0.990906,565.765,392.761,648.606,438.889,0.974055,648.606,438.561,551.997,428.791,0.949489,551.997,430.214,643.093,459.706,0.972772,641.973,459.409,540.671,412.153,0.942500,540.671,412.153
/home/it-admin/.hermes/profiles/juggling-tracker/workspace/juggling-yolo/videos/youtube_juggling_for_data_analysis_eh1I3SlZn48_075_090.mp4,835,13.930583,0,0.885614,67.654,633.759,392.630,0.992926,633.759,392.630,566.105,392.761,0.992258,566.105,392.761,648.752,438.561,0.975461,648.752,438.889,552.152,430.214,0.963536,552.152,430.214,640.998,458.648,0.972587,640.998,458.648,536.645,415.856,0.957474,539.012,415.856
/home/it-admin/.hermes/profiles/juggling-tracker/workspace/juggling-yolo/videos/youtube_juggling_for_data_analysis_eh1I3SlZn48_075_090.mp4,836,13.947267,0,0.887936,67.376,633.753,392.549,0.993006,633.759,392.638,566.385,393.514,0.993466,566.248,393.514,649.366,439.047,0.976153,649.366,439.047,553.892,435.090,0.972605,553.892,435.090,637.870,455.635,0.970569,637.870,455.635,537.008,424.969,0.963454,539.012,424.969
/home/it-admin/.hermes/profiles/juggling-tracker/workspace/juggling-yolo/videos/youtube_juggling_for_data_analysis_eh1I3SlZn48_075_090.mp4,837,13.963950,0,0.879974,67.308,633.550,392.693,0.993663,633.759,392.638,566.248,393.636,0.993777,566.385,393.528,650.374,440.351,0.977146,649.366,439.314,554.526,439.762,0.967928,554.526,439.762,630.700,453.952,0.964680,631.317,453.952,539.012,435.409,0.943251,539.012,435.409
/home/it-admin/.hermes/profiles/juggling-tracker/workspace/juggling-yolo/videos/youtube_juggling_for_data_analysis_eh1I3SlZn48_075_090.mp4,838,13.980633,0,0.850509,67.879,634.269,392.638,0.992695,634.269,392.638,566.400,393.808,0.993917,566.385,393.528,649.584,439.314,0.961984,649.366,440.351,555.211,440.227,0.964504,555.185,439.872,631.317,451.100,0.924491,631.317,451.100,541.741,442.173,0.925881,541.136,442.173
/home/it-admin/.hermes/profiles/juggling-tracker/workspace/juggling-yolo/videos/youtube_juggling_for_data_analysis_eh1I3SlZn48_075_090.mp4,839,13.997317,0,0.860373,68.459,634.977,392.688,0.991841,634.752,392.638,566.523,393.528,0.993708,566.266,393.528,649.361,441.414,0.947490,649.584,441.399,555.376,439.872,0.956119,555.211,440.227,630.026,434.813,0.896779,631.317,434.813,541.136,443.621,0.899612,541.741,443.621
/home/it-admin/.hermes/profiles/juggling-tracker/workspace/juggling-yolo/videos/youtube_juggling_for_data_analysis_eh1I3SlZn48_075_090.mp4,840,14.014000,0,0.873246,68.958,635.211,391.905,0.991657,634.752,391.905,566.266,393.216,0.993743,566.400,393.216,649.288,442.765,0.964036,649.584,441.399,555.185,441.773,0.968503,555.211,440.227,633.247,428.845,0.958504,633.247,428.845,542.038,447.796,0.949641,542.038,447.796
/home/it-admin/.hermes/profiles/juggling-tracker/workspace/juggling-yolo/videos/youtube_juggling_for_data_analysis_eh1I3SlZn48_075_090.mp4,841,14.030683,0,0.864824,68.538,634.752,390.461,0.991675,634.752,390.461,566.252,392.736,0.993416,566.491,392.736,649.969,441.399,0.966506,649.969,441.399,555.679,442.512,0.969107,555.185,440.025,638.033,424.411,0.962788,634.532,424.411,545.182,451.959,0.953782,543.885,451.959
/home/it-admin/.hermes/profiles/juggling-tracker/workspace/juggling-yolo/videos/youtube_juggling_for_data_analysis_eh1I3SlZn48_075_090.mp4,842,14.047367,0,0.882470,68.008,634.740,389.660,0.993041,634.740,390.461,566.772,391.975,0.994031,566.491,391.975,651.078,441.117,0.974934,650.084,441.117,554.968,440.025,0.976763,554.968,440.025,634.532,418.146,0.968562,638.033,418.146,543.885,455.810,0.964477,545.182,455.810
/home/it-admin/.hermes/profiles/juggling-tracker/workspace/juggling-yolo/videos/youtube_juggling_for_data_analysis_eh1I3SlZn48_075_090.mp4,843,14.064050,0,0.560670,65.874,632.329,389.281,0.991753,632.329,389.660,566.491,391.461,0.993807,566.560,391.856,650.084,438.940,0.974660,650.806,438.940,554.851,439.255,0.978444,554.851,439.588,641.697,411.527,0.975622,641.697,411.527,545.425,459.155,0.970727,545.425,459.155
/home/it-admin/.hermes/profiles/juggling-tracker/workspace/juggling-yolo/videos/youtube_juggling_for_data_analysis_eh1I3SlZn48_075_090.mp4,843,14.064050,1,0.356343,65.090,631.714,389.385,0.990646,,,566.656,391.429,0.991437,,,649.960,438.541,0.973922,,,554.142,439.443,0.974629,,,641.771,413.232,0.974535,,,545.291,459.161,0.969497,,
/home/it-admin/.hermes/profiles/juggling-tracker/workspace/juggling-yolo/videos/youtube_juggling_for_data_analysis_eh1I3SlZn48_075_090.mp4,844,14.080733,0,0.870937,64.769,631.471,390.779,0.990186,632.329,389.660,566.711,391.856,0.991987,566.560,391.718,650.864,436.807,0.969971,650.806,436.807,553.774,439.588,0.975718,554.851,439.255,644.964,409.417,0.971764,644.964,409.417,546.744,463.589,0.972300,546.744,463.589
/home/it-admin/.hermes/profiles/juggling-tracker/workspace/juggling-yolo/videos/youtube_juggling_for_data_analysis_eh1I3SlZn48_075_090.mp4,845,14.097417,0,0.880447,65.104,631.630,389.611,0.984258,631.922,390.266,566.560,391.718,0.992459,566.492,391.718,650.806,425.956,0.920513,650.084,429.982,554.850,438.713,0.975762,554.850,439.255,647.213,406.705,0.921789,647.213,406.705,551.939,468.439,0.972095,551.939,467.744
/home/it-admin/.hermes/profiles/juggling-tracker/workspace/juggling-yolo/videos/youtube_juggling_for_data_analysis_eh1I3SlZn48_075_090.mp4,846,14.114100,0,0.861592,66.239,632.472,390.266,0.987375,631.922,390.779,566.249,391.696,0.992926,566.551,391.856,649.809,427.571,0.952972,649.809,428.730,554.862,437.900,0.979366,554.695,439.451,656.327,398.847,0.954461,655.910,404.766,552.369,467.744,0.973846,552.369,468.439
/home/it-admin/.hermes/profiles/juggling-tracker/workspace/juggling-yolo/videos/youtube_juggling_for_data_analysis_eh1I3SlZn48_075_090.mp4,847,14.130783,0,0.821334,65.439,631.922,390.891,0.985771,631.922,390.891,566.492,391.997,0.991163,566.551,391.786,647.320,429.982,0.946183,647.320,427.571,554.695,439.451,0.976494,554.847,439.451,655.910,403.384,0.944764,656.327,403.384,556.243,470.012,0.973242,556.243,468.439
/home/it-admin/.hermes/profiles/juggling-tracker/workspace/juggling-yolo/videos/youtube_juggling_for_data_analysis_eh1I3SlZn48_075_090.mp4,848,14.147467,0,0.872373,66.280,632.827,391.371,0.987987,632.237,391.126,566.551,392.105,0.994477,566.551,391.997,647.002,428.730,0.944080,647.002,427.571,554.061,440.819,0.981011,554.847,439.772,657.086,404.766,0.945619,657.086,403.384,560.703,468.723,0.972487,560.703,468.376
/home/it-admin/.hermes/profiles/juggling-tracker/workspace/juggling-yolo/videos/youtube_juggling_for_data_analysis_eh1I3SlZn48_075_090.mp4,849,14.164150,0,0.875819,64.906,631.628,391.129,0.989790,632.237,391.129,566.725,391.786,0.994795,566.725,392.105,646.755,423.692,0.952118,646.974,428.730,554.847,439.772,0.980496,554.695,440.314,661.445,402.274,0.949444,659.647,404.766,561.544,468.376,0.971636,561.188,468.376
/home/it-admin/.hermes/profiles/juggling-tracker/workspace/juggling-yolo/videos/youtube_juggling_for_data_analysis_eh1I3SlZn48_075_090.mp4,850,14.180833,0,0.874927,65.397,632.237,391.126,0.990320,632.827,391.371,566.849,392.195,0.994563,566.810,392.195,646.974,425.256,0.956443,646.755,428.730,554.938,440.314,0.978208,554.061,440.819,662.611,407.894,0.953772,659.647,407.894,561.188,463.214,0.967381,561.544,463.214
/home/it-admin/.hermes/profiles/juggling-tracker/workspace/juggling-yolo/videos/youtube_juggling_for_data_analysis_eh1I3SlZn48_075_090.mp4,851,14.197517,0,0.859761,66.494,633.312,391.509,0.990091,633.213,391.509,566.823,392.318,0.994693,566.810,392.318,641.990,432.742,0.947892,643.745,432.742,553.801,442.474,0.979804,553.801,442.474,659.647,421.147,0.934409,659.647,421.147,567.047,457.895,0.966146,567.047,457.895
/home/it-admin/.hermes/profiles/juggling-tracker/workspace/juggling-yolo/videos/youtube_juggling_for_data_analysis_eh1I3SlZn48_075_090.mp4,852,14.214200,0,0.868812,67.026,633.833,392.065,0.990538,633.312,392.065,566.810,392.695,0.994672,566.810,392.695,642.499,436.959,0.959089,643.745,436.186,552.481,445.227,0.978211,552.481,445.048,658.891,427.946,0.954083,658.891,427.946,569.336,451.552,0.959607,569.336,451.552
/home/it-admin/.hermes/profiles/juggling-tracker/workspace/juggling-yolo/videos/youtube_juggling_for_data_analysis_eh1I3SlZn48_075_090.mp4,853,14.230883,0,0.743653,66.553,633.213,392.303,0.987910,633.780,392.303,566.663,392.907,0.992863,566.663,392.695,643.745,436.186,0.944060,642.985,436.959,551.470,445.048,0.979125,551.470,445.227,656.953,428.719,0.926332,656.953,428.719,572.853,446.248,0.960639,569.336,446.248
/home/it-admin/.hermes/profiles/juggling-tracker/workspace/juggling-yolo/videos/youtube_juggling_for_data_analysis_eh1I3SlZn48_075_090.mp4,854,14.247567,0,0.876345,67.709,633.780,393.030,0.987557,633.809,392.756,566.071,392.914,0.992120,566.071,392.695,644.724,437.675,0.935096,643.745,437.675,551.425,445.475,0.975603,551.425,445.227,654.832,435.984,0.921469,654.832,435.984,569.364,439.068,0.961261,569.336,439.068
/home/it-admin/.hermes/profiles/juggling-tracker/workspace/juggling-yolo/videos/youtube_juggling_for_data_analysis_eh1I3SlZn48_075_090.mp4,855,14.264250,0,0.879367,68.533,633.911,393.310,0.986850,633.780,392.756,565.382,392.640,0.991564,565.928,392.640,642.985,440.053,0.890821,644.724,439.537,550.528,446.658,0.976904,551.425,445.475,647.967,436.099,0.809993,648.951,436.099,564.406,433.528,0.965587,565.018,433.528
/home/it-admin/.hermes/profiles/juggling-tracker/workspace/juggling-yolo/videos/youtube_juggling_for_data_analysis_eh1I3SlZn48_075_090.mp4,856,14.280933,0,0.883432,68.338,633.809,392.756,0.989325,633.809,392.756,565.474,392.146,0.992274,565.928,392.146,647.794,439.537,0.934499,647.794,440.053,550.573,443.276,0.975401,551.425,445.643,643.486,445.454,0.889575,647.967,445.454,565.018,427.872,0.954250,564.406,427.872
/home/it-admin/.hermes/profiles/juggling-tracker/workspace/juggling-yolo/videos/youtube_juggling_for_data_analysis_eh1I3SlZn48_075_090.mp4,857,14.297617,0,0.888323,67.734,633.661,392.336,0.990389,633.911,392.519,565.928,391.961,0.991416,565.928,392.146,648.951,440.357,0.967373,647.794,440.357,552.903,447.059,0.977285,552.054,445.643,648.951,450.800,0.962106,643.901,450.800,561.161,425.876,0.967259,561.161,425.876
/home/it-admin/.hermes/profiles/juggling-tracker/workspace/juggling-yolo/videos/youtube_juggling_for_data_analysis_eh1I3SlZn48_075_090.mp4,858,14.314300,0,0.887051,66.385,633.987,392.519,0.991009,633.987,392.519,567.606,391.860,0.990974,565.928,392.146,648.284,442.940,0.965752,647.794,440.357,552.054,445.643,0.974317,552.054,445.643,643.901,455.478,0.957307,643.486,455.478,556.704,421.614,0.964674,556.704,421.614
/home/it-admin/.hermes/profiles/juggling-tracker/workspace/juggling-yolo/videos/youtube_juggling_for_data_analysis_eh1I3SlZn48_075_090.mp4,859,14.330983,0,0.881014,67.017,634.330,392.362,0.989524,633.987,392.519,567.314,392.526,0.987683,565.928,392.372,646.836,440.382,0.967435,648.284,440.357,552.987,444.916,0.962005,552.054,445.643,641.645,457.880,0.965297,643.177,457.880,553.827,418.431,0.950936,553.827,418.431
/home/it-admin/.hermes/profiles/juggling-tracker/workspace/juggling-yolo/videos/youtube_juggling_for_data_analysis_eh1I3SlZn48_075_090.mp4,860,14.347667,0,0.436970,70.026,634.130,393.102,0.989704,633.987,392.786,564.126,394.849,0.987144,565.042,392.526,647.221,438.013,0.971211,648.284,439.996,550.131,446.067,0.943850,552.054,444.916,643.177,459.758,0.974498,641.645,459.495,548.890,416.664,0.920650,548.890,416.664
/home/it-admin/.hermes/profiles/juggling-tracker/workspace/juggling-yolo/videos/youtube_juggling_for_data_analysis_eh1I3SlZn48_075_090.mp4,860,14.347667,1,0.390480,70.260,634.300,393.019,0.991970,,,564.062,394.784,0.991100,,,647.609,438.217,0.974959,,,550.340,445.693,0.949042,,,643.853,459.269,0.971833,,,548.718,416.499,0.924593,,
/home/it-admin/.hermes/profiles/juggling-tracker/workspace/juggling-yolo/videos/youtube_juggling_for_data_analysis_eh1I3SlZn48_075_090.mp4,861,14.364350,0,0.879190,69.358,633.934,393.259,0.993436,633.934,392.786,564.582,392.372,0.987467,565.042,393.293,649.046,439.410,0.977209,648.467,439.996,548.200,425.942,0.923727,552.987,439.267,638.157,461.105,0.974337,638.157,459.495,541.385,404.224,0.924766,542.263,415.625
/home/it-admin/.hermes/profiles/juggling-tracker/workspace/juggling-yolo/videos/youtube_juggling_for_data_analysis_eh1I3SlZn48_075_090.mp4,862,14.381033,0,0.878859,68.857,633.893,392.786,0.993446,633.934,392.786,565.042,393.657,0.989129,565.042,393.368,648.467,439.996,0.975706,649.046,439.963,555.272,439.267,0.937830,553.285,436.865,637.459,459.495,0.975630,637.459,459.495,542.263,415.625,0.946757,541.385,415.625
/home/it-admin/.hermes/profiles/juggling-tracker/workspace/juggling-yolo/videos/youtube_juggling_for_data_analysis_eh1I3SlZn48_075_090.mp4,863,14.397717,0,0.881545,68.432,633.878,392.340,0.993456,633.934,392.535,565.452,393.293,0.990968,565.452,393.293,649.078,440.344,0.977386,649.078,439.996,553.285,435.963,0.956947,553.285,435.963,633.676,456.059,0.974074,633.676,456.059,537.928,414.918,0.955514,537.928,415.625
/home/it-admin/.hermes/profiles/juggling-tracker/workspace/juggling-yolo/videos/youtube_juggling_for_data_analysis_eh1I3SlZn48_075_090.mp4,864,14.414400,0,0.879818,68.263,634.185,392.535,0.993331,634.143,392.535,565.927,393.368,0.992456,565.927,393.368,649.123,439.963,0.977412,649.078,440.291,553.310,436.865,0.967403,553.310,436.865,632.315,453.424,0.972510,632.315,453.424,534.961,418.228,0.959995,535.233,418.228
/home/it-admin/.hermes/profiles/juggling-tracker/workspace/juggling-yolo/videos/youtube_juggling_for_data_analysis_eh1I3SlZn48_075_090.mp4,865,14.431083,0,0.882757,67.445,634.143,392.382,0.992799,634.185,392.535,566.699,392.763,0.993669,566.581,393.368,649.771,440.340,0.973729,649.123,440.340,552.344,435.596,0.976014,553.310,436.865,629.935,449.144,0.964813,632.315,449.144,531.928,421.837,0.965680,535.233,421.837
/home/it-admin/.hermes/profiles/juggling-tracker/workspace/juggling-yolo/videos/youtube_juggling_for_data_analysis_eh1I3SlZn48_075_090.mp4,866,14.447767,0,0.875551,68.006,634.586,392.881,0.992178,634.586,392.535,566.582,393.500,0.993970,566.582,393.368,648.812,440.291,0.962598,649.123,440.340,553.782,439.722,0.972575,553.359,439.722,630.128,442.704,0.944841,632.315,442.704,535.233,430.730,0.954679,535.233,430.730
/home/it-admin/.hermes/profiles/juggling-tracker/workspace/juggling-yolo/videos/youtube_juggling_for_data_analysis_eh1I3SlZn48_075_090.mp4,867,14.464450,0,0.875957,69.227,635.805,392.964,0.992211,635.191,392.382,566.581,393.651,0.994039,566.699,392.968,650.108,448.614,0.970694,648.869,447.257,553.359,441.943,0.970306,553.782,441.943,633.403,433.781,0.969078,633.228,433.781,535.576,436.576,0.948023,535.576,436.576
/home/it-admin/.hermes/profiles/juggling-tracker/workspace/juggling-yolo/videos/youtube_juggling_for_data_analysis_eh1I3SlZn48_075_090.mp4,868,14.481133,0,0.863071,68.395,635.441,391.960,0.992227,635.191,391.960,567.053,392.968,0.993682,566.582,392.968,648.869,448.098,0.972496,648.869,447.257,554.638,442.006,0.970389,554.368,442.006,633.557,428.588,0.969769,633.403,428.588,539.633,440.951,0.948137,539.633,440.951
/home/it-admin/.hermes/profiles/juggling-tracker/workspace/juggling-yolo/videos/youtube_juggling_for_data_analysis_eh1I3SlZn48_075_090.mp4,869,14.497817,0,0.871873,68.343,635.191,390.999,0.991145,635.191,390.999,566.856,391.990,0.989298,566.581,391.990,646.755,447.257,0.969922,649.237,447.257,554.368,442.145,0.931206,554.368,442.006,633.228,423.794,0.960199,633.557,423.794,554.665,447.057,0.849894,546.992,447.057
/home/it-admin/.hermes/profiles/juggling-tracker/workspace/juggling-yolo/videos/youtube_juggling_for_data_analysis_eh1I3SlZn48_075_090.mp4,870,14.514500,0,0.462213,68.228,634.640,389.018,0.991586,634.640,390.639,566.460,391.571,0.989678,566.668,391.972,649.547,445.520,0.974757,649.237,445.520,554.712,442.676,0.956220,554.368,442.006,635.002,415.775,0.970418,635.002,415.775,546.992,450.374,0.930735,551.070,450.374
/home/it-admin/.hermes/profiles/juggling-tracker/workspace/juggling-yolo/videos/youtube_juggling_for_data_analysis_eh1I3SlZn48_075_090.mp4,870,14.514500,1,0.394955,68.911,635.187,388.883,0.992514,,,566.332,391.638,0.992651,,,649.866,445.953,0.975491,,,555.444,442.692,0.964341,,,635.121,414.247,0.970898,,,547.270,450.612,0.936127,,
/home/it-admin/.hermes/profiles/juggling-tracker/workspace/juggling-yolo/videos/youtube_juggling_for_data_analysis_eh1I3SlZn48_075_090.mp4,871,14.531183,0,0.622455,65.955,632.354,387.427,0.989213,632.354,390.639,566.514,391.319,0.988704,566.668,391.727,649.237,442.111,0.971098,649.237,442.111,554.160,440.584,0.957604,554.160,440.584,642.904,412.122,0.968506,642.904,412.122,551.568,454.116,0.932633,551.568,454.116
/home/it-admin/.hermes/profiles/juggling-tracker/workspace/juggling-yolo/videos/youtube_juggling_for_data_analysis_eh1I3SlZn48_075_090.mp4,872,14.547867,0,0.878953,64.866,631.520,390.639,0.990091,631.923,390.639,566.668,391.972,0.989150,566.668,391.571,650.323,441.438,0.968102,649.237,441.664,553.003,439.133,0.957347,553.955,439.133,648.981,408.378,0.959514,648.981,408.378,551.070,461.922,0.935491,551.568,461.922
/home/it-admin/.hermes/profiles/juggling-tracker/workspace/juggling-yolo/videos/youtube_juggling_for_data_analysis_eh1I3SlZn48_075_090.mp4,873,14.564550,0,0.876515,64.851,631.923,391.687,0.989533,631.520,391.650,567.072,391.727,0.989029,566.668,391.431,649.106,441.664,0.968166,649.106,441.438,553.769,438.859,0.964574,553.955,438.859,653.686,406.926,0.960731,653.686,406.926,552.490,463.644,0.949146,552.490,463.644
/home/it-admin/.hermes/profiles/juggling-tracker/workspace/juggling-yolo/videos/youtube_juggling_for_data_analysis_eh1I3SlZn48_075_090.mp4,874,14.581233,0,0.880559,64.310,631.177,391.650,0.988966,631.227,391.650,566.867,391.431,0.989813,566.668,391.561,647.867,436.890,0.967703,647.867,436.890,553.955,436.875,0.975236,553.955,437.491,655.134,403.029,0.964248,655.134,403.029,553.412,466.123,0.971708,553.412,466.123
/home/it-admin/.hermes/profiles/juggling-tracker/workspace/juggling-yolo/videos/youtube_juggling_for_data_analysis_eh1I3SlZn48_075_090.mp4,875,14.597917,0,0.870635,64.605,631.227,392.076,0.988842,631.227,391.650,566.626,391.349,0.993630,566.804,391.561,640.426,430.743,0.949520,643.994,430.743,554.680,436.443,0.979839,554.680,437.229,656.586,397.784,0.946699,656.586,403.029,555.300,466.416,0.973841,555.300,466.123
/home/it-admin/.hermes/profiles/juggling-tracker/workspace/juggling-yolo/videos/youtube_juggling_for_data_analysis_eh1I3SlZn48_075_090.mp4,876,14.614600,0,0.871412,64.487,630.756,391.588,0.990892,631.227,391.650,566.269,391.561,0.994420,566.804,391.561,642.916,429.142,0.959901,643.994,430.743,554.846,437.491,0.981183,554.846,437.229,662.454,400.479,0.953328,662.454,403.029,557.693,466.383,0.973804,557.693,466.123
/home/it-admin/.hermes/profiles/juggling-tracker/workspace/juggling-yolo/videos/youtube_juggling_for_data_analysis_eh1I3SlZn48_075_090.mp4,877,14.631283,0,0.855308,64.719,631.523,391.623,0.992050,631.523,391.623,566.804,391.684,0.994057,566.804,391.578,643.994,430.740,0.959750,643.994,430.743,555.729,437.229,0.981037,554.846,437.247,665.233,403.834,0.939499,665.233,403.834,559.363,463.008,0.974017,559.363,463.008
/home/it-admin/.hermes/profiles/juggling-tracker/workspace/juggling-yolo/videos/youtube_juggling_for_data_analysis_eh1I3SlZn48_075_090.mp4,878,14.647967,0,0.853691,65.062,632.269,391.705,0.992568,632.269,391.623,567.207,391.578,0.994098,566.804,391.683,645.559,431.879,0.962818,644.479,431.879,556.057,437.247,0.981467,554.846,437.491,667.675,411.134,0.939641,667.129,411.134,561.529,458.981,0.972883,561.529,458.981
/home/it-admin/.hermes/profiles/juggling-tracker/workspace/juggling-yolo/videos/youtube_juggling_for_data_analysis_eh1I3SlZn48_075_090.mp4,879,14.664650,0,0.854477,65.610,632.614,391.524,0.992995,632.614,391.705,567.005,391.683,0.994127,566.804,391.684,644.479,434.452,0.965296,644.760,434.452,554.555,439.478,0.977403,554.555,439.478,667.129,419.820,0.937553,667.675,419.820,564.556,453.324,0.957753,562.026,453.324
/home/it-admin/.hermes/profiles/juggling-tracker/workspace/juggling-yolo/videos/youtube_juggling_for_data_analysis_eh1I3SlZn48_075_090.mp4,880,14.681333,0,0.851554,66.142,632.872,391.956,0.993353,632.872,391.956,566.730,392.088,0.993371,566.803,391.947,644.760,435.241,0.965691,645.559,435.241,552.218,441.202,0.973785,552.348,441.202,670.387,423.970,0.934420,667.675,423.970,562.026,448.436,0.954826,564.556,448.436
/home/it-admin/.hermes/profiles/juggling-tracker/workspace/juggling-yolo/videos/youtube_juggling_for_data_analysis_eh1I3SlZn48_075_090.mp4,881,14.698017,0,0.863943,66.215,633.018,392.501,0.993357,633.018,392.209,566.803,392.370,0.993602,566.730,391.947,646.888,436.495,0.968540,645.646,436.495,552.348,441.598,0.970328,552.348,441.421,673.178,427.671,0.940188,667.129,427.671,565.701,444.158,0.936380,564.556,444.158
/home/it-admin/.hermes/profiles/juggling-tracker/workspace/juggling-yolo/videos/youtube_juggling_for_data_analysis_eh1I3SlZn48_075_090.mp4,882,14.714700,0,0.847813,67.061,633.096,392.799,0.993235,633.096,392.497,566.041,391.947,0.993855,566.041,391.947,645.968,440.178,0.963616,645.873,440.178,551.367,443.395,0.978345,552.218,441.421,667.010,437.552,0.933335,667.010,437.552,565.212,436.925,0.965584,563.522,436.925
/home/it-admin/.hermes/profiles/juggling-tracker/workspace/juggling-yolo/videos/youtube_juggling_for_data_analysis_eh1I3SlZn48_075_090.mp4,883,14.731383,0,0.866454,67.769,633.735,392.209,0.993306,633.735,392.497,565.981,390.807,0.993375,565.981,390.807,645.646,440.590,0.965304,645.873,440.590,552.496,441.421,0.972653,551.367,441.598,664.186,440.897,0.947692,664.186,440.897,563.212,430.148,0.962570,563.522,430.148
/home/it-admin/.hermes/profiles/juggling-tracker/workspace/juggling-yolo/videos/youtube_juggling_for_data_analysis_eh1I3SlZn48_075_090.mp4,884,14.748067,0,0.873100,68.413,634.139,392.497,0.993161,634.139,392.209,565.763,390.224,0.993477,565.981,390.743,645.873,442.538,0.964788,645.873,440.590,550.889,440.713,0.974402,550.889,441.421,657.590,448.979,0.948737,657.590,448.979,563.522,423.510,0.966477,563.212,423.510
/home/it-admin/.hermes/profiles/juggling-tracker/workspace/juggling-yolo/videos/youtube_juggling_for_data_analysis_eh1I3SlZn48_075_090.mp4,885,14.764750,0,0.872500,68.493,634.241,391.828,0.991962,634.241,392.117,565.762,390.436,0.993986,565.981,390.436,644.727,442.846,0.958465,645.873,440.590,550.066,441.698,0.977546,550.889,440.713,654.035,451.272,0.934659,654.644,451.272,561.219,421.072,0.964429,561.219,422.451
/home/it-admin/.hermes/profiles/juggling-tracker/workspace/juggling-yolo/videos/youtube_juggling_for_data_analysis_eh1I3SlZn48_075_090.mp4,886,14.781433,0,0.873244,67.767,635.017,392.117,0.993272,634.430,392.117,567.264,390.743,0.993266,565.763,390.436,646.054,440.231,0.967935,646.054,440.478,549.627,434.536,0.951364,550.889,440.700,654.644,455.505,0.944916,654.035,455.505,557.906,422.451,0.887773,557.906,421.072
/home/it-admin/.hermes/profiles/juggling-tracker/workspace/juggling-yolo/videos/youtube_juggling_for_data_analysis_eh1I3SlZn48_075_090.mp4,887,14.798117,0,0.868913,66.921,634.430,391.766,0.991174,634.430,391.828,567.524,390.348,0.991632,566.466,390.436,646.070,440.478,0.969526,646.070,440.231,552.304,440.700,0.969723,551.253,434.536,653.633,460.025,0.964651,653.633,460.025,554.596,409.583,0.962589,554.596,409.583
/home/it-admin/.hermes/profiles/juggling-tracker/workspace/juggling-yolo/videos/youtube_juggling_for_data_analysis_eh1I3SlZn48_075_090.mp4,888,14.814800,0,0.867345,69.891,635.089,392.360,0.992584,634.430,391.926,565.209,391.123,0.983743,566.969,390.743,647.238,440.100,0.963736,647.238,440.231,551.253,427.404,0.809578,552.304,431.880,650.042,463.259,0.947914,650.042,463.128,550.161,403.275,0.725257,550.880,406.265
/home/it-admin/.hermes/profiles/juggling-tracker/workspace/juggling-yolo/videos/youtube_juggling_for_data_analysis_eh1I3SlZn48_075_090.mp4,889,14.831483,0,0.866455,67.590,634.043,391.470,0.992803,634.430,391.926,566.466,390.153,0.986149,566.605,390.884,648.385,438.445,0.971988,648.385,440.478,553.798,427.251,0.915921,552.304,427.404,645.918,463.128,0.966879,645.918,463.128,550.880,401.476,0.916511,550.161,403.275
/home/it-admin/.hermes/profiles/juggling-tracker/workspace/juggling-yolo/videos/youtube_juggling_for_data_analysis_eh1I3SlZn48_075_090.mp4,890,14.848167,0,0.879000,67.207,634.173,391.926,0.993418,634.283,392.045,566.969,391.271,0.986806,566.605,391.123,649.598,441.299,0.977093,648.821,440.489,554.434,431.880,0.929113,553.503,427.404,640.025,463.888,0.972194,640.025,463.128,548.231,406.265,0.932176,548.231,403.275
/home/it-admin/.hermes/profiles/juggling-tracker/workspace/juggling-yolo/videos/youtube_juggling_for_data_analysis_eh1I3SlZn48_075_090.mp4,891,14.864850,0,0.875040,68.145,634.737,392.200,0.994235,634.283,391.926,566.605,390.884,0.987386,566.969,391.271,648.821,440.783,0.976925,648.978,440.489,548.799,418.535,0.860908,553.503,428.534,639.839,461.703,0.968268,639.839,461.703,542.836,401.302,0.784791,544.686,406.265
/home/it-admin/.hermes/profiles/juggling-tracker/workspace/juggling-yolo/videos/youtube_juggling_for_data_analysis_eh1I3SlZn48_075_090.mp4,892,14.881533,0,0.538043,67.294,634.283,392.045,0.992631,634.537,391.926,566.989,392.191,0.982138,566.989,391.529,649.088,440.489,0.972762,648.978,440.489,553.503,429.761,0.842487,552.975,429.748,635.220,459.117,0.966672,635.220,459.117,544.686,413.870,0.749154,542.836,413.870
/home/it-admin/.hermes/profiles/juggling-tracker/workspace/juggling-yolo/videos/youtube_juggling_for_data_analysis_eh1I3SlZn48_075_090.mp4,892,14.881533,1,0.323535,67.614,634.536,391.917,0.993950,,,566.923,392.184,0.988087,,,649.448,440.621,0.975436,,,553.939,429.935,0.865067,,,635.752,458.793,0.961450,,,544.661,414.578,0.760631,,
/home/it-admin/.hermes/profiles/juggling-tracker/workspace/juggling-yolo/videos/youtube_juggling_for_data_analysis_eh1I3SlZn48_075_090.mp4,893,14.898217,0,0.883606,67.028,634.537,391.647,0.992829,634.737,392.045,567.509,391.529,0.990140,567.122,391.577,648.978,440.373,0.971678,648.978,440.489,552.975,428.534,0.934625,552.575,429.748,629.951,452.298,0.958518,630.722,452.298,542.035,417.135,0.897541,542.836,417.135
/home/it-admin/.hermes/profiles/juggling-tracker/workspace/juggling-yolo/videos/youtube_juggling_for_data_analysis_eh1I3SlZn48_075_090.mp4,894,14.914900,0,0.885044,67.667,634.789,391.352,0.992401,634.789,392.045,567.122,391.577,0.990240,567.266,392.023,648.640,438.477,0.969679,649.088,440.489,551.797,429.748,0.938806,552.975,429.761,629.894,450.323,0.961552,630.722,450.323,542.813,425.598,0.915237,543.022,425.598
/home/it-admin/.hermes/profiles/juggling-tracker/workspace/juggling-yolo/videos/youtube_juggling_for_data_analysis_eh1I3SlZn48_075_090.mp4,895,14.931583,0,0.880642,67.789,635.054,392.371,0.991398,635.054,392.025,567.266,392.023,0.991388,567.509,391.625,649.490,442.968,0.954769,648.978,442.968,552.575,433.515,0.951842,552.975,433.515,630.722,443.504,0.931195,630.722,443.504,543.022,430.946,0.927724,543.022,430.946
/home/it-admin/.hermes/profiles/juggling-tracker/workspace/juggling-yolo/videos/youtube_juggling_for_data_analysis_eh1I3SlZn48_075_090.mp4,896,14.948267,0,0.877296,68.434,636.117,392.496,0.991853,635.735,392.025,567.683,392.543,0.991505,567.595,391.625,649.744,443.940,0.964518,648.658,443.940,554.922,436.828,0.956800,552.575,436.557,631.295,432.862,0.960322,630.963,432.862,544.053,435.305,0.946359,544.053,435.305
/home/it-admin/.hermes/profiles/juggling-tracker/workspace/juggling-yolo/videos/youtube_juggling_for_data_analysis_eh1I3SlZn48_075_090.mp4,897,14.964950,0,0.640776,68.377,635.971,392.025,0.992154,635.971,392.025,567.595,391.625,0.991239,567.683,391.625,648.658,446.269,0.967844,648.658,445.533,552.978,436.557,0.954469,552.575,436.827,632.034,427.723,0.964675,631.217,427.723,546.113,439.460,0.941112,546.113,439.460
/home/it-admin/.hermes/profiles/juggling-tracker/workspace/juggling-yolo/videos/youtube_juggling_for_data_analysis_eh1I3SlZn48_075_090.mp4,897,14.964950,1,0.274327,67.735,635.377,392.109,0.990921,,,567.643,391.682,0.987452,,,648.160,445.877,0.966054,,,552.434,436.603,0.945993,,,631.756,428.823,0.964701,,,546.141,439.502,0.937235,,
/home/it-admin/.hermes/profiles/juggling-tracker/workspace/juggling-yolo/videos/youtube_juggling_for_data_analysis_eh1I3SlZn48_075_090.mp4,898,14.981633,0,0.689306,67.668,635.735,391.685,0.990529,635.980,391.855,568.069,391.244,0.989426,567.869,391.434,647.735,446.210,0.968220,648.197,445.872,549.616,436.827,0.958830,551.744,436.827,630.963,424.643,0.965527,631.256,426.183,548.598,444.409,0.940644,547.355,441.935
/home/it-admin/.hermes/profiles/juggling-tracker/workspace/juggling-yolo/videos/youtube_juggling_for_data_analysis_eh1I3SlZn48_075_090.mp4,899,14.998317,0,0.887003,67.935,635.990,390.856,0.990790,635.971,391.685,568.055,390.705,0.990037,568.055,391.244,647.605,445.533,0.973448,647.735,446.210,550.510,436.861,0.967879,550.510,436.827,631.217,418.359,0.971496,631.217,424.643,548.745,446.283,0.955207,548.598,444.409
