frame,time_seconds,track_id,confidence,center_x,center_y
2,0.033367,3,0.560318,634.745,238.423
2,0.033367,4,0.572353,585.951,307.607
2,0.033367,5,0.729645,534.684,378.839
2,0.033367,1,0.253634,581.805,214.757
2,0.033367,2,0.288411,631.005,470.479
3,0.050050,3,0.599100,636.337,242.983
3,0.050050,4,0.465752,587.080,298.298
3,0.050050,5,0.379132,533.507,391.215
3,0.050050,1,0.347189,580.492,212.647
3,0.050050,2,0.288411,630.391,469.658
4,0.066733,3,0.632106,638.262,248.657
4,0.066733,4,0.279086,588.309,288.055
4,0.066733,5,0.570422,532.241,403.224
4,0.066733,1,0.274710,579.335,211.348
4,0.066733,2,0.288411,629.776,468.837
5,0.083417,3,0.515529,639.990,255.083
5,0.083417,4,0.547079,589.886,278.013
5,0.083417,5,0.590559,530.797,414.851
5,0.083417,1,0.272034,577.608,210.742
5,0.083417,2,0.431510,625.399,454.751
6,0.100100,3,0.199949,642.185,262.470
6,0.100100,4,0.271319,591.195,268.443
6,0.100100,5,0.402830,530.003,425.145
6,0.100100,1,0.216111,575.864,210.407
6,0.100100,2,0.327596,622.180,438.326
7,0.116783,3,0.371421,643.903,270.558
7,0.116783,4,0.609487,592.455,259.475
7,0.116783,5,0.352666,530.059,434.197
7,0.116783,1,0.605832,574.147,210.612
7,0.116783,2,0.327596,619.810,429.153
8,0.133467,3,0.232054,645.704,278.347
8,0.133467,4,0.567263,594.198,251.026
8,0.133467,5,0.614033,531.265,443.148
8,0.133467,1,0.387281,572.596,211.139
8,0.133467,2,0.793220,617.367,409.211
9,0.150150,3,0.514464,648.087,286.735
9,0.150150,4,0.663319,595.647,243.399
9,0.150150,5,0.570753,533.045,452.463
9,0.150150,1,0.372956,570.838,212.566
9,0.150150,2,0.829804,615.678,390.969
10,0.166833,3,0.826670,649.969,296.589
10,0.166833,4,0.813465,597.017,236.505
10,0.166833,5,0.603501,535.444,460.212
10,0.166833,1,0.521377,569.078,214.513
10,0.166833,2,0.232898,614.757,374.636
11,0.183517,3,0.709385,651.819,306.533
11,0.183517,4,0.349364,598.359,230.542
11,0.183517,5,0.157841,538.614,468.156
11,0.183517,1,0.635526,567.807,217.138
11,0.183517,2,0.464139,613.505,359.098
12,0.200200,3,0.562245,653.565,316.951
12,0.200200,4,0.363396,599.686,224.831
12,0.200200,5,0.403630,542.341,474.243
12,0.200200,1,0.645306,566.411,219.996
12,0.200200,2,0.497571,630.708,333.120
13,0.216883,3,0.664090,655.161,328.129
13,0.216883,4,0.432124,600.859,219.411
13,0.216883,5,0.283266,546.678,479.744
13,0.216883,1,0.556136,564.670,223.718
13,0.216883,2,0.497571,634.014,315.251
14,0.233567,3,0.772802,656.887,339.452
14,0.233567,4,0.518693,602.026,215.244
14,0.233567,5,0.382448,551.557,484.707
14,0.233567,1,0.526832,563.058,227.481
14,0.233567,2,0.520563,625.012,307.562
15,0.250250,3,0.793015,658.653,351.892
15,0.250250,4,0.465043,603.205,211.726
15,0.250250,5,0.382448,554.820,491.399
15,0.250250,1,0.286319,561.246,232.384
15,0.250250,2,0.536070,617.964,299.981
16,0.266933,3,0.660795,660.462,365.086
16,0.266933,4,0.162422,604.603,208.992
16,0.266933,5,0.170301,559.434,489.445
16,0.266933,1,0.286319,559.615,235.596
16,0.266933,2,0.224881,612.637,292.357
17,0.283617,3,0.843022,662.188,378.266
17,0.283617,4,0.323776,605.828,206.458
17,0.283617,5,0.364480,563.712,484.670
17,0.283617,1,0.228745,558.090,242.289
17,0.283617,2,0.356691,608.258,284.442
18,0.300300,3,0.785511,663.399,390.736
18,0.300300,4,0.696238,607.413,204.613
18,0.300300,5,0.237214,566.573,476.129
18,0.300300,1,0.578115,556.511,249.408
18,0.300300,2,0.500760,605.059,276.374
19,0.316983,3,0.651024,663.983,401.934
19,0.316983,4,0.625675,609.023,203.176
19,0.316983,5,0.348841,569.057,465.687
19,0.316983,1,0.661479,555.222,256.983
19,0.316983,2,0.317759,602.899,268.441
20,0.333667,3,0.652905,664.047,411.793
20,0.333667,4,0.333541,610.216,202.322
20,0.333667,5,0.348841,572.322,462.309
20,0.333667,1,0.498425,553.696,265.025
20,0.333667,2,0.299272,601.558,260.593
21,0.350350,3,0.530624,663.445,420.694
21,0.350350,4,0.340553,611.367,202.038
21,0.350350,5,0.379329,574.022,444.506
21,0.350350,1,0.365730,551.802,273.201
21,0.350350,2,0.454574,600.597,253.241
22,0.367033,3,0.288061,661.871,429.089
22,0.367033,4,0.329902,612.624,202.069
22,0.367033,5,0.508766,576.345,426.034
22,0.367033,1,0.475966,550.280,281.808
22,0.367033,2,0.438455,599.821,246.378
23,0.383717,3,0.288061,661.877,439.132
23,0.383717,4,0.329902,613.916,200.739
23,0.383717,5,0.533376,577.988,407.868
23,0.383717,1,0.261990,548.789,290.853
23,0.383717,2,0.339799,599.046,239.897
24,0.400400,3,0.288061,661.883,449.175
24,0.400400,4,0.424424,615.236,202.569
24,0.400400,5,0.518114,579.480,390.481
24,0.400400,1,0.353843,547.502,300.408
24,0.400400,2,0.547456,598.220,233.774
25,0.417083,3,0.288061,661.889,459.219
25,0.417083,4,0.586841,616.950,204.760
25,0.417083,5,0.372686,581.578,374.942
25,0.417083,1,0.573483,546.025,310.434
25,0.417083,2,0.607888,597.238,227.842
26,0.433767,3,0.288061,661.895,469.262
26,0.433767,4,0.701324,618.156,207.684
26,0.433767,5,0.815908,583.033,360.295
26,0.433767,1,0.585606,544.504,321.219
26,0.433767,2,0.650862,596.298,222.711
27,0.450450,3,0.288061,661.901,479.305
27,0.450450,4,0.474938,619.813,210.608
27,0.450450,5,0.706165,584.594,346.200
27,0.450450,1,0.603874,542.901,332.910
27,0.450450,2,0.506648,595.245,218.181
28,0.467133,4,0.501350,621.594,213.985
28,0.467133,5,0.469695,585.835,333.267
28,0.467133,1,0.468390,541.396,345.044
28,0.467133,2,0.212478,594.249,213.884
29,0.483817,4,0.518143,622.774,218.220
29,0.483817,5,0.719853,587.460,321.341
29,0.483817,1,0.621068,539.986,357.833
29,0.483817,2,0.507580,593.205,210.414
30,0.500500,4,0.694430,623.653,222.649
30,0.500500,5,0.552686,588.877,309.995
30,0.500500,1,0.706073,538.366,371.316
30,0.500500,2,0.635356,592.091,207.954
31,0.517183,4,0.654207,624.804,227.300
31,0.517183,5,0.676300,590.258,299.826
31,0.517183,1,0.694010,536.423,384.589
31,0.517183,2,0.661953,590.817,205.408
32,0.533867,4,0.598166,626.095,232.941
32,0.533867,5,0.522801,591.696,290.291
32,0.533867,1,0.746457,534.613,398.089
32,0.533867,2,0.429719,589.752,203.478
33,0.550550,4,0.691089,627.198,238.997
33,0.550550,5,0.654047,592.876,281.659
33,0.550550,1,0.655580,533.320,409.869
33,0.550550,2,0.505387,588.735,202.168
34,0.567233,4,0.668068,628.548,245.621
34,0.567233,5,0.388541,594.196,273.819
34,0.567233,1,0.359398,532.483,419.256
34,0.567233,2,0.331504,587.612,201.353
34,0.567233,6,0.859395,620.510,453.153
35,0.583917,4,0.711104,629.919,253.006
35,0.583917,5,0.654001,595.564,266.311
35,0.583917,1,0.740371,532.327,427.291
35,0.583917,2,0.613050,586.611,200.950
35,0.583917,6,0.836406,618.417,442.177
36,0.600600,4,0.511493,630.939,261.024
36,0.600600,5,0.400934,596.798,259.410
36,0.600600,1,0.671744,533.115,434.877
36,0.600600,2,0.217966,585.837,201.073
36,0.600600,6,0.620501,617.450,428.044
37,0.617283,4,0.568511,631.850,269.433
37,0.617283,5,0.672780,597.996,253.370
37,0.617283,1,0.446556,534.816,442.103
37,0.617283,2,0.386237,584.575,201.725
37,0.617283,6,0.493541,615.031,412.141
38,0.633967,4,0.439724,633.369,277.717
38,0.633967,5,0.558264,599.121,247.249
38,0.633967,1,0.620158,537.235,449.901
38,0.633967,2,0.173211,583.253,203.529
38,0.633967,6,0.493541,613.535,401.507
39,0.650650,4,0.732709,634.665,287.082
39,0.650650,5,0.558886,600.065,241.729
39,0.650650,1,0.462154,539.622,457.450
39,0.650650,2,0.381777,581.968,205.116
39,0.650650,6,0.646689,610.903,383.765
40,0.667333,4,0.776597,635.661,297.559
40,0.667333,5,0.740229,601.717,236.367
40,0.667333,1,0.298864,542.494,464.377
40,0.667333,2,0.555831,580.600,207.937
40,0.667333,6,0.646689,609.082,371.094
41,0.684017,4,0.781891,637.144,307.942
41,0.684017,5,0.664414,603.235,231.985
41,0.684017,1,0.324674,545.964,470.738
41,0.684017,2,0.369649,579.302,210.654
41,0.684017,6,0.646689,607.260,358.424
42,0.700700,4,0.705230,638.852,319.675
42,0.700700,5,0.759950,604.627,228.129
42,0.700700,1,0.279084,550.044,475.340
42,0.700700,2,0.582346,578.326,213.619
42,0.700700,6,0.646689,605.439,345.753
43,0.717383,4,0.797382,640.485,331.001
43,0.717383,5,0.701047,606.097,224.657
43,0.717383,1,0.279084,552.660,482.142
43,0.717383,2,0.585734,577.471,217.530
43,0.717383,6,0.413607,604.074,328.665
44,0.734067,4,0.724478,641.850,343.326
44,0.734067,5,0.369296,607.690,221.954
44,0.734067,1,0.496276,557.832,485.241
44,0.734067,2,0.585734,576.382,219.937
44,0.734067,6,0.267010,602.834,313.894
45,0.750750,4,0.673134,643.325,356.832
45,0.750750,5,0.478809,609.200,219.541
45,0.750750,1,0.496276,561.127,491.060
45,0.750750,2,0.207284,575.047,225.479
45,0.750750,6,0.444565,601.459,301.087
46,0.767433,4,0.460682,644.814,370.688
46,0.767433,5,0.341153,610.621,217.567
46,0.767433,1,0.295441,565.591,488.121
46,0.767433,2,0.207284,573.893,228.719
46,0.767433,6,0.451878,599.691,290.245
47,0.784117,4,0.587039,646.134,384.666
47,0.784117,5,0.667067,612.005,216.556
47,0.784117,1,0.194320,569.381,482.675
47,0.784117,2,0.468857,572.619,235.826
47,0.784117,6,0.531981,598.225,280.393
48,0.800800,4,0.587039,647.551,397.266
48,0.800800,5,0.649374,613.035,215.700
48,0.800800,1,0.280472,572.688,473.014
48,0.800800,2,0.544081,570.946,242.996
48,0.800800,6,0.391615,596.986,271.424
49,0.817483,4,0.587039,648.969,409.866
49,0.817483,5,0.722208,614.729,215.105
49,0.817483,1,0.396186,575.561,462.231
49,0.817483,2,0.669372,569.219,250.870
49,0.817483,6,0.763437,595.631,263.409
50,0.834167,4,0.242566,648.575,419.391
50,0.834167,5,0.766741,616.595,215.276
50,0.834167,1,0.544499,577.929,449.101
50,0.834167,2,0.735045,567.897,259.031
50,0.834167,6,0.745142,594.501,255.841
51,0.850850,4,0.540251,647.584,429.006
51,0.850850,5,0.664098,618.258,216.218
51,0.850850,1,0.779849,579.433,434.051
51,0.850850,2,0.719845,566.845,267.561
51,0.850850,6,0.738839,593.723,248.389
52,0.867533,4,0.532093,645.320,438.862
52,0.867533,5,0.605415,619.805,217.600
52,0.867533,1,0.729986,580.943,418.425
52,0.867533,2,0.557934,565.853,276.624
52,0.867533,6,0.556280,592.633,241.650
53,0.884217,4,0.165570,642.734,448.163
53,0.884217,5,0.648119,621.443,219.207
53,0.884217,1,0.666230,582.245,402.594
53,0.884217,2,0.374219,564.356,285.597
53,0.884217,6,0.437789,591.506,235.408
54,0.900900,4,0.165570,641.835,458.602
54,0.900900,5,0.480839,622.523,221.472
54,0.900900,1,0.815106,584.308,386.870
54,0.900900,2,0.289792,562.984,295.240
54,0.900900,6,0.297191,590.514,230.068
55,0.917583,4,0.436514,638.118,464.855
55,0.917583,5,0.668898,623.414,224.335
55,0.917583,1,0.271364,585.469,372.007
55,0.917583,2,0.425202,561.696,305.273
55,0.917583,6,0.608689,589.526,224.988
56,0.934267,4,0.346603,634.492,470.078
56,0.934267,5,0.690194,624.776,227.704
56,0.934267,1,0.779322,586.281,358.490
56,0.934267,2,0.274386,560.569,315.888
56,0.934267,6,0.548904,588.523,220.737
57,0.950950,4,0.292430,630.869,473.423
57,0.950950,5,0.667141,626.133,231.623
57,0.950950,1,0.483147,586.735,345.142
57,0.950950,2,0.267014,559.510,327.017
57,0.950950,6,0.632787,587.347,216.898
58,0.967633,4,0.279196,628.030,475.861
58,0.967633,5,0.687286,627.502,236.058
58,0.967633,1,0.255319,586.929,333.268
58,0.967633,2,0.491926,558.271,339.026
58,0.967633,6,0.557190,586.264,213.620
58,0.967633,7,0.382899,573.942,332.044
59,0.984317,4,0.381111,625.461,476.413
59,0.984317,5,0.426692,629.405,241.141
59,0.984317,1,0.610065,588.366,322.004
59,0.984317,2,0.443867,557.241,351.722
59,0.984317,6,0.394265,585.329,210.619
59,0.984317,7,0.382899,577.741,333.881
60,1.001000,4,0.235850,622.409,474.276
60,1.001000,5,0.624559,630.708,246.658
60,1.001000,1,0.643955,589.631,311.216
60,1.001000,2,0.640461,555.940,364.720
60,1.001000,6,0.528232,583.986,208.259
60,1.001000,7,0.382899,581.539,335.717
61,1.017683,4,0.350101,620.095,469.606
61,1.017683,5,0.519094,631.657,253.166
61,1.017683,1,0.579838,590.908,301.857
61,1.017683,2,0.617094,554.861,377.740
61,1.017683,6,0.463224,582.432,206.050
61,1.017683,7,0.382899,585.337,337.553
62,1.034367,4,0.451103,618.023,461.834
62,1.034367,5,0.548226,633.277,259.826
62,1.034367,1,0.555293,591.936,293.377
62,1.034367,2,0.677056,553.509,391.383
62,1.034367,6,0.632155,581.237,204.559
62,1.034367,7,0.257424,590.507,317.228
63,1.051050,4,0.327558,616.483,450.220
63,1.051050,5,0.677771,634.703,267.122
63,1.051050,1,0.594688,592.805,285.326
63,1.051050,2,0.677056,552.291,403.760
63,1.051050,6,0.619249,580.215,203.711
63,1.051050,7,0.257424,594.787,311.275
64,1.067733,4,0.327558,614.257,446.000
64,1.067733,5,0.661144,636.067,274.852
64,1.067733,1,0.662278,594.118,277.654
64,1.067733,2,0.351349,551.811,415.653
64,1.067733,6,0.563375,579.179,203.321
65,1.084417,4,0.283778,613.502,427.611
65,1.084417,5,0.733283,637.734,283.221
65,1.084417,1,0.758229,595.086,270.846
65,1.084417,2,0.682959,550.837,425.347
65,1.084417,6,0.653305,578.298,203.224
66,1.101100,4,0.491845,611.816,408.439
66,1.101100,5,0.677030,639.140,291.877
66,1.101100,1,0.773751,596.200,264.242
66,1.101100,2,0.604399,550.138,433.846
66,1.101100,6,0.745087,577.224,203.831
67,1.117783,4,0.745104,610.511,390.528
67,1.117783,5,0.823695,640.515,301.624
67,1.117783,1,0.836404,597.456,257.930
67,1.117783,2,0.715311,550.043,441.119
67,1.117783,6,0.812701,575.772,204.777
68,1.134467,4,0.431107,609.643,374.046
68,1.134467,5,0.401508,642.061,311.533
68,1.134467,1,0.231037,598.556,252.280
68,1.134467,2,0.613743,550.277,448.575
68,1.134467,6,0.285844,574.526,205.994
69,1.151150,4,0.431107,608.188,360.271
69,1.151150,5,0.247045,643.537,322.236
69,1.151150,1,0.430194,599.505,246.980
69,1.151150,2,0.613743,549.820,457.776
69,1.151150,6,0.365744,573.263,208.298
70,1.167833,4,0.431107,606.734,346.495
70,1.167833,5,0.522383,644.644,333.557
70,1.167833,1,0.430194,600.586,240.351
70,1.167833,2,0.613743,549.363,466.977
70,1.167833,6,0.312851,571.825,210.506
71,1.184517,4,0.431107,605.280,332.720
71,1.184517,5,0.691032,645.647,345.166
71,1.184517,1,0.533135,601.624,236.929
71,1.184517,2,0.159304,551.985,471.453
71,1.184517,6,0.649354,570.602,213.442
72,1.201200,4,0.455996,604.571,319.961
72,1.201200,5,0.821931,647.310,357.440
72,1.201200,1,0.744693,602.563,233.868
72,1.201200,2,0.516056,554.628,475.401
72,1.201200,6,0.696812,569.536,217.160
73,1.217883,4,0.480363,603.992,309.188
73,1.217883,5,0.712327,648.780,370.484
73,1.217883,1,0.575009,603.601,231.581
73,1.217883,2,0.516056,555.595,482.286
73,1.217883,6,0.317510,568.183,220.932
74,1.234567,4,0.458343,603.591,299.655
74,1.234567,5,0.572942,650.217,383.400
74,1.234567,1,0.379877,604.551,229.536
74,1.234567,2,0.516056,556.561,489.172
74,1.234567,6,0.614692,566.826,226.044
75,1.251250,4,0.524098,602.777,291.055
75,1.251250,5,0.449055,651.441,394.446
75,1.251250,1,0.430203,605.489,227.330
75,1.251250,2,0.516056,557.527,496.058
75,1.251250,6,0.429009,565.563,231.648
76,1.267933,4,0.430120,601.857,282.854
76,1.267933,5,0.345794,652.029,405.679
76,1.267933,1,0.570367,606.236,226.031
76,1.267933,2,0.516056,558.493,502.943
76,1.267933,6,0.382372,564.215,237.469
77,1.284617,4,0.562596,600.806,275.304
77,1.284617,5,0.157070,652.376,414.189
77,1.284617,1,0.727843,607.919,225.324
77,1.284617,2,0.516056,559.459,509.829
77,1.284617,6,0.568261,562.776,243.926
78,1.301300,4,0.526259,599.901,268.042
78,1.301300,5,0.157070,653.317,424.883
78,1.301300,1,0.718221,609.009,225.036
78,1.301300,6,0.572654,561.441,250.736
79,1.317983,4,0.406964,599.064,261.579
79,1.317983,5,0.546162,652.142,432.901
79,1.317983,1,0.523614,609.862,225.193
79,1.317983,6,0.283375,560.225,258.355
80,1.334667,4,0.302284,598.301,255.287
80,1.334667,5,0.546162,652.522,442.886
80,1.334667,1,0.365423,610.958,225.624
80,1.334667,6,0.283375,558.924,264.369
81,1.351350,4,0.314126,597.312,249.442
81,1.351350,5,0.546162,652.901,452.870
81,1.351350,1,0.187552,612.002,226.456
81,1.351350,6,0.258237,557.457,273.546
82,1.368033,4,0.351202,596.285,244.259
82,1.368033,5,0.546162,653.281,462.855
82,1.368033,1,0.295942,613.018,228.101
82,1.368033,6,0.527479,556.064,283.012
83,1.384717,4,0.453872,595.339,239.538
83,1.384717,5,0.177722,647.151,467.988
83,1.384717,1,0.304672,613.905,230.529
83,1.384717,6,0.762848,554.876,293.206
83,1.384717,8,0.613202,580.625,390.468
84,1.401400,4,0.453872,594.404,233.361
84,1.401400,5,0.215047,641.252,472.540
84,1.401400,1,0.304672,614.909,231.303
84,1.401400,6,0.704336,553.633,303.790
84,1.401400,8,0.165818,581.904,380.447
85,1.418083,4,0.232133,593.720,230.188
85,1.418083,5,0.182721,636.462,475.642
85,1.418083,1,0.585437,616.438,234.974
85,1.418083,6,0.441357,552.143,314.770
85,1.418083,8,0.730617,583.896,366.305
86,1.434767,4,0.224140,592.460,227.859
86,1.434767,5,0.182721,633.314,482.046
86,1.434767,1,0.223394,617.621,239.453
86,1.434767,6,0.307899,550.637,326.083
86,1.434767,8,0.384731,585.816,351.950
87,1.451450,4,0.564695,591.305,225.941
87,1.451450,5,0.216265,629.079,480.604
87,1.451450,1,0.704160,618.553,244.016
87,1.451450,6,0.374105,548.899,337.900
87,1.451450,8,0.600290,587.567,338.470
88,1.468133,4,0.399417,590.439,224.163
88,1.468133,5,0.152839,625.933,478.001
88,1.468133,1,0.712413,619.689,248.979
88,1.468133,6,0.698566,547.435,350.075
88,1.468133,8,0.648943,589.952,325.998
89,1.484817,4,0.203445,589.327,222.918
89,1.484817,5,0.151464,622.752,474.619
89,1.484817,1,0.415943,620.737,254.679
89,1.484817,6,0.496949,545.947,363.196
89,1.484817,8,0.278741,592.578,314.401
90,1.501500,4,0.244214,588.232,222.135
90,1.501500,5,0.433677,619.950,467.798
90,1.501500,1,0.430343,621.915,260.953
90,1.501500,6,0.771896,544.288,377.030
90,1.501500,8,0.461696,594.758,303.567
91,1.518183,4,0.623255,587.318,222.018
91,1.518183,5,0.469803,617.629,458.741
91,1.518183,1,0.681235,622.757,267.645
91,1.518183,6,0.636371,542.514,391.062
91,1.518183,8,0.716671,596.567,293.572
92,1.534867,4,0.445619,586.405,222.285
92,1.534867,5,0.517768,615.372,446.625
92,1.534867,1,0.528149,623.559,274.981
92,1.534867,6,0.483860,540.636,404.579
92,1.534867,8,0.558654,598.676,284.354
93,1.551550,4,0.605644,585.328,222.810
93,1.551550,5,0.727927,613.653,431.447
93,1.551550,1,0.772235,624.738,282.322
93,1.551550,6,0.559314,539.707,416.780
93,1.551550,8,0.696824,600.090,275.893
94,1.568233,4,0.269255,584.235,223.768
94,1.568233,5,0.666736,612.053,414.823
94,1.568233,1,0.359087,625.986,290.368
94,1.568233,6,0.364021,539.599,429.040
94,1.568233,8,0.331264,602.206,268.455
95,1.584917,4,0.311363,583.408,225.372
95,1.584917,5,0.441477,611.082,398.254
95,1.584917,1,0.392881,627.065,299.094
95,1.584917,6,0.527698,540.161,439.442
95,1.584917,8,0.506385,604.064,262.170
96,1.601600,4,0.268043,582.203,227.461
96,1.601600,5,0.175762,610.181,382.334
96,1.601600,1,0.377168,628.130,308.022
96,1.601600,6,0.472744,541.684,448.142
96,1.601600,8,0.389758,605.934,256.037
97,1.618283,4,0.280013,580.994,230.517
97,1.618283,5,0.175762,608.537,369.273
97,1.618283,1,0.329944,629.128,318.101
97,1.618283,6,0.217853,544.333,456.804
97,1.618283,8,0.363311,608.137,250.470
98,1.634967,4,0.233810,579.722,233.913
98,1.634967,5,0.175762,606.893,356.212
98,1.634967,1,0.725703,629.959,328.969
98,1.634967,6,0.217853,544.973,467.273
98,1.634967,8,0.506225,609.785,245.176
99,1.651650,4,0.233810,578.590,235.800
99,1.651650,5,0.175762,605.249,343.151
99,1.651650,1,0.594689,630.889,340.038
99,1.651650,6,0.217853,545.613,477.741
99,1.651650,8,0.208083,611.760,240.382
100,1.668333,4,0.233810,577.458,237.686
100,1.668333,5,0.279365,604.120,328.439
100,1.668333,1,0.687382,631.818,352.078
100,1.668333,6,0.217853,546.253,488.209
100,1.668333,8,0.366889,613.329,236.592
101,1.685017,4,0.175543,576.485,243.253
101,1.685017,5,0.250477,603.161,314.772
101,1.685017,1,0.296728,632.781,364.501
101,1.685017,6,0.217853,546.893,498.677
101,1.685017,8,0.499486,615.139,233.298
102,1.701700,4,0.400183,575.302,249.320
102,1.701700,5,0.638428,602.091,302.969
102,1.701700,1,0.691344,633.626,376.771
102,1.701700,6,0.217853,547.534,509.146
102,1.701700,8,0.569300,617.022,231.031
103,1.718383,4,0.400183,574.187,253.033
103,1.718383,5,0.167930,600.919,292.169
103,1.718383,1,0.691344,634.560,387.956
103,1.718383,8,0.160023,618.750,228.998
104,1.735067,4,0.271463,572.870,261.247
104,1.735067,5,0.498987,600.033,281.837
104,1.735067,1,0.691344,635.493,399.142
104,1.735067,8,0.472672,620.463,227.238
105,1.751750,4,0.528006,571.476,269.919
105,1.751750,5,0.183345,598.787,272.616
105,1.751750,1,0.691344,636.427,410.327
105,1.751750,8,0.484619,622.033,225.783
106,1.768433,4,0.435908,570.168,278.662
106,1.768433,5,0.528985,597.426,264.254
106,1.768433,1,0.691344,637.361,421.512
106,1.768433,8,0.225818,623.480,224.452
107,1.785117,4,0.200789,568.950,287.267
107,1.785117,5,0.496552,596.210,256.512
107,1.785117,1,0.691344,638.294,432.697
107,1.785117,8,0.338118,625.127,223.754
108,1.801800,4,0.200789,567.708,294.443
108,1.801800,5,0.462659,595.267,249.641
108,1.801800,8,0.466431,626.797,223.905
109,1.818483,4,0.397319,566.334,304.312
109,1.818483,5,0.495994,594.245,243.113
109,1.818483,8,0.440371,628.745,224.402
110,1.835167,4,0.628587,565.093,314.570
110,1.835167,5,0.605889,592.961,236.901
110,1.835167,8,0.828879,630.290,225.566
111,1.851850,4,0.680477,564.048,325.012
111,1.851850,5,0.724831,591.551,231.723
111,1.851850,8,0.807936,631.552,227.055
112,1.868533,4,0.697909,563.017,336.376
112,1.868533,5,0.480039,590.450,226.651
112,1.868533,8,0.408847,633.074,229.012
113,1.885217,4,0.463631,562.097,347.835
113,1.885217,5,0.532269,589.029,222.418
113,1.885217,8,0.636861,634.946,231.727
114,1.901900,4,0.586856,561.151,359.959
114,1.901900,5,0.680261,587.628,218.601
114,1.901900,8,0.630393,636.954,234.926
114,1.901900,9,0.300418,634.850,471.575
115,1.918583,4,0.761643,560.039,371.948
115,1.918583,5,0.677848,586.582,215.222
115,1.918583,8,0.643495,639.021,238.906
115,1.918583,9,0.287040,633.386,472.996
116,1.935267,4,0.672836,559.299,384.393
116,1.935267,5,0.319059,585.369,212.510
116,1.935267,8,0.358389,640.844,243.079
116,1.935267,9,0.305853,631.541,471.168
117,1.951950,4,0.579993,558.219,397.207
117,1.951950,5,0.663439,583.878,210.196
117,1.951950,8,0.697212,642.991,247.819
117,1.951950,9,0.301180,629.869,466.634
117,1.951950,10,0.662260,601.226,310.689
118,1.968633,4,0.564795,557.864,409.087
118,1.968633,5,0.529694,582.278,208.478
118,1.968633,8,0.437569,644.392,252.881
118,1.968633,9,0.301180,628.506,465.819
118,1.968633,10,0.171055,602.876,301.770
119,1.985317,4,0.407556,557.679,419.762
119,1.985317,5,0.498348,580.943,206.984
119,1.985317,8,0.578217,645.779,258.331
119,1.985317,9,0.159538,626.068,452.921
119,1.985317,10,0.641702,604.231,291.683
120,2.002000,4,0.250321,557.389,428.764
120,2.002000,5,0.557395,579.450,206.158
120,2.002000,8,0.268426,647.679,264.249
120,2.002000,9,0.282576,624.193,438.094
120,2.002000,10,0.421960,605.996,281.720
121,2.018683,4,0.481967,557.016,436.806
121,2.018683,5,0.647891,577.890,205.758
121,2.018683,8,0.668455,649.474,271.272
121,2.018683,9,0.284926,622.195,422.205
121,2.018683,10,0.463801,607.957,272.200
122,2.035367,4,0.481967,556.503,446.901
122,2.035367,5,0.342236,576.502,205.942
122,2.035367,8,0.453478,651.221,279.012
122,2.035367,9,0.342726,621.069,405.933
122,2.035367,10,0.372465,609.670,264.120
123,2.052050,4,0.437248,556.296,455.130
123,2.052050,5,0.422521,575.040,206.538
123,2.052050,8,0.512152,653.028,287.023
123,2.052050,9,0.313971,619.337,389.629
123,2.052050,10,0.301005,611.311,256.751
124,2.068733,4,0.587529,557.216,462.160
124,2.068733,5,0.162704,573.683,208.113
124,2.068733,8,0.198653,654.633,295.658
124,2.068733,9,0.185984,617.899,373.467
124,2.068733,10,0.236589,612.991,250.077
125,2.085417,4,0.444156,558.398,469.327
125,2.085417,5,0.162704,572.267,207.978
125,2.085417,8,0.241183,656.419,304.478
125,2.085417,9,0.661274,616.797,358.798
125,2.085417,10,0.286108,614.222,244.178
126,2.102100,4,0.408896,559.988,474.601
126,2.102100,5,0.249519,570.714,210.960
126,2.102100,8,0.334267,658.226,313.965
126,2.102100,9,0.396757,615.131,344.837
126,2.102100,10,0.687001,615.397,239.012
127,2.118783,4,0.161720,562.788,480.302
127,2.118783,5,0.652451,569.186,214.231
127,2.118783,8,0.707455,660.106,323.956
127,2.118783,9,0.319383,614.178,332.279
127,2.118783,10,0.759526,617.161,234.568
128,2.135467,4,0.173621,565.019,484.355
128,2.135467,5,0.600468,567.756,218.168
128,2.135467,8,0.665889,661.895,334.720
128,2.135467,9,0.573871,612.738,319.904
128,2.135467,10,0.671493,618.592,230.599
129,2.152150,4,0.198233,566.978,486.350
129,2.152150,5,0.441130,566.136,222.462
129,2.152150,8,0.741244,663.619,346.271
129,2.152150,9,0.185319,611.188,307.987
129,2.152150,10,0.587004,619.947,227.081
130,2.168833,4,0.362647,568.901,486.068
130,2.168833,5,0.277911,564.746,226.868
130,2.168833,8,0.717737,665.655,357.695
130,2.168833,9,0.504239,609.864,297.513
130,2.168833,10,0.562491,621.428,224.316
131,2.185517,4,0.253242,571.142,482.692
131,2.185517,5,0.350324,563.222,232.416
131,2.185517,8,0.648895,667.308,370.151
131,2.185517,9,0.790640,608.583,287.847
131,2.185517,10,0.534679,622.430,222.180
132,2.202200,4,0.253242,572.974,484.522
132,2.202200,5,0.422773,561.603,237.970
132,2.202200,8,0.729797,668.264,381.189
132,2.202200,9,0.835525,607.123,278.868
132,2.202200,10,0.712496,623.063,220.844
133,2.218883,4,0.200895,575.157,471.293
133,2.218883,5,0.547542,560.018,244.095
133,2.218883,8,0.622866,668.802,391.292
133,2.218883,9,0.779200,605.662,270.685
133,2.218883,10,0.606936,624.349,219.756
134,2.235567,4,0.389778,577.868,456.120
134,2.235567,5,0.604805,558.781,250.902
134,2.235567,8,0.570195,668.901,400.260
134,2.235567,9,0.696875,604.309,263.189
134,2.235567,10,0.550342,625.689,219.153
135,2.252250,4,0.733440,580.670,439.472
135,2.252250,5,0.832616,557.325,258.127
135,2.252250,8,0.766332,668.632,409.080
135,2.252250,9,0.799691,602.914,255.875
135,2.252250,10,0.704072,626.859,219.108
136,2.268933,4,0.622575,583.337,421.676
136,2.268933,5,0.742555,556.009,266.107
136,2.268933,8,0.688876,667.969,417.621
136,2.268933,9,0.513927,601.712,249.122
136,2.268933,10,0.555775,628.251,219.303
137,2.285617,4,0.690451,585.311,403.901
137,2.285617,5,0.596511,554.791,274.683
137,2.285617,8,0.653563,666.255,426.754
137,2.285617,9,0.326890,599.827,242.464
137,2.285617,10,0.537666,629.703,220.481
138,2.302300,4,0.690451,587.602,391.103
138,2.302300,5,0.594595,553.417,283.799
138,2.302300,8,0.321548,663.797,435.228
138,2.302300,9,0.556404,598.612,236.862
138,2.302300,10,0.609687,630.731,222.035
139,2.318983,4,0.295643,588.829,374.016
139,2.318983,5,0.472129,551.760,293.883
139,2.318983,8,0.165193,659.708,444.283
139,2.318983,9,0.372802,597.515,231.710
139,2.318983,10,0.514652,631.681,223.791
140,2.335667,4,0.295643,590.837,360.080
140,2.335667,5,0.608596,550.016,304.103
140,2.335667,8,0.165193,658.016,453.413
140,2.335667,9,0.613423,595.779,226.934
140,2.335667,10,0.592849,633.074,226.266
141,2.352350,4,0.295643,592.846,346.144
141,2.352350,5,0.591621,548.153,315.085
141,2.352350,8,0.245374,652.252,461.278
141,2.352350,9,0.665814,594.343,222.934
141,2.352350,10,0.669848,634.249,228.646
142,2.369033,4,0.427108,595.238,331.947
142,2.369033,5,0.429514,546.586,326.284
142,2.369033,8,0.447206,646.956,468.489
142,2.369033,9,0.684113,592.952,219.382
142,2.369033,10,0.630885,635.546,231.826
143,2.385717,4,0.427108,597.348,317.942
143,2.385717,5,0.332136,545.264,338.484
143,2.385717,8,0.325924,642.091,473.910
143,2.385717,9,0.754565,591.426,216.375
143,2.385717,10,0.675811,636.972,235.507
144,2.402400,4,0.399834,599.365,306.181
144,2.402400,5,0.643336,543.866,351.428
144,2.402400,8,0.204082,637.788,476.404
144,2.402400,9,0.423931,590.239,213.606
144,2.402400,10,0.408300,639.112,240.104
145,2.419083,4,0.708402,601.507,295.831
145,2.419083,5,0.818307,542.382,364.744
145,2.419083,8,0.204082,633.840,482.642
145,2.419083,9,0.456063,589.128,211.889
145,2.419083,10,0.491818,641.001,245.351
146,2.435767,4,0.575998,603.620,285.865
146,2.435767,5,0.858857,541.070,378.121
146,2.435767,8,0.597396,630.546,475.087
146,2.435767,9,0.583536,588.087,210.226
146,2.435767,10,0.522502,642.223,250.946
147,2.452450,4,0.698761,605.385,276.700
147,2.452450,5,0.162428,539.662,391.115
147,2.452450,8,0.441120,627.749,464.682
147,2.452450,9,0.821321,587.065,209.150
147,2.452450,10,0.740427,643.699,257.094
148,2.469133,4,0.708467,607.174,268.094
148,2.469133,5,0.377593,538.542,403.866
148,2.469133,8,0.854375,625.646,451.152
148,2.469133,9,0.772792,586.109,208.714
148,2.469133,10,0.663620,644.875,263.499
149,2.485817,4,0.688523,608.989,261.005
149,2.485817,5,0.635148,537.642,414.545
149,2.485817,8,0.605737,623.792,435.420
149,2.485817,9,0.528962,585.004,208.826
149,2.485817,10,0.720075,645.914,270.851
150,2.502500,4,0.321228,610.427,254.188
150,2.502500,5,0.491858,537.314,423.387
150,2.502500,8,0.739373,622.031,419.076
150,2.502500,9,0.306389,583.514,209.350
150,2.502500,10,0.561776,647.430,278.575
151,2.519183,4,0.537831,612.465,247.728
151,2.519183,5,0.681647,538.089,432.767
151,2.519183,8,0.817109,620.522,402.005
151,2.519183,9,0.282734,582.341,210.284
151,2.519183,10,0.578224,649.109,287.070
152,2.535867,4,0.422316,614.111,241.772
152,2.535867,5,0.681647,537.566,443.454
152,2.535867,8,0.817109,618.268,390.359
152,2.535867,9,0.282734,581.136,209.886
152,2.535867,10,0.536219,650.494,295.711
153,2.552550,4,0.408838,616.333,235.638
153,2.552550,5,0.681647,537.044,454.141
153,2.552550,8,0.162596,617.024,372.099
153,2.552550,9,0.250667,579.428,213.032
153,2.552550,10,0.627261,651.653,305.158
154,2.569233,4,0.713091,618.252,230.551
154,2.569233,5,0.237241,542.093,457.894
154,2.569233,8,0.407115,616.030,355.043
154,2.569233,9,0.605403,578.033,216.663
154,2.569233,10,0.283688,653.136,315.382
155,2.585917,4,0.799872,620.041,225.953
155,2.585917,5,0.237241,543.049,466.741
155,2.585917,8,0.407115,614.308,340.672
155,2.585917,9,0.620561,576.741,220.634
155,2.585917,10,0.716275,654.227,325.937
156,2.602600,4,0.597146,621.823,221.944
156,2.602600,5,0.237241,544.006,475.588
156,2.602600,8,0.500879,612.781,326.362
156,2.602600,9,0.558068,575.448,224.904
156,2.602600,10,0.718853,655.459,336.996
157,2.619283,4,0.622709,623.279,218.553
157,2.619283,5,0.268556,551.048,478.451
157,2.619283,8,0.592215,610.921,313.753
157,2.619283,9,0.179499,573.980,229.857
157,2.619283,10,0.745047,656.943,348.312
158,2.635967,4,0.569611,624.871,215.255
158,2.635967,5,0.346684,556.639,480.257
158,2.635967,8,0.677923,609.245,302.386
158,2.635967,9,0.457392,572.834,234.808
158,2.635967,10,0.738329,658.298,359.660
159,2.652650,4,0.467133,626.362,212.769
159,2.652650,5,0.273063,561.764,480.535
159,2.652650,8,0.635124,607.808,291.892
159,2.652650,9,0.225869,571.372,240.420
159,2.652650,10,0.581646,659.370,371.929
160,2.669333,4,0.368246,628.057,210.672
160,2.669333,5,0.301579,565.774,478.336
160,2.669333,8,0.285052,605.993,282.076
160,2.669333,9,0.385260,569.746,246.441
160,2.669333,10,0.605050,660.585,382.371
161,2.686017,4,0.422040,629.706,209.191
161,2.686017,5,0.301579,569.657,480.943
161,2.686017,8,0.365450,604.376,272.976
161,2.686017,9,0.163049,568.214,252.991
161,2.686017,10,0.580295,661.410,391.431
162,2.702700,4,0.513753,630.905,208.401
162,2.702700,5,0.261532,572.980,469.306
162,2.702700,8,0.542601,602.910,264.508
162,2.702700,9,0.624995,566.607,260.219
162,2.702700,10,0.733067,662.175,398.898
163,2.719383,4,0.717328,632.771,208.269
163,2.719383,5,0.571813,576.419,455.520
163,2.719383,8,0.754231,601.031,256.540
163,2.719383,9,0.802727,565.411,267.758
163,2.719383,10,0.720075,662.298,407.055
164,2.736067,4,0.752378,634.596,208.462
164,2.736067,5,0.734531,579.317,440.244
164,2.736067,8,0.746287,599.244,249.583
164,2.736067,9,0.647249,564.001,276.164
164,2.736067,10,0.520448,661.664,414.325
165,2.752750,4,0.612221,636.088,208.949
165,2.752750,5,0.558018,581.917,423.107
165,2.752750,8,0.699968,597.742,242.768
165,2.752750,9,0.412213,562.567,284.668
165,2.752750,10,0.356092,660.325,422.272
166,2.769433,4,0.536511,637.850,209.937
166,2.769433,5,0.549209,584.410,405.682
166,2.769433,8,0.648129,595.994,236.261
166,2.769433,9,0.225997,561.020,294.206
166,2.769433,10,0.562027,658.555,431.325
167,2.786117,4,0.408913,639.485,211.712
167,2.786117,5,0.777034,586.332,388.747
167,2.786117,8,0.639575,594.717,230.797
167,2.786117,9,0.469326,559.514,304.128
167,2.786117,10,0.198679,655.824,441.119
168,2.802800,4,0.498700,641.311,213.740
168,2.802800,5,0.388401,587.425,373.553
168,2.802800,8,0.614692,593.142,225.258
168,2.802800,9,0.373560,558.139,314.763
168,2.802800,10,0.198679,654.728,450.061
169,2.819483,4,0.614450,643.271,216.352
169,2.819483,5,0.366062,589.002,359.146
169,2.819483,8,0.493287,591.412,220.349
169,2.819483,9,0.478275,556.704,325.823
169,2.819483,10,0.198679,653.632,459.004
170,2.836167,4,0.352939,644.774,219.446
170,2.836167,5,0.185572,589.794,344.915
170,2.836167,8,0.479860,590.008,216.135
170,2.836167,9,0.427566,555.441,337.770
170,2.836167,10,0.263175,649.002,467.164
171,2.852850,4,0.187329,646.525,223.138
171,2.852850,5,0.185572,591.554,330.892
171,2.852850,8,0.305269,588.402,212.507
171,2.852850,9,0.645911,554.172,350.139
171,2.852850,10,0.205754,644.467,473.325
172,2.869533,4,0.399959,648.454,227.642
172,2.869533,5,0.592344,593.049,319.194
172,2.869533,8,0.501301,586.910,209.249
172,2.869533,9,0.603308,552.451,362.785
172,2.869533,10,0.156100,640.145,475.758
173,2.886217,4,0.245721,650.453,232.624
173,2.886217,5,0.366931,594.921,307.996
173,2.886217,8,0.213498,585.513,206.499
173,2.886217,9,0.529044,550.757,375.723
173,2.886217,10,0.156100,637.016,482.319
174,2.902900,4,0.492805,652.591,238.370
174,2.902900,5,0.591650,596.424,297.954
174,2.902900,8,0.568771,583.261,204.362
174,2.902900,9,0.597002,549.119,389.625
174,2.902900,10,0.219328,633.287,475.277
175,2.919583,4,0.510450,654.403,244.322
175,2.919583,5,0.657158,597.882,288.828
175,2.919583,8,0.507961,581.574,203.011
175,2.919583,9,0.736969,547.558,402.069
175,2.919583,10,0.187970,630.246,465.919
176,2.936267,4,0.545265,656.358,250.791
176,2.936267,5,0.481475,599.438,280.245
176,2.936267,8,0.353470,579.812,201.903
176,2.936267,9,0.725313,546.000,412.907
176,2.936267,10,0.728580,627.684,453.542
177,2.952950,4,0.417553,658.063,258.041
177,2.952950,5,0.434703,600.921,272.309
177,2.952950,8,0.276105,578.173,200.964
177,2.952950,9,0.275039,544.689,424.765
177,2.952950,10,0.823702,625.960,439.003
178,2.969633,4,0.486338,659.933,265.718
178,2.969633,5,0.649611,602.452,265.166
178,2.969633,8,0.534703,576.824,200.977
178,2.969633,9,0.641875,544.153,434.956
178,2.969633,10,0.290086,624.470,424.290
179,2.986317,4,0.582458,661.730,273.846
179,2.986317,5,0.598189,604.131,258.392
179,2.986317,8,0.776026,575.135,201.840
179,2.986317,9,0.557187,543.803,442.562
179,2.986317,10,0.655510,622.752,406.383
180,3.003000,4,0.413584,663.087,282.575
180,3.003000,5,0.413502,605.281,252.158
180,3.003000,8,0.500641,573.664,203.088
180,3.003000,9,0.424858,544.105,450.038
180,3.003000,10,0.807330,621.357,388.329
181,3.019683,4,0.437782,664.765,291.714
181,3.019683,5,0.496764,606.449,246.162
181,3.019683,8,0.761229,571.748,204.612
181,3.019683,9,0.326832,545.231,457.503
181,3.019683,10,0.557616,620.464,371.641
182,3.036367,4,0.299782,666.728,301.529
182,3.036367,5,0.426779,608.231,241.310
182,3.036367,8,0.443430,569.826,206.878
182,3.036367,9,0.326832,545.049,466.573
182,3.036367,10,0.668340,619.723,355.987
183,3.053050,4,0.299782,668.500,309.820
183,3.053050,5,0.210238,609.641,236.457
183,3.053050,8,0.189176,568.166,209.405
183,3.053050,9,0.233873,548.150,473.639
183,3.053050,10,0.535718,618.478,342.194
184,3.069733,4,0.682854,670.404,321.409
184,3.069733,5,0.395216,610.737,232.460
184,3.069733,8,0.457805,566.437,212.619
184,3.069733,9,0.171723,551.648,477.887
184,3.069733,10,0.559156,617.214,327.893
185,3.086417,4,0.756251,672.095,333.446
185,3.086417,5,0.718604,612.404,228.578
185,3.086417,8,0.610051,564.489,216.263
185,3.086417,9,0.177469,555.194,483.245
185,3.086417,10,0.798435,616.333,315.712
186,3.103100,4,0.694191,673.831,345.909
186,3.103100,5,0.394132,613.563,225.217
186,3.103100,8,0.202020,562.623,220.298
186,3.103100,9,0.177469,557.189,490.102
186,3.103100,10,0.565484,615.342,304.690
187,3.119783,4,0.163805,675.444,358.733
187,3.119783,5,0.491222,614.990,222.360
187,3.119783,8,0.278750,560.921,224.728
187,3.119783,9,0.177469,559.184,496.960
187,3.119783,10,0.349530,614.055,294.210
188,3.136467,4,0.729650,677.044,372.275
188,3.136467,5,0.390653,616.422,220.025
188,3.136467,8,0.541691,559.210,230.588
188,3.136467,9,0.302055,563.324,492.890
188,3.136467,10,0.521722,612.736,284.373
189,3.153150,4,0.680335,678.868,384.249
189,3.153150,5,0.740326,618.083,218.216
189,3.153150,8,0.595460,557.553,236.156
189,3.153150,9,0.505708,567.107,484.954
189,3.153150,10,0.624812,611.554,275.121
190,3.169833,4,0.492641,679.966,395.220
190,3.169833,5,0.769855,619.720,217.114
190,3.169833,8,0.490333,555.858,242.426
190,3.169833,9,0.226117,570.276,473.880
190,3.169833,10,0.664986,610.520,266.514
191,3.186517,4,0.196456,681.074,405.730
191,3.186517,5,0.680626,621.377,216.473
191,3.186517,8,0.725030,554.492,249.457
191,3.186517,9,0.226117,573.238,471.530
191,3.186517,10,0.639382,609.520,258.388
192,3.203200,4,0.598811,680.747,414.450
192,3.203200,5,0.549312,622.684,216.383
192,3.203200,8,0.572138,552.624,256.876
192,3.203200,9,0.161822,575.187,453.998
192,3.203200,10,0.482790,608.705,250.896
193,3.219883,4,0.575882,679.010,423.152
193,3.219883,5,0.618088,623.986,216.988
193,3.219883,8,0.673797,550.538,265.141
193,3.219883,9,0.680913,577.958,435.518
193,3.219883,10,0.596230,607.458,243.929
194,3.236567,4,0.429361,676.504,431.088
194,3.236567,5,0.428080,625.749,218.107
194,3.236567,8,0.595860,548.303,273.978
194,3.236567,9,0.720626,580.158,416.456
194,3.236567,10,0.440946,606.251,237.550
195,3.253250,4,0.239849,671.834,440.175
195,3.253250,5,0.400086,626.875,219.307
195,3.253250,8,0.527570,546.440,283.063
195,3.253250,9,0.721594,581.916,398.189
195,3.253250,10,0.312546,604.865,231.619
196,3.269933,4,0.239849,670.242,449.596
196,3.269933,5,0.457248,628.073,221.434
196,3.269933,8,0.557399,544.414,293.386
196,3.269933,9,0.430343,583.711,381.097
196,3.269933,10,0.403497,603.611,226.626
197,3.286617,4,0.239849,668.650,459.017
197,3.286617,5,0.296977,629.671,224.144
197,3.286617,8,0.358617,542.577,303.958
197,3.286617,9,0.522582,584.908,364.798
197,3.286617,10,0.356777,603.073,221.712
198,3.303300,4,0.239849,667.058,468.438
198,3.303300,5,0.730151,630.772,227.484
198,3.303300,8,0.432520,540.868,314.974
198,3.303300,9,0.651507,585.825,349.991
198,3.303300,10,0.653748,601.941,217.588
199,3.319983,4,0.239849,665.466,477.859
199,3.319983,5,0.725198,632.111,231.560
199,3.319983,8,0.474102,538.703,326.626
199,3.319983,9,0.702539,586.738,336.141
199,3.319983,10,0.598041,600.486,213.939
200,3.336667,4,0.252695,654.512,481.216
200,3.336667,5,0.602463,633.525,235.927
200,3.336667,8,0.697133,537.009,338.827
200,3.336667,9,0.620490,587.838,323.377
200,3.336667,10,0.729990,599.011,210.740
201,3.353350,4,0.187166,645.713,482.429
201,3.353350,5,0.273537,634.769,240.801
201,3.353350,8,0.535971,534.949,351.656
201,3.353350,9,0.412469,589.435,311.368
201,3.353350,10,0.307241,597.892,208.261
202,3.370033,4,0.187166,640.383,488.489
202,3.370033,5,0.195279,636.091,245.713
202,3.370033,8,0.413412,532.867,365.231
202,3.370033,9,0.372221,590.763,300.534
202,3.370033,10,0.430756,596.841,206.086
203,3.386717,4,0.279233,634.062,479.286
203,3.386717,5,0.516892,637.730,251.423
203,3.386717,8,0.645101,530.868,379.091
203,3.386717,9,0.568451,592.067,290.552
203,3.386717,10,0.671378,595.618,204.547
204,3.403400,4,0.279233,628.469,481.296
204,3.403400,5,0.675973,639.252,258.136
204,3.403400,8,0.562285,528.759,391.406
204,3.403400,9,0.532536,592.967,281.217
204,3.403400,10,0.713689,594.733,203.411
205,3.420083,4,0.483910,625.049,463.506
205,3.420083,5,0.373432,640.750,265.142
205,3.420083,8,0.203280,526.777,402.436
205,3.420083,9,0.327505,594.361,272.563
205,3.420083,10,0.336923,593.584,202.660
206,3.436767,4,0.631674,622.644,444.351
206,3.436767,5,0.321139,642.464,272.921
206,3.436767,8,0.563282,525.419,412.231
206,3.436767,9,0.372638,595.434,264.568
206,3.436767,10,0.476468,592.281,202.522
207,3.453450,4,0.615729,620.745,424.802
207,3.453450,5,0.195308,643.717,281.135
207,3.453450,8,0.216980,525.191,421.917
207,3.453450,9,0.389244,596.176,256.969
207,3.453450,10,0.505283,590.971,202.949
208,3.470133,4,0.746258,619.188,405.393
208,3.470133,5,0.242483,645.040,289.456
208,3.470133,8,0.441966,525.845,430.605
208,3.470133,9,0.426458,596.837,249.830
208,3.470133,10,0.410428,589.878,203.808
209,3.486817,4,0.746258,616.071,392.401
209,3.486817,5,0.296223,646.817,298.687
209,3.486817,8,0.441966,524.986,440.963
209,3.486817,9,0.371078,597.757,243.133
209,3.486817,10,0.231973,588.808,205.227
210,3.503500,4,0.192302,615.269,373.257
210,3.503500,5,0.648065,648.199,307.976
210,3.503500,8,0.621232,528.930,448.980
210,3.503500,9,0.469470,598.684,236.983
210,3.503500,10,0.424243,587.731,207.401
211,3.520183,4,0.609993,614.874,356.384
211,3.520183,5,0.409187,649.833,318.290
211,3.520183,8,0.587841,533.527,456.627
211,3.520183,9,0.520441,599.563,231.844
211,3.520183,10,0.429726,586.653,209.951
212,3.536867,4,0.371211,614.127,341.188
212,3.536867,5,0.638040,651.062,329.269
212,3.536867,8,0.758296,538.204,464.525
212,3.536867,9,0.519355,600.283,227.109
212,3.536867,10,0.454100,585.772,213.026
213,3.553550,4,0.388431,613.397,326.473
213,3.553550,5,0.672118,652.330,340.359
213,3.553550,8,0.327016,543.590,471.302
213,3.553550,9,0.326036,601.400,222.714
213,3.553550,10,0.509830,584.667,216.871
214,3.570233,4,0.639140,611.750,313.148
214,3.570233,5,0.720620,653.701,352.689
214,3.570233,8,0.327016,546.754,479.596
214,3.570233,9,0.629178,602.793,218.697
214,3.570233,10,0.453399,583.188,221.060
215,3.586917,4,0.673860,610.153,301.418
215,3.586917,5,0.745971,654.954,365.226
215,3.586917,8,0.327016,549.918,487.889
215,3.586917,9,0.435489,603.837,214.923
215,3.586917,10,0.459920,582.100,226.114
216,3.603600,4,0.595194,608.703,290.644
216,3.603600,5,0.743951,656.548,377.864
216,3.603600,8,0.327016,553.083,496.183
216,3.603600,9,0.551796,604.677,211.880
216,3.603600,10,0.423166,581.018,231.714
217,3.620283,4,0.714884,607.151,280.729
217,3.620283,5,0.602367,658.118,390.980
217,3.620283,8,0.327016,556.247,504.476
217,3.620283,9,0.747784,605.894,209.308
217,3.620283,10,0.629231,579.837,237.522
218,3.636967,4,0.669979,605.505,271.657
218,3.636967,5,0.404478,658.697,402.270
218,3.636967,8,0.327016,559.411,512.770
218,3.636967,9,0.764058,607.021,207.659
218,3.636967,10,0.607267,578.493,243.814
219,3.653650,4,0.661106,604.035,263.157
219,3.653650,5,0.539052,658.526,411.876
219,3.653650,8,0.220766,565.268,501.018
219,3.653650,9,0.756537,608.318,206.332
219,3.653650,10,0.624542,577.199,250.670
220,3.670333,4,0.689777,602.288,255.125
220,3.670333,5,0.398808,657.666,420.408
220,3.670333,8,0.320948,569.848,487.064
220,3.670333,9,0.739474,609.371,205.654
220,3.670333,10,0.758847,575.750,257.800
221,3.687017,4,0.768764,600.209,247.811
221,3.687017,5,0.398808,658.065,430.873
221,3.687017,8,0.273286,573.120,471.270
221,3.687017,9,0.699406,610.647,205.555
221,3.687017,10,0.666298,574.334,265.918
222,3.703700,4,0.740129,598.633,240.712
222,3.703700,5,0.398808,658.465,441.338
222,3.703700,8,0.273286,576.975,465.963
222,3.703700,9,0.592009,611.875,205.865
222,3.703700,10,0.655271,573.158,274.444
223,3.720383,4,0.583180,597.063,234.496
223,3.720383,5,0.398808,658.864,451.803
223,3.720383,8,0.208927,579.001,444.760
223,3.720383,9,0.305585,612.879,206.612
223,3.720383,10,0.236450,572.066,283.652
224,3.737067,4,0.389844,595.767,228.438
224,3.737067,5,0.398808,659.263,462.268
224,3.737067,8,0.589941,580.342,423.313
224,3.737067,9,0.250075,613.803,208.011
224,3.737067,10,0.345921,570.814,293.648
225,3.753750,4,0.164869,594.438,222.896
225,3.753750,5,0.219374,652.930,466.562
225,3.753750,8,0.504407,581.391,403.562
225,3.753750,9,0.150298,615.166,209.368
225,3.753750,10,0.430749,569.389,303.855
226,3.770433,4,0.191725,592.609,217.815
226,3.770433,5,0.219374,651.542,475.390
226,3.770433,8,0.602958,582.502,385.493
226,3.770433,9,0.179931,616.086,211.737
226,3.770433,10,0.483991,568.132,314.847
227,3.787117,4,0.300236,590.751,213.282
227,3.787117,5,0.272147,644.963,478.416
227,3.787117,8,0.607329,583.382,368.902
227,3.787117,9,0.373261,617.524,214.627
227,3.787117,10,0.182719,566.894,326.508
228,3.803800,4,0.243925,589.238,209.427
228,3.803800,5,0.261717,639.017,480.611
228,3.803800,8,0.528176,584.024,353.838
228,3.803800,9,0.326835,618.525,218.182
228,3.803800,10,0.647358,565.563,338.969
229,3.820483,4,0.217168,587.885,206.032
229,3.820483,5,0.261717,635.408,486.547
229,3.820483,8,0.379693,585.008,339.793
229,3.820483,9,0.188493,619.616,222.265
229,3.820483,10,0.580910,564.214,351.771
230,3.837167,4,0.217168,586.337,201.163
230,3.837167,5,0.261717,631.799,492.484
230,3.837167,8,0.403693,586.118,326.369
230,3.837167,9,0.204551,620.464,226.709
230,3.837167,10,0.564881,562.988,364.673
231,3.853850,4,0.352667,585.073,199.341
231,3.853850,5,0.261717,628.189,498.420
231,3.853850,8,0.455834,587.320,314.381
231,3.853850,9,0.346116,621.475,232.125
231,3.853850,10,0.544521,561.611,377.464
232,3.870533,4,0.179898,583.356,198.251
232,3.870533,8,0.183018,588.772,303.300
232,3.870533,9,0.346116,622.515,235.791
232,3.870533,10,0.404514,560.075,391.570
233,3.887217,4,0.179898,581.819,194.979
233,3.887217,8,0.194731,590.161,293.308
233,3.887217,9,0.285452,623.219,242.455
233,3.887217,10,0.520849,558.388,404.757
234,3.903900,4,0.179898,580.281,191.707
234,3.903900,8,0.194731,591.485,280.945
234,3.903900,9,0.300988,623.812,249.545
234,3.903900,10,0.161735,556.908,415.380
235,3.920583,4,0.179898,578.744,188.436
235,3.920583,8,0.194731,592.809,268.582
235,3.920583,9,0.300988,624.667,254.704
235,3.920583,10,0.161735,555.448,427.531
236,3.937267,4,0.179898,577.206,185.164
236,3.937267,8,0.210758,594.501,261.907
236,3.937267,9,0.258001,625.821,263.113
236,3.937267,10,0.161735,553.989,439.681
237,3.953950,4,0.160914,575.483,190.106
237,3.953950,8,0.589649,595.817,255.308
237,3.953950,9,0.539588,626.745,271.901
237,3.953950,10,0.161735,552.529,451.831
238,3.970633,4,0.188779,573.609,194.932
238,3.970633,8,0.220113,597.264,249.021
238,3.970633,9,0.220215,627.662,281.349
238,3.970633,10,0.307283,553.012,458.715
239,3.987317,4,0.188779,571.946,195.410
239,3.987317,8,0.186343,598.539,242.681
239,3.987317,9,0.220215,628.590,288.820
239,3.987317,10,0.307283,552.068,469.467
240,4.004000,4,0.495629,570.325,200.569
240,4.004000,8,0.366702,599.983,236.583
240,4.004000,9,0.300605,629.619,299.939
240,4.004000,10,0.307283,551.124,480.220
241,4.020683,4,0.283678,568.402,205.420
241,4.020683,8,0.465914,601.508,231.285
241,4.020683,9,0.615183,630.523,311.443
241,4.020683,10,0.307283,550.180,490.973
242,4.037367,4,0.554944,566.730,210.061
242,4.037367,8,0.760670,603.100,226.148
242,4.037367,9,0.680844,631.308,322.834
243,4.054050,4,0.509254,565.020,214.303
243,4.054050,8,0.457894,604.621,221.311
243,4.054050,9,0.576725,632.383,334.515
244,4.070733,4,0.184370,563.489,218.885
244,4.070733,8,0.457894,606.105,215.251
244,4.070733,9,0.553440,633.210,346.782
245,4.087417,4,0.398493,562.026,224.077
245,4.087417,8,0.337226,607.476,212.167
245,4.087417,9,0.455192,634.481,359.534
246,4.104100,4,0.250475,560.143,229.498
246,4.104100,8,0.418952,609.044,209.716
246,4.104100,9,0.661581,635.736,372.493
247,4.120783,4,0.482679,558.295,235.574
247,4.120783,8,0.215210,610.032,207.550
247,4.120783,9,0.661581,636.810,384.263
247,4.120783,11,0.341665,601.010,290.231
248,4.137467,4,0.586744,556.680,242.088
248,4.137467,8,0.729477,611.273,205.154
248,4.137467,9,0.324938,637.938,398.056
248,4.137467,11,0.535913,599.185,280.663
249,4.154150,4,0.744057,555.334,249.322
249,4.154150,8,0.759120,612.456,203.599
249,4.154150,9,0.324938,639.027,410.363
249,4.154150,11,0.499662,597.290,270.913
250,4.170833,4,0.748889,553.719,257.502
250,4.170833,8,0.416893,613.541,202.707
250,4.170833,9,0.165932,638.933,423.739
250,4.170833,11,0.719744,595.831,262.080
251,4.187517,4,0.426519,551.513,265.836
251,4.187517,8,0.380641,614.751,202.361
251,4.187517,9,0.322820,638.277,432.629
251,4.187517,11,0.449992,594.097,254.061
252,4.204200,4,0.496605,549.777,274.800
252,4.204200,8,0.504161,616.399,202.487
252,4.204200,9,0.209395,637.308,440.938
252,4.204200,11,0.478015,591.965,246.416
253,4.220883,4,0.611458,548.007,284.647
253,4.220883,8,0.714942,617.860,203.264
253,4.220883,9,0.155518,635.517,449.669
253,4.220883,11,0.539544,590.256,240.166
254,4.237567,4,0.412165,546.420,295.236
254,4.237567,8,0.518965,618.945,204.284
254,4.237567,9,0.163436,634.031,458.155
254,4.237567,11,0.276425,588.747,234.585
255,4.254250,4,0.370168,544.797,305.289
255,4.254250,8,0.533336,620.213,205.698
255,4.254250,9,0.152137,632.641,465.791
255,4.254250,11,0.326522,587.538,230.100
255,4.254250,12,0.603737,576.648,370.546
256,4.270933,4,0.412063,542.717,316.261
256,4.270933,8,0.643465,621.330,208.267
256,4.270933,9,0.310646,631.274,472.939
256,4.270933,11,0.738370,586.188,225.933
256,4.270933,12,0.361617,578.681,353.858
257,4.287617,4,0.509018,540.870,327.939
257,4.287617,8,0.178778,622.347,210.539
257,4.287617,9,0.310646,630.248,481.584
257,4.287617,11,0.295465,584.673,222.372
257,4.287617,12,0.638221,580.988,338.933
258,4.304300,4,0.569968,538.995,339.899
258,4.304300,8,0.490838,623.265,213.302
258,4.304300,9,0.310646,629.223,490.229
258,4.304300,11,0.309484,582.449,219.132
258,4.304300,12,0.557865,582.940,325.235
259,4.320983,4,0.213106,537.412,352.820
259,4.320983,8,0.197875,624.224,217.292
259,4.320983,9,0.310646,628.197,498.874
259,4.320983,11,0.309484,580.761,214.473
259,4.320983,12,0.371766,585.338,313.073
260,4.337667,4,0.607323,535.343,366.523
260,4.337667,8,0.229246,625.516,221.851
260,4.337667,9,0.310646,627.172,507.520
260,4.337667,11,0.309484,579.073,209.814
260,4.337667,12,0.477944,587.166,301.629
261,4.354350,4,0.309969,533.353,380.492
261,4.354350,8,0.477210,626.584,226.592
261,4.354350,9,0.310646,626.146,516.165
261,4.354350,11,0.327857,578.085,210.423
261,4.354350,12,0.539900,588.726,290.997
262,4.371033,4,0.481853,531.581,395.074
262,4.371033,8,0.567575,627.709,232.215
262,4.371033,11,0.392863,576.609,211.073
262,4.371033,12,0.313816,590.240,281.565
263,4.387717,4,0.553640,530.387,409.057
263,4.387717,8,0.388200,628.915,238.250
263,4.387717,11,0.267012,574.990,212.059
263,4.387717,12,0.231106,591.527,272.957
264,4.404400,4,0.705334,529.846,421.683
264,4.404400,8,0.474811,629.756,244.671
264,4.404400,11,0.254436,573.417,212.951
264,4.404400,12,0.337550,592.902,264.969
265,4.421083,4,0.716587,529.440,432.614
265,4.421083,8,0.380282,630.504,251.634
265,4.421083,11,0.339150,571.445,214.117
265,4.421083,12,0.418124,594.708,257.542
266,4.437767,4,0.551421,530.131,442.622
266,4.437767,8,0.386022,631.547,259.680
266,4.437767,11,0.288931,569.600,215.934
266,4.437767,12,0.509402,596.028,250.641
267,4.454450,4,0.680939,531.425,451.904
267,4.454450,8,0.594151,633.367,268.032
267,4.454450,11,0.611192,568.177,217.760
267,4.454450,12,0.662585,597.476,244.147
267,4.454450,13,0.740176,612.565,397.139
268,4.471133,4,0.262009,533.835,460.636
268,4.471133,8,0.598075,634.827,277.010
268,4.471133,11,0.401437,566.637,220.069
268,4.471133,12,0.570112,598.968,238.510
268,4.471133,13,0.533101,610.672,380.631
269,4.487817,4,0.395174,536.526,467.910
269,4.487817,8,0.653264,635.950,286.623
269,4.487817,11,0.530157,564.851,222.997
269,4.487817,12,0.625278,600.282,233.522
269,4.487817,13,0.198854,608.671,364.558
270,4.504500,4,0.470045,539.483,474.268
270,4.504500,8,0.649142,637.321,296.458
270,4.504500,11,0.523293,563.258,226.395
270,4.504500,12,0.655062,601.720,229.883
270,4.504500,13,0.198854,607.049,351.299
271,4.521183,4,0.470045,541.088,483.053
271,4.521183,8,0.581293,638.619,306.937
271,4.521183,11,0.251024,561.779,230.288
271,4.521183,12,0.541430,603.109,225.783
271,4.521183,13,0.198854,605.428,338.041
272,4.537867,4,0.470045,542.692,491.838
272,4.537867,8,0.743493,640.179,318.031
272,4.537867,11,0.675924,559.846,234.729
272,4.537867,12,0.650999,604.684,222.214
272,4.537867,13,0.821173,603.695,325.802
273,4.554550,4,0.470045,544.297,500.623
273,4.554550,8,0.657124,641.837,329.641
273,4.554550,11,0.276035,558.139,239.613
273,4.554550,12,0.262949,606.098,218.985
273,4.554550,13,0.477968,602.070,314.659
274,4.571233,4,0.470045,545.902,509.409
274,4.571233,8,0.466313,643.249,341.433
274,4.571233,11,0.333362,556.178,245.091
274,4.571233,12,0.414680,607.790,216.664
274,4.571233,13,0.502318,600.279,304.184
275,4.587917,4,0.318704,552.803,499.629
275,4.587917,8,0.594720,644.365,354.054
275,4.587917,11,0.500650,554.716,251.696
275,4.587917,12,0.364906,609.259,214.954
275,4.587917,13,0.354286,598.992,294.673
276,4.604600,4,0.440262,558.965,488.593
276,4.604600,8,0.328023,645.215,367.960
276,4.604600,11,0.683839,552.636,258.668
276,4.604600,12,0.504938,610.635,213.451
276,4.604600,13,0.412764,597.617,286.054
277,4.621283,4,0.319807,563.277,475.635
277,4.621283,8,0.765895,647.029,381.430
277,4.621283,11,0.730250,550.957,266.169
277,4.621283,12,0.643092,612.105,212.630
277,4.621283,13,0.563068,596.122,277.873
278,4.637967,4,0.355295,567.087,461.504
278,4.637967,8,0.357928,648.290,395.485
278,4.637967,11,0.462777,549.063,274.171
278,4.637967,12,0.447218,613.399,212.228
278,4.637967,13,0.582373,594.689,270.323
279,4.654650,4,0.170706,569.367,446.462
279,4.654650,8,0.325666,649.255,408.674
279,4.654650,11,0.269288,547.029,282.518
279,4.654650,12,0.476178,614.674,212.518
279,4.654650,13,0.639210,593.190,263.389
280,4.671333,4,0.549419,571.728,429.038
280,4.671333,8,0.391981,649.798,419.691
280,4.671333,11,0.683123,545.413,291.421
280,4.671333,12,0.702293,616.239,213.175
280,4.671333,13,0.756620,591.610,257.003
281,4.688017,4,0.728647,573.857,412.293
281,4.688017,8,0.461952,649.082,430.486
281,4.688017,11,0.588340,543.437,300.905
281,4.688017,12,0.645785,617.505,214.501
281,4.688017,13,0.739436,590.216,250.904
282,4.704700,4,0.728647,576.766,399.789
282,4.704700,8,0.412709,647.762,439.999
282,4.704700,11,0.676284,541.691,311.081
282,4.704700,12,0.663133,619.033,216.569
282,4.704700,13,0.501805,588.981,244.952
283,4.721383,4,0.589434,578.807,382.295
283,4.721383,8,0.412709,647.843,451.306
283,4.721383,11,0.239728,539.807,321.736
283,4.721383,12,0.532979,620.424,218.822
283,4.721383,13,0.370298,587.804,240.089
284,4.738067,4,0.451502,580.143,365.942
284,4.738067,8,0.439018,644.545,458.513
284,4.738067,11,0.736031,538.257,333.375
284,4.738067,12,0.739134,621.720,221.473
284,4.738067,13,0.699896,586.752,235.740
285,4.754750,4,0.714886,581.923,350.979
285,4.754750,8,0.439018,643.729,468.732
285,4.754750,11,0.769171,536.291,345.550
285,4.754750,12,0.665281,623.010,224.666
285,4.754750,13,0.650217,585.728,232.232
286,4.771433,4,0.671889,583.340,338.489
286,4.771433,8,0.439018,642.913,478.951
286,4.771433,11,0.682863,534.236,358.219
286,4.771433,12,0.735896,624.133,228.468
286,4.771433,13,0.372141,583.926,228.750
287,4.788117,4,0.787477,584.912,326.029
287,4.788117,8,0.439018,642.097,489.170
287,4.788117,11,0.815276,532.410,371.149
287,4.788117,12,0.715412,625.419,232.868
287,4.788117,13,0.583861,582.217,226.113
288,4.804800,4,0.513000,586.534,315.282
288,4.804800,8,0.197338,635.430,486.616
288,4.804800,11,0.749373,530.581,384.420
288,4.804800,12,0.700748,626.635,237.545
288,4.804800,13,0.617323,580.806,223.948
289,4.821483,4,0.700384,588.053,304.906
289,4.821483,8,0.197338,633.061,493.445
289,4.821483,11,0.485882,527.958,396.356
289,4.821483,12,0.695207,628.485,243.142
289,4.821483,13,0.179363,579.288,222.365
290,4.838167,4,0.252738,589.734,295.275
290,4.838167,8,0.401343,626.737,483.614
290,4.838167,11,0.456668,526.576,407.487
290,4.838167,12,0.587353,629.994,249.155
290,4.838167,13,0.153110,577.767,221.345
291,4.854850,4,0.439044,591.248,286.138
291,4.854850,8,0.636674,621.581,472.370
291,4.854850,11,0.662267,525.599,416.661
291,4.854850,12,0.546289,631.497,255.956
291,4.854850,13,0.473047,576.542,221.049
292,4.871533,4,0.286585,592.752,277.605
292,4.871533,8,0.511529,617.778,459.222
292,4.871533,11,0.636041,525.498,425.605
292,4.871533,12,0.584842,633.167,263.170
292,4.871533,13,0.208281,575.102,220.952
293,4.888217,4,0.679705,594.489,270.372
293,4.888217,8,0.453938,613.713,443.693
293,4.888217,11,0.515112,526.119,434.018
293,4.888217,12,0.718729,634.529,271.084
293,4.888217,13,0.403273,573.632,221.413
294,4.904900,4,0.796981,596.199,263.645
294,4.904900,8,0.479417,611.377,426.489
294,4.904900,11,0.154810,527.447,441.927
294,4.904900,12,0.737298,635.804,279.386
294,4.904900,13,0.492974,572.478,222.257
295,4.921583,4,0.852129,597.804,257.181
295,4.921583,8,0.624581,609.658,409.530
295,4.921583,11,0.676241,529.942,450.503
295,4.921583,12,0.817419,637.208,288.183
295,4.921583,13,0.660971,570.718,223.752
296,4.938267,4,0.616582,599.387,251.109
296,4.938267,8,0.730003,608.327,393.285
296,4.938267,11,0.633213,533.113,457.433
296,4.938267,12,0.841584,638.662,297.580
296,4.938267,13,0.780890,569.239,225.683
297,4.954950,4,0.402992,600.803,244.986
297,4.954950,8,0.218605,607.311,377.665
297,4.954950,11,0.189425,537.100,464.122
297,4.954950,12,0.788064,640.385,307.349
297,4.954950,13,0.468123,567.922,227.801
298,4.971633,4,0.530393,602.480,239.678
298,4.971633,8,0.218605,605.150,363.976
298,4.971633,11,0.189425,539.058,472.207
298,4.971633,12,0.196249,642.039,317.460
298,4.971633,13,0.352172,566.158,231.127
299,4.988317,4,0.607182,604.167,234.942
299,4.988317,8,0.218605,602.989,350.287
299,4.988317,11,0.416400,543.820,475.637
299,4.988317,12,0.744653,643.488,328.728
299,4.988317,13,0.641570,564.370,234.997
300,5.005000,4,0.594361,605.404,231.004
300,5.005000,8,0.529902,602.161,334.676
300,5.005000,11,0.416400,546.522,482.486
300,5.005000,12,0.742773,644.983,340.142
300,5.005000,13,0.529561,562.731,239.267
301,5.021683,4,0.704329,606.556,227.218
301,5.021683,8,0.567198,601.200,321.115
301,5.021683,11,0.416400,549.224,489.336
301,5.021683,12,0.594013,646.752,352.339
301,5.021683,13,0.686324,561.030,243.711
302,5.038367,4,0.732355,608.353,224.023
302,5.038367,8,0.524951,599.955,308.908
302,5.038367,11,0.416400,551.926,496.185
302,5.038367,12,0.796553,648.639,365.190
302,5.038367,13,0.634445,559.385,249.411
303,5.055050,4,0.248848,609.872,221.620
303,5.055050,8,0.511199,599.077,298.093
303,5.055050,11,0.416400,554.628,503.034
303,5.055050,12,0.698020,650.190,377.238
303,5.055050,13,0.553443,557.630,255.215
304,5.071733,4,0.305887,611.259,219.388
304,5.071733,8,0.312016,597.849,288.191
304,5.071733,11,0.416400,557.330,509.883
304,5.071733,12,0.628692,651.727,389.423
304,5.071733,13,0.465415,556.224,261.863
305,5.088417,4,0.637800,612.880,217.973
305,5.088417,8,0.567918,596.318,278.768
305,5.088417,12,0.448638,652.547,400.612
305,5.088417,13,0.768797,554.781,269.007
306,5.105100,4,0.630217,614.281,217.085
306,5.105100,8,0.497258,595.052,269.882
306,5.105100,12,0.448638,653.945,412.117
306,5.105100,13,0.617169,553.031,276.879
307,5.121783,4,0.438116,615.740,216.678
307,5.121783,8,0.484959,593.668,261.697
307,5.121783,12,0.174675,653.401,420.450
307,5.121783,13,0.512426,551.034,285.272
308,5.138467,4,0.487790,617.423,216.792
308,5.138467,8,0.511373,592.200,254.047
308,5.138467,12,0.417370,651.988,429.089
308,5.138467,13,0.486767,549.262,294.170
308,5.138467,14,0.499713,571.064,418.171
309,5.155150,4,0.364315,619.213,217.594
309,5.155150,8,0.242821,590.786,246.911
309,5.155150,12,0.300932,649.591,436.729
309,5.155150,13,0.278716,547.227,303.583
309,5.155150,14,0.321594,573.799,400.594
310,5.171833,4,0.354000,621.009,218.817
310,5.171833,8,0.242821,589.396,238.113
310,5.171833,12,0.300932,649.155,446.195
310,5.171833,13,0.355521,545.714,313.627
310,5.171833,14,0.321594,575.746,388.509
311,5.188517,4,0.539400,622.556,220.655
311,5.188517,8,0.365650,588.107,232.756
311,5.188517,12,0.300932,648.720,455.662
311,5.188517,13,0.504231,544.017,323.971
311,5.188517,14,0.718472,577.604,370.632
312,5.205200,4,0.540854,624.198,223.317
312,5.205200,8,0.251434,586.736,227.754
312,5.205200,12,0.300932,648.285,465.128
312,5.205200,13,0.506751,542.323,335.519
312,5.205200,14,0.504694,578.869,354.142
313,5.221883,4,0.636894,626.063,226.324
313,5.221883,8,0.251434,585.371,220.635
313,5.221883,12,0.300932,647.849,474.594
313,5.221883,13,0.482998,540.897,347.600
313,5.221883,14,0.617525,581.344,340.115
314,5.238567,4,0.282044,627.451,230.096
314,5.238567,8,0.251434,584.005,213.515
314,5.238567,12,0.300932,647.414,484.060
314,5.238567,13,0.696013,539.386,360.604
314,5.238567,14,0.594186,583.021,326.957
315,5.255250,4,0.616190,629.011,234.264
315,5.255250,8,0.191593,582.363,211.784
315,5.255250,13,0.632076,537.635,373.043
315,5.255250,14,0.752994,584.921,315.295
316,5.271933,4,0.424686,630.542,238.584
316,5.271933,8,0.188729,581.188,210.214
316,5.271933,13,0.597405,535.665,385.051
316,5.271933,14,0.520867,587.002,304.489
317,5.288617,4,0.475059,631.673,243.534
317,5.288617,8,0.188729,579.819,205.617
317,5.288617,13,0.497015,533.433,396.861
317,5.288617,14,0.427954,588.517,294.536
318,5.305300,4,0.713788,633.173,249.150
318,5.305300,8,0.510768,578.360,205.585
318,5.305300,13,0.512088,532.169,408.031
318,5.305300,14,0.359267,590.012,285.234
319,5.321983,4,0.751715,634.456,255.430
319,5.321983,8,0.611624,577.105,204.970
319,5.321983,13,0.284217,531.564,417.403
319,5.321983,14,0.548825,591.246,276.227
320,5.338667,4,0.537794,636.089,262.421
320,5.338667,8,0.663975,575.646,204.297
320,5.338667,13,0.369305,531.091,426.151
320,5.338667,14,0.464156,592.867,267.823
321,5.355350,4,0.470694,638.035,269.367
321,5.355350,8,0.538861,573.984,203.911
321,5.355350,13,0.450415,532.072,434.378
321,5.355350,14,0.552964,594.365,260.217
322,5.372033,4,0.220674,639.973,276.663
322,5.372033,8,0.517939,572.767,203.813
322,5.372033,13,0.266216,532.959,441.125
322,5.372033,14,0.466930,595.812,253.348
323,5.388717,4,0.661583,641.412,285.458
323,5.388717,8,0.704337,570.971,204.244
323,5.388717,13,0.230074,534.483,448.979
323,5.388717,14,0.653053,597.120,247.226
324,5.405400,4,0.366532,642.993,294.903
324,5.405400,8,0.593567,569.474,205.128
324,5.405400,13,0.230074,534.739,457.662
324,5.405400,14,0.638740,598.431,241.614
325,5.422083,4,0.589001,644.135,304.364
325,5.422083,8,0.579733,568.195,206.606
325,5.422083,13,0.230074,534.996,466.345
325,5.422083,14,0.711205,599.555,236.252
326,5.438767,4,0.244689,645.380,314.796
326,5.438767,8,0.579733,566.754,206.738
326,5.438767,13,0.230074,535.253,475.029
326,5.438767,14,0.348572,601.085,231.601
327,5.455450,4,0.603329,647.207,325.842
327,5.455450,8,0.381952,564.819,209.972
327,5.455450,13,0.315774,540.791,478.725
327,5.455450,14,0.562020,602.737,227.250
328,5.472133,4,0.771229,648.986,337.833
328,5.472133,8,0.340659,563.222,213.380
328,5.472133,13,0.315774,542.449,486.085
328,5.472133,14,0.562020,604.204,221.485
329,5.488817,4,0.241449,650.411,349.728
329,5.488817,8,0.288704,561.520,217.079
329,5.488817,13,0.315774,544.108,493.444
329,5.488817,14,0.562020,605.671,215.720
329,5.488817,15,0.236780,605.327,319.928
330,5.505500,4,0.697673,652.103,362.295
330,5.505500,8,0.353000,559.968,221.385
330,5.505500,13,0.315774,545.766,500.804
330,5.505500,14,0.262526,607.484,214.634
330,5.505500,15,0.527145,604.303,310.762
331,5.522183,4,0.702171,653.371,374.834
331,5.522183,8,0.611440,558.260,226.149
331,5.522183,14,0.566521,608.859,213.574
331,5.522183,15,0.372871,602.996,300.513
332,5.538867,4,0.288085,655.275,387.123
332,5.538867,8,0.503570,556.480,231.546
332,5.538867,14,0.405983,610.314,212.528
332,5.538867,15,0.198367,601.667,289.886
333,5.555550,4,0.288085,656.885,398.799
333,5.555550,8,0.539118,555.158,237.214
333,5.555550,14,0.550718,611.817,212.149
333,5.555550,15,0.254307,600.376,279.971
334,5.572233,4,0.210862,657.666,408.719
334,5.572233,8,0.213431,553.775,243.619
334,5.572233,14,0.535665,613.084,212.162
334,5.572233,15,0.441203,599.316,270.527
335,5.588917,4,0.213734,657.966,418.256
335,5.588917,8,0.543694,552.065,250.389
335,5.588917,14,0.578530,614.334,212.471
335,5.588917,15,0.574797,598.183,261.979
336,5.605600,4,0.213734,659.066,429.022
336,5.605600,8,0.515740,550.597,257.684
336,5.605600,14,0.665727,615.883,213.087
336,5.605600,15,0.437471,596.852,254.465
337,5.622283,4,0.262192,657.459,437.096
337,5.622283,8,0.699155,548.909,265.679
337,5.622283,14,0.825057,617.643,213.896
337,5.622283,15,0.753489,595.446,246.753
338,5.638967,4,0.620213,655.582,445.695
338,5.638967,8,0.550019,547.230,274.242
338,5.638967,14,0.627620,619.306,215.391
338,5.638967,15,0.595265,594.434,240.275
339,5.655650,4,0.371151,652.480,453.779
339,5.655650,8,0.395489,545.793,283.745
339,5.655650,14,0.570285,621.119,217.448
339,5.655650,15,0.272823,593.005,234.270
339,5.655650,16,0.606136,575.506,403.177
340,5.672333,4,0.371151,651.497,463.025
340,5.672333,8,0.208434,543.982,293.484
340,5.672333,14,0.647269,622.232,219.777
340,5.672333,15,0.489732,591.672,229.762
340,5.672333,16,0.618287,576.839,389.671
341,5.689017,4,0.371151,650.514,472.271
341,5.689017,8,0.500091,541.910,303.941
341,5.689017,14,0.555704,623.259,222.843
341,5.689017,15,0.542191,590.431,225.316
341,5.689017,16,0.468821,578.400,375.050
342,5.705700,4,0.371151,649.532,481.518
342,5.705700,8,0.360345,540.240,314.918
342,5.705700,14,0.699000,624.409,226.497
342,5.705700,15,0.562751,589.252,221.447
342,5.705700,16,0.522394,579.746,360.012
343,5.722383,4,0.371151,648.549,490.764
343,5.722383,8,0.323568,538.262,326.757
343,5.722383,14,0.374552,626.057,230.801
343,5.722383,15,0.254632,588.266,217.794
343,5.722383,16,0.224145,582.011,345.699
344,5.739067,4,0.247050,641.093,489.708
344,5.739067,8,0.640629,537.112,339.138
344,5.739067,14,0.613514,627.178,235.674
344,5.739067,15,0.670620,587.332,215.408
344,5.739067,16,0.574691,583.883,331.986
345,5.755750,4,0.247050,638.393,496.220
345,5.755750,8,0.627985,535.436,352.057
345,5.755750,14,0.613514,628.504,238.980
345,5.755750,15,0.481541,586.621,213.401
345,5.755750,16,0.466879,585.834,319.615
346,5.772433,4,0.160254,632.317,486.475
346,5.772433,8,0.647469,533.429,365.778
346,5.772433,14,0.646035,630.090,245.604
346,5.772433,15,0.623558,585.602,212.105
346,5.772433,16,0.701218,587.885,307.943
347,5.789117,4,0.235609,626.882,476.169
347,5.789117,8,0.602018,531.911,379.335
347,5.789117,14,0.504966,631.181,252.859
347,5.789117,15,0.350421,584.235,211.459
347,5.789117,16,0.498093,589.857,297.339
348,5.805800,4,0.311604,622.189,464.275
348,5.805800,8,0.565611,529.949,392.475
348,5.805800,14,0.531428,632.902,259.938
348,5.805800,15,0.219535,582.834,210.855
348,5.805800,16,0.515265,591.508,287.273
349,5.822483,4,0.636988,619.032,450.435
349,5.822483,8,0.642735,529.025,404.679
349,5.822483,14,0.636595,634.774,267.459
349,5.822483,15,0.310749,581.604,210.610
349,5.822483,16,0.454962,593.424,278.128
350,5.839167,4,0.640795,616.625,434.766
350,5.839167,8,0.813408,528.702,415.232
350,5.839167,14,0.796167,636.047,275.717
350,5.839167,15,0.573112,579.995,211.571
350,5.839167,16,0.796369,595.157,269.907
351,5.855850,4,0.640795,613.080,425.762
351,5.855850,8,0.695493,528.228,424.719
351,5.855850,14,0.498275,637.518,284.283
351,5.855850,15,0.308761,578.787,212.667
351,5.855850,16,0.700419,596.646,262.399
352,5.872533,4,0.640795,609.534,416.757
352,5.872533,8,0.682713,528.958,433.612
352,5.872533,14,0.486352,639.066,293.552
352,5.872533,15,0.379140,577.514,213.887
352,5.872533,16,0.657540,597.854,254.859
353,5.889217,4,0.640795,605.989,407.753
353,5.889217,8,0.614946,530.896,441.525
353,5.889217,14,0.562359,640.939,303.401
353,5.889217,15,0.473574,576.147,216.004
353,5.889217,16,0.619071,598.922,248.044
354,5.905900,4,0.205409,606.558,385.004
354,5.905900,8,0.714641,533.929,449.682
354,5.905900,14,0.666656,642.728,314.069
354,5.905900,15,0.663042,574.897,218.695
354,5.905900,16,0.584210,600.570,242.076
355,5.922583,4,0.205409,604.105,372.352
355,5.922583,8,0.411823,537.696,457.803
355,5.922583,14,0.455791,644.073,325.410
355,5.922583,15,0.543558,573.567,222.190
355,5.922583,16,0.561165,602.122,236.726
356,5.939267,4,0.242258,620.955,351.645
356,5.939267,8,0.154760,541.469,464.978
356,5.939267,14,0.274684,645.371,337.088
356,5.939267,15,0.360681,572.621,225.881
356,5.939267,16,0.357598,603.498,232.387
357,5.955950,4,0.553059,633.814,343.850
357,5.955950,8,0.154760,543.682,473.572
357,5.955950,14,0.461397,646.689,349.071
357,5.955950,15,0.173631,571.357,230.352
357,5.955950,16,0.262409,604.646,227.838
358,5.972633,4,0.525445,623.874,325.821
358,5.972633,8,0.339321,549.014,479.387
358,5.972633,14,0.801078,648.475,362.312
358,5.972633,15,0.737726,570.058,235.012
358,5.972633,16,0.709210,606.099,224.078
359,5.989317,4,0.556838,615.770,310.512
359,5.989317,8,0.339321,552.054,487.243
359,5.989317,14,0.730103,650.074,375.359
359,5.989317,15,0.419725,568.550,240.428
359,5.989317,16,0.563269,607.970,221.010
360,6.006000,4,0.567994,609.538,297.714
360,6.006000,8,0.169656,557.124,487.998
360,6.006000,14,0.458533,651.362,389.461
360,6.006000,15,0.507360,567.128,246.321
360,6.006000,16,0.586532,609.188,218.360
361,6.022683,4,0.606383,604.517,286.932
361,6.022683,8,0.169656,560.703,493.970
361,6.022683,14,0.264599,652.882,403.466
361,6.022683,15,0.689521,565.859,253.140
361,6.022683,16,0.515584,610.610,216.340
362,6.039367,4,0.734374,600.410,277.446
362,6.039367,8,0.169656,564.282,499.942
362,6.039367,14,0.210648,653.962,414.128
362,6.039367,15,0.758710,564.522,259.896
362,6.039367,16,0.646734,612.070,214.980
363,6.056050,4,0.685057,597.354,269.185
363,6.056050,8,0.264604,567.851,486.468
363,6.056050,14,0.210648,655.345,426.374
363,6.056050,15,0.634092,562.969,267.400
363,6.056050,16,0.637018,613.334,213.739
364,6.072733,4,0.689047,595.002,261.739
364,6.072733,8,0.434492,570.317,471.066
364,6.072733,14,0.200637,654.466,433.654
364,6.072733,15,0.632031,561.459,275.537
364,6.072733,16,0.615303,614.731,213.246
365,6.089417,4,0.551195,593.402,254.937
365,6.089417,8,0.192490,572.414,454.335
365,6.089417,14,0.167344,652.625,440.880
365,6.089417,15,0.462779,559.986,284.151
365,6.089417,16,0.706839,616.448,213.363
366,6.106100,4,0.761078,592.056,249.010
366,6.106100,8,0.371913,574.017,437.425
366,6.106100,14,0.275250,650.314,448.982
366,6.106100,15,0.293570,558.782,293.747
366,6.106100,16,0.834702,617.969,213.747
367,6.122783,4,0.202005,590.908,243.071
367,6.122783,8,0.371913,576.622,427.791
367,6.122783,14,0.200151,647.278,456.139
367,6.122783,15,0.173025,557.587,303.630
367,6.122783,16,0.420610,619.395,214.676
368,6.139467,4,0.452471,589.644,237.802
368,6.139467,8,0.847017,577.993,408.560
368,6.139467,14,0.186902,643.610,461.759
368,6.139467,15,0.638879,556.212,313.956
368,6.139467,16,0.498941,620.900,216.078
369,6.156150,4,0.169048,588.570,233.143
369,6.156150,8,0.671331,578.973,389.920
369,6.156150,14,0.186902,641.748,469.750
369,6.156150,15,0.731412,555.194,324.979
369,6.156150,16,0.501304,622.276,218.038
370,6.172833,4,0.169048,586.951,226.701
370,6.172833,8,0.573287,580.163,372.815
370,6.172833,14,0.187152,638.073,474.130
370,6.172833,15,0.749700,554.321,336.655
370,6.172833,16,0.401226,623.380,220.114
371,6.189517,4,0.440490,586.403,223.640
371,6.189517,8,0.513345,581.716,357.309
371,6.189517,14,0.187152,635.729,481.162
371,6.189517,15,0.324452,552.677,348.508
371,6.189517,16,0.551957,625.347,223.104
372,6.206200,4,0.293454,585.794,221.088
372,6.206200,8,0.488910,583.028,342.847
372,6.206200,14,0.187152,633.386,488.195
372,6.206200,15,0.319150,551.232,361.366
372,6.206200,16,0.570000,626.798,226.490
373,6.222883,4,0.164754,584.798,218.884
373,6.222883,8,0.641511,584.413,330.215
373,6.222883,14,0.187152,631.043,495.227
373,6.222883,15,0.577876,550.008,374.864
373,6.222883,16,0.389030,628.069,230.416
374,6.239567,4,0.582866,583.121,216.919
374,6.239567,8,0.728168,586.114,318.767
374,6.239567,14,0.301905,627.946,487.418
374,6.239567,15,0.711869,548.091,388.254
374,6.239567,16,0.700504,629.586,235.304
375,6.256250,4,0.300859,581.683,215.540
375,6.256250,8,0.443757,587.372,307.823
375,6.256250,14,0.289391,624.257,478.069
375,6.256250,15,0.696938,546.251,402.853
375,6.256250,16,0.664188,630.655,240.663
376,6.272933,4,0.214316,580.004,214.722
376,6.272933,8,0.565982,588.900,298.058
376,6.272933,14,0.289391,621.410,477.861
376,6.272933,15,0.742012,544.604,415.240
376,6.272933,16,0.674817,632.048,246.622
377,6.289617,4,0.214316,578.601,212.340
377,6.289617,8,0.377630,590.529,288.969
377,6.289617,14,0.289391,618.562,477.652
377,6.289617,15,0.195387,542.727,427.242
377,6.289617,16,0.429508,633.745,252.643
378,6.306300,4,0.276549,577.197,212.862
378,6.306300,8,0.375764,591.919,280.696
378,6.306300,14,0.289391,615.715,477.444
378,6.306300,15,0.195387,541.064,439.768
378,6.306300,16,0.551162,635.014,259.473
379,6.322983,4,0.276549,575.793,211.251
379,6.322983,8,0.375764,593.416,270.247
379,6.322983,14,0.289391,612.867,477.235
379,6.322983,15,0.269001,540.350,446.819
379,6.322983,16,0.254450,636.335,266.821
380,6.339667,4,0.223349,574.084,212.914
380,6.339667,8,0.393170,594.697,263.824
380,6.339667,15,0.399537,540.076,454.190
380,6.339667,16,0.406417,638.060,274.885
381,6.356350,4,0.457191,572.567,215.431
381,6.356350,8,0.625052,595.842,257.897
381,6.356350,15,0.548801,541.471,461.101
381,6.356350,16,0.624882,639.917,283.358
381,6.356350,17,0.749266,615.710,393.490
382,6.373033,4,0.442327,570.910,218.171
382,6.373033,8,0.643283,597.067,252.377
382,6.373033,15,0.151929,543.002,468.261
382,6.373033,16,0.424172,641.723,292.469
382,6.373033,17,0.430805,614.426,381.673
383,6.389717,4,0.382038,569.424,221.349
383,6.389717,8,0.642000,598.588,247.326
383,6.389717,15,0.443306,545.401,474.568
383,6.389717,16,0.436315,643.171,302.244
383,6.389717,17,0.458274,613.098,367.217
384,6.406400,4,0.510396,567.567,225.126
384,6.406400,8,0.219378,600.204,242.270
384,6.406400,15,0.443306,546.096,482.628
384,6.406400,16,0.409235,644.584,312.304
384,6.406400,17,0.458274,612.258,358.136
385,6.423083,4,0.292183,565.552,228.898
385,6.423083,8,0.386099,601.665,237.617
385,6.423083,15,0.443306,546.792,490.688
385,6.423083,16,0.697490,645.847,323.465
385,6.423083,17,0.741026,610.415,342.198
386,6.439767,4,0.588215,564.092,233.439
386,6.439767,8,0.418880,603.133,233.740
386,6.439767,15,0.211516,551.222,493.446
386,6.439767,16,0.782345,647.648,335.179
386,6.439767,17,0.436918,608.767,327.831
387,6.456450,4,0.162192,562.763,238.034
387,6.456450,8,0.217642,604.409,230.546
387,6.456450,15,0.155390,555.466,495.192
387,6.456450,16,0.754895,649.204,347.418
387,6.456450,17,0.319536,606.895,314.952
388,6.473133,4,0.338388,561.130,243.654
388,6.473133,8,0.477449,605.206,227.479
388,6.473133,15,0.155390,557.831,500.542
388,6.473133,16,0.789112,650.904,360.471
388,6.473133,17,0.508419,605.201,303.549
389,6.489817,4,0.422093,559.781,249.704
389,6.489817,8,0.286671,606.424,224.752
389,6.489817,15,0.153543,562.532,495.219
389,6.489817,16,0.719434,652.935,373.334
389,6.489817,17,0.468986,603.883,293.321
390,6.506500,4,0.542196,558.186,255.837
390,6.506500,8,0.734255,607.701,222.999
390,6.506500,15,0.464781,565.665,487.403
390,6.506500,16,0.569882,654.500,386.097
390,6.506500,17,0.768279,602.538,283.744
391,6.523183,4,0.422257,556.708,262.976
391,6.523183,8,0.463530,609.117,221.709
391,6.523183,15,0.166840,568.228,476.285
391,6.523183,16,0.328941,656.122,397.267
391,6.523183,17,0.684981,601.443,275.050
392,6.539867,4,0.783040,555.322,270.749
392,6.539867,8,0.392960,610.061,220.998
392,6.539867,15,0.181995,570.562,463.933
392,6.539867,16,0.427498,657.013,407.826
392,6.539867,17,0.668384,599.712,267.184
393,6.556550,4,0.421799,553.884,278.230
393,6.556550,8,0.410446,611.292,220.444
393,6.556550,15,0.181995,573.313,458.366
393,6.556550,16,0.610155,657.385,417.467
393,6.556550,17,0.666880,598.406,260.003
394,6.573233,4,0.493058,552.225,286.931
394,6.573233,8,0.551794,612.374,220.251
394,6.573233,15,0.438370,575.587,439.447
394,6.573233,16,0.256683,656.510,427.357
394,6.573233,17,0.476799,597.400,253.655
395,6.589917,4,0.413689,550.569,296.194
395,6.589917,8,0.311457,613.419,221.037
395,6.589917,15,0.533842,577.361,420.178
395,6.589917,16,0.175639,654.815,436.198
395,6.589917,17,0.604771,596.495,247.726
396,6.606600,4,0.624077,548.848,306.070
396,6.606600,8,0.514313,614.471,222.018
396,6.606600,15,0.711933,578.788,401.194
396,6.606600,16,0.216313,652.472,446.024
396,6.606600,17,0.662990,595.423,242.115
397,6.623283,4,0.652367,547.114,316.696
397,6.623283,8,0.380465,616.336,223.693
397,6.623283,15,0.259349,580.827,382.859
397,6.623283,16,0.216313,651.857,456.115
397,6.623283,17,0.502960,594.367,237.126
398,6.639967,4,0.603928,545.670,327.803
398,6.639967,8,0.679943,617.898,225.777
398,6.639967,15,0.666071,582.210,366.852
398,6.639967,16,0.216313,651.242,466.206
398,6.639967,17,0.560237,593.176,232.787
399,6.656650,4,0.533963,544.100,339.375
399,6.656650,8,0.726452,619.134,228.500
399,6.656650,15,0.724082,583.648,351.543
399,6.656650,16,0.341544,646.132,472.958
399,6.656650,17,0.545518,591.888,228.887
400,6.673333,4,0.604042,542.624,351.615
400,6.673333,8,0.592086,620.592,231.996
400,6.673333,15,0.444084,585.134,337.814
400,6.673333,16,0.249419,641.199,478.185
400,6.673333,17,0.501124,590.811,225.880
401,6.690017,4,0.587042,541.153,364.341
401,6.690017,8,0.652937,621.847,235.760
401,6.690017,15,0.739289,586.594,324.860
401,6.690017,16,0.362860,636.855,482.994
401,6.690017,17,0.437020,589.687,223.452
402,6.706700,4,0.744591,539.551,378.113
402,6.706700,8,0.461159,622.783,240.381
402,6.706700,15,0.565057,588.401,312.964
402,6.706700,16,0.225870,632.852,485.086
402,6.706700,17,0.173323,588.619,221.501
403,6.723383,4,0.610276,537.775,391.832
403,6.723383,8,0.647300,623.952,244.878
403,6.723383,15,0.568436,590.003,302.158
403,6.723383,16,0.427292,629.054,483.145
403,6.723383,17,0.423735,587.423,219.518
404,6.740067,4,0.695203,535.775,404.637
404,6.740067,8,0.566006,625.451,249.953
404,6.740067,15,0.672043,591.404,291.924
404,6.740067,16,0.156432,625.921,477.602
404,6.740067,17,0.492513,586.480,218.260
405,6.756750,4,0.665888,533.833,415.363
405,6.756750,8,0.709407,626.646,256.088
405,6.756750,15,0.670625,592.992,282.225
405,6.756750,16,0.292111,622.324,468.731
405,6.756750,17,0.656461,585.501,217.581
406,6.773433,4,0.548998,532.614,425.290
406,6.773433,8,0.511316,627.780,262.743
406,6.773433,15,0.359479,594.584,273.347
406,6.773433,16,0.292177,619.391,456.903
406,6.773433,17,0.210133,584.230,217.417
407,6.790117,4,0.726395,532.417,434.544
407,6.790117,8,0.864559,629.322,270.159
407,6.790117,15,0.861569,595.993,265.102
407,6.790117,16,0.478725,617.621,442.680
407,6.790117,17,0.637990,582.667,217.776
408,6.806800,4,0.520256,532.905,442.723
408,6.806800,8,0.543886,630.493,277.643
408,6.806800,15,0.557931,597.031,257.198
408,6.806800,16,0.340724,615.731,426.280
408,6.806800,17,0.287584,581.442,218.609
409,6.823483,4,0.579507,534.795,450.507
409,6.823483,8,0.275140,631.417,285.749
409,6.823483,15,0.247297,598.330,250.073
409,6.823483,16,0.431894,614.232,409.697
409,6.823483,17,0.287584,580.210,218.034
410,6.840167,4,0.753815,537.709,457.803
410,6.840167,8,0.414482,632.702,294.434
410,6.840167,15,0.516942,599.885,243.196
410,6.840167,16,0.581155,612.870,393.253
410,6.840167,17,0.404371,578.850,220.643
411,6.856850,4,0.589709,540.486,465.137
411,6.856850,8,0.640644,634.429,303.810
411,6.856850,15,0.480618,601.441,236.723
411,6.856850,16,0.266017,611.850,377.926
411,6.856850,17,0.469195,577.368,223.433
412,6.873533,4,0.589709,541.750,473.648
412,6.873533,8,0.179519,635.678,313.935
412,6.873533,15,0.272812,602.817,231.480
412,6.873533,16,0.211922,610.020,362.324
412,6.873533,17,0.230711,576.175,226.901
413,6.890217,4,0.589709,543.014,482.159
413,6.890217,8,0.274253,637.048,324.606
413,6.890217,15,0.452448,604.252,226.433
413,6.890217,16,0.211922,608.217,348.368
413,6.890217,17,0.230711,574.886,228.511
414,6.906900,4,0.589709,544.278,490.670
414,6.906900,8,0.597931,638.682,336.037
414,6.906900,15,0.615060,605.342,221.763
414,6.906900,16,0.314887,607.199,335.048
414,6.906900,17,0.401663,573.664,233.330
415,6.923583,4,0.589709,545.542,499.180
415,6.923583,8,0.563771,639.847,347.887
415,6.923583,15,0.494901,606.596,217.397
415,6.923583,16,0.546268,605.745,322.690
415,6.923583,17,0.397513,572.692,238.703
416,6.940267,4,0.589709,546.806,507.691
416,6.940267,8,0.607726,641.474,361.108
416,6.940267,15,0.415911,608.264,213.606
416,6.940267,16,0.317334,604.412,310.560
416,6.940267,17,0.383366,571.423,244.163
417,6.956950,8,0.577529,643.469,373.542
417,6.956950,15,0.213294,609.648,210.482
417,6.956950,16,0.332868,602.839,299.847
417,6.956950,17,0.186324,570.098,250.412
418,6.973633,8,0.458353,644.980,386.903
418,6.973633,15,0.272293,611.119,208.177
418,6.973633,16,0.268463,601.366,290.114
418,6.973633,17,0.415491,568.995,257.183
419,6.990317,8,0.490222,645.750,398.936
419,6.990317,15,0.399206,612.641,205.740
419,6.990317,16,0.368419,599.876,281.074
419,6.990317,17,0.458996,568.001,264.645
420,7.007000,8,0.509810,646.003,409.461
420,7.007000,15,0.364707,613.821,204.240
420,7.007000,16,0.181980,598.349,272.688
420,7.007000,17,0.276931,566.208,272.536
420,7.007000,18,0.273436,568.812,460.866
421,7.023683,8,0.311027,646.026,419.900
421,7.023683,15,0.519834,615.091,203.213
421,7.023683,16,0.654331,597.025,265.033
421,7.023683,17,0.527435,564.831,280.859
421,7.023683,18,0.273436,569.220,458.489
422,7.040367,8,0.304162,645.633,429.846
422,7.040367,15,0.566899,616.737,203.022
422,7.040367,16,0.510082,595.595,257.764
422,7.040367,17,0.476576,563.516,289.380
422,7.040367,18,0.281959,571.926,440.797
423,7.057050,8,0.150649,643.851,439.193
423,7.057050,15,0.526971,618.543,203.301
423,7.057050,16,0.396704,594.366,250.886
423,7.057050,17,0.476576,562.186,296.658
423,7.057050,18,0.579428,574.984,421.727
424,7.073733,8,0.196288,642.240,447.889
424,7.073733,15,0.556038,620.258,203.948
424,7.073733,16,0.406756,593.108,244.596
424,7.073733,17,0.153765,560.932,306.442
424,7.073733,18,0.701135,577.352,403.254
425,7.090417,8,0.196288,641.720,457.912
425,7.090417,15,0.615840,621.768,205.146
425,7.090417,16,0.631002,591.531,239.047
425,7.090417,17,0.210970,559.988,317.134
425,7.090417,18,0.548004,578.688,386.159
426,7.107100,8,0.226834,639.026,464.725
426,7.107100,15,0.446204,622.940,206.861
426,7.107100,16,0.484408,590.082,233.857
426,7.107100,17,0.658203,559.046,328.488
426,7.107100,18,0.641581,580.744,370.232
427,7.123783,8,0.226834,637.929,473.897
427,7.123783,15,0.316499,624.278,209.238
427,7.123783,16,0.219282,588.943,229.385
427,7.123783,17,0.551661,557.809,339.947
427,7.123783,18,0.492478,583.038,356.128
428,7.140467,8,0.226834,636.832,483.068
428,7.140467,15,0.494714,625.812,212.202
428,7.140467,16,0.394359,587.546,225.218
428,7.140467,17,0.450777,556.678,352.088
428,7.140467,18,0.312899,584.521,342.652
429,7.157150,8,0.226834,635.735,492.239
429,7.157150,15,0.427643,627.020,215.198
429,7.157150,16,0.282332,586.261,221.810
429,7.157150,17,0.668560,555.350,365.124
429,7.157150,18,0.480370,585.927,330.365
430,7.173833,8,0.226834,634.637,501.410
430,7.173833,15,0.640177,628.322,218.938
430,7.173833,16,0.473195,585.144,218.766
430,7.173833,17,0.524667,554.104,378.378
430,7.173833,18,0.710372,587.474,318.854
431,7.190517,8,0.226834,633.540,510.581
431,7.190517,15,0.736694,629.874,223.305
431,7.190517,16,0.481773,583.468,216.225
431,7.190517,17,0.180903,552.641,391.539
431,7.190517,18,0.706787,589.196,307.719
432,7.207200,15,0.632935,630.953,228.653
432,7.207200,16,0.314241,581.913,214.056
432,7.207200,17,0.301373,551.076,403.725
432,7.207200,18,0.571047,590.985,297.797
433,7.223883,15,0.554170,632.711,234.251
433,7.223883,16,0.345459,580.415,212.703
433,7.223883,17,0.592299,549.510,413.703
433,7.223883,18,0.600278,592.467,288.226
434,7.240567,15,0.434593,634.315,240.326
434,7.240567,16,0.345459,578.966,209.777
434,7.240567,17,0.207200,547.814,423.416
434,7.240567,18,0.345659,594.209,279.415
435,7.257250,15,0.579308,635.528,246.828
435,7.257250,16,0.200061,577.713,209.744
435,7.257250,17,0.547516,546.082,431.925
435,7.257250,18,0.543798,595.622,271.623
436,7.273933,15,0.575658,636.858,253.822
436,7.273933,16,0.282242,576.694,210.233
436,7.273933,17,0.498641,545.153,440.341
436,7.273933,18,0.597862,596.889,264.345
437,7.290617,15,0.686503,638.472,261.399
437,7.290617,16,0.443728,575.130,211.270
437,7.290617,17,0.267212,545.046,448.597
437,7.290617,18,0.781140,598.205,257.601
438,7.307300,15,0.737030,639.803,269.719
438,7.307300,16,0.636671,573.653,212.740
438,7.307300,17,0.266994,545.502,456.414
438,7.307300,18,0.727696,598.998,251.290
439,7.323983,15,0.632313,641.776,278.394
439,7.323983,16,0.648718,572.209,214.596
439,7.323983,17,0.192418,546.487,463.734
439,7.323983,18,0.763426,600.093,245.363
440,7.340667,15,0.675128,643.650,288.130
440,7.340667,16,0.770122,570.754,217.227
440,7.340667,17,0.382593,548.215,470.575
440,7.340667,18,0.780208,601.512,240.036
441,7.357350,15,0.769120,645.012,298.514
441,7.357350,16,0.765230,569.229,220.233
441,7.357350,17,0.430232,549.811,476.535
441,7.357350,18,0.769790,602.906,234.957
442,7.374033,15,0.770874,646.139,308.485
442,7.374033,16,0.770179,567.728,223.657
442,7.374033,17,0.430232,550.456,484.071
442,7.374033,18,0.724006,604.141,230.780
443,7.390717,15,0.681396,647.962,320.258
443,7.390717,16,0.754007,566.245,227.695
443,7.390717,17,0.430232,551.100,491.606
443,7.390717,18,0.699645,605.356,226.656
444,7.407400,15,0.667627,649.440,332.118
444,7.407400,16,0.440470,564.859,232.215
444,7.407400,17,0.258867,554.604,493.672
444,7.407400,18,0.524433,606.567,223.121
445,7.424083,15,0.843514,650.892,344.829
445,7.424083,16,0.584104,563.682,236.764
445,7.424083,17,0.346228,558.074,493.646
445,7.424083,18,0.604891,608.183,220.277
445,7.424083,19,0.609496,603.967,314.567
446,7.440767,15,0.764684,652.578,357.790
446,7.440767,16,0.481328,562.285,241.791
446,7.440767,17,0.479313,561.504,491.636
446,7.440767,18,0.711214,609.744,217.690
446,7.440767,19,0.725261,603.070,306.648
447,7.457450,15,0.743358,654.011,371.372
447,7.457450,16,0.837593,560.685,247.707
447,7.457450,17,0.292500,564.087,485.796
447,7.457450,18,0.806046,611.200,216.032
447,7.457450,19,0.782445,601.669,296.961
448,7.474133,15,0.427398,655.846,385.880
448,7.474133,16,0.774735,559.163,254.511
448,7.474133,17,0.369940,566.525,477.906
448,7.474133,18,0.790070,612.693,214.457
448,7.474133,19,0.781997,600.288,287.490
449,7.490817,15,0.380471,657.015,396.520
449,7.490817,16,0.741513,557.400,261.774
449,7.490817,17,0.209909,568.360,467.519
449,7.490817,18,0.708518,614.027,213.634
449,7.490817,19,0.720268,599.057,279.001
450,7.507500,15,0.404651,657.494,406.674
450,7.507500,16,0.714858,555.991,269.062
450,7.507500,17,0.274863,570.641,454.788
450,7.507500,18,0.718719,615.421,213.380
450,7.507500,19,0.834459,597.687,270.910
451,7.524183,15,0.444388,657.194,415.140
451,7.524183,16,0.801773,554.744,277.094
451,7.524183,17,0.404132,572.362,440.130
451,7.524183,18,0.754201,617.140,213.534
451,7.524183,19,0.737278,596.245,263.406
452,7.540867,15,0.209431,655.601,424.244
452,7.540867,16,0.728993,553.456,286.027
452,7.540867,17,0.286462,574.814,423.714
452,7.540867,18,0.584565,618.216,214.627
452,7.540867,19,0.506885,595.103,256.689
453,7.557550,15,0.209431,655.779,434.577
453,7.557550,16,0.432845,551.894,295.135
453,7.557550,17,0.712479,577.178,407.488
453,7.557550,18,0.505223,619.568,216.273
453,7.557550,19,0.343406,593.875,250.642
454,7.574233,15,0.209431,655.957,444.910
454,7.574233,16,0.206617,550.030,304.852
454,7.574233,17,0.513431,578.487,391.823
454,7.574233,18,0.255809,621.290,218.216
454,7.574233,19,0.213797,592.365,245.082
455,7.590917,15,0.226965,650.849,452.274
455,7.590917,16,0.256308,547.938,315.289
455,7.590917,17,0.513431,580.487,378.760
455,7.590917,18,0.525027,622.332,220.958
455,7.590917,19,0.238987,590.956,240.392
456,7.607600,15,0.226965,649.625,461.819
456,7.607600,16,0.660546,546.402,326.007
456,7.607600,17,0.678919,582.382,362.755
456,7.607600,18,0.787757,623.305,223.754
456,7.607600,19,0.646373,589.944,236.188
457,7.624283,15,0.226965,648.400,471.364
457,7.624283,16,0.575747,544.829,337.758
457,7.624283,17,0.771702,584.031,348.207
457,7.624283,18,0.781188,624.451,227.185
457,7.624283,19,0.528140,588.668,233.391
458,7.640967,15,0.170578,642.084,474.305
458,7.640967,16,0.477467,543.191,350.399
458,7.640967,17,0.751181,585.931,334.849
458,7.640967,18,0.602421,625.776,231.438
458,7.640967,19,0.282813,587.402,230.991
459,7.657650,15,0.409566,636.378,476.703
459,7.657650,16,0.537142,541.849,363.313
459,7.657650,17,0.564050,587.450,322.732
459,7.657650,18,0.723323,626.792,235.913
459,7.657650,19,0.325014,586.402,229.369
460,7.674333,15,0.191300,631.800,476.776
460,7.674333,16,0.618349,540.089,376.971
460,7.674333,17,0.375318,589.359,311.088
460,7.674333,18,0.522573,628.112,240.733
460,7.674333,19,0.334351,585.160,227.530
461,7.691017,15,0.235863,628.047,474.041
461,7.691017,16,0.235589,538.286,390.684
461,7.691017,17,0.454889,591.080,300.685
461,7.691017,18,0.513598,629.709,246.511
461,7.691017,19,0.232631,583.376,226.552
462,7.707700,15,0.226583,624.990,468.956
462,7.707700,16,0.373493,536.454,404.703
462,7.707700,17,0.376689,592.547,290.721
462,7.707700,18,0.386166,630.845,252.707
462,7.707700,19,0.307589,581.878,225.890
463,7.724383,15,0.226583,621.441,469.606
463,7.724383,16,0.587383,535.044,417.091
463,7.724383,17,0.432682,594.162,281.789
463,7.724383,18,0.612029,632.368,259.713
463,7.724383,19,0.501188,580.639,225.939
464,7.741067,15,0.291101,619.114,455.770
464,7.741067,16,0.588093,534.075,428.847
464,7.741067,17,0.722036,595.785,273.723
464,7.741067,18,0.653650,633.406,267.159
464,7.741067,19,0.675400,579.341,226.566
465,7.757750,15,0.762135,617.370,439.449
465,7.757750,16,0.421208,533.495,439.168
465,7.757750,17,0.807939,597.208,266.182
465,7.757750,18,0.780571,635.386,274.926
465,7.757750,19,0.523708,578.023,227.990
466,7.774433,15,0.625738,616.086,422.703
466,7.774433,16,0.248714,534.445,448.349
466,7.774433,17,0.610057,598.855,259.210
466,7.774433,18,0.524967,637.102,283.066
466,7.774433,19,0.322034,576.795,229.885
466,7.774433,20,0.227516,535.716,438.024
467,7.791117,15,0.276624,614.922,404.982
467,7.791117,16,0.689947,536.771,456.114
467,7.791117,17,0.554724,600.117,253.264
467,7.791117,18,0.640714,638.860,291.659
467,7.791117,19,0.596346,575.311,231.873
467,7.791117,20,0.227516,536.005,440.400
468,7.807800,15,0.205657,614.213,388.271
468,7.807800,16,0.562622,538.862,463.186
468,7.807800,17,0.702288,601.503,247.624
468,7.807800,18,0.489323,640.355,301.047
468,7.807800,19,0.633962,574.039,234.683
468,7.807800,20,0.392967,538.418,450.106
469,7.824483,15,0.205657,612.491,375.335
469,7.824483,16,0.562622,539.522,472.604
469,7.824483,17,0.344881,603.102,242.224
469,7.824483,18,0.489323,641.915,308.908
469,7.824483,19,0.633962,572.708,235.971
469,7.824483,20,0.392967,539.454,455.058
470,7.841167,15,0.205657,610.770,362.399
470,7.841167,16,0.562622,540.182,482.023
470,7.841167,17,0.344881,604.618,235.347
470,7.841167,18,0.489323,643.475,316.770
470,7.841167,19,0.633962,571.377,237.258
470,7.841167,20,0.224799,544.696,464.574
471,7.857850,15,0.205657,609.048,349.464
471,7.857850,16,0.562622,540.842,491.441
471,7.857850,17,0.383178,605.789,231.802
471,7.857850,18,0.529592,644.684,329.658
471,7.857850,19,0.316945,569.946,242.982
471,7.857850,20,0.224799,547.150,471.066
472,7.874533,15,0.205657,607.327,336.528
472,7.874533,16,0.562622,541.503,500.859
472,7.874533,17,0.267690,607.203,228.552
472,7.874533,18,0.351991,645.747,342.408
472,7.874533,19,0.316945,568.588,245.446
472,7.874533,20,0.224799,549.605,477.557
473,7.891217,15,0.205657,605.605,323.592
473,7.891217,16,0.562622,542.163,510.277
473,7.891217,17,0.383957,608.888,225.671
473,7.891217,18,0.594497,647.012,355.261
473,7.891217,19,0.281981,567.093,252.561
473,7.891217,20,0.224799,552.059,484.048
474,7.907900,15,0.155996,604.430,310.390
474,7.907900,17,0.188089,610.301,223.180
474,7.907900,18,0.278463,648.565,368.714
474,7.907900,19,0.173265,565.560,259.865
475,7.924583,15,0.267323,603.308,299.017
475,7.924583,17,0.256482,611.624,220.918
475,7.924583,18,0.379300,650.345,381.902
475,7.924583,19,0.305125,564.052,267.053
476,7.941267,15,0.520288,602.030,289.043
476,7.941267,17,0.612778,613.084,219.321
476,7.941267,18,0.618924,651.725,392.793
476,7.941267,19,0.431376,562.858,274.855
477,7.957950,15,0.434821,600.411,280.119
477,7.957950,17,0.540363,614.403,218.233
477,7.957950,18,0.446734,652.800,402.754
477,7.957950,19,0.400763,561.633,282.598
478,7.974633,15,0.306847,599.052,271.908
478,7.974633,17,0.703508,616.068,217.323
478,7.974633,18,0.492920,653.068,411.780
478,7.974633,19,0.519056,560.137,290.759
479,7.991317,15,0.759404,597.619,264.545
479,7.991317,17,0.812318,617.517,216.982
479,7.991317,18,0.528472,653.006,419.807
479,7.991317,19,0.504656,558.852,299.571
480,8.008000,15,0.730838,596.122,257.651
480,8.008000,17,0.833747,619.284,217.370
480,8.008000,18,0.484281,652.088,428.886
480,8.008000,19,0.613804,557.523,308.404
481,8.024683,15,0.409713,594.668,251.526
481,8.024683,17,0.440332,621.096,217.912
481,8.024683,18,0.324457,650.646,435.875
481,8.024683,19,0.228121,556.146,318.080
482,8.041367,15,0.365019,592.979,245.607
482,8.041367,17,0.515191,622.404,219.061
482,8.041367,18,0.325066,648.771,443.647
482,8.041367,19,0.590200,555.152,328.617
482,8.041367,21,0.419569,581.194,403.462
483,8.058050,15,0.312963,591.250,240.449
483,8.058050,17,0.641622,623.558,221.051
483,8.058050,18,0.325066,648.167,452.318
483,8.058050,19,0.510415,553.957,339.483
483,8.058050,21,0.261484,582.807,390.333
484,8.074733,15,0.448430,589.738,235.638
484,8.074733,17,0.748487,624.972,223.318
484,8.074733,18,0.325066,647.562,460.989
484,8.074733,19,0.390019,552.639,350.923
484,8.074733,21,0.278177,584.163,375.667
485,8.091417,15,0.400738,588.101,231.603
485,8.091417,17,0.746899,626.664,226.207
485,8.091417,18,0.325066,646.958,469.660
485,8.091417,19,0.582379,551.251,362.675
485,8.091417,21,0.599164,585.594,361.688
486,8.108100,15,0.509566,586.738,227.823
486,8.108100,17,0.643293,628.201,229.995
486,8.108100,18,0.325066,646.353,478.331
486,8.108100,19,0.479129,549.720,375.232
486,8.108100,21,0.624592,587.217,347.695
487,8.124783,15,0.273596,585.654,224.620
487,8.124783,17,0.589063,629.815,234.021
487,8.124783,18,0.215907,640.777,477.968
487,8.124783,19,0.546563,547.757,388.275
487,8.124783,21,0.330772,589.606,334.721
488,8.141467,15,0.504982,584.584,221.629
488,8.141467,17,0.665274,631.204,238.580
488,8.141467,18,0.215907,638.854,484.242
488,8.141467,19,0.570241,546.376,401.478
488,8.141467,21,0.432194,591.524,322.884
489,8.158150,15,0.504982,583.268,217.396
489,8.158150,17,0.558941,632.666,243.524
489,8.158150,18,0.209638,634.270,479.153
489,8.158150,19,0.184939,544.461,413.180
489,8.158150,21,0.339713,593.247,311.616
490,8.174833,15,0.300955,581.326,216.538
490,8.174833,17,0.527117,634.306,249.163
490,8.174833,18,0.279258,630.525,472.207
490,8.174833,19,0.434917,541.716,423.954
490,8.174833,21,0.555167,594.933,301.344
491,8.191517,15,0.681307,579.498,216.005
491,8.191517,17,0.682023,635.460,255.192
491,8.191517,18,0.501459,627.528,463.174
491,8.191517,19,0.594088,540.609,433.265
491,8.191517,21,0.826278,596.390,291.802
492,8.208200,15,0.735670,577.791,215.967
492,8.208200,17,0.695050,637.080,262.224
492,8.208200,18,0.682127,624.456,451.676
492,8.208200,19,0.454770,539.386,441.442
492,8.208200,21,0.798559,597.848,283.221
493,8.224883,15,0.646482,576.140,216.458
493,8.224883,17,0.588652,638.609,269.106
493,8.224883,18,0.743713,622.452,437.840
493,8.224883,19,0.608603,538.947,449.030
493,8.224883,21,0.642322,599.377,275.307
494,8.241567,15,0.795549,574.069,217.041
494,8.241567,17,0.679157,640.134,276.744
494,8.241567,18,0.323866,620.628,423.681
494,8.241567,19,0.318161,538.968,457.259
494,8.241567,21,0.728118,600.949,267.812
495,8.258250,15,0.558787,572.511,218.276
495,8.258250,17,0.259706,641.694,285.512
495,8.258250,18,0.800951,618.764,407.936
495,8.258250,19,0.294418,539.528,463.567
495,8.258250,21,0.521330,602.475,261.431
496,8.274933,15,0.524080,570.876,219.803
496,8.274933,17,0.705783,643.361,294.784
496,8.274933,18,0.173905,617.302,392.055
496,8.274933,19,0.557149,540.545,470.526
496,8.274933,21,0.592633,604.174,255.078
497,8.291617,15,0.469741,569.353,222.047
497,8.291617,17,0.486743,644.721,304.194
497,8.291617,18,0.173905,615.211,379.973
497,8.291617,19,0.473723,542.268,476.575
497,8.291617,21,0.693337,605.261,249.029
498,8.308300,15,0.346985,567.963,224.600
498,8.308300,17,0.453279,646.166,314.331
498,8.308300,18,0.429103,614.308,363.863
498,8.308300,19,0.313030,544.840,480.666
498,8.308300,21,0.227753,606.921,243.654
499,8.324983,15,0.397700,566.367,227.546
499,8.324983,17,0.445014,647.959,325.211
499,8.324983,18,0.460789,612.829,349.038
499,8.324983,19,0.313030,545.794,487.269
499,8.324983,21,0.731316,608.649,239.102
500,8.341667,15,0.479800,564.709,231.172
500,8.341667,17,0.321941,649.620,336.652
500,8.341667,18,0.275056,611.986,335.595
500,8.341667,19,0.313030,546.747,493.872
500,8.341667,21,0.737542,610.198,235.015
501,8.358350,15,0.582785,563.205,235.470
501,8.358350,17,0.780741,651.510,348.450
501,8.358350,18,0.471163,610.295,323.068
501,8.358350,19,0.313030,547.701,500.475
501,8.358350,21,0.578615,611.761,231.736
502,8.375033,15,0.365510,561.466,240.140
502,8.375033,17,0.782089,653.205,361.303
502,8.375033,18,0.704601,608.800,311.357
502,8.375033,19,0.313030,548.654,507.078
502,8.375033,21,0.613015,613.458,228.685
503,8.391717,15,0.563583,559.632,245.415
503,8.391717,17,0.756902,654.427,373.813
503,8.391717,18,0.564715,607.798,301.369
503,8.391717,19,0.313030,549.608,513.681
503,8.391717,21,0.595045,614.704,225.929
504,8.408400,15,0.421944,557.822,251.455
504,8.408400,17,0.735469,655.724,385.250
504,8.408400,18,0.667782,606.264,292.198
504,8.408400,21,0.470929,616.225,223.975
505,8.425083,15,0.452335,556.199,258.192
505,8.425083,17,0.673031,656.601,395.613
505,8.425083,18,0.534493,604.502,283.662
505,8.425083,21,0.534167,617.532,222.429
506,8.441767,15,0.768963,554.630,265.245
506,8.441767,17,0.684224,657.017,404.964
506,8.441767,18,0.653913,602.931,275.602
506,8.441767,21,0.631676,618.888,221.543
507,8.458450,15,0.741371,553.302,272.952
507,8.458450,17,0.675483,656.555,414.172
507,8.458450,18,0.486563,601.375,268.367
507,8.458450,21,0.512423,620.657,221.086
508,8.475133,15,0.579514,551.748,281.309
508,8.475133,17,0.654160,655.120,423.532
508,8.475133,18,0.502454,599.844,261.639
508,8.475133,21,0.348793,621.985,220.970
509,8.491817,15,0.770908,550.019,290.276
509,8.491817,17,0.368719,652.923,432.789
509,8.491817,18,0.453812,598.450,255.403
509,8.491817,21,0.599260,622.973,221.631
510,8.508500,15,0.671560,548.123,299.379
510,8.508500,17,0.414857,650.114,442.011
510,8.508500,18,0.643178,597.085,249.715
510,8.508500,21,0.623241,624.846,222.705
510,8.508500,22,0.636168,579.296,394.683
511,8.525183,15,0.556439,546.416,308.777
511,8.525183,17,0.498160,646.281,450.971
511,8.525183,18,0.535585,595.603,244.439
511,8.525183,21,0.507303,626.136,223.932
511,8.525183,22,0.643053,581.589,382.235
512,8.541867,15,0.669533,544.795,319.868
512,8.541867,17,0.297129,642.367,459.564
512,8.541867,18,0.589570,594.213,239.728
512,8.541867,21,0.742996,627.585,226.178
512,8.541867,22,0.790208,583.532,367.968
513,8.558550,15,0.680936,542.793,331.098
513,8.558550,17,0.297129,639.981,468.807
513,8.558550,18,0.469142,592.679,235.634
513,8.558550,21,0.761672,629.355,229.149
513,8.558550,22,0.627448,585.291,353.089
514,8.575233,15,0.498629,541.323,342.801
514,8.575233,17,0.413749,636.557,474.594
514,8.575233,18,0.263292,591.146,232.143
514,8.575233,21,0.549250,630.633,232.619
514,8.575233,22,0.547875,586.925,340.194
515,8.591917,15,0.617648,539.699,354.807
515,8.591917,17,0.431841,633.225,478.907
515,8.591917,18,0.485793,590.133,228.873
515,8.591917,21,0.722882,632.322,236.241
515,8.591917,22,0.558287,589.573,327.081
516,8.608600,15,0.454605,538.402,367.752
516,8.608600,17,0.481737,630.482,480.353
516,8.608600,18,0.479024,588.591,226.151
516,8.608600,21,0.539884,634.080,240.617
516,8.608600,22,0.516685,591.289,315.053
517,8.625283,15,0.615074,536.173,380.570
517,8.625283,17,0.186415,627.862,477.770
517,8.625283,18,0.479024,587.182,222.044
517,8.625283,21,0.444066,635.570,245.361
517,8.625283,22,0.288963,593.318,303.961
518,8.641967,15,0.700125,534.685,393.775
518,8.641967,17,0.433401,625.442,471.210
518,8.641967,18,0.540125,586.183,220.882
518,8.641967,21,0.545558,637.345,250.687
518,8.641967,22,0.647638,595.016,293.834
519,8.658650,15,0.512597,532.966,407.041
519,8.658650,17,0.408246,622.965,461.867
519,8.658650,18,0.687455,584.839,220.417
519,8.658650,21,0.793777,639.253,256.861
519,8.658650,22,0.814092,596.826,284.336
520,8.675333,15,0.421247,531.945,418.141
520,8.675333,17,0.434821,620.803,449.374
520,8.675333,18,0.351977,583.044,220.240
520,8.675333,21,0.617396,640.706,263.283
520,8.675333,22,0.710247,598.510,275.512
521,8.692017,15,0.588895,531.827,429.250
521,8.692017,17,0.457821,619.391,434.364
521,8.692017,18,0.303394,581.621,220.603
521,8.692017,21,0.543725,642.487,270.696
521,8.692017,22,0.651289,600.091,267.516
522,8.708700,15,0.234915,532.770,438.975
522,8.708700,17,0.175383,617.940,417.935
522,8.708700,18,0.309136,579.998,221.312
522,8.708700,21,0.666419,644.044,278.341
522,8.708700,22,0.514568,601.852,260.501
523,8.725383,15,0.640671,533.990,447.510
523,8.725383,17,0.300980,616.809,401.066
523,8.725383,18,0.558538,578.304,221.804
523,8.725383,21,0.637398,645.474,286.592
523,8.725383,22,0.628637,603.769,254.049
524,8.742067,15,0.548903,536.094,455.207
524,8.742067,17,0.300980,615.033,389.380
524,8.742067,18,0.441361,577.131,223.299
524,8.742067,21,0.495281,647.167,295.558
524,8.742067,22,0.716497,605.347,247.696
525,8.758750,15,0.567514,538.797,462.578
525,8.758750,17,0.300980,613.258,377.694
525,8.758750,18,0.326160,575.551,225.461
525,8.758750,21,0.626028,648.872,305.047
525,8.758750,22,0.649972,607.591,241.943
526,8.775433,15,0.314559,542.453,469.108
526,8.775433,17,0.300980,611.482,366.008
526,8.775433,18,0.378506,573.868,227.805
526,8.775433,21,0.622244,650.662,315.466
526,8.775433,22,0.537247,609.381,236.956
527,8.792117,15,0.299919,546.191,475.850
527,8.792117,17,0.300980,609.706,354.322
527,8.792117,18,0.405966,572.836,230.946
527,8.792117,21,0.558504,652.431,325.883
527,8.792117,22,0.431335,611.005,232.748
528,8.808800,15,0.299919,548.473,483.844
528,8.808800,17,0.190504,609.573,334.884
528,8.808800,18,0.394585,571.355,234.767
528,8.808800,21,0.500904,654.008,337.307
528,8.808800,22,0.466476,612.713,229.028
529,8.825483,15,0.299919,550.755,491.838
529,8.825483,17,0.401436,608.910,317.692
529,8.825483,18,0.217810,570.013,239.337
529,8.825483,21,0.431287,655.658,348.989
529,8.825483,22,0.168106,614.061,225.871
530,8.842167,15,0.299919,553.037,499.832
530,8.842167,17,0.444447,608.456,303.055
530,8.842167,18,0.200120,568.703,244.216
530,8.842167,21,0.713975,657.546,361.582
530,8.842167,22,0.186957,615.638,223.277
531,8.858850,15,0.267066,558.995,496.574
531,8.858850,17,0.479875,607.988,290.359
531,8.858850,18,0.324694,566.936,249.571
531,8.858850,21,0.752687,659.360,374.296
531,8.858850,22,0.186957,617.273,219.061
532,8.875533,15,0.478926,563.960,490.995
532,8.875533,17,0.569764,607.408,279.574
532,8.875533,18,0.357646,565.137,255.513
532,8.875533,21,0.496465,660.677,387.676
532,8.875533,22,0.429416,618.518,217.652
533,8.892217,15,0.468050,568.059,482.628
533,8.892217,17,0.487784,606.220,270.332
533,8.892217,18,0.488651,563.379,261.869
533,8.892217,21,0.249053,661.870,400.264
533,8.892217,22,0.615869,620.253,216.673
534,8.908900,15,0.173423,571.610,471.320
534,8.908900,17,0.560312,605.296,262.109
534,8.908900,18,0.366413,561.865,268.673
534,8.908900,21,0.720374,662.690,409.951
534,8.908900,22,0.551358,622.212,216.128
535,8.925583,15,0.456725,574.666,458.788
535,8.925583,17,0.689440,604.169,254.229
535,8.925583,18,0.630404,560.358,276.141
535,8.925583,21,0.725447,662.845,418.543
535,8.925583,22,0.645873,623.634,216.291
536,8.942267,15,0.730987,577.525,443.457
536,8.942267,17,0.704960,602.907,247.219
536,8.942267,18,0.585657,558.953,284.167
536,8.942267,21,0.656798,661.776,426.946
536,8.942267,22,0.716237,625.491,216.954
537,8.958950,15,0.578554,580.151,427.191
537,8.958950,17,0.269207,601.575,240.507
537,8.958950,18,0.500478,557.430,292.833
537,8.958950,21,0.172720,660.152,435.071
537,8.958950,22,0.360522,627.097,217.887
538,8.975633,15,0.726028,582.351,410.622
538,8.975633,17,0.672538,600.344,234.317
538,8.975633,18,0.723939,555.927,302.110
538,8.975633,21,0.379340,657.384,442.400
538,8.975633,22,0.755019,628.721,219.179
539,8.992317,15,0.158048,584.488,394.288
539,8.992317,17,0.756320,598.991,228.879
539,8.992317,18,0.763450,554.508,312.088
539,8.992317,21,0.421147,653.821,450.304
539,8.992317,22,0.681610,630.160,220.797
540,9.009000,15,0.676687,585.994,378.196
540,9.009000,17,0.640566,597.839,223.619
540,9.009000,18,0.783770,553.041,322.293
540,9.009000,21,0.421147,652.288,458.989
540,9.009000,22,0.524568,631.157,223.276
541,9.025683,15,0.326295,587.030,363.273
541,9.025683,17,0.483798,596.459,219.111
541,9.025683,18,0.399850,551.039,333.002
541,9.025683,21,0.421147,650.755,467.674
541,9.025683,22,0.518738,633.464,226.135
542,9.042367,15,0.437769,588.153,348.521
542,9.042367,17,0.563716,595.206,215.057
542,9.042367,18,0.478385,549.746,344.254
542,9.042367,21,0.421147,649.221,476.360
542,9.042367,22,0.456477,635.194,229.330
543,9.059050,15,0.511092,589.080,335.237
543,9.059050,17,0.644912,593.984,211.321
543,9.059050,18,0.643816,547.803,356.246
543,9.059050,21,0.421147,647.688,485.045
543,9.059050,22,0.449060,636.760,233.067
544,9.075733,15,0.616060,590.859,323.042
544,9.075733,17,0.693634,592.845,208.558
544,9.075733,18,0.721722,546.198,369.090
544,9.075733,21,0.303356,641.871,485.227
544,9.075733,22,0.496344,638.739,237.428
545,9.092417,15,0.384873,592.613,311.396
545,9.092417,17,0.613564,591.685,205.990
545,9.092417,18,0.820338,544.616,382.254
545,9.092417,21,0.368496,637.013,484.626
545,9.092417,22,0.568823,640.446,242.204
546,9.109100,15,0.517001,594.443,301.132
546,9.109100,17,0.579260,590.399,203.952
546,9.109100,18,0.655409,542.098,395.702
546,9.109100,21,0.443150,632.993,481.416
546,9.109100,22,0.508441,642.385,247.761
547,9.125783,15,0.486998,595.750,291.380
547,9.125783,17,0.333670,589.410,202.313
547,9.125783,18,0.240375,540.769,409.644
547,9.125783,21,0.368521,630.031,474.576
547,9.125783,22,0.219534,643.840,253.677
548,9.142467,15,0.631741,597.235,282.467
548,9.142467,17,0.411863,588.492,201.141
548,9.142467,18,0.514315,539.604,423.083
548,9.142467,21,0.498033,627.256,465.628
548,9.142467,22,0.293593,645.212,260.357
549,9.159150,15,0.203434,598.414,273.999
549,9.159150,17,0.507539,587.554,200.790
549,9.159150,18,0.698169,538.604,434.431
549,9.159150,21,0.349066,625.265,453.796
549,9.159150,22,0.303608,647.430,267.572
550,9.175833,15,0.578190,599.606,266.151
550,9.175833,17,0.764911,586.656,200.875
550,9.175833,18,0.382741,537.493,443.182
550,9.175833,21,0.564244,623.462,439.585
550,9.175833,22,0.600737,649.286,275.774
551,9.192517,15,0.581715,600.914,259.044
551,9.192517,17,0.729423,585.508,201.413
551,9.192517,18,0.549343,537.797,451.201
551,9.192517,21,0.209604,621.844,423.972
551,9.192517,22,0.674997,651.306,284.294
552,9.209200,15,0.287740,602.414,252.338
552,9.209200,17,0.203166,584.435,202.396
552,9.209200,18,0.272297,538.648,458.258
552,9.209200,21,0.633341,620.416,407.019
552,9.209200,22,0.428066,653.209,293.228
553,9.225883,15,0.362699,603.965,245.887
553,9.225883,17,0.332309,583.060,204.144
553,9.225883,18,0.371110,539.624,465.235
553,9.225883,21,0.633341,618.328,395.508
553,9.225883,22,0.531946,654.827,303.005
554,9.242567,15,0.531532,605.371,240.159
554,9.242567,17,0.337016,581.647,206.463
554,9.242567,18,0.205918,541.780,471.445
554,9.242567,21,0.633341,616.241,383.998
554,9.242567,22,0.704709,656.605,313.077
555,9.259250,15,0.745207,607.093,234.939
555,9.259250,17,0.531545,580.014,209.364
555,9.259250,18,0.479510,544.536,477.067
555,9.259250,21,0.575317,615.505,365.119
555,9.259250,22,0.801935,658.411,323.871
556,9.275933,15,0.663551,608.694,230.473
556,9.275933,17,0.605396,578.712,212.443
556,9.275933,18,0.333875,547.520,480.869
556,9.275933,21,0.300556,614.755,347.442
556,9.275933,22,0.685383,660.007,334.984
557,9.292617,15,0.708006,610.118,226.066
557,9.292617,17,0.609413,577.659,216.154
557,9.292617,18,0.178653,551.406,484.205
557,9.292617,21,0.259864,614.132,332.619
557,9.292617,22,0.827733,661.842,346.822
558,9.309300,15,0.182227,611.308,222.356
558,9.309300,17,0.153441,576.492,220.319
558,9.309300,18,0.178653,553.623,489.887
558,9.309300,21,0.396465,612.818,318.092
558,9.309300,22,0.693510,663.204,359.596
559,9.325983,15,0.321485,612.541,218.942
559,9.325983,17,0.262310,574.968,225.000
559,9.325983,18,0.263214,558.271,492.470
559,9.325983,21,0.359121,611.498,305.307
559,9.325983,22,0.805119,664.872,372.430
560,9.342667,15,0.150167,613.525,216.213
560,9.342667,17,0.262310,573.662,228.293
560,9.342667,18,0.263214,561.134,497.330
560,9.342667,21,0.359121,610.220,291.177
560,9.342667,22,0.531235,666.702,385.884
561,9.359350,15,0.316871,615.121,213.396
561,9.359350,17,0.262310,572.357,231.587
561,9.359350,18,0.263214,563.996,502.189
561,9.359350,21,0.155612,608.999,281.913
561,9.359350,22,0.331224,668.399,397.967
562,9.376033,15,0.714457,616.761,211.995
562,9.376033,17,0.574651,571.108,239.287
562,9.376033,18,0.329450,568.401,492.922
562,9.376033,21,0.592562,607.480,273.129
562,9.376033,22,0.496730,669.323,408.654
563,9.392717,15,0.646524,618.398,211.160
563,9.392717,17,0.670724,569.878,247.697
563,9.392717,18,0.177697,571.892,482.208
563,9.392717,21,0.810031,606.256,264.988
563,9.392717,22,0.244892,669.711,417.837
564,9.409400,15,0.213781,620.071,210.800
564,9.409400,17,0.452744,568.789,256.192
564,9.409400,18,0.177697,575.222,480.180
564,9.409400,21,0.518005,604.936,257.000
564,9.409400,22,0.601703,669.270,426.061
565,9.426083,15,0.520274,621.697,210.611
565,9.426083,17,0.538954,567.394,264.858
565,9.426083,18,0.349474,577.933,461.500
565,9.426083,21,0.556708,603.930,249.673
565,9.426083,22,0.401892,668.444,434.030
566,9.442767,15,0.614774,623.001,211.236
566,9.442767,17,0.685257,566.061,273.906
566,9.442767,18,0.715307,580.067,442.545
566,9.442767,21,0.719719,602.497,242.963
566,9.442767,22,0.580257,666.142,441.592
567,9.459450,15,0.361450,624.414,212.086
567,9.459450,17,0.556653,564.853,283.320
567,9.459450,18,0.604145,582.479,423.634
567,9.459450,21,0.586753,600.930,236.388
567,9.459450,22,0.615382,663.391,449.026
568,9.476133,15,0.333015,626.095,213.514
568,9.476133,17,0.443862,563.735,293.176
568,9.476133,18,0.607478,584.536,405.857
568,9.476133,21,0.334300,599.452,230.724
568,9.476133,22,0.288833,659.725,455.922
569,9.492817,15,0.414762,627.559,215.706
569,9.492817,17,0.419719,562.576,303.366
569,9.492817,18,0.607478,587.112,392.181
569,9.492817,21,0.495105,598.167,225.103
569,9.492817,22,0.288833,658.022,464.111
570,9.509500,15,0.568835,629.091,218.239
570,9.509500,17,0.342935,561.492,313.998
570,9.509500,18,0.304890,587.710,376.612
570,9.509500,21,0.545755,596.888,219.838
570,9.509500,22,0.225361,653.524,470.365
571,9.526183,15,0.442330,630.361,221.468
571,9.526183,17,0.212425,560.436,325.385
571,9.526183,18,0.626237,588.928,361.096
571,9.526183,21,0.346575,595.711,215.135
571,9.526183,22,0.179551,649.083,476.063
572,9.542867,15,0.557813,631.327,225.487
572,9.542867,17,0.360433,559.056,337.585
572,9.542867,18,0.626237,590.758,346.563
572,9.542867,21,0.597279,594.512,211.130
572,9.542867,22,0.528208,644.321,480.285
573,9.559550,15,0.461614,632.889,229.992
573,9.559550,17,0.347986,557.834,349.846
573,9.559550,18,0.495028,592.053,333.763
573,9.559550,21,0.573822,593.054,207.941
573,9.559550,22,0.528208,640.872,486.659
574,9.576233,15,0.796890,634.354,234.887
574,9.576233,17,0.588379,556.378,363.138
574,9.576233,18,0.615091,593.864,321.823
574,9.576233,21,0.731966,591.473,204.929
574,9.576233,22,0.398730,636.945,485.609
575,9.592917,15,0.274657,635.670,240.104
575,9.592917,17,0.567196,555.323,375.860
575,9.592917,18,0.426600,595.599,310.233
575,9.592917,21,0.200540,590.358,202.405
575,9.592917,22,0.463247,633.535,482.217
576,9.609600,15,0.159391,637.244,245.288
576,9.609600,17,0.459957,553.565,389.749
576,9.609600,18,0.158055,597.015,300.643
576,9.609600,21,0.200540,589.041,198.514
576,9.609600,22,0.377443,630.504,475.925
577,9.626283,15,0.566736,638.805,251.437
577,9.626283,17,0.309363,552.244,402.109
577,9.626283,18,0.564950,598.415,291.943
577,9.626283,21,0.553344,587.653,197.904
577,9.626283,22,0.377443,627.106,475.970
578,9.642967,15,0.640423,640.393,258.260
578,9.642967,17,0.278693,551.987,414.426
578,9.642967,18,0.659450,599.963,283.438
578,9.642967,21,0.374080,586.392,197.347
578,9.642967,22,0.407468,625.221,461.518
578,9.642967,23,0.183763,552.953,407.892
579,9.659650,15,0.419315,642.173,266.155
579,9.659650,17,0.278693,550.927,426.810
579,9.659650,18,0.334966,601.731,275.703
579,9.659650,21,0.178576,585.705,197.456
579,9.659650,22,0.238274,623.959,446.314
579,9.659650,23,0.183763,553.032,410.188
580,9.676333,15,0.526281,643.420,274.503
580,9.676333,17,0.278693,549.867,439.194
580,9.676333,18,0.275868,603.715,267.985
580,9.676333,21,0.381461,585.085,198.194
580,9.676333,22,0.576165,621.879,427.955
580,9.676333,23,0.183763,553.112,412.483
581,9.693017,15,0.308205,644.532,282.972
581,9.693017,17,0.278693,548.807,451.578
581,9.693017,18,0.456652,605.287,261.480
581,9.693017,21,0.611779,583.281,199.344
581,9.693017,22,0.814843,620.280,410.166
581,9.693017,23,0.183763,553.192,414.779
582,9.709700,15,0.565051,645.545,291.975
582,9.709700,17,0.170459,549.823,455.904
582,9.709700,18,0.269657,606.671,255.150
582,9.709700,21,0.518377,581.848,200.741
582,9.709700,22,0.280396,619.072,392.624
583,9.726383,15,0.250857,646.298,301.715
583,9.726383,17,0.170459,549.314,466.149
583,9.726383,18,0.309473,608.371,249.632
583,9.726383,21,0.196233,580.264,202.408
583,9.726383,22,0.280396,617.136,379.164
584,9.743067,15,0.476858,648.167,311.926
584,9.743067,17,0.170459,548.805,476.395
584,9.743067,18,0.316379,609.941,244.073
584,9.743067,21,0.229978,578.894,204.283
584,9.743067,22,0.639197,616.150,362.594
585,9.759750,15,0.672637,649.724,322.745
585,9.759750,17,0.170459,548.296,486.640
585,9.759750,18,0.641562,611.086,239.384
585,9.759750,21,0.479099,577.618,206.933
585,9.759750,22,0.297674,615.166,346.752
586,9.776433,15,0.727695,651.235,334.370
586,9.776433,18,0.612280,612.243,235.261
586,9.776433,21,0.636050,576.171,210.282
586,9.776433,22,0.231465,613.935,332.388
587,9.793117,15,0.755558,652.766,346.416
587,9.793117,18,0.456638,613.711,231.760
587,9.793117,21,0.426540,574.594,214.118
587,9.793117,22,0.333980,612.511,319.172
588,9.809800,15,0.619592,654.189,358.966
588,9.809800,18,0.427244,614.840,228.637
588,9.809800,21,0.305481,573.274,218.556
588,9.809800,22,0.415194,610.839,307.164
589,9.826483,15,0.809412,655.371,371.971
589,9.826483,18,0.573339,616.676,226.509
589,9.826483,21,0.327144,572.359,223.493
589,9.826483,22,0.254621,609.105,296.507
590,9.843167,15,0.458921,657.155,385.417
590,9.843167,18,0.373662,618.130,224.228
590,9.843167,21,0.278598,570.875,229.041
590,9.843167,22,0.244076,607.593,286.337
591,9.859850,15,0.342026,658.643,397.205
591,9.859850,18,0.547124,619.421,222.615
591,9.859850,21,0.403152,569.581,235.116
591,9.859850,22,0.470426,605.871,277.153
591,9.859850,24,0.159168,566.154,472.551
592,9.876533,15,0.269349,659.262,407.795
592,9.876533,18,0.335647,620.594,221.689
592,9.876533,21,0.293777,567.969,241.687
592,9.876533,22,0.278303,604.364,268.326
592,9.876533,24,0.159168,567.207,470.479
593,9.893217,15,0.471930,659.473,416.310
593,9.893217,18,0.501077,621.888,221.302
593,9.893217,21,0.459882,566.279,249.143
593,9.893217,22,0.532453,602.405,260.505
593,9.893217,24,0.159168,568.260,468.407
594,9.909900,15,0.471930,660.452,427.099
594,9.909900,18,0.540139,623.079,221.338
594,9.909900,21,0.462850,564.740,256.788
594,9.909900,22,0.523030,600.445,253.102
594,9.909900,24,0.159168,569.313,466.335
595,9.926583,15,0.159927,659.049,434.007
595,9.926583,18,0.678972,624.326,221.616
595,9.926583,21,0.631174,563.436,265.248
595,9.926583,22,0.558198,598.925,246.011
595,9.926583,24,0.314701,572.364,441.082
596,9.943267,15,0.159927,659.396,443.767
596,9.943267,18,0.349567,625.702,222.398
596,9.943267,21,0.214684,562.054,274.192
596,9.943267,22,0.240954,597.337,239.237
596,9.943267,24,0.308831,575.269,418.329
597,9.959950,15,0.159927,659.742,453.526
597,9.959950,18,0.591805,626.941,223.728
597,9.959950,21,0.290455,560.632,283.443
597,9.959950,22,0.403817,595.517,233.277
597,9.959950,24,0.308831,577.360,404.467
598,9.976633,15,0.159927,660.089,463.286
598,9.976633,18,0.528752,628.695,225.738
598,9.976633,21,0.187982,559.271,293.505
598,9.976633,22,0.299544,594.113,227.483
598,9.976633,24,0.308831,579.450,390.605
599,9.993317,15,0.159927,660.435,473.046
599,9.993317,18,0.336024,630.233,228.304
599,9.993317,21,0.187982,557.864,301.964
599,9.993317,22,0.299544,592.489,220.372
599,9.993317,24,0.277667,581.965,369.739
600,10.010000,15,0.159927,660.781,482.805
600,10.010000,18,0.538184,630.954,231.231
600,10.010000,21,0.302195,556.334,313.966
600,10.010000,22,0.171726,590.962,217.007
600,10.010000,24,0.709330,583.937,352.040
601,10.026683,18,0.475479,632.595,234.906
601,10.026683,21,0.428669,555.358,326.215
601,10.026683,22,0.171726,589.364,210.890
601,10.026683,24,0.621833,585.534,336.177
602,10.043367,18,0.261447,634.061,239.224
602,10.043367,21,0.536165,553.902,339.014
602,10.043367,22,0.171726,587.766,204.773
602,10.043367,24,0.460464,586.859,322.411
603,10.060050,18,0.291068,635.362,243.759
603,10.060050,21,0.423984,552.221,352.223
603,10.060050,22,0.171726,586.167,198.656
603,10.060050,24,0.315164,587.987,310.362
604,10.076733,18,0.610686,637.401,248.736
604,10.076733,21,0.521566,550.945,365.787
604,10.076733,22,0.429668,584.399,199.581
604,10.076733,24,0.650902,589.571,299.429
605,10.093417,18,0.760464,638.930,254.451
605,10.093417,21,0.353976,548.557,379.835
605,10.093417,22,0.781017,582.414,200.577
605,10.093417,24,0.647519,590.823,289.519
606,10.110100,18,0.783583,641.132,260.867
606,10.110100,21,0.586086,546.441,393.343
606,10.110100,22,0.810978,580.704,201.410
606,10.110100,24,0.741804,591.910,280.316
606,10.110100,25,0.187660,626.011,456.668
607,10.126783,18,0.594622,642.936,267.711
607,10.126783,21,0.378122,544.863,405.465
607,10.126783,22,0.634228,579.016,202.092
607,10.126783,24,0.544406,593.243,271.797
607,10.126783,25,0.187660,625.229,454.387
608,10.143467,18,0.426012,644.599,275.213
608,10.143467,21,0.597676,543.275,415.428
608,10.143467,22,0.588124,577.314,202.688
608,10.143467,24,0.578409,594.755,264.163
608,10.143467,25,0.370886,621.595,437.498
609,10.160150,18,0.396527,646.123,283.202
609,10.160150,21,0.597676,541.584,427.352
609,10.160150,22,0.664534,575.541,203.431
609,10.160150,24,0.706254,595.894,256.836
609,10.160150,25,0.474441,619.089,418.764
610,10.176833,18,0.396527,647.790,289.666
610,10.176833,21,0.597676,539.894,439.277
610,10.176833,22,0.397206,573.754,204.506
610,10.176833,24,0.201722,596.924,249.650
610,10.176833,25,0.474441,617.061,407.530
611,10.193517,18,0.515277,649.328,299.730
611,10.193517,21,0.321448,540.766,445.677
611,10.193517,22,0.285851,572.175,205.462
611,10.193517,24,0.554206,598.098,243.245
611,10.193517,25,0.361438,615.724,387.067
612,10.210200,18,0.446483,650.675,310.086
612,10.210200,21,0.300834,542.202,452.853
612,10.210200,22,0.523987,570.666,207.342
612,10.210200,24,0.402935,599.219,236.961
612,10.210200,25,0.361438,613.910,372.983
613,10.226883,18,0.629310,652.272,321.051
613,10.226883,21,0.263557,544.057,459.516
613,10.226883,22,0.354517,569.088,209.738
613,10.226883,24,0.484686,600.148,232.002
613,10.226883,25,0.361438,612.095,358.900
614,10.243567,18,0.694511,653.722,332.545
614,10.243567,21,0.263557,544.284,468.328
614,10.243567,22,0.524976,567.429,212.952
614,10.243567,24,0.630816,601.505,226.933
614,10.243567,25,0.361438,610.281,344.817
615,10.260250,18,0.655046,655.211,344.475
615,10.260250,21,0.263557,544.511,477.139
615,10.260250,22,0.654903,565.264,216.703
615,10.260250,24,0.565282,602.677,222.607
615,10.260250,25,0.318460,608.516,328.626
616,10.276933,18,0.636857,657.177,356.381
616,10.276933,21,0.263557,544.738,485.950
616,10.276933,22,0.318274,563.546,220.692
616,10.276933,24,0.221850,604.142,219.033
616,10.276933,25,0.336909,607.075,313.609
617,10.293617,18,0.454233,658.735,369.454
617,10.293617,21,0.153616,550.653,488.342
617,10.293617,22,0.306004,561.785,225.078
617,10.293617,24,0.337589,605.230,215.742
617,10.293617,25,0.524936,605.470,300.590
618,10.310300,18,0.648723,660.126,382.555
618,10.310300,21,0.153616,552.389,495.450
618,10.310300,22,0.306004,560.023,228.231
618,10.310300,24,0.257388,607.211,213.008
618,10.310300,25,0.259134,604.194,289.073
619,10.326983,18,0.688649,661.690,394.588
619,10.326983,21,0.153616,554.125,502.558
619,10.326983,22,0.643412,558.295,234.231
619,10.326983,24,0.704167,608.548,210.583
619,10.326983,25,0.513199,602.729,278.657
620,10.343667,18,0.225077,662.391,405.067
620,10.343667,21,0.178120,560.325,494.974
620,10.343667,22,0.356429,556.556,240.949
620,10.343667,24,0.305865,609.839,208.729
620,10.343667,25,0.362981,601.158,269.364
621,10.360350,18,0.484760,662.490,413.798
621,10.360350,21,0.344742,565.419,484.923
621,10.360350,22,0.710987,555.152,248.237
621,10.360350,24,0.531583,610.965,207.887
621,10.360350,25,0.556169,599.968,260.337
622,10.377033,18,0.168687,661.769,421.344
622,10.377033,21,0.337614,569.706,472.717
622,10.377033,22,0.728820,553.562,255.930
622,10.377033,24,0.443096,612.250,207.346
622,10.377033,25,0.532389,598.479,252.318
623,10.393717,18,0.232248,659.952,428.735
623,10.393717,21,0.161116,572.917,459.019
623,10.393717,22,0.558726,551.710,264.339
623,10.393717,24,0.365653,613.444,207.301
623,10.393717,25,0.550834,596.971,244.373
624,10.410400,18,0.339635,657.115,435.784
624,10.410400,21,0.161116,576.493,452.837
624,10.410400,22,0.686949,550.078,273.153
624,10.410400,24,0.523932,614.402,207.865
624,10.410400,25,0.655908,595.497,237.653
625,10.427083,18,0.264084,654.074,442.981
625,10.427083,21,0.613365,578.815,433.706
625,10.427083,22,0.425943,548.074,282.354
625,10.427083,24,0.464412,615.123,208.786
625,10.427083,25,0.436057,594.064,231.376
626,10.443767,18,0.322977,650.904,450.013
626,10.443767,21,0.457789,580.444,414.442
626,10.443767,22,0.680387,546.413,291.681
626,10.443767,24,0.533317,616.514,209.865
626,10.443767,25,0.612006,592.652,225.422
627,10.460450,18,0.414433,647.136,457.061
627,10.460450,21,0.548327,581.532,395.804
627,10.460450,22,0.406154,544.502,301.591
627,10.460450,24,0.690218,617.783,211.658
627,10.460450,25,0.180472,591.127,220.068
628,10.477133,18,0.169998,642.994,463.929
628,10.477133,21,0.548327,583.889,381.912
628,10.477133,22,0.387419,542.798,312.208
628,10.477133,24,0.399850,618.828,213.935
628,10.477133,25,0.337767,589.976,215.317
629,10.493817,18,0.169998,640.150,471.410
629,10.493817,21,0.672851,585.038,364.960
629,10.493817,22,0.331309,541.091,323.086
629,10.493817,24,0.486277,619.848,216.698
629,10.493817,25,0.399751,588.535,211.093
630,10.510500,18,0.163838,635.788,476.198
630,10.510500,21,0.236826,586.079,348.803
630,10.510500,22,0.438189,539.440,334.746
630,10.510500,24,0.320000,620.865,220.041
630,10.510500,25,0.387044,587.435,207.110
631,10.527183,18,0.163838,632.541,482.965
631,10.527183,21,0.494301,586.976,335.391
631,10.527183,22,0.495247,537.929,347.118
631,10.527183,24,0.544531,621.831,224.203
631,10.527183,25,0.418188,586.397,203.858
632,10.543867,18,0.163838,629.294,489.731
632,10.543867,21,0.538621,588.510,322.461
632,10.543867,22,0.637238,536.185,360.410
632,10.543867,24,0.507976,622.805,228.940
632,10.543867,25,0.478568,585.124,200.844
633,10.560550,18,0.176005,626.042,488.265
633,10.560550,21,0.490283,590.001,310.628
633,10.560550,22,0.727124,534.346,373.591
633,10.560550,24,0.324107,623.898,234.003
633,10.560550,25,0.328069,583.518,199.085
634,10.577233,18,0.176005,622.793,492.847
634,10.577233,21,0.179231,591.259,299.763
634,10.577233,22,0.660687,532.715,387.658
634,10.577233,24,0.198208,625.270,239.849
634,10.577233,25,0.328069,582.171,195.450
635,10.593917,18,0.176005,619.545,497.428
635,10.593917,21,0.168154,592.675,289.672
635,10.593917,22,0.410560,530.275,400.210
635,10.593917,24,0.262522,626.373,245.503
635,10.593917,25,0.328069,580.825,191.814
636,10.610600,18,0.424723,616.977,483.276
636,10.610600,21,0.191955,594.206,280.613
636,10.610600,22,0.531614,529.211,411.342
636,10.610600,24,0.254794,627.169,251.872
636,10.610600,25,0.210255,579.130,192.086
637,10.627283,18,0.478545,615.282,467.716
637,10.627283,21,0.375428,595.577,272.300
637,10.627283,22,0.508988,528.562,421.219
637,10.627283,24,0.451938,628.557,259.311
637,10.627283,25,0.280711,577.888,192.758
638,10.643967,18,0.747021,613.053,450.375
638,10.643967,21,0.512528,597.030,264.546
638,10.643967,22,0.567420,528.399,429.509
638,10.643967,24,0.634253,629.725,267.393
638,10.643967,25,0.452605,576.560,193.747
639,10.660650,18,0.668000,611.407,431.591
639,10.660650,21,0.662152,598.294,257.290
639,10.660650,22,0.491220,529.546,438.475
639,10.660650,24,0.651066,630.742,275.701
639,10.660650,25,0.510360,574.922,194.761
640,10.677333,18,0.822611,609.413,413.526
640,10.677333,21,0.596594,599.285,250.549
640,10.677333,22,0.544301,531.388,445.591
640,10.677333,24,0.610411,631.552,284.253
640,10.677333,25,0.393369,573.518,196.158
641,10.694017,18,0.696118,607.991,395.956
641,10.694017,21,0.239183,600.536,244.168
641,10.694017,22,0.688957,533.805,453.019
641,10.694017,24,0.478757,632.734,293.841
641,10.694017,25,0.261001,571.826,197.853
642,10.710700,18,0.412261,607.177,380.105
642,10.710700,21,0.460743,602.003,238.259
642,10.710700,22,0.665243,537.052,460.161
642,10.710700,24,0.655229,634.431,303.937
642,10.710700,25,0.590346,570.550,200.452
643,10.727383,18,0.412261,605.475,365.625
643,10.727383,21,0.667022,603.620,232.931
643,10.727383,22,0.404458,540.731,466.963
643,10.727383,24,0.698413,635.866,314.568
643,10.727383,25,0.648697,569.201,202.907
644,10.744067,18,0.412261,603.772,351.144
644,10.744067,21,0.567221,604.843,228.037
644,10.744067,22,0.367465,544.365,472.449
644,10.744067,24,0.650647,636.934,325.496
644,10.744067,25,0.518314,567.523,205.853
645,10.760750,18,0.412261,602.069,336.664
645,10.760750,21,0.398304,606.115,223.613
645,10.760750,22,0.367465,546.804,479.772
645,10.760750,24,0.344089,638.304,337.168
645,10.760750,25,0.279659,566.368,209.410
646,10.777433,18,0.412261,600.367,322.183
646,10.777433,21,0.200809,607.942,219.917
646,10.777433,22,0.367465,549.244,487.095
646,10.777433,24,0.491162,639.251,349.381
646,10.777433,25,0.455701,565.024,213.568
647,10.794117,18,0.419400,600.093,310.365
647,10.794117,21,0.447674,609.414,216.596
647,10.794117,22,0.367465,551.684,494.417
647,10.794117,24,0.508067,640.488,362.299
647,10.794117,25,0.305775,563.244,218.144
648,10.810800,18,0.346391,599.372,299.682
648,10.810800,21,0.300829,610.782,213.693
648,10.810800,22,0.367465,554.123,501.740
648,10.810800,24,0.704001,641.708,375.171
648,10.810800,25,0.304625,561.782,223.159
649,10.827483,18,0.320748,598.784,289.764
649,10.827483,21,0.561237,612.365,211.720
649,10.827483,22,0.367465,556.563,509.062
649,10.827483,24,0.218746,642.590,388.180
649,10.827483,25,0.281884,560.293,229.196
650,10.844167,18,0.526630,597.938,280.447
650,10.844167,21,0.380940,613.691,209.757
650,10.844167,24,0.266163,644.179,398.475
650,10.844167,25,0.379957,558.707,235.653
651,10.860850,18,0.203502,596.881,271.919
651,10.860850,21,0.536325,614.853,208.617
651,10.860850,24,0.495119,645.348,408.858
651,10.860850,25,0.269546,557.241,242.418
652,10.877533,18,0.479479,595.707,263.955
652,10.877533,21,0.684744,616.014,208.112
652,10.877533,24,0.157816,646.150,418.829
652,10.877533,25,0.661571,555.898,249.816
653,10.894217,18,0.698566,594.736,256.282
653,10.894217,21,0.700594,617.352,208.001
653,10.894217,24,0.611234,645.504,427.060
653,10.894217,25,0.806830,554.590,257.644
654,10.910900,18,0.430004,593.519,249.092
654,10.910900,21,0.445401,619.005,208.548
654,10.910900,24,0.611234,646.150,437.265
654,10.910900,25,0.806830,553.172,264.075
655,10.927583,18,0.331207,592.159,242.409
655,10.927583,21,0.321140,620.624,209.430
655,10.927583,24,0.611234,646.795,447.471
655,10.927583,25,0.293934,551.643,273.551
656,10.944267,18,0.377338,590.749,236.076
656,10.944267,21,0.560406,621.947,210.717
656,10.944267,24,0.611234,647.440,457.677
656,10.944267,25,0.394086,550.005,283.322
656,10.944267,26,0.547569,577.611,398.774
657,10.960950,18,0.377338,589.530,228.364
657,10.960950,21,0.440010,623.113,212.619
657,10.960950,24,0.611234,648.085,467.882
657,10.960950,25,0.252325,548.307,293.695
657,10.960950,26,0.184940,578.883,385.008
658,10.977633,18,0.454475,588.424,223.877
658,10.977633,21,0.607451,624.397,214.790
658,10.977633,24,0.611234,648.730,478.088
658,10.977633,25,0.538523,546.644,304.419
658,10.977633,26,0.502281,580.431,370.809
659,10.994317,18,0.373532,587.350,220.026
659,10.994317,21,0.574583,625.829,217.793
659,10.994317,25,0.510630,545.189,315.892
659,10.994317,26,0.672766,581.755,356.025
660,11.011000,18,0.262113,586.360,216.404
660,11.011000,21,0.618396,627.230,221.548
660,11.011000,25,0.504214,543.884,327.645
660,11.011000,26,0.707635,583.644,343.021
661,11.027683,18,0.688980,585.405,213.254
661,11.027683,21,0.820272,628.457,225.716
661,11.027683,25,0.724289,542.318,339.878
661,11.027683,26,0.808021,584.717,329.760
662,11.044367,18,0.242294,584.034,210.411
662,11.044367,21,0.538197,629.894,230.564
662,11.044367,25,0.684652,540.920,352.941
662,11.044367,26,0.633337,585.880,318.269
663,11.061050,18,0.312268,582.512,208.502
663,11.061050,21,0.595505,630.978,235.800
663,11.061050,25,0.697110,539.505,366.179
663,11.061050,26,0.589339,587.304,307.503
664,11.077733,18,0.287543,581.326,206.218
664,11.077733,21,0.596488,632.350,241.530
664,11.077733,25,0.705679,537.907,379.771
664,11.077733,26,0.494901,588.072,297.565
665,11.094417,18,0.371967,579.837,204.828
665,11.094417,21,0.663797,633.697,247.939
665,11.094417,25,0.450544,536.228,392.832
665,11.094417,26,0.522742,588.759,288.376
666,11.111100,18,0.297789,578.580,204.144
666,11.111100,21,0.380213,634.829,254.558
666,11.111100,25,0.450544,534.682,405.364
666,11.111100,26,0.219257,589.441,279.843
667,11.127783,18,0.317626,577.301,203.822
667,11.127783,21,0.417258,636.126,262.032
667,11.127783,25,0.450544,533.137,417.897
667,11.127783,26,0.219257,590.369,269.752
668,11.144467,18,0.648263,575.992,203.962
668,11.144467,21,0.481529,637.880,269.955
668,11.144467,25,0.288290,532.641,424.578
668,11.144467,26,0.434998,591.149,263.254
669,11.161150,18,0.593308,574.570,204.605
669,11.161150,21,0.426057,639.649,278.230
669,11.161150,25,0.423777,532.109,431.876
669,11.161150,26,0.607845,591.733,257.137
670,11.177833,18,0.399355,573.190,205.683
670,11.177833,21,0.391525,641.393,287.296
670,11.177833,25,0.197492,532.473,439.291
670,11.177833,26,0.555076,592.488,251.533
670,11.177833,27,0.449328,617.724,402.760
671,11.194517,18,0.425046,571.910,207.800
671,11.194517,21,0.303345,642.808,296.983
671,11.194517,25,0.616067,533.422,447.047
671,11.194517,26,0.489773,593.457,246.015
671,11.194517,27,0.449328,617.470,399.084
672,11.211200,18,0.527591,570.096,210.369
672,11.211200,21,0.576183,644.161,307.115
672,11.211200,25,0.195139,535.063,454.941
672,11.211200,26,0.530783,594.457,240.970
672,11.211200,27,0.449328,617.216,395.407
673,11.227883,18,0.337228,568.779,213.383
673,11.227883,21,0.535253,645.356,317.819
673,11.227883,25,0.153224,538.698,462.953
673,11.227883,26,0.421502,595.275,236.329
673,11.227883,27,0.449328,616.962,391.731
674,11.244567,18,0.479844,568.047,216.759
674,11.244567,21,0.611450,646.464,329.297
674,11.244567,25,0.383708,541.979,470.195
674,11.244567,26,0.369507,596.035,232.393
675,11.261250,18,0.322079,566.711,220.741
675,11.261250,21,0.643626,648.021,341.088
675,11.261250,25,0.158548,545.577,475.547
675,11.261250,26,0.275263,597.133,229.115
676,11.277933,18,0.304287,565.740,225.065
676,11.277933,21,0.835130,649.377,353.482
676,11.277933,25,0.158548,547.790,482.949
676,11.277933,26,0.426990,598.248,226.341
677,11.294617,18,0.358156,564.302,230.191
677,11.294617,21,0.741105,650.737,366.697
677,11.294617,25,0.158548,550.003,490.352
677,11.294617,26,0.269815,599.233,223.941
678,11.311300,18,0.221693,562.828,235.650
678,11.311300,21,0.619102,652.323,380.022
678,11.311300,25,0.158548,552.216,497.754
678,11.311300,26,0.235976,600.060,222.010
678,11.311300,28,0.405128,604.307,305.795
679,11.327983,18,0.575221,561.536,241.860
679,11.327983,21,0.638629,653.186,391.159
679,11.327983,25,0.169545,557.053,494.346
679,11.327983,26,0.347419,600.780,221.193
679,11.327983,28,0.732910,602.101,297.129
680,11.344667,18,0.259594,560.354,248.293
680,11.344667,21,0.638629,654.465,402.914
680,11.344667,25,0.220638,561.609,487.142
680,11.344667,26,0.368262,601.708,220.440
680,11.344667,28,0.603289,600.157,287.183
681,11.361350,18,0.426393,558.970,255.567
681,11.361350,21,0.250572,654.688,411.513
681,11.361350,25,0.220638,564.955,488.561
681,11.361350,26,0.436472,602.701,220.201
681,11.361350,28,0.642347,598.265,277.628
682,11.378033,18,0.363384,557.640,263.000
682,11.378033,21,0.205322,654.334,419.284
682,11.378033,25,0.184314,567.567,473.402
682,11.378033,26,0.190169,603.512,220.462
682,11.378033,28,0.392246,596.203,268.533
683,11.394717,18,0.749271,556.372,271.644
683,11.394717,21,0.205322,654.974,429.366
683,11.394717,25,0.494132,569.875,455.667
683,11.394717,26,0.599932,604.284,221.421
683,11.394717,28,0.782634,594.614,260.340
684,11.411400,18,0.689185,555.015,280.660
684,11.411400,21,0.205322,655.614,439.448
684,11.411400,25,0.494132,572.802,448.771
684,11.411400,26,0.281334,604.859,222.289
684,11.411400,28,0.552421,592.583,252.671
685,11.428083,18,0.778270,553.689,289.914
685,11.428083,21,0.186233,652.633,446.243
685,11.428083,25,0.477376,573.971,426.449
685,11.428083,26,0.414364,605.823,224.263
685,11.428083,28,0.591142,590.701,245.322
686,11.444767,18,0.552365,552.348,299.618
686,11.444767,21,0.181181,649.173,453.373
686,11.444767,25,0.578922,575.158,405.690
686,11.444767,26,0.334549,606.468,226.965
686,11.444767,28,0.560351,589.152,239.088
687,11.461450,18,0.679259,550.562,309.140
687,11.461450,21,0.170438,645.512,459.203
687,11.461450,25,0.664504,576.916,385.371
687,11.461450,26,0.529070,607.859,229.648
687,11.461450,28,0.512070,587.327,233.621
688,11.478133,18,0.777636,549.278,320.040
688,11.478133,21,0.274503,641.241,465.251
688,11.478133,25,0.789385,578.503,368.039
688,11.478133,26,0.609370,609.021,233.087
688,11.478133,28,0.761111,585.971,228.776
689,11.494817,18,0.748840,547.818,331.709
689,11.494817,21,0.483223,637.245,471.087
689,11.494817,25,0.835092,579.820,351.925
689,11.494817,26,0.791303,609.953,236.537
689,11.494817,28,0.810071,584.201,224.624
690,11.511500,18,0.726706,546.558,344.241
690,11.511500,21,0.533941,633.454,475.251
690,11.511500,25,0.757872,581.667,338.241
690,11.511500,26,0.676805,610.990,240.702
690,11.511500,28,0.675704,582.358,221.174
691,11.528183,18,0.789148,545.261,356.917
691,11.528183,21,0.344081,630.190,477.947
691,11.528183,25,0.684752,583.011,324.684
691,11.528183,26,0.656692,611.713,245.538
691,11.528183,28,0.421821,581.073,218.272
692,11.544867,18,0.161668,544.104,370.194
692,11.544867,21,0.271690,627.244,478.387
692,11.544867,25,0.530720,584.965,313.202
692,11.544867,26,0.247974,612.659,250.701
692,11.544867,28,0.260177,579.826,215.883
693,11.561550,18,0.811476,542.803,383.726
693,11.561550,21,0.541225,624.166,476.410
693,11.561550,25,0.656286,587.078,302.249
693,11.561550,26,0.717062,613.266,256.890
693,11.561550,28,0.455175,578.103,214.036
694,11.578233,18,0.609480,541.358,398.000
694,11.578233,21,0.541225,621.071,478.833
694,11.578233,25,0.356708,588.397,292.948
694,11.578233,26,0.217672,613.937,263.018
694,11.578233,28,0.232962,576.223,212.948
695,11.594917,18,0.630336,540.025,411.155
695,11.594917,21,0.541225,617.976,481.255
695,11.594917,25,0.356708,590.098,280.804
695,11.594917,26,0.314714,614.509,270.325
695,11.594917,28,0.229630,574.330,212.448
696,11.611600,18,0.746464,538.652,422.709
696,11.611600,21,0.541225,614.881,483.678
696,11.611600,25,0.356708,591.799,268.659
696,11.611600,26,0.260574,615.522,277.934
696,11.611600,28,0.168575,572.604,212.289
697,11.628283,18,0.637557,537.576,431.977
697,11.628283,21,0.541225,611.786,486.100
697,11.628283,25,0.196176,592.974,262.329
697,11.628283,26,0.403475,616.897,286.031
697,11.628283,28,0.350277,570.554,212.826
698,11.644967,18,0.486502,536.413,440.163
698,11.644967,21,0.541225,608.691,488.523
698,11.644967,25,0.225699,594.241,255.905
698,11.644967,26,0.194567,618.188,294.840
698,11.644967,28,0.231423,568.721,213.617
699,11.661650,18,0.589350,535.647,448.168
699,11.661650,25,0.399236,595.512,250.176
699,11.661650,26,0.417948,619.199,304.278
699,11.661650,28,0.313639,566.913,214.875
700,11.678333,18,0.831370,535.613,455.640
700,11.678333,25,0.805813,596.920,244.322
700,11.678333,26,0.799903,619.761,314.140
700,11.678333,28,0.696245,564.909,216.668
701,11.695017,18,0.647375,536.486,462.651
701,11.695017,25,0.655026,598.345,238.867
701,11.695017,26,0.643187,620.297,324.598
701,11.695017,28,0.607855,563.196,218.882
701,11.695017,29,0.235144,610.386,382.735
702,11.711700,18,0.648212,538.010,469.647
702,11.711700,25,0.545787,599.834,233.644
702,11.711700,26,0.704821,620.910,335.672
702,11.711700,28,0.617017,561.301,221.946
702,11.711700,29,0.462156,609.173,369.617
703,11.728383,18,0.468405,540.050,474.753
703,11.728383,25,0.511660,601.095,228.627
703,11.728383,26,0.289800,621.636,347.121
703,11.728383,28,0.646796,559.718,225.453
703,11.728383,29,0.302588,611.632,355.561
704,11.745067,18,0.468405,540.684,482.177
704,11.745067,25,0.286809,602.624,223.998
704,11.745067,26,0.368207,622.459,358.764
704,11.745067,28,0.554624,557.926,229.789
704,11.745067,29,0.302588,612.083,346.326
705,11.761750,18,0.260639,544.333,485.549
705,11.761750,25,0.446220,603.999,219.955
705,11.761750,26,0.700616,623.265,371.061
705,11.761750,28,0.717207,556.353,234.435
705,11.761750,29,0.611241,607.793,331.302
706,11.778433,18,0.247140,547.978,486.490
706,11.778433,25,0.431160,605.038,216.675
706,11.778433,26,0.202925,624.422,384.074
706,11.778433,28,0.753278,554.717,239.568
706,11.778433,29,0.486644,604.523,317.773
707,11.795117,18,0.247140,550.000,491.404
707,11.795117,25,0.168351,606.361,213.479
707,11.795117,26,0.202925,625.302,395.558
707,11.795117,28,0.753278,553.017,243.253
707,11.795117,29,0.486644,602.863,306.032
708,11.811800,18,0.247140,552.021,496.317
708,11.811800,25,0.192412,608.183,211.031
708,11.811800,26,0.255400,625.480,405.545
708,11.811800,28,0.325343,551.044,249.749
708,11.811800,29,0.159480,599.921,295.319
709,11.828483,18,0.153659,555.735,484.791
709,11.828483,25,0.196518,609.711,208.753
709,11.828483,26,0.454586,624.843,415.482
709,11.828483,28,0.227174,548.988,256.927
709,11.828483,29,0.155448,597.669,285.742
710,11.845167,18,0.153659,558.205,485.342
710,11.845167,25,0.232324,611.183,207.452
710,11.845167,26,0.489418,624.228,424.332
710,11.845167,28,0.444207,547.054,264.701
710,11.845167,29,0.373754,595.590,277.039
711,11.861850,18,0.153659,560.676,485.893
711,11.861850,25,0.280107,612.668,206.159
711,11.861850,26,0.359650,623.887,432.444
711,11.861850,28,0.224164,545.627,272.948
711,11.861850,29,0.250106,593.978,269.011
712,11.878533,18,0.153659,563.146,486.443
712,11.878533,25,0.280107,614.143,203.708
712,11.878533,26,0.359650,623.860,442.141
712,11.878533,28,0.224164,543.874,279.436
712,11.878533,29,0.250106,592.024,259.266
713,11.895217,18,0.153659,565.616,486.994
713,11.895217,25,0.183065,615.075,204.055
713,11.895217,26,0.216798,623.858,449.902
713,11.895217,28,0.186659,541.967,289.093
713,11.895217,29,0.199769,590.288,252.903
714,11.911900,25,0.183065,616.407,202.346
714,11.911900,26,0.216798,623.838,459.085
714,11.911900,28,0.186659,540.173,296.423
714,11.911900,29,0.199769,588.393,244.052
715,11.928583,25,0.458745,618.142,205.120
715,11.928583,26,0.216798,623.818,468.268
715,11.928583,28,0.392823,538.342,307.805
715,11.928583,29,0.183981,587.153,239.243
715,11.928583,30,0.172235,572.884,391.858
716,11.945267,25,0.490612,619.679,207.866
716,11.945267,26,0.304536,624.178,471.904
716,11.945267,28,0.526717,536.369,319.729
716,11.945267,29,0.285586,586.152,235.051
716,11.945267,30,0.172235,573.720,388.382
717,11.961950,25,0.428960,621.250,211.138
717,11.961950,26,0.159291,624.451,475.012
717,11.961950,28,0.627854,534.451,332.031
717,11.961950,29,0.202600,585.150,231.323
717,11.961950,30,0.758646,575.879,371.055
718,11.978633,25,0.682206,622.412,214.167
718,11.978633,26,0.159291,624.583,481.501
718,11.978633,28,0.713535,532.766,344.377
718,11.978633,29,0.450250,583.352,227.585
718,11.978633,30,0.399992,578.343,354.246
719,11.995317,25,0.304825,623.735,217.763
719,11.995317,26,0.159291,624.715,487.990
719,11.995317,28,0.420114,530.749,356.834
719,11.995317,29,0.450250,581.854,222.182
719,11.995317,30,0.272849,580.806,339.385
720,12.012000,25,0.517959,624.909,221.665
720,12.012000,26,0.159291,624.847,494.479
720,12.012000,28,0.461333,528.990,370.140
720,12.012000,29,0.450250,580.355,216.778
720,12.012000,30,0.548786,583.418,325.545
721,12.028683,25,0.529937,626.346,225.932
721,12.028683,26,0.159291,624.979,500.968
721,12.028683,28,0.813271,527.342,383.184
721,12.028683,29,0.201178,578.650,215.646
721,12.028683,30,0.471207,585.738,313.209
722,12.045367,25,0.303890,628.126,230.822
722,12.045367,26,0.159291,625.111,507.458
722,12.045367,28,0.452454,525.315,396.920
722,12.045367,29,0.157270,577.446,214.969
722,12.045367,30,0.292835,587.517,302.356
723,12.062050,25,0.405091,629.808,236.172
723,12.062050,28,0.577772,524.100,409.054
723,12.062050,29,0.196742,576.317,215.047
723,12.062050,30,0.272335,589.369,292.481
724,12.078733,25,0.599922,630.888,241.854
724,12.078733,28,0.526866,522.827,419.574
724,12.078733,29,0.339037,574.761,215.146
724,12.078733,30,0.473861,591.090,283.276
725,12.095417,25,0.511161,632.285,248.448
725,12.095417,28,0.491365,521.857,430.125
725,12.095417,29,0.339037,573.340,213.398
725,12.095417,30,0.415003,592.680,274.932
726,12.112100,25,0.321107,633.965,255.362
726,12.112100,28,0.411049,521.856,438.229
726,12.112100,29,0.339037,571.919,211.650
726,12.112100,30,0.319214,594.467,267.100
727,12.128783,25,0.230896,635.427,263.039
727,12.128783,28,0.181897,523.076,445.828
727,12.128783,29,0.339037,570.498,209.902
727,12.128783,30,0.313136,596.189,260.835
728,12.145467,25,0.177426,637.187,271.255
728,12.145467,28,0.154524,525.281,453.506
728,12.145467,29,0.339037,569.077,208.154
728,12.145467,30,0.404670,597.618,254.478
729,12.162150,25,0.172185,638.967,279.948
729,12.162150,28,0.158424,528.307,460.623
729,12.162150,29,0.339037,567.656,206.406
729,12.162150,30,0.232663,598.982,248.623
730,12.178833,25,0.462991,640.425,289.217
730,12.178833,28,0.158424,529.303,469.314
730,12.178833,29,0.389063,565.720,213.600
730,12.178833,30,0.414862,600.717,243.506
731,12.195517,25,0.649576,642.024,298.883
731,12.195517,28,0.343125,534.512,474.397
731,12.195517,29,0.556172,564.066,219.585
731,12.195517,30,0.614153,602.427,238.782
731,12.195517,31,0.501051,606.625,356.449
732,12.212200,25,0.555259,643.533,308.554
732,12.212200,28,0.343125,536.625,482.131
732,12.212200,29,0.524733,562.395,224.833
732,12.212200,30,0.595122,604.057,234.349
732,12.212200,31,0.494156,604.685,339.871
733,12.228883,25,0.422155,644.881,319.718
733,12.228883,28,0.202573,543.032,485.549
733,12.228883,29,0.553706,560.499,230.601
733,12.228883,30,0.538604,605.756,230.644
733,12.228883,31,0.621152,602.690,324.558
734,12.245567,25,0.557383,645.940,331.080
734,12.245567,28,0.202573,546.285,492.137
734,12.245567,29,0.534687,558.440,235.953
734,12.245567,30,0.377857,607.947,227.426
734,12.245567,31,0.461861,600.446,310.974
735,12.262250,25,0.218802,647.570,343.258
735,12.262250,28,0.202573,549.538,498.725
735,12.262250,29,0.243132,556.816,241.259
735,12.262250,30,0.191478,609.933,224.602
735,12.262250,31,0.321526,598.902,299.035
736,12.278933,25,0.627060,649.299,355.875
736,12.278933,28,0.202573,552.791,505.313
736,12.278933,29,0.516727,555.237,246.885
736,12.278933,30,0.178273,611.968,222.043
736,12.278933,31,0.283286,597.488,287.834
737,12.295617,25,0.672684,650.393,368.978
737,12.295617,28,0.160592,559.595,490.202
737,12.295617,29,0.248010,553.311,253.152
737,12.295617,30,0.370315,613.628,219.963
737,12.295617,31,0.589453,596.020,277.734
738,12.312300,25,0.456997,651.655,382.280
738,12.312300,28,0.260259,565.313,474.791
738,12.312300,29,0.571766,551.331,259.788
738,12.312300,30,0.424019,615.730,218.786
738,12.312300,31,0.441479,594.775,268.323
739,12.328983,25,0.268393,652.368,394.328
739,12.328983,28,0.260259,569.913,471.311
739,12.328983,29,0.374372,549.572,267.014
739,12.328983,30,0.303236,617.650,218.280
739,12.328983,31,0.463370,592.953,259.613
740,12.345667,25,0.268393,653.564,406.371
740,12.345667,28,0.260259,574.512,467.831
740,12.345667,29,0.337619,547.751,274.785
740,12.345667,30,0.432718,619.534,218.457
740,12.345667,31,0.466044,591.308,251.720
741,12.362350,25,0.262331,653.575,416.328
741,12.362350,28,0.260259,579.112,464.350
741,12.362350,29,0.321541,546.223,283.039
741,12.362350,30,0.276242,621.517,218.814
741,12.362350,31,0.334515,589.827,244.556
742,12.379033,25,0.306854,652.857,425.510
742,12.379033,28,0.260259,583.711,460.870
742,12.379033,29,0.495928,544.677,291.489
742,12.379033,30,0.278243,622.999,219.721
742,12.379033,31,0.197605,588.069,237.591
743,12.395717,25,0.260404,651.456,435.303
743,12.395717,29,0.434024,542.863,300.739
743,12.395717,30,0.516930,624.886,221.395
743,12.395717,31,0.197605,586.445,229.049
743,12.395717,32,0.317587,577.487,391.185
744,12.412400,25,0.260404,651.420,445.892
744,12.412400,29,0.364341,541.274,310.825
744,12.412400,30,0.526830,626.511,223.334
744,12.412400,31,0.508931,585.433,224.200
744,12.412400,32,0.464151,578.930,377.655
745,12.429083,25,0.313344,647.746,454.909
745,12.429083,29,0.397831,539.644,321.422
745,12.429083,30,0.590337,628.097,225.884
745,12.429083,31,0.427256,583.881,219.784
745,12.429083,32,0.704429,581.080,363.773
746,12.445767,25,0.170568,644.180,463.129
746,12.445767,29,0.711575,538.156,332.563
746,12.445767,30,0.446899,629.908,229.433
746,12.445767,31,0.486956,582.048,215.644
746,12.445767,32,0.388859,583.373,349.406
747,12.462450,25,0.170568,642.498,472.783
747,12.462450,29,0.576203,535.941,344.491
747,12.462450,30,0.397758,631.273,233.229
747,12.462450,31,0.204601,580.530,212.281
747,12.462450,32,0.388859,584.919,338.510
748,12.479133,25,0.222578,638.420,478.188
748,12.479133,29,0.474762,533.877,356.999
748,12.479133,30,0.353340,632.905,237.268
748,12.479133,31,0.161473,578.829,209.187
748,12.479133,32,0.297110,587.303,323.872
749,12.495817,25,0.256120,634.598,480.494
749,12.495817,29,0.536441,532.103,370.538
749,12.495817,30,0.291905,634.760,241.533
749,12.495817,31,0.233891,577.302,205.968
749,12.495817,32,0.335797,589.362,310.875
750,12.512500,25,0.256120,631.881,487.369
750,12.512500,29,0.507474,530.007,383.208
750,12.512500,30,0.189467,636.443,246.698
750,12.512500,31,0.301445,575.901,203.692
750,12.512500,32,0.243174,590.954,299.602
751,12.529183,25,0.256120,629.164,494.245
751,12.529183,29,0.601853,528.003,396.235
751,12.529183,30,0.619553,638.131,252.602
751,12.529183,31,0.535923,574.220,201.612
751,12.529183,32,0.632670,592.484,288.889
752,12.545867,25,0.256120,626.447,501.120
752,12.545867,29,0.695203,526.346,408.875
752,12.545867,30,0.563338,640.056,258.788
752,12.545867,31,0.554955,572.844,200.198
752,12.545867,32,0.703250,594.390,278.514
753,12.562550,25,0.256120,623.729,507.996
753,12.562550,29,0.568828,525.422,419.274
753,12.562550,30,0.546469,642.109,265.838
753,12.562550,31,0.503901,571.358,199.558
753,12.562550,32,0.697177,595.862,269.516
754,12.579233,25,0.256120,621.012,514.872
754,12.579233,29,0.618664,525.113,428.761
754,12.579233,30,0.537740,644.022,273.365
754,12.579233,31,0.266125,569.656,199.369
754,12.579233,32,0.696018,597.443,261.566
755,12.595917,29,0.376785,525.978,438.002
755,12.595917,30,0.436564,645.541,281.502
755,12.595917,31,0.507500,568.411,199.631
755,12.595917,32,0.487251,599.332,254.114
755,12.595917,33,0.402070,619.882,421.653
756,12.612600,29,0.376785,525.279,448.663
756,12.612600,30,0.455008,647.832,290.032
756,12.612600,31,0.406388,566.973,200.381
756,12.612600,32,0.658224,600.374,247.347
756,12.612600,33,0.375708,618.665,408.464
757,12.629283,29,0.522718,528.355,456.052
757,12.629283,30,0.557828,649.553,299.240
757,12.629283,31,0.183055,565.150,201.197
757,12.629283,32,0.523651,602.330,241.199
757,12.629283,33,0.646450,617.256,394.119
758,12.645967,29,0.501244,531.869,462.938
758,12.645967,30,0.551177,651.183,308.195
758,12.645967,31,0.514527,563.539,202.690
758,12.645967,32,0.418269,603.623,235.348
758,12.645967,33,0.646450,616.297,384.724
759,12.662650,29,0.501244,533.024,471.959
759,12.662650,30,0.652721,652.892,318.518
759,12.662650,31,0.344023,561.958,204.464
759,12.662650,32,0.231507,604.959,230.129
759,12.662650,33,0.646450,615.338,375.329
760,12.679333,29,0.437923,537.963,475.953
760,12.679333,30,0.587736,654.395,329.534
760,12.679333,31,0.365518,560.287,206.875
760,12.679333,32,0.507890,606.177,225.219
760,12.679333,33,0.425858,613.487,356.478
761,12.696017,29,0.172570,542.969,479.616
761,12.696017,30,0.607784,656.155,340.627
761,12.696017,31,0.314163,558.925,210.075
761,12.696017,32,0.347603,607.715,220.978
761,12.696017,33,0.447093,611.618,340.086
762,12.712700,29,0.172570,545.883,486.235
762,12.712700,30,0.827118,657.877,352.365
762,12.712700,31,0.432976,557.475,213.581
762,12.712700,32,0.498103,609.249,217.246
762,12.712700,33,0.694010,609.612,325.864
763,12.729383,29,0.172570,548.798,492.854
763,12.729383,30,0.749827,659.715,365.103
763,12.729383,31,0.700316,555.873,217.570
763,12.729383,32,0.425253,610.584,214.073
763,12.729383,33,0.764347,608.159,313.332
764,12.746067,29,0.172570,551.712,499.473
764,12.746067,30,0.716659,661.662,377.767
764,12.746067,31,0.382528,554.544,222.292
764,12.746067,32,0.165190,612.135,211.087
764,12.746067,33,0.509224,606.856,302.054
765,12.762750,29,0.172570,554.627,506.092
765,12.762750,30,0.395768,663.690,391.149
765,12.762750,31,0.428805,552.853,227.634
765,12.762750,32,0.272955,613.652,209.077
765,12.762750,33,0.631408,605.328,291.925
766,12.779433,29,0.172570,557.541,512.711
766,12.779433,30,0.302223,665.741,402.395
766,12.779433,31,0.271296,550.919,233.427
766,12.779433,32,0.252601,614.780,207.548
766,12.779433,33,0.380016,604.081,282.788
767,12.796117,30,0.492460,667.066,412.285
767,12.796117,31,0.249069,549.207,240.067
767,12.796117,32,0.412792,616.588,206.171
767,12.796117,33,0.335923,602.847,274.528
768,12.812800,30,0.639766,667.415,420.545
768,12.812800,31,0.665586,547.443,246.757
768,12.812800,32,0.486778,618.254,205.654
768,12.812800,33,0.361278,601.480,266.691
769,12.829483,30,0.218846,666.461,428.557
769,12.829483,31,0.295194,545.817,254.313
769,12.829483,32,0.507953,619.678,205.542
769,12.829483,33,0.361278,600.106,256.887
769,12.829483,34,0.287298,569.949,450.942
770,12.846167,30,0.314578,664.962,436.111
770,12.846167,31,0.204640,543.894,262.502
770,12.846167,32,0.425802,621.378,205.780
770,12.846167,33,0.344212,599.076,251.527
770,12.846167,34,0.287298,570.534,447.823
771,12.862850,30,0.314578,665.124,445.319
771,12.862850,31,0.585475,542.065,271.575
771,12.862850,32,0.419975,622.389,206.575
771,12.862850,33,0.518773,597.795,246.488
771,12.862850,34,0.428779,573.916,429.258
772,12.879533,30,0.259963,661.294,451.812
772,12.879533,31,0.222582,540.438,281.045
772,12.879533,32,0.272490,623.593,208.553
772,12.879533,33,0.476042,596.277,241.542
772,12.879533,34,0.584509,576.471,412.801
773,12.896217,30,0.259963,660.397,460.299
773,12.896217,31,0.403826,538.635,290.737
773,12.896217,32,0.419889,624.961,210.285
773,12.896217,33,0.282799,595.175,236.750
773,12.896217,34,0.208349,580.014,394.742
774,12.912900,30,0.259963,659.499,468.787
774,12.912900,31,0.239796,537.140,300.614
774,12.912900,32,0.520267,626.158,213.043
774,12.912900,33,0.337490,593.784,232.642
774,12.912900,34,0.208349,582.422,381.413
775,12.929583,30,0.259963,658.602,477.274
775,12.929583,31,0.180463,535.169,311.552
775,12.929583,32,0.520267,627.476,214.167
775,12.929583,33,0.337490,592.474,226.868
775,12.929583,34,0.208349,584.831,368.085
776,12.946267,30,0.184924,650.689,479.929
776,12.946267,31,0.355013,533.395,322.710
776,12.946267,32,0.523290,629.186,218.203
776,12.946267,33,0.229615,591.148,224.127
776,12.946267,34,0.419443,586.412,351.822
777,12.962950,30,0.184924,647.930,486.868
777,12.962950,31,0.473152,531.796,334.708
777,12.962950,32,0.428091,630.574,222.835
777,12.962950,33,0.156615,589.831,221.897
777,12.962950,34,0.347602,588.000,338.740
778,12.979633,30,0.184924,645.171,493.808
778,12.979633,31,0.369510,530.214,347.352
778,12.979633,32,0.388003,632.208,227.846
778,12.979633,33,0.156615,588.516,217.654
778,12.979633,34,0.185868,590.045,325.788
779,12.996317,30,0.280742,638.127,486.526
779,12.996317,31,0.553985,528.532,360.891
779,12.996317,32,0.595822,634.150,233.459
779,12.996317,33,0.553660,587.168,216.906
779,12.996317,34,0.524054,591.831,314.195
780,13.013000,30,0.455583,632.411,476.696
780,13.013000,31,0.709443,526.911,374.610
780,13.013000,32,0.569491,635.821,239.651
780,13.013000,33,0.176550,586.042,216.121
780,13.013000,34,0.332838,593.676,303.728
781,13.029683,30,0.455583,628.032,476.412
781,13.029683,31,0.725168,524.898,388.782
781,13.029683,32,0.628150,637.529,246.260
781,13.029683,33,0.403329,584.412,215.889
781,13.029683,34,0.689485,595.275,294.191
782,13.046367,30,0.485082,624.595,461.009
782,13.046367,31,0.541984,523.340,403.760
782,13.046367,32,0.766025,639.549,253.277
782,13.046367,33,0.698267,582.571,216.063
782,13.046367,34,0.774072,596.735,285.338
783,13.063050,30,0.186562,621.808,444.285
783,13.063050,31,0.419156,521.598,416.887
783,13.063050,32,0.543387,640.932,260.348
783,13.063050,33,0.571268,581.173,216.510
783,13.063050,34,0.610619,598.191,276.947
784,13.079733,30,0.307696,619.335,425.776
784,13.079733,31,0.543741,520.667,428.548
784,13.079733,32,0.545835,642.635,268.294
784,13.079733,33,0.569798,579.958,217.589
784,13.079733,34,0.689370,599.396,269.491
785,13.096417,30,0.644399,617.272,408.272
785,13.096417,31,0.426037,520.649,438.017
785,13.096417,32,0.388477,644.253,277.168
785,13.096417,33,0.631941,578.519,219.225
785,13.096417,34,0.430475,600.500,262.616
786,13.113100,30,0.470068,615.659,391.398
786,13.113100,31,0.313422,522.007,447.829
786,13.113100,32,0.741348,645.413,286.723
786,13.113100,33,0.789600,577.318,221.157
786,13.113100,34,0.747822,602.110,256.443
787,13.129783,30,0.728331,615.133,376.340
787,13.129783,31,0.313422,521.551,459.212
787,13.129783,32,0.414502,646.911,296.586
787,13.129783,33,0.475083,576.025,223.204
787,13.129783,34,0.313541,603.855,250.526
788,13.146467,30,0.728331,613.025,362.388
788,13.146467,31,0.194288,525.996,465.499
788,13.146467,32,0.639883,648.436,306.884
788,13.146467,33,0.434103,574.777,225.998
788,13.146467,34,0.456023,605.266,244.740
789,13.163150,30,0.278516,612.942,349.161
789,13.163150,31,0.196183,531.996,471.326
789,13.163150,32,0.639951,650.123,317.624
789,13.163150,33,0.588019,573.376,229.897
789,13.163150,34,0.674722,607.017,239.835
790,13.179833,30,0.185677,611.824,336.394
790,13.179833,31,0.196183,534.209,480.241
790,13.179833,32,0.698522,651.630,329.306
790,13.179833,33,0.384707,571.869,233.921
790,13.179833,34,0.655409,608.861,235.178
791,13.196517,30,0.501276,610.380,324.948
791,13.196517,31,0.196183,536.422,489.156
791,13.196517,32,0.684588,653.036,341.709
791,13.196517,33,0.602484,570.532,238.583
791,13.196517,34,0.692462,610.315,231.534
792,13.213200,30,0.370328,608.922,314.957
792,13.213200,31,0.196183,538.635,498.070
792,13.213200,32,0.719756,654.417,354.355
792,13.213200,33,0.758561,568.722,243.693
792,13.213200,34,0.827803,612.148,227.974
793,13.229883,30,0.172416,607.768,305.111
793,13.229883,31,0.196183,540.848,506.985
793,13.229883,32,0.574574,656.086,368.280
793,13.229883,33,0.798892,567.063,249.805
793,13.229883,34,0.752189,613.565,225.108
794,13.246567,30,0.719624,606.115,296.072
794,13.246567,31,0.196183,543.060,515.900
794,13.246567,32,0.697613,657.658,381.097
794,13.246567,33,0.617461,565.371,255.799
794,13.246567,34,0.312744,614.937,222.719
795,13.263250,30,0.777835,604.784,287.540
795,13.263250,32,0.380826,659.331,393.701
795,13.263250,33,0.573364,563.770,262.751
795,13.263250,34,0.512047,616.337,220.823
796,13.279933,30,0.694785,603.126,279.588
796,13.279933,32,0.273982,660.919,405.540
796,13.279933,33,0.629039,562.377,270.276
796,13.279933,34,0.686778,617.997,219.318
797,13.296617,30,0.643224,601.775,272.668
797,13.296617,32,0.539624,661.065,415.501
797,13.296617,33,0.660448,560.849,278.193
797,13.296617,34,0.696442,620.015,218.225
798,13.313300,30,0.713479,600.154,265.805
798,13.313300,32,0.539624,662.263,427.068
798,13.313300,33,0.711070,559.527,287.023
798,13.313300,34,0.696782,621.910,217.787
799,13.329983,30,0.673512,598.615,259.365
799,13.329983,32,0.539624,663.461,438.636
799,13.329983,33,0.363734,558.076,296.277
799,13.329983,34,0.672113,623.250,218.037
800,13.346667,30,0.471822,597.099,253.662
800,13.346667,32,0.230169,660.959,445.703
800,13.346667,33,0.502159,556.597,305.881
800,13.346667,34,0.550648,624.842,218.732
800,13.346667,35,0.480410,579.411,408.779
801,13.363350,30,0.710291,595.397,248.526
801,13.363350,32,0.328848,657.015,452.845
801,13.363350,33,0.528350,555.356,316.434
801,13.363350,34,0.772339,626.330,220.236
801,13.363350,35,0.433189,580.543,396.125
802,13.380033,30,0.427854,593.491,243.849
802,13.380033,32,0.328848,656.127,462.360
802,13.380033,33,0.540854,554.019,327.411
802,13.380033,34,0.534324,628.112,222.102
802,13.380033,35,0.640466,582.695,381.910
803,13.396717,30,0.411789,591.621,239.855
803,13.396717,32,0.328848,655.239,471.876
803,13.396717,33,0.308366,551.995,338.963
803,13.396717,34,0.663623,629.836,224.837
803,13.396717,35,0.581486,585.005,367.283
804,13.413400,30,0.380050,590.252,236.028
804,13.413400,32,0.425066,649.726,476.909
804,13.413400,33,0.475080,550.427,351.109
804,13.413400,34,0.715846,631.093,228.065
804,13.413400,35,0.581486,586.604,356.412
805,13.430083,30,0.380050,588.632,230.901
805,13.430083,32,0.308799,644.696,480.856
805,13.430083,33,0.452842,549.170,363.678
805,13.430083,34,0.274506,632.691,231.929
805,13.430083,35,0.372227,588.931,342.922
806,13.446767,30,0.324409,587.173,229.105
806,13.446767,32,0.308799,641.807,488.020
806,13.446767,33,0.509771,547.326,376.705
806,13.446767,34,0.629679,634.258,236.050
806,13.446767,35,0.553133,591.253,329.316
807,13.463450,30,0.324409,585.597,224.862
807,13.463450,32,0.258816,637.446,486.655
807,13.463450,33,0.652730,545.935,388.756
807,13.463450,34,0.455763,635.348,240.770
807,13.463450,35,0.556951,593.217,317.011
808,13.480133,30,0.304623,584.481,224.546
808,13.480133,32,0.425827,633.780,482.693
808,13.480133,33,0.770903,544.339,399.795
808,13.480133,34,0.457868,637.445,245.418
808,13.480133,35,0.407667,595.108,305.999
809,13.496817,30,0.587714,582.606,224.790
809,13.496817,32,0.549412,630.568,475.567
809,13.496817,33,0.804218,543.272,410.071
809,13.496817,34,0.663924,639.025,250.952
809,13.496817,35,0.734563,596.578,296.195
810,13.513500,30,0.773197,581.095,225.358
810,13.513500,32,0.386065,627.580,465.946
810,13.513500,33,0.528605,542.639,419.518
810,13.513500,34,0.788085,640.775,257.358
810,13.513500,35,0.888897,597.963,287.030
811,13.530183,30,0.791167,579.343,226.174
811,13.530183,32,0.264737,625.050,453.002
811,13.530183,33,0.753799,542.759,428.406
811,13.530183,34,0.796011,642.819,264.529
811,13.530183,35,0.853627,599.440,278.605
812,13.546867,30,0.709601,577.673,227.033
812,13.546867,32,0.522741,622.562,437.780
812,13.546867,33,0.560631,543.757,437.597
812,13.546867,34,0.617910,644.440,272.388
812,13.546867,35,0.773465,601.815,271.121
813,13.563550,30,0.470268,575.815,228.200
813,13.563550,32,0.611082,620.446,422.322
813,13.563550,33,0.401356,544.754,446.111
813,13.563550,34,0.529646,645.930,280.245
813,13.563550,35,0.589082,603.978,263.848
814,13.580233,30,0.268650,574.122,230.326
814,13.580233,32,0.649055,618.806,405.906
814,13.580233,33,0.401356,544.751,455.692
814,13.580233,34,0.435527,647.568,288.873
814,13.580233,35,0.567394,605.405,257.500
815,13.596917,30,0.295431,572.318,232.702
815,13.596917,32,0.538720,616.806,389.735
815,13.596917,33,0.401356,544.747,465.273
815,13.596917,34,0.602901,649.504,298.107
815,13.596917,35,0.560645,606.865,251.922
816,13.613600,30,0.435448,570.056,235.641
816,13.613600,32,0.538720,614.501,376.878
816,13.613600,33,0.401356,544.744,474.853
816,13.613600,34,0.727589,651.111,307.558
816,13.613600,35,0.470404,608.785,246.834
817,13.630283,30,0.435448,568.194,237.184
817,13.630283,32,0.202782,613.780,361.686
817,13.630283,33,0.401356,544.740,484.434
817,13.630283,34,0.180885,652.987,317.913
817,13.630283,35,0.470404,610.546,239.974
818,13.646967,30,0.449314,566.587,241.687
818,13.646967,32,0.480975,612.774,347.701
818,13.646967,33,0.159592,550.677,487.413
818,13.646967,34,0.654282,654.289,329.115
818,13.646967,35,0.389024,612.393,236.527
819,13.663650,30,0.264352,564.683,246.428
819,13.663650,32,0.242183,611.371,334.689
819,13.663650,33,0.159592,552.249,495.241
819,13.663650,34,0.651860,655.772,340.304
819,13.663650,35,0.442265,613.662,233.605
820,13.680333,30,0.336587,562.860,251.657
820,13.680333,32,0.243917,609.883,322.832
820,13.680333,33,0.159592,553.822,503.070
820,13.680333,34,0.708169,657.292,352.140
820,13.680333,35,0.514647,614.856,230.841
821,13.697017,30,0.254620,561.591,257.620
821,13.697017,32,0.741415,608.453,311.150
821,13.697017,34,0.715010,658.848,364.580
821,13.697017,35,0.700775,616.658,228.358
822,13.713700,30,0.195206,559.955,264.012
822,13.713700,32,0.707326,606.701,301.002
822,13.713700,34,0.809889,660.575,377.971
822,13.713700,35,0.778725,618.341,226.160
823,13.730383,30,0.411127,558.519,270.621
823,13.730383,32,0.614833,605.159,291.658
823,13.730383,34,0.737550,662.622,391.121
823,13.730383,35,0.680507,620.071,224.780
824,13.747067,30,0.609635,556.883,277.428
824,13.747067,32,0.718078,603.965,282.901
824,13.747067,34,0.763075,663.921,403.990
824,13.747067,35,0.456862,621.822,224.102
825,13.763750,30,0.645064,555.259,285.007
825,13.763750,32,0.612992,602.339,275.015
825,13.763750,34,0.718490,664.722,415.789
825,13.763750,35,0.247475,623.287,223.755
825,13.763750,36,0.180128,578.144,445.468
826,13.780433,30,0.608105,553.729,293.318
826,13.780433,32,0.181130,600.490,267.609
826,13.780433,34,0.347134,664.525,426.194
826,13.780433,35,0.247475,624.908,221.944
826,13.780433,36,0.164484,581.390,432.677
827,13.797117,30,0.648787,552.770,302.134
827,13.797117,32,0.467293,598.560,260.864
827,13.797117,34,0.197075,664.250,435.566
827,13.797117,35,0.434186,626.399,222.888
827,13.797117,36,0.381545,584.026,417.722
828,13.813800,30,0.225219,551.430,311.508
828,13.813800,32,0.303590,596.493,254.303
828,13.813800,34,0.197075,664.893,446.620
828,13.813800,35,0.215147,627.606,224.169
828,13.813800,36,0.294829,586.575,402.384
829,13.830483,30,0.504854,549.860,321.772
829,13.830483,32,0.663066,594.730,248.563
829,13.830483,34,0.197075,665.535,457.674
829,13.830483,35,0.762557,629.296,226.056
829,13.830483,36,0.461654,589.911,387.298
830,13.847167,30,0.327071,547.747,332.556
830,13.847167,32,0.663066,592.947,241.133
830,13.847167,34,0.197075,666.178,468.727
830,13.847167,35,0.268962,630.395,228.763
830,13.847167,36,0.461654,592.356,374.958
831,13.863850,30,0.518497,545.958,343.825
831,13.863850,32,0.265148,591.260,237.174
831,13.863850,34,0.198992,659.594,474.065
831,13.863850,35,0.315699,631.174,231.600
831,13.863850,36,0.461654,594.802,362.618
832,13.880533,30,0.709784,544.178,355.464
832,13.880533,32,0.364775,589.656,233.598
832,13.880533,34,0.296501,653.484,478.238
832,13.880533,35,0.554576,632.606,235.238
832,13.880533,36,0.461654,597.247,350.277
833,13.897217,30,0.572400,542.515,367.638
833,13.897217,32,0.207902,587.947,230.218
833,13.897217,34,0.296501,650.925,486.351
833,13.897217,35,0.491184,634.618,239.216
833,13.897217,36,0.461654,599.693,337.937
834,13.913900,30,0.754475,541.046,380.377
834,13.913900,32,0.595393,586.530,227.295
834,13.913900,34,0.323613,645.191,486.073
834,13.913900,35,0.663311,636.385,243.536
834,13.913900,36,0.692638,601.084,325.142
835,13.930583,30,0.790893,539.116,393.979
835,13.930583,32,0.397606,584.926,224.993
835,13.930583,34,0.307294,640.446,482.959
835,13.930583,35,0.568297,638.732,248.312
835,13.930583,36,0.562856,602.628,313.761
836,13.947267,30,0.604851,537.389,407.559
836,13.947267,32,0.246067,583.059,223.083
836,13.947267,34,0.196347,635.953,477.515
836,13.947267,35,0.264109,639.847,253.593
836,13.947267,36,0.368914,604.379,303.179
837,13.963950,30,0.620951,535.480,420.461
837,13.963950,32,0.181163,581.324,221.740
837,13.963950,34,0.212539,632.063,468.504
837,13.963950,35,0.264109,641.443,257.537
837,13.963950,36,0.535585,605.955,293.770
838,13.980633,30,0.405939,532.833,430.365
838,13.980633,32,0.181163,579.621,218.887
838,13.980633,34,0.212539,628.126,466.939
838,13.980633,35,0.213291,627.120,273.203
838,13.980633,36,0.276171,607.442,284.479
839,13.997317,30,0.402644,530.671,439.775
839,13.997317,32,0.384041,577.723,219.071
839,13.997317,34,0.540325,626.017,450.400
839,13.997317,35,0.319721,633.447,278.354
839,13.997317,36,0.415180,609.470,276.254
840,14.014000,30,0.612318,529.735,447.990
840,14.014000,32,0.218355,576.202,219.838
840,14.014000,34,0.608025,624.785,432.662
840,14.014000,35,0.201359,639.143,284.466
840,14.014000,36,0.370090,610.835,269.520
841,14.030683,30,0.161215,530.834,455.780
841,14.030683,32,0.218355,574.509,218.538
841,14.030683,34,0.513037,623.655,416.000
841,14.030683,35,0.312483,644.219,291.273
841,14.030683,36,0.241083,612.612,262.976
842,14.047367,30,0.388198,532.224,462.501
842,14.047367,32,0.178030,572.829,220.574
842,14.047367,34,0.545908,622.171,398.725
842,14.047367,35,0.567853,648.239,299.229
842,14.047367,36,0.529666,613.941,257.323
843,14.064050,30,0.268856,535.041,468.589
843,14.064050,32,0.170348,571.030,222.901
843,14.064050,34,0.471542,621.224,381.778
843,14.064050,35,0.623482,651.564,307.829
843,14.064050,36,0.501264,615.961,252.282
844,14.080733,30,0.211897,539.155,474.299
844,14.080733,32,0.170348,569.312,223.214
844,14.080733,34,0.231508,620.042,366.547
844,14.080733,35,0.208961,654.137,317.214
844,14.080733,36,0.501264,617.685,245.283
845,14.097417,30,0.213329,543.448,478.900
845,14.097417,32,0.237754,567.567,227.361
845,14.097417,34,0.735425,618.730,352.759
845,14.097417,35,0.621563,656.216,327.708
845,14.097417,36,0.471712,619.735,241.173
846,14.114100,30,0.213329,545.650,485.636
846,14.114100,32,0.237754,565.841,228.691
846,14.114100,34,0.565151,617.658,340.352
846,14.114100,35,0.562084,658.124,338.384
846,14.114100,36,0.471712,621.545,234.941
847,14.130783,30,0.213329,547.852,492.372
847,14.130783,32,0.380202,563.822,233.925
847,14.130783,34,0.740299,616.047,328.846
847,14.130783,35,0.791682,659.665,350.559
847,14.130783,36,0.520112,623.377,232.665
848,14.147467,30,0.213329,550.054,499.108
848,14.147467,32,0.209768,561.691,239.412
848,14.147467,34,0.630222,614.293,317.796
848,14.147467,35,0.816402,661.332,362.689
848,14.147467,36,0.287032,625.114,230.771
849,14.164150,30,0.213329,552.256,505.845
849,14.164150,32,0.189379,559.767,245.038
849,14.164150,34,0.561123,612.700,307.401
849,14.164150,35,0.776674,662.583,375.409
849,14.164150,36,0.165514,626.804,229.157
850,14.180833,30,0.213329,554.458,512.581
850,14.180833,32,0.250822,557.901,251.068
850,14.180833,34,0.617525,611.007,298.033
850,14.180833,35,0.776754,663.902,388.443
850,14.180833,36,0.276016,628.665,227.407
851,14.197517,32,0.318765,556.179,257.424
851,14.197517,34,0.680659,609.539,289.237
851,14.197517,35,0.383743,665.797,401.237
851,14.197517,36,0.703332,630.318,226.362
852,14.214200,32,0.563008,554.921,264.222
852,14.214200,34,0.410886,608.516,281.047
852,14.214200,35,0.490006,666.320,412.342
852,14.214200,36,0.637098,631.581,226.003
853,14.230883,32,0.670262,553.558,271.385
853,14.230883,34,0.366311,606.577,274.112
853,14.230883,35,0.573729,665.544,422.128
853,14.230883,36,0.547409,632.928,226.113
854,14.247567,32,0.452357,551.650,279.133
854,14.247567,34,0.471495,605.011,267.150
854,14.247567,35,0.486463,664.164,430.655
854,14.247567,36,0.305761,634.805,226.693
854,14.247567,37,0.518966,580.470,435.606
855,14.264250,32,0.452357,549.965,285.515
855,14.264250,34,0.471495,603.451,258.571
855,14.264250,35,0.486463,664.417,441.146
855,14.264250,36,0.305761,636.442,225.803
855,14.264250,37,0.345877,582.715,421.533
856,14.280933,32,0.528261,547.836,294.825
856,14.280933,34,0.378885,601.990,253.497
856,14.280933,35,0.214867,660.554,448.505
856,14.280933,36,0.297112,638.730,227.762
856,14.280933,37,0.522131,584.459,406.095
857,14.297617,32,0.426575,546.154,304.397
857,14.297617,34,0.379203,600.594,248.825
857,14.297617,35,0.260365,656.380,455.739
857,14.297617,36,0.268584,640.497,230.081
857,14.297617,37,0.522131,585.915,396.042
858,14.314300,32,0.637574,544.453,314.842
858,14.314300,34,0.542798,599.420,244.277
858,14.314300,35,0.260365,654.655,464.755
858,14.314300,36,0.420964,642.580,232.985
858,14.314300,37,0.206962,587.087,379.742
859,14.330983,32,0.494124,542.609,325.470
859,14.330983,34,0.791431,597.748,240.551
859,14.330983,35,0.260365,652.931,473.771
859,14.330983,36,0.424669,644.328,236.177
859,14.330983,37,0.654849,589.246,363.754
860,14.347667,32,0.531784,540.853,336.652
860,14.347667,34,0.641614,595.835,236.981
860,14.347667,35,0.194212,647.102,476.930
860,14.347667,36,0.530177,645.911,239.734
860,14.347667,37,0.324367,591.108,348.300
861,14.364350,32,0.547031,539.157,348.590
861,14.364350,34,0.570313,594.159,234.191
861,14.364350,35,0.194212,644.288,484.392
861,14.364350,36,0.533521,647.392,243.956
861,14.364350,37,0.403918,592.931,335.473
862,14.381033,32,0.698902,537.555,361.332
862,14.381033,34,0.655825,592.195,231.655
862,14.381033,35,0.162281,639.513,482.537
862,14.381033,36,0.682753,649.627,248.406
862,14.381033,37,0.453025,595.368,322.849
863,14.397717,32,0.603164,535.629,373.968
863,14.397717,34,0.267811,590.694,229.823
863,14.397717,35,0.162281,636.178,487.527
863,14.397717,36,0.270708,651.813,253.647
863,14.397717,37,0.175614,597.127,311.231
864,14.414400,32,0.757820,533.599,387.013
864,14.414400,34,0.289340,589.350,227.991
864,14.414400,35,0.162281,632.844,492.516
864,14.414400,36,0.223976,653.674,259.124
864,14.414400,37,0.438649,598.644,301.166
865,14.431083,32,0.715608,531.801,400.882
865,14.431083,34,0.429154,588.016,226.848
865,14.431083,35,0.162281,629.510,497.506
865,14.431083,36,0.223976,655.586,263.318
865,14.431083,37,0.219998,600.125,292.191
866,14.447767,32,0.727447,530.411,413.424
866,14.447767,34,0.717962,586.968,226.370
866,14.447767,35,0.162281,626.175,502.495
866,14.447767,36,0.290186,657.665,270.998
866,14.447767,37,0.389780,601.448,283.479
867,14.464450,32,0.741576,528.909,424.117
867,14.464450,34,0.587768,585.323,226.432
867,14.464450,36,0.520118,659.332,278.750
867,14.464450,37,0.454143,602.710,275.480
868,14.481133,32,0.604570,528.327,434.241
868,14.481133,34,0.231057,583.978,227.141
868,14.481133,36,0.354413,660.984,287.009
868,14.481133,37,0.177561,604.069,267.899
869,14.497817,32,0.262465,528.411,442.406
869,14.497817,34,0.231057,582.553,226.287
869,14.497817,36,0.182035,662.464,295.678
869,14.497817,37,0.492967,605.362,261.350
869,14.497817,38,0.708062,623.237,404.538
870,14.514500,32,0.163889,530.095,450.917
870,14.514500,34,0.300827,580.676,228.607
870,14.514500,36,0.464126,663.977,304.919
870,14.514500,37,0.533128,606.743,254.792
870,14.514500,38,0.648243,622.352,391.557
871,14.531183,32,0.403828,532.954,458.049
871,14.531183,34,0.431398,578.904,231.289
871,14.531183,36,0.372837,665.295,314.492
871,14.531183,37,0.631037,608.026,249.095
871,14.531183,38,0.442782,621.369,376.267
872,14.547867,32,0.403828,533.509,467.317
872,14.547867,34,0.304092,577.347,234.429
872,14.547867,36,0.372837,666.873,322.639
872,14.547867,37,0.357350,609.596,243.517
872,14.547867,38,0.484253,619.697,360.944
873,14.564550,32,0.271022,538.987,472.805
873,14.564550,34,0.304092,575.754,235.780
873,14.564550,36,0.468009,668.842,333.604
873,14.564550,37,0.320672,610.864,238.791
873,14.564550,38,0.484253,618.684,349.500
874,14.581233,32,0.282775,544.903,477.640
874,14.581233,34,0.261186,573.930,240.252
874,14.581233,36,0.731557,670.863,345.169
874,14.581233,37,0.534216,612.137,234.672
874,14.581233,38,0.555131,617.525,335.824
875,14.597917,32,0.348621,550.974,481.943
875,14.597917,34,0.576430,571.933,245.104
875,14.597917,36,0.688154,672.928,356.880
875,14.597917,37,0.155043,613.563,230.817
875,14.597917,38,0.623516,615.734,322.437
876,14.614600,32,0.161747,556.679,484.175
876,14.614600,34,0.458293,569.910,250.752
876,14.614600,36,0.188565,674.780,369.229
876,14.614600,37,0.427820,614.747,227.279
876,14.614600,38,0.694836,614.002,309.939
877,14.631283,32,0.161747,560.962,489.575
877,14.631283,34,0.551690,567.936,256.980
877,14.631283,36,0.225000,676.762,381.338
877,14.631283,37,0.546087,616.337,224.453
877,14.631283,38,0.427108,612.640,298.897
878,14.647967,32,0.252344,566.519,485.598
878,14.647967,34,0.225786,566.171,263.541
878,14.647967,36,0.168732,678.725,391.970
878,14.647967,37,0.205325,617.850,222.301
878,14.647967,38,0.456574,611.371,288.877
878,14.647967,39,0.627827,677.716,385.880
879,14.664650,32,0.252344,571.140,488.509
879,14.664650,34,0.681928,564.589,270.439
879,14.664650,36,0.532311,680.565,400.470
879,14.664650,37,0.477624,618.891,220.444
879,14.664650,38,0.547715,610.119,279.246
879,14.664650,39,0.627827,678.215,387.809
880,14.681333,32,0.252344,575.761,491.421
880,14.681333,34,0.248846,563.216,277.773
880,14.681333,36,0.627589,682.165,408.685
880,14.681333,37,0.477624,620.215,217.226
880,14.681333,38,0.238277,608.826,270.752
880,14.681333,39,0.627827,678.713,389.738
881,14.698017,32,0.252344,580.383,494.332
881,14.698017,34,0.603757,561.483,285.690
881,14.698017,36,0.372112,682.720,416.730
881,14.698017,37,0.570031,621.656,217.063
881,14.698017,38,0.561411,607.736,263.053
881,14.698017,39,0.650374,680.270,402.806
882,14.714700,32,0.252344,585.004,497.244
882,14.714700,34,0.477874,559.855,293.985
882,14.714700,36,0.252733,682.127,424.897
882,14.714700,37,0.600525,622.664,217.383
882,14.714700,38,0.568929,606.435,255.648
882,14.714700,39,0.548017,680.567,415.684
883,14.731383,32,0.252344,589.625,500.155
883,14.731383,34,0.568950,558.291,302.907
883,14.731383,36,0.467788,679.838,433.086
883,14.731383,37,0.523606,623.541,218.052
883,14.731383,38,0.633167,605.025,248.785
883,14.731383,39,0.548017,681.243,423.900
883,14.731383,40,0.690687,579.796,416.016
884,14.748067,34,0.254057,556.658,311.950
884,14.748067,36,0.386539,676.916,441.087
884,14.748067,37,0.218583,624.602,218.924
884,14.748067,38,0.321908,603.897,242.549
884,14.748067,39,0.548017,681.920,432.116
884,14.748067,40,0.626272,582.297,402.247
885,14.764750,34,0.554158,555.317,322.055
885,14.764750,36,0.478375,673.668,450.017
885,14.764750,37,0.514197,626.103,220.504
885,14.764750,38,0.588334,602.520,236.725
885,14.764750,39,0.548017,682.597,440.333
885,14.764750,40,0.428302,584.308,386.433
886,14.781433,34,0.685046,554.024,332.854
886,14.781433,36,0.344784,668.974,459.133
886,14.781433,37,0.519366,627.303,222.514
886,14.781433,38,0.513559,601.430,232.009
886,14.781433,40,0.614869,585.628,370.838
887,14.798117,34,0.215182,552.156,344.067
887,14.798117,36,0.344784,666.706,467.923
887,14.798117,37,0.219867,628.659,225.156
887,14.798117,38,0.296941,600.008,227.339
887,14.798117,40,0.211708,587.602,355.240
888,14.814800,34,0.632369,550.380,356.016
888,14.814800,36,0.343238,659.058,475.877
888,14.814800,37,0.708123,630.097,228.249
888,14.814800,38,0.654366,598.563,223.248
888,14.814800,40,0.477115,589.904,339.969
889,14.831483,34,0.334564,548.364,368.862
889,14.831483,36,0.241653,652.046,481.476
889,14.831483,37,0.488792,630.889,231.948
889,14.831483,38,0.382331,597.467,219.635
889,14.831483,40,0.612217,592.092,326.822
890,14.848167,34,0.617956,546.576,381.165
890,14.848167,36,0.178704,645.227,484.790
890,14.848167,37,0.368468,631.901,235.910
890,14.848167,38,0.465402,596.188,216.669
890,14.848167,40,0.371355,594.972,313.642
891,14.864850,34,0.174024,544.401,392.565
891,14.864850,36,0.178704,640.056,491.385
891,14.864850,37,0.186922,633.496,240.414
891,14.864850,38,0.174258,594.889,213.912
891,14.864850,40,0.459840,597.196,302.238
892,14.881533,34,0.221129,542.868,402.739
892,14.881533,36,0.195937,634.840,486.953
892,14.881533,37,0.514285,634.951,245.211
892,14.881533,38,0.651469,594.185,212.299
892,14.881533,40,0.787308,598.926,291.205
893,14.898217,34,0.490646,542.083,412.476
893,14.898217,36,0.339355,630.080,479.531
893,14.898217,37,0.664880,636.428,250.589
893,14.898217,38,0.580546,592.973,211.100
893,14.898217,40,0.597325,600.830,280.990
894,14.914900,34,0.244925,541.253,419.793
894,14.914900,36,0.478560,626.160,469.323
894,14.914900,37,0.694257,638.069,256.970
894,14.914900,38,0.545924,591.630,210.212
894,14.914900,40,0.612928,602.650,271.833
895,14.931583,34,0.181090,540.818,427.372
895,14.931583,36,0.440295,623.379,456.659
895,14.931583,37,0.330821,639.773,263.980
895,14.931583,38,0.347395,590.550,209.899
895,14.931583,40,0.596716,604.399,263.427
896,14.948267,34,0.338892,540.866,433.580
896,14.948267,36,0.572990,621.469,441.401
896,14.948267,37,0.239357,641.372,271.737
896,14.948267,38,0.352573,589.421,210.105
896,14.948267,40,0.369029,606.203,255.262
897,14.964950,34,0.336662,542.047,439.090
897,14.964950,36,0.478126,619.981,424.825
897,14.964950,37,0.484632,643.026,279.943
897,14.964950,38,0.444614,588.196,210.835
897,14.964950,40,0.730493,608.198,248.112
898,14.981633,34,0.237880,543.399,444.467
898,14.981633,36,0.720231,618.893,407.889
898,14.981633,37,0.685976,644.491,288.807
898,14.981633,38,0.716082,587.112,212.272
898,14.981633,40,0.687451,609.838,241.340
899,14.998317,34,0.224379,545.190,450.161
899,14.998317,36,0.684339,617.921,391.055
899,14.998317,37,0.727029,645.685,298.181
899,14.998317,38,0.642697,586.172,214.070
899,14.998317,40,0.731531,611.803,234.757
